<?xml version="1.0"?>
<gpx xmlns="http://www.topografix.com/GPX/1/1" xmlns:xsi="http://www.w3.org/2001/XMLSchema-instance" version="1.1" creator="AllTrails.com" xsi:schemaLocation="http://www.topografix.com/GPX/1/1 http://www.topografix.com/GPX/1/1/gpx.xsd">
  <metadata>
    <name><![CDATA[Wilmington Hiking]]></name>
    <desc><![CDATA[]]></desc>
    <link href="http://www.alltrails.com">
      <text>AllTrails, LLC</text>
    </link>
    <bounds minlat="44.36576" minlon="-73.90306" maxlat="44.39448" maxlon="-73.85621"/>
  </metadata>
  <trk>
    <name><![CDATA[Wilmington Hiking]]></name>
    <src>AllTrails</src>
    <trkseg>
      <trkpt lat="44.39442" lon="-73.85774">
        <ele>600.59</ele>
        <time>2024-04-26T14:06:34Z</time>
      </trkpt>
      <trkpt lat="44.39443" lon="-73.85774">
        <ele>600.59</ele>
        <time>2024-04-26T14:06:35Z</time>
      </trkpt>
      <trkpt lat="44.39445" lon="-73.8577">
        <ele>600.11</ele>
        <time>2024-04-26T14:06:39Z</time>
      </trkpt>
      <trkpt lat="44.39446" lon="-73.85765">
        <ele>599.07</ele>
        <time>2024-04-26T14:06:43Z</time>
      </trkpt>
      <trkpt lat="44.39447" lon="-73.85763">
        <ele>598.53</ele>
        <time>2024-04-26T14:06:46Z</time>
      </trkpt>
      <trkpt lat="44.39448" lon="-73.8576">
        <ele>597.78</ele>
        <time>2024-04-26T14:06:49Z</time>
      </trkpt>
      <trkpt lat="44.39447" lon="-73.85756">
        <ele>596.77</ele>
        <time>2024-04-26T14:06:52Z</time>
      </trkpt>
      <trkpt lat="44.39446" lon="-73.85753">
        <ele>595.92</ele>
        <time>2024-04-26T14:06:55Z</time>
      </trkpt>
      <trkpt lat="44.39444" lon="-73.85747">
        <ele>594.38</ele>
        <time>2024-04-26T14:06:59Z</time>
      </trkpt>
      <trkpt lat="44.39441" lon="-73.85745">
        <ele>594.09</ele>
        <time>2024-04-26T14:07:02Z</time>
      </trkpt>
      <trkpt lat="44.39437" lon="-73.85742">
        <ele>593.38</ele>
        <time>2024-04-26T14:07:06Z</time>
      </trkpt>
      <trkpt lat="44.39434" lon="-73.8574">
        <ele>592.76</ele>
        <time>2024-04-26T14:07:09Z</time>
      </trkpt>
      <trkpt lat="44.39431" lon="-73.85737">
        <ele>591.79</ele>
        <time>2024-04-26T14:07:13Z</time>
      </trkpt>
      <trkpt lat="44.3943" lon="-73.85735">
        <ele>591.14</ele>
        <time>2024-04-26T14:07:15Z</time>
      </trkpt>
      <trkpt lat="44.39427" lon="-73.85728">
        <ele>589.62</ele>
        <time>2024-04-26T14:07:21Z</time>
      </trkpt>
      <trkpt lat="44.39425" lon="-73.85726">
        <ele>589.45</ele>
        <time>2024-04-26T14:07:23Z</time>
      </trkpt>
      <trkpt lat="44.39424" lon="-73.85724">
        <ele>589.23</ele>
        <time>2024-04-26T14:07:26Z</time>
      </trkpt>
      <trkpt lat="44.3942" lon="-73.85721">
        <ele>588.74</ele>
        <time>2024-04-26T14:07:31Z</time>
      </trkpt>
      <trkpt lat="44.39414" lon="-73.85715">
        <ele>587.44</ele>
        <time>2024-04-26T14:07:38Z</time>
      </trkpt>
      <trkpt lat="44.39414" lon="-73.85714">
        <ele>587.22</ele>
        <time>2024-04-26T14:07:39Z</time>
      </trkpt>
      <trkpt lat="44.39411" lon="-73.85709">
        <ele>586.57</ele>
        <time>2024-04-26T14:07:44Z</time>
      </trkpt>
      <trkpt lat="44.39407" lon="-73.85704">
        <ele>586.03</ele>
        <time>2024-04-26T14:07:47Z</time>
      </trkpt>
      <trkpt lat="44.39399" lon="-73.85701">
        <ele>585.42</ele>
        <time>2024-04-26T14:07:54Z</time>
      </trkpt>
      <trkpt lat="44.39389" lon="-73.85698">
        <ele>584.39</ele>
        <time>2024-04-26T14:08:01Z</time>
      </trkpt>
      <trkpt lat="44.39381" lon="-73.85696">
        <ele>584.17</ele>
        <time>2024-04-26T14:08:08Z</time>
      </trkpt>
      <trkpt lat="44.39375" lon="-73.85694">
        <ele>583.4</ele>
        <time>2024-04-26T14:08:15Z</time>
      </trkpt>
      <trkpt lat="44.39375" lon="-73.85694">
        <ele>583.4</ele>
        <time>2024-04-26T14:08:16Z</time>
      </trkpt>
      <trkpt lat="44.39374" lon="-73.85695">
        <ele>583.49</ele>
        <time>2024-04-26T14:08:25Z</time>
      </trkpt>
      <trkpt lat="44.39373" lon="-73.85687">
        <ele>581.68</ele>
        <time>2024-04-26T14:08:30Z</time>
      </trkpt>
      <trkpt lat="44.39373" lon="-73.85686">
        <ele>581.46</ele>
        <time>2024-04-26T14:08:31Z</time>
      </trkpt>
      <trkpt lat="44.39369" lon="-73.85677">
        <ele>579.99</ele>
        <time>2024-04-26T14:08:38Z</time>
      </trkpt>
      <trkpt lat="44.39368" lon="-73.85677">
        <ele>579.89</ele>
        <time>2024-04-26T14:08:40Z</time>
      </trkpt>
      <trkpt lat="44.39366" lon="-73.85674">
        <ele>579.32</ele>
        <time>2024-04-26T14:08:42Z</time>
      </trkpt>
      <trkpt lat="44.39363" lon="-73.85671">
        <ele>578.67</ele>
        <time>2024-04-26T14:08:45Z</time>
      </trkpt>
      <trkpt lat="44.3936" lon="-73.85669">
        <ele>578.16</ele>
        <time>2024-04-26T14:08:48Z</time>
      </trkpt>
      <trkpt lat="44.39358" lon="-73.85667">
        <ele>577.71</ele>
        <time>2024-04-26T14:08:50Z</time>
      </trkpt>
      <trkpt lat="44.39353" lon="-73.85665">
        <ele>576.94</ele>
        <time>2024-04-26T14:08:54Z</time>
      </trkpt>
      <trkpt lat="44.39349" lon="-73.85663">
        <ele>576.6</ele>
        <time>2024-04-26T14:08:57Z</time>
      </trkpt>
      <trkpt lat="44.39344" lon="-73.8566">
        <ele>576.28</ele>
        <time>2024-04-26T14:09:02Z</time>
      </trkpt>
      <trkpt lat="44.39343" lon="-73.8566">
        <ele>576.28</ele>
        <time>2024-04-26T14:09:03Z</time>
      </trkpt>
      <trkpt lat="44.39338" lon="-73.85655">
        <ele>575.11</ele>
        <time>2024-04-26T14:09:07Z</time>
      </trkpt>
      <trkpt lat="44.39336" lon="-73.85653">
        <ele>574.67</ele>
        <time>2024-04-26T14:09:09Z</time>
      </trkpt>
      <trkpt lat="44.39327" lon="-73.85647">
        <ele>573.15</ele>
        <time>2024-04-26T14:09:18Z</time>
      </trkpt>
      <trkpt lat="44.39321" lon="-73.85642">
        <ele>572.0</ele>
        <time>2024-04-26T14:09:23Z</time>
      </trkpt>
      <trkpt lat="44.3932" lon="-73.8564">
        <ele>571.68</ele>
        <time>2024-04-26T14:09:25Z</time>
      </trkpt>
      <trkpt lat="44.39315" lon="-73.85636">
        <ele>570.7</ele>
        <time>2024-04-26T14:09:29Z</time>
      </trkpt>
      <trkpt lat="44.39313" lon="-73.85632">
        <ele>569.91</ele>
        <time>2024-04-26T14:09:32Z</time>
      </trkpt>
      <trkpt lat="44.39312" lon="-73.85631">
        <ele>569.58</ele>
        <time>2024-04-26T14:09:33Z</time>
      </trkpt>
      <trkpt lat="44.39311" lon="-73.8563">
        <ele>569.23</ele>
        <time>2024-04-26T14:09:34Z</time>
      </trkpt>
      <trkpt lat="44.39305" lon="-73.85625">
        <ele>567.41</ele>
        <time>2024-04-26T14:09:39Z</time>
      </trkpt>
      <trkpt lat="44.39304" lon="-73.85624">
        <ele>567.12</ele>
        <time>2024-04-26T14:09:40Z</time>
      </trkpt>
      <trkpt lat="44.39296" lon="-73.85621">
        <ele>565.07</ele>
        <time>2024-04-26T14:09:46Z</time>
      </trkpt>
      <trkpt lat="44.39295" lon="-73.85621">
        <ele>564.86</ele>
        <time>2024-04-26T14:09:47Z</time>
      </trkpt>
      <trkpt lat="44.3929" lon="-73.85622">
        <ele>563.99</ele>
        <time>2024-04-26T14:09:51Z</time>
      </trkpt>
      <trkpt lat="44.39288" lon="-73.85624">
        <ele>563.99</ele>
        <time>2024-04-26T14:09:53Z</time>
      </trkpt>
      <trkpt lat="44.39286" lon="-73.85625">
        <ele>563.78</ele>
        <time>2024-04-26T14:09:55Z</time>
      </trkpt>
      <trkpt lat="44.39282" lon="-73.8563">
        <ele>563.97</ele>
        <time>2024-04-26T14:09:59Z</time>
      </trkpt>
      <trkpt lat="44.39281" lon="-73.85632">
        <ele>564.04</ele>
        <time>2024-04-26T14:10:00Z</time>
      </trkpt>
      <trkpt lat="44.39272" lon="-73.85639">
        <ele>562.78</ele>
        <time>2024-04-26T14:10:07Z</time>
      </trkpt>
      <trkpt lat="44.3927" lon="-73.85642">
        <ele>562.99</ele>
        <time>2024-04-26T14:10:09Z</time>
      </trkpt>
      <trkpt lat="44.39262" lon="-73.85648">
        <ele>562.56</ele>
        <time>2024-04-26T14:10:16Z</time>
      </trkpt>
      <trkpt lat="44.39261" lon="-73.85649">
        <ele>562.56</ele>
        <time>2024-04-26T14:10:17Z</time>
      </trkpt>
      <trkpt lat="44.39255" lon="-73.85656">
        <ele>562.39</ele>
        <time>2024-04-26T14:10:23Z</time>
      </trkpt>
      <trkpt lat="44.39247" lon="-73.85667">
        <ele>562.1</ele>
        <time>2024-04-26T14:10:31Z</time>
      </trkpt>
      <trkpt lat="44.39239" lon="-73.85675">
        <ele>561.44</ele>
        <time>2024-04-26T14:10:38Z</time>
      </trkpt>
      <trkpt lat="44.39238" lon="-73.85676">
        <ele>561.42</ele>
        <time>2024-04-26T14:10:39Z</time>
      </trkpt>
      <trkpt lat="44.39233" lon="-73.85686">
        <ele>561.67</ele>
        <time>2024-04-26T14:10:45Z</time>
      </trkpt>
      <trkpt lat="44.39228" lon="-73.85698">
        <ele>563.02</ele>
        <time>2024-04-26T14:10:52Z</time>
      </trkpt>
      <trkpt lat="44.39225" lon="-73.85706">
        <ele>564.1</ele>
        <time>2024-04-26T14:10:57Z</time>
      </trkpt>
      <trkpt lat="44.39224" lon="-73.85709">
        <ele>564.53</ele>
        <time>2024-04-26T14:10:59Z</time>
      </trkpt>
      <trkpt lat="44.39221" lon="-73.85717">
        <ele>566.12</ele>
        <time>2024-04-26T14:11:03Z</time>
      </trkpt>
      <trkpt lat="44.3922" lon="-73.8572">
        <ele>566.86</ele>
        <time>2024-04-26T14:11:05Z</time>
      </trkpt>
      <trkpt lat="44.39219" lon="-73.85721">
        <ele>566.95</ele>
        <time>2024-04-26T14:11:06Z</time>
      </trkpt>
      <trkpt lat="44.39214" lon="-73.85732">
        <ele>568.17</ele>
        <time>2024-04-26T14:11:13Z</time>
      </trkpt>
      <trkpt lat="44.39211" lon="-73.85735">
        <ele>568.17</ele>
        <time>2024-04-26T14:11:16Z</time>
      </trkpt>
      <trkpt lat="44.39206" lon="-73.8574">
        <ele>568.17</ele>
        <time>2024-04-26T14:11:21Z</time>
      </trkpt>
      <trkpt lat="44.392" lon="-73.85749">
        <ele>568.49</ele>
        <time>2024-04-26T14:11:28Z</time>
      </trkpt>
      <trkpt lat="44.39198" lon="-73.85752">
        <ele>568.6</ele>
        <time>2024-04-26T14:11:34Z</time>
      </trkpt>
      <trkpt lat="44.39191" lon="-73.85756">
        <ele>568.41</ele>
        <time>2024-04-26T14:11:41Z</time>
      </trkpt>
      <trkpt lat="44.39184" lon="-73.85762">
        <ele>568.51</ele>
        <time>2024-04-26T14:11:49Z</time>
      </trkpt>
      <trkpt lat="44.39183" lon="-73.85763">
        <ele>568.78</ele>
        <time>2024-04-26T14:11:50Z</time>
      </trkpt>
      <trkpt lat="44.39175" lon="-73.85768">
        <ele>570.2</ele>
        <time>2024-04-26T14:11:58Z</time>
      </trkpt>
      <trkpt lat="44.39166" lon="-73.85775">
        <ele>572.22</ele>
        <time>2024-04-26T14:12:06Z</time>
      </trkpt>
      <trkpt lat="44.39159" lon="-73.85782">
        <ele>574.48</ele>
        <time>2024-04-26T14:12:14Z</time>
      </trkpt>
      <trkpt lat="44.39157" lon="-73.85785">
        <ele>575.13</ele>
        <time>2024-04-26T14:12:17Z</time>
      </trkpt>
      <trkpt lat="44.39154" lon="-73.85788">
        <ele>576.1</ele>
        <time>2024-04-26T14:12:22Z</time>
      </trkpt>
      <trkpt lat="44.39151" lon="-73.85791">
        <ele>577.08</ele>
        <time>2024-04-26T14:12:25Z</time>
      </trkpt>
      <trkpt lat="44.39149" lon="-73.85793">
        <ele>577.72</ele>
        <time>2024-04-26T14:12:28Z</time>
      </trkpt>
      <trkpt lat="44.39147" lon="-73.85796">
        <ele>578.37</ele>
        <time>2024-04-26T14:12:31Z</time>
      </trkpt>
      <trkpt lat="44.39145" lon="-73.85799">
        <ele>579.02</ele>
        <time>2024-04-26T14:12:35Z</time>
      </trkpt>
      <trkpt lat="44.39141" lon="-73.85803">
        <ele>580.32</ele>
        <time>2024-04-26T14:12:40Z</time>
      </trkpt>
      <trkpt lat="44.39139" lon="-73.85804">
        <ele>580.96</ele>
        <time>2024-04-26T14:12:45Z</time>
      </trkpt>
      <trkpt lat="44.39134" lon="-73.85807">
        <ele>582.67</ele>
        <time>2024-04-26T14:12:51Z</time>
      </trkpt>
      <trkpt lat="44.39132" lon="-73.85808">
        <ele>583.43</ele>
        <time>2024-04-26T14:12:57Z</time>
      </trkpt>
      <trkpt lat="44.39131" lon="-73.85809">
        <ele>583.87</ele>
        <time>2024-04-26T14:12:59Z</time>
      </trkpt>
      <trkpt lat="44.39128" lon="-73.85811">
        <ele>585.19</ele>
        <time>2024-04-26T14:13:02Z</time>
      </trkpt>
      <trkpt lat="44.39126" lon="-73.85813">
        <ele>586.06</ele>
        <time>2024-04-26T14:13:08Z</time>
      </trkpt>
      <trkpt lat="44.39123" lon="-73.85815">
        <ele>587.15</ele>
        <time>2024-04-26T14:13:13Z</time>
      </trkpt>
      <trkpt lat="44.39122" lon="-73.85817">
        <ele>587.47</ele>
        <time>2024-04-26T14:13:15Z</time>
      </trkpt>
      <trkpt lat="44.39122" lon="-73.85818">
        <ele>587.47</ele>
        <time>2024-04-26T14:13:17Z</time>
      </trkpt>
      <trkpt lat="44.3912" lon="-73.8582">
        <ele>588.12</ele>
        <time>2024-04-26T14:13:20Z</time>
      </trkpt>
      <trkpt lat="44.39117" lon="-73.85822">
        <ele>589.09</ele>
        <time>2024-04-26T14:13:25Z</time>
      </trkpt>
      <trkpt lat="44.39117" lon="-73.85822">
        <ele>589.09</ele>
        <time>2024-04-26T14:13:26Z</time>
      </trkpt>
      <trkpt lat="44.39114" lon="-73.85824">
        <ele>590.06</ele>
        <time>2024-04-26T14:13:31Z</time>
      </trkpt>
      <trkpt lat="44.39113" lon="-73.85825">
        <ele>590.39</ele>
        <time>2024-04-26T14:13:33Z</time>
      </trkpt>
      <trkpt lat="44.39111" lon="-73.85826">
        <ele>591.03</ele>
        <time>2024-04-26T14:13:37Z</time>
      </trkpt>
      <trkpt lat="44.3911" lon="-73.85827">
        <ele>591.28</ele>
        <time>2024-04-26T14:13:41Z</time>
      </trkpt>
      <trkpt lat="44.39108" lon="-73.85829">
        <ele>591.85</ele>
        <time>2024-04-26T14:13:44Z</time>
      </trkpt>
      <trkpt lat="44.39105" lon="-73.85832">
        <ele>592.88</ele>
        <time>2024-04-26T14:13:50Z</time>
      </trkpt>
      <trkpt lat="44.39104" lon="-73.85832">
        <ele>593.19</ele>
        <time>2024-04-26T14:13:52Z</time>
      </trkpt>
      <trkpt lat="44.39102" lon="-73.85834">
        <ele>593.95</ele>
        <time>2024-04-26T14:13:56Z</time>
      </trkpt>
      <trkpt lat="44.39101" lon="-73.85838">
        <ele>594.18</ele>
        <time>2024-04-26T14:14:01Z</time>
      </trkpt>
      <trkpt lat="44.39099" lon="-73.8584">
        <ele>594.62</ele>
        <time>2024-04-26T14:14:06Z</time>
      </trkpt>
      <trkpt lat="44.39097" lon="-73.85841">
        <ele>595.05</ele>
        <time>2024-04-26T14:14:08Z</time>
      </trkpt>
      <trkpt lat="44.39096" lon="-73.8584">
        <ele>595.26</ele>
        <time>2024-04-26T14:14:12Z</time>
      </trkpt>
      <trkpt lat="44.39094" lon="-73.85841">
        <ele>595.7</ele>
        <time>2024-04-26T14:14:16Z</time>
      </trkpt>
      <trkpt lat="44.3909" lon="-73.8584">
        <ele>596.84</ele>
        <time>2024-04-26T14:14:22Z</time>
      </trkpt>
      <trkpt lat="44.3909" lon="-73.8584">
        <ele>596.84</ele>
        <time>2024-04-26T14:14:23Z</time>
      </trkpt>
      <trkpt lat="44.39089" lon="-73.85841">
        <ele>597.16</ele>
        <time>2024-04-26T14:14:30Z</time>
      </trkpt>
      <trkpt lat="44.39088" lon="-73.85843">
        <ele>597.51</ele>
        <time>2024-04-26T14:14:32Z</time>
      </trkpt>
      <trkpt lat="44.39087" lon="-73.85845">
        <ele>597.91</ele>
        <time>2024-04-26T14:14:36Z</time>
      </trkpt>
      <trkpt lat="44.39085" lon="-73.85845">
        <ele>598.51</ele>
        <time>2024-04-26T14:14:38Z</time>
      </trkpt>
      <trkpt lat="44.39081" lon="-73.85846">
        <ele>599.76</ele>
        <time>2024-04-26T14:14:45Z</time>
      </trkpt>
      <trkpt lat="44.39081" lon="-73.85847">
        <ele>599.76</ele>
        <time>2024-04-26T14:14:46Z</time>
      </trkpt>
      <trkpt lat="44.39081" lon="-73.85848">
        <ele>599.76</ele>
        <time>2024-04-26T14:14:52Z</time>
      </trkpt>
      <trkpt lat="44.3908" lon="-73.85847">
        <ele>600.08</ele>
        <time>2024-04-26T14:14:54Z</time>
      </trkpt>
      <trkpt lat="44.39078" lon="-73.85848">
        <ele>600.73</ele>
        <time>2024-04-26T14:14:59Z</time>
      </trkpt>
      <trkpt lat="44.39076" lon="-73.85848">
        <ele>601.38</ele>
        <time>2024-04-26T14:15:05Z</time>
      </trkpt>
      <trkpt lat="44.39072" lon="-73.85851">
        <ele>602.88</ele>
        <time>2024-04-26T14:15:11Z</time>
      </trkpt>
      <trkpt lat="44.39071" lon="-73.85851">
        <ele>603.3</ele>
        <time>2024-04-26T14:15:12Z</time>
      </trkpt>
      <trkpt lat="44.39067" lon="-73.85853">
        <ele>605.06</ele>
        <time>2024-04-26T14:15:16Z</time>
      </trkpt>
      <trkpt lat="44.39066" lon="-73.85854">
        <ele>605.49</ele>
        <time>2024-04-26T14:15:18Z</time>
      </trkpt>
      <trkpt lat="44.39066" lon="-73.85856">
        <ele>605.49</ele>
        <time>2024-04-26T14:15:21Z</time>
      </trkpt>
      <trkpt lat="44.39064" lon="-73.85858">
        <ele>606.26</ele>
        <time>2024-04-26T14:15:25Z</time>
      </trkpt>
      <trkpt lat="44.39064" lon="-73.85857">
        <ele>606.26</ele>
        <time>2024-04-26T14:15:27Z</time>
      </trkpt>
      <trkpt lat="44.3906" lon="-73.85859">
        <ele>607.56</ele>
        <time>2024-04-26T14:15:33Z</time>
      </trkpt>
      <trkpt lat="44.39059" lon="-73.8586">
        <ele>607.88</ele>
        <time>2024-04-26T14:15:35Z</time>
      </trkpt>
      <trkpt lat="44.39057" lon="-73.8586">
        <ele>608.53</ele>
        <time>2024-04-26T14:15:39Z</time>
      </trkpt>
      <trkpt lat="44.39058" lon="-73.85861">
        <ele>608.21</ele>
        <time>2024-04-26T14:15:43Z</time>
      </trkpt>
      <trkpt lat="44.39057" lon="-73.85863">
        <ele>608.7</ele>
        <time>2024-04-26T14:15:51Z</time>
      </trkpt>
      <trkpt lat="44.39057" lon="-73.85862">
        <ele>608.61</ele>
        <time>2024-04-26T14:15:55Z</time>
      </trkpt>
      <trkpt lat="44.39057" lon="-73.85862">
        <ele>608.61</ele>
        <time>2024-04-26T14:16:02Z</time>
      </trkpt>
      <trkpt lat="44.39053" lon="-73.85865">
        <ele>610.13</ele>
        <time>2024-04-26T14:16:09Z</time>
      </trkpt>
      <trkpt lat="44.39053" lon="-73.85865">
        <ele>610.13</ele>
        <time>2024-04-26T14:16:10Z</time>
      </trkpt>
      <trkpt lat="44.39051" lon="-73.85867">
        <ele>610.8</ele>
        <time>2024-04-26T14:16:15Z</time>
      </trkpt>
      <trkpt lat="44.3905" lon="-73.85869">
        <ele>611.14</ele>
        <time>2024-04-26T14:16:17Z</time>
      </trkpt>
      <trkpt lat="44.39049" lon="-73.8587">
        <ele>611.4</ele>
        <time>2024-04-26T14:16:20Z</time>
      </trkpt>
      <trkpt lat="44.39044" lon="-73.85873">
        <ele>612.5</ele>
        <time>2024-04-26T14:16:26Z</time>
      </trkpt>
      <trkpt lat="44.39044" lon="-73.85874">
        <ele>612.5</ele>
        <time>2024-04-26T14:16:32Z</time>
      </trkpt>
      <trkpt lat="44.39043" lon="-73.85874">
        <ele>612.71</ele>
        <time>2024-04-26T14:16:33Z</time>
      </trkpt>
      <trkpt lat="44.39042" lon="-73.85873">
        <ele>612.93</ele>
        <time>2024-04-26T14:16:36Z</time>
      </trkpt>
      <trkpt lat="44.39041" lon="-73.85874">
        <ele>613.14</ele>
        <time>2024-04-26T14:16:41Z</time>
      </trkpt>
      <trkpt lat="44.39041" lon="-73.85874">
        <ele>613.14</ele>
        <time>2024-04-26T14:16:42Z</time>
      </trkpt>
      <trkpt lat="44.39039" lon="-73.85877">
        <ele>613.58</ele>
        <time>2024-04-26T14:16:48Z</time>
      </trkpt>
      <trkpt lat="44.39039" lon="-73.85877">
        <ele>613.58</ele>
        <time>2024-04-26T14:16:49Z</time>
      </trkpt>
      <trkpt lat="44.39037" lon="-73.85879">
        <ele>614.01</ele>
        <time>2024-04-26T14:16:55Z</time>
      </trkpt>
      <trkpt lat="44.39036" lon="-73.8588">
        <ele>614.37</ele>
        <time>2024-04-26T14:16:57Z</time>
      </trkpt>
      <trkpt lat="44.39035" lon="-73.85882">
        <ele>614.86</ele>
        <time>2024-04-26T14:17:02Z</time>
      </trkpt>
      <trkpt lat="44.39033" lon="-73.85883">
        <ele>615.51</ele>
        <time>2024-04-26T14:17:04Z</time>
      </trkpt>
      <trkpt lat="44.39031" lon="-73.85884">
        <ele>616.12</ele>
        <time>2024-04-26T14:17:07Z</time>
      </trkpt>
      <trkpt lat="44.39029" lon="-73.85888">
        <ele>616.72</ele>
        <time>2024-04-26T14:17:11Z</time>
      </trkpt>
      <trkpt lat="44.39028" lon="-73.85888">
        <ele>616.95</ele>
        <time>2024-04-26T14:17:22Z</time>
      </trkpt>
      <trkpt lat="44.39026" lon="-73.85891">
        <ele>617.61</ele>
        <time>2024-04-26T14:17:31Z</time>
      </trkpt>
      <trkpt lat="44.39026" lon="-73.85893">
        <ele>617.83</ele>
        <time>2024-04-26T14:17:33Z</time>
      </trkpt>
      <trkpt lat="44.3902" lon="-73.85899">
        <ele>619.68</ele>
        <time>2024-04-26T14:17:40Z</time>
      </trkpt>
      <trkpt lat="44.39016" lon="-73.85902">
        <ele>620.66</ele>
        <time>2024-04-26T14:17:45Z</time>
      </trkpt>
      <trkpt lat="44.39014" lon="-73.85904">
        <ele>621.28</ele>
        <time>2024-04-26T14:17:48Z</time>
      </trkpt>
      <trkpt lat="44.39013" lon="-73.85905">
        <ele>621.63</ele>
        <time>2024-04-26T14:17:50Z</time>
      </trkpt>
      <trkpt lat="44.39012" lon="-73.85907">
        <ele>622.08</ele>
        <time>2024-04-26T14:17:53Z</time>
      </trkpt>
      <trkpt lat="44.39011" lon="-73.85907">
        <ele>622.4</ele>
        <time>2024-04-26T14:17:54Z</time>
      </trkpt>
      <trkpt lat="44.3901" lon="-73.85909">
        <ele>622.77</ele>
        <time>2024-04-26T14:17:56Z</time>
      </trkpt>
      <trkpt lat="44.39004" lon="-73.8591">
        <ele>624.14</ele>
        <time>2024-04-26T14:18:02Z</time>
      </trkpt>
      <trkpt lat="44.39003" lon="-73.8591">
        <ele>624.35</ele>
        <time>2024-04-26T14:18:03Z</time>
      </trkpt>
      <trkpt lat="44.39" lon="-73.85914">
        <ele>625.0</ele>
        <time>2024-04-26T14:18:09Z</time>
      </trkpt>
      <trkpt lat="44.38998" lon="-73.85915">
        <ele>625.61</ele>
        <time>2024-04-26T14:18:11Z</time>
      </trkpt>
      <trkpt lat="44.38996" lon="-73.85917">
        <ele>626.32</ele>
        <time>2024-04-26T14:18:14Z</time>
      </trkpt>
      <trkpt lat="44.38994" lon="-73.85921">
        <ele>627.11</ele>
        <time>2024-04-26T14:18:19Z</time>
      </trkpt>
      <trkpt lat="44.38991" lon="-73.85922">
        <ele>627.93</ele>
        <time>2024-04-26T14:18:24Z</time>
      </trkpt>
      <trkpt lat="44.3899" lon="-73.85921">
        <ele>628.16</ele>
        <time>2024-04-26T14:18:27Z</time>
      </trkpt>
      <trkpt lat="44.38989" lon="-73.85918">
        <ele>628.38</ele>
        <time>2024-04-26T14:18:36Z</time>
      </trkpt>
      <trkpt lat="44.3899" lon="-73.85919">
        <ele>628.16</ele>
        <time>2024-04-26T14:18:47Z</time>
      </trkpt>
      <trkpt lat="44.3899" lon="-73.8592">
        <ele>628.16</ele>
        <time>2024-04-26T14:18:55Z</time>
      </trkpt>
      <trkpt lat="44.38989" lon="-73.85921">
        <ele>628.38</ele>
        <time>2024-04-26T14:18:58Z</time>
      </trkpt>
      <trkpt lat="44.38988" lon="-73.8592">
        <ele>628.59</ele>
        <time>2024-04-26T14:19:06Z</time>
      </trkpt>
      <trkpt lat="44.38987" lon="-73.85921">
        <ele>628.81</ele>
        <time>2024-04-26T14:19:47Z</time>
      </trkpt>
      <trkpt lat="44.38988" lon="-73.85921">
        <ele>628.59</ele>
        <time>2024-04-26T14:19:49Z</time>
      </trkpt>
      <trkpt lat="44.38988" lon="-73.85921">
        <ele>628.59</ele>
        <time>2024-04-26T14:19:51Z</time>
      </trkpt>
      <trkpt lat="44.38989" lon="-73.85923">
        <ele>628.38</ele>
        <time>2024-04-26T14:19:59Z</time>
      </trkpt>
      <trkpt lat="44.38984" lon="-73.85926">
        <ele>629.46</ele>
        <time>2024-04-26T14:20:05Z</time>
      </trkpt>
      <trkpt lat="44.38982" lon="-73.85927">
        <ele>630.0</ele>
        <time>2024-04-26T14:20:08Z</time>
      </trkpt>
      <trkpt lat="44.38979" lon="-73.85931">
        <ele>631.47</ele>
        <time>2024-04-26T14:20:13Z</time>
      </trkpt>
      <trkpt lat="44.38975" lon="-73.85933">
        <ele>633.03</ele>
        <time>2024-04-26T14:20:18Z</time>
      </trkpt>
      <trkpt lat="44.38974" lon="-73.85934">
        <ele>633.4</ele>
        <time>2024-04-26T14:20:19Z</time>
      </trkpt>
      <trkpt lat="44.3897" lon="-73.85936">
        <ele>635.03</ele>
        <time>2024-04-26T14:20:23Z</time>
      </trkpt>
      <trkpt lat="44.38969" lon="-73.85938">
        <ele>635.59</ele>
        <time>2024-04-26T14:20:25Z</time>
      </trkpt>
      <trkpt lat="44.38968" lon="-73.85941">
        <ele>636.17</ele>
        <time>2024-04-26T14:20:27Z</time>
      </trkpt>
      <trkpt lat="44.38966" lon="-73.85943">
        <ele>636.96</ele>
        <time>2024-04-26T14:20:32Z</time>
      </trkpt>
      <trkpt lat="44.38965" lon="-73.85943">
        <ele>637.31</ele>
        <time>2024-04-26T14:20:33Z</time>
      </trkpt>
      <trkpt lat="44.38962" lon="-73.85943">
        <ele>638.31</ele>
        <time>2024-04-26T14:20:37Z</time>
      </trkpt>
      <trkpt lat="44.38959" lon="-73.85945">
        <ele>639.31</ele>
        <time>2024-04-26T14:20:42Z</time>
      </trkpt>
      <trkpt lat="44.38958" lon="-73.85947">
        <ele>639.76</ele>
        <time>2024-04-26T14:20:46Z</time>
      </trkpt>
      <trkpt lat="44.38957" lon="-73.85948">
        <ele>640.18</ele>
        <time>2024-04-26T14:20:50Z</time>
      </trkpt>
      <trkpt lat="44.38956" lon="-73.85949">
        <ele>640.63</ele>
        <time>2024-04-26T14:20:51Z</time>
      </trkpt>
      <trkpt lat="44.38952" lon="-73.85951">
        <ele>642.26</ele>
        <time>2024-04-26T14:20:56Z</time>
      </trkpt>
      <trkpt lat="44.38952" lon="-73.85951">
        <ele>642.26</ele>
        <time>2024-04-26T14:20:57Z</time>
      </trkpt>
      <trkpt lat="44.3895" lon="-73.85952">
        <ele>643.02</ele>
        <time>2024-04-26T14:21:01Z</time>
      </trkpt>
      <trkpt lat="44.38949" lon="-73.85952">
        <ele>643.34</ele>
        <time>2024-04-26T14:21:02Z</time>
      </trkpt>
      <trkpt lat="44.38949" lon="-73.85953">
        <ele>643.45</ele>
        <time>2024-04-26T14:21:03Z</time>
      </trkpt>
      <trkpt lat="44.38947" lon="-73.85955">
        <ele>644.17</ele>
        <time>2024-04-26T14:21:05Z</time>
      </trkpt>
      <trkpt lat="44.38947" lon="-73.85955">
        <ele>644.17</ele>
        <time>2024-04-26T14:21:06Z</time>
      </trkpt>
      <trkpt lat="44.38946" lon="-73.85956">
        <ele>644.5</ele>
        <time>2024-04-26T14:21:08Z</time>
      </trkpt>
      <trkpt lat="44.38943" lon="-73.85958">
        <ele>645.47</ele>
        <time>2024-04-26T14:21:13Z</time>
      </trkpt>
      <trkpt lat="44.38943" lon="-73.85959">
        <ele>645.47</ele>
        <time>2024-04-26T14:21:14Z</time>
      </trkpt>
      <trkpt lat="44.38941" lon="-73.85962">
        <ele>646.12</ele>
        <time>2024-04-26T14:21:20Z</time>
      </trkpt>
      <trkpt lat="44.3894" lon="-73.85963">
        <ele>646.44</ele>
        <time>2024-04-26T14:21:21Z</time>
      </trkpt>
      <trkpt lat="44.38939" lon="-73.85963">
        <ele>646.77</ele>
        <time>2024-04-26T14:21:25Z</time>
      </trkpt>
      <trkpt lat="44.38938" lon="-73.85963">
        <ele>647.09</ele>
        <time>2024-04-26T14:21:28Z</time>
      </trkpt>
      <trkpt lat="44.38937" lon="-73.85963">
        <ele>647.42</ele>
        <time>2024-04-26T14:21:29Z</time>
      </trkpt>
      <trkpt lat="44.38933" lon="-73.85964">
        <ele>649.06</ele>
        <time>2024-04-26T14:21:35Z</time>
      </trkpt>
      <trkpt lat="44.38929" lon="-73.85968">
        <ele>651.22</ele>
        <time>2024-04-26T14:21:42Z</time>
      </trkpt>
      <trkpt lat="44.38928" lon="-73.85969">
        <ele>651.76</ele>
        <time>2024-04-26T14:21:45Z</time>
      </trkpt>
      <trkpt lat="44.38925" lon="-73.85972">
        <ele>653.38</ele>
        <time>2024-04-26T14:21:50Z</time>
      </trkpt>
      <trkpt lat="44.38922" lon="-73.85974">
        <ele>654.89</ele>
        <time>2024-04-26T14:21:55Z</time>
      </trkpt>
      <trkpt lat="44.38921" lon="-73.85975">
        <ele>655.43</ele>
        <time>2024-04-26T14:21:57Z</time>
      </trkpt>
      <trkpt lat="44.38919" lon="-73.85979">
        <ele>656.72</ele>
        <time>2024-04-26T14:22:03Z</time>
      </trkpt>
      <trkpt lat="44.38918" lon="-73.8598">
        <ele>657.26</ele>
        <time>2024-04-26T14:22:06Z</time>
      </trkpt>
      <trkpt lat="44.38915" lon="-73.85981">
        <ele>658.85</ele>
        <time>2024-04-26T14:22:11Z</time>
      </trkpt>
      <trkpt lat="44.38913" lon="-73.85982">
        <ele>660.01</ele>
        <time>2024-04-26T14:22:15Z</time>
      </trkpt>
      <trkpt lat="44.38913" lon="-73.85981">
        <ele>659.93</ele>
        <time>2024-04-26T14:22:17Z</time>
      </trkpt>
      <trkpt lat="44.38914" lon="-73.85981">
        <ele>659.39</ele>
        <time>2024-04-26T14:22:22Z</time>
      </trkpt>
      <trkpt lat="44.38911" lon="-73.85979">
        <ele>660.79</ele>
        <time>2024-04-26T14:22:28Z</time>
      </trkpt>
      <trkpt lat="44.3891" lon="-73.85979">
        <ele>661.33</ele>
        <time>2024-04-26T14:22:29Z</time>
      </trkpt>
      <trkpt lat="44.38907" lon="-73.85979">
        <ele>662.92</ele>
        <time>2024-04-26T14:22:33Z</time>
      </trkpt>
      <trkpt lat="44.38906" lon="-73.85981">
        <ele>663.56</ele>
        <time>2024-04-26T14:22:35Z</time>
      </trkpt>
      <trkpt lat="44.38905" lon="-73.85983">
        <ele>664.08</ele>
        <time>2024-04-26T14:22:37Z</time>
      </trkpt>
      <trkpt lat="44.38903" lon="-73.85986">
        <ele>665.14</ele>
        <time>2024-04-26T14:22:40Z</time>
      </trkpt>
      <trkpt lat="44.38902" lon="-73.85986">
        <ele>665.62</ele>
        <time>2024-04-26T14:22:43Z</time>
      </trkpt>
      <trkpt lat="44.38901" lon="-73.85987">
        <ele>666.18</ele>
        <time>2024-04-26T14:22:45Z</time>
      </trkpt>
      <trkpt lat="44.389" lon="-73.85988">
        <ele>666.76</ele>
        <time>2024-04-26T14:22:48Z</time>
      </trkpt>
      <trkpt lat="44.38897" lon="-73.85989">
        <ele>668.33</ele>
        <time>2024-04-26T14:22:54Z</time>
      </trkpt>
      <trkpt lat="44.38897" lon="-73.85988">
        <ele>668.24</ele>
        <time>2024-04-26T14:22:55Z</time>
      </trkpt>
      <trkpt lat="44.38894" lon="-73.85989">
        <ele>669.69</ele>
        <time>2024-04-26T14:23:00Z</time>
      </trkpt>
      <trkpt lat="44.38893" lon="-73.8599">
        <ele>670.19</ele>
        <time>2024-04-26T14:23:02Z</time>
      </trkpt>
      <trkpt lat="44.38892" lon="-73.85991">
        <ele>670.66</ele>
        <time>2024-04-26T14:23:06Z</time>
      </trkpt>
      <trkpt lat="44.3889" lon="-73.85993">
        <ele>671.52</ele>
        <time>2024-04-26T14:23:10Z</time>
      </trkpt>
      <trkpt lat="44.3889" lon="-73.85994">
        <ele>671.52</ele>
        <time>2024-04-26T14:23:12Z</time>
      </trkpt>
      <trkpt lat="44.38889" lon="-73.85994">
        <ele>671.95</ele>
        <time>2024-04-26T14:23:14Z</time>
      </trkpt>
      <trkpt lat="44.38888" lon="-73.85995">
        <ele>672.29</ele>
        <time>2024-04-26T14:23:19Z</time>
      </trkpt>
      <trkpt lat="44.38887" lon="-73.85996">
        <ele>672.61</ele>
        <time>2024-04-26T14:23:20Z</time>
      </trkpt>
      <trkpt lat="44.38886" lon="-73.85999">
        <ele>672.94</ele>
        <time>2024-04-26T14:23:25Z</time>
      </trkpt>
      <trkpt lat="44.38886" lon="-73.85999">
        <ele>672.94</ele>
        <time>2024-04-26T14:23:26Z</time>
      </trkpt>
      <trkpt lat="44.38885" lon="-73.85999">
        <ele>673.26</ele>
        <time>2024-04-26T14:23:36Z</time>
      </trkpt>
      <trkpt lat="44.38885" lon="-73.85998">
        <ele>673.26</ele>
        <time>2024-04-26T14:23:45Z</time>
      </trkpt>
      <trkpt lat="44.38882" lon="-73.85998">
        <ele>674.23</ele>
        <time>2024-04-26T14:23:52Z</time>
      </trkpt>
      <trkpt lat="44.3888" lon="-73.85998">
        <ele>674.88</ele>
        <time>2024-04-26T14:23:55Z</time>
      </trkpt>
      <trkpt lat="44.38878" lon="-73.85999">
        <ele>675.7</ele>
        <time>2024-04-26T14:23:58Z</time>
      </trkpt>
      <trkpt lat="44.38878" lon="-73.86001">
        <ele>675.79</ele>
        <time>2024-04-26T14:24:00Z</time>
      </trkpt>
      <trkpt lat="44.38877" lon="-73.86006">
        <ele>676.6</ele>
        <time>2024-04-26T14:24:07Z</time>
      </trkpt>
      <trkpt lat="44.38877" lon="-73.86008">
        <ele>676.75</ele>
        <time>2024-04-26T14:24:09Z</time>
      </trkpt>
      <trkpt lat="44.38877" lon="-73.8601">
        <ele>676.85</ele>
        <time>2024-04-26T14:24:12Z</time>
      </trkpt>
      <trkpt lat="44.38878" lon="-73.8601">
        <ele>676.53</ele>
        <time>2024-04-26T14:24:14Z</time>
      </trkpt>
      <trkpt lat="44.38878" lon="-73.8601">
        <ele>676.53</ele>
        <time>2024-04-26T14:24:15Z</time>
      </trkpt>
      <trkpt lat="44.38877" lon="-73.86013">
        <ele>676.85</ele>
        <time>2024-04-26T14:24:20Z</time>
      </trkpt>
      <trkpt lat="44.38876" lon="-73.86013">
        <ele>677.18</ele>
        <time>2024-04-26T14:24:22Z</time>
      </trkpt>
      <trkpt lat="44.38874" lon="-73.86014">
        <ele>677.82</ele>
        <time>2024-04-26T14:24:26Z</time>
      </trkpt>
      <trkpt lat="44.38874" lon="-73.86014">
        <ele>677.82</ele>
        <time>2024-04-26T14:24:27Z</time>
      </trkpt>
      <trkpt lat="44.38872" lon="-73.86015">
        <ele>678.47</ele>
        <time>2024-04-26T14:24:33Z</time>
      </trkpt>
      <trkpt lat="44.38871" lon="-73.86016">
        <ele>678.8</ele>
        <time>2024-04-26T14:24:34Z</time>
      </trkpt>
      <trkpt lat="44.38869" lon="-73.86017">
        <ele>679.59</ele>
        <time>2024-04-26T14:24:39Z</time>
      </trkpt>
      <trkpt lat="44.38869" lon="-73.86018">
        <ele>679.59</ele>
        <time>2024-04-26T14:24:41Z</time>
      </trkpt>
      <trkpt lat="44.38867" lon="-73.8602">
        <ele>680.46</ele>
        <time>2024-04-26T14:24:45Z</time>
      </trkpt>
      <trkpt lat="44.38865" lon="-73.86023">
        <ele>681.32</ele>
        <time>2024-04-26T14:24:50Z</time>
      </trkpt>
      <trkpt lat="44.38864" lon="-73.86024">
        <ele>681.75</ele>
        <time>2024-04-26T14:24:51Z</time>
      </trkpt>
      <trkpt lat="44.38862" lon="-73.86025">
        <ele>682.62</ele>
        <time>2024-04-26T14:24:58Z</time>
      </trkpt>
      <trkpt lat="44.38861" lon="-73.86025">
        <ele>683.06</ele>
        <time>2024-04-26T14:25:03Z</time>
      </trkpt>
      <trkpt lat="44.3886" lon="-73.86026">
        <ele>683.6</ele>
        <time>2024-04-26T14:25:06Z</time>
      </trkpt>
      <trkpt lat="44.38859" lon="-73.86027">
        <ele>684.14</ele>
        <time>2024-04-26T14:25:08Z</time>
      </trkpt>
      <trkpt lat="44.38857" lon="-73.86029">
        <ele>685.22</ele>
        <time>2024-04-26T14:25:12Z</time>
      </trkpt>
      <trkpt lat="44.38856" lon="-73.8603">
        <ele>685.76</ele>
        <time>2024-04-26T14:25:17Z</time>
      </trkpt>
      <trkpt lat="44.38856" lon="-73.8603">
        <ele>685.76</ele>
        <time>2024-04-26T14:25:19Z</time>
      </trkpt>
      <trkpt lat="44.38854" lon="-73.86032">
        <ele>686.84</ele>
        <time>2024-04-26T14:25:24Z</time>
      </trkpt>
      <trkpt lat="44.38853" lon="-73.86033">
        <ele>687.38</ele>
        <time>2024-04-26T14:25:26Z</time>
      </trkpt>
      <trkpt lat="44.38851" lon="-73.86035">
        <ele>688.39</ele>
        <time>2024-04-26T14:25:29Z</time>
      </trkpt>
      <trkpt lat="44.3885" lon="-73.86036">
        <ele>688.82</ele>
        <time>2024-04-26T14:25:35Z</time>
      </trkpt>
      <trkpt lat="44.3885" lon="-73.86036">
        <ele>688.82</ele>
        <time>2024-04-26T14:25:36Z</time>
      </trkpt>
      <trkpt lat="44.38849" lon="-73.86037">
        <ele>689.23</ele>
        <time>2024-04-26T14:25:39Z</time>
      </trkpt>
      <trkpt lat="44.38848" lon="-73.86037">
        <ele>689.67</ele>
        <time>2024-04-26T14:25:42Z</time>
      </trkpt>
      <trkpt lat="44.38847" lon="-73.86038">
        <ele>690.05</ele>
        <time>2024-04-26T14:25:44Z</time>
      </trkpt>
      <trkpt lat="44.38845" lon="-73.86038">
        <ele>690.93</ele>
        <time>2024-04-26T14:25:50Z</time>
      </trkpt>
      <trkpt lat="44.38842" lon="-73.86039">
        <ele>692.32</ele>
        <time>2024-04-26T14:25:55Z</time>
      </trkpt>
      <trkpt lat="44.38839" lon="-73.8604">
        <ele>693.94</ele>
        <time>2024-04-26T14:26:02Z</time>
      </trkpt>
      <trkpt lat="44.38839" lon="-73.86041">
        <ele>693.94</ele>
        <time>2024-04-26T14:26:04Z</time>
      </trkpt>
      <trkpt lat="44.38838" lon="-73.86044">
        <ele>694.48</ele>
        <time>2024-04-26T14:26:07Z</time>
      </trkpt>
      <trkpt lat="44.38837" lon="-73.86046">
        <ele>695.02</ele>
        <time>2024-04-26T14:26:10Z</time>
      </trkpt>
      <trkpt lat="44.38836" lon="-73.86046">
        <ele>695.56</ele>
        <time>2024-04-26T14:26:13Z</time>
      </trkpt>
      <trkpt lat="44.38834" lon="-73.86047">
        <ele>696.64</ele>
        <time>2024-04-26T14:26:19Z</time>
      </trkpt>
      <trkpt lat="44.38834" lon="-73.86048">
        <ele>696.64</ele>
        <time>2024-04-26T14:26:20Z</time>
      </trkpt>
      <trkpt lat="44.38833" lon="-73.86049">
        <ele>697.18</ele>
        <time>2024-04-26T14:26:26Z</time>
      </trkpt>
      <trkpt lat="44.38832" lon="-73.86049">
        <ele>697.72</ele>
        <time>2024-04-26T14:26:29Z</time>
      </trkpt>
      <trkpt lat="44.38831" lon="-73.8605">
        <ele>698.26</ele>
        <time>2024-04-26T14:26:32Z</time>
      </trkpt>
      <trkpt lat="44.3883" lon="-73.8605">
        <ele>698.8</ele>
        <time>2024-04-26T14:26:35Z</time>
      </trkpt>
      <trkpt lat="44.38829" lon="-73.8605">
        <ele>699.34</ele>
        <time>2024-04-26T14:26:40Z</time>
      </trkpt>
      <trkpt lat="44.38829" lon="-73.86051">
        <ele>699.34</ele>
        <time>2024-04-26T14:26:42Z</time>
      </trkpt>
      <trkpt lat="44.38827" lon="-73.86052">
        <ele>700.42</ele>
        <time>2024-04-26T14:26:47Z</time>
      </trkpt>
      <trkpt lat="44.38825" lon="-73.86052">
        <ele>701.5</ele>
        <time>2024-04-26T14:26:52Z</time>
      </trkpt>
      <trkpt lat="44.38824" lon="-73.86052">
        <ele>702.04</ele>
        <time>2024-04-26T14:26:55Z</time>
      </trkpt>
      <trkpt lat="44.38822" lon="-73.86051">
        <ele>703.01</ele>
        <time>2024-04-26T14:27:01Z</time>
      </trkpt>
      <trkpt lat="44.38821" lon="-73.86053">
        <ele>703.42</ele>
        <time>2024-04-26T14:27:06Z</time>
      </trkpt>
      <trkpt lat="44.3882" lon="-73.86055">
        <ele>703.79</ele>
        <time>2024-04-26T14:27:09Z</time>
      </trkpt>
      <trkpt lat="44.38819" lon="-73.86056">
        <ele>704.17</ele>
        <time>2024-04-26T14:27:13Z</time>
      </trkpt>
      <trkpt lat="44.38818" lon="-73.86056">
        <ele>704.61</ele>
        <time>2024-04-26T14:27:17Z</time>
      </trkpt>
      <trkpt lat="44.38818" lon="-73.86057">
        <ele>704.57</ele>
        <time>2024-04-26T14:27:19Z</time>
      </trkpt>
      <trkpt lat="44.38816" lon="-73.86058">
        <ele>705.45</ele>
        <time>2024-04-26T14:27:26Z</time>
      </trkpt>
      <trkpt lat="44.38813" lon="-73.8606">
        <ele>706.89</ele>
        <time>2024-04-26T14:27:34Z</time>
      </trkpt>
      <trkpt lat="44.38813" lon="-73.86061">
        <ele>706.86</ele>
        <time>2024-04-26T14:27:39Z</time>
      </trkpt>
      <trkpt lat="44.38813" lon="-73.86062">
        <ele>706.84</ele>
        <time>2024-04-26T14:27:40Z</time>
      </trkpt>
      <trkpt lat="44.3881" lon="-73.86064">
        <ele>708.13</ele>
        <time>2024-04-26T14:27:46Z</time>
      </trkpt>
      <trkpt lat="44.38809" lon="-73.86064">
        <ele>708.57</ele>
        <time>2024-04-26T14:27:47Z</time>
      </trkpt>
      <trkpt lat="44.38807" lon="-73.86067">
        <ele>709.14</ele>
        <time>2024-04-26T14:27:55Z</time>
      </trkpt>
      <trkpt lat="44.38807" lon="-73.86067">
        <ele>709.14</ele>
        <time>2024-04-26T14:27:56Z</time>
      </trkpt>
      <trkpt lat="44.38806" lon="-73.86073">
        <ele>708.92</ele>
        <time>2024-04-26T14:28:04Z</time>
      </trkpt>
      <trkpt lat="44.38805" lon="-73.86075">
        <ele>709.29</ele>
        <time>2024-04-26T14:28:09Z</time>
      </trkpt>
      <trkpt lat="44.38805" lon="-73.86076">
        <ele>709.29</ele>
        <time>2024-04-26T14:28:10Z</time>
      </trkpt>
      <trkpt lat="44.38804" lon="-73.86076">
        <ele>709.81</ele>
        <time>2024-04-26T14:28:15Z</time>
      </trkpt>
      <trkpt lat="44.38802" lon="-73.86077">
        <ele>710.8</ele>
        <time>2024-04-26T14:28:19Z</time>
      </trkpt>
      <trkpt lat="44.388" lon="-73.86077">
        <ele>711.81</ele>
        <time>2024-04-26T14:28:22Z</time>
      </trkpt>
      <trkpt lat="44.38797" lon="-73.86078">
        <ele>713.23</ele>
        <time>2024-04-26T14:28:28Z</time>
      </trkpt>
      <trkpt lat="44.38798" lon="-73.86079">
        <ele>712.65</ele>
        <time>2024-04-26T14:28:32Z</time>
      </trkpt>
      <trkpt lat="44.38796" lon="-73.86078">
        <ele>713.74</ele>
        <time>2024-04-26T14:28:36Z</time>
      </trkpt>
      <trkpt lat="44.38795" lon="-73.86079">
        <ele>714.17</ele>
        <time>2024-04-26T14:28:41Z</time>
      </trkpt>
      <trkpt lat="44.38795" lon="-73.86079">
        <ele>714.17</ele>
        <time>2024-04-26T14:28:48Z</time>
      </trkpt>
      <trkpt lat="44.38796" lon="-73.86079">
        <ele>713.63</ele>
        <time>2024-04-26T14:28:58Z</time>
      </trkpt>
      <trkpt lat="44.38794" lon="-73.86078">
        <ele>714.82</ele>
        <time>2024-04-26T14:29:05Z</time>
      </trkpt>
      <trkpt lat="44.38792" lon="-73.8608">
        <ele>715.68</ele>
        <time>2024-04-26T14:29:13Z</time>
      </trkpt>
      <trkpt lat="44.3879" lon="-73.86081">
        <ele>716.65</ele>
        <time>2024-04-26T14:29:15Z</time>
      </trkpt>
      <trkpt lat="44.38789" lon="-73.86082">
        <ele>717.08</ele>
        <time>2024-04-26T14:29:17Z</time>
      </trkpt>
      <trkpt lat="44.38789" lon="-73.86082">
        <ele>717.08</ele>
        <time>2024-04-26T14:29:19Z</time>
      </trkpt>
      <trkpt lat="44.38787" lon="-73.86084">
        <ele>717.94</ele>
        <time>2024-04-26T14:29:25Z</time>
      </trkpt>
      <trkpt lat="44.38787" lon="-73.86084">
        <ele>717.94</ele>
        <time>2024-04-26T14:29:33Z</time>
      </trkpt>
      <trkpt lat="44.38787" lon="-73.86084">
        <ele>717.94</ele>
        <time>2024-04-26T14:29:37Z</time>
      </trkpt>
      <trkpt lat="44.38788" lon="-73.86084">
        <ele>717.41</ele>
        <time>2024-04-26T14:30:32Z</time>
      </trkpt>
      <trkpt lat="44.38788" lon="-73.86084">
        <ele>717.41</ele>
        <time>2024-04-26T14:30:36Z</time>
      </trkpt>
      <trkpt lat="44.38788" lon="-73.86084">
        <ele>717.41</ele>
        <time>2024-04-26T14:30:38Z</time>
      </trkpt>
      <trkpt lat="44.38788" lon="-73.86084">
        <ele>717.41</ele>
        <time>2024-04-26T14:30:43Z</time>
      </trkpt>
      <trkpt lat="44.38788" lon="-73.86082">
        <ele>717.62</ele>
        <time>2024-04-26T14:30:56Z</time>
      </trkpt>
      <trkpt lat="44.38788" lon="-73.86082">
        <ele>717.62</ele>
        <time>2024-04-26T14:32:16Z</time>
      </trkpt>
      <trkpt lat="44.38788" lon="-73.86082">
        <ele>717.62</ele>
        <time>2024-04-26T14:32:24Z</time>
      </trkpt>
      <trkpt lat="44.38788" lon="-73.86083">
        <ele>717.52</ele>
        <time>2024-04-26T14:32:28Z</time>
      </trkpt>
      <trkpt lat="44.38789" lon="-73.86084">
        <ele>716.87</ele>
        <time>2024-04-26T14:32:32Z</time>
      </trkpt>
      <trkpt lat="44.38787" lon="-73.86084">
        <ele>717.94</ele>
        <time>2024-04-26T14:32:35Z</time>
      </trkpt>
      <trkpt lat="44.38784" lon="-73.86086">
        <ele>719.02</ele>
        <time>2024-04-26T14:32:41Z</time>
      </trkpt>
      <trkpt lat="44.38783" lon="-73.86087">
        <ele>719.35</ele>
        <time>2024-04-26T14:32:42Z</time>
      </trkpt>
      <trkpt lat="44.38781" lon="-73.86091">
        <ele>719.78</ele>
        <time>2024-04-26T14:32:49Z</time>
      </trkpt>
      <trkpt lat="44.38778" lon="-73.86094">
        <ele>720.75</ele>
        <time>2024-04-26T14:32:54Z</time>
      </trkpt>
      <trkpt lat="44.38776" lon="-73.86094">
        <ele>721.62</ele>
        <time>2024-04-26T14:32:57Z</time>
      </trkpt>
      <trkpt lat="44.38774" lon="-73.86095">
        <ele>722.37</ele>
        <time>2024-04-26T14:32:59Z</time>
      </trkpt>
      <trkpt lat="44.38773" lon="-73.86098">
        <ele>722.48</ele>
        <time>2024-04-26T14:33:05Z</time>
      </trkpt>
      <trkpt lat="44.38772" lon="-73.86098">
        <ele>722.91</ele>
        <time>2024-04-26T14:33:06Z</time>
      </trkpt>
      <trkpt lat="44.38771" lon="-73.86101">
        <ele>723.02</ele>
        <time>2024-04-26T14:33:12Z</time>
      </trkpt>
      <trkpt lat="44.38771" lon="-73.86101">
        <ele>723.02</ele>
        <time>2024-04-26T14:33:13Z</time>
      </trkpt>
      <trkpt lat="44.38769" lon="-73.861">
        <ele>723.99</ele>
        <time>2024-04-26T14:33:18Z</time>
      </trkpt>
      <trkpt lat="44.38768" lon="-73.861">
        <ele>724.48</ele>
        <time>2024-04-26T14:33:22Z</time>
      </trkpt>
      <trkpt lat="44.38767" lon="-73.86101">
        <ele>724.91</ele>
        <time>2024-04-26T14:33:24Z</time>
      </trkpt>
      <trkpt lat="44.38766" lon="-73.861">
        <ele>725.56</ele>
        <time>2024-04-26T14:33:31Z</time>
      </trkpt>
      <trkpt lat="44.38761" lon="-73.86103">
        <ele>727.96</ele>
        <time>2024-04-26T14:33:38Z</time>
      </trkpt>
      <trkpt lat="44.3876" lon="-73.86104">
        <ele>728.39</ele>
        <time>2024-04-26T14:33:40Z</time>
      </trkpt>
      <trkpt lat="44.3876" lon="-73.86105">
        <ele>728.29</ele>
        <time>2024-04-26T14:33:44Z</time>
      </trkpt>
      <trkpt lat="44.38759" lon="-73.86107">
        <ele>728.56</ele>
        <time>2024-04-26T14:33:47Z</time>
      </trkpt>
      <trkpt lat="44.38757" lon="-73.86109">
        <ele>729.2</ele>
        <time>2024-04-26T14:33:51Z</time>
      </trkpt>
      <trkpt lat="44.38756" lon="-73.86109">
        <ele>729.64</ele>
        <time>2024-04-26T14:33:54Z</time>
      </trkpt>
      <trkpt lat="44.38754" lon="-73.8611">
        <ele>730.39</ele>
        <time>2024-04-26T14:33:58Z</time>
      </trkpt>
      <trkpt lat="44.38753" lon="-73.86111">
        <ele>730.72</ele>
        <time>2024-04-26T14:34:02Z</time>
      </trkpt>
      <trkpt lat="44.38755" lon="-73.86115">
        <ele>729.42</ele>
        <time>2024-04-26T14:34:08Z</time>
      </trkpt>
      <trkpt lat="44.38757" lon="-73.86113">
        <ele>728.77</ele>
        <time>2024-04-26T14:34:16Z</time>
      </trkpt>
      <trkpt lat="44.38756" lon="-73.86111">
        <ele>729.42</ele>
        <time>2024-04-26T14:34:23Z</time>
      </trkpt>
      <trkpt lat="44.38752" lon="-73.86111">
        <ele>731.15</ele>
        <time>2024-04-26T14:34:30Z</time>
      </trkpt>
      <trkpt lat="44.38751" lon="-73.86113">
        <ele>731.36</ele>
        <time>2024-04-26T14:34:33Z</time>
      </trkpt>
      <trkpt lat="44.38749" lon="-73.86115">
        <ele>732.01</ele>
        <time>2024-04-26T14:34:37Z</time>
      </trkpt>
      <trkpt lat="44.38748" lon="-73.86116">
        <ele>732.34</ele>
        <time>2024-04-26T14:34:39Z</time>
      </trkpt>
      <trkpt lat="44.38745" lon="-73.86119">
        <ele>733.31</ele>
        <time>2024-04-26T14:34:45Z</time>
      </trkpt>
      <trkpt lat="44.38744" lon="-73.8612">
        <ele>733.63</ele>
        <time>2024-04-26T14:34:47Z</time>
      </trkpt>
      <trkpt lat="44.38742" lon="-73.8612">
        <ele>734.5</ele>
        <time>2024-04-26T14:34:51Z</time>
      </trkpt>
      <trkpt lat="44.38741" lon="-73.86121">
        <ele>734.82</ele>
        <time>2024-04-26T14:34:55Z</time>
      </trkpt>
      <trkpt lat="44.3874" lon="-73.86122">
        <ele>735.14</ele>
        <time>2024-04-26T14:34:57Z</time>
      </trkpt>
      <trkpt lat="44.38739" lon="-73.86123">
        <ele>735.47</ele>
        <time>2024-04-26T14:35:01Z</time>
      </trkpt>
      <trkpt lat="44.38738" lon="-73.86125">
        <ele>735.68</ele>
        <time>2024-04-26T14:35:06Z</time>
      </trkpt>
      <trkpt lat="44.38737" lon="-73.86126">
        <ele>736.01</ele>
        <time>2024-04-26T14:35:08Z</time>
      </trkpt>
      <trkpt lat="44.38735" lon="-73.86128">
        <ele>736.66</ele>
        <time>2024-04-26T14:35:13Z</time>
      </trkpt>
      <trkpt lat="44.38734" lon="-73.86128">
        <ele>737.09</ele>
        <time>2024-04-26T14:35:15Z</time>
      </trkpt>
      <trkpt lat="44.38733" lon="-73.8613">
        <ele>737.31</ele>
        <time>2024-04-26T14:35:18Z</time>
      </trkpt>
      <trkpt lat="44.38732" lon="-73.8613">
        <ele>737.74</ele>
        <time>2024-04-26T14:35:20Z</time>
      </trkpt>
      <trkpt lat="44.38731" lon="-73.8613">
        <ele>738.12</ele>
        <time>2024-04-26T14:35:25Z</time>
      </trkpt>
      <trkpt lat="44.38729" lon="-73.86129">
        <ele>738.87</ele>
        <time>2024-04-26T14:35:28Z</time>
      </trkpt>
      <trkpt lat="44.38726" lon="-73.86131">
        <ele>739.63</ele>
        <time>2024-04-26T14:35:34Z</time>
      </trkpt>
      <trkpt lat="44.38726" lon="-73.86132">
        <ele>739.52</ele>
        <time>2024-04-26T14:35:35Z</time>
      </trkpt>
      <trkpt lat="44.38723" lon="-73.86134">
        <ele>740.28</ele>
        <time>2024-04-26T14:35:41Z</time>
      </trkpt>
      <trkpt lat="44.38722" lon="-73.86135">
        <ele>740.52</ele>
        <time>2024-04-26T14:35:44Z</time>
      </trkpt>
      <trkpt lat="44.38721" lon="-73.86136">
        <ele>740.84</ele>
        <time>2024-04-26T14:35:46Z</time>
      </trkpt>
      <trkpt lat="44.38717" lon="-73.8614">
        <ele>742.19</ele>
        <time>2024-04-26T14:35:52Z</time>
      </trkpt>
      <trkpt lat="44.38715" lon="-73.86141">
        <ele>742.94</ele>
        <time>2024-04-26T14:35:58Z</time>
      </trkpt>
      <trkpt lat="44.38714" lon="-73.86142">
        <ele>743.25</ele>
        <time>2024-04-26T14:35:59Z</time>
      </trkpt>
      <trkpt lat="44.38713" lon="-73.86144">
        <ele>743.43</ele>
        <time>2024-04-26T14:36:05Z</time>
      </trkpt>
      <trkpt lat="44.38712" lon="-73.86145">
        <ele>743.72</ele>
        <time>2024-04-26T14:36:09Z</time>
      </trkpt>
      <trkpt lat="44.38711" lon="-73.86146">
        <ele>744.03</ele>
        <time>2024-04-26T14:36:12Z</time>
      </trkpt>
      <trkpt lat="44.38711" lon="-73.86146">
        <ele>744.03</ele>
        <time>2024-04-26T14:36:13Z</time>
      </trkpt>
      <trkpt lat="44.3871" lon="-73.86147">
        <ele>744.36</ele>
        <time>2024-04-26T14:36:14Z</time>
      </trkpt>
      <trkpt lat="44.3871" lon="-73.86147">
        <ele>744.36</ele>
        <time>2024-04-26T14:36:15Z</time>
      </trkpt>
      <trkpt lat="44.38709" lon="-73.86147">
        <ele>744.78</ele>
        <time>2024-04-26T14:36:16Z</time>
      </trkpt>
      <trkpt lat="44.38707" lon="-73.86148">
        <ele>745.58</ele>
        <time>2024-04-26T14:36:21Z</time>
      </trkpt>
      <trkpt lat="44.38705" lon="-73.86149">
        <ele>746.35</ele>
        <time>2024-04-26T14:36:25Z</time>
      </trkpt>
      <trkpt lat="44.38703" lon="-73.8615">
        <ele>747.03</ele>
        <time>2024-04-26T14:36:28Z</time>
      </trkpt>
      <trkpt lat="44.38702" lon="-73.86151">
        <ele>747.24</ele>
        <time>2024-04-26T14:36:32Z</time>
      </trkpt>
      <trkpt lat="44.38701" lon="-73.86153">
        <ele>747.35</ele>
        <time>2024-04-26T14:36:36Z</time>
      </trkpt>
      <trkpt lat="44.38698" lon="-73.86155">
        <ele>748.11</ele>
        <time>2024-04-26T14:36:40Z</time>
      </trkpt>
      <trkpt lat="44.38696" lon="-73.86157">
        <ele>748.54</ele>
        <time>2024-04-26T14:36:44Z</time>
      </trkpt>
      <trkpt lat="44.38694" lon="-73.86159">
        <ele>749.18</ele>
        <time>2024-04-26T14:36:49Z</time>
      </trkpt>
      <trkpt lat="44.38692" lon="-73.86161">
        <ele>749.95</ele>
        <time>2024-04-26T14:36:55Z</time>
      </trkpt>
      <trkpt lat="44.38692" lon="-73.86162">
        <ele>749.93</ele>
        <time>2024-04-26T14:36:57Z</time>
      </trkpt>
      <trkpt lat="44.38692" lon="-73.86162">
        <ele>749.93</ele>
        <time>2024-04-26T14:37:04Z</time>
      </trkpt>
      <trkpt lat="44.3869" lon="-73.86161">
        <ele>750.73</ele>
        <time>2024-04-26T14:37:08Z</time>
      </trkpt>
      <trkpt lat="44.38687" lon="-73.86161">
        <ele>751.9</ele>
        <time>2024-04-26T14:37:10Z</time>
      </trkpt>
      <trkpt lat="44.38688" lon="-73.86161">
        <ele>751.51</ele>
        <time>2024-04-26T14:37:17Z</time>
      </trkpt>
      <trkpt lat="44.38686" lon="-73.86162">
        <ele>752.2</ele>
        <time>2024-04-26T14:37:30Z</time>
      </trkpt>
      <trkpt lat="44.38685" lon="-73.86163">
        <ele>752.46</ele>
        <time>2024-04-26T14:37:33Z</time>
      </trkpt>
      <trkpt lat="44.38683" lon="-73.86163">
        <ele>753.1</ele>
        <time>2024-04-26T14:37:38Z</time>
      </trkpt>
      <trkpt lat="44.38682" lon="-73.86163">
        <ele>753.43</ele>
        <time>2024-04-26T14:37:41Z</time>
      </trkpt>
      <trkpt lat="44.38678" lon="-73.86165">
        <ele>754.51</ele>
        <time>2024-04-26T14:37:47Z</time>
      </trkpt>
      <trkpt lat="44.38678" lon="-73.86165">
        <ele>754.51</ele>
        <time>2024-04-26T14:37:49Z</time>
      </trkpt>
      <trkpt lat="44.38675" lon="-73.86171">
        <ele>754.88</ele>
        <time>2024-04-26T14:37:56Z</time>
      </trkpt>
      <trkpt lat="44.38675" lon="-73.86173">
        <ele>754.68</ele>
        <time>2024-04-26T14:37:58Z</time>
      </trkpt>
      <trkpt lat="44.38674" lon="-73.86174">
        <ele>755.0</ele>
        <time>2024-04-26T14:38:03Z</time>
      </trkpt>
      <trkpt lat="44.38671" lon="-73.86175">
        <ele>756.17</ele>
        <time>2024-04-26T14:38:10Z</time>
      </trkpt>
      <trkpt lat="44.38671" lon="-73.86175">
        <ele>756.17</ele>
        <time>2024-04-26T14:38:11Z</time>
      </trkpt>
      <trkpt lat="44.38668" lon="-73.86177">
        <ele>757.32</ele>
        <time>2024-04-26T14:38:17Z</time>
      </trkpt>
      <trkpt lat="44.38667" lon="-73.86177">
        <ele>757.74</ele>
        <time>2024-04-26T14:38:18Z</time>
      </trkpt>
      <trkpt lat="44.38663" lon="-73.8618">
        <ele>758.75</ele>
        <time>2024-04-26T14:38:25Z</time>
      </trkpt>
      <trkpt lat="44.38663" lon="-73.8618">
        <ele>758.75</ele>
        <time>2024-04-26T14:38:26Z</time>
      </trkpt>
      <trkpt lat="44.3866" lon="-73.86182">
        <ele>759.5</ele>
        <time>2024-04-26T14:38:32Z</time>
      </trkpt>
      <trkpt lat="44.38659" lon="-73.86183">
        <ele>759.72</ele>
        <time>2024-04-26T14:38:33Z</time>
      </trkpt>
      <trkpt lat="44.38655" lon="-73.86186">
        <ele>761.04</ele>
        <time>2024-04-26T14:38:41Z</time>
      </trkpt>
      <trkpt lat="44.38652" lon="-73.86189">
        <ele>762.34</ele>
        <time>2024-04-26T14:38:48Z</time>
      </trkpt>
      <trkpt lat="44.38651" lon="-73.86189">
        <ele>762.77</ele>
        <time>2024-04-26T14:38:49Z</time>
      </trkpt>
      <trkpt lat="44.38649" lon="-73.86191">
        <ele>763.63</ele>
        <time>2024-04-26T14:38:54Z</time>
      </trkpt>
      <trkpt lat="44.38648" lon="-73.86192">
        <ele>764.05</ele>
        <time>2024-04-26T14:38:55Z</time>
      </trkpt>
      <trkpt lat="44.38647" lon="-73.86193">
        <ele>764.39</ele>
        <time>2024-04-26T14:39:02Z</time>
      </trkpt>
      <trkpt lat="44.38644" lon="-73.86196">
        <ele>765.25</ele>
        <time>2024-04-26T14:39:07Z</time>
      </trkpt>
      <trkpt lat="44.38643" lon="-73.86197">
        <ele>765.55</ele>
        <time>2024-04-26T14:39:08Z</time>
      </trkpt>
      <trkpt lat="44.38642" lon="-73.86197">
        <ele>765.9</ele>
        <time>2024-04-26T14:39:10Z</time>
      </trkpt>
      <trkpt lat="44.3864" lon="-73.86198">
        <ele>766.59</ele>
        <time>2024-04-26T14:39:15Z</time>
      </trkpt>
      <trkpt lat="44.38639" lon="-73.86199">
        <ele>766.96</ele>
        <time>2024-04-26T14:39:18Z</time>
      </trkpt>
      <trkpt lat="44.38638" lon="-73.862">
        <ele>767.33</ele>
        <time>2024-04-26T14:39:23Z</time>
      </trkpt>
      <trkpt lat="44.38637" lon="-73.86201">
        <ele>767.67</ele>
        <time>2024-04-26T14:39:27Z</time>
      </trkpt>
      <trkpt lat="44.38636" lon="-73.86203">
        <ele>767.96</ele>
        <time>2024-04-26T14:39:29Z</time>
      </trkpt>
      <trkpt lat="44.38632" lon="-73.86206">
        <ele>769.17</ele>
        <time>2024-04-26T14:39:36Z</time>
      </trkpt>
      <trkpt lat="44.38628" lon="-73.86209">
        <ele>770.6</ele>
        <time>2024-04-26T14:39:44Z</time>
      </trkpt>
      <trkpt lat="44.38627" lon="-73.86209">
        <ele>770.97</ele>
        <time>2024-04-26T14:39:47Z</time>
      </trkpt>
      <trkpt lat="44.38625" lon="-73.86211">
        <ele>771.61</ele>
        <time>2024-04-26T14:39:51Z</time>
      </trkpt>
      <trkpt lat="44.38624" lon="-73.86213">
        <ele>771.82</ele>
        <time>2024-04-26T14:39:53Z</time>
      </trkpt>
      <trkpt lat="44.38624" lon="-73.86214">
        <ele>771.78</ele>
        <time>2024-04-26T14:39:58Z</time>
      </trkpt>
      <trkpt lat="44.38624" lon="-73.86214">
        <ele>771.78</ele>
        <time>2024-04-26T14:40:02Z</time>
      </trkpt>
      <trkpt lat="44.38619" lon="-73.86215">
        <ele>773.59</ele>
        <time>2024-04-26T14:40:10Z</time>
      </trkpt>
      <trkpt lat="44.38617" lon="-73.86219">
        <ele>774.46</ele>
        <time>2024-04-26T14:40:16Z</time>
      </trkpt>
      <trkpt lat="44.38616" lon="-73.8622">
        <ele>774.89</ele>
        <time>2024-04-26T14:40:18Z</time>
      </trkpt>
      <trkpt lat="44.38615" lon="-73.86221">
        <ele>775.32</ele>
        <time>2024-04-26T14:40:21Z</time>
      </trkpt>
      <trkpt lat="44.38613" lon="-73.86221">
        <ele>776.18</ele>
        <time>2024-04-26T14:40:26Z</time>
      </trkpt>
      <trkpt lat="44.38613" lon="-73.86221">
        <ele>776.18</ele>
        <time>2024-04-26T14:40:29Z</time>
      </trkpt>
      <trkpt lat="44.3861" lon="-73.86223">
        <ele>777.29</ele>
        <time>2024-04-26T14:40:34Z</time>
      </trkpt>
      <trkpt lat="44.38609" lon="-73.86225">
        <ele>777.45</ele>
        <time>2024-04-26T14:40:36Z</time>
      </trkpt>
      <trkpt lat="44.38606" lon="-73.86228">
        <ele>778.38</ele>
        <time>2024-04-26T14:40:42Z</time>
      </trkpt>
      <trkpt lat="44.38602" lon="-73.86231">
        <ele>779.94</ele>
        <time>2024-04-26T14:40:48Z</time>
      </trkpt>
      <trkpt lat="44.38601" lon="-73.86232">
        <ele>780.31</ele>
        <time>2024-04-26T14:40:50Z</time>
      </trkpt>
      <trkpt lat="44.386" lon="-73.86234">
        <ele>780.53</ele>
        <time>2024-04-26T14:40:54Z</time>
      </trkpt>
      <trkpt lat="44.38599" lon="-73.86234">
        <ele>780.96</ele>
        <time>2024-04-26T14:40:56Z</time>
      </trkpt>
      <trkpt lat="44.38595" lon="-73.86237">
        <ele>782.36</ele>
        <time>2024-04-26T14:41:01Z</time>
      </trkpt>
      <trkpt lat="44.38594" lon="-73.86238">
        <ele>782.69</ele>
        <time>2024-04-26T14:41:03Z</time>
      </trkpt>
      <trkpt lat="44.38594" lon="-73.86239">
        <ele>782.58</ele>
        <time>2024-04-26T14:41:06Z</time>
      </trkpt>
      <trkpt lat="44.38592" lon="-73.8624">
        <ele>783.33</ele>
        <time>2024-04-26T14:41:09Z</time>
      </trkpt>
      <trkpt lat="44.38591" lon="-73.8624">
        <ele>783.75</ele>
        <time>2024-04-26T14:41:12Z</time>
      </trkpt>
      <trkpt lat="44.38587" lon="-73.86241">
        <ele>785.4</ele>
        <time>2024-04-26T14:41:17Z</time>
      </trkpt>
      <trkpt lat="44.38586" lon="-73.86242">
        <ele>785.75</ele>
        <time>2024-04-26T14:41:18Z</time>
      </trkpt>
      <trkpt lat="44.38584" lon="-73.86244">
        <ele>786.39</ele>
        <time>2024-04-26T14:41:23Z</time>
      </trkpt>
      <trkpt lat="44.38584" lon="-73.86244">
        <ele>786.39</ele>
        <time>2024-04-26T14:41:25Z</time>
      </trkpt>
      <trkpt lat="44.38582" lon="-73.86245">
        <ele>787.12</ele>
        <time>2024-04-26T14:41:28Z</time>
      </trkpt>
      <trkpt lat="44.38581" lon="-73.86247">
        <ele>787.33</ele>
        <time>2024-04-26T14:41:34Z</time>
      </trkpt>
      <trkpt lat="44.38579" lon="-73.86248">
        <ele>788.09</ele>
        <time>2024-04-26T14:41:36Z</time>
      </trkpt>
      <trkpt lat="44.38578" lon="-73.86249">
        <ele>788.41</ele>
        <time>2024-04-26T14:41:40Z</time>
      </trkpt>
      <trkpt lat="44.38578" lon="-73.86249">
        <ele>788.41</ele>
        <time>2024-04-26T14:41:42Z</time>
      </trkpt>
      <trkpt lat="44.38578" lon="-73.86249">
        <ele>788.41</ele>
        <time>2024-04-26T14:41:46Z</time>
      </trkpt>
      <trkpt lat="44.38576" lon="-73.86251">
        <ele>789.17</ele>
        <time>2024-04-26T14:41:57Z</time>
      </trkpt>
      <trkpt lat="44.38577" lon="-73.86253">
        <ele>788.74</ele>
        <time>2024-04-26T14:42:02Z</time>
      </trkpt>
      <trkpt lat="44.38577" lon="-73.86252">
        <ele>788.74</ele>
        <time>2024-04-26T14:42:03Z</time>
      </trkpt>
      <trkpt lat="44.38578" lon="-73.86252">
        <ele>788.3</ele>
        <time>2024-04-26T14:42:27Z</time>
      </trkpt>
      <trkpt lat="44.38578" lon="-73.86252">
        <ele>788.3</ele>
        <time>2024-04-26T14:42:33Z</time>
      </trkpt>
      <trkpt lat="44.38577" lon="-73.86252">
        <ele>788.74</ele>
        <time>2024-04-26T14:42:35Z</time>
      </trkpt>
      <trkpt lat="44.38577" lon="-73.86253">
        <ele>788.74</ele>
        <time>2024-04-26T14:44:00Z</time>
      </trkpt>
      <trkpt lat="44.38577" lon="-73.86253">
        <ele>788.74</ele>
        <time>2024-04-26T14:44:09Z</time>
      </trkpt>
      <trkpt lat="44.38577" lon="-73.86253">
        <ele>788.74</ele>
        <time>2024-04-26T14:44:10Z</time>
      </trkpt>
      <trkpt lat="44.38577" lon="-73.86253">
        <ele>788.74</ele>
        <time>2024-04-26T14:44:12Z</time>
      </trkpt>
      <trkpt lat="44.38576" lon="-73.86254">
        <ele>789.17</ele>
        <time>2024-04-26T14:44:16Z</time>
      </trkpt>
      <trkpt lat="44.38575" lon="-73.86254">
        <ele>789.6</ele>
        <time>2024-04-26T14:44:18Z</time>
      </trkpt>
      <trkpt lat="44.38572" lon="-73.86254">
        <ele>790.67</ele>
        <time>2024-04-26T14:44:22Z</time>
      </trkpt>
      <trkpt lat="44.3857" lon="-73.86255">
        <ele>791.32</ele>
        <time>2024-04-26T14:44:25Z</time>
      </trkpt>
      <trkpt lat="44.38572" lon="-73.86256">
        <ele>790.67</ele>
        <time>2024-04-26T14:44:37Z</time>
      </trkpt>
      <trkpt lat="44.38572" lon="-73.86257">
        <ele>790.67</ele>
        <time>2024-04-26T14:45:01Z</time>
      </trkpt>
      <trkpt lat="44.38573" lon="-73.86258">
        <ele>790.35</ele>
        <time>2024-04-26T14:45:06Z</time>
      </trkpt>
      <trkpt lat="44.38573" lon="-73.86258">
        <ele>790.35</ele>
        <time>2024-04-26T14:45:11Z</time>
      </trkpt>
      <trkpt lat="44.38574" lon="-73.8626">
        <ele>789.94</ele>
        <time>2024-04-26T14:45:17Z</time>
      </trkpt>
      <trkpt lat="44.38574" lon="-73.86261">
        <ele>789.84</ele>
        <time>2024-04-26T14:45:19Z</time>
      </trkpt>
      <trkpt lat="44.38573" lon="-73.86261">
        <ele>790.16</ele>
        <time>2024-04-26T14:45:22Z</time>
      </trkpt>
      <trkpt lat="44.38572" lon="-73.8626">
        <ele>790.59</ele>
        <time>2024-04-26T14:45:26Z</time>
      </trkpt>
      <trkpt lat="44.38571" lon="-73.86257">
        <ele>791.0</ele>
        <time>2024-04-26T14:45:34Z</time>
      </trkpt>
      <trkpt lat="44.38571" lon="-73.86258">
        <ele>791.0</ele>
        <time>2024-04-26T14:45:40Z</time>
      </trkpt>
      <trkpt lat="44.38568" lon="-73.86259">
        <ele>791.97</ele>
        <time>2024-04-26T14:45:44Z</time>
      </trkpt>
      <trkpt lat="44.38565" lon="-73.8626">
        <ele>792.86</ele>
        <time>2024-04-26T14:45:48Z</time>
      </trkpt>
      <trkpt lat="44.38565" lon="-73.8626">
        <ele>792.86</ele>
        <time>2024-04-26T14:45:49Z</time>
      </trkpt>
      <trkpt lat="44.38562" lon="-73.86263">
        <ele>793.51</ele>
        <time>2024-04-26T14:45:54Z</time>
      </trkpt>
      <trkpt lat="44.38562" lon="-73.86263">
        <ele>793.51</ele>
        <time>2024-04-26T14:45:55Z</time>
      </trkpt>
      <trkpt lat="44.38561" lon="-73.86264">
        <ele>793.72</ele>
        <time>2024-04-26T14:45:56Z</time>
      </trkpt>
      <trkpt lat="44.3856" lon="-73.86264">
        <ele>794.05</ele>
        <time>2024-04-26T14:45:57Z</time>
      </trkpt>
      <trkpt lat="44.38559" lon="-73.86265">
        <ele>794.26</ele>
        <time>2024-04-26T14:45:59Z</time>
      </trkpt>
      <trkpt lat="44.38558" lon="-73.86267">
        <ele>794.37</ele>
        <time>2024-04-26T14:46:01Z</time>
      </trkpt>
      <trkpt lat="44.38558" lon="-73.86268">
        <ele>794.26</ele>
        <time>2024-04-26T14:46:03Z</time>
      </trkpt>
      <trkpt lat="44.38556" lon="-73.86269">
        <ele>794.86</ele>
        <time>2024-04-26T14:46:06Z</time>
      </trkpt>
      <trkpt lat="44.38556" lon="-73.86269">
        <ele>794.86</ele>
        <time>2024-04-26T14:46:08Z</time>
      </trkpt>
      <trkpt lat="44.38552" lon="-73.8627">
        <ele>796.09</ele>
        <time>2024-04-26T14:46:15Z</time>
      </trkpt>
      <trkpt lat="44.38551" lon="-73.8627">
        <ele>796.4</ele>
        <time>2024-04-26T14:46:16Z</time>
      </trkpt>
      <trkpt lat="44.3855" lon="-73.86271">
        <ele>796.64</ele>
        <time>2024-04-26T14:46:20Z</time>
      </trkpt>
      <trkpt lat="44.38549" lon="-73.86271">
        <ele>796.93</ele>
        <time>2024-04-26T14:46:21Z</time>
      </trkpt>
      <trkpt lat="44.38547" lon="-73.86271">
        <ele>797.52</ele>
        <time>2024-04-26T14:46:25Z</time>
      </trkpt>
      <trkpt lat="44.38547" lon="-73.86272">
        <ele>797.42</ele>
        <time>2024-04-26T14:46:27Z</time>
      </trkpt>
      <trkpt lat="44.38545" lon="-73.86274">
        <ele>797.83</ele>
        <time>2024-04-26T14:46:31Z</time>
      </trkpt>
      <trkpt lat="44.38544" lon="-73.86275">
        <ele>798.04</ele>
        <time>2024-04-26T14:46:35Z</time>
      </trkpt>
      <trkpt lat="44.38543" lon="-73.86276">
        <ele>798.26</ele>
        <time>2024-04-26T14:46:37Z</time>
      </trkpt>
      <trkpt lat="44.38542" lon="-73.86278">
        <ele>798.39</ele>
        <time>2024-04-26T14:46:39Z</time>
      </trkpt>
      <trkpt lat="44.38541" lon="-73.86279">
        <ele>798.72</ele>
        <time>2024-04-26T14:46:40Z</time>
      </trkpt>
      <trkpt lat="44.38541" lon="-73.86279">
        <ele>798.72</ele>
        <time>2024-04-26T14:46:41Z</time>
      </trkpt>
      <trkpt lat="44.3854" lon="-73.8628">
        <ele>799.04</ele>
        <time>2024-04-26T14:46:43Z</time>
      </trkpt>
      <trkpt lat="44.38537" lon="-73.86284">
        <ele>800.02</ele>
        <time>2024-04-26T14:46:49Z</time>
      </trkpt>
      <trkpt lat="44.38537" lon="-73.86284">
        <ele>800.02</ele>
        <time>2024-04-26T14:46:50Z</time>
      </trkpt>
      <trkpt lat="44.38533" lon="-73.86284">
        <ele>801.89</ele>
        <time>2024-04-26T14:46:57Z</time>
      </trkpt>
      <trkpt lat="44.38533" lon="-73.86285">
        <ele>801.84</ele>
        <time>2024-04-26T14:46:58Z</time>
      </trkpt>
      <trkpt lat="44.3853" lon="-73.86289">
        <ele>803.04</ele>
        <time>2024-04-26T14:47:05Z</time>
      </trkpt>
      <trkpt lat="44.38527" lon="-73.86291">
        <ele>804.47</ele>
        <time>2024-04-26T14:47:12Z</time>
      </trkpt>
      <trkpt lat="44.38526" lon="-73.86292">
        <ele>805.05</ele>
        <time>2024-04-26T14:47:13Z</time>
      </trkpt>
      <trkpt lat="44.38523" lon="-73.86294">
        <ele>806.71</ele>
        <time>2024-04-26T14:47:19Z</time>
      </trkpt>
      <trkpt lat="44.38523" lon="-73.86294">
        <ele>806.71</ele>
        <time>2024-04-26T14:47:21Z</time>
      </trkpt>
      <trkpt lat="44.38521" lon="-73.86296">
        <ele>807.68</ele>
        <time>2024-04-26T14:47:26Z</time>
      </trkpt>
      <trkpt lat="44.38519" lon="-73.86297">
        <ele>808.81</ele>
        <time>2024-04-26T14:47:28Z</time>
      </trkpt>
      <trkpt lat="44.38517" lon="-73.86299">
        <ele>810.18</ele>
        <time>2024-04-26T14:47:33Z</time>
      </trkpt>
      <trkpt lat="44.38516" lon="-73.86299">
        <ele>810.77</ele>
        <time>2024-04-26T14:47:35Z</time>
      </trkpt>
      <trkpt lat="44.38515" lon="-73.86301">
        <ele>811.4</ele>
        <time>2024-04-26T14:47:40Z</time>
      </trkpt>
      <trkpt lat="44.38514" lon="-73.863">
        <ele>811.94</ele>
        <time>2024-04-26T14:47:43Z</time>
      </trkpt>
      <trkpt lat="44.38513" lon="-73.86302">
        <ele>812.46</ele>
        <time>2024-04-26T14:47:46Z</time>
      </trkpt>
      <trkpt lat="44.38512" lon="-73.86304">
        <ele>812.88</ele>
        <time>2024-04-26T14:47:49Z</time>
      </trkpt>
      <trkpt lat="44.3851" lon="-73.86304">
        <ele>813.82</ele>
        <time>2024-04-26T14:47:54Z</time>
      </trkpt>
      <trkpt lat="44.38509" lon="-73.86305">
        <ele>814.2</ele>
        <time>2024-04-26T14:47:55Z</time>
      </trkpt>
      <trkpt lat="44.38508" lon="-73.86303">
        <ele>814.96</ele>
        <time>2024-04-26T14:48:01Z</time>
      </trkpt>
      <trkpt lat="44.38508" lon="-73.86303">
        <ele>814.96</ele>
        <time>2024-04-26T14:48:02Z</time>
      </trkpt>
      <trkpt lat="44.38505" lon="-73.86304">
        <ele>816.47</ele>
        <time>2024-04-26T14:48:07Z</time>
      </trkpt>
      <trkpt lat="44.38503" lon="-73.86304">
        <ele>817.55</ele>
        <time>2024-04-26T14:48:13Z</time>
      </trkpt>
      <trkpt lat="44.38502" lon="-73.86305">
        <ele>817.98</ele>
        <time>2024-04-26T14:48:14Z</time>
      </trkpt>
      <trkpt lat="44.385" lon="-73.86308">
        <ele>818.74</ele>
        <time>2024-04-26T14:48:19Z</time>
      </trkpt>
      <trkpt lat="44.38498" lon="-73.86311">
        <ele>819.19</ele>
        <time>2024-04-26T14:48:25Z</time>
      </trkpt>
      <trkpt lat="44.38496" lon="-73.86313">
        <ele>819.84</ele>
        <time>2024-04-26T14:48:30Z</time>
      </trkpt>
      <trkpt lat="44.38495" lon="-73.86314">
        <ele>820.2</ele>
        <time>2024-04-26T14:48:31Z</time>
      </trkpt>
      <trkpt lat="44.38492" lon="-73.86313">
        <ele>821.48</ele>
        <time>2024-04-26T14:48:37Z</time>
      </trkpt>
      <trkpt lat="44.38491" lon="-73.86314">
        <ele>821.89</ele>
        <time>2024-04-26T14:48:40Z</time>
      </trkpt>
      <trkpt lat="44.3849" lon="-73.86316">
        <ele>822.05</ele>
        <time>2024-04-26T14:48:43Z</time>
      </trkpt>
      <trkpt lat="44.38489" lon="-73.86319">
        <ele>822.09</ele>
        <time>2024-04-26T14:48:49Z</time>
      </trkpt>
      <trkpt lat="44.38489" lon="-73.86319">
        <ele>822.09</ele>
        <time>2024-04-26T14:48:50Z</time>
      </trkpt>
      <trkpt lat="44.38487" lon="-73.86322">
        <ele>822.66</ele>
        <time>2024-04-26T14:48:54Z</time>
      </trkpt>
      <trkpt lat="44.38487" lon="-73.86323">
        <ele>822.64</ele>
        <time>2024-04-26T14:48:56Z</time>
      </trkpt>
      <trkpt lat="44.38487" lon="-73.86321">
        <ele>822.68</ele>
        <time>2024-04-26T14:49:02Z</time>
      </trkpt>
      <trkpt lat="44.38481" lon="-73.86322">
        <ele>824.89</ele>
        <time>2024-04-26T14:49:09Z</time>
      </trkpt>
      <trkpt lat="44.3848" lon="-73.86323">
        <ele>825.22</ele>
        <time>2024-04-26T14:49:10Z</time>
      </trkpt>
      <trkpt lat="44.38476" lon="-73.86323">
        <ele>826.14</ele>
        <time>2024-04-26T14:49:16Z</time>
      </trkpt>
      <trkpt lat="44.38473" lon="-73.86327">
        <ele>827.12</ele>
        <time>2024-04-26T14:49:22Z</time>
      </trkpt>
      <trkpt lat="44.38473" lon="-73.86328">
        <ele>827.22</ele>
        <time>2024-04-26T14:49:23Z</time>
      </trkpt>
      <trkpt lat="44.3847" lon="-73.8633">
        <ele>828.12</ele>
        <time>2024-04-26T14:49:29Z</time>
      </trkpt>
      <trkpt lat="44.38469" lon="-73.86331">
        <ele>828.44</ele>
        <time>2024-04-26T14:49:33Z</time>
      </trkpt>
      <trkpt lat="44.38469" lon="-73.86332">
        <ele>828.55</ele>
        <time>2024-04-26T14:49:35Z</time>
      </trkpt>
      <trkpt lat="44.38467" lon="-73.86334">
        <ele>829.2</ele>
        <time>2024-04-26T14:49:39Z</time>
      </trkpt>
      <trkpt lat="44.38465" lon="-73.86335">
        <ele>829.74</ele>
        <time>2024-04-26T14:49:42Z</time>
      </trkpt>
      <trkpt lat="44.38462" lon="-73.86337">
        <ele>830.6</ele>
        <time>2024-04-26T14:49:47Z</time>
      </trkpt>
      <trkpt lat="44.38462" lon="-73.86337">
        <ele>830.6</ele>
        <time>2024-04-26T14:49:48Z</time>
      </trkpt>
      <trkpt lat="44.38458" lon="-73.86339">
        <ele>831.68</ele>
        <time>2024-04-26T14:49:54Z</time>
      </trkpt>
      <trkpt lat="44.38458" lon="-73.86339">
        <ele>831.68</ele>
        <time>2024-04-26T14:49:55Z</time>
      </trkpt>
      <trkpt lat="44.38455" lon="-73.86341">
        <ele>832.55</ele>
        <time>2024-04-26T14:50:01Z</time>
      </trkpt>
      <trkpt lat="44.38454" lon="-73.86342">
        <ele>832.87</ele>
        <time>2024-04-26T14:50:02Z</time>
      </trkpt>
      <trkpt lat="44.3845" lon="-73.86344">
        <ele>833.95</ele>
        <time>2024-04-26T14:50:08Z</time>
      </trkpt>
      <trkpt lat="44.38449" lon="-73.86345">
        <ele>834.28</ele>
        <time>2024-04-26T14:50:09Z</time>
      </trkpt>
      <trkpt lat="44.38449" lon="-73.86344">
        <ele>834.17</ele>
        <time>2024-04-26T14:50:12Z</time>
      </trkpt>
      <trkpt lat="44.38448" lon="-73.86343">
        <ele>834.28</ele>
        <time>2024-04-26T14:50:15Z</time>
      </trkpt>
      <trkpt lat="44.38444" lon="-73.86346">
        <ele>835.4</ele>
        <time>2024-04-26T14:50:20Z</time>
      </trkpt>
      <trkpt lat="44.38443" lon="-73.86348">
        <ele>835.77</ele>
        <time>2024-04-26T14:50:23Z</time>
      </trkpt>
      <trkpt lat="44.38441" lon="-73.86352">
        <ele>836.78</ele>
        <time>2024-04-26T14:50:28Z</time>
      </trkpt>
      <trkpt lat="44.3844" lon="-73.86354">
        <ele>837.42</ele>
        <time>2024-04-26T14:50:31Z</time>
      </trkpt>
      <trkpt lat="44.38439" lon="-73.86355">
        <ele>837.86</ele>
        <time>2024-04-26T14:50:35Z</time>
      </trkpt>
      <trkpt lat="44.38438" lon="-73.86357">
        <ele>838.5</ele>
        <time>2024-04-26T14:50:38Z</time>
      </trkpt>
      <trkpt lat="44.38436" lon="-73.86359">
        <ele>839.37</ele>
        <time>2024-04-26T14:50:42Z</time>
      </trkpt>
      <trkpt lat="44.38432" lon="-73.86363">
        <ele>839.93</ele>
        <time>2024-04-26T14:50:46Z</time>
      </trkpt>
      <trkpt lat="44.38432" lon="-73.86365">
        <ele>840.22</ele>
        <time>2024-04-26T14:50:49Z</time>
      </trkpt>
      <trkpt lat="44.3843" lon="-73.86364">
        <ele>839.93</ele>
        <time>2024-04-26T14:50:55Z</time>
      </trkpt>
      <trkpt lat="44.38422" lon="-73.86366">
        <ele>838.14</ele>
        <time>2024-04-26T15:02:47Z</time>
      </trkpt>
      <trkpt lat="44.38422" lon="-73.86367">
        <ele>838.31</ele>
        <time>2024-04-26T15:02:48Z</time>
      </trkpt>
      <trkpt lat="44.38427" lon="-73.86367">
        <ele>840.31</ele>
        <time>2024-04-26T15:02:54Z</time>
      </trkpt>
      <trkpt lat="44.38429" lon="-73.86369">
        <ele>840.75</ele>
        <time>2024-04-26T15:02:57Z</time>
      </trkpt>
      <trkpt lat="44.38429" lon="-73.86373">
        <ele>841.09</ele>
        <time>2024-04-26T15:03:01Z</time>
      </trkpt>
      <trkpt lat="44.3843" lon="-73.86375">
        <ele>841.22</ele>
        <time>2024-04-26T15:03:03Z</time>
      </trkpt>
      <trkpt lat="44.38433" lon="-73.86379">
        <ele>841.71</ele>
        <time>2024-04-26T15:03:08Z</time>
      </trkpt>
      <trkpt lat="44.38435" lon="-73.86384">
        <ele>842.45</ele>
        <time>2024-04-26T15:03:13Z</time>
      </trkpt>
      <trkpt lat="44.38435" lon="-73.86386">
        <ele>842.67</ele>
        <time>2024-04-26T15:03:15Z</time>
      </trkpt>
      <trkpt lat="44.38436" lon="-73.86388">
        <ele>842.73</ele>
        <time>2024-04-26T15:03:18Z</time>
      </trkpt>
      <trkpt lat="44.38436" lon="-73.86389">
        <ele>842.82</ele>
        <time>2024-04-26T15:03:21Z</time>
      </trkpt>
      <trkpt lat="44.38434" lon="-73.86394">
        <ele>842.87</ele>
        <time>2024-04-26T15:03:27Z</time>
      </trkpt>
      <trkpt lat="44.38434" lon="-73.86395">
        <ele>842.87</ele>
        <time>2024-04-26T15:03:28Z</time>
      </trkpt>
      <trkpt lat="44.38434" lon="-73.86397">
        <ele>842.87</ele>
        <time>2024-04-26T15:03:29Z</time>
      </trkpt>
      <trkpt lat="44.38434" lon="-73.86398">
        <ele>842.87</ele>
        <time>2024-04-26T15:03:30Z</time>
      </trkpt>
      <trkpt lat="44.38434" lon="-73.86405">
        <ele>842.87</ele>
        <time>2024-04-26T15:03:36Z</time>
      </trkpt>
      <trkpt lat="44.38434" lon="-73.86415">
        <ele>843.59</ele>
        <time>2024-04-26T15:03:43Z</time>
      </trkpt>
      <trkpt lat="44.38436" lon="-73.86426">
        <ele>843.82</ele>
        <time>2024-04-26T15:03:52Z</time>
      </trkpt>
      <trkpt lat="44.38437" lon="-73.86431">
        <ele>843.72</ele>
        <time>2024-04-26T15:04:00Z</time>
      </trkpt>
      <trkpt lat="44.38437" lon="-73.86431">
        <ele>843.72</ele>
        <time>2024-04-26T15:04:02Z</time>
      </trkpt>
      <trkpt lat="44.38434" lon="-73.86433">
        <ele>843.87</ele>
        <time>2024-04-26T15:04:06Z</time>
      </trkpt>
      <trkpt lat="44.38433" lon="-73.86435">
        <ele>843.76</ele>
        <time>2024-04-26T15:04:09Z</time>
      </trkpt>
      <trkpt lat="44.38432" lon="-73.86437">
        <ele>843.66</ele>
        <time>2024-04-26T15:04:11Z</time>
      </trkpt>
      <trkpt lat="44.38432" lon="-73.86441">
        <ele>843.66</ele>
        <time>2024-04-26T15:04:16Z</time>
      </trkpt>
      <trkpt lat="44.38432" lon="-73.86442">
        <ele>843.66</ele>
        <time>2024-04-26T15:04:18Z</time>
      </trkpt>
      <trkpt lat="44.38435" lon="-73.86447">
        <ele>843.98</ele>
        <time>2024-04-26T15:04:23Z</time>
      </trkpt>
      <trkpt lat="44.38441" lon="-73.86451">
        <ele>842.93</ele>
        <time>2024-04-26T15:04:30Z</time>
      </trkpt>
      <trkpt lat="44.38442" lon="-73.86452">
        <ele>842.66</ele>
        <time>2024-04-26T15:04:32Z</time>
      </trkpt>
      <trkpt lat="44.38446" lon="-73.86455">
        <ele>841.83</ele>
        <time>2024-04-26T15:04:37Z</time>
      </trkpt>
      <trkpt lat="44.3845" lon="-73.86457">
        <ele>841.4</ele>
        <time>2024-04-26T15:04:40Z</time>
      </trkpt>
      <trkpt lat="44.38458" lon="-73.86467">
        <ele>839.61</ele>
        <time>2024-04-26T15:04:48Z</time>
      </trkpt>
      <trkpt lat="44.3846" lon="-73.86481">
        <ele>838.96</ele>
        <time>2024-04-26T15:04:56Z</time>
      </trkpt>
      <trkpt lat="44.38461" lon="-73.86486">
        <ele>838.64</ele>
        <time>2024-04-26T15:04:59Z</time>
      </trkpt>
      <trkpt lat="44.38463" lon="-73.86499">
        <ele>838.87</ele>
        <time>2024-04-26T15:05:06Z</time>
      </trkpt>
      <trkpt lat="44.38461" lon="-73.86509">
        <ele>839.42</ele>
        <time>2024-04-26T15:05:12Z</time>
      </trkpt>
      <trkpt lat="44.38459" lon="-73.86512">
        <ele>839.86</ele>
        <time>2024-04-26T15:05:16Z</time>
      </trkpt>
      <trkpt lat="44.38456" lon="-73.86516">
        <ele>840.5</ele>
        <time>2024-04-26T15:05:19Z</time>
      </trkpt>
      <trkpt lat="44.38449" lon="-73.8653">
        <ele>842.13</ele>
        <time>2024-04-26T15:05:29Z</time>
      </trkpt>
      <trkpt lat="44.38444" lon="-73.86537">
        <ele>843.1</ele>
        <time>2024-04-26T15:05:36Z</time>
      </trkpt>
      <trkpt lat="44.38442" lon="-73.86541">
        <ele>843.84</ele>
        <time>2024-04-26T15:05:42Z</time>
      </trkpt>
      <trkpt lat="44.38441" lon="-73.86542">
        <ele>844.08</ele>
        <time>2024-04-26T15:05:44Z</time>
      </trkpt>
      <trkpt lat="44.38437" lon="-73.86544">
        <ele>844.76</ele>
        <time>2024-04-26T15:05:50Z</time>
      </trkpt>
      <trkpt lat="44.38436" lon="-73.86545">
        <ele>844.9</ele>
        <time>2024-04-26T15:05:53Z</time>
      </trkpt>
      <trkpt lat="44.38435" lon="-73.86547">
        <ele>845.02</ele>
        <time>2024-04-26T15:05:56Z</time>
      </trkpt>
      <trkpt lat="44.38433" lon="-73.8655">
        <ele>845.33</ele>
        <time>2024-04-26T15:06:00Z</time>
      </trkpt>
      <trkpt lat="44.38432" lon="-73.86551">
        <ele>845.52</ele>
        <time>2024-04-26T15:06:01Z</time>
      </trkpt>
      <trkpt lat="44.38429" lon="-73.86554">
        <ele>846.22</ele>
        <time>2024-04-26T15:06:06Z</time>
      </trkpt>
      <trkpt lat="44.38428" lon="-73.86555">
        <ele>846.51</ele>
        <time>2024-04-26T15:06:07Z</time>
      </trkpt>
      <trkpt lat="44.38427" lon="-73.86557">
        <ele>846.79</ele>
        <time>2024-04-26T15:06:10Z</time>
      </trkpt>
      <trkpt lat="44.38427" lon="-73.86557">
        <ele>846.79</ele>
        <time>2024-04-26T15:06:11Z</time>
      </trkpt>
      <trkpt lat="44.38425" lon="-73.86559">
        <ele>847.04</ele>
        <time>2024-04-26T15:06:13Z</time>
      </trkpt>
      <trkpt lat="44.38424" lon="-73.86562">
        <ele>847.14</ele>
        <time>2024-04-26T15:06:17Z</time>
      </trkpt>
      <trkpt lat="44.38422" lon="-73.86563">
        <ele>847.34</ele>
        <time>2024-04-26T15:06:19Z</time>
      </trkpt>
      <trkpt lat="44.38421" lon="-73.86566">
        <ele>847.59</ele>
        <time>2024-04-26T15:06:23Z</time>
      </trkpt>
      <trkpt lat="44.38419" lon="-73.86568">
        <ele>847.83</ele>
        <time>2024-04-26T15:06:25Z</time>
      </trkpt>
      <trkpt lat="44.38417" lon="-73.86569">
        <ele>847.98</ele>
        <time>2024-04-26T15:06:29Z</time>
      </trkpt>
      <trkpt lat="44.38414" lon="-73.86572">
        <ele>848.22</ele>
        <time>2024-04-26T15:06:33Z</time>
      </trkpt>
      <trkpt lat="44.38413" lon="-73.86574">
        <ele>848.39</ele>
        <time>2024-04-26T15:06:36Z</time>
      </trkpt>
      <trkpt lat="44.38412" lon="-73.86576">
        <ele>848.71</ele>
        <time>2024-04-26T15:06:38Z</time>
      </trkpt>
      <trkpt lat="44.3841" lon="-73.8658">
        <ele>849.36</ele>
        <time>2024-04-26T15:06:44Z</time>
      </trkpt>
      <trkpt lat="44.3841" lon="-73.8658">
        <ele>849.36</ele>
        <time>2024-04-26T15:06:45Z</time>
      </trkpt>
      <trkpt lat="44.38408" lon="-73.86584">
        <ele>850.08</ele>
        <time>2024-04-26T15:06:51Z</time>
      </trkpt>
      <trkpt lat="44.38408" lon="-73.86585">
        <ele>850.28</ele>
        <time>2024-04-26T15:06:54Z</time>
      </trkpt>
      <trkpt lat="44.38407" lon="-73.86585">
        <ele>850.4</ele>
        <time>2024-04-26T15:06:57Z</time>
      </trkpt>
      <trkpt lat="44.38403" lon="-73.86589">
        <ele>851.7</ele>
        <time>2024-04-26T15:07:04Z</time>
      </trkpt>
      <trkpt lat="44.38403" lon="-73.8659">
        <ele>851.92</ele>
        <time>2024-04-26T15:07:05Z</time>
      </trkpt>
      <trkpt lat="44.384" lon="-73.86592">
        <ele>852.67</ele>
        <time>2024-04-26T15:07:11Z</time>
      </trkpt>
      <trkpt lat="44.384" lon="-73.86593">
        <ele>852.92</ele>
        <time>2024-04-26T15:07:12Z</time>
      </trkpt>
      <trkpt lat="44.384" lon="-73.86593">
        <ele>852.92</ele>
        <time>2024-04-26T15:07:13Z</time>
      </trkpt>
      <trkpt lat="44.38399" lon="-73.86595">
        <ele>853.66</ele>
        <time>2024-04-26T15:07:18Z</time>
      </trkpt>
      <trkpt lat="44.38398" lon="-73.86596">
        <ele>854.14</ele>
        <time>2024-04-26T15:07:21Z</time>
      </trkpt>
      <trkpt lat="44.38396" lon="-73.86597">
        <ele>854.89</ele>
        <time>2024-04-26T15:07:26Z</time>
      </trkpt>
      <trkpt lat="44.38396" lon="-73.86598">
        <ele>855.22</ele>
        <time>2024-04-26T15:07:27Z</time>
      </trkpt>
      <trkpt lat="44.38396" lon="-73.866">
        <ele>855.86</ele>
        <time>2024-04-26T15:07:33Z</time>
      </trkpt>
      <trkpt lat="44.38395" lon="-73.866">
        <ele>856.08</ele>
        <time>2024-04-26T15:07:36Z</time>
      </trkpt>
      <trkpt lat="44.38393" lon="-73.86604">
        <ele>857.58</ele>
        <time>2024-04-26T15:07:41Z</time>
      </trkpt>
      <trkpt lat="44.38392" lon="-73.86605">
        <ele>858.01</ele>
        <time>2024-04-26T15:07:42Z</time>
      </trkpt>
      <trkpt lat="44.38392" lon="-73.86609">
        <ele>858.87</ele>
        <time>2024-04-26T15:07:48Z</time>
      </trkpt>
      <trkpt lat="44.38392" lon="-73.86609">
        <ele>858.87</ele>
        <time>2024-04-26T15:07:50Z</time>
      </trkpt>
      <trkpt lat="44.38391" lon="-73.8661">
        <ele>859.3</ele>
        <time>2024-04-26T15:07:54Z</time>
      </trkpt>
      <trkpt lat="44.38391" lon="-73.8661">
        <ele>859.3</ele>
        <time>2024-04-26T15:07:56Z</time>
      </trkpt>
      <trkpt lat="44.38388" lon="-73.86611">
        <ele>860.17</ele>
        <time>2024-04-26T15:08:02Z</time>
      </trkpt>
      <trkpt lat="44.38387" lon="-73.86611">
        <ele>860.38</ele>
        <time>2024-04-26T15:08:03Z</time>
      </trkpt>
      <trkpt lat="44.38386" lon="-73.86612">
        <ele>860.91</ele>
        <time>2024-04-26T15:08:08Z</time>
      </trkpt>
      <trkpt lat="44.38384" lon="-73.86614">
        <ele>861.99</ele>
        <time>2024-04-26T15:08:12Z</time>
      </trkpt>
      <trkpt lat="44.38384" lon="-73.86614">
        <ele>861.99</ele>
        <time>2024-04-26T15:08:15Z</time>
      </trkpt>
      <trkpt lat="44.38383" lon="-73.86615">
        <ele>862.53</ele>
        <time>2024-04-26T15:08:20Z</time>
      </trkpt>
      <trkpt lat="44.38382" lon="-73.86616">
        <ele>863.07</ele>
        <time>2024-04-26T15:08:25Z</time>
      </trkpt>
      <trkpt lat="44.38381" lon="-73.86617">
        <ele>863.61</ele>
        <time>2024-04-26T15:08:28Z</time>
      </trkpt>
      <trkpt lat="44.38381" lon="-73.86617">
        <ele>863.61</ele>
        <time>2024-04-26T15:08:32Z</time>
      </trkpt>
      <trkpt lat="44.38379" lon="-73.86621">
        <ele>865.21</ele>
        <time>2024-04-26T15:08:38Z</time>
      </trkpt>
      <trkpt lat="44.38379" lon="-73.8662">
        <ele>864.95</ele>
        <time>2024-04-26T15:08:41Z</time>
      </trkpt>
      <trkpt lat="44.38377" lon="-73.86623">
        <ele>865.93</ele>
        <time>2024-04-26T15:08:45Z</time>
      </trkpt>
      <trkpt lat="44.38377" lon="-73.86624">
        <ele>866.18</ele>
        <time>2024-04-26T15:09:02Z</time>
      </trkpt>
      <trkpt lat="44.38376" lon="-73.86625">
        <ele>866.59</ele>
        <time>2024-04-26T15:09:10Z</time>
      </trkpt>
      <trkpt lat="44.38376" lon="-73.86625">
        <ele>866.59</ele>
        <time>2024-04-26T15:09:15Z</time>
      </trkpt>
      <trkpt lat="44.38376" lon="-73.86625">
        <ele>866.59</ele>
        <time>2024-04-26T15:09:17Z</time>
      </trkpt>
      <trkpt lat="44.38376" lon="-73.86625">
        <ele>866.59</ele>
        <time>2024-04-26T15:09:19Z</time>
      </trkpt>
      <trkpt lat="44.38375" lon="-73.86627">
        <ele>867.29</ele>
        <time>2024-04-26T15:09:23Z</time>
      </trkpt>
      <trkpt lat="44.38375" lon="-73.86627">
        <ele>867.29</ele>
        <time>2024-04-26T15:09:24Z</time>
      </trkpt>
      <trkpt lat="44.38374" lon="-73.86627">
        <ele>867.48</ele>
        <time>2024-04-26T15:09:30Z</time>
      </trkpt>
      <trkpt lat="44.38373" lon="-73.86628">
        <ele>867.95</ele>
        <time>2024-04-26T15:09:33Z</time>
      </trkpt>
      <trkpt lat="44.38372" lon="-73.86628">
        <ele>868.15</ele>
        <time>2024-04-26T15:09:36Z</time>
      </trkpt>
      <trkpt lat="44.38371" lon="-73.8663">
        <ele>868.98</ele>
        <time>2024-04-26T15:09:41Z</time>
      </trkpt>
      <trkpt lat="44.38371" lon="-73.86631">
        <ele>869.31</ele>
        <time>2024-04-26T15:09:44Z</time>
      </trkpt>
      <trkpt lat="44.3837" lon="-73.86632">
        <ele>869.81</ele>
        <time>2024-04-26T15:09:49Z</time>
      </trkpt>
      <trkpt lat="44.3837" lon="-73.86634">
        <ele>870.46</ele>
        <time>2024-04-26T15:09:54Z</time>
      </trkpt>
      <trkpt lat="44.38369" lon="-73.86635">
        <ele>870.89</ele>
        <time>2024-04-26T15:09:56Z</time>
      </trkpt>
      <trkpt lat="44.38367" lon="-73.86635">
        <ele>871.1</ele>
        <time>2024-04-26T15:10:02Z</time>
      </trkpt>
      <trkpt lat="44.38368" lon="-73.86635">
        <ele>871.0</ele>
        <time>2024-04-26T15:10:07Z</time>
      </trkpt>
      <trkpt lat="44.38367" lon="-73.86636">
        <ele>871.43</ele>
        <time>2024-04-26T15:10:09Z</time>
      </trkpt>
      <trkpt lat="44.38366" lon="-73.86636">
        <ele>871.54</ele>
        <time>2024-04-26T15:10:10Z</time>
      </trkpt>
      <trkpt lat="44.38366" lon="-73.86638">
        <ele>872.18</ele>
        <time>2024-04-26T15:10:14Z</time>
      </trkpt>
      <trkpt lat="44.38366" lon="-73.86639">
        <ele>872.5</ele>
        <time>2024-04-26T15:10:16Z</time>
      </trkpt>
      <trkpt lat="44.38364" lon="-73.86642">
        <ele>873.59</ele>
        <time>2024-04-26T15:10:22Z</time>
      </trkpt>
      <trkpt lat="44.38364" lon="-73.86643">
        <ele>873.88</ele>
        <time>2024-04-26T15:10:28Z</time>
      </trkpt>
      <trkpt lat="44.38364" lon="-73.86644">
        <ele>874.17</ele>
        <time>2024-04-26T15:10:29Z</time>
      </trkpt>
      <trkpt lat="44.38364" lon="-73.86648">
        <ele>875.33</ele>
        <time>2024-04-26T15:10:36Z</time>
      </trkpt>
      <trkpt lat="44.38364" lon="-73.86648">
        <ele>875.33</ele>
        <time>2024-04-26T15:10:38Z</time>
      </trkpt>
      <trkpt lat="44.38363" lon="-73.86648">
        <ele>875.55</ele>
        <time>2024-04-26T15:10:42Z</time>
      </trkpt>
      <trkpt lat="44.38363" lon="-73.86648">
        <ele>875.55</ele>
        <time>2024-04-26T15:10:45Z</time>
      </trkpt>
      <trkpt lat="44.38362" lon="-73.86649">
        <ele>876.0</ele>
        <time>2024-04-26T15:10:49Z</time>
      </trkpt>
      <trkpt lat="44.38361" lon="-73.8665">
        <ele>876.41</ele>
        <time>2024-04-26T15:10:52Z</time>
      </trkpt>
      <trkpt lat="44.3836" lon="-73.86652">
        <ele>876.95</ele>
        <time>2024-04-26T15:10:54Z</time>
      </trkpt>
      <trkpt lat="44.3836" lon="-73.86652">
        <ele>876.95</ele>
        <time>2024-04-26T15:10:58Z</time>
      </trkpt>
      <trkpt lat="44.3836" lon="-73.86653">
        <ele>877.17</ele>
        <time>2024-04-26T15:11:01Z</time>
      </trkpt>
      <trkpt lat="44.38359" lon="-73.86654">
        <ele>877.49</ele>
        <time>2024-04-26T15:11:04Z</time>
      </trkpt>
      <trkpt lat="44.38359" lon="-73.86656">
        <ele>877.92</ele>
        <time>2024-04-26T15:11:09Z</time>
      </trkpt>
      <trkpt lat="44.38357" lon="-73.86658">
        <ele>878.64</ele>
        <time>2024-04-26T15:11:11Z</time>
      </trkpt>
      <trkpt lat="44.38355" lon="-73.8666">
        <ele>879.5</ele>
        <time>2024-04-26T15:11:16Z</time>
      </trkpt>
      <trkpt lat="44.38354" lon="-73.8666">
        <ele>879.61</ele>
        <time>2024-04-26T15:11:17Z</time>
      </trkpt>
      <trkpt lat="44.38351" lon="-73.8666">
        <ele>879.91</ele>
        <time>2024-04-26T15:11:22Z</time>
      </trkpt>
      <trkpt lat="44.38348" lon="-73.86659">
        <ele>879.86</ele>
        <time>2024-04-26T15:11:30Z</time>
      </trkpt>
      <trkpt lat="44.38344" lon="-73.86661">
        <ele>880.68</ele>
        <time>2024-04-26T15:11:37Z</time>
      </trkpt>
      <trkpt lat="44.38336" lon="-73.86663">
        <ele>881.92</ele>
        <time>2024-04-26T15:11:45Z</time>
      </trkpt>
      <trkpt lat="44.38335" lon="-73.86663">
        <ele>882.03</ele>
        <time>2024-04-26T15:11:46Z</time>
      </trkpt>
      <trkpt lat="44.38333" lon="-73.86668">
        <ele>883.29</ele>
        <time>2024-04-26T15:11:52Z</time>
      </trkpt>
      <trkpt lat="44.3833" lon="-73.86675">
        <ele>884.8</ele>
        <time>2024-04-26T15:11:59Z</time>
      </trkpt>
      <trkpt lat="44.3833" lon="-73.86674">
        <ele>884.58</ele>
        <time>2024-04-26T15:12:00Z</time>
      </trkpt>
      <trkpt lat="44.38328" lon="-73.86675">
        <ele>884.8</ele>
        <time>2024-04-26T15:12:04Z</time>
      </trkpt>
      <trkpt lat="44.38327" lon="-73.86676">
        <ele>885.02</ele>
        <time>2024-04-26T15:12:07Z</time>
      </trkpt>
      <trkpt lat="44.38327" lon="-73.86678">
        <ele>885.45</ele>
        <time>2024-04-26T15:12:22Z</time>
      </trkpt>
      <trkpt lat="44.38327" lon="-73.86678">
        <ele>885.45</ele>
        <time>2024-04-26T15:12:32Z</time>
      </trkpt>
      <trkpt lat="44.38327" lon="-73.86678">
        <ele>885.45</ele>
        <time>2024-04-26T15:12:36Z</time>
      </trkpt>
      <trkpt lat="44.38327" lon="-73.86678">
        <ele>885.45</ele>
        <time>2024-04-26T15:12:40Z</time>
      </trkpt>
      <trkpt lat="44.38326" lon="-73.86679">
        <ele>885.66</ele>
        <time>2024-04-26T15:12:43Z</time>
      </trkpt>
      <trkpt lat="44.38326" lon="-73.8668">
        <ele>885.88</ele>
        <time>2024-04-26T15:12:44Z</time>
      </trkpt>
      <trkpt lat="44.38325" lon="-73.86682">
        <ele>886.31</ele>
        <time>2024-04-26T15:12:47Z</time>
      </trkpt>
      <trkpt lat="44.38324" lon="-73.86684">
        <ele>886.74</ele>
        <time>2024-04-26T15:12:52Z</time>
      </trkpt>
      <trkpt lat="44.38324" lon="-73.86683">
        <ele>886.53</ele>
        <time>2024-04-26T15:12:53Z</time>
      </trkpt>
      <trkpt lat="44.38323" lon="-73.86682">
        <ele>886.27</ele>
        <time>2024-04-26T15:12:57Z</time>
      </trkpt>
      <trkpt lat="44.38325" lon="-73.86682">
        <ele>886.31</ele>
        <time>2024-04-26T15:13:04Z</time>
      </trkpt>
      <trkpt lat="44.38325" lon="-73.8668">
        <ele>885.88</ele>
        <time>2024-04-26T15:13:12Z</time>
      </trkpt>
      <trkpt lat="44.38325" lon="-73.86681">
        <ele>886.1</ele>
        <time>2024-04-26T15:13:18Z</time>
      </trkpt>
      <trkpt lat="44.38324" lon="-73.86682">
        <ele>886.31</ele>
        <time>2024-04-26T15:13:21Z</time>
      </trkpt>
      <trkpt lat="44.38324" lon="-73.86685">
        <ele>886.96</ele>
        <time>2024-04-26T15:13:25Z</time>
      </trkpt>
      <trkpt lat="44.38323" lon="-73.86689">
        <ele>887.82</ele>
        <time>2024-04-26T15:13:29Z</time>
      </trkpt>
      <trkpt lat="44.38322" lon="-73.8669">
        <ele>888.04</ele>
        <time>2024-04-26T15:13:31Z</time>
      </trkpt>
      <trkpt lat="44.38321" lon="-73.86692">
        <ele>888.47</ele>
        <time>2024-04-26T15:13:34Z</time>
      </trkpt>
      <trkpt lat="44.3832" lon="-73.86694">
        <ele>888.9</ele>
        <time>2024-04-26T15:13:37Z</time>
      </trkpt>
      <trkpt lat="44.3832" lon="-73.86694">
        <ele>888.9</ele>
        <time>2024-04-26T15:13:38Z</time>
      </trkpt>
      <trkpt lat="44.38318" lon="-73.86695">
        <ele>889.18</ele>
        <time>2024-04-26T15:13:45Z</time>
      </trkpt>
      <trkpt lat="44.38319" lon="-73.86697">
        <ele>889.83</ele>
        <time>2024-04-26T15:13:50Z</time>
      </trkpt>
      <trkpt lat="44.38319" lon="-73.86698">
        <ele>890.15</ele>
        <time>2024-04-26T15:13:51Z</time>
      </trkpt>
      <trkpt lat="44.38318" lon="-73.86701">
        <ele>891.12</ele>
        <time>2024-04-26T15:13:58Z</time>
      </trkpt>
      <trkpt lat="44.38317" lon="-73.86705">
        <ele>892.42</ele>
        <time>2024-04-26T15:14:05Z</time>
      </trkpt>
      <trkpt lat="44.38316" lon="-73.86707">
        <ele>893.07</ele>
        <time>2024-04-26T15:14:08Z</time>
      </trkpt>
      <trkpt lat="44.38316" lon="-73.86707">
        <ele>893.07</ele>
        <time>2024-04-26T15:14:10Z</time>
      </trkpt>
      <trkpt lat="44.38316" lon="-73.86707">
        <ele>893.07</ele>
        <time>2024-04-26T15:14:12Z</time>
      </trkpt>
      <trkpt lat="44.38316" lon="-73.86711">
        <ele>894.36</ele>
        <time>2024-04-26T15:14:19Z</time>
      </trkpt>
      <trkpt lat="44.38316" lon="-73.86714">
        <ele>895.35</ele>
        <time>2024-04-26T15:14:22Z</time>
      </trkpt>
      <trkpt lat="44.38315" lon="-73.86715">
        <ele>895.66</ele>
        <time>2024-04-26T15:14:26Z</time>
      </trkpt>
      <trkpt lat="44.38314" lon="-73.86716">
        <ele>895.9</ele>
        <time>2024-04-26T15:14:28Z</time>
      </trkpt>
      <trkpt lat="44.38312" lon="-73.86719">
        <ele>896.65</ele>
        <time>2024-04-26T15:14:33Z</time>
      </trkpt>
      <trkpt lat="44.38311" lon="-73.86722">
        <ele>897.52</ele>
        <time>2024-04-26T15:14:37Z</time>
      </trkpt>
      <trkpt lat="44.38311" lon="-73.86724">
        <ele>898.16</ele>
        <time>2024-04-26T15:14:40Z</time>
      </trkpt>
      <trkpt lat="44.38311" lon="-73.86723">
        <ele>897.84</ele>
        <time>2024-04-26T15:14:43Z</time>
      </trkpt>
      <trkpt lat="44.38311" lon="-73.86727">
        <ele>899.14</ele>
        <time>2024-04-26T15:14:50Z</time>
      </trkpt>
      <trkpt lat="44.38311" lon="-73.86727">
        <ele>899.14</ele>
        <time>2024-04-26T15:14:52Z</time>
      </trkpt>
      <trkpt lat="44.3831" lon="-73.86731">
        <ele>900.32</ele>
        <time>2024-04-26T15:15:00Z</time>
      </trkpt>
      <trkpt lat="44.3831" lon="-73.86732">
        <ele>900.7</ele>
        <time>2024-04-26T15:15:01Z</time>
      </trkpt>
      <trkpt lat="44.3831" lon="-73.86735">
        <ele>902.0</ele>
        <time>2024-04-26T15:15:07Z</time>
      </trkpt>
      <trkpt lat="44.3831" lon="-73.86736">
        <ele>902.43</ele>
        <time>2024-04-26T15:15:11Z</time>
      </trkpt>
      <trkpt lat="44.38309" lon="-73.8674">
        <ele>904.05</ele>
        <time>2024-04-26T15:15:17Z</time>
      </trkpt>
      <trkpt lat="44.38307" lon="-73.86743">
        <ele>905.13</ele>
        <time>2024-04-26T15:15:20Z</time>
      </trkpt>
      <trkpt lat="44.38305" lon="-73.86745">
        <ele>905.81</ele>
        <time>2024-04-26T15:15:25Z</time>
      </trkpt>
      <trkpt lat="44.38303" lon="-73.86749">
        <ele>907.54</ele>
        <time>2024-04-26T15:15:31Z</time>
      </trkpt>
      <trkpt lat="44.38302" lon="-73.86752">
        <ele>908.86</ele>
        <time>2024-04-26T15:15:34Z</time>
      </trkpt>
      <trkpt lat="44.38301" lon="-73.86755">
        <ele>910.16</ele>
        <time>2024-04-26T15:15:38Z</time>
      </trkpt>
      <trkpt lat="44.38301" lon="-73.86755">
        <ele>910.16</ele>
        <time>2024-04-26T15:15:40Z</time>
      </trkpt>
      <trkpt lat="44.38301" lon="-73.86756">
        <ele>910.59</ele>
        <time>2024-04-26T15:15:41Z</time>
      </trkpt>
      <trkpt lat="44.38302" lon="-73.86762">
        <ele>912.89</ele>
        <time>2024-04-26T15:15:49Z</time>
      </trkpt>
      <trkpt lat="44.38303" lon="-73.86764">
        <ele>913.54</ele>
        <time>2024-04-26T15:15:57Z</time>
      </trkpt>
      <trkpt lat="44.38304" lon="-73.86766">
        <ele>914.18</ele>
        <time>2024-04-26T15:15:59Z</time>
      </trkpt>
      <trkpt lat="44.38305" lon="-73.86769">
        <ele>915.16</ele>
        <time>2024-04-26T15:16:06Z</time>
      </trkpt>
      <trkpt lat="44.38305" lon="-73.86769">
        <ele>915.16</ele>
        <time>2024-04-26T15:16:07Z</time>
      </trkpt>
      <trkpt lat="44.38305" lon="-73.86771">
        <ele>915.8</ele>
        <time>2024-04-26T15:16:14Z</time>
      </trkpt>
      <trkpt lat="44.38306" lon="-73.86771">
        <ele>915.76</ele>
        <time>2024-04-26T15:16:15Z</time>
      </trkpt>
      <trkpt lat="44.38307" lon="-73.86775">
        <ele>916.94</ele>
        <time>2024-04-26T15:16:21Z</time>
      </trkpt>
      <trkpt lat="44.38307" lon="-73.86775">
        <ele>916.94</ele>
        <time>2024-04-26T15:16:22Z</time>
      </trkpt>
      <trkpt lat="44.38307" lon="-73.86775">
        <ele>916.94</ele>
        <time>2024-04-26T15:16:31Z</time>
      </trkpt>
      <trkpt lat="44.38307" lon="-73.86774">
        <ele>916.62</ele>
        <time>2024-04-26T15:16:37Z</time>
      </trkpt>
      <trkpt lat="44.38308" lon="-73.86776">
        <ele>917.16</ele>
        <time>2024-04-26T15:16:40Z</time>
      </trkpt>
      <trkpt lat="44.38308" lon="-73.86778">
        <ele>917.81</ele>
        <time>2024-04-26T15:16:42Z</time>
      </trkpt>
      <trkpt lat="44.38308" lon="-73.86781">
        <ele>918.78</ele>
        <time>2024-04-26T15:16:48Z</time>
      </trkpt>
      <trkpt lat="44.38308" lon="-73.86782">
        <ele>919.1</ele>
        <time>2024-04-26T15:16:50Z</time>
      </trkpt>
      <trkpt lat="44.38305" lon="-73.86785">
        <ele>920.34</ele>
        <time>2024-04-26T15:16:55Z</time>
      </trkpt>
      <trkpt lat="44.38304" lon="-73.86787">
        <ele>920.99</ele>
        <time>2024-04-26T15:17:01Z</time>
      </trkpt>
      <trkpt lat="44.38304" lon="-73.86786">
        <ele>920.66</ele>
        <time>2024-04-26T15:17:10Z</time>
      </trkpt>
      <trkpt lat="44.38303" lon="-73.86788">
        <ele>921.44</ele>
        <time>2024-04-26T15:17:20Z</time>
      </trkpt>
      <trkpt lat="44.38303" lon="-73.86789">
        <ele>921.91</ele>
        <time>2024-04-26T15:17:23Z</time>
      </trkpt>
      <trkpt lat="44.38304" lon="-73.8679">
        <ele>922.33</ele>
        <time>2024-04-26T15:17:25Z</time>
      </trkpt>
      <trkpt lat="44.38304" lon="-73.8679">
        <ele>922.33</ele>
        <time>2024-04-26T15:17:27Z</time>
      </trkpt>
      <trkpt lat="44.38304" lon="-73.86789">
        <ele>921.88</ele>
        <time>2024-04-26T15:17:29Z</time>
      </trkpt>
      <trkpt lat="44.38305" lon="-73.8679">
        <ele>922.3</ele>
        <time>2024-04-26T15:17:32Z</time>
      </trkpt>
      <trkpt lat="44.38304" lon="-73.86789">
        <ele>921.88</ele>
        <time>2024-04-26T15:17:38Z</time>
      </trkpt>
      <trkpt lat="44.38303" lon="-73.86791">
        <ele>922.83</ele>
        <time>2024-04-26T15:17:41Z</time>
      </trkpt>
      <trkpt lat="44.38303" lon="-73.86792">
        <ele>923.29</ele>
        <time>2024-04-26T15:17:43Z</time>
      </trkpt>
      <trkpt lat="44.38303" lon="-73.86792">
        <ele>923.29</ele>
        <time>2024-04-26T15:17:46Z</time>
      </trkpt>
      <trkpt lat="44.38301" lon="-73.86794">
        <ele>924.38</ele>
        <time>2024-04-26T15:17:50Z</time>
      </trkpt>
      <trkpt lat="44.383" lon="-73.86797">
        <ele>925.9</ele>
        <time>2024-04-26T15:17:52Z</time>
      </trkpt>
      <trkpt lat="44.38297" lon="-73.86799">
        <ele>927.09</ele>
        <time>2024-04-26T15:17:57Z</time>
      </trkpt>
      <trkpt lat="44.38297" lon="-73.868">
        <ele>927.52</ele>
        <time>2024-04-26T15:17:58Z</time>
      </trkpt>
      <trkpt lat="44.38296" lon="-73.86802">
        <ele>928.43</ele>
        <time>2024-04-26T15:18:03Z</time>
      </trkpt>
      <trkpt lat="44.38296" lon="-73.86803">
        <ele>928.86</ele>
        <time>2024-04-26T15:18:04Z</time>
      </trkpt>
      <trkpt lat="44.38295" lon="-73.86805">
        <ele>929.62</ele>
        <time>2024-04-26T15:18:09Z</time>
      </trkpt>
      <trkpt lat="44.38295" lon="-73.86805">
        <ele>929.62</ele>
        <time>2024-04-26T15:18:10Z</time>
      </trkpt>
      <trkpt lat="44.38292" lon="-73.86807">
        <ele>929.92</ele>
        <time>2024-04-26T15:18:13Z</time>
      </trkpt>
      <trkpt lat="44.38292" lon="-73.86808">
        <ele>930.19</ele>
        <time>2024-04-26T15:18:14Z</time>
      </trkpt>
      <trkpt lat="44.38292" lon="-73.86809">
        <ele>930.45</ele>
        <time>2024-04-26T15:18:16Z</time>
      </trkpt>
      <trkpt lat="44.38292" lon="-73.86809">
        <ele>930.45</ele>
        <time>2024-04-26T15:18:17Z</time>
      </trkpt>
      <trkpt lat="44.38291" lon="-73.8681">
        <ele>930.66</ele>
        <time>2024-04-26T15:18:20Z</time>
      </trkpt>
      <trkpt lat="44.3829" lon="-73.8681">
        <ele>930.61</ele>
        <time>2024-04-26T15:18:23Z</time>
      </trkpt>
      <trkpt lat="44.38288" lon="-73.86814">
        <ele>931.75</ele>
        <time>2024-04-26T15:18:28Z</time>
      </trkpt>
      <trkpt lat="44.38286" lon="-73.86815">
        <ele>931.91</ele>
        <time>2024-04-26T15:18:31Z</time>
      </trkpt>
      <trkpt lat="44.38284" lon="-73.86816">
        <ele>931.84</ele>
        <time>2024-04-26T15:18:35Z</time>
      </trkpt>
      <trkpt lat="44.38284" lon="-73.8682">
        <ele>932.42</ele>
        <time>2024-04-26T15:18:44Z</time>
      </trkpt>
      <trkpt lat="44.38282" lon="-73.86822">
        <ele>932.65</ele>
        <time>2024-04-26T15:18:51Z</time>
      </trkpt>
      <trkpt lat="44.38282" lon="-73.86824">
        <ele>932.99</ele>
        <time>2024-04-26T15:18:53Z</time>
      </trkpt>
      <trkpt lat="44.38281" lon="-73.86825">
        <ele>933.2</ele>
        <time>2024-04-26T15:18:57Z</time>
      </trkpt>
      <trkpt lat="44.3828" lon="-73.86826">
        <ele>933.42</ele>
        <time>2024-04-26T15:19:00Z</time>
      </trkpt>
      <trkpt lat="44.38281" lon="-73.8683">
        <ele>934.28</ele>
        <time>2024-04-26T15:19:05Z</time>
      </trkpt>
      <trkpt lat="44.38281" lon="-73.86831">
        <ele>934.5</ele>
        <time>2024-04-26T15:19:08Z</time>
      </trkpt>
      <trkpt lat="44.3828" lon="-73.86831">
        <ele>934.5</ele>
        <time>2024-04-26T15:19:09Z</time>
      </trkpt>
      <trkpt lat="44.38279" lon="-73.86835">
        <ele>935.36</ele>
        <time>2024-04-26T15:19:15Z</time>
      </trkpt>
      <trkpt lat="44.3828" lon="-73.86838">
        <ele>936.01</ele>
        <time>2024-04-26T15:19:21Z</time>
      </trkpt>
      <trkpt lat="44.38281" lon="-73.86841">
        <ele>936.66</ele>
        <time>2024-04-26T15:19:24Z</time>
      </trkpt>
      <trkpt lat="44.38283" lon="-73.86842">
        <ele>936.87</ele>
        <time>2024-04-26T15:19:29Z</time>
      </trkpt>
      <trkpt lat="44.38283" lon="-73.86843">
        <ele>937.06</ele>
        <time>2024-04-26T15:19:32Z</time>
      </trkpt>
      <trkpt lat="44.38284" lon="-73.86844">
        <ele>937.2</ele>
        <time>2024-04-26T15:19:36Z</time>
      </trkpt>
      <trkpt lat="44.38284" lon="-73.86847">
        <ele>937.63</ele>
        <time>2024-04-26T15:19:43Z</time>
      </trkpt>
      <trkpt lat="44.38283" lon="-73.86848">
        <ele>937.84</ele>
        <time>2024-04-26T15:19:46Z</time>
      </trkpt>
      <trkpt lat="44.38281" lon="-73.8685">
        <ele>938.32</ele>
        <time>2024-04-26T15:19:50Z</time>
      </trkpt>
      <trkpt lat="44.3828" lon="-73.86852">
        <ele>938.79</ele>
        <time>2024-04-26T15:19:53Z</time>
      </trkpt>
      <trkpt lat="44.38279" lon="-73.86854">
        <ele>939.33</ele>
        <time>2024-04-26T15:19:57Z</time>
      </trkpt>
      <trkpt lat="44.38276" lon="-73.86856">
        <ele>939.9</ele>
        <time>2024-04-26T15:20:02Z</time>
      </trkpt>
      <trkpt lat="44.38276" lon="-73.86856">
        <ele>939.9</ele>
        <time>2024-04-26T15:20:03Z</time>
      </trkpt>
      <trkpt lat="44.38275" lon="-73.86859">
        <ele>940.54</ele>
        <time>2024-04-26T15:20:08Z</time>
      </trkpt>
      <trkpt lat="44.38273" lon="-73.86861">
        <ele>940.98</ele>
        <time>2024-04-26T15:20:11Z</time>
      </trkpt>
      <trkpt lat="44.38271" lon="-73.86864">
        <ele>941.94</ele>
        <time>2024-04-26T15:20:16Z</time>
      </trkpt>
      <trkpt lat="44.38271" lon="-73.86863">
        <ele>941.61</ele>
        <time>2024-04-26T15:20:17Z</time>
      </trkpt>
      <trkpt lat="44.3827" lon="-73.86864">
        <ele>941.94</ele>
        <time>2024-04-26T15:20:27Z</time>
      </trkpt>
      <trkpt lat="44.38268" lon="-73.86869">
        <ele>943.56</ele>
        <time>2024-04-26T15:20:34Z</time>
      </trkpt>
      <trkpt lat="44.38269" lon="-73.86869">
        <ele>943.56</ele>
        <time>2024-04-26T15:20:35Z</time>
      </trkpt>
      <trkpt lat="44.38268" lon="-73.8687">
        <ele>943.88</ele>
        <time>2024-04-26T15:20:38Z</time>
      </trkpt>
      <trkpt lat="44.38269" lon="-73.8687">
        <ele>943.88</ele>
        <time>2024-04-26T15:20:43Z</time>
      </trkpt>
      <trkpt lat="44.38268" lon="-73.86872">
        <ele>944.53</ele>
        <time>2024-04-26T15:20:46Z</time>
      </trkpt>
      <trkpt lat="44.38267" lon="-73.86876">
        <ele>945.82</ele>
        <time>2024-04-26T15:20:51Z</time>
      </trkpt>
      <trkpt lat="44.38267" lon="-73.86878">
        <ele>946.47</ele>
        <time>2024-04-26T15:20:57Z</time>
      </trkpt>
      <trkpt lat="44.38267" lon="-73.86878">
        <ele>946.47</ele>
        <time>2024-04-26T15:20:58Z</time>
      </trkpt>
      <trkpt lat="44.38268" lon="-73.86881">
        <ele>947.44</ele>
        <time>2024-04-26T15:21:06Z</time>
      </trkpt>
      <trkpt lat="44.38267" lon="-73.86884">
        <ele>948.42</ele>
        <time>2024-04-26T15:21:12Z</time>
      </trkpt>
      <trkpt lat="44.38267" lon="-73.86885">
        <ele>948.74</ele>
        <time>2024-04-26T15:21:13Z</time>
      </trkpt>
      <trkpt lat="44.38268" lon="-73.86889">
        <ele>950.04</ele>
        <time>2024-04-26T15:21:19Z</time>
      </trkpt>
      <trkpt lat="44.38268" lon="-73.86892">
        <ele>951.01</ele>
        <time>2024-04-26T15:21:22Z</time>
      </trkpt>
      <trkpt lat="44.38268" lon="-73.86897">
        <ele>952.63</ele>
        <time>2024-04-26T15:21:28Z</time>
      </trkpt>
      <trkpt lat="44.38268" lon="-73.86898">
        <ele>952.95</ele>
        <time>2024-04-26T15:21:30Z</time>
      </trkpt>
      <trkpt lat="44.38268" lon="-73.86902">
        <ele>954.25</ele>
        <time>2024-04-26T15:21:36Z</time>
      </trkpt>
      <trkpt lat="44.38268" lon="-73.86903">
        <ele>954.57</ele>
        <time>2024-04-26T15:21:39Z</time>
      </trkpt>
      <trkpt lat="44.38267" lon="-73.86905">
        <ele>955.22</ele>
        <time>2024-04-26T15:21:43Z</time>
      </trkpt>
      <trkpt lat="44.38267" lon="-73.86907">
        <ele>955.87</ele>
        <time>2024-04-26T15:21:45Z</time>
      </trkpt>
      <trkpt lat="44.38266" lon="-73.8691">
        <ele>956.92</ele>
        <time>2024-04-26T15:21:53Z</time>
      </trkpt>
      <trkpt lat="44.38266" lon="-73.86911">
        <ele>957.27</ele>
        <time>2024-04-26T15:21:55Z</time>
      </trkpt>
      <trkpt lat="44.38266" lon="-73.8691">
        <ele>956.92</ele>
        <time>2024-04-26T15:22:05Z</time>
      </trkpt>
      <trkpt lat="44.38267" lon="-73.86911">
        <ele>957.23</ele>
        <time>2024-04-26T15:22:12Z</time>
      </trkpt>
      <trkpt lat="44.38267" lon="-73.86913">
        <ele>957.91</ele>
        <time>2024-04-26T15:22:17Z</time>
      </trkpt>
      <trkpt lat="44.38267" lon="-73.86912">
        <ele>957.57</ele>
        <time>2024-04-26T15:22:22Z</time>
      </trkpt>
      <trkpt lat="44.38268" lon="-73.8691">
        <ele>956.86</ele>
        <time>2024-04-26T15:22:28Z</time>
      </trkpt>
      <trkpt lat="44.38267" lon="-73.8691">
        <ele>956.89</ele>
        <time>2024-04-26T15:22:31Z</time>
      </trkpt>
      <trkpt lat="44.38266" lon="-73.8691">
        <ele>956.92</ele>
        <time>2024-04-26T15:22:34Z</time>
      </trkpt>
      <trkpt lat="44.38265" lon="-73.86915">
        <ele>958.77</ele>
        <time>2024-04-26T15:22:40Z</time>
      </trkpt>
      <trkpt lat="44.38264" lon="-73.86916">
        <ele>959.24</ele>
        <time>2024-04-26T15:22:41Z</time>
      </trkpt>
      <trkpt lat="44.38263" lon="-73.86919">
        <ele>960.1</ele>
        <time>2024-04-26T15:22:45Z</time>
      </trkpt>
      <trkpt lat="44.38262" lon="-73.86919">
        <ele>960.21</ele>
        <time>2024-04-26T15:22:49Z</time>
      </trkpt>
      <trkpt lat="44.38262" lon="-73.8692">
        <ele>960.42</ele>
        <time>2024-04-26T15:23:03Z</time>
      </trkpt>
      <trkpt lat="44.38261" lon="-73.8692">
        <ele>960.53</ele>
        <time>2024-04-26T15:23:10Z</time>
      </trkpt>
      <trkpt lat="44.3826" lon="-73.86924">
        <ele>961.5</ele>
        <time>2024-04-26T15:23:15Z</time>
      </trkpt>
      <trkpt lat="44.3826" lon="-73.86928">
        <ele>962.57</ele>
        <time>2024-04-26T15:23:19Z</time>
      </trkpt>
      <trkpt lat="44.3826" lon="-73.8693">
        <ele>963.2</ele>
        <time>2024-04-26T15:23:21Z</time>
      </trkpt>
      <trkpt lat="44.3826" lon="-73.86933">
        <ele>964.15</ele>
        <time>2024-04-26T15:23:25Z</time>
      </trkpt>
      <trkpt lat="44.38258" lon="-73.86934">
        <ele>964.75</ele>
        <time>2024-04-26T15:23:31Z</time>
      </trkpt>
      <trkpt lat="44.38258" lon="-73.86934">
        <ele>964.75</ele>
        <time>2024-04-26T15:23:32Z</time>
      </trkpt>
      <trkpt lat="44.38256" lon="-73.86934">
        <ele>964.97</ele>
        <time>2024-04-26T15:23:41Z</time>
      </trkpt>
      <trkpt lat="44.38254" lon="-73.86935">
        <ele>965.51</ele>
        <time>2024-04-26T15:23:46Z</time>
      </trkpt>
      <trkpt lat="44.38253" lon="-73.86936">
        <ele>965.91</ele>
        <time>2024-04-26T15:23:49Z</time>
      </trkpt>
      <trkpt lat="44.38251" lon="-73.86936">
        <ele>966.15</ele>
        <time>2024-04-26T15:23:51Z</time>
      </trkpt>
      <trkpt lat="44.38248" lon="-73.86935">
        <ele>965.94</ele>
        <time>2024-04-26T15:23:56Z</time>
      </trkpt>
      <trkpt lat="44.38248" lon="-73.86935">
        <ele>965.94</ele>
        <time>2024-04-26T15:23:57Z</time>
      </trkpt>
      <trkpt lat="44.38246" lon="-73.86935">
        <ele>965.93</ele>
        <time>2024-04-26T15:24:00Z</time>
      </trkpt>
      <trkpt lat="44.38245" lon="-73.86936">
        <ele>966.31</ele>
        <time>2024-04-26T15:24:03Z</time>
      </trkpt>
      <trkpt lat="44.38245" lon="-73.86936">
        <ele>966.31</ele>
        <time>2024-04-26T15:24:04Z</time>
      </trkpt>
      <trkpt lat="44.38241" lon="-73.86939">
        <ele>967.64</ele>
        <time>2024-04-26T15:24:10Z</time>
      </trkpt>
      <trkpt lat="44.38241" lon="-73.86939">
        <ele>967.64</ele>
        <time>2024-04-26T15:24:12Z</time>
      </trkpt>
      <trkpt lat="44.3824" lon="-73.86942">
        <ele>968.86</ele>
        <time>2024-04-26T15:24:17Z</time>
      </trkpt>
      <trkpt lat="44.38239" lon="-73.86943">
        <ele>969.19</ele>
        <time>2024-04-26T15:24:20Z</time>
      </trkpt>
      <trkpt lat="44.38238" lon="-73.86944">
        <ele>969.51</ele>
        <time>2024-04-26T15:24:23Z</time>
      </trkpt>
      <trkpt lat="44.38238" lon="-73.86948">
        <ele>970.7</ele>
        <time>2024-04-26T15:24:28Z</time>
      </trkpt>
      <trkpt lat="44.38237" lon="-73.86951">
        <ele>971.58</ele>
        <time>2024-04-26T15:24:32Z</time>
      </trkpt>
      <trkpt lat="44.38236" lon="-73.86955">
        <ele>972.79</ele>
        <time>2024-04-26T15:24:36Z</time>
      </trkpt>
      <trkpt lat="44.38235" lon="-73.86957">
        <ele>973.33</ele>
        <time>2024-04-26T15:24:39Z</time>
      </trkpt>
      <trkpt lat="44.38233" lon="-73.8696">
        <ele>974.2</ele>
        <time>2024-04-26T15:24:44Z</time>
      </trkpt>
      <trkpt lat="44.38233" lon="-73.8696">
        <ele>974.2</ele>
        <time>2024-04-26T15:24:45Z</time>
      </trkpt>
      <trkpt lat="44.38231" lon="-73.86959">
        <ele>974.12</ele>
        <time>2024-04-26T15:24:51Z</time>
      </trkpt>
      <trkpt lat="44.38229" lon="-73.86959">
        <ele>974.03</ele>
        <time>2024-04-26T15:24:53Z</time>
      </trkpt>
      <trkpt lat="44.38226" lon="-73.8696">
        <ele>974.17</ele>
        <time>2024-04-26T15:24:57Z</time>
      </trkpt>
      <trkpt lat="44.38224" lon="-73.8696">
        <ele>974.1</ele>
        <time>2024-04-26T15:25:00Z</time>
      </trkpt>
      <trkpt lat="44.38221" lon="-73.86961">
        <ele>974.34</ele>
        <time>2024-04-26T15:25:05Z</time>
      </trkpt>
      <trkpt lat="44.3822" lon="-73.86961">
        <ele>974.31</ele>
        <time>2024-04-26T15:25:07Z</time>
      </trkpt>
      <trkpt lat="44.38218" lon="-73.86963">
        <ele>975.02</ele>
        <time>2024-04-26T15:25:12Z</time>
      </trkpt>
      <trkpt lat="44.38217" lon="-73.86964">
        <ele>975.45</ele>
        <time>2024-04-26T15:25:13Z</time>
      </trkpt>
      <trkpt lat="44.38212" lon="-73.86967">
        <ele>976.64</ele>
        <time>2024-04-26T15:25:19Z</time>
      </trkpt>
      <trkpt lat="44.38211" lon="-73.86968">
        <ele>976.96</ele>
        <time>2024-04-26T15:25:21Z</time>
      </trkpt>
      <trkpt lat="44.38208" lon="-73.86972">
        <ele>978.37</ele>
        <time>2024-04-26T15:25:28Z</time>
      </trkpt>
      <trkpt lat="44.38205" lon="-73.86976">
        <ele>979.36</ele>
        <time>2024-04-26T15:25:34Z</time>
      </trkpt>
      <trkpt lat="44.38205" lon="-73.86976">
        <ele>979.36</ele>
        <time>2024-04-26T15:25:36Z</time>
      </trkpt>
      <trkpt lat="44.38203" lon="-73.86979">
        <ele>980.18</ele>
        <time>2024-04-26T15:25:40Z</time>
      </trkpt>
      <trkpt lat="44.38201" lon="-73.86983">
        <ele>981.66</ele>
        <time>2024-04-26T15:25:44Z</time>
      </trkpt>
      <trkpt lat="44.38199" lon="-73.86987">
        <ele>983.38</ele>
        <time>2024-04-26T15:25:49Z</time>
      </trkpt>
      <trkpt lat="44.38197" lon="-73.86989">
        <ele>984.25</ele>
        <time>2024-04-26T15:25:51Z</time>
      </trkpt>
      <trkpt lat="44.38193" lon="-73.86991">
        <ele>985.11</ele>
        <time>2024-04-26T15:25:57Z</time>
      </trkpt>
      <trkpt lat="44.38192" lon="-73.86991">
        <ele>985.11</ele>
        <time>2024-04-26T15:25:59Z</time>
      </trkpt>
      <trkpt lat="44.38191" lon="-73.86993">
        <ele>985.98</ele>
        <time>2024-04-26T15:26:04Z</time>
      </trkpt>
      <trkpt lat="44.38191" lon="-73.86993">
        <ele>985.98</ele>
        <time>2024-04-26T15:26:05Z</time>
      </trkpt>
      <trkpt lat="44.38191" lon="-73.87">
        <ele>989.0</ele>
        <time>2024-04-26T15:26:12Z</time>
      </trkpt>
      <trkpt lat="44.38192" lon="-73.87001">
        <ele>989.24</ele>
        <time>2024-04-26T15:26:13Z</time>
      </trkpt>
      <trkpt lat="44.38191" lon="-73.87002">
        <ele>989.51</ele>
        <time>2024-04-26T15:26:17Z</time>
      </trkpt>
      <trkpt lat="44.38191" lon="-73.87004">
        <ele>990.02</ele>
        <time>2024-04-26T15:26:20Z</time>
      </trkpt>
      <trkpt lat="44.38191" lon="-73.87005">
        <ele>990.28</ele>
        <time>2024-04-26T15:26:22Z</time>
      </trkpt>
      <trkpt lat="44.3819" lon="-73.87006">
        <ele>990.61</ele>
        <time>2024-04-26T15:26:25Z</time>
      </trkpt>
      <trkpt lat="44.38189" lon="-73.87009">
        <ele>991.52</ele>
        <time>2024-04-26T15:26:29Z</time>
      </trkpt>
      <trkpt lat="44.3819" lon="-73.8701">
        <ele>991.68</ele>
        <time>2024-04-26T15:26:31Z</time>
      </trkpt>
      <trkpt lat="44.38189" lon="-73.87011">
        <ele>992.07</ele>
        <time>2024-04-26T15:26:34Z</time>
      </trkpt>
      <trkpt lat="44.38188" lon="-73.87014">
        <ele>993.08</ele>
        <time>2024-04-26T15:26:40Z</time>
      </trkpt>
      <trkpt lat="44.38188" lon="-73.87016">
        <ele>993.66</ele>
        <time>2024-04-26T15:26:42Z</time>
      </trkpt>
      <trkpt lat="44.38188" lon="-73.87019">
        <ele>994.5</ele>
        <time>2024-04-26T15:26:47Z</time>
      </trkpt>
      <trkpt lat="44.38187" lon="-73.87021">
        <ele>995.14</ele>
        <time>2024-04-26T15:26:49Z</time>
      </trkpt>
      <trkpt lat="44.38187" lon="-73.87023">
        <ele>995.58</ele>
        <time>2024-04-26T15:26:51Z</time>
      </trkpt>
      <trkpt lat="44.38186" lon="-73.87027">
        <ele>996.66</ele>
        <time>2024-04-26T15:26:56Z</time>
      </trkpt>
      <trkpt lat="44.38186" lon="-73.87028">
        <ele>996.87</ele>
        <time>2024-04-26T15:27:01Z</time>
      </trkpt>
      <trkpt lat="44.38186" lon="-73.87028">
        <ele>996.87</ele>
        <time>2024-04-26T15:27:03Z</time>
      </trkpt>
      <trkpt lat="44.38186" lon="-73.8703">
        <ele>997.28</ele>
        <time>2024-04-26T15:27:08Z</time>
      </trkpt>
      <trkpt lat="44.38186" lon="-73.8703">
        <ele>997.28</ele>
        <time>2024-04-26T15:27:10Z</time>
      </trkpt>
      <trkpt lat="44.38185" lon="-73.87032">
        <ele>997.96</ele>
        <time>2024-04-26T15:27:15Z</time>
      </trkpt>
      <trkpt lat="44.38185" lon="-73.87034">
        <ele>998.4</ele>
        <time>2024-04-26T15:27:22Z</time>
      </trkpt>
      <trkpt lat="44.38182" lon="-73.87033">
        <ele>999.01</ele>
        <time>2024-04-26T15:27:28Z</time>
      </trkpt>
      <trkpt lat="44.38179" lon="-73.87031">
        <ele>999.26</ele>
        <time>2024-04-26T15:27:32Z</time>
      </trkpt>
      <trkpt lat="44.38178" lon="-73.87029">
        <ele>998.92</ele>
        <time>2024-04-26T15:27:35Z</time>
      </trkpt>
      <trkpt lat="44.38176" lon="-73.87029">
        <ele>999.38</ele>
        <time>2024-04-26T15:27:38Z</time>
      </trkpt>
      <trkpt lat="44.38176" lon="-73.87029">
        <ele>999.38</ele>
        <time>2024-04-26T15:27:39Z</time>
      </trkpt>
      <trkpt lat="44.38172" lon="-73.87027">
        <ele>999.56</ele>
        <time>2024-04-26T15:27:46Z</time>
      </trkpt>
      <trkpt lat="44.38171" lon="-73.87026">
        <ele>999.39</ele>
        <time>2024-04-26T15:27:47Z</time>
      </trkpt>
      <trkpt lat="44.3817" lon="-73.87025">
        <ele>999.19</ele>
        <time>2024-04-26T15:27:52Z</time>
      </trkpt>
      <trkpt lat="44.38168" lon="-73.87023">
        <ele>998.72</ele>
        <time>2024-04-26T15:27:59Z</time>
      </trkpt>
      <trkpt lat="44.38166" lon="-73.87022">
        <ele>998.58</ele>
        <time>2024-04-26T15:28:04Z</time>
      </trkpt>
      <trkpt lat="44.38165" lon="-73.87022">
        <ele>998.68</ele>
        <time>2024-04-26T15:28:07Z</time>
      </trkpt>
      <trkpt lat="44.3816" lon="-73.87018">
        <ele>997.51</ele>
        <time>2024-04-26T15:28:14Z</time>
      </trkpt>
      <trkpt lat="44.38159" lon="-73.87019">
        <ele>998.04</ele>
        <time>2024-04-26T15:28:22Z</time>
      </trkpt>
      <trkpt lat="44.38157" lon="-73.8702">
        <ele>998.68</ele>
        <time>2024-04-26T15:28:24Z</time>
      </trkpt>
      <trkpt lat="44.38156" lon="-73.8702">
        <ele>998.79</ele>
        <time>2024-04-26T15:28:30Z</time>
      </trkpt>
      <trkpt lat="44.38153" lon="-73.8702">
        <ele>999.12</ele>
        <time>2024-04-26T15:28:35Z</time>
      </trkpt>
      <trkpt lat="44.38149" lon="-73.87021">
        <ele>999.98</ele>
        <time>2024-04-26T15:28:39Z</time>
      </trkpt>
      <trkpt lat="44.38146" lon="-73.87021">
        <ele>1000.13</ele>
        <time>2024-04-26T15:28:43Z</time>
      </trkpt>
      <trkpt lat="44.38145" lon="-73.87021">
        <ele>1000.16</ele>
        <time>2024-04-26T15:28:46Z</time>
      </trkpt>
      <trkpt lat="44.38143" lon="-73.87021">
        <ele>1000.22</ele>
        <time>2024-04-26T15:28:49Z</time>
      </trkpt>
      <trkpt lat="44.38139" lon="-73.87021">
        <ele>1000.34</ele>
        <time>2024-04-26T15:28:55Z</time>
      </trkpt>
      <trkpt lat="44.38136" lon="-73.8702">
        <ele>1000.11</ele>
        <time>2024-04-26T15:29:00Z</time>
      </trkpt>
      <trkpt lat="44.38134" lon="-73.8702">
        <ele>1000.33</ele>
        <time>2024-04-26T15:29:02Z</time>
      </trkpt>
      <trkpt lat="44.38131" lon="-73.87021">
        <ele>1001.19</ele>
        <time>2024-04-26T15:29:09Z</time>
      </trkpt>
      <trkpt lat="44.38128" lon="-73.87022">
        <ele>1002.06</ele>
        <time>2024-04-26T15:29:13Z</time>
      </trkpt>
      <trkpt lat="44.38127" lon="-73.87021">
        <ele>1001.62</ele>
        <time>2024-04-26T15:29:16Z</time>
      </trkpt>
      <trkpt lat="44.38125" lon="-73.87021">
        <ele>1001.84</ele>
        <time>2024-04-26T15:29:20Z</time>
      </trkpt>
      <trkpt lat="44.38119" lon="-73.87022">
        <ele>1003.03</ele>
        <time>2024-04-26T15:29:28Z</time>
      </trkpt>
      <trkpt lat="44.38115" lon="-73.8702">
        <ele>1002.38</ele>
        <time>2024-04-26T15:29:35Z</time>
      </trkpt>
      <trkpt lat="44.3811" lon="-73.87019">
        <ele>1002.38</ele>
        <time>2024-04-26T15:29:40Z</time>
      </trkpt>
      <trkpt lat="44.38101" lon="-73.87017">
        <ele>1002.51</ele>
        <time>2024-04-26T15:29:49Z</time>
      </trkpt>
      <trkpt lat="44.38099" lon="-73.87016">
        <ele>1002.44</ele>
        <time>2024-04-26T15:29:52Z</time>
      </trkpt>
      <trkpt lat="44.38098" lon="-73.87018">
        <ele>1003.58</ele>
        <time>2024-04-26T15:29:57Z</time>
      </trkpt>
      <trkpt lat="44.38098" lon="-73.87017">
        <ele>1003.11</ele>
        <time>2024-04-26T15:29:59Z</time>
      </trkpt>
      <trkpt lat="44.38094" lon="-73.87016">
        <ele>1003.38</ele>
        <time>2024-04-26T15:30:04Z</time>
      </trkpt>
      <trkpt lat="44.38089" lon="-73.87017">
        <ele>1004.63</ele>
        <time>2024-04-26T15:30:11Z</time>
      </trkpt>
      <trkpt lat="44.38089" lon="-73.87017">
        <ele>1004.63</ele>
        <time>2024-04-26T15:30:13Z</time>
      </trkpt>
      <trkpt lat="44.38088" lon="-73.87017">
        <ele>1004.76</ele>
        <time>2024-04-26T15:30:25Z</time>
      </trkpt>
      <trkpt lat="44.38086" lon="-73.87016">
        <ele>1004.55</ele>
        <time>2024-04-26T15:30:31Z</time>
      </trkpt>
      <trkpt lat="44.38086" lon="-73.87016">
        <ele>1004.55</ele>
        <time>2024-04-26T15:30:34Z</time>
      </trkpt>
      <trkpt lat="44.38086" lon="-73.87016">
        <ele>1004.55</ele>
        <time>2024-04-26T15:30:37Z</time>
      </trkpt>
      <trkpt lat="44.38086" lon="-73.87016">
        <ele>1004.55</ele>
        <time>2024-04-26T15:30:40Z</time>
      </trkpt>
      <trkpt lat="44.38086" lon="-73.87017">
        <ele>1005.01</ele>
        <time>2024-04-26T15:30:49Z</time>
      </trkpt>
      <trkpt lat="44.38087" lon="-73.87017">
        <ele>1004.88</ele>
        <time>2024-04-26T15:30:52Z</time>
      </trkpt>
      <trkpt lat="44.38085" lon="-73.87018">
        <ele>1005.59</ele>
        <time>2024-04-26T15:30:57Z</time>
      </trkpt>
      <trkpt lat="44.38085" lon="-73.87018">
        <ele>1005.59</ele>
        <time>2024-04-26T15:30:58Z</time>
      </trkpt>
      <trkpt lat="44.38083" lon="-73.87018">
        <ele>1005.81</ele>
        <time>2024-04-26T15:31:01Z</time>
      </trkpt>
      <trkpt lat="44.3808" lon="-73.87019">
        <ele>1006.57</ele>
        <time>2024-04-26T15:31:07Z</time>
      </trkpt>
      <trkpt lat="44.38078" lon="-73.87021">
        <ele>1007.65</ele>
        <time>2024-04-26T15:31:10Z</time>
      </trkpt>
      <trkpt lat="44.38076" lon="-73.87021">
        <ele>1007.86</ele>
        <time>2024-04-26T15:31:16Z</time>
      </trkpt>
      <trkpt lat="44.38077" lon="-73.87018">
        <ele>1006.46</ele>
        <time>2024-04-26T15:31:26Z</time>
      </trkpt>
      <trkpt lat="44.38076" lon="-73.87018">
        <ele>1006.57</ele>
        <time>2024-04-26T15:31:37Z</time>
      </trkpt>
      <trkpt lat="44.38076" lon="-73.87019">
        <ele>1007.0</ele>
        <time>2024-04-26T15:31:41Z</time>
      </trkpt>
      <trkpt lat="44.38075" lon="-73.87019">
        <ele>1007.11</ele>
        <time>2024-04-26T15:31:46Z</time>
      </trkpt>
      <trkpt lat="44.38075" lon="-73.8702">
        <ele>1007.54</ele>
        <time>2024-04-26T15:31:49Z</time>
      </trkpt>
      <trkpt lat="44.38073" lon="-73.8702">
        <ele>1007.76</ele>
        <time>2024-04-26T15:31:54Z</time>
      </trkpt>
      <trkpt lat="44.38073" lon="-73.87021">
        <ele>1008.19</ele>
        <time>2024-04-26T15:31:57Z</time>
      </trkpt>
      <trkpt lat="44.38069" lon="-73.87023">
        <ele>1009.48</ele>
        <time>2024-04-26T15:32:06Z</time>
      </trkpt>
      <trkpt lat="44.38065" lon="-73.87025">
        <ele>1010.78</ele>
        <time>2024-04-26T15:32:13Z</time>
      </trkpt>
      <trkpt lat="44.38064" lon="-73.87025">
        <ele>1010.83</ele>
        <time>2024-04-26T15:32:14Z</time>
      </trkpt>
      <trkpt lat="44.38061" lon="-73.87025">
        <ele>1010.92</ele>
        <time>2024-04-26T15:32:19Z</time>
      </trkpt>
      <trkpt lat="44.38059" lon="-73.87026">
        <ele>1011.35</ele>
        <time>2024-04-26T15:32:22Z</time>
      </trkpt>
      <trkpt lat="44.38055" lon="-73.87027">
        <ele>1011.81</ele>
        <time>2024-04-26T15:32:29Z</time>
      </trkpt>
      <trkpt lat="44.38055" lon="-73.87027">
        <ele>1011.81</ele>
        <time>2024-04-26T15:32:31Z</time>
      </trkpt>
      <trkpt lat="44.38053" lon="-73.87028">
        <ele>1012.37</ele>
        <time>2024-04-26T15:32:39Z</time>
      </trkpt>
      <trkpt lat="44.38052" lon="-73.87028">
        <ele>1012.47</ele>
        <time>2024-04-26T15:32:42Z</time>
      </trkpt>
      <trkpt lat="44.3805" lon="-73.87028">
        <ele>1012.68</ele>
        <time>2024-04-26T15:32:46Z</time>
      </trkpt>
      <trkpt lat="44.38047" lon="-73.8703">
        <ele>1013.66</ele>
        <time>2024-04-26T15:32:54Z</time>
      </trkpt>
      <trkpt lat="44.38046" lon="-73.87029">
        <ele>1013.43</ele>
        <time>2024-04-26T15:32:57Z</time>
      </trkpt>
      <trkpt lat="44.38044" lon="-73.87029">
        <ele>1013.64</ele>
        <time>2024-04-26T15:33:01Z</time>
      </trkpt>
      <trkpt lat="44.38043" lon="-73.8703">
        <ele>1014.08</ele>
        <time>2024-04-26T15:33:02Z</time>
      </trkpt>
      <trkpt lat="44.38041" lon="-73.8703">
        <ele>1014.29</ele>
        <time>2024-04-26T15:33:08Z</time>
      </trkpt>
      <trkpt lat="44.3804" lon="-73.8703">
        <ele>1014.4</ele>
        <time>2024-04-26T15:33:10Z</time>
      </trkpt>
      <trkpt lat="44.38039" lon="-73.87031">
        <ele>1014.83</ele>
        <time>2024-04-26T15:33:12Z</time>
      </trkpt>
      <trkpt lat="44.38039" lon="-73.87031">
        <ele>1014.83</ele>
        <time>2024-04-26T15:33:19Z</time>
      </trkpt>
      <trkpt lat="44.38039" lon="-73.87031">
        <ele>1014.83</ele>
        <time>2024-04-26T15:33:20Z</time>
      </trkpt>
      <trkpt lat="44.38036" lon="-73.87031">
        <ele>1015.04</ele>
        <time>2024-04-26T15:33:26Z</time>
      </trkpt>
      <trkpt lat="44.38035" lon="-73.87031">
        <ele>1015.04</ele>
        <time>2024-04-26T15:33:30Z</time>
      </trkpt>
      <trkpt lat="44.38033" lon="-73.87031">
        <ele>1015.04</ele>
        <time>2024-04-26T15:33:33Z</time>
      </trkpt>
      <trkpt lat="44.38031" lon="-73.87033">
        <ele>1015.69</ele>
        <time>2024-04-26T15:33:40Z</time>
      </trkpt>
      <trkpt lat="44.3803" lon="-73.87034">
        <ele>1016.02</ele>
        <time>2024-04-26T15:33:46Z</time>
      </trkpt>
      <trkpt lat="44.38029" lon="-73.87034">
        <ele>1016.02</ele>
        <time>2024-04-26T15:33:49Z</time>
      </trkpt>
      <trkpt lat="44.38024" lon="-73.87034">
        <ele>1016.42</ele>
        <time>2024-04-26T15:33:56Z</time>
      </trkpt>
      <trkpt lat="44.38021" lon="-73.87033">
        <ele>1016.42</ele>
        <time>2024-04-26T15:33:59Z</time>
      </trkpt>
      <trkpt lat="44.38016" lon="-73.87035">
        <ele>1017.61</ele>
        <time>2024-04-26T15:34:05Z</time>
      </trkpt>
      <trkpt lat="44.38016" lon="-73.87036">
        <ele>1017.94</ele>
        <time>2024-04-26T15:34:08Z</time>
      </trkpt>
      <trkpt lat="44.38014" lon="-73.87036">
        <ele>1018.15</ele>
        <time>2024-04-26T15:34:12Z</time>
      </trkpt>
      <trkpt lat="44.38012" lon="-73.87038">
        <ele>1019.09</ele>
        <time>2024-04-26T15:34:18Z</time>
      </trkpt>
      <trkpt lat="44.38011" lon="-73.87039">
        <ele>1019.62</ele>
        <time>2024-04-26T15:34:22Z</time>
      </trkpt>
      <trkpt lat="44.38008" lon="-73.8704">
        <ele>1020.42</ele>
        <time>2024-04-26T15:34:27Z</time>
      </trkpt>
      <trkpt lat="44.38008" lon="-73.87041">
        <ele>1020.85</ele>
        <time>2024-04-26T15:34:28Z</time>
      </trkpt>
      <trkpt lat="44.38007" lon="-73.87042">
        <ele>1021.39</ele>
        <time>2024-04-26T15:34:35Z</time>
      </trkpt>
      <trkpt lat="44.38005" lon="-73.87042">
        <ele>1021.6</ele>
        <time>2024-04-26T15:34:41Z</time>
      </trkpt>
      <trkpt lat="44.38005" lon="-73.87042">
        <ele>1021.6</ele>
        <time>2024-04-26T15:34:42Z</time>
      </trkpt>
      <trkpt lat="44.38003" lon="-73.87043">
        <ele>1022.25</ele>
        <time>2024-04-26T15:34:45Z</time>
      </trkpt>
      <trkpt lat="44.38003" lon="-73.87043">
        <ele>1022.25</ele>
        <time>2024-04-26T15:34:48Z</time>
      </trkpt>
      <trkpt lat="44.38002" lon="-73.87045">
        <ele>1023.22</ele>
        <time>2024-04-26T15:34:53Z</time>
      </trkpt>
      <trkpt lat="44.38001" lon="-73.87046">
        <ele>1023.76</ele>
        <time>2024-04-26T15:34:55Z</time>
      </trkpt>
      <trkpt lat="44.38" lon="-73.87047">
        <ele>1024.23</ele>
        <time>2024-04-26T15:34:58Z</time>
      </trkpt>
      <trkpt lat="44.37998" lon="-73.87048">
        <ele>1024.81</ele>
        <time>2024-04-26T15:35:00Z</time>
      </trkpt>
      <trkpt lat="44.37997" lon="-73.87048">
        <ele>1024.94</ele>
        <time>2024-04-26T15:35:01Z</time>
      </trkpt>
      <trkpt lat="44.37996" lon="-73.8705">
        <ele>1025.8</ele>
        <time>2024-04-26T15:35:06Z</time>
      </trkpt>
      <trkpt lat="44.37994" lon="-73.87051">
        <ele>1026.5</ele>
        <time>2024-04-26T15:35:08Z</time>
      </trkpt>
      <trkpt lat="44.37993" lon="-73.87052">
        <ele>1027.07</ele>
        <time>2024-04-26T15:35:11Z</time>
      </trkpt>
      <trkpt lat="44.37992" lon="-73.87053">
        <ele>1027.66</ele>
        <time>2024-04-26T15:35:14Z</time>
      </trkpt>
      <trkpt lat="44.37991" lon="-73.87053">
        <ele>1027.85</ele>
        <time>2024-04-26T15:35:15Z</time>
      </trkpt>
      <trkpt lat="44.37989" lon="-73.87053">
        <ele>1027.95</ele>
        <time>2024-04-26T15:35:18Z</time>
      </trkpt>
      <trkpt lat="44.37987" lon="-73.87054">
        <ele>1028.4</ele>
        <time>2024-04-26T15:35:21Z</time>
      </trkpt>
      <trkpt lat="44.37983" lon="-73.87056">
        <ele>1029.14</ele>
        <time>2024-04-26T15:35:28Z</time>
      </trkpt>
      <trkpt lat="44.37983" lon="-73.87056">
        <ele>1029.14</ele>
        <time>2024-04-26T15:35:29Z</time>
      </trkpt>
      <trkpt lat="44.37981" lon="-73.87058">
        <ele>1029.84</ele>
        <time>2024-04-26T15:35:34Z</time>
      </trkpt>
      <trkpt lat="44.37979" lon="-73.87062">
        <ele>1031.36</ele>
        <time>2024-04-26T15:35:43Z</time>
      </trkpt>
      <trkpt lat="44.37978" lon="-73.87063">
        <ele>1031.79</ele>
        <time>2024-04-26T15:35:53Z</time>
      </trkpt>
      <trkpt lat="44.37978" lon="-73.87062">
        <ele>1031.46</ele>
        <time>2024-04-26T15:36:06Z</time>
      </trkpt>
      <trkpt lat="44.37978" lon="-73.87063">
        <ele>1031.79</ele>
        <time>2024-04-26T15:36:10Z</time>
      </trkpt>
      <trkpt lat="44.37978" lon="-73.87064">
        <ele>1032.11</ele>
        <time>2024-04-26T15:36:12Z</time>
      </trkpt>
      <trkpt lat="44.37978" lon="-73.87065">
        <ele>1032.44</ele>
        <time>2024-04-26T15:36:13Z</time>
      </trkpt>
      <trkpt lat="44.37978" lon="-73.87067">
        <ele>1033.08</ele>
        <time>2024-04-26T15:36:16Z</time>
      </trkpt>
      <trkpt lat="44.37978" lon="-73.87069">
        <ele>1033.73</ele>
        <time>2024-04-26T15:36:20Z</time>
      </trkpt>
      <trkpt lat="44.37978" lon="-73.8707">
        <ele>1034.06</ele>
        <time>2024-04-26T15:36:22Z</time>
      </trkpt>
      <trkpt lat="44.37978" lon="-73.87071">
        <ele>1034.38</ele>
        <time>2024-04-26T15:36:23Z</time>
      </trkpt>
      <trkpt lat="44.37978" lon="-73.87074">
        <ele>1035.35</ele>
        <time>2024-04-26T15:36:26Z</time>
      </trkpt>
      <trkpt lat="44.37977" lon="-73.87077">
        <ele>1036.43</ele>
        <time>2024-04-26T15:36:30Z</time>
      </trkpt>
      <trkpt lat="44.37977" lon="-73.87077">
        <ele>1036.43</ele>
        <time>2024-04-26T15:36:31Z</time>
      </trkpt>
      <trkpt lat="44.37977" lon="-73.87077">
        <ele>1036.43</ele>
        <time>2024-04-26T15:36:32Z</time>
      </trkpt>
      <trkpt lat="44.37978" lon="-73.87081">
        <ele>1037.62</ele>
        <time>2024-04-26T15:36:40Z</time>
      </trkpt>
      <trkpt lat="44.3798" lon="-73.87082">
        <ele>1037.73</ele>
        <time>2024-04-26T15:36:48Z</time>
      </trkpt>
      <trkpt lat="44.37981" lon="-73.87083">
        <ele>1037.94</ele>
        <time>2024-04-26T15:36:55Z</time>
      </trkpt>
      <trkpt lat="44.37981" lon="-73.87083">
        <ele>1037.94</ele>
        <time>2024-04-26T15:37:00Z</time>
      </trkpt>
      <trkpt lat="44.3798" lon="-73.87085">
        <ele>1038.67</ele>
        <time>2024-04-26T15:37:07Z</time>
      </trkpt>
      <trkpt lat="44.37979" lon="-73.87085">
        <ele>1038.76</ele>
        <time>2024-04-26T15:37:18Z</time>
      </trkpt>
      <trkpt lat="44.37979" lon="-73.87085">
        <ele>1038.76</ele>
        <time>2024-04-26T15:37:21Z</time>
      </trkpt>
      <trkpt lat="44.37979" lon="-73.87085">
        <ele>1038.76</ele>
        <time>2024-04-26T15:37:26Z</time>
      </trkpt>
      <trkpt lat="44.37978" lon="-73.87085">
        <ele>1038.85</ele>
        <time>2024-04-26T15:37:37Z</time>
      </trkpt>
      <trkpt lat="44.37978" lon="-73.87085">
        <ele>1038.85</ele>
        <time>2024-04-26T15:37:40Z</time>
      </trkpt>
      <trkpt lat="44.37977" lon="-73.87085">
        <ele>1038.94</ele>
        <time>2024-04-26T15:37:42Z</time>
      </trkpt>
      <trkpt lat="44.37977" lon="-73.87085">
        <ele>1038.94</ele>
        <time>2024-04-26T15:37:44Z</time>
      </trkpt>
      <trkpt lat="44.37977" lon="-73.87084">
        <ele>1038.67</ele>
        <time>2024-04-26T15:37:45Z</time>
      </trkpt>
      <trkpt lat="44.37977" lon="-73.87086">
        <ele>1039.21</ele>
        <time>2024-04-26T15:37:49Z</time>
      </trkpt>
      <trkpt lat="44.37977" lon="-73.87087">
        <ele>1039.48</ele>
        <time>2024-04-26T15:37:50Z</time>
      </trkpt>
      <trkpt lat="44.37977" lon="-73.87088">
        <ele>1039.75</ele>
        <time>2024-04-26T15:37:53Z</time>
      </trkpt>
      <trkpt lat="44.37976" lon="-73.87088">
        <ele>1039.81</ele>
        <time>2024-04-26T15:37:57Z</time>
      </trkpt>
      <trkpt lat="44.37975" lon="-73.87089">
        <ele>1040.11</ele>
        <time>2024-04-26T15:38:01Z</time>
      </trkpt>
      <trkpt lat="44.37975" lon="-73.87089">
        <ele>1040.11</ele>
        <time>2024-04-26T15:38:03Z</time>
      </trkpt>
      <trkpt lat="44.37975" lon="-73.8709">
        <ele>1040.36</ele>
        <time>2024-04-26T15:38:04Z</time>
      </trkpt>
      <trkpt lat="44.37973" lon="-73.87095">
        <ele>1041.78</ele>
        <time>2024-04-26T15:38:10Z</time>
      </trkpt>
      <trkpt lat="44.37973" lon="-73.87096">
        <ele>1042.1</ele>
        <time>2024-04-26T15:38:12Z</time>
      </trkpt>
      <trkpt lat="44.37973" lon="-73.871">
        <ele>1043.4</ele>
        <time>2024-04-26T15:38:18Z</time>
      </trkpt>
      <trkpt lat="44.37972" lon="-73.87101">
        <ele>1043.72</ele>
        <time>2024-04-26T15:38:19Z</time>
      </trkpt>
      <trkpt lat="44.37972" lon="-73.87107">
        <ele>1045.67</ele>
        <time>2024-04-26T15:38:26Z</time>
      </trkpt>
      <trkpt lat="44.37972" lon="-73.87109">
        <ele>1046.32</ele>
        <time>2024-04-26T15:38:32Z</time>
      </trkpt>
      <trkpt lat="44.37971" lon="-73.87109">
        <ele>1046.32</ele>
        <time>2024-04-26T15:38:33Z</time>
      </trkpt>
      <trkpt lat="44.3797" lon="-73.87111">
        <ele>1046.96</ele>
        <time>2024-04-26T15:38:38Z</time>
      </trkpt>
      <trkpt lat="44.37968" lon="-73.87115">
        <ele>1048.03</ele>
        <time>2024-04-26T15:38:43Z</time>
      </trkpt>
      <trkpt lat="44.37967" lon="-73.87118">
        <ele>1048.91</ele>
        <time>2024-04-26T15:38:46Z</time>
      </trkpt>
      <trkpt lat="44.37966" lon="-73.87122">
        <ele>1050.08</ele>
        <time>2024-04-26T15:38:50Z</time>
      </trkpt>
      <trkpt lat="44.37966" lon="-73.87125">
        <ele>1050.84</ele>
        <time>2024-04-26T15:38:54Z</time>
      </trkpt>
      <trkpt lat="44.37966" lon="-73.87127">
        <ele>1051.34</ele>
        <time>2024-04-26T15:38:59Z</time>
      </trkpt>
      <trkpt lat="44.37966" lon="-73.8713">
        <ele>1052.08</ele>
        <time>2024-04-26T15:39:08Z</time>
      </trkpt>
      <trkpt lat="44.37966" lon="-73.8713">
        <ele>1052.08</ele>
        <time>2024-04-26T15:39:09Z</time>
      </trkpt>
      <trkpt lat="44.37966" lon="-73.87132">
        <ele>1052.51</ele>
        <time>2024-04-26T15:39:17Z</time>
      </trkpt>
      <trkpt lat="44.37966" lon="-73.87133">
        <ele>1052.73</ele>
        <time>2024-04-26T15:39:19Z</time>
      </trkpt>
      <trkpt lat="44.37965" lon="-73.87133">
        <ele>1052.73</ele>
        <time>2024-04-26T15:39:23Z</time>
      </trkpt>
      <trkpt lat="44.37964" lon="-73.87135">
        <ele>1053.16</ele>
        <time>2024-04-26T15:39:25Z</time>
      </trkpt>
      <trkpt lat="44.37964" lon="-73.8714">
        <ele>1054.24</ele>
        <time>2024-04-26T15:39:29Z</time>
      </trkpt>
      <trkpt lat="44.37964" lon="-73.87144">
        <ele>1055.1</ele>
        <time>2024-04-26T15:39:34Z</time>
      </trkpt>
      <trkpt lat="44.37964" lon="-73.87145">
        <ele>1055.32</ele>
        <time>2024-04-26T15:39:35Z</time>
      </trkpt>
      <trkpt lat="44.37966" lon="-73.87153">
        <ele>1057.57</ele>
        <time>2024-04-26T15:39:42Z</time>
      </trkpt>
      <trkpt lat="44.37967" lon="-73.87158">
        <ele>1059.13</ele>
        <time>2024-04-26T15:39:48Z</time>
      </trkpt>
      <trkpt lat="44.37968" lon="-73.87165">
        <ele>1060.64</ele>
        <time>2024-04-26T15:39:55Z</time>
      </trkpt>
      <trkpt lat="44.37968" lon="-73.87168">
        <ele>1061.21</ele>
        <time>2024-04-26T15:39:57Z</time>
      </trkpt>
      <trkpt lat="44.37967" lon="-73.87171">
        <ele>1061.73</ele>
        <time>2024-04-26T15:40:02Z</time>
      </trkpt>
      <trkpt lat="44.37967" lon="-73.87171">
        <ele>1061.73</ele>
        <time>2024-04-26T15:40:03Z</time>
      </trkpt>
      <trkpt lat="44.37966" lon="-73.87173">
        <ele>1062.14</ele>
        <time>2024-04-26T15:40:05Z</time>
      </trkpt>
      <trkpt lat="44.37964" lon="-73.87176">
        <ele>1062.9</ele>
        <time>2024-04-26T15:40:11Z</time>
      </trkpt>
      <trkpt lat="44.37964" lon="-73.87177">
        <ele>1063.02</ele>
        <time>2024-04-26T15:40:12Z</time>
      </trkpt>
      <trkpt lat="44.37963" lon="-73.8718">
        <ele>1063.44</ele>
        <time>2024-04-26T15:40:18Z</time>
      </trkpt>
      <trkpt lat="44.37963" lon="-73.87181">
        <ele>1063.55</ele>
        <time>2024-04-26T15:40:19Z</time>
      </trkpt>
      <trkpt lat="44.37963" lon="-73.87188">
        <ele>1064.61</ele>
        <time>2024-04-26T15:40:27Z</time>
      </trkpt>
      <trkpt lat="44.37962" lon="-73.87188">
        <ele>1064.61</ele>
        <time>2024-04-26T15:40:28Z</time>
      </trkpt>
      <trkpt lat="44.3796" lon="-73.87192">
        <ele>1065.47</ele>
        <time>2024-04-26T15:40:34Z</time>
      </trkpt>
      <trkpt lat="44.37959" lon="-73.87193">
        <ele>1065.69</ele>
        <time>2024-04-26T15:40:35Z</time>
      </trkpt>
      <trkpt lat="44.37959" lon="-73.87197">
        <ele>1066.43</ele>
        <time>2024-04-26T15:40:40Z</time>
      </trkpt>
      <trkpt lat="44.37958" lon="-73.872">
        <ele>1066.88</ele>
        <time>2024-04-26T15:40:43Z</time>
      </trkpt>
      <trkpt lat="44.37958" lon="-73.87203">
        <ele>1067.35</ele>
        <time>2024-04-26T15:40:46Z</time>
      </trkpt>
      <trkpt lat="44.37958" lon="-73.87205">
        <ele>1067.74</ele>
        <time>2024-04-26T15:40:51Z</time>
      </trkpt>
      <trkpt lat="44.37958" lon="-73.87207">
        <ele>1068.18</ele>
        <time>2024-04-26T15:40:53Z</time>
      </trkpt>
      <trkpt lat="44.37957" lon="-73.87208">
        <ele>1068.28</ele>
        <time>2024-04-26T15:40:56Z</time>
      </trkpt>
      <trkpt lat="44.37956" lon="-73.87208">
        <ele>1068.18</ele>
        <time>2024-04-26T15:40:59Z</time>
      </trkpt>
      <trkpt lat="44.37953" lon="-73.87211">
        <ele>1068.58</ele>
        <time>2024-04-26T15:41:03Z</time>
      </trkpt>
      <trkpt lat="44.37952" lon="-73.87214">
        <ele>1069.22</ele>
        <time>2024-04-26T15:41:06Z</time>
      </trkpt>
      <trkpt lat="44.37949" lon="-73.87218">
        <ele>1070.09</ele>
        <time>2024-04-26T15:41:12Z</time>
      </trkpt>
      <trkpt lat="44.37946" lon="-73.87223">
        <ele>1071.17</ele>
        <time>2024-04-26T15:41:19Z</time>
      </trkpt>
      <trkpt lat="44.37945" lon="-73.87224">
        <ele>1071.38</ele>
        <time>2024-04-26T15:41:21Z</time>
      </trkpt>
      <trkpt lat="44.37943" lon="-73.87228">
        <ele>1072.09</ele>
        <time>2024-04-26T15:41:26Z</time>
      </trkpt>
      <trkpt lat="44.3794" lon="-73.87231">
        <ele>1072.42</ele>
        <time>2024-04-26T15:41:32Z</time>
      </trkpt>
      <trkpt lat="44.3794" lon="-73.87229">
        <ele>1071.98</ele>
        <time>2024-04-26T15:41:37Z</time>
      </trkpt>
      <trkpt lat="44.37938" lon="-73.87231">
        <ele>1072.2</ele>
        <time>2024-04-26T15:41:47Z</time>
      </trkpt>
      <trkpt lat="44.37936" lon="-73.87234">
        <ele>1072.61</ele>
        <time>2024-04-26T15:41:52Z</time>
      </trkpt>
      <trkpt lat="44.37934" lon="-73.87237">
        <ele>1073.06</ele>
        <time>2024-04-26T15:41:55Z</time>
      </trkpt>
      <trkpt lat="44.37931" lon="-73.8724">
        <ele>1073.39</ele>
        <time>2024-04-26T15:42:01Z</time>
      </trkpt>
      <trkpt lat="44.3793" lon="-73.87241">
        <ele>1073.5</ele>
        <time>2024-04-26T15:42:03Z</time>
      </trkpt>
      <trkpt lat="44.37929" lon="-73.87243">
        <ele>1073.82</ele>
        <time>2024-04-26T15:42:10Z</time>
      </trkpt>
      <trkpt lat="44.37928" lon="-73.87243">
        <ele>1073.71</ele>
        <time>2024-04-26T15:42:11Z</time>
      </trkpt>
      <trkpt lat="44.37926" lon="-73.87247">
        <ele>1074.36</ele>
        <time>2024-04-26T15:42:17Z</time>
      </trkpt>
      <trkpt lat="44.37926" lon="-73.87248">
        <ele>1074.58</ele>
        <time>2024-04-26T15:42:19Z</time>
      </trkpt>
      <trkpt lat="44.37926" lon="-73.87248">
        <ele>1074.58</ele>
        <time>2024-04-26T15:42:24Z</time>
      </trkpt>
      <trkpt lat="44.37923" lon="-73.8725">
        <ele>1075.0</ele>
        <time>2024-04-26T15:42:32Z</time>
      </trkpt>
      <trkpt lat="44.37921" lon="-73.87251">
        <ele>1075.22</ele>
        <time>2024-04-26T15:42:36Z</time>
      </trkpt>
      <trkpt lat="44.3792" lon="-73.87251">
        <ele>1075.22</ele>
        <time>2024-04-26T15:42:38Z</time>
      </trkpt>
      <trkpt lat="44.37918" lon="-73.87252">
        <ele>1075.43</ele>
        <time>2024-04-26T15:42:43Z</time>
      </trkpt>
      <trkpt lat="44.37917" lon="-73.87251">
        <ele>1075.22</ele>
        <time>2024-04-26T15:42:46Z</time>
      </trkpt>
      <trkpt lat="44.37915" lon="-73.87252">
        <ele>1075.29</ele>
        <time>2024-04-26T15:42:50Z</time>
      </trkpt>
      <trkpt lat="44.37913" lon="-73.87253">
        <ele>1075.38</ele>
        <time>2024-04-26T15:42:55Z</time>
      </trkpt>
      <trkpt lat="44.37911" lon="-73.87254">
        <ele>1075.52</ele>
        <time>2024-04-26T15:43:02Z</time>
      </trkpt>
      <trkpt lat="44.37911" lon="-73.87254">
        <ele>1075.52</ele>
        <time>2024-04-26T15:43:03Z</time>
      </trkpt>
      <trkpt lat="44.3791" lon="-73.87255">
        <ele>1075.75</ele>
        <time>2024-04-26T15:43:09Z</time>
      </trkpt>
      <trkpt lat="44.37907" lon="-73.87257">
        <ele>1076.27</ele>
        <time>2024-04-26T15:43:15Z</time>
      </trkpt>
      <trkpt lat="44.37907" lon="-73.87257">
        <ele>1076.27</ele>
        <time>2024-04-26T15:43:16Z</time>
      </trkpt>
      <trkpt lat="44.37903" lon="-73.87258">
        <ele>1076.59</ele>
        <time>2024-04-26T15:43:22Z</time>
      </trkpt>
      <trkpt lat="44.37903" lon="-73.87259">
        <ele>1076.92</ele>
        <time>2024-04-26T15:43:23Z</time>
      </trkpt>
      <trkpt lat="44.37902" lon="-73.87262">
        <ele>1077.72</ele>
        <time>2024-04-26T15:43:29Z</time>
      </trkpt>
      <trkpt lat="44.37902" lon="-73.87262">
        <ele>1077.72</ele>
        <time>2024-04-26T15:43:31Z</time>
      </trkpt>
      <trkpt lat="44.379" lon="-73.87264">
        <ele>1078.13</ele>
        <time>2024-04-26T15:43:36Z</time>
      </trkpt>
      <trkpt lat="44.379" lon="-73.87265">
        <ele>1078.36</ele>
        <time>2024-04-26T15:43:37Z</time>
      </trkpt>
      <trkpt lat="44.379" lon="-73.87266">
        <ele>1078.6</ele>
        <time>2024-04-26T15:43:42Z</time>
      </trkpt>
      <trkpt lat="44.37901" lon="-73.87272">
        <ele>1080.32</ele>
        <time>2024-04-26T15:43:48Z</time>
      </trkpt>
      <trkpt lat="44.37902" lon="-73.87277">
        <ele>1081.78</ele>
        <time>2024-04-26T15:43:54Z</time>
      </trkpt>
      <trkpt lat="44.37902" lon="-73.87278">
        <ele>1082.07</ele>
        <time>2024-04-26T15:43:56Z</time>
      </trkpt>
      <trkpt lat="44.37902" lon="-73.8728">
        <ele>1082.72</ele>
        <time>2024-04-26T15:44:01Z</time>
      </trkpt>
      <trkpt lat="44.37903" lon="-73.87282">
        <ele>1083.37</ele>
        <time>2024-04-26T15:44:04Z</time>
      </trkpt>
      <trkpt lat="44.37904" lon="-73.87283">
        <ele>1083.69</ele>
        <time>2024-04-26T15:44:13Z</time>
      </trkpt>
      <trkpt lat="44.37905" lon="-73.87285">
        <ele>1084.34</ele>
        <time>2024-04-26T15:44:14Z</time>
      </trkpt>
      <trkpt lat="44.37905" lon="-73.87286">
        <ele>1084.66</ele>
        <time>2024-04-26T15:44:24Z</time>
      </trkpt>
      <trkpt lat="44.37906" lon="-73.8729">
        <ele>1085.64</ele>
        <time>2024-04-26T15:44:34Z</time>
      </trkpt>
      <trkpt lat="44.37906" lon="-73.8729">
        <ele>1085.64</ele>
        <time>2024-04-26T15:44:35Z</time>
      </trkpt>
      <trkpt lat="44.37906" lon="-73.87292">
        <ele>1086.07</ele>
        <time>2024-04-26T15:44:38Z</time>
      </trkpt>
      <trkpt lat="44.37905" lon="-73.87293">
        <ele>1086.29</ele>
        <time>2024-04-26T15:44:41Z</time>
      </trkpt>
      <trkpt lat="44.37905" lon="-73.87294">
        <ele>1086.5</ele>
        <time>2024-04-26T15:44:43Z</time>
      </trkpt>
      <trkpt lat="44.37903" lon="-73.87296">
        <ele>1086.94</ele>
        <time>2024-04-26T15:44:48Z</time>
      </trkpt>
      <trkpt lat="44.37901" lon="-73.87297">
        <ele>1087.23</ele>
        <time>2024-04-26T15:44:50Z</time>
      </trkpt>
      <trkpt lat="44.379" lon="-73.87297">
        <ele>1087.23</ele>
        <time>2024-04-26T15:44:53Z</time>
      </trkpt>
      <trkpt lat="44.379" lon="-73.87297">
        <ele>1087.23</ele>
        <time>2024-04-26T15:44:54Z</time>
      </trkpt>
      <trkpt lat="44.379" lon="-73.87299">
        <ele>1087.88</ele>
        <time>2024-04-26T15:44:58Z</time>
      </trkpt>
      <trkpt lat="44.379" lon="-73.87302">
        <ele>1088.85</ele>
        <time>2024-04-26T15:45:01Z</time>
      </trkpt>
      <trkpt lat="44.37899" lon="-73.87305">
        <ele>1089.82</ele>
        <time>2024-04-26T15:45:07Z</time>
      </trkpt>
      <trkpt lat="44.37899" lon="-73.87305">
        <ele>1089.82</ele>
        <time>2024-04-26T15:45:08Z</time>
      </trkpt>
      <trkpt lat="44.37899" lon="-73.87307">
        <ele>1090.45</ele>
        <time>2024-04-26T15:45:16Z</time>
      </trkpt>
      <trkpt lat="44.37898" lon="-73.87308">
        <ele>1090.79</ele>
        <time>2024-04-26T15:45:24Z</time>
      </trkpt>
      <trkpt lat="44.37897" lon="-73.87309">
        <ele>1091.12</ele>
        <time>2024-04-26T15:45:25Z</time>
      </trkpt>
      <trkpt lat="44.37896" lon="-73.87318">
        <ele>1093.69</ele>
        <time>2024-04-26T15:45:32Z</time>
      </trkpt>
      <trkpt lat="44.37898" lon="-73.87329">
        <ele>1096.6</ele>
        <time>2024-04-26T15:45:40Z</time>
      </trkpt>
      <trkpt lat="44.37899" lon="-73.87333">
        <ele>1097.8</ele>
        <time>2024-04-26T15:45:42Z</time>
      </trkpt>
      <trkpt lat="44.37901" lon="-73.8734">
        <ele>1099.13</ele>
        <time>2024-04-26T15:45:48Z</time>
      </trkpt>
      <trkpt lat="44.37905" lon="-73.87346">
        <ele>1100.09</ele>
        <time>2024-04-26T15:45:52Z</time>
      </trkpt>
      <trkpt lat="44.37906" lon="-73.87351">
        <ele>1101.11</ele>
        <time>2024-04-26T15:45:55Z</time>
      </trkpt>
      <trkpt lat="44.37908" lon="-73.87359">
        <ele>1103.2</ele>
        <time>2024-04-26T15:46:01Z</time>
      </trkpt>
      <trkpt lat="44.37908" lon="-73.8736">
        <ele>1103.52</ele>
        <time>2024-04-26T15:46:03Z</time>
      </trkpt>
      <trkpt lat="44.37909" lon="-73.87365">
        <ele>1104.5</ele>
        <time>2024-04-26T15:46:07Z</time>
      </trkpt>
      <trkpt lat="44.3791" lon="-73.8737">
        <ele>1105.36</ele>
        <time>2024-04-26T15:46:11Z</time>
      </trkpt>
      <trkpt lat="44.3791" lon="-73.87373">
        <ele>1106.21</ele>
        <time>2024-04-26T15:46:14Z</time>
      </trkpt>
      <trkpt lat="44.37914" lon="-73.87381">
        <ele>1107.16</ele>
        <time>2024-04-26T15:46:19Z</time>
      </trkpt>
      <trkpt lat="44.37915" lon="-73.87385">
        <ele>1107.7</ele>
        <time>2024-04-26T15:46:22Z</time>
      </trkpt>
      <trkpt lat="44.37916" lon="-73.87389">
        <ele>1108.24</ele>
        <time>2024-04-26T15:46:25Z</time>
      </trkpt>
      <trkpt lat="44.37917" lon="-73.87395">
        <ele>1109.22</ele>
        <time>2024-04-26T15:46:29Z</time>
      </trkpt>
      <trkpt lat="44.37919" lon="-73.87397">
        <ele>1109.03</ele>
        <time>2024-04-26T15:46:32Z</time>
      </trkpt>
      <trkpt lat="44.37923" lon="-73.87406">
        <ele>1108.8</ele>
        <time>2024-04-26T15:46:39Z</time>
      </trkpt>
      <trkpt lat="44.37926" lon="-73.87412">
        <ele>1108.47</ele>
        <time>2024-04-26T15:46:44Z</time>
      </trkpt>
      <trkpt lat="44.37927" lon="-73.87415">
        <ele>1108.47</ele>
        <time>2024-04-26T15:46:47Z</time>
      </trkpt>
      <trkpt lat="44.37931" lon="-73.87426">
        <ele>1107.36</ele>
        <time>2024-04-26T15:46:54Z</time>
      </trkpt>
      <trkpt lat="44.37936" lon="-73.87439">
        <ele>1106.68</ele>
        <time>2024-04-26T15:47:02Z</time>
      </trkpt>
      <trkpt lat="44.37941" lon="-73.87451">
        <ele>1105.38</ele>
        <time>2024-04-26T15:47:09Z</time>
      </trkpt>
      <trkpt lat="44.37944" lon="-73.87459">
        <ele>1104.19</ele>
        <time>2024-04-26T15:47:16Z</time>
      </trkpt>
      <trkpt lat="44.37946" lon="-73.87468">
        <ele>1104.12</ele>
        <time>2024-04-26T15:47:23Z</time>
      </trkpt>
      <trkpt lat="44.37947" lon="-73.87474">
        <ele>1104.36</ele>
        <time>2024-04-26T15:47:28Z</time>
      </trkpt>
      <trkpt lat="44.37947" lon="-73.87477">
        <ele>1104.69</ele>
        <time>2024-04-26T15:47:31Z</time>
      </trkpt>
      <trkpt lat="44.37948" lon="-73.87479">
        <ele>1104.58</ele>
        <time>2024-04-26T15:47:33Z</time>
      </trkpt>
      <trkpt lat="44.37949" lon="-73.87484">
        <ele>1104.93</ele>
        <time>2024-04-26T15:47:38Z</time>
      </trkpt>
      <trkpt lat="44.37949" lon="-73.87485">
        <ele>1105.1</ele>
        <time>2024-04-26T15:47:39Z</time>
      </trkpt>
      <trkpt lat="44.37952" lon="-73.87492">
        <ele>1104.87</ele>
        <time>2024-04-26T15:47:45Z</time>
      </trkpt>
      <trkpt lat="44.37953" lon="-73.87494">
        <ele>1104.66</ele>
        <time>2024-04-26T15:47:46Z</time>
      </trkpt>
      <trkpt lat="44.37953" lon="-73.87498">
        <ele>1105.09</ele>
        <time>2024-04-26T15:47:49Z</time>
      </trkpt>
      <trkpt lat="44.37953" lon="-73.87499">
        <ele>1105.2</ele>
        <time>2024-04-26T15:47:51Z</time>
      </trkpt>
      <trkpt lat="44.37953" lon="-73.87501">
        <ele>1105.41</ele>
        <time>2024-04-26T15:47:53Z</time>
      </trkpt>
      <trkpt lat="44.37952" lon="-73.87506">
        <ele>1106.38</ele>
        <time>2024-04-26T15:47:57Z</time>
      </trkpt>
      <trkpt lat="44.37953" lon="-73.87511">
        <ele>1106.51</ele>
        <time>2024-04-26T15:48:01Z</time>
      </trkpt>
      <trkpt lat="44.37952" lon="-73.87513">
        <ele>1107.21</ele>
        <time>2024-04-26T15:48:03Z</time>
      </trkpt>
      <trkpt lat="44.37951" lon="-73.87517">
        <ele>1108.25</ele>
        <time>2024-04-26T15:48:09Z</time>
      </trkpt>
      <trkpt lat="44.37951" lon="-73.87519">
        <ele>1108.55</ele>
        <time>2024-04-26T15:48:12Z</time>
      </trkpt>
      <trkpt lat="44.37951" lon="-73.87519">
        <ele>1108.55</ele>
        <time>2024-04-26T15:48:15Z</time>
      </trkpt>
      <trkpt lat="44.37949" lon="-73.87522">
        <ele>1110.1</ele>
        <time>2024-04-26T15:48:21Z</time>
      </trkpt>
      <trkpt lat="44.37948" lon="-73.87523">
        <ele>1110.75</ele>
        <time>2024-04-26T15:48:23Z</time>
      </trkpt>
      <trkpt lat="44.37947" lon="-73.87525">
        <ele>1111.51</ele>
        <time>2024-04-26T15:48:28Z</time>
      </trkpt>
      <trkpt lat="44.37947" lon="-73.87525">
        <ele>1111.51</ele>
        <time>2024-04-26T15:48:29Z</time>
      </trkpt>
      <trkpt lat="44.37946" lon="-73.8753">
        <ele>1112.77</ele>
        <time>2024-04-26T15:48:35Z</time>
      </trkpt>
      <trkpt lat="44.37945" lon="-73.87531">
        <ele>1113.44</ele>
        <time>2024-04-26T15:48:36Z</time>
      </trkpt>
      <trkpt lat="44.37944" lon="-73.87537">
        <ele>1115.23</ele>
        <time>2024-04-26T15:48:42Z</time>
      </trkpt>
      <trkpt lat="44.37944" lon="-73.8754">
        <ele>1115.56</ele>
        <time>2024-04-26T15:48:44Z</time>
      </trkpt>
      <trkpt lat="44.37943" lon="-73.87546">
        <ele>1116.75</ele>
        <time>2024-04-26T15:48:49Z</time>
      </trkpt>
      <trkpt lat="44.37943" lon="-73.87549">
        <ele>1117.07</ele>
        <time>2024-04-26T15:48:51Z</time>
      </trkpt>
      <trkpt lat="44.37942" lon="-73.87557">
        <ele>1118.59</ele>
        <time>2024-04-26T15:48:59Z</time>
      </trkpt>
      <trkpt lat="44.37942" lon="-73.87558">
        <ele>1118.78</ele>
        <time>2024-04-26T15:49:00Z</time>
      </trkpt>
      <trkpt lat="44.37942" lon="-73.87562">
        <ele>1119.53</ele>
        <time>2024-04-26T15:49:06Z</time>
      </trkpt>
      <trkpt lat="44.37942" lon="-73.87562">
        <ele>1119.53</ele>
        <time>2024-04-26T15:49:07Z</time>
      </trkpt>
      <trkpt lat="44.37943" lon="-73.87564">
        <ele>1119.46</ele>
        <time>2024-04-26T15:49:18Z</time>
      </trkpt>
      <trkpt lat="44.37942" lon="-73.87565">
        <ele>1120.06</ele>
        <time>2024-04-26T15:49:27Z</time>
      </trkpt>
      <trkpt lat="44.37943" lon="-73.87564">
        <ele>1119.46</ele>
        <time>2024-04-26T15:49:29Z</time>
      </trkpt>
      <trkpt lat="44.37944" lon="-73.87563">
        <ele>1118.81</ele>
        <time>2024-04-26T15:49:35Z</time>
      </trkpt>
      <trkpt lat="44.37943" lon="-73.87565">
        <ele>1119.63</ele>
        <time>2024-04-26T15:49:41Z</time>
      </trkpt>
      <trkpt lat="44.37943" lon="-73.87566">
        <ele>1119.64</ele>
        <time>2024-04-26T15:49:44Z</time>
      </trkpt>
      <trkpt lat="44.37943" lon="-73.87565">
        <ele>1119.63</ele>
        <time>2024-04-26T15:49:49Z</time>
      </trkpt>
      <trkpt lat="44.37943" lon="-73.87564">
        <ele>1119.46</ele>
        <time>2024-04-26T15:49:53Z</time>
      </trkpt>
      <trkpt lat="44.37943" lon="-73.87564">
        <ele>1119.46</ele>
        <time>2024-04-26T15:49:54Z</time>
      </trkpt>
      <trkpt lat="44.37943" lon="-73.87564">
        <ele>1119.46</ele>
        <time>2024-04-26T15:49:58Z</time>
      </trkpt>
      <trkpt lat="44.37943" lon="-73.87566">
        <ele>1119.64</ele>
        <time>2024-04-26T15:55:00Z</time>
      </trkpt>
      <trkpt lat="44.37943" lon="-73.87566">
        <ele>1119.64</ele>
        <time>2024-04-26T15:55:01Z</time>
      </trkpt>
      <trkpt lat="44.37943" lon="-73.87566">
        <ele>1119.64</ele>
        <time>2024-04-26T15:55:02Z</time>
      </trkpt>
      <trkpt lat="44.37942" lon="-73.87568">
        <ele>1120.15</ele>
        <time>2024-04-26T15:55:08Z</time>
      </trkpt>
      <trkpt lat="44.37941" lon="-73.87569">
        <ele>1120.66</ele>
        <time>2024-04-26T15:55:11Z</time>
      </trkpt>
      <trkpt lat="44.37941" lon="-73.87569">
        <ele>1120.66</ele>
        <time>2024-04-26T15:55:16Z</time>
      </trkpt>
      <trkpt lat="44.3794" lon="-73.8757">
        <ele>1121.19</ele>
        <time>2024-04-26T15:55:17Z</time>
      </trkpt>
      <trkpt lat="44.3794" lon="-73.8757">
        <ele>1121.19</ele>
        <time>2024-04-26T15:55:24Z</time>
      </trkpt>
      <trkpt lat="44.37939" lon="-73.87573">
        <ele>1121.87</ele>
        <time>2024-04-26T15:55:28Z</time>
      </trkpt>
      <trkpt lat="44.37937" lon="-73.87574">
        <ele>1123.01</ele>
        <time>2024-04-26T15:55:32Z</time>
      </trkpt>
      <trkpt lat="44.37936" lon="-73.87574">
        <ele>1123.55</ele>
        <time>2024-04-26T15:55:34Z</time>
      </trkpt>
      <trkpt lat="44.37935" lon="-73.87576">
        <ele>1124.08</ele>
        <time>2024-04-26T15:55:38Z</time>
      </trkpt>
      <trkpt lat="44.37933" lon="-73.87578">
        <ele>1125.04</ele>
        <time>2024-04-26T15:55:42Z</time>
      </trkpt>
      <trkpt lat="44.37932" lon="-73.87579">
        <ele>1125.56</ele>
        <time>2024-04-26T15:55:43Z</time>
      </trkpt>
      <trkpt lat="44.37932" lon="-73.8758">
        <ele>1125.6</ele>
        <time>2024-04-26T15:55:45Z</time>
      </trkpt>
      <trkpt lat="44.3793" lon="-73.87581">
        <ele>1126.66</ele>
        <time>2024-04-26T15:55:48Z</time>
      </trkpt>
      <trkpt lat="44.37929" lon="-73.87582">
        <ele>1127.24</ele>
        <time>2024-04-26T15:55:50Z</time>
      </trkpt>
      <trkpt lat="44.37928" lon="-73.87584">
        <ele>1127.88</ele>
        <time>2024-04-26T15:55:53Z</time>
      </trkpt>
      <trkpt lat="44.37927" lon="-73.87585">
        <ele>1128.42</ele>
        <time>2024-04-26T15:55:54Z</time>
      </trkpt>
      <trkpt lat="44.37926" lon="-73.87586">
        <ele>1128.96</ele>
        <time>2024-04-26T15:55:56Z</time>
      </trkpt>
      <trkpt lat="44.37924" lon="-73.87591">
        <ele>1130.04</ele>
        <time>2024-04-26T15:56:01Z</time>
      </trkpt>
      <trkpt lat="44.37924" lon="-73.87593">
        <ele>1130.04</ele>
        <time>2024-04-26T15:56:03Z</time>
      </trkpt>
      <trkpt lat="44.37925" lon="-73.87599">
        <ele>1129.5</ele>
        <time>2024-04-26T15:56:07Z</time>
      </trkpt>
      <trkpt lat="44.37925" lon="-73.87603">
        <ele>1129.5</ele>
        <time>2024-04-26T15:56:10Z</time>
      </trkpt>
      <trkpt lat="44.37923" lon="-73.87609">
        <ele>1130.58</ele>
        <time>2024-04-26T15:56:15Z</time>
      </trkpt>
      <trkpt lat="44.37922" lon="-73.8761">
        <ele>1131.12</ele>
        <time>2024-04-26T15:56:16Z</time>
      </trkpt>
      <trkpt lat="44.37921" lon="-73.87611">
        <ele>1131.66</ele>
        <time>2024-04-26T15:56:18Z</time>
      </trkpt>
      <trkpt lat="44.37919" lon="-73.87613">
        <ele>1132.74</ele>
        <time>2024-04-26T15:56:23Z</time>
      </trkpt>
      <trkpt lat="44.37915" lon="-73.87614">
        <ele>1134.9</ele>
        <time>2024-04-26T15:56:31Z</time>
      </trkpt>
      <trkpt lat="44.37911" lon="-73.87614">
        <ele>1137.06</ele>
        <time>2024-04-26T15:56:38Z</time>
      </trkpt>
      <trkpt lat="44.3791" lon="-73.87615">
        <ele>1137.6</ele>
        <time>2024-04-26T15:56:39Z</time>
      </trkpt>
      <trkpt lat="44.37907" lon="-73.87617">
        <ele>1139.13</ele>
        <time>2024-04-26T15:56:45Z</time>
      </trkpt>
      <trkpt lat="44.37906" lon="-73.87617">
        <ele>1139.46</ele>
        <time>2024-04-26T15:56:47Z</time>
      </trkpt>
      <trkpt lat="44.37904" lon="-73.87618">
        <ele>1140.1</ele>
        <time>2024-04-26T15:56:54Z</time>
      </trkpt>
      <trkpt lat="44.37898" lon="-73.87618">
        <ele>1142.03</ele>
        <time>2024-04-26T15:57:02Z</time>
      </trkpt>
      <trkpt lat="44.37897" lon="-73.87618">
        <ele>1142.25</ele>
        <time>2024-04-26T15:57:03Z</time>
      </trkpt>
      <trkpt lat="44.37892" lon="-73.87619">
        <ele>1143.33</ele>
        <time>2024-04-26T15:57:10Z</time>
      </trkpt>
      <trkpt lat="44.37892" lon="-73.87619">
        <ele>1143.33</ele>
        <time>2024-04-26T15:57:13Z</time>
      </trkpt>
      <trkpt lat="44.37891" lon="-73.87619">
        <ele>1143.54</ele>
        <time>2024-04-26T15:57:14Z</time>
      </trkpt>
      <trkpt lat="44.37886" lon="-73.87617">
        <ele>1144.31</ele>
        <time>2024-04-26T15:57:22Z</time>
      </trkpt>
      <trkpt lat="44.37885" lon="-73.87616">
        <ele>1144.42</ele>
        <time>2024-04-26T15:57:23Z</time>
      </trkpt>
      <trkpt lat="44.37882" lon="-73.87617">
        <ele>1144.74</ele>
        <time>2024-04-26T15:57:30Z</time>
      </trkpt>
      <trkpt lat="44.37882" lon="-73.87617">
        <ele>1144.74</ele>
        <time>2024-04-26T15:57:31Z</time>
      </trkpt>
      <trkpt lat="44.37878" lon="-73.87619">
        <ele>1144.82</ele>
        <time>2024-04-26T15:57:37Z</time>
      </trkpt>
      <trkpt lat="44.37878" lon="-73.87619">
        <ele>1144.82</ele>
        <time>2024-04-26T15:57:38Z</time>
      </trkpt>
      <trkpt lat="44.37872" lon="-73.87619">
        <ele>1144.18</ele>
        <time>2024-04-26T15:57:45Z</time>
      </trkpt>
      <trkpt lat="44.37871" lon="-73.87619">
        <ele>1144.07</ele>
        <time>2024-04-26T15:57:46Z</time>
      </trkpt>
      <trkpt lat="44.37867" lon="-73.87625">
        <ele>1143.59</ele>
        <time>2024-04-26T15:57:52Z</time>
      </trkpt>
      <trkpt lat="44.37866" lon="-73.8763">
        <ele>1143.6</ele>
        <time>2024-04-26T15:57:59Z</time>
      </trkpt>
      <trkpt lat="44.37865" lon="-73.87634">
        <ele>1143.53</ele>
        <time>2024-04-26T15:58:06Z</time>
      </trkpt>
      <trkpt lat="44.37864" lon="-73.87643">
        <ele>1144.07</ele>
        <time>2024-04-26T15:58:12Z</time>
      </trkpt>
      <trkpt lat="44.37865" lon="-73.87648">
        <ele>1144.82</ele>
        <time>2024-04-26T15:58:15Z</time>
      </trkpt>
      <trkpt lat="44.37865" lon="-73.87652">
        <ele>1145.5</ele>
        <time>2024-04-26T15:58:20Z</time>
      </trkpt>
      <trkpt lat="44.37865" lon="-73.87653">
        <ele>1145.67</ele>
        <time>2024-04-26T15:58:22Z</time>
      </trkpt>
      <trkpt lat="44.37865" lon="-73.87655">
        <ele>1146.01</ele>
        <time>2024-04-26T15:58:26Z</time>
      </trkpt>
      <trkpt lat="44.37867" lon="-73.87659">
        <ele>1146.7</ele>
        <time>2024-04-26T15:58:29Z</time>
      </trkpt>
      <trkpt lat="44.37867" lon="-73.87663">
        <ele>1146.86</ele>
        <time>2024-04-26T15:58:37Z</time>
      </trkpt>
      <trkpt lat="44.37866" lon="-73.87665">
        <ele>1146.92</ele>
        <time>2024-04-26T15:58:43Z</time>
      </trkpt>
      <trkpt lat="44.37865" lon="-73.87665">
        <ele>1146.9</ele>
        <time>2024-04-26T15:58:44Z</time>
      </trkpt>
      <trkpt lat="44.37865" lon="-73.87667">
        <ele>1147.06</ele>
        <time>2024-04-26T15:58:51Z</time>
      </trkpt>
      <trkpt lat="44.37865" lon="-73.87667">
        <ele>1147.06</ele>
        <time>2024-04-26T15:58:56Z</time>
      </trkpt>
      <trkpt lat="44.37865" lon="-73.87669">
        <ele>1147.4</ele>
        <time>2024-04-26T15:58:58Z</time>
      </trkpt>
      <trkpt lat="44.37864" lon="-73.87676">
        <ele>1148.69</ele>
        <time>2024-04-26T15:59:05Z</time>
      </trkpt>
      <trkpt lat="44.37863" lon="-73.87677">
        <ele>1148.8</ele>
        <time>2024-04-26T15:59:06Z</time>
      </trkpt>
      <trkpt lat="44.3786" lon="-73.87686">
        <ele>1149.21</ele>
        <time>2024-04-26T15:59:12Z</time>
      </trkpt>
      <trkpt lat="44.37859" lon="-73.87689">
        <ele>1149.64</ele>
        <time>2024-04-26T15:59:14Z</time>
      </trkpt>
      <trkpt lat="44.37857" lon="-73.87696">
        <ele>1150.52</ele>
        <time>2024-04-26T15:59:19Z</time>
      </trkpt>
      <trkpt lat="44.37857" lon="-73.87699">
        <ele>1150.66</ele>
        <time>2024-04-26T15:59:21Z</time>
      </trkpt>
      <trkpt lat="44.37858" lon="-73.87703">
        <ele>1150.65</ele>
        <time>2024-04-26T15:59:24Z</time>
      </trkpt>
      <trkpt lat="44.37858" lon="-73.87705">
        <ele>1150.72</ele>
        <time>2024-04-26T15:59:25Z</time>
      </trkpt>
      <trkpt lat="44.37858" lon="-73.87709">
        <ele>1150.86</ele>
        <time>2024-04-26T15:59:31Z</time>
      </trkpt>
      <trkpt lat="44.37858" lon="-73.87715">
        <ele>1151.23</ele>
        <time>2024-04-26T15:59:39Z</time>
      </trkpt>
      <trkpt lat="44.37857" lon="-73.87717">
        <ele>1151.77</ele>
        <time>2024-04-26T15:59:42Z</time>
      </trkpt>
      <trkpt lat="44.37856" lon="-73.87721">
        <ele>1152.52</ele>
        <time>2024-04-26T15:59:45Z</time>
      </trkpt>
      <trkpt lat="44.37857" lon="-73.87723">
        <ele>1152.41</ele>
        <time>2024-04-26T15:59:50Z</time>
      </trkpt>
      <trkpt lat="44.37857" lon="-73.87723">
        <ele>1152.41</ele>
        <time>2024-04-26T15:59:53Z</time>
      </trkpt>
      <trkpt lat="44.37854" lon="-73.87726">
        <ele>1153.93</ele>
        <time>2024-04-26T16:00:00Z</time>
      </trkpt>
      <trkpt lat="44.37853" lon="-73.87727">
        <ele>1154.53</ele>
        <time>2024-04-26T16:00:01Z</time>
      </trkpt>
      <trkpt lat="44.37852" lon="-73.8773">
        <ele>1155.61</ele>
        <time>2024-04-26T16:00:05Z</time>
      </trkpt>
      <trkpt lat="44.37851" lon="-73.87733">
        <ele>1156.53</ele>
        <time>2024-04-26T16:00:10Z</time>
      </trkpt>
      <trkpt lat="44.3785" lon="-73.87735">
        <ele>1157.24</ele>
        <time>2024-04-26T16:00:14Z</time>
      </trkpt>
      <trkpt lat="44.37851" lon="-73.87736">
        <ele>1157.2</ele>
        <time>2024-04-26T16:00:38Z</time>
      </trkpt>
      <trkpt lat="44.37851" lon="-73.87737">
        <ele>1157.43</ele>
        <time>2024-04-26T16:00:44Z</time>
      </trkpt>
      <trkpt lat="44.3785" lon="-73.87738">
        <ele>1157.95</ele>
        <time>2024-04-26T16:00:47Z</time>
      </trkpt>
      <trkpt lat="44.37851" lon="-73.87739">
        <ele>1157.88</ele>
        <time>2024-04-26T16:00:50Z</time>
      </trkpt>
      <trkpt lat="44.37851" lon="-73.8774">
        <ele>1158.11</ele>
        <time>2024-04-26T16:00:55Z</time>
      </trkpt>
      <trkpt lat="44.37851" lon="-73.8774">
        <ele>1158.11</ele>
        <time>2024-04-26T16:00:57Z</time>
      </trkpt>
      <trkpt lat="44.37852" lon="-73.87741">
        <ele>1157.96</ele>
        <time>2024-04-26T16:01:04Z</time>
      </trkpt>
      <trkpt lat="44.37853" lon="-73.87741">
        <ele>1157.31</ele>
        <time>2024-04-26T16:01:11Z</time>
      </trkpt>
      <trkpt lat="44.37852" lon="-73.87741">
        <ele>1157.96</ele>
        <time>2024-04-26T16:01:18Z</time>
      </trkpt>
      <trkpt lat="44.37853" lon="-73.87744">
        <ele>1157.92</ele>
        <time>2024-04-26T16:01:25Z</time>
      </trkpt>
      <trkpt lat="44.37853" lon="-73.87745">
        <ele>1158.12</ele>
        <time>2024-04-26T16:01:26Z</time>
      </trkpt>
      <trkpt lat="44.37852" lon="-73.87744">
        <ele>1158.6</ele>
        <time>2024-04-26T16:01:32Z</time>
      </trkpt>
      <trkpt lat="44.37851" lon="-73.87745">
        <ele>1159.15</ele>
        <time>2024-04-26T16:01:39Z</time>
      </trkpt>
      <trkpt lat="44.3785" lon="-73.87745">
        <ele>1159.43</ele>
        <time>2024-04-26T16:01:40Z</time>
      </trkpt>
      <trkpt lat="44.3785" lon="-73.87747">
        <ele>1159.82</ele>
        <time>2024-04-26T16:01:46Z</time>
      </trkpt>
      <trkpt lat="44.3785" lon="-73.87749">
        <ele>1160.21</ele>
        <time>2024-04-26T16:01:47Z</time>
      </trkpt>
      <trkpt lat="44.37849" lon="-73.8775">
        <ele>1160.62</ele>
        <time>2024-04-26T16:01:52Z</time>
      </trkpt>
      <trkpt lat="44.37848" lon="-73.8775">
        <ele>1160.83</ele>
        <time>2024-04-26T16:01:54Z</time>
      </trkpt>
      <trkpt lat="44.37842" lon="-73.87751">
        <ele>1161.99</ele>
        <time>2024-04-26T16:01:59Z</time>
      </trkpt>
      <trkpt lat="44.37836" lon="-73.87754">
        <ele>1161.32</ele>
        <time>2024-04-26T16:02:05Z</time>
      </trkpt>
      <trkpt lat="44.37834" lon="-73.87756">
        <ele>1161.39</ele>
        <time>2024-04-26T16:02:08Z</time>
      </trkpt>
      <trkpt lat="44.37832" lon="-73.87761">
        <ele>1161.83</ele>
        <time>2024-04-26T16:02:13Z</time>
      </trkpt>
      <trkpt lat="44.37832" lon="-73.87762">
        <ele>1162.06</ele>
        <time>2024-04-26T16:02:14Z</time>
      </trkpt>
      <trkpt lat="44.3783" lon="-73.87771">
        <ele>1163.55</ele>
        <time>2024-04-26T16:02:20Z</time>
      </trkpt>
      <trkpt lat="44.3783" lon="-73.87772">
        <ele>1163.81</ele>
        <time>2024-04-26T16:02:21Z</time>
      </trkpt>
      <trkpt lat="44.37828" lon="-73.87773">
        <ele>1163.52</ele>
        <time>2024-04-26T16:02:22Z</time>
      </trkpt>
      <trkpt lat="44.37826" lon="-73.87775">
        <ele>1163.58</ele>
        <time>2024-04-26T16:02:24Z</time>
      </trkpt>
      <trkpt lat="44.37826" lon="-73.87777">
        <ele>1164.18</ele>
        <time>2024-04-26T16:02:26Z</time>
      </trkpt>
      <trkpt lat="44.37823" lon="-73.87783">
        <ele>1165.23</ele>
        <time>2024-04-26T16:02:33Z</time>
      </trkpt>
      <trkpt lat="44.37823" lon="-73.87784">
        <ele>1165.55</ele>
        <time>2024-04-26T16:02:34Z</time>
      </trkpt>
      <trkpt lat="44.37823" lon="-73.87789">
        <ele>1166.98</ele>
        <time>2024-04-26T16:02:41Z</time>
      </trkpt>
      <trkpt lat="44.37823" lon="-73.87793">
        <ele>1167.9</ele>
        <time>2024-04-26T16:02:47Z</time>
      </trkpt>
      <trkpt lat="44.37824" lon="-73.87794">
        <ele>1168.48</ele>
        <time>2024-04-26T16:02:50Z</time>
      </trkpt>
      <trkpt lat="44.37824" lon="-73.87796">
        <ele>1168.91</ele>
        <time>2024-04-26T16:02:54Z</time>
      </trkpt>
      <trkpt lat="44.37825" lon="-73.87797">
        <ele>1169.35</ele>
        <time>2024-04-26T16:02:56Z</time>
      </trkpt>
      <trkpt lat="44.37827" lon="-73.87797">
        <ele>1169.78</ele>
        <time>2024-04-26T16:02:59Z</time>
      </trkpt>
      <trkpt lat="44.37828" lon="-73.87799">
        <ele>1170.43</ele>
        <time>2024-04-26T16:03:06Z</time>
      </trkpt>
      <trkpt lat="44.37831" lon="-73.87802">
        <ele>1171.73</ele>
        <time>2024-04-26T16:03:12Z</time>
      </trkpt>
      <trkpt lat="44.37832" lon="-73.87803">
        <ele>1172.16</ele>
        <time>2024-04-26T16:03:14Z</time>
      </trkpt>
      <trkpt lat="44.37833" lon="-73.87808">
        <ele>1173.46</ele>
        <time>2024-04-26T16:03:20Z</time>
      </trkpt>
      <trkpt lat="44.37833" lon="-73.8781">
        <ele>1173.89</ele>
        <time>2024-04-26T16:03:22Z</time>
      </trkpt>
      <trkpt lat="44.37832" lon="-73.87812">
        <ele>1174.1</ele>
        <time>2024-04-26T16:03:27Z</time>
      </trkpt>
      <trkpt lat="44.37832" lon="-73.87813">
        <ele>1174.32</ele>
        <time>2024-04-26T16:03:28Z</time>
      </trkpt>
      <trkpt lat="44.37831" lon="-73.87819">
        <ele>1175.51</ele>
        <time>2024-04-26T16:03:34Z</time>
      </trkpt>
      <trkpt lat="44.3783" lon="-73.8782">
        <ele>1175.6</ele>
        <time>2024-04-26T16:03:35Z</time>
      </trkpt>
      <trkpt lat="44.37827" lon="-73.87828">
        <ele>1177.3</ele>
        <time>2024-04-26T16:03:41Z</time>
      </trkpt>
      <trkpt lat="44.37823" lon="-73.87836">
        <ele>1178.63</ele>
        <time>2024-04-26T16:03:48Z</time>
      </trkpt>
      <trkpt lat="44.37821" lon="-73.87838">
        <ele>1178.85</ele>
        <time>2024-04-26T16:03:51Z</time>
      </trkpt>
      <trkpt lat="44.37821" lon="-73.87841">
        <ele>1179.82</ele>
        <time>2024-04-26T16:03:55Z</time>
      </trkpt>
      <trkpt lat="44.37821" lon="-73.87846">
        <ele>1180.83</ele>
        <time>2024-04-26T16:03:59Z</time>
      </trkpt>
      <trkpt lat="44.3782" lon="-73.87848">
        <ele>1180.96</ele>
        <time>2024-04-26T16:04:01Z</time>
      </trkpt>
      <trkpt lat="44.37819" lon="-73.8785">
        <ele>1181.14</ele>
        <time>2024-04-26T16:04:03Z</time>
      </trkpt>
      <trkpt lat="44.37818" lon="-73.87855">
        <ele>1181.68</ele>
        <time>2024-04-26T16:04:09Z</time>
      </trkpt>
      <trkpt lat="44.37817" lon="-73.87858">
        <ele>1181.9</ele>
        <time>2024-04-26T16:04:13Z</time>
      </trkpt>
      <trkpt lat="44.37816" lon="-73.87859">
        <ele>1181.9</ele>
        <time>2024-04-26T16:04:16Z</time>
      </trkpt>
      <trkpt lat="44.37815" lon="-73.87859">
        <ele>1181.79</ele>
        <time>2024-04-26T16:04:20Z</time>
      </trkpt>
      <trkpt lat="44.37812" lon="-73.87862">
        <ele>1181.58</ele>
        <time>2024-04-26T16:04:24Z</time>
      </trkpt>
      <trkpt lat="44.37811" lon="-73.87864">
        <ele>1181.8</ele>
        <time>2024-04-26T16:04:27Z</time>
      </trkpt>
      <trkpt lat="44.37811" lon="-73.87865">
        <ele>1182.02</ele>
        <time>2024-04-26T16:04:50Z</time>
      </trkpt>
      <trkpt lat="44.3781" lon="-73.87865">
        <ele>1181.8</ele>
        <time>2024-04-26T16:04:51Z</time>
      </trkpt>
      <trkpt lat="44.37809" lon="-73.87866">
        <ele>1181.8</ele>
        <time>2024-04-26T16:04:57Z</time>
      </trkpt>
      <trkpt lat="44.37809" lon="-73.87867">
        <ele>1182.02</ele>
        <time>2024-04-26T16:04:58Z</time>
      </trkpt>
      <trkpt lat="44.37808" lon="-73.8787">
        <ele>1182.45</ele>
        <time>2024-04-26T16:05:03Z</time>
      </trkpt>
      <trkpt lat="44.37807" lon="-73.87871">
        <ele>1182.44</ele>
        <time>2024-04-26T16:05:05Z</time>
      </trkpt>
      <trkpt lat="44.37806" lon="-73.87876">
        <ele>1183.28</ele>
        <time>2024-04-26T16:05:09Z</time>
      </trkpt>
      <trkpt lat="44.37805" lon="-73.87878">
        <ele>1183.53</ele>
        <time>2024-04-26T16:05:11Z</time>
      </trkpt>
      <trkpt lat="44.37804" lon="-73.87883">
        <ele>1184.76</ele>
        <time>2024-04-26T16:05:14Z</time>
      </trkpt>
      <trkpt lat="44.37803" lon="-73.87889">
        <ele>1186.48</ele>
        <time>2024-04-26T16:05:18Z</time>
      </trkpt>
      <trkpt lat="44.37803" lon="-73.87891">
        <ele>1186.97</ele>
        <time>2024-04-26T16:05:19Z</time>
      </trkpt>
      <trkpt lat="44.37802" lon="-73.87901">
        <ele>1189.16</ele>
        <time>2024-04-26T16:05:25Z</time>
      </trkpt>
      <trkpt lat="44.37802" lon="-73.87903">
        <ele>1189.54</ele>
        <time>2024-04-26T16:05:26Z</time>
      </trkpt>
      <trkpt lat="44.37803" lon="-73.8791">
        <ele>1190.56</ele>
        <time>2024-04-26T16:05:31Z</time>
      </trkpt>
      <trkpt lat="44.37802" lon="-73.87919">
        <ele>1191.64</ele>
        <time>2024-04-26T16:05:39Z</time>
      </trkpt>
      <trkpt lat="44.378" lon="-73.87924">
        <ele>1192.39</ele>
        <time>2024-04-26T16:05:45Z</time>
      </trkpt>
      <trkpt lat="44.378" lon="-73.87925">
        <ele>1192.5</ele>
        <time>2024-04-26T16:05:46Z</time>
      </trkpt>
      <trkpt lat="44.37795" lon="-73.87935">
        <ele>1193.98</ele>
        <time>2024-04-26T16:05:53Z</time>
      </trkpt>
      <trkpt lat="44.37797" lon="-73.87948">
        <ele>1193.95</ele>
        <time>2024-04-26T16:06:01Z</time>
      </trkpt>
      <trkpt lat="44.37798" lon="-73.87955">
        <ele>1194.0</ele>
        <time>2024-04-26T16:06:06Z</time>
      </trkpt>
      <trkpt lat="44.37799" lon="-73.87958">
        <ele>1194.0</ele>
        <time>2024-04-26T16:06:08Z</time>
      </trkpt>
      <trkpt lat="44.37803" lon="-73.87971">
        <ele>1194.0</ele>
        <time>2024-04-26T16:06:17Z</time>
      </trkpt>
      <trkpt lat="44.37803" lon="-73.87973">
        <ele>1194.02</ele>
        <time>2024-04-26T16:06:18Z</time>
      </trkpt>
      <trkpt lat="44.37802" lon="-73.8798">
        <ele>1194.32</ele>
        <time>2024-04-26T16:06:23Z</time>
      </trkpt>
      <trkpt lat="44.37802" lon="-73.87993">
        <ele>1195.0</ele>
        <time>2024-04-26T16:06:32Z</time>
      </trkpt>
      <trkpt lat="44.378" lon="-73.88003">
        <ele>1195.0</ele>
        <time>2024-04-26T16:06:41Z</time>
      </trkpt>
      <trkpt lat="44.37799" lon="-73.88004">
        <ele>1195.0</ele>
        <time>2024-04-26T16:06:51Z</time>
      </trkpt>
      <trkpt lat="44.37799" lon="-73.8801">
        <ele>1194.94</ele>
        <time>2024-04-26T16:06:58Z</time>
      </trkpt>
      <trkpt lat="44.37799" lon="-73.8801">
        <ele>1194.94</ele>
        <time>2024-04-26T16:07:01Z</time>
      </trkpt>
      <trkpt lat="44.37798" lon="-73.8801">
        <ele>1194.93</ele>
        <time>2024-04-26T16:07:04Z</time>
      </trkpt>
      <trkpt lat="44.37798" lon="-73.88012">
        <ele>1194.76</ele>
        <time>2024-04-26T16:07:07Z</time>
      </trkpt>
      <trkpt lat="44.37796" lon="-73.88015">
        <ele>1194.34</ele>
        <time>2024-04-26T16:07:11Z</time>
      </trkpt>
      <trkpt lat="44.37795" lon="-73.88017">
        <ele>1194.0</ele>
        <time>2024-04-26T16:07:13Z</time>
      </trkpt>
      <trkpt lat="44.37795" lon="-73.88017">
        <ele>1194.0</ele>
        <time>2024-04-26T16:07:14Z</time>
      </trkpt>
      <trkpt lat="44.37794" lon="-73.88024">
        <ele>1193.75</ele>
        <time>2024-04-26T16:07:19Z</time>
      </trkpt>
      <trkpt lat="44.37794" lon="-73.88026">
        <ele>1193.75</ele>
        <time>2024-04-26T16:07:20Z</time>
      </trkpt>
      <trkpt lat="44.37795" lon="-73.8803">
        <ele>1193.86</ele>
        <time>2024-04-26T16:07:23Z</time>
      </trkpt>
      <trkpt lat="44.37797" lon="-73.88035">
        <ele>1194.08</ele>
        <time>2024-04-26T16:07:28Z</time>
      </trkpt>
      <trkpt lat="44.37798" lon="-73.8804">
        <ele>1194.18</ele>
        <time>2024-04-26T16:07:33Z</time>
      </trkpt>
      <trkpt lat="44.37799" lon="-73.88043">
        <ele>1194.29</ele>
        <time>2024-04-26T16:07:35Z</time>
      </trkpt>
      <trkpt lat="44.37799" lon="-73.88045">
        <ele>1194.29</ele>
        <time>2024-04-26T16:07:36Z</time>
      </trkpt>
      <trkpt lat="44.37805" lon="-73.88054">
        <ele>1194.94</ele>
        <time>2024-04-26T16:07:44Z</time>
      </trkpt>
      <trkpt lat="44.37807" lon="-73.88065">
        <ele>1194.0</ele>
        <time>2024-04-26T16:07:51Z</time>
      </trkpt>
      <trkpt lat="44.37808" lon="-73.88076">
        <ele>1194.0</ele>
        <time>2024-04-26T16:08:00Z</time>
      </trkpt>
      <trkpt lat="44.37809" lon="-73.88085">
        <ele>1194.0</ele>
        <time>2024-04-26T16:08:07Z</time>
      </trkpt>
      <trkpt lat="44.37809" lon="-73.88085">
        <ele>1194.0</ele>
        <time>2024-04-26T16:08:15Z</time>
      </trkpt>
      <trkpt lat="44.37809" lon="-73.88085">
        <ele>1194.0</ele>
        <time>2024-04-26T16:08:21Z</time>
      </trkpt>
      <trkpt lat="44.37809" lon="-73.88088">
        <ele>1194.0</ele>
        <time>2024-04-26T16:08:28Z</time>
      </trkpt>
      <trkpt lat="44.37809" lon="-73.88087">
        <ele>1194.0</ele>
        <time>2024-04-26T16:09:18Z</time>
      </trkpt>
      <trkpt lat="44.3781" lon="-73.88088">
        <ele>1194.0</ele>
        <time>2024-04-26T16:09:21Z</time>
      </trkpt>
      <trkpt lat="44.3781" lon="-73.88089">
        <ele>1194.0</ele>
        <time>2024-04-26T16:09:28Z</time>
      </trkpt>
      <trkpt lat="44.3781" lon="-73.88088">
        <ele>1194.0</ele>
        <time>2024-04-26T16:09:32Z</time>
      </trkpt>
      <trkpt lat="44.3781" lon="-73.88087">
        <ele>1194.0</ele>
        <time>2024-04-26T16:09:40Z</time>
      </trkpt>
      <trkpt lat="44.3781" lon="-73.88089">
        <ele>1194.0</ele>
        <time>2024-04-26T16:09:47Z</time>
      </trkpt>
      <trkpt lat="44.3781" lon="-73.8809">
        <ele>1194.0</ele>
        <time>2024-04-26T16:09:49Z</time>
      </trkpt>
      <trkpt lat="44.37811" lon="-73.88091">
        <ele>1194.0</ele>
        <time>2024-04-26T16:09:53Z</time>
      </trkpt>
      <trkpt lat="44.37812" lon="-73.881">
        <ele>1194.0</ele>
        <time>2024-04-26T16:10:00Z</time>
      </trkpt>
      <trkpt lat="44.37813" lon="-73.88105">
        <ele>1194.0</ele>
        <time>2024-04-26T16:10:04Z</time>
      </trkpt>
      <trkpt lat="44.37813" lon="-73.88107">
        <ele>1194.0</ele>
        <time>2024-04-26T16:10:05Z</time>
      </trkpt>
      <trkpt lat="44.37815" lon="-73.88111">
        <ele>1194.0</ele>
        <time>2024-04-26T16:10:08Z</time>
      </trkpt>
      <trkpt lat="44.37815" lon="-73.88112">
        <ele>1194.0</ele>
        <time>2024-04-26T16:10:09Z</time>
      </trkpt>
      <trkpt lat="44.37815" lon="-73.88125">
        <ele>1194.0</ele>
        <time>2024-04-26T16:10:16Z</time>
      </trkpt>
      <trkpt lat="44.37814" lon="-73.88132">
        <ele>1193.98</ele>
        <time>2024-04-26T16:10:20Z</time>
      </trkpt>
      <trkpt lat="44.37813" lon="-73.88135">
        <ele>1193.89</ele>
        <time>2024-04-26T16:10:24Z</time>
      </trkpt>
      <trkpt lat="44.37809" lon="-73.88143">
        <ele>1193.37</ele>
        <time>2024-04-26T16:10:31Z</time>
      </trkpt>
      <trkpt lat="44.37808" lon="-73.88144">
        <ele>1193.26</ele>
        <time>2024-04-26T16:10:32Z</time>
      </trkpt>
      <trkpt lat="44.37803" lon="-73.88153">
        <ele>1192.72</ele>
        <time>2024-04-26T16:10:40Z</time>
      </trkpt>
      <trkpt lat="44.37802" lon="-73.88154">
        <ele>1192.62</ele>
        <time>2024-04-26T16:10:41Z</time>
      </trkpt>
      <trkpt lat="44.37796" lon="-73.88163">
        <ele>1191.97</ele>
        <time>2024-04-26T16:10:47Z</time>
      </trkpt>
      <trkpt lat="44.37792" lon="-73.88177">
        <ele>1191.54</ele>
        <time>2024-04-26T16:10:55Z</time>
      </trkpt>
      <trkpt lat="44.3779" lon="-73.88186">
        <ele>1191.35</ele>
        <time>2024-04-26T16:11:00Z</time>
      </trkpt>
      <trkpt lat="44.37787" lon="-73.88194">
        <ele>1191.0</ele>
        <time>2024-04-26T16:11:06Z</time>
      </trkpt>
      <trkpt lat="44.37783" lon="-73.88199">
        <ele>1190.56</ele>
        <time>2024-04-26T16:11:11Z</time>
      </trkpt>
      <trkpt lat="44.37781" lon="-73.88201">
        <ele>1190.35</ele>
        <time>2024-04-26T16:11:14Z</time>
      </trkpt>
      <trkpt lat="44.37775" lon="-73.88207">
        <ele>1189.4</ele>
        <time>2024-04-26T16:11:22Z</time>
      </trkpt>
      <trkpt lat="44.37775" lon="-73.88208">
        <ele>1189.4</ele>
        <time>2024-04-26T16:11:23Z</time>
      </trkpt>
      <trkpt lat="44.37771" lon="-73.88216">
        <ele>1188.86</ele>
        <time>2024-04-26T16:11:29Z</time>
      </trkpt>
      <trkpt lat="44.37772" lon="-73.88228">
        <ele>1189.75</ele>
        <time>2024-04-26T16:11:35Z</time>
      </trkpt>
      <trkpt lat="44.37774" lon="-73.88241">
        <ele>1190.62</ele>
        <time>2024-04-26T16:11:43Z</time>
      </trkpt>
      <trkpt lat="44.37775" lon="-73.88258">
        <ele>1191.7</ele>
        <time>2024-04-26T16:11:53Z</time>
      </trkpt>
      <trkpt lat="44.37778" lon="-73.88275">
        <ele>1193.73</ele>
        <time>2024-04-26T16:12:02Z</time>
      </trkpt>
      <trkpt lat="44.37779" lon="-73.88282">
        <ele>1194.19</ele>
        <time>2024-04-26T16:12:06Z</time>
      </trkpt>
      <trkpt lat="44.37779" lon="-73.8829">
        <ele>1194.54</ele>
        <time>2024-04-26T16:12:10Z</time>
      </trkpt>
      <trkpt lat="44.37778" lon="-73.88292">
        <ele>1194.57</ele>
        <time>2024-04-26T16:12:11Z</time>
      </trkpt>
      <trkpt lat="44.37775" lon="-73.88304">
        <ele>1195.23</ele>
        <time>2024-04-26T16:12:19Z</time>
      </trkpt>
      <trkpt lat="44.37774" lon="-73.88315">
        <ele>1196.61</ele>
        <time>2024-04-26T16:12:25Z</time>
      </trkpt>
      <trkpt lat="44.37774" lon="-73.88323">
        <ele>1197.48</ele>
        <time>2024-04-26T16:12:31Z</time>
      </trkpt>
      <trkpt lat="44.37774" lon="-73.8833">
        <ele>1198.23</ele>
        <time>2024-04-26T16:12:36Z</time>
      </trkpt>
      <trkpt lat="44.37774" lon="-73.88334">
        <ele>1198.66</ele>
        <time>2024-04-26T16:12:38Z</time>
      </trkpt>
      <trkpt lat="44.37773" lon="-73.88339">
        <ele>1199.1</ele>
        <time>2024-04-26T16:12:43Z</time>
      </trkpt>
      <trkpt lat="44.37772" lon="-73.8834">
        <ele>1199.1</ele>
        <time>2024-04-26T16:12:48Z</time>
      </trkpt>
      <trkpt lat="44.37771" lon="-73.88341">
        <ele>1199.1</ele>
        <time>2024-04-26T16:12:52Z</time>
      </trkpt>
      <trkpt lat="44.37769" lon="-73.88344">
        <ele>1199.36</ele>
        <time>2024-04-26T16:13:04Z</time>
      </trkpt>
      <trkpt lat="44.37769" lon="-73.88345">
        <ele>1199.57</ele>
        <time>2024-04-26T16:13:05Z</time>
      </trkpt>
      <trkpt lat="44.37768" lon="-73.88346">
        <ele>1199.66</ele>
        <time>2024-04-26T16:13:07Z</time>
      </trkpt>
      <trkpt lat="44.37766" lon="-73.88348">
        <ele>1199.74</ele>
        <time>2024-04-26T16:13:09Z</time>
      </trkpt>
      <trkpt lat="44.37764" lon="-73.88351">
        <ele>1199.88</ele>
        <time>2024-04-26T16:13:13Z</time>
      </trkpt>
      <trkpt lat="44.3776" lon="-73.88355">
        <ele>1199.84</ele>
        <time>2024-04-26T16:13:19Z</time>
      </trkpt>
      <trkpt lat="44.37757" lon="-73.88357">
        <ele>1199.73</ele>
        <time>2024-04-26T16:13:22Z</time>
      </trkpt>
      <trkpt lat="44.37755" lon="-73.88362">
        <ele>1200.27</ele>
        <time>2024-04-26T16:13:28Z</time>
      </trkpt>
      <trkpt lat="44.37752" lon="-73.88368">
        <ele>1200.92</ele>
        <time>2024-04-26T16:13:33Z</time>
      </trkpt>
      <trkpt lat="44.37749" lon="-73.88373">
        <ele>1201.07</ele>
        <time>2024-04-26T16:13:37Z</time>
      </trkpt>
      <trkpt lat="44.37743" lon="-73.88378">
        <ele>1200.31</ele>
        <time>2024-04-26T16:13:44Z</time>
      </trkpt>
      <trkpt lat="44.37737" lon="-73.88384">
        <ele>1199.45</ele>
        <time>2024-04-26T16:13:51Z</time>
      </trkpt>
      <trkpt lat="44.37733" lon="-73.88392">
        <ele>1199.66</ele>
        <time>2024-04-26T16:13:58Z</time>
      </trkpt>
      <trkpt lat="44.37728" lon="-73.88402">
        <ele>1199.44</ele>
        <time>2024-04-26T16:14:05Z</time>
      </trkpt>
      <trkpt lat="44.37723" lon="-73.88409">
        <ele>1199.34</ele>
        <time>2024-04-26T16:14:12Z</time>
      </trkpt>
      <trkpt lat="44.37717" lon="-73.88417">
        <ele>1198.36</ele>
        <time>2024-04-26T16:14:20Z</time>
      </trkpt>
      <trkpt lat="44.37715" lon="-73.88419">
        <ele>1198.11</ele>
        <time>2024-04-26T16:14:24Z</time>
      </trkpt>
      <trkpt lat="44.37712" lon="-73.8842">
        <ele>1197.37</ele>
        <time>2024-04-26T16:14:29Z</time>
      </trkpt>
      <trkpt lat="44.37708" lon="-73.88422">
        <ele>1196.24</ele>
        <time>2024-04-26T16:14:32Z</time>
      </trkpt>
      <trkpt lat="44.37705" lon="-73.88424">
        <ele>1195.32</ele>
        <time>2024-04-26T16:14:36Z</time>
      </trkpt>
      <trkpt lat="44.37702" lon="-73.88426">
        <ele>1194.28</ele>
        <time>2024-04-26T16:14:38Z</time>
      </trkpt>
      <trkpt lat="44.377" lon="-73.88428">
        <ele>1193.85</ele>
        <time>2024-04-26T16:14:41Z</time>
      </trkpt>
      <trkpt lat="44.37697" lon="-73.88433">
        <ele>1193.63</ele>
        <time>2024-04-26T16:14:46Z</time>
      </trkpt>
      <trkpt lat="44.37695" lon="-73.88435">
        <ele>1193.2</ele>
        <time>2024-04-26T16:14:48Z</time>
      </trkpt>
      <trkpt lat="44.37693" lon="-73.88436">
        <ele>1192.48</ele>
        <time>2024-04-26T16:14:52Z</time>
      </trkpt>
      <trkpt lat="44.37693" lon="-73.88437">
        <ele>1192.6</ele>
        <time>2024-04-26T16:14:53Z</time>
      </trkpt>
      <trkpt lat="44.3769" lon="-73.88439">
        <ele>1191.69</ele>
        <time>2024-04-26T16:14:57Z</time>
      </trkpt>
      <trkpt lat="44.37687" lon="-73.88443">
        <ele>1191.31</ele>
        <time>2024-04-26T16:15:01Z</time>
      </trkpt>
      <trkpt lat="44.37685" lon="-73.88446">
        <ele>1191.09</ele>
        <time>2024-04-26T16:15:05Z</time>
      </trkpt>
      <trkpt lat="44.37681" lon="-73.8845">
        <ele>1190.06</ele>
        <time>2024-04-26T16:15:11Z</time>
      </trkpt>
      <trkpt lat="44.37677" lon="-73.88454">
        <ele>1189.38</ele>
        <time>2024-04-26T16:15:15Z</time>
      </trkpt>
      <trkpt lat="44.37674" lon="-73.88458">
        <ele>1188.84</ele>
        <time>2024-04-26T16:15:18Z</time>
      </trkpt>
      <trkpt lat="44.37672" lon="-73.88466">
        <ele>1189.24</ele>
        <time>2024-04-26T16:15:24Z</time>
      </trkpt>
      <trkpt lat="44.37671" lon="-73.88477">
        <ele>1190.66</ele>
        <time>2024-04-26T16:15:32Z</time>
      </trkpt>
      <trkpt lat="44.37671" lon="-73.88489">
        <ele>1192.22</ele>
        <time>2024-04-26T16:15:39Z</time>
      </trkpt>
      <trkpt lat="44.3767" lon="-73.8849">
        <ele>1192.0</ele>
        <time>2024-04-26T16:15:40Z</time>
      </trkpt>
      <trkpt lat="44.37669" lon="-73.88493">
        <ele>1192.0</ele>
        <time>2024-04-26T16:15:42Z</time>
      </trkpt>
      <trkpt lat="44.37666" lon="-73.885">
        <ele>1191.78</ele>
        <time>2024-04-26T16:15:46Z</time>
      </trkpt>
      <trkpt lat="44.37667" lon="-73.88511">
        <ele>1193.3</ele>
        <time>2024-04-26T16:15:53Z</time>
      </trkpt>
      <trkpt lat="44.37666" lon="-73.88518">
        <ele>1193.8</ele>
        <time>2024-04-26T16:15:59Z</time>
      </trkpt>
      <trkpt lat="44.37666" lon="-73.88519">
        <ele>1193.91</ele>
        <time>2024-04-26T16:16:00Z</time>
      </trkpt>
      <trkpt lat="44.37662" lon="-73.88526">
        <ele>1193.8</ele>
        <time>2024-04-26T16:16:07Z</time>
      </trkpt>
      <trkpt lat="44.37657" lon="-73.88532">
        <ele>1192.89</ele>
        <time>2024-04-26T16:16:15Z</time>
      </trkpt>
      <trkpt lat="44.37652" lon="-73.88544">
        <ele>1192.58</ele>
        <time>2024-04-26T16:16:23Z</time>
      </trkpt>
      <trkpt lat="44.37647" lon="-73.88555">
        <ele>1192.57</ele>
        <time>2024-04-26T16:16:31Z</time>
      </trkpt>
      <trkpt lat="44.37646" lon="-73.88563">
        <ele>1192.49</ele>
        <time>2024-04-26T16:16:36Z</time>
      </trkpt>
      <trkpt lat="44.37645" lon="-73.88567">
        <ele>1192.56</ele>
        <time>2024-04-26T16:16:39Z</time>
      </trkpt>
      <trkpt lat="44.37644" lon="-73.88579">
        <ele>1193.4</ele>
        <time>2024-04-26T16:16:48Z</time>
      </trkpt>
      <trkpt lat="44.3764" lon="-73.88588">
        <ele>1192.86</ele>
        <time>2024-04-26T16:16:55Z</time>
      </trkpt>
      <trkpt lat="44.37638" lon="-73.88592">
        <ele>1192.74</ele>
        <time>2024-04-26T16:16:58Z</time>
      </trkpt>
      <trkpt lat="44.37635" lon="-73.88597">
        <ele>1192.44</ele>
        <time>2024-04-26T16:17:02Z</time>
      </trkpt>
      <trkpt lat="44.37632" lon="-73.88608">
        <ele>1192.26</ele>
        <time>2024-04-26T16:17:09Z</time>
      </trkpt>
      <trkpt lat="44.37629" lon="-73.88621">
        <ele>1192.8</ele>
        <time>2024-04-26T16:17:17Z</time>
      </trkpt>
      <trkpt lat="44.37626" lon="-73.88634">
        <ele>1192.69</ele>
        <time>2024-04-26T16:17:24Z</time>
      </trkpt>
      <trkpt lat="44.37625" lon="-73.88647">
        <ele>1193.44</ele>
        <time>2024-04-26T16:17:31Z</time>
      </trkpt>
      <trkpt lat="44.37621" lon="-73.8866">
        <ele>1193.16</ele>
        <time>2024-04-26T16:17:39Z</time>
      </trkpt>
      <trkpt lat="44.37619" lon="-73.88671">
        <ele>1193.1</ele>
        <time>2024-04-26T16:17:47Z</time>
      </trkpt>
      <trkpt lat="44.37619" lon="-73.88672">
        <ele>1193.19</ele>
        <time>2024-04-26T16:17:48Z</time>
      </trkpt>
      <trkpt lat="44.37614" lon="-73.88681">
        <ele>1192.48</ele>
        <time>2024-04-26T16:17:58Z</time>
      </trkpt>
      <trkpt lat="44.37613" lon="-73.88682">
        <ele>1192.27</ele>
        <time>2024-04-26T16:18:00Z</time>
      </trkpt>
      <trkpt lat="44.37609" lon="-73.88688">
        <ele>1191.78</ele>
        <time>2024-04-26T16:18:04Z</time>
      </trkpt>
      <trkpt lat="44.37606" lon="-73.88694">
        <ele>1191.32</ele>
        <time>2024-04-26T16:18:08Z</time>
      </trkpt>
      <trkpt lat="44.37604" lon="-73.88698">
        <ele>1191.08</ele>
        <time>2024-04-26T16:18:11Z</time>
      </trkpt>
      <trkpt lat="44.37601" lon="-73.88702">
        <ele>1190.63</ele>
        <time>2024-04-26T16:18:15Z</time>
      </trkpt>
      <trkpt lat="44.37601" lon="-73.88703">
        <ele>1190.74</ele>
        <time>2024-04-26T16:18:16Z</time>
      </trkpt>
      <trkpt lat="44.37598" lon="-73.8871">
        <ele>1190.57</ele>
        <time>2024-04-26T16:18:21Z</time>
      </trkpt>
      <trkpt lat="44.37597" lon="-73.88713">
        <ele>1190.43</ele>
        <time>2024-04-26T16:18:23Z</time>
      </trkpt>
      <trkpt lat="44.37596" lon="-73.88714">
        <ele>1190.22</ele>
        <time>2024-04-26T16:18:24Z</time>
      </trkpt>
      <trkpt lat="44.37589" lon="-73.88724">
        <ele>1189.73</ele>
        <time>2024-04-26T16:18:32Z</time>
      </trkpt>
      <trkpt lat="44.37585" lon="-73.88733">
        <ele>1189.52</ele>
        <time>2024-04-26T16:18:39Z</time>
      </trkpt>
      <trkpt lat="44.37579" lon="-73.88741">
        <ele>1189.09</ele>
        <time>2024-04-26T16:18:46Z</time>
      </trkpt>
      <trkpt lat="44.37574" lon="-73.88756">
        <ele>1189.63</ele>
        <time>2024-04-26T16:18:56Z</time>
      </trkpt>
      <trkpt lat="44.37576" lon="-73.88771">
        <ele>1190.68</ele>
        <time>2024-04-26T16:19:03Z</time>
      </trkpt>
      <trkpt lat="44.37576" lon="-73.88783">
        <ele>1191.86</ele>
        <time>2024-04-26T16:19:11Z</time>
      </trkpt>
      <trkpt lat="44.37572" lon="-73.88792">
        <ele>1191.55</ele>
        <time>2024-04-26T16:19:18Z</time>
      </trkpt>
      <trkpt lat="44.37571" lon="-73.88794">
        <ele>1191.34</ele>
        <time>2024-04-26T16:19:19Z</time>
      </trkpt>
      <trkpt lat="44.37568" lon="-73.88807">
        <ele>1191.79</ele>
        <time>2024-04-26T16:19:26Z</time>
      </trkpt>
      <trkpt lat="44.37564" lon="-73.88817">
        <ele>1191.84</ele>
        <time>2024-04-26T16:19:33Z</time>
      </trkpt>
      <trkpt lat="44.37556" lon="-73.8882">
        <ele>1190.63</ele>
        <time>2024-04-26T16:19:39Z</time>
      </trkpt>
      <trkpt lat="44.37555" lon="-73.8882">
        <ele>1190.47</ele>
        <time>2024-04-26T16:19:40Z</time>
      </trkpt>
      <trkpt lat="44.37551" lon="-73.88832">
        <ele>1190.44</ele>
        <time>2024-04-26T16:19:47Z</time>
      </trkpt>
      <trkpt lat="44.37551" lon="-73.88848">
        <ele>1190.8</ele>
        <time>2024-04-26T16:19:55Z</time>
      </trkpt>
      <trkpt lat="44.3755" lon="-73.88859">
        <ele>1191.26</ele>
        <time>2024-04-26T16:20:03Z</time>
      </trkpt>
      <trkpt lat="44.37546" lon="-73.88868">
        <ele>1190.96</ele>
        <time>2024-04-26T16:20:11Z</time>
      </trkpt>
      <trkpt lat="44.37545" lon="-73.88869">
        <ele>1190.84</ele>
        <time>2024-04-26T16:20:12Z</time>
      </trkpt>
      <trkpt lat="44.37542" lon="-73.88877">
        <ele>1190.92</ele>
        <time>2024-04-26T16:20:18Z</time>
      </trkpt>
      <trkpt lat="44.37541" lon="-73.88879">
        <ele>1190.83</ele>
        <time>2024-04-26T16:20:19Z</time>
      </trkpt>
      <trkpt lat="44.37539" lon="-73.88888">
        <ele>1191.14</ele>
        <time>2024-04-26T16:20:24Z</time>
      </trkpt>
      <trkpt lat="44.37538" lon="-73.88892">
        <ele>1191.1</ele>
        <time>2024-04-26T16:20:26Z</time>
      </trkpt>
      <trkpt lat="44.37537" lon="-73.88902">
        <ele>1191.0</ele>
        <time>2024-04-26T16:20:33Z</time>
      </trkpt>
      <trkpt lat="44.37535" lon="-73.88913">
        <ele>1190.78</ele>
        <time>2024-04-26T16:20:40Z</time>
      </trkpt>
      <trkpt lat="44.37533" lon="-73.88919">
        <ele>1190.56</ele>
        <time>2024-04-26T16:20:44Z</time>
      </trkpt>
      <trkpt lat="44.37532" lon="-73.88922">
        <ele>1190.46</ele>
        <time>2024-04-26T16:20:47Z</time>
      </trkpt>
      <trkpt lat="44.37529" lon="-73.8893">
        <ele>1190.13</ele>
        <time>2024-04-26T16:20:53Z</time>
      </trkpt>
      <trkpt lat="44.37525" lon="-73.88938">
        <ele>1189.7</ele>
        <time>2024-04-26T16:20:59Z</time>
      </trkpt>
      <trkpt lat="44.37524" lon="-73.88943">
        <ele>1189.59</ele>
        <time>2024-04-26T16:21:02Z</time>
      </trkpt>
      <trkpt lat="44.37519" lon="-73.88947">
        <ele>1189.05</ele>
        <time>2024-04-26T16:21:08Z</time>
      </trkpt>
      <trkpt lat="44.37519" lon="-73.88948">
        <ele>1189.05</ele>
        <time>2024-04-26T16:21:09Z</time>
      </trkpt>
      <trkpt lat="44.37519" lon="-73.88948">
        <ele>1189.05</ele>
        <time>2024-04-26T16:21:10Z</time>
      </trkpt>
      <trkpt lat="44.37515" lon="-73.88948">
        <ele>1188.62</ele>
        <time>2024-04-26T16:21:16Z</time>
      </trkpt>
      <trkpt lat="44.37513" lon="-73.88947">
        <ele>1188.4</ele>
        <time>2024-04-26T16:21:18Z</time>
      </trkpt>
      <trkpt lat="44.3751" lon="-73.88945">
        <ele>1188.08</ele>
        <time>2024-04-26T16:21:21Z</time>
      </trkpt>
      <trkpt lat="44.37508" lon="-73.88943">
        <ele>1187.98</ele>
        <time>2024-04-26T16:21:25Z</time>
      </trkpt>
      <trkpt lat="44.37508" lon="-73.88943">
        <ele>1187.98</ele>
        <time>2024-04-26T16:21:26Z</time>
      </trkpt>
      <trkpt lat="44.37506" lon="-73.88943">
        <ele>1187.95</ele>
        <time>2024-04-26T16:21:33Z</time>
      </trkpt>
      <trkpt lat="44.37505" lon="-73.88942">
        <ele>1187.88</ele>
        <time>2024-04-26T16:21:39Z</time>
      </trkpt>
      <trkpt lat="44.37501" lon="-73.88943">
        <ele>1187.86</ele>
        <time>2024-04-26T16:21:47Z</time>
      </trkpt>
      <trkpt lat="44.375" lon="-73.88942">
        <ele>1187.74</ele>
        <time>2024-04-26T16:21:55Z</time>
      </trkpt>
      <trkpt lat="44.375" lon="-73.88942">
        <ele>1187.74</ele>
        <time>2024-04-26T16:21:58Z</time>
      </trkpt>
      <trkpt lat="44.37501" lon="-73.88946">
        <ele>1188.0</ele>
        <time>2024-04-26T16:22:05Z</time>
      </trkpt>
      <trkpt lat="44.37499" lon="-73.88947">
        <ele>1187.89</ele>
        <time>2024-04-26T16:22:11Z</time>
      </trkpt>
      <trkpt lat="44.37494" lon="-73.88949">
        <ele>1187.35</ele>
        <time>2024-04-26T16:22:17Z</time>
      </trkpt>
      <trkpt lat="44.3749" lon="-73.88952">
        <ele>1187.0</ele>
        <time>2024-04-26T16:22:23Z</time>
      </trkpt>
      <trkpt lat="44.37489" lon="-73.88952">
        <ele>1187.0</ele>
        <time>2024-04-26T16:22:24Z</time>
      </trkpt>
      <trkpt lat="44.37488" lon="-73.88953">
        <ele>1187.0</ele>
        <time>2024-04-26T16:22:26Z</time>
      </trkpt>
      <trkpt lat="44.37483" lon="-73.88958">
        <ele>1187.46</ele>
        <time>2024-04-26T16:22:32Z</time>
      </trkpt>
      <trkpt lat="44.3748" lon="-73.88964">
        <ele>1188.0</ele>
        <time>2024-04-26T16:22:38Z</time>
      </trkpt>
      <trkpt lat="44.37477" lon="-73.88973">
        <ele>1188.08</ele>
        <time>2024-04-26T16:22:45Z</time>
      </trkpt>
      <trkpt lat="44.37474" lon="-73.88977">
        <ele>1188.52</ele>
        <time>2024-04-26T16:22:50Z</time>
      </trkpt>
      <trkpt lat="44.37473" lon="-73.8898">
        <ele>1188.84</ele>
        <time>2024-04-26T16:22:52Z</time>
      </trkpt>
      <trkpt lat="44.37466" lon="-73.88986">
        <ele>1189.0</ele>
        <time>2024-04-26T16:23:00Z</time>
      </trkpt>
      <trkpt lat="44.37462" lon="-73.88987">
        <ele>1188.96</ele>
        <time>2024-04-26T16:23:05Z</time>
      </trkpt>
      <trkpt lat="44.37454" lon="-73.8899">
        <ele>1188.92</ele>
        <time>2024-04-26T16:23:13Z</time>
      </trkpt>
      <trkpt lat="44.37444" lon="-73.88994">
        <ele>1188.97</ele>
        <time>2024-04-26T16:23:21Z</time>
      </trkpt>
      <trkpt lat="44.37441" lon="-73.88994">
        <ele>1188.76</ele>
        <time>2024-04-26T16:23:24Z</time>
      </trkpt>
      <trkpt lat="44.37435" lon="-73.88996">
        <ele>1188.57</ele>
        <time>2024-04-26T16:23:29Z</time>
      </trkpt>
      <trkpt lat="44.37429" lon="-73.89005">
        <ele>1189.18</ele>
        <time>2024-04-26T16:23:36Z</time>
      </trkpt>
      <trkpt lat="44.37424" lon="-73.89013">
        <ele>1189.4</ele>
        <time>2024-04-26T16:23:43Z</time>
      </trkpt>
      <trkpt lat="44.37422" lon="-73.89016">
        <ele>1189.73</ele>
        <time>2024-04-26T16:23:46Z</time>
      </trkpt>
      <trkpt lat="44.37424" lon="-73.89018">
        <ele>1189.94</ele>
        <time>2024-04-26T16:23:51Z</time>
      </trkpt>
      <trkpt lat="44.37423" lon="-73.89021">
        <ele>1190.0</ele>
        <time>2024-04-26T16:24:00Z</time>
      </trkpt>
      <trkpt lat="44.37417" lon="-73.89024">
        <ele>1190.0</ele>
        <time>2024-04-26T16:24:07Z</time>
      </trkpt>
      <trkpt lat="44.37414" lon="-73.89024">
        <ele>1190.0</ele>
        <time>2024-04-26T16:24:09Z</time>
      </trkpt>
      <trkpt lat="44.3741" lon="-73.89024">
        <ele>1190.0</ele>
        <time>2024-04-26T16:24:13Z</time>
      </trkpt>
      <trkpt lat="44.37402" lon="-73.89022">
        <ele>1190.22</ele>
        <time>2024-04-26T16:24:21Z</time>
      </trkpt>
      <trkpt lat="44.37393" lon="-73.8902">
        <ele>1190.16</ele>
        <time>2024-04-26T16:24:30Z</time>
      </trkpt>
      <trkpt lat="44.37393" lon="-73.8902">
        <ele>1190.16</ele>
        <time>2024-04-26T16:24:31Z</time>
      </trkpt>
      <trkpt lat="44.3739" lon="-73.89019">
        <ele>1190.05</ele>
        <time>2024-04-26T16:24:35Z</time>
      </trkpt>
      <trkpt lat="44.37386" lon="-73.89016">
        <ele>1190.23</ele>
        <time>2024-04-26T16:24:39Z</time>
      </trkpt>
      <trkpt lat="44.37385" lon="-73.89015">
        <ele>1190.26</ele>
        <time>2024-04-26T16:24:40Z</time>
      </trkpt>
      <trkpt lat="44.37383" lon="-73.89014">
        <ele>1190.33</ele>
        <time>2024-04-26T16:24:42Z</time>
      </trkpt>
      <trkpt lat="44.37382" lon="-73.89014">
        <ele>1190.38</ele>
        <time>2024-04-26T16:24:49Z</time>
      </trkpt>
      <trkpt lat="44.37383" lon="-73.89015">
        <ele>1190.39</ele>
        <time>2024-04-26T16:24:56Z</time>
      </trkpt>
      <trkpt lat="44.37383" lon="-73.89016">
        <ele>1190.46</ele>
        <time>2024-04-26T16:24:58Z</time>
      </trkpt>
      <trkpt lat="44.37386" lon="-73.89021">
        <ele>1190.5</ele>
        <time>2024-04-26T16:25:04Z</time>
      </trkpt>
      <trkpt lat="44.37391" lon="-73.89022">
        <ele>1190.38</ele>
        <time>2024-04-26T16:25:13Z</time>
      </trkpt>
      <trkpt lat="44.37386" lon="-73.89018">
        <ele>1190.29</ele>
        <time>2024-04-26T16:25:22Z</time>
      </trkpt>
      <trkpt lat="44.37384" lon="-73.89016">
        <ele>1190.38</ele>
        <time>2024-04-26T16:25:27Z</time>
      </trkpt>
      <trkpt lat="44.37379" lon="-73.89015">
        <ele>1190.65</ele>
        <time>2024-04-26T16:25:32Z</time>
      </trkpt>
      <trkpt lat="44.37372" lon="-73.89014">
        <ele>1190.91</ele>
        <time>2024-04-26T16:25:40Z</time>
      </trkpt>
      <trkpt lat="44.37364" lon="-73.89013">
        <ele>1191.0</ele>
        <time>2024-04-26T16:25:48Z</time>
      </trkpt>
      <trkpt lat="44.37356" lon="-73.89015">
        <ele>1191.0</ele>
        <time>2024-04-26T16:25:56Z</time>
      </trkpt>
      <trkpt lat="44.3735" lon="-73.89013">
        <ele>1190.88</ele>
        <time>2024-04-26T16:26:04Z</time>
      </trkpt>
      <trkpt lat="44.37342" lon="-73.89011">
        <ele>1190.19</ele>
        <time>2024-04-26T16:26:12Z</time>
      </trkpt>
      <trkpt lat="44.37336" lon="-73.89009">
        <ele>1190.0</ele>
        <time>2024-04-26T16:26:18Z</time>
      </trkpt>
      <trkpt lat="44.37335" lon="-73.89008">
        <ele>1190.0</ele>
        <time>2024-04-26T16:26:21Z</time>
      </trkpt>
      <trkpt lat="44.37328" lon="-73.89007">
        <ele>1189.86</ele>
        <time>2024-04-26T16:26:26Z</time>
      </trkpt>
      <trkpt lat="44.37324" lon="-73.89008">
        <ele>1189.86</ele>
        <time>2024-04-26T16:26:29Z</time>
      </trkpt>
      <trkpt lat="44.37316" lon="-73.89006">
        <ele>1189.65</ele>
        <time>2024-04-26T16:26:36Z</time>
      </trkpt>
      <trkpt lat="44.37309" lon="-73.89005">
        <ele>1189.2</ele>
        <time>2024-04-26T16:26:42Z</time>
      </trkpt>
      <trkpt lat="44.37305" lon="-73.89004">
        <ele>1189.0</ele>
        <time>2024-04-26T16:26:45Z</time>
      </trkpt>
      <trkpt lat="44.37304" lon="-73.89003">
        <ele>1189.0</ele>
        <time>2024-04-26T16:26:46Z</time>
      </trkpt>
      <trkpt lat="44.37293" lon="-73.89005">
        <ele>1188.84</ele>
        <time>2024-04-26T16:26:54Z</time>
      </trkpt>
      <trkpt lat="44.37283" lon="-73.89008">
        <ele>1188.86</ele>
        <time>2024-04-26T16:27:02Z</time>
      </trkpt>
      <trkpt lat="44.37282" lon="-73.89009">
        <ele>1188.97</ele>
        <time>2024-04-26T16:27:03Z</time>
      </trkpt>
      <trkpt lat="44.37278" lon="-73.89011">
        <ele>1189.19</ele>
        <time>2024-04-26T16:27:08Z</time>
      </trkpt>
      <trkpt lat="44.37274" lon="-73.89013">
        <ele>1189.4</ele>
        <time>2024-04-26T16:27:11Z</time>
      </trkpt>
      <trkpt lat="44.37264" lon="-73.89015">
        <ele>1190.11</ele>
        <time>2024-04-26T16:27:21Z</time>
      </trkpt>
      <trkpt lat="44.37263" lon="-73.89015">
        <ele>1190.22</ele>
        <time>2024-04-26T16:27:22Z</time>
      </trkpt>
      <trkpt lat="44.37256" lon="-73.89014">
        <ele>1190.68</ele>
        <time>2024-04-26T16:27:29Z</time>
      </trkpt>
      <trkpt lat="44.37253" lon="-73.89012">
        <ele>1190.77</ele>
        <time>2024-04-26T16:27:38Z</time>
      </trkpt>
      <trkpt lat="44.37254" lon="-73.89011">
        <ele>1190.65</ele>
        <time>2024-04-26T16:27:48Z</time>
      </trkpt>
      <trkpt lat="44.37251" lon="-73.89008">
        <ele>1190.77</ele>
        <time>2024-04-26T16:27:57Z</time>
      </trkpt>
      <trkpt lat="44.37249" lon="-73.89009">
        <ele>1190.98</ele>
        <time>2024-04-26T16:27:59Z</time>
      </trkpt>
      <trkpt lat="44.37246" lon="-73.8901">
        <ele>1191.03</ele>
        <time>2024-04-26T16:28:04Z</time>
      </trkpt>
      <trkpt lat="44.37242" lon="-73.89015">
        <ele>1191.54</ele>
        <time>2024-04-26T16:28:10Z</time>
      </trkpt>
      <trkpt lat="44.37241" lon="-73.89017">
        <ele>1191.81</ele>
        <time>2024-04-26T16:28:12Z</time>
      </trkpt>
      <trkpt lat="44.37235" lon="-73.89022">
        <ele>1192.23</ele>
        <time>2024-04-26T16:28:18Z</time>
      </trkpt>
      <trkpt lat="44.3723" lon="-73.89027">
        <ele>1192.93</ele>
        <time>2024-04-26T16:28:24Z</time>
      </trkpt>
      <trkpt lat="44.37229" lon="-73.89028">
        <ele>1193.01</ele>
        <time>2024-04-26T16:28:26Z</time>
      </trkpt>
      <trkpt lat="44.37226" lon="-73.89028">
        <ele>1193.01</ele>
        <time>2024-04-26T16:28:29Z</time>
      </trkpt>
      <trkpt lat="44.37225" lon="-73.89028">
        <ele>1193.02</ele>
        <time>2024-04-26T16:28:30Z</time>
      </trkpt>
      <trkpt lat="44.37224" lon="-73.89028">
        <ele>1193.02</ele>
        <time>2024-04-26T16:28:31Z</time>
      </trkpt>
      <trkpt lat="44.37218" lon="-73.89029">
        <ele>1193.53</ele>
        <time>2024-04-26T16:28:37Z</time>
      </trkpt>
      <trkpt lat="44.37217" lon="-73.89029">
        <ele>1193.62</ele>
        <time>2024-04-26T16:28:38Z</time>
      </trkpt>
      <trkpt lat="44.37213" lon="-73.8903">
        <ele>1194.0</ele>
        <time>2024-04-26T16:28:41Z</time>
      </trkpt>
      <trkpt lat="44.37211" lon="-73.89031">
        <ele>1194.07</ele>
        <time>2024-04-26T16:28:43Z</time>
      </trkpt>
      <trkpt lat="44.3721" lon="-73.89031">
        <ele>1194.11</ele>
        <time>2024-04-26T16:28:44Z</time>
      </trkpt>
      <trkpt lat="44.37203" lon="-73.89038">
        <ele>1195.01</ele>
        <time>2024-04-26T16:28:51Z</time>
      </trkpt>
      <trkpt lat="44.37198" lon="-73.89042">
        <ele>1195.33</ele>
        <time>2024-04-26T16:28:56Z</time>
      </trkpt>
      <trkpt lat="44.37197" lon="-73.89043">
        <ele>1195.47</ele>
        <time>2024-04-26T16:28:57Z</time>
      </trkpt>
      <trkpt lat="44.37192" lon="-73.89046">
        <ele>1196.23</ele>
        <time>2024-04-26T16:29:03Z</time>
      </trkpt>
      <trkpt lat="44.3719" lon="-73.8905">
        <ele>1196.48</ele>
        <time>2024-04-26T16:29:05Z</time>
      </trkpt>
      <trkpt lat="44.3719" lon="-73.89052">
        <ele>1196.48</ele>
        <time>2024-04-26T16:29:06Z</time>
      </trkpt>
      <trkpt lat="44.37189" lon="-73.89057">
        <ele>1196.74</ele>
        <time>2024-04-26T16:29:09Z</time>
      </trkpt>
      <trkpt lat="44.37189" lon="-73.89058">
        <ele>1196.85</ele>
        <time>2024-04-26T16:29:13Z</time>
      </trkpt>
      <trkpt lat="44.37189" lon="-73.89061">
        <ele>1197.18</ele>
        <time>2024-04-26T16:29:16Z</time>
      </trkpt>
      <trkpt lat="44.37188" lon="-73.89062">
        <ele>1197.39</ele>
        <time>2024-04-26T16:29:38Z</time>
      </trkpt>
      <trkpt lat="44.37186" lon="-73.8907">
        <ele>1197.91</ele>
        <time>2024-04-26T16:29:44Z</time>
      </trkpt>
      <trkpt lat="44.37186" lon="-73.89073">
        <ele>1197.91</ele>
        <time>2024-04-26T16:29:46Z</time>
      </trkpt>
      <trkpt lat="44.37186" lon="-73.89077">
        <ele>1197.91</ele>
        <time>2024-04-26T16:29:48Z</time>
      </trkpt>
      <trkpt lat="44.37186" lon="-73.89079">
        <ele>1197.91</ele>
        <time>2024-04-26T16:29:49Z</time>
      </trkpt>
      <trkpt lat="44.37188" lon="-73.89085">
        <ele>1197.75</ele>
        <time>2024-04-26T16:29:52Z</time>
      </trkpt>
      <trkpt lat="44.37187" lon="-73.89094">
        <ele>1198.12</ele>
        <time>2024-04-26T16:29:57Z</time>
      </trkpt>
      <trkpt lat="44.37187" lon="-73.89095">
        <ele>1198.21</ele>
        <time>2024-04-26T16:29:59Z</time>
      </trkpt>
      <trkpt lat="44.37185" lon="-73.89098">
        <ele>1198.6</ele>
        <time>2024-04-26T16:30:01Z</time>
      </trkpt>
      <trkpt lat="44.37184" lon="-73.89099">
        <ele>1198.82</ele>
        <time>2024-04-26T16:30:03Z</time>
      </trkpt>
      <trkpt lat="44.37183" lon="-73.891">
        <ele>1199.04</ele>
        <time>2024-04-26T16:30:05Z</time>
      </trkpt>
      <trkpt lat="44.37181" lon="-73.89105">
        <ele>1199.61</ele>
        <time>2024-04-26T16:30:09Z</time>
      </trkpt>
      <trkpt lat="44.3718" lon="-73.89106">
        <ele>1199.81</ele>
        <time>2024-04-26T16:30:11Z</time>
      </trkpt>
      <trkpt lat="44.37178" lon="-73.89107">
        <ele>1200.21</ele>
        <time>2024-04-26T16:30:15Z</time>
      </trkpt>
      <trkpt lat="44.37176" lon="-73.89109">
        <ele>1200.76</ele>
        <time>2024-04-26T16:30:18Z</time>
      </trkpt>
      <trkpt lat="44.37175" lon="-73.89111">
        <ele>1201.19</ele>
        <time>2024-04-26T16:30:20Z</time>
      </trkpt>
      <trkpt lat="44.37175" lon="-73.89116">
        <ele>1201.73</ele>
        <time>2024-04-26T16:30:26Z</time>
      </trkpt>
      <trkpt lat="44.37174" lon="-73.89117">
        <ele>1202.05</ele>
        <time>2024-04-26T16:30:27Z</time>
      </trkpt>
      <trkpt lat="44.37173" lon="-73.89123">
        <ele>1202.92</ele>
        <time>2024-04-26T16:30:33Z</time>
      </trkpt>
      <trkpt lat="44.37172" lon="-73.89124">
        <ele>1203.24</ele>
        <time>2024-04-26T16:30:37Z</time>
      </trkpt>
      <trkpt lat="44.3717" lon="-73.89125">
        <ele>1203.78</ele>
        <time>2024-04-26T16:30:41Z</time>
      </trkpt>
      <trkpt lat="44.37168" lon="-73.89123">
        <ele>1204.0</ele>
        <time>2024-04-26T16:30:45Z</time>
      </trkpt>
      <trkpt lat="44.37165" lon="-73.89122">
        <ele>1204.54</ele>
        <time>2024-04-26T16:30:49Z</time>
      </trkpt>
      <trkpt lat="44.37162" lon="-73.89122">
        <ele>1205.18</ele>
        <time>2024-04-26T16:30:52Z</time>
      </trkpt>
      <trkpt lat="44.3716" lon="-73.89122">
        <ele>1205.62</ele>
        <time>2024-04-26T16:30:56Z</time>
      </trkpt>
      <trkpt lat="44.37159" lon="-73.89122">
        <ele>1205.83</ele>
        <time>2024-04-26T16:30:58Z</time>
      </trkpt>
      <trkpt lat="44.37156" lon="-73.89122">
        <ele>1206.48</ele>
        <time>2024-04-26T16:31:04Z</time>
      </trkpt>
      <trkpt lat="44.37155" lon="-73.89123">
        <ele>1206.8</ele>
        <time>2024-04-26T16:31:06Z</time>
      </trkpt>
      <trkpt lat="44.37152" lon="-73.89124">
        <ele>1207.56</ele>
        <time>2024-04-26T16:31:10Z</time>
      </trkpt>
      <trkpt lat="44.3715" lon="-73.89125">
        <ele>1208.1</ele>
        <time>2024-04-26T16:31:13Z</time>
      </trkpt>
      <trkpt lat="44.37149" lon="-73.89125">
        <ele>1208.32</ele>
        <time>2024-04-26T16:31:21Z</time>
      </trkpt>
      <trkpt lat="44.37148" lon="-73.89126">
        <ele>1208.63</ele>
        <time>2024-04-26T16:31:27Z</time>
      </trkpt>
      <trkpt lat="44.37148" lon="-73.89127">
        <ele>1208.74</ele>
        <time>2024-04-26T16:31:37Z</time>
      </trkpt>
      <trkpt lat="44.37151" lon="-73.89127">
        <ele>1208.1</ele>
        <time>2024-04-26T16:31:43Z</time>
      </trkpt>
      <trkpt lat="44.37151" lon="-73.89127">
        <ele>1208.1</ele>
        <time>2024-04-26T16:31:48Z</time>
      </trkpt>
      <trkpt lat="44.37151" lon="-73.89127">
        <ele>1208.1</ele>
        <time>2024-04-26T16:31:49Z</time>
      </trkpt>
      <trkpt lat="44.37149" lon="-73.8913">
        <ele>1208.86</ele>
        <time>2024-04-26T16:31:55Z</time>
      </trkpt>
      <trkpt lat="44.37149" lon="-73.8913">
        <ele>1208.86</ele>
        <time>2024-04-26T16:31:57Z</time>
      </trkpt>
      <trkpt lat="44.37148" lon="-73.89131">
        <ele>1209.16</ele>
        <time>2024-04-26T16:32:00Z</time>
      </trkpt>
      <trkpt lat="44.37148" lon="-73.89132">
        <ele>1209.27</ele>
        <time>2024-04-26T16:32:02Z</time>
      </trkpt>
      <trkpt lat="44.37146" lon="-73.89133">
        <ele>1209.6</ele>
        <time>2024-04-26T16:32:05Z</time>
      </trkpt>
      <trkpt lat="44.37146" lon="-73.89133">
        <ele>1209.6</ele>
        <time>2024-04-26T16:32:07Z</time>
      </trkpt>
      <trkpt lat="44.37146" lon="-73.89133">
        <ele>1209.6</ele>
        <time>2024-04-26T16:32:08Z</time>
      </trkpt>
      <trkpt lat="44.37145" lon="-73.89134">
        <ele>1209.81</ele>
        <time>2024-04-26T16:32:16Z</time>
      </trkpt>
      <trkpt lat="44.37144" lon="-73.89136">
        <ele>1210.14</ele>
        <time>2024-04-26T16:32:21Z</time>
      </trkpt>
      <trkpt lat="44.37142" lon="-73.89136">
        <ele>1210.35</ele>
        <time>2024-04-26T16:32:23Z</time>
      </trkpt>
      <trkpt lat="44.37138" lon="-73.89141">
        <ele>1211.4</ele>
        <time>2024-04-26T16:32:28Z</time>
      </trkpt>
      <trkpt lat="44.37137" lon="-73.89142">
        <ele>1211.68</ele>
        <time>2024-04-26T16:32:29Z</time>
      </trkpt>
      <trkpt lat="44.37135" lon="-73.89144">
        <ele>1212.16</ele>
        <time>2024-04-26T16:32:31Z</time>
      </trkpt>
      <trkpt lat="44.37134" lon="-73.89145">
        <ele>1212.37</ele>
        <time>2024-04-26T16:32:32Z</time>
      </trkpt>
      <trkpt lat="44.37132" lon="-73.89148">
        <ele>1212.74</ele>
        <time>2024-04-26T16:32:35Z</time>
      </trkpt>
      <trkpt lat="44.37132" lon="-73.89149">
        <ele>1212.84</ele>
        <time>2024-04-26T16:32:36Z</time>
      </trkpt>
      <trkpt lat="44.37131" lon="-73.8915">
        <ele>1213.05</ele>
        <time>2024-04-26T16:32:37Z</time>
      </trkpt>
      <trkpt lat="44.37125" lon="-73.89156">
        <ele>1214.35</ele>
        <time>2024-04-26T16:32:45Z</time>
      </trkpt>
      <trkpt lat="44.37119" lon="-73.89165">
        <ele>1215.97</ele>
        <time>2024-04-26T16:32:54Z</time>
      </trkpt>
      <trkpt lat="44.37117" lon="-73.8917">
        <ele>1216.72</ele>
        <time>2024-04-26T16:32:59Z</time>
      </trkpt>
      <trkpt lat="44.37116" lon="-73.89172">
        <ele>1217.05</ele>
        <time>2024-04-26T16:33:01Z</time>
      </trkpt>
      <trkpt lat="44.37115" lon="-73.89173">
        <ele>1217.26</ele>
        <time>2024-04-26T16:33:05Z</time>
      </trkpt>
      <trkpt lat="44.37113" lon="-73.89177">
        <ele>1217.91</ele>
        <time>2024-04-26T16:33:09Z</time>
      </trkpt>
      <trkpt lat="44.37112" lon="-73.8918">
        <ele>1218.34</ele>
        <time>2024-04-26T16:33:13Z</time>
      </trkpt>
      <trkpt lat="44.37112" lon="-73.8918">
        <ele>1218.34</ele>
        <time>2024-04-26T16:33:19Z</time>
      </trkpt>
      <trkpt lat="44.37111" lon="-73.89183">
        <ele>1218.78</ele>
        <time>2024-04-26T16:33:32Z</time>
      </trkpt>
      <trkpt lat="44.37109" lon="-73.89185">
        <ele>1219.21</ele>
        <time>2024-04-26T16:33:39Z</time>
      </trkpt>
      <trkpt lat="44.37109" lon="-73.89184">
        <ele>1219.1</ele>
        <time>2024-04-26T16:33:44Z</time>
      </trkpt>
      <trkpt lat="44.37109" lon="-73.89184">
        <ele>1219.1</ele>
        <time>2024-04-26T16:33:51Z</time>
      </trkpt>
      <trkpt lat="44.37108" lon="-73.89184">
        <ele>1219.21</ele>
        <time>2024-04-26T16:33:54Z</time>
      </trkpt>
      <trkpt lat="44.37108" lon="-73.89184">
        <ele>1219.21</ele>
        <time>2024-04-26T16:33:55Z</time>
      </trkpt>
      <trkpt lat="44.37107" lon="-73.89186">
        <ele>1219.53</ele>
        <time>2024-04-26T16:33:58Z</time>
      </trkpt>
      <trkpt lat="44.37104" lon="-73.8919">
        <ele>1220.29</ele>
        <time>2024-04-26T16:34:03Z</time>
      </trkpt>
      <trkpt lat="44.37103" lon="-73.89191">
        <ele>1220.5</ele>
        <time>2024-04-26T16:34:06Z</time>
      </trkpt>
      <trkpt lat="44.37102" lon="-73.89193">
        <ele>1220.83</ele>
        <time>2024-04-26T16:34:09Z</time>
      </trkpt>
      <trkpt lat="44.371" lon="-73.89195">
        <ele>1221.46</ele>
        <time>2024-04-26T16:34:12Z</time>
      </trkpt>
      <trkpt lat="44.37096" lon="-73.89197">
        <ele>1222.54</ele>
        <time>2024-04-26T16:34:17Z</time>
      </trkpt>
      <trkpt lat="44.3709" lon="-73.89203">
        <ele>1224.2</ele>
        <time>2024-04-26T16:34:25Z</time>
      </trkpt>
      <trkpt lat="44.37087" lon="-73.89207">
        <ele>1224.96</ele>
        <time>2024-04-26T16:34:28Z</time>
      </trkpt>
      <trkpt lat="44.37085" lon="-73.8921">
        <ele>1225.5</ele>
        <time>2024-04-26T16:34:32Z</time>
      </trkpt>
      <trkpt lat="44.37079" lon="-73.89215">
        <ele>1227.27</ele>
        <time>2024-04-26T16:34:39Z</time>
      </trkpt>
      <trkpt lat="44.37076" lon="-73.89216">
        <ele>1227.98</ele>
        <time>2024-04-26T16:34:41Z</time>
      </trkpt>
      <trkpt lat="44.3707" lon="-73.89219">
        <ele>1229.09</ele>
        <time>2024-04-26T16:34:48Z</time>
      </trkpt>
      <trkpt lat="44.37069" lon="-73.8922">
        <ele>1229.31</ele>
        <time>2024-04-26T16:34:49Z</time>
      </trkpt>
      <trkpt lat="44.37066" lon="-73.89223">
        <ele>1229.96</ele>
        <time>2024-04-26T16:34:53Z</time>
      </trkpt>
      <trkpt lat="44.37063" lon="-73.89229">
        <ele>1230.93</ele>
        <time>2024-04-26T16:34:58Z</time>
      </trkpt>
      <trkpt lat="44.37062" lon="-73.8923">
        <ele>1231.14</ele>
        <time>2024-04-26T16:34:59Z</time>
      </trkpt>
      <trkpt lat="44.37057" lon="-73.89238">
        <ele>1232.55</ele>
        <time>2024-04-26T16:35:05Z</time>
      </trkpt>
      <trkpt lat="44.37056" lon="-73.89239">
        <ele>1232.76</ele>
        <time>2024-04-26T16:35:07Z</time>
      </trkpt>
      <trkpt lat="44.37052" lon="-73.89243">
        <ele>1233.09</ele>
        <time>2024-04-26T16:35:11Z</time>
      </trkpt>
      <trkpt lat="44.37049" lon="-73.89247">
        <ele>1233.48</ele>
        <time>2024-04-26T16:35:17Z</time>
      </trkpt>
      <trkpt lat="44.37048" lon="-73.89249">
        <ele>1233.73</ele>
        <time>2024-04-26T16:35:20Z</time>
      </trkpt>
      <trkpt lat="44.37045" lon="-73.89252">
        <ele>1234.03</ele>
        <time>2024-04-26T16:35:24Z</time>
      </trkpt>
      <trkpt lat="44.37045" lon="-73.89253">
        <ele>1234.05</ele>
        <time>2024-04-26T16:35:25Z</time>
      </trkpt>
      <trkpt lat="44.37042" lon="-73.89255">
        <ele>1234.25</ele>
        <time>2024-04-26T16:35:31Z</time>
      </trkpt>
      <trkpt lat="44.37034" lon="-73.89253">
        <ele>1234.32</ele>
        <time>2024-04-26T16:35:38Z</time>
      </trkpt>
      <trkpt lat="44.37031" lon="-73.89254">
        <ele>1234.43</ele>
        <time>2024-04-26T16:35:41Z</time>
      </trkpt>
      <trkpt lat="44.3703" lon="-73.89254">
        <ele>1234.43</ele>
        <time>2024-04-26T16:35:42Z</time>
      </trkpt>
      <trkpt lat="44.37026" lon="-73.89257">
        <ele>1234.76</ele>
        <time>2024-04-26T16:35:46Z</time>
      </trkpt>
      <trkpt lat="44.37024" lon="-73.8926">
        <ele>1235.0</ele>
        <time>2024-04-26T16:35:48Z</time>
      </trkpt>
      <trkpt lat="44.3702" lon="-73.89269">
        <ele>1235.05</ele>
        <time>2024-04-26T16:35:55Z</time>
      </trkpt>
      <trkpt lat="44.3702" lon="-73.89275">
        <ele>1235.7</ele>
        <time>2024-04-26T16:35:58Z</time>
      </trkpt>
      <trkpt lat="44.37022" lon="-73.89283">
        <ele>1236.56</ele>
        <time>2024-04-26T16:36:03Z</time>
      </trkpt>
      <trkpt lat="44.37027" lon="-73.89289">
        <ele>1237.19</ele>
        <time>2024-04-26T16:36:11Z</time>
      </trkpt>
      <trkpt lat="44.37027" lon="-73.89291">
        <ele>1237.39</ele>
        <time>2024-04-26T16:36:12Z</time>
      </trkpt>
      <trkpt lat="44.37032" lon="-73.893">
        <ele>1238.18</ele>
        <time>2024-04-26T16:36:19Z</time>
      </trkpt>
      <trkpt lat="44.37034" lon="-73.89306">
        <ele>1238.72</ele>
        <time>2024-04-26T16:36:23Z</time>
      </trkpt>
      <trkpt lat="44.37035" lon="-73.89311">
        <ele>1239.37</ele>
        <time>2024-04-26T16:36:27Z</time>
      </trkpt>
      <trkpt lat="44.37035" lon="-73.89314">
        <ele>1239.69</ele>
        <time>2024-04-26T16:36:32Z</time>
      </trkpt>
      <trkpt lat="44.37036" lon="-73.89316">
        <ele>1240.03</ele>
        <time>2024-04-26T16:36:35Z</time>
      </trkpt>
      <trkpt lat="44.37036" lon="-73.89318">
        <ele>1240.27</ele>
        <time>2024-04-26T16:36:38Z</time>
      </trkpt>
      <trkpt lat="44.37036" lon="-73.89321">
        <ele>1240.63</ele>
        <time>2024-04-26T16:36:43Z</time>
      </trkpt>
      <trkpt lat="44.37037" lon="-73.89326">
        <ele>1241.42</ele>
        <time>2024-04-26T16:36:48Z</time>
      </trkpt>
      <trkpt lat="44.37037" lon="-73.89326">
        <ele>1241.42</ele>
        <time>2024-04-26T16:36:49Z</time>
      </trkpt>
      <trkpt lat="44.37038" lon="-73.89329">
        <ele>1242.06</ele>
        <time>2024-04-26T16:36:57Z</time>
      </trkpt>
      <trkpt lat="44.37039" lon="-73.89332">
        <ele>1242.71</ele>
        <time>2024-04-26T16:36:59Z</time>
      </trkpt>
      <trkpt lat="44.3704" lon="-73.89336">
        <ele>1243.58</ele>
        <time>2024-04-26T16:37:07Z</time>
      </trkpt>
      <trkpt lat="44.3704" lon="-73.89336">
        <ele>1243.58</ele>
        <time>2024-04-26T16:37:13Z</time>
      </trkpt>
      <trkpt lat="44.37039" lon="-73.89336">
        <ele>1243.58</ele>
        <time>2024-04-26T16:37:17Z</time>
      </trkpt>
      <trkpt lat="44.37041" lon="-73.8934">
        <ele>1244.44</ele>
        <time>2024-04-26T16:37:27Z</time>
      </trkpt>
      <trkpt lat="44.37041" lon="-73.8934">
        <ele>1244.44</ele>
        <time>2024-04-26T16:37:28Z</time>
      </trkpt>
      <trkpt lat="44.37043" lon="-73.89343">
        <ele>1245.09</ele>
        <time>2024-04-26T16:37:35Z</time>
      </trkpt>
      <trkpt lat="44.37044" lon="-73.89348">
        <ele>1246.17</ele>
        <time>2024-04-26T16:37:42Z</time>
      </trkpt>
      <trkpt lat="44.37043" lon="-73.89348">
        <ele>1246.17</ele>
        <time>2024-04-26T16:37:44Z</time>
      </trkpt>
      <trkpt lat="44.37043" lon="-73.89349">
        <ele>1246.38</ele>
        <time>2024-04-26T16:37:47Z</time>
      </trkpt>
      <trkpt lat="44.37044" lon="-73.89353">
        <ele>1247.25</ele>
        <time>2024-04-26T16:37:52Z</time>
      </trkpt>
      <trkpt lat="44.37045" lon="-73.89356">
        <ele>1247.9</ele>
        <time>2024-04-26T16:37:56Z</time>
      </trkpt>
      <trkpt lat="44.37046" lon="-73.89357">
        <ele>1248.11</ele>
        <time>2024-04-26T16:37:59Z</time>
      </trkpt>
      <trkpt lat="44.37047" lon="-73.89359">
        <ele>1248.47</ele>
        <time>2024-04-26T16:38:02Z</time>
      </trkpt>
      <trkpt lat="44.37048" lon="-73.89361">
        <ele>1248.79</ele>
        <time>2024-04-26T16:38:04Z</time>
      </trkpt>
      <trkpt lat="44.3705" lon="-73.89365">
        <ele>1249.44</ele>
        <time>2024-04-26T16:38:09Z</time>
      </trkpt>
      <trkpt lat="44.3705" lon="-73.89366">
        <ele>1249.66</ele>
        <time>2024-04-26T16:38:10Z</time>
      </trkpt>
      <trkpt lat="44.37053" lon="-73.89372">
        <ele>1250.45</ele>
        <time>2024-04-26T16:38:17Z</time>
      </trkpt>
      <trkpt lat="44.37053" lon="-73.89373">
        <ele>1250.56</ele>
        <time>2024-04-26T16:38:18Z</time>
      </trkpt>
      <trkpt lat="44.37053" lon="-73.89377">
        <ele>1250.99</ele>
        <time>2024-04-26T16:38:25Z</time>
      </trkpt>
      <trkpt lat="44.37053" lon="-73.89378">
        <ele>1251.1</ele>
        <time>2024-04-26T16:38:26Z</time>
      </trkpt>
      <trkpt lat="44.37054" lon="-73.89381">
        <ele>1251.44</ele>
        <time>2024-04-26T16:38:33Z</time>
      </trkpt>
      <trkpt lat="44.37055" lon="-73.89383">
        <ele>1251.77</ele>
        <time>2024-04-26T16:38:36Z</time>
      </trkpt>
      <trkpt lat="44.37055" lon="-73.89385">
        <ele>1252.19</ele>
        <time>2024-04-26T16:38:40Z</time>
      </trkpt>
      <trkpt lat="44.37053" lon="-73.89387">
        <ele>1252.65</ele>
        <time>2024-04-26T16:38:49Z</time>
      </trkpt>
      <trkpt lat="44.37053" lon="-73.89387">
        <ele>1252.65</ele>
        <time>2024-04-26T16:38:50Z</time>
      </trkpt>
      <trkpt lat="44.37053" lon="-73.89392">
        <ele>1253.67</ele>
        <time>2024-04-26T16:38:57Z</time>
      </trkpt>
      <trkpt lat="44.37054" lon="-73.89394">
        <ele>1254.1</ele>
        <time>2024-04-26T16:38:58Z</time>
      </trkpt>
      <trkpt lat="44.37056" lon="-73.894">
        <ele>1255.35</ele>
        <time>2024-04-26T16:39:05Z</time>
      </trkpt>
      <trkpt lat="44.37056" lon="-73.89401">
        <ele>1255.57</ele>
        <time>2024-04-26T16:39:07Z</time>
      </trkpt>
      <trkpt lat="44.37059" lon="-73.89404">
        <ele>1255.89</ele>
        <time>2024-04-26T16:39:15Z</time>
      </trkpt>
      <trkpt lat="44.37058" lon="-73.89407">
        <ele>1256.65</ele>
        <time>2024-04-26T16:39:23Z</time>
      </trkpt>
      <trkpt lat="44.37058" lon="-73.89405">
        <ele>1256.22</ele>
        <time>2024-04-26T16:39:43Z</time>
      </trkpt>
      <trkpt lat="44.37058" lon="-73.89406">
        <ele>1256.43</ele>
        <time>2024-04-26T16:39:48Z</time>
      </trkpt>
      <trkpt lat="44.37057" lon="-73.8941">
        <ele>1257.4</ele>
        <time>2024-04-26T16:39:53Z</time>
      </trkpt>
      <trkpt lat="44.37057" lon="-73.89412">
        <ele>1257.84</ele>
        <time>2024-04-26T16:40:00Z</time>
      </trkpt>
      <trkpt lat="44.37057" lon="-73.8941">
        <ele>1257.4</ele>
        <time>2024-04-26T16:40:16Z</time>
      </trkpt>
      <trkpt lat="44.37057" lon="-73.8941">
        <ele>1257.4</ele>
        <time>2024-04-26T16:40:21Z</time>
      </trkpt>
      <trkpt lat="44.37055" lon="-73.89417">
        <ele>1259.07</ele>
        <time>2024-04-26T16:40:29Z</time>
      </trkpt>
      <trkpt lat="44.37055" lon="-73.8942">
        <ele>1259.7</ele>
        <time>2024-04-26T16:40:33Z</time>
      </trkpt>
      <trkpt lat="44.37056" lon="-73.89423">
        <ele>1260.32</ele>
        <time>2024-04-26T16:40:37Z</time>
      </trkpt>
      <trkpt lat="44.37056" lon="-73.89424">
        <ele>1260.54</ele>
        <time>2024-04-26T16:40:40Z</time>
      </trkpt>
      <trkpt lat="44.37057" lon="-73.89426">
        <ele>1260.85</ele>
        <time>2024-04-26T16:40:42Z</time>
      </trkpt>
      <trkpt lat="44.37058" lon="-73.8943">
        <ele>1261.29</ele>
        <time>2024-04-26T16:40:46Z</time>
      </trkpt>
      <trkpt lat="44.37058" lon="-73.8943">
        <ele>1261.29</ele>
        <time>2024-04-26T16:40:47Z</time>
      </trkpt>
      <trkpt lat="44.37057" lon="-73.89433">
        <ele>1261.73</ele>
        <time>2024-04-26T16:40:52Z</time>
      </trkpt>
      <trkpt lat="44.37057" lon="-73.89434">
        <ele>1261.85</ele>
        <time>2024-04-26T16:40:53Z</time>
      </trkpt>
      <trkpt lat="44.37058" lon="-73.89435">
        <ele>1261.97</ele>
        <time>2024-04-26T16:40:54Z</time>
      </trkpt>
      <trkpt lat="44.37057" lon="-73.89437">
        <ele>1262.39</ele>
        <time>2024-04-26T16:40:57Z</time>
      </trkpt>
      <trkpt lat="44.37057" lon="-73.89438">
        <ele>1262.61</ele>
        <time>2024-04-26T16:41:01Z</time>
      </trkpt>
      <trkpt lat="44.37057" lon="-73.89438">
        <ele>1262.61</ele>
        <time>2024-04-26T16:41:02Z</time>
      </trkpt>
      <trkpt lat="44.37056" lon="-73.8944">
        <ele>1263.04</ele>
        <time>2024-04-26T16:41:09Z</time>
      </trkpt>
      <trkpt lat="44.37055" lon="-73.89441">
        <ele>1263.26</ele>
        <time>2024-04-26T16:41:11Z</time>
      </trkpt>
      <trkpt lat="44.37053" lon="-73.89448">
        <ele>1264.77</ele>
        <time>2024-04-26T16:41:19Z</time>
      </trkpt>
      <trkpt lat="44.37052" lon="-73.89452">
        <ele>1265.63</ele>
        <time>2024-04-26T16:41:27Z</time>
      </trkpt>
      <trkpt lat="44.37051" lon="-73.89455">
        <ele>1266.28</ele>
        <time>2024-04-26T16:41:34Z</time>
      </trkpt>
      <trkpt lat="44.37051" lon="-73.8946">
        <ele>1267.36</ele>
        <time>2024-04-26T16:41:44Z</time>
      </trkpt>
      <trkpt lat="44.37051" lon="-73.89465">
        <ele>1268.44</ele>
        <time>2024-04-26T16:41:48Z</time>
      </trkpt>
      <trkpt lat="44.37051" lon="-73.89467">
        <ele>1268.87</ele>
        <time>2024-04-26T16:41:49Z</time>
      </trkpt>
      <trkpt lat="44.37051" lon="-73.89469">
        <ele>1269.3</ele>
        <time>2024-04-26T16:41:52Z</time>
      </trkpt>
      <trkpt lat="44.37051" lon="-73.8947">
        <ele>1269.52</ele>
        <time>2024-04-26T16:41:53Z</time>
      </trkpt>
      <trkpt lat="44.3705" lon="-73.89474">
        <ele>1270.27</ele>
        <time>2024-04-26T16:42:00Z</time>
      </trkpt>
      <trkpt lat="44.37049" lon="-73.89475">
        <ele>1270.39</ele>
        <time>2024-04-26T16:42:01Z</time>
      </trkpt>
      <trkpt lat="44.37048" lon="-73.89478">
        <ele>1270.74</ele>
        <time>2024-04-26T16:42:04Z</time>
      </trkpt>
      <trkpt lat="44.37047" lon="-73.89482">
        <ele>1271.18</ele>
        <time>2024-04-26T16:42:09Z</time>
      </trkpt>
      <trkpt lat="44.37046" lon="-73.89484">
        <ele>1271.51</ele>
        <time>2024-04-26T16:42:13Z</time>
      </trkpt>
      <trkpt lat="44.37045" lon="-73.89488">
        <ele>1272.27</ele>
        <time>2024-04-26T16:42:17Z</time>
      </trkpt>
      <trkpt lat="44.37045" lon="-73.89489">
        <ele>1272.48</ele>
        <time>2024-04-26T16:42:20Z</time>
      </trkpt>
      <trkpt lat="44.37044" lon="-73.89494">
        <ele>1273.37</ele>
        <time>2024-04-26T16:42:27Z</time>
      </trkpt>
      <trkpt lat="44.37043" lon="-73.895">
        <ele>1274.29</ele>
        <time>2024-04-26T16:42:33Z</time>
      </trkpt>
      <trkpt lat="44.37043" lon="-73.89501">
        <ele>1274.43</ele>
        <time>2024-04-26T16:42:35Z</time>
      </trkpt>
      <trkpt lat="44.37043" lon="-73.89505">
        <ele>1275.02</ele>
        <time>2024-04-26T16:42:40Z</time>
      </trkpt>
      <trkpt lat="44.37043" lon="-73.89507">
        <ele>1275.31</ele>
        <time>2024-04-26T16:42:43Z</time>
      </trkpt>
      <trkpt lat="44.37042" lon="-73.8951">
        <ele>1275.7</ele>
        <time>2024-04-26T16:42:49Z</time>
      </trkpt>
      <trkpt lat="44.37042" lon="-73.8951">
        <ele>1275.7</ele>
        <time>2024-04-26T16:42:51Z</time>
      </trkpt>
      <trkpt lat="44.37041" lon="-73.89514">
        <ele>1276.45</ele>
        <time>2024-04-26T16:42:57Z</time>
      </trkpt>
      <trkpt lat="44.37041" lon="-73.89515">
        <ele>1276.67</ele>
        <time>2024-04-26T16:42:59Z</time>
      </trkpt>
      <trkpt lat="44.3704" lon="-73.89518">
        <ele>1277.21</ele>
        <time>2024-04-26T16:43:04Z</time>
      </trkpt>
      <trkpt lat="44.3704" lon="-73.89522">
        <ele>1278.07</ele>
        <time>2024-04-26T16:43:08Z</time>
      </trkpt>
      <trkpt lat="44.37041" lon="-73.89524">
        <ele>1278.61</ele>
        <time>2024-04-26T16:43:10Z</time>
      </trkpt>
      <trkpt lat="44.3704" lon="-73.89529">
        <ele>1279.58</ele>
        <time>2024-04-26T16:43:16Z</time>
      </trkpt>
      <trkpt lat="44.3704" lon="-73.89529">
        <ele>1279.58</ele>
        <time>2024-04-26T16:43:17Z</time>
      </trkpt>
      <trkpt lat="44.37038" lon="-73.89532">
        <ele>1280.02</ele>
        <time>2024-04-26T16:43:26Z</time>
      </trkpt>
      <trkpt lat="44.37038" lon="-73.89532">
        <ele>1280.02</ele>
        <time>2024-04-26T16:43:27Z</time>
      </trkpt>
      <trkpt lat="44.37038" lon="-73.89533">
        <ele>1280.23</ele>
        <time>2024-04-26T16:43:40Z</time>
      </trkpt>
      <trkpt lat="44.37038" lon="-73.89533">
        <ele>1280.23</ele>
        <time>2024-04-26T16:43:43Z</time>
      </trkpt>
      <trkpt lat="44.37039" lon="-73.89533">
        <ele>1280.34</ele>
        <time>2024-04-26T16:43:50Z</time>
      </trkpt>
      <trkpt lat="44.37038" lon="-73.89538">
        <ele>1281.21</ele>
        <time>2024-04-26T16:43:56Z</time>
      </trkpt>
      <trkpt lat="44.37038" lon="-73.89539">
        <ele>1281.32</ele>
        <time>2024-04-26T16:43:58Z</time>
      </trkpt>
      <trkpt lat="44.37036" lon="-73.89545">
        <ele>1281.62</ele>
        <time>2024-04-26T16:44:03Z</time>
      </trkpt>
      <trkpt lat="44.37036" lon="-73.89546">
        <ele>1281.74</ele>
        <time>2024-04-26T16:44:04Z</time>
      </trkpt>
      <trkpt lat="44.37036" lon="-73.8955">
        <ele>1282.58</ele>
        <time>2024-04-26T16:44:08Z</time>
      </trkpt>
      <trkpt lat="44.37035" lon="-73.89553">
        <ele>1283.01</ele>
        <time>2024-04-26T16:44:13Z</time>
      </trkpt>
      <trkpt lat="44.37035" lon="-73.89554">
        <ele>1283.22</ele>
        <time>2024-04-26T16:44:14Z</time>
      </trkpt>
      <trkpt lat="44.37035" lon="-73.89555">
        <ele>1283.44</ele>
        <time>2024-04-26T16:44:15Z</time>
      </trkpt>
      <trkpt lat="44.37035" lon="-73.8956">
        <ele>1284.52</ele>
        <time>2024-04-26T16:44:20Z</time>
      </trkpt>
      <trkpt lat="44.37035" lon="-73.8956">
        <ele>1284.52</ele>
        <time>2024-04-26T16:44:21Z</time>
      </trkpt>
      <trkpt lat="44.37034" lon="-73.89565">
        <ele>1285.4</ele>
        <time>2024-04-26T16:44:28Z</time>
      </trkpt>
      <trkpt lat="44.37035" lon="-73.89567">
        <ele>1286.27</ele>
        <time>2024-04-26T16:44:31Z</time>
      </trkpt>
      <trkpt lat="44.37034" lon="-73.89569">
        <ele>1286.7</ele>
        <time>2024-04-26T16:44:36Z</time>
      </trkpt>
      <trkpt lat="44.37034" lon="-73.8957">
        <ele>1287.02</ele>
        <time>2024-04-26T16:44:38Z</time>
      </trkpt>
      <trkpt lat="44.37033" lon="-73.89575">
        <ele>1288.33</ele>
        <time>2024-04-26T16:44:45Z</time>
      </trkpt>
      <trkpt lat="44.37032" lon="-73.89575">
        <ele>1288.11</ele>
        <time>2024-04-26T16:44:46Z</time>
      </trkpt>
      <trkpt lat="44.37031" lon="-73.8958">
        <ele>1288.98</ele>
        <time>2024-04-26T16:44:53Z</time>
      </trkpt>
      <trkpt lat="44.37031" lon="-73.89583">
        <ele>1289.62</ele>
        <time>2024-04-26T16:44:59Z</time>
      </trkpt>
      <trkpt lat="44.37031" lon="-73.89584">
        <ele>1289.89</ele>
        <time>2024-04-26T16:45:01Z</time>
      </trkpt>
      <trkpt lat="44.37031" lon="-73.89587">
        <ele>1290.75</ele>
        <time>2024-04-26T16:45:07Z</time>
      </trkpt>
      <trkpt lat="44.3703" lon="-73.89592">
        <ele>1292.06</ele>
        <time>2024-04-26T16:45:13Z</time>
      </trkpt>
      <trkpt lat="44.37029" lon="-73.89596">
        <ele>1293.24</ele>
        <time>2024-04-26T16:45:19Z</time>
      </trkpt>
      <trkpt lat="44.37029" lon="-73.89598">
        <ele>1293.88</ele>
        <time>2024-04-26T16:45:22Z</time>
      </trkpt>
      <trkpt lat="44.37029" lon="-73.89601">
        <ele>1294.86</ele>
        <time>2024-04-26T16:45:27Z</time>
      </trkpt>
      <trkpt lat="44.37028" lon="-73.89604">
        <ele>1295.72</ele>
        <time>2024-04-26T16:45:30Z</time>
      </trkpt>
      <trkpt lat="44.37027" lon="-73.89607">
        <ele>1296.46</ele>
        <time>2024-04-26T16:45:35Z</time>
      </trkpt>
      <trkpt lat="44.37026" lon="-73.89608">
        <ele>1296.54</ele>
        <time>2024-04-26T16:45:48Z</time>
      </trkpt>
      <trkpt lat="44.37026" lon="-73.89606">
        <ele>1295.85</ele>
        <time>2024-04-26T16:46:11Z</time>
      </trkpt>
      <trkpt lat="44.37026" lon="-73.89606">
        <ele>1295.85</ele>
        <time>2024-04-26T16:46:14Z</time>
      </trkpt>
      <trkpt lat="44.37026" lon="-73.89607">
        <ele>1296.2</ele>
        <time>2024-04-26T16:46:21Z</time>
      </trkpt>
      <trkpt lat="44.37027" lon="-73.89606">
        <ele>1296.13</ele>
        <time>2024-04-26T16:46:24Z</time>
      </trkpt>
      <trkpt lat="44.37027" lon="-73.89606">
        <ele>1296.13</ele>
        <time>2024-04-26T16:46:30Z</time>
      </trkpt>
      <trkpt lat="44.37027" lon="-73.89606">
        <ele>1296.13</ele>
        <time>2024-04-26T16:46:32Z</time>
      </trkpt>
      <trkpt lat="44.37027" lon="-73.89608">
        <ele>1296.8</ele>
        <time>2024-04-26T16:46:39Z</time>
      </trkpt>
      <trkpt lat="44.37027" lon="-73.89609">
        <ele>1297.13</ele>
        <time>2024-04-26T16:46:40Z</time>
      </trkpt>
      <trkpt lat="44.37027" lon="-73.89609">
        <ele>1297.13</ele>
        <time>2024-04-26T16:50:31Z</time>
      </trkpt>
      <trkpt lat="44.37027" lon="-73.89609">
        <ele>1297.13</ele>
        <time>2024-04-26T16:50:32Z</time>
      </trkpt>
      <trkpt lat="44.37026" lon="-73.89611">
        <ele>1297.58</ele>
        <time>2024-04-26T16:50:36Z</time>
      </trkpt>
      <trkpt lat="44.37025" lon="-73.89618">
        <ele>1299.63</ele>
        <time>2024-04-26T16:50:43Z</time>
      </trkpt>
      <trkpt lat="44.37025" lon="-73.8962">
        <ele>1300.28</ele>
        <time>2024-04-26T16:50:45Z</time>
      </trkpt>
      <trkpt lat="44.37025" lon="-73.89623">
        <ele>1301.25</ele>
        <time>2024-04-26T16:50:48Z</time>
      </trkpt>
      <trkpt lat="44.37025" lon="-73.89627">
        <ele>1302.55</ele>
        <time>2024-04-26T16:50:53Z</time>
      </trkpt>
      <trkpt lat="44.37024" lon="-73.89632">
        <ele>1303.8</ele>
        <time>2024-04-26T16:50:59Z</time>
      </trkpt>
      <trkpt lat="44.37024" lon="-73.89632">
        <ele>1303.8</ele>
        <time>2024-04-26T16:51:00Z</time>
      </trkpt>
      <trkpt lat="44.37023" lon="-73.89635">
        <ele>1304.43</ele>
        <time>2024-04-26T16:51:03Z</time>
      </trkpt>
      <trkpt lat="44.37024" lon="-73.89638">
        <ele>1305.36</ele>
        <time>2024-04-26T16:51:08Z</time>
      </trkpt>
      <trkpt lat="44.37024" lon="-73.89639">
        <ele>1305.63</ele>
        <time>2024-04-26T16:51:10Z</time>
      </trkpt>
      <trkpt lat="44.37023" lon="-73.8964">
        <ele>1305.91</ele>
        <time>2024-04-26T16:51:12Z</time>
      </trkpt>
      <trkpt lat="44.37024" lon="-73.8964">
        <ele>1306.0</ele>
        <time>2024-04-26T16:51:14Z</time>
      </trkpt>
      <trkpt lat="44.37022" lon="-73.89642">
        <ele>1306.59</ele>
        <time>2024-04-26T16:51:20Z</time>
      </trkpt>
      <trkpt lat="44.37021" lon="-73.89643">
        <ele>1306.93</ele>
        <time>2024-04-26T16:51:21Z</time>
      </trkpt>
      <trkpt lat="44.37017" lon="-73.89648">
        <ele>1308.61</ele>
        <time>2024-04-26T16:51:29Z</time>
      </trkpt>
      <trkpt lat="44.37013" lon="-73.8965">
        <ele>1308.33</ele>
        <time>2024-04-26T16:51:34Z</time>
      </trkpt>
      <trkpt lat="44.37011" lon="-73.89652">
        <ele>1308.55</ele>
        <time>2024-04-26T16:51:37Z</time>
      </trkpt>
      <trkpt lat="44.3701" lon="-73.89654">
        <ele>1309.01</ele>
        <time>2024-04-26T16:51:41Z</time>
      </trkpt>
      <trkpt lat="44.37009" lon="-73.89655">
        <ele>1309.11</ele>
        <time>2024-04-26T16:51:42Z</time>
      </trkpt>
      <trkpt lat="44.37007" lon="-73.89658">
        <ele>1309.17</ele>
        <time>2024-04-26T16:51:46Z</time>
      </trkpt>
      <trkpt lat="44.37006" lon="-73.89659">
        <ele>1309.0</ele>
        <time>2024-04-26T16:51:51Z</time>
      </trkpt>
      <trkpt lat="44.37004" lon="-73.8966">
        <ele>1308.45</ele>
        <time>2024-04-26T16:51:54Z</time>
      </trkpt>
      <trkpt lat="44.37002" lon="-73.89661">
        <ele>1307.94</ele>
        <time>2024-04-26T16:51:59Z</time>
      </trkpt>
      <trkpt lat="44.37002" lon="-73.89664">
        <ele>1308.85</ele>
        <time>2024-04-26T16:52:00Z</time>
      </trkpt>
      <trkpt lat="44.37" lon="-73.89668">
        <ele>1309.29</ele>
        <time>2024-04-26T16:52:06Z</time>
      </trkpt>
      <trkpt lat="44.36999" lon="-73.89669">
        <ele>1309.1</ele>
        <time>2024-04-26T16:52:15Z</time>
      </trkpt>
      <trkpt lat="44.36996" lon="-73.89668">
        <ele>1307.62</ele>
        <time>2024-04-26T16:52:23Z</time>
      </trkpt>
      <trkpt lat="44.36997" lon="-73.89672">
        <ele>1309.04</ele>
        <time>2024-04-26T16:52:29Z</time>
      </trkpt>
      <trkpt lat="44.36996" lon="-73.89673">
        <ele>1308.94</ele>
        <time>2024-04-26T16:52:37Z</time>
      </trkpt>
      <trkpt lat="44.36996" lon="-73.89673">
        <ele>1308.94</ele>
        <time>2024-04-26T16:52:39Z</time>
      </trkpt>
      <trkpt lat="44.36993" lon="-73.89675">
        <ele>1308.46</ele>
        <time>2024-04-26T16:52:45Z</time>
      </trkpt>
      <trkpt lat="44.36993" lon="-73.89678">
        <ele>1309.35</ele>
        <time>2024-04-26T16:52:51Z</time>
      </trkpt>
      <trkpt lat="44.36993" lon="-73.89679">
        <ele>1309.65</ele>
        <time>2024-04-26T16:52:52Z</time>
      </trkpt>
      <trkpt lat="44.36992" lon="-73.89685">
        <ele>1311.21</ele>
        <time>2024-04-26T16:52:59Z</time>
      </trkpt>
      <trkpt lat="44.36991" lon="-73.89687">
        <ele>1311.45</ele>
        <time>2024-04-26T16:53:03Z</time>
      </trkpt>
      <trkpt lat="44.36991" lon="-73.89686">
        <ele>1311.23</ele>
        <time>2024-04-26T16:53:05Z</time>
      </trkpt>
      <trkpt lat="44.36989" lon="-73.89689">
        <ele>1311.15</ele>
        <time>2024-04-26T16:53:12Z</time>
      </trkpt>
      <trkpt lat="44.36987" lon="-73.89694">
        <ele>1311.67</ele>
        <time>2024-04-26T16:53:21Z</time>
      </trkpt>
      <trkpt lat="44.36986" lon="-73.89696">
        <ele>1312.05</ele>
        <time>2024-04-26T16:53:24Z</time>
      </trkpt>
      <trkpt lat="44.36985" lon="-73.89698">
        <ele>1312.53</ele>
        <time>2024-04-26T16:53:29Z</time>
      </trkpt>
      <trkpt lat="44.36983" lon="-73.89704">
        <ele>1314.42</ele>
        <time>2024-04-26T16:53:36Z</time>
      </trkpt>
      <trkpt lat="44.36983" lon="-73.89707">
        <ele>1315.4</ele>
        <time>2024-04-26T16:53:42Z</time>
      </trkpt>
      <trkpt lat="44.36983" lon="-73.89706">
        <ele>1315.07</ele>
        <time>2024-04-26T16:53:45Z</time>
      </trkpt>
      <trkpt lat="44.36982" lon="-73.89705">
        <ele>1314.53</ele>
        <time>2024-04-26T16:53:52Z</time>
      </trkpt>
      <trkpt lat="44.3698" lon="-73.89708">
        <ele>1314.83</ele>
        <time>2024-04-26T16:53:58Z</time>
      </trkpt>
      <trkpt lat="44.3698" lon="-73.89708">
        <ele>1314.83</ele>
        <time>2024-04-26T16:53:59Z</time>
      </trkpt>
      <trkpt lat="44.36978" lon="-73.8971">
        <ele>1314.79</ele>
        <time>2024-04-26T16:54:05Z</time>
      </trkpt>
      <trkpt lat="44.36977" lon="-73.89715">
        <ele>1316.43</ele>
        <time>2024-04-26T16:54:11Z</time>
      </trkpt>
      <trkpt lat="44.36977" lon="-73.89716">
        <ele>1316.86</ele>
        <time>2024-04-26T16:54:12Z</time>
      </trkpt>
      <trkpt lat="44.36976" lon="-73.89721">
        <ele>1318.7</ele>
        <time>2024-04-26T16:54:20Z</time>
      </trkpt>
      <trkpt lat="44.36976" lon="-73.89723">
        <ele>1319.49</ele>
        <time>2024-04-26T16:54:30Z</time>
      </trkpt>
      <trkpt lat="44.36976" lon="-73.89723">
        <ele>1319.49</ele>
        <time>2024-04-26T16:54:31Z</time>
      </trkpt>
      <trkpt lat="44.36974" lon="-73.89724">
        <ele>1319.27</ele>
        <time>2024-04-26T16:54:45Z</time>
      </trkpt>
      <trkpt lat="44.36973" lon="-73.89727">
        <ele>1320.23</ele>
        <time>2024-04-26T16:54:50Z</time>
      </trkpt>
      <trkpt lat="44.36973" lon="-73.89729">
        <ele>1321.06</ele>
        <time>2024-04-26T16:54:53Z</time>
      </trkpt>
      <trkpt lat="44.36973" lon="-73.89731">
        <ele>1321.88</ele>
        <time>2024-04-26T16:54:57Z</time>
      </trkpt>
      <trkpt lat="44.36972" lon="-73.89731">
        <ele>1321.74</ele>
        <time>2024-04-26T16:55:00Z</time>
      </trkpt>
      <trkpt lat="44.36972" lon="-73.89731">
        <ele>1321.74</ele>
        <time>2024-04-26T16:55:01Z</time>
      </trkpt>
      <trkpt lat="44.36973" lon="-73.89735">
        <ele>1324.27</ele>
        <time>2024-04-26T16:55:08Z</time>
      </trkpt>
      <trkpt lat="44.36973" lon="-73.89735">
        <ele>1324.27</ele>
        <time>2024-04-26T16:55:11Z</time>
      </trkpt>
      <trkpt lat="44.36973" lon="-73.89737">
        <ele>1325.51</ele>
        <time>2024-04-26T16:55:19Z</time>
      </trkpt>
      <trkpt lat="44.36973" lon="-73.89737">
        <ele>1325.51</ele>
        <time>2024-04-26T16:55:22Z</time>
      </trkpt>
      <trkpt lat="44.36973" lon="-73.89737">
        <ele>1325.51</ele>
        <time>2024-04-26T16:55:26Z</time>
      </trkpt>
      <trkpt lat="44.36974" lon="-73.89737">
        <ele>1325.42</ele>
        <time>2024-04-26T16:55:35Z</time>
      </trkpt>
      <trkpt lat="44.36974" lon="-73.89736">
        <ele>1324.84</ele>
        <time>2024-04-26T16:55:37Z</time>
      </trkpt>
      <trkpt lat="44.36972" lon="-73.89739">
        <ele>1326.82</ele>
        <time>2024-04-26T16:55:42Z</time>
      </trkpt>
      <trkpt lat="44.36972" lon="-73.8974">
        <ele>1327.47</ele>
        <time>2024-04-26T16:55:46Z</time>
      </trkpt>
      <trkpt lat="44.36971" lon="-73.89741">
        <ele>1327.83</ele>
        <time>2024-04-26T16:55:54Z</time>
      </trkpt>
      <trkpt lat="44.3697" lon="-73.89741">
        <ele>1327.62</ele>
        <time>2024-04-26T16:56:15Z</time>
      </trkpt>
      <trkpt lat="44.3697" lon="-73.89743">
        <ele>1328.37</ele>
        <time>2024-04-26T16:56:23Z</time>
      </trkpt>
      <trkpt lat="44.3697" lon="-73.89742">
        <ele>1327.99</ele>
        <time>2024-04-26T16:56:28Z</time>
      </trkpt>
      <trkpt lat="44.3697" lon="-73.89743">
        <ele>1328.37</ele>
        <time>2024-04-26T16:56:30Z</time>
      </trkpt>
      <trkpt lat="44.3697" lon="-73.89744">
        <ele>1328.74</ele>
        <time>2024-04-26T16:56:34Z</time>
      </trkpt>
      <trkpt lat="44.3697" lon="-73.89744">
        <ele>1328.74</ele>
        <time>2024-04-26T16:56:38Z</time>
      </trkpt>
      <trkpt lat="44.36968" lon="-73.89745">
        <ele>1328.89</ele>
        <time>2024-04-26T16:56:45Z</time>
      </trkpt>
      <trkpt lat="44.36967" lon="-73.89747">
        <ele>1329.66</ele>
        <time>2024-04-26T16:56:53Z</time>
      </trkpt>
      <trkpt lat="44.36966" lon="-73.89747">
        <ele>1329.59</ele>
        <time>2024-04-26T16:56:54Z</time>
      </trkpt>
      <trkpt lat="44.36964" lon="-73.89749">
        <ele>1330.48</ele>
        <time>2024-04-26T16:57:20Z</time>
      </trkpt>
      <trkpt lat="44.36964" lon="-73.8975">
        <ele>1331.0</ele>
        <time>2024-04-26T16:57:26Z</time>
      </trkpt>
      <trkpt lat="44.36964" lon="-73.8975">
        <ele>1331.0</ele>
        <time>2024-04-26T16:57:27Z</time>
      </trkpt>
      <trkpt lat="44.36962" lon="-73.89751">
        <ele>1331.06</ele>
        <time>2024-04-26T16:57:33Z</time>
      </trkpt>
      <trkpt lat="44.3696" lon="-73.89752">
        <ele>1330.96</ele>
        <time>2024-04-26T16:57:36Z</time>
      </trkpt>
      <trkpt lat="44.36958" lon="-73.89754">
        <ele>1331.61</ele>
        <time>2024-04-26T16:57:39Z</time>
      </trkpt>
      <trkpt lat="44.36954" lon="-73.89758">
        <ele>1334.03</ele>
        <time>2024-04-26T16:57:46Z</time>
      </trkpt>
      <trkpt lat="44.36954" lon="-73.89758">
        <ele>1334.03</ele>
        <time>2024-04-26T16:57:47Z</time>
      </trkpt>
      <trkpt lat="44.36952" lon="-73.89759">
        <ele>1334.06</ele>
        <time>2024-04-26T16:57:53Z</time>
      </trkpt>
      <trkpt lat="44.36948" lon="-73.89762">
        <ele>1334.75</ele>
        <time>2024-04-26T16:58:01Z</time>
      </trkpt>
      <trkpt lat="44.36948" lon="-73.89764">
        <ele>1336.36</ele>
        <time>2024-04-26T16:58:08Z</time>
      </trkpt>
      <trkpt lat="44.36948" lon="-73.89764">
        <ele>1336.36</ele>
        <time>2024-04-26T16:58:09Z</time>
      </trkpt>
      <trkpt lat="44.36946" lon="-73.89767">
        <ele>1338.63</ele>
        <time>2024-04-26T16:58:14Z</time>
      </trkpt>
      <trkpt lat="44.36941" lon="-73.89772">
        <ele>1338.1</ele>
        <time>2024-04-26T16:58:23Z</time>
      </trkpt>
      <trkpt lat="44.3694" lon="-73.89773">
        <ele>1337.81</ele>
        <time>2024-04-26T16:58:24Z</time>
      </trkpt>
      <trkpt lat="44.3694" lon="-73.89772">
        <ele>1337.33</ele>
        <time>2024-04-26T16:58:28Z</time>
      </trkpt>
      <trkpt lat="44.3694" lon="-73.89773">
        <ele>1337.81</ele>
        <time>2024-04-26T16:59:21Z</time>
      </trkpt>
      <trkpt lat="44.3694" lon="-73.89772">
        <ele>1337.33</ele>
        <time>2024-04-26T16:59:26Z</time>
      </trkpt>
      <trkpt lat="44.3694" lon="-73.89773">
        <ele>1337.81</ele>
        <time>2024-04-26T16:59:30Z</time>
      </trkpt>
      <trkpt lat="44.3694" lon="-73.89772">
        <ele>1337.33</ele>
        <time>2024-04-26T16:59:38Z</time>
      </trkpt>
      <trkpt lat="44.3694" lon="-73.89773">
        <ele>1337.81</ele>
        <time>2024-04-26T16:59:56Z</time>
      </trkpt>
      <trkpt lat="44.36938" lon="-73.89776">
        <ele>1338.16</ele>
        <time>2024-04-26T17:00:11Z</time>
      </trkpt>
      <trkpt lat="44.36936" lon="-73.8978">
        <ele>1339.21</ele>
        <time>2024-04-26T17:00:17Z</time>
      </trkpt>
      <trkpt lat="44.36935" lon="-73.89782">
        <ele>1339.7</ele>
        <time>2024-04-26T17:00:20Z</time>
      </trkpt>
      <trkpt lat="44.36934" lon="-73.89785">
        <ele>1340.42</ele>
        <time>2024-04-26T17:00:24Z</time>
      </trkpt>
      <trkpt lat="44.36934" lon="-73.89785">
        <ele>1340.42</ele>
        <time>2024-04-26T17:00:25Z</time>
      </trkpt>
      <trkpt lat="44.36932" lon="-73.89788">
        <ele>1340.39</ele>
        <time>2024-04-26T17:00:30Z</time>
      </trkpt>
      <trkpt lat="44.36932" lon="-73.89789">
        <ele>1340.51</ele>
        <time>2024-04-26T17:00:31Z</time>
      </trkpt>
      <trkpt lat="44.36932" lon="-73.89788">
        <ele>1340.39</ele>
        <time>2024-04-26T17:00:53Z</time>
      </trkpt>
      <trkpt lat="44.36932" lon="-73.89789">
        <ele>1340.51</ele>
        <time>2024-04-26T17:01:01Z</time>
      </trkpt>
      <trkpt lat="44.36931" lon="-73.8979">
        <ele>1340.29</ele>
        <time>2024-04-26T17:01:06Z</time>
      </trkpt>
      <trkpt lat="44.3693" lon="-73.89792">
        <ele>1340.46</ele>
        <time>2024-04-26T17:01:14Z</time>
      </trkpt>
      <trkpt lat="44.3693" lon="-73.89793">
        <ele>1340.72</ele>
        <time>2024-04-26T17:01:23Z</time>
      </trkpt>
      <trkpt lat="44.3693" lon="-73.89792">
        <ele>1340.46</ele>
        <time>2024-04-26T17:01:24Z</time>
      </trkpt>
      <trkpt lat="44.3693" lon="-73.89794">
        <ele>1340.97</ele>
        <time>2024-04-26T17:01:25Z</time>
      </trkpt>
      <trkpt lat="44.3693" lon="-73.89794">
        <ele>1340.97</ele>
        <time>2024-04-26T17:01:29Z</time>
      </trkpt>
      <trkpt lat="44.36929" lon="-73.89794">
        <ele>1340.92</ele>
        <time>2024-04-26T17:01:48Z</time>
      </trkpt>
      <trkpt lat="44.3693" lon="-73.89794">
        <ele>1340.97</ele>
        <time>2024-04-26T17:01:55Z</time>
      </trkpt>
      <trkpt lat="44.3693" lon="-73.89797">
        <ele>1341.65</ele>
        <time>2024-04-26T17:02:00Z</time>
      </trkpt>
      <trkpt lat="44.3693" lon="-73.89799">
        <ele>1341.89</ele>
        <time>2024-04-26T17:02:02Z</time>
      </trkpt>
      <trkpt lat="44.3693" lon="-73.89798">
        <ele>1341.77</ele>
        <time>2024-04-26T17:02:07Z</time>
      </trkpt>
      <trkpt lat="44.36929" lon="-73.89798">
        <ele>1341.91</ele>
        <time>2024-04-26T17:02:56Z</time>
      </trkpt>
      <trkpt lat="44.3693" lon="-73.89798">
        <ele>1341.77</ele>
        <time>2024-04-26T17:03:02Z</time>
      </trkpt>
      <trkpt lat="44.36929" lon="-73.89799">
        <ele>1342.06</ele>
        <time>2024-04-26T17:03:11Z</time>
      </trkpt>
      <trkpt lat="44.36929" lon="-73.89801">
        <ele>1342.35</ele>
        <time>2024-04-26T17:03:38Z</time>
      </trkpt>
      <trkpt lat="44.36929" lon="-73.89798">
        <ele>1341.91</ele>
        <time>2024-04-26T17:04:12Z</time>
      </trkpt>
      <trkpt lat="44.36928" lon="-73.89797">
        <ele>1341.89</ele>
        <time>2024-04-26T17:04:13Z</time>
      </trkpt>
      <trkpt lat="44.36929" lon="-73.89797">
        <ele>1341.77</ele>
        <time>2024-04-26T17:04:19Z</time>
      </trkpt>
      <trkpt lat="44.36929" lon="-73.89801">
        <ele>1342.35</ele>
        <time>2024-04-26T17:04:25Z</time>
      </trkpt>
      <trkpt lat="44.3693" lon="-73.89801">
        <ele>1342.13</ele>
        <time>2024-04-26T17:04:29Z</time>
      </trkpt>
      <trkpt lat="44.3693" lon="-73.89801">
        <ele>1342.13</ele>
        <time>2024-04-26T17:04:35Z</time>
      </trkpt>
      <trkpt lat="44.36929" lon="-73.89801">
        <ele>1342.35</ele>
        <time>2024-04-26T17:04:38Z</time>
      </trkpt>
      <trkpt lat="44.36931" lon="-73.89802">
        <ele>1342.01</ele>
        <time>2024-04-26T17:04:55Z</time>
      </trkpt>
      <trkpt lat="44.36929" lon="-73.898">
        <ele>1342.2</ele>
        <time>2024-04-26T17:05:01Z</time>
      </trkpt>
      <trkpt lat="44.36929" lon="-73.89801">
        <ele>1342.35</ele>
        <time>2024-04-26T17:05:13Z</time>
      </trkpt>
      <trkpt lat="44.36927" lon="-73.89802">
        <ele>1342.97</ele>
        <time>2024-04-26T17:05:18Z</time>
      </trkpt>
      <trkpt lat="44.36925" lon="-73.89806">
        <ele>1343.81</ele>
        <time>2024-04-26T17:05:23Z</time>
      </trkpt>
      <trkpt lat="44.36924" lon="-73.8981">
        <ele>1343.78</ele>
        <time>2024-04-26T17:05:29Z</time>
      </trkpt>
      <trkpt lat="44.36923" lon="-73.89812">
        <ele>1343.81</ele>
        <time>2024-04-26T17:05:33Z</time>
      </trkpt>
      <trkpt lat="44.36923" lon="-73.89812">
        <ele>1343.81</ele>
        <time>2024-04-26T17:05:38Z</time>
      </trkpt>
      <trkpt lat="44.36923" lon="-73.89815">
        <ele>1344.0</ele>
        <time>2024-04-26T17:05:45Z</time>
      </trkpt>
      <trkpt lat="44.36923" lon="-73.89816">
        <ele>1344.0</ele>
        <time>2024-04-26T17:05:49Z</time>
      </trkpt>
      <trkpt lat="44.36922" lon="-73.89819">
        <ele>1344.0</ele>
        <time>2024-04-26T17:05:53Z</time>
      </trkpt>
      <trkpt lat="44.36922" lon="-73.89821">
        <ele>1344.0</ele>
        <time>2024-04-26T17:06:03Z</time>
      </trkpt>
      <trkpt lat="44.36921" lon="-73.89823">
        <ele>1344.0</ele>
        <time>2024-04-26T17:06:11Z</time>
      </trkpt>
      <trkpt lat="44.36921" lon="-73.89822">
        <ele>1344.0</ele>
        <time>2024-04-26T17:06:23Z</time>
      </trkpt>
      <trkpt lat="44.36921" lon="-73.89824">
        <ele>1344.0</ele>
        <time>2024-04-26T17:06:32Z</time>
      </trkpt>
      <trkpt lat="44.36921" lon="-73.89821">
        <ele>1344.0</ele>
        <time>2024-04-26T17:06:40Z</time>
      </trkpt>
      <trkpt lat="44.36921" lon="-73.89821">
        <ele>1344.0</ele>
        <time>2024-04-26T17:06:47Z</time>
      </trkpt>
      <trkpt lat="44.36921" lon="-73.89823">
        <ele>1344.0</ele>
        <time>2024-04-26T17:06:54Z</time>
      </trkpt>
      <trkpt lat="44.36921" lon="-73.89823">
        <ele>1344.0</ele>
        <time>2024-04-26T17:07:03Z</time>
      </trkpt>
      <trkpt lat="44.36921" lon="-73.89823">
        <ele>1344.0</ele>
        <time>2024-04-26T17:07:26Z</time>
      </trkpt>
      <trkpt lat="44.36921" lon="-73.89823">
        <ele>1344.0</ele>
        <time>2024-04-26T17:07:27Z</time>
      </trkpt>
      <trkpt lat="44.36922" lon="-73.89824">
        <ele>1344.0</ele>
        <time>2024-04-26T17:07:35Z</time>
      </trkpt>
      <trkpt lat="44.36922" lon="-73.89826">
        <ele>1344.0</ele>
        <time>2024-04-26T17:09:22Z</time>
      </trkpt>
      <trkpt lat="44.36922" lon="-73.89826">
        <ele>1344.0</ele>
        <time>2024-04-26T17:09:24Z</time>
      </trkpt>
      <trkpt lat="44.36921" lon="-73.89827">
        <ele>1344.0</ele>
        <time>2024-04-26T17:09:27Z</time>
      </trkpt>
      <trkpt lat="44.36921" lon="-73.89827">
        <ele>1344.0</ele>
        <time>2024-04-26T17:09:30Z</time>
      </trkpt>
      <trkpt lat="44.3692" lon="-73.89828">
        <ele>1344.0</ele>
        <time>2024-04-26T17:10:17Z</time>
      </trkpt>
      <trkpt lat="44.3692" lon="-73.89828">
        <ele>1344.0</ele>
        <time>2024-04-26T17:10:26Z</time>
      </trkpt>
      <trkpt lat="44.36921" lon="-73.89827">
        <ele>1344.0</ele>
        <time>2024-04-26T17:10:32Z</time>
      </trkpt>
      <trkpt lat="44.3692" lon="-73.8983">
        <ele>1344.0</ele>
        <time>2024-04-26T17:10:33Z</time>
      </trkpt>
      <trkpt lat="44.3692" lon="-73.89831">
        <ele>1344.0</ele>
        <time>2024-04-26T17:10:38Z</time>
      </trkpt>
      <trkpt lat="44.3692" lon="-73.89831">
        <ele>1344.0</ele>
        <time>2024-04-26T17:10:44Z</time>
      </trkpt>
      <trkpt lat="44.3692" lon="-73.89831">
        <ele>1344.0</ele>
        <time>2024-04-26T17:10:47Z</time>
      </trkpt>
      <trkpt lat="44.36919" lon="-73.89831">
        <ele>1344.0</ele>
        <time>2024-04-26T17:10:49Z</time>
      </trkpt>
      <trkpt lat="44.36919" lon="-73.8983">
        <ele>1344.0</ele>
        <time>2024-04-26T17:10:53Z</time>
      </trkpt>
      <trkpt lat="44.36918" lon="-73.89831">
        <ele>1344.0</ele>
        <time>2024-04-26T17:10:56Z</time>
      </trkpt>
      <trkpt lat="44.36918" lon="-73.89833">
        <ele>1344.0</ele>
        <time>2024-04-26T17:10:59Z</time>
      </trkpt>
      <trkpt lat="44.36917" lon="-73.89836">
        <ele>1344.29</ele>
        <time>2024-04-26T17:11:07Z</time>
      </trkpt>
      <trkpt lat="44.36916" lon="-73.89836">
        <ele>1344.31</ele>
        <time>2024-04-26T17:11:18Z</time>
      </trkpt>
      <trkpt lat="44.36916" lon="-73.89836">
        <ele>1344.31</ele>
        <time>2024-04-26T17:11:19Z</time>
      </trkpt>
      <trkpt lat="44.36915" lon="-73.89837">
        <ele>1344.47</ele>
        <time>2024-04-26T17:11:22Z</time>
      </trkpt>
      <trkpt lat="44.36915" lon="-73.89838">
        <ele>1344.59</ele>
        <time>2024-04-26T17:11:23Z</time>
      </trkpt>
      <trkpt lat="44.36915" lon="-73.89838">
        <ele>1344.59</ele>
        <time>2024-04-26T17:11:24Z</time>
      </trkpt>
      <trkpt lat="44.36915" lon="-73.89838">
        <ele>1344.59</ele>
        <time>2024-04-26T17:11:25Z</time>
      </trkpt>
      <trkpt lat="44.36915" lon="-73.89838">
        <ele>1344.59</ele>
        <time>2024-04-26T17:11:26Z</time>
      </trkpt>
      <trkpt lat="44.36914" lon="-73.89841">
        <ele>1345.07</ele>
        <time>2024-04-26T17:11:31Z</time>
      </trkpt>
      <trkpt lat="44.36914" lon="-73.89843">
        <ele>1345.33</ele>
        <time>2024-04-26T17:11:33Z</time>
      </trkpt>
      <trkpt lat="44.36914" lon="-73.89843">
        <ele>1345.33</ele>
        <time>2024-04-26T17:11:36Z</time>
      </trkpt>
      <trkpt lat="44.36913" lon="-73.89843">
        <ele>1345.44</ele>
        <time>2024-04-26T17:11:42Z</time>
      </trkpt>
      <trkpt lat="44.36913" lon="-73.89845">
        <ele>1345.66</ele>
        <time>2024-04-26T17:11:48Z</time>
      </trkpt>
      <trkpt lat="44.36913" lon="-73.89845">
        <ele>1345.66</ele>
        <time>2024-04-26T17:11:49Z</time>
      </trkpt>
      <trkpt lat="44.36912" lon="-73.89848">
        <ele>1346.09</ele>
        <time>2024-04-26T17:11:58Z</time>
      </trkpt>
      <trkpt lat="44.36913" lon="-73.89847">
        <ele>1345.87</ele>
        <time>2024-04-26T17:11:59Z</time>
      </trkpt>
      <trkpt lat="44.36912" lon="-73.8985">
        <ele>1346.3</ele>
        <time>2024-04-26T17:12:04Z</time>
      </trkpt>
      <trkpt lat="44.36912" lon="-73.8985">
        <ele>1346.3</ele>
        <time>2024-04-26T17:12:05Z</time>
      </trkpt>
      <trkpt lat="44.36912" lon="-73.89852">
        <ele>1346.52</ele>
        <time>2024-04-26T17:12:10Z</time>
      </trkpt>
      <trkpt lat="44.36911" lon="-73.89854">
        <ele>1346.84</ele>
        <time>2024-04-26T17:12:14Z</time>
      </trkpt>
      <trkpt lat="44.36911" lon="-73.8986">
        <ele>1347.49</ele>
        <time>2024-04-26T17:12:19Z</time>
      </trkpt>
      <trkpt lat="44.3691" lon="-73.89862">
        <ele>1347.72</ele>
        <time>2024-04-26T17:12:21Z</time>
      </trkpt>
      <trkpt lat="44.3691" lon="-73.89863">
        <ele>1347.72</ele>
        <time>2024-04-26T17:12:22Z</time>
      </trkpt>
      <trkpt lat="44.3691" lon="-73.89864">
        <ele>1347.72</ele>
        <time>2024-04-26T17:12:26Z</time>
      </trkpt>
      <trkpt lat="44.3691" lon="-73.89864">
        <ele>1347.72</ele>
        <time>2024-04-26T17:12:35Z</time>
      </trkpt>
      <trkpt lat="44.3691" lon="-73.89865">
        <ele>1347.72</ele>
        <time>2024-04-26T17:12:36Z</time>
      </trkpt>
      <trkpt lat="44.36909" lon="-73.89869">
        <ele>1347.83</ele>
        <time>2024-04-26T17:12:41Z</time>
      </trkpt>
      <trkpt lat="44.36908" lon="-73.89873">
        <ele>1347.95</ele>
        <time>2024-04-26T17:12:45Z</time>
      </trkpt>
      <trkpt lat="44.36908" lon="-73.89874">
        <ele>1347.96</ele>
        <time>2024-04-26T17:12:46Z</time>
      </trkpt>
      <trkpt lat="44.36906" lon="-73.8988">
        <ele>1348.48</ele>
        <time>2024-04-26T17:12:53Z</time>
      </trkpt>
      <trkpt lat="44.36907" lon="-73.89883">
        <ele>1348.46</ele>
        <time>2024-04-26T17:13:00Z</time>
      </trkpt>
      <trkpt lat="44.36907" lon="-73.89886">
        <ele>1348.76</ele>
        <time>2024-04-26T17:13:08Z</time>
      </trkpt>
      <trkpt lat="44.36905" lon="-73.89886">
        <ele>1349.11</ele>
        <time>2024-04-26T17:13:11Z</time>
      </trkpt>
      <trkpt lat="44.36905" lon="-73.89888">
        <ele>1349.21</ele>
        <time>2024-04-26T17:13:13Z</time>
      </trkpt>
      <trkpt lat="44.36902" lon="-73.89891">
        <ele>1349.58</ele>
        <time>2024-04-26T17:13:20Z</time>
      </trkpt>
      <trkpt lat="44.36902" lon="-73.8989">
        <ele>1349.58</ele>
        <time>2024-04-26T17:13:22Z</time>
      </trkpt>
      <trkpt lat="44.36901" lon="-73.89892">
        <ele>1349.69</ele>
        <time>2024-04-26T17:13:28Z</time>
      </trkpt>
      <trkpt lat="44.36901" lon="-73.89892">
        <ele>1349.69</ele>
        <time>2024-04-26T17:13:30Z</time>
      </trkpt>
      <trkpt lat="44.36899" lon="-73.89893">
        <ele>1349.91</ele>
        <time>2024-04-26T17:13:33Z</time>
      </trkpt>
      <trkpt lat="44.36899" lon="-73.89893">
        <ele>1349.91</ele>
        <time>2024-04-26T17:13:35Z</time>
      </trkpt>
      <trkpt lat="44.36897" lon="-73.89893">
        <ele>1350.68</ele>
        <time>2024-04-26T17:13:39Z</time>
      </trkpt>
      <trkpt lat="44.36895" lon="-73.89893">
        <ele>1351.85</ele>
        <time>2024-04-26T17:13:44Z</time>
      </trkpt>
      <trkpt lat="44.36894" lon="-73.89893">
        <ele>1352.44</ele>
        <time>2024-04-26T17:13:45Z</time>
      </trkpt>
      <trkpt lat="44.36893" lon="-73.89891">
        <ele>1352.91</ele>
        <time>2024-04-26T17:13:50Z</time>
      </trkpt>
      <trkpt lat="44.36892" lon="-73.89891">
        <ele>1353.47</ele>
        <time>2024-04-26T17:13:53Z</time>
      </trkpt>
      <trkpt lat="44.36892" lon="-73.89891">
        <ele>1353.47</ele>
        <time>2024-04-26T17:13:55Z</time>
      </trkpt>
      <trkpt lat="44.3689" lon="-73.89891">
        <ele>1354.6</ele>
        <time>2024-04-26T17:13:57Z</time>
      </trkpt>
      <trkpt lat="44.36889" lon="-73.89891">
        <ele>1355.17</ele>
        <time>2024-04-26T17:14:02Z</time>
      </trkpt>
      <trkpt lat="44.36887" lon="-73.89892">
        <ele>1356.36</ele>
        <time>2024-04-26T17:14:09Z</time>
      </trkpt>
      <trkpt lat="44.36883" lon="-73.89896">
        <ele>1358.95</ele>
        <time>2024-04-26T17:14:18Z</time>
      </trkpt>
      <trkpt lat="44.36882" lon="-73.89896">
        <ele>1359.49</ele>
        <time>2024-04-26T17:14:19Z</time>
      </trkpt>
      <trkpt lat="44.36881" lon="-73.89895">
        <ele>1359.92</ele>
        <time>2024-04-26T17:14:29Z</time>
      </trkpt>
      <trkpt lat="44.36878" lon="-73.89895">
        <ele>1361.07</ele>
        <time>2024-04-26T17:14:37Z</time>
      </trkpt>
      <trkpt lat="44.36876" lon="-73.89895">
        <ele>1361.57</ele>
        <time>2024-04-26T17:14:39Z</time>
      </trkpt>
      <trkpt lat="44.36874" lon="-73.89894">
        <ele>1361.83</ele>
        <time>2024-04-26T17:14:44Z</time>
      </trkpt>
      <trkpt lat="44.36873" lon="-73.89895">
        <ele>1362.32</ele>
        <time>2024-04-26T17:14:47Z</time>
      </trkpt>
      <trkpt lat="44.36872" lon="-73.89895">
        <ele>1362.57</ele>
        <time>2024-04-26T17:14:50Z</time>
      </trkpt>
      <trkpt lat="44.36871" lon="-73.89895">
        <ele>1362.82</ele>
        <time>2024-04-26T17:14:56Z</time>
      </trkpt>
      <trkpt lat="44.36871" lon="-73.89895">
        <ele>1362.82</ele>
        <time>2024-04-26T17:15:03Z</time>
      </trkpt>
      <trkpt lat="44.36871" lon="-73.89895">
        <ele>1362.82</ele>
        <time>2024-04-26T17:15:07Z</time>
      </trkpt>
      <trkpt lat="44.36869" lon="-73.89897">
        <ele>1363.44</ele>
        <time>2024-04-26T17:15:13Z</time>
      </trkpt>
      <trkpt lat="44.3687" lon="-73.89898">
        <ele>1363.91</ele>
        <time>2024-04-26T17:15:18Z</time>
      </trkpt>
      <trkpt lat="44.3687" lon="-73.89898">
        <ele>1363.91</ele>
        <time>2024-04-26T17:15:20Z</time>
      </trkpt>
      <trkpt lat="44.36868" lon="-73.899">
        <ele>1364.4</ele>
        <time>2024-04-26T17:15:25Z</time>
      </trkpt>
      <trkpt lat="44.36867" lon="-73.89905">
        <ele>1366.13</ele>
        <time>2024-04-26T17:15:31Z</time>
      </trkpt>
      <trkpt lat="44.36865" lon="-73.89905">
        <ele>1366.07</ele>
        <time>2024-04-26T17:15:41Z</time>
      </trkpt>
      <trkpt lat="44.36864" lon="-73.89905">
        <ele>1366.04</ele>
        <time>2024-04-26T17:15:50Z</time>
      </trkpt>
      <trkpt lat="44.36863" lon="-73.89906">
        <ele>1366.42</ele>
        <time>2024-04-26T17:15:56Z</time>
      </trkpt>
      <trkpt lat="44.36863" lon="-73.89905">
        <ele>1366.01</ele>
        <time>2024-04-26T17:16:11Z</time>
      </trkpt>
      <trkpt lat="44.36862" lon="-73.89906">
        <ele>1366.41</ele>
        <time>2024-04-26T17:16:21Z</time>
      </trkpt>
      <trkpt lat="44.3686" lon="-73.89908">
        <ele>1367.02</ele>
        <time>2024-04-26T17:16:28Z</time>
      </trkpt>
      <trkpt lat="44.36858" lon="-73.8991">
        <ele>1367.45</ele>
        <time>2024-04-26T17:16:31Z</time>
      </trkpt>
      <trkpt lat="44.36857" lon="-73.89912">
        <ele>1368.1</ele>
        <time>2024-04-26T17:16:34Z</time>
      </trkpt>
      <trkpt lat="44.36855" lon="-73.89913">
        <ele>1368.1</ele>
        <time>2024-04-26T17:16:37Z</time>
      </trkpt>
      <trkpt lat="44.36854" lon="-73.89915">
        <ele>1368.74</ele>
        <time>2024-04-26T17:16:39Z</time>
      </trkpt>
      <trkpt lat="44.36854" lon="-73.89915">
        <ele>1368.74</ele>
        <time>2024-04-26T17:16:49Z</time>
      </trkpt>
      <trkpt lat="44.36855" lon="-73.89915">
        <ele>1368.96</ele>
        <time>2024-04-26T17:16:53Z</time>
      </trkpt>
      <trkpt lat="44.36854" lon="-73.89916">
        <ele>1369.18</ele>
        <time>2024-04-26T17:16:54Z</time>
      </trkpt>
      <trkpt lat="44.36851" lon="-73.89918">
        <ele>1369.3</ele>
        <time>2024-04-26T17:17:02Z</time>
      </trkpt>
      <trkpt lat="44.3685" lon="-73.89919">
        <ele>1369.41</ele>
        <time>2024-04-26T17:17:03Z</time>
      </trkpt>
      <trkpt lat="44.3685" lon="-73.89919">
        <ele>1369.41</ele>
        <time>2024-04-26T17:17:04Z</time>
      </trkpt>
      <trkpt lat="44.3685" lon="-73.8992">
        <ele>1369.84</ele>
        <time>2024-04-26T17:17:05Z</time>
      </trkpt>
      <trkpt lat="44.36848" lon="-73.89921">
        <ele>1369.62</ele>
        <time>2024-04-26T17:17:09Z</time>
      </trkpt>
      <trkpt lat="44.36847" lon="-73.89922">
        <ele>1369.73</ele>
        <time>2024-04-26T17:17:12Z</time>
      </trkpt>
      <trkpt lat="44.36846" lon="-73.89924">
        <ele>1370.27</ele>
        <time>2024-04-26T17:17:15Z</time>
      </trkpt>
      <trkpt lat="44.36845" lon="-73.89926">
        <ele>1370.8</ele>
        <time>2024-04-26T17:17:18Z</time>
      </trkpt>
      <trkpt lat="44.36842" lon="-73.89928">
        <ele>1370.49</ele>
        <time>2024-04-26T17:17:23Z</time>
      </trkpt>
      <trkpt lat="44.36842" lon="-73.89928">
        <ele>1370.49</ele>
        <time>2024-04-26T17:17:24Z</time>
      </trkpt>
      <trkpt lat="44.36841" lon="-73.89932">
        <ele>1371.56</ele>
        <time>2024-04-26T17:17:29Z</time>
      </trkpt>
      <trkpt lat="44.36841" lon="-73.89933">
        <ele>1371.91</ele>
        <time>2024-04-26T17:17:30Z</time>
      </trkpt>
      <trkpt lat="44.3684" lon="-73.89934">
        <ele>1372.02</ele>
        <time>2024-04-26T17:17:35Z</time>
      </trkpt>
      <trkpt lat="44.3684" lon="-73.89934">
        <ele>1372.02</ele>
        <time>2024-04-26T17:17:36Z</time>
      </trkpt>
      <trkpt lat="44.36839" lon="-73.89934">
        <ele>1371.79</ele>
        <time>2024-04-26T17:17:42Z</time>
      </trkpt>
      <trkpt lat="44.36838" lon="-73.89937">
        <ele>1372.69</ele>
        <time>2024-04-26T17:17:44Z</time>
      </trkpt>
      <trkpt lat="44.36837" lon="-73.89939">
        <ele>1373.28</ele>
        <time>2024-04-26T17:17:49Z</time>
      </trkpt>
      <trkpt lat="44.36837" lon="-73.89939">
        <ele>1373.28</ele>
        <time>2024-04-26T17:17:51Z</time>
      </trkpt>
      <trkpt lat="44.36837" lon="-73.8994">
        <ele>1373.67</ele>
        <time>2024-04-26T17:18:04Z</time>
      </trkpt>
      <trkpt lat="44.36837" lon="-73.89939">
        <ele>1373.28</ele>
        <time>2024-04-26T17:18:05Z</time>
      </trkpt>
      <trkpt lat="44.36837" lon="-73.8994">
        <ele>1373.67</ele>
        <time>2024-04-26T17:18:11Z</time>
      </trkpt>
      <trkpt lat="44.36836" lon="-73.89942">
        <ele>1374.31</ele>
        <time>2024-04-26T17:18:21Z</time>
      </trkpt>
      <trkpt lat="44.36835" lon="-73.89944">
        <ele>1375.0</ele>
        <time>2024-04-26T17:18:24Z</time>
      </trkpt>
      <trkpt lat="44.36834" lon="-73.89945">
        <ele>1375.3</ele>
        <time>2024-04-26T17:18:27Z</time>
      </trkpt>
      <trkpt lat="44.36834" lon="-73.89946">
        <ele>1375.72</ele>
        <time>2024-04-26T17:18:30Z</time>
      </trkpt>
      <trkpt lat="44.36834" lon="-73.89947">
        <ele>1376.14</ele>
        <time>2024-04-26T17:18:32Z</time>
      </trkpt>
      <trkpt lat="44.36833" lon="-73.89948">
        <ele>1376.46</ele>
        <time>2024-04-26T17:18:36Z</time>
      </trkpt>
      <trkpt lat="44.36833" lon="-73.89949">
        <ele>1376.9</ele>
        <time>2024-04-26T17:18:37Z</time>
      </trkpt>
      <trkpt lat="44.36831" lon="-73.89952">
        <ele>1377.76</ele>
        <time>2024-04-26T17:18:43Z</time>
      </trkpt>
      <trkpt lat="44.36831" lon="-73.89953">
        <ele>1378.19</ele>
        <time>2024-04-26T17:18:47Z</time>
      </trkpt>
      <trkpt lat="44.3683" lon="-73.89956">
        <ele>1379.2</ele>
        <time>2024-04-26T17:18:55Z</time>
      </trkpt>
      <trkpt lat="44.36829" lon="-73.89958">
        <ele>1379.89</ele>
        <time>2024-04-26T17:19:03Z</time>
      </trkpt>
      <trkpt lat="44.36829" lon="-73.89959">
        <ele>1380.32</ele>
        <time>2024-04-26T17:19:08Z</time>
      </trkpt>
      <trkpt lat="44.36828" lon="-73.8996">
        <ele>1380.67</ele>
        <time>2024-04-26T17:19:11Z</time>
      </trkpt>
      <trkpt lat="44.36827" lon="-73.8996">
        <ele>1380.6</ele>
        <time>2024-04-26T17:19:12Z</time>
      </trkpt>
      <trkpt lat="44.36826" lon="-73.8996">
        <ele>1380.53</ele>
        <time>2024-04-26T17:19:16Z</time>
      </trkpt>
      <trkpt lat="44.36825" lon="-73.89961">
        <ele>1380.98</ele>
        <time>2024-04-26T17:19:18Z</time>
      </trkpt>
      <trkpt lat="44.36824" lon="-73.89962">
        <ele>1381.46</ele>
        <time>2024-04-26T17:19:23Z</time>
      </trkpt>
      <trkpt lat="44.36824" lon="-73.89963">
        <ele>1382.0</ele>
        <time>2024-04-26T17:19:24Z</time>
      </trkpt>
      <trkpt lat="44.36822" lon="-73.89965">
        <ele>1382.53</ele>
        <time>2024-04-26T17:19:30Z</time>
      </trkpt>
      <trkpt lat="44.36822" lon="-73.89966">
        <ele>1383.01</ele>
        <time>2024-04-26T17:19:32Z</time>
      </trkpt>
      <trkpt lat="44.36821" lon="-73.89966">
        <ele>1382.87</ele>
        <time>2024-04-26T17:19:38Z</time>
      </trkpt>
      <trkpt lat="44.3682" lon="-73.89966">
        <ele>1382.72</ele>
        <time>2024-04-26T17:19:46Z</time>
      </trkpt>
      <trkpt lat="44.3682" lon="-73.89965">
        <ele>1382.19</ele>
        <time>2024-04-26T17:19:48Z</time>
      </trkpt>
      <trkpt lat="44.36819" lon="-73.89966">
        <ele>1382.58</ele>
        <time>2024-04-26T17:19:54Z</time>
      </trkpt>
      <trkpt lat="44.36818" lon="-73.89967">
        <ele>1383.0</ele>
        <time>2024-04-26T17:19:55Z</time>
      </trkpt>
      <trkpt lat="44.36817" lon="-73.89968">
        <ele>1383.48</ele>
        <time>2024-04-26T17:19:59Z</time>
      </trkpt>
      <trkpt lat="44.36816" lon="-73.89969">
        <ele>1384.0</ele>
        <time>2024-04-26T17:20:02Z</time>
      </trkpt>
      <trkpt lat="44.36815" lon="-73.89971">
        <ele>1385.21</ele>
        <time>2024-04-26T17:20:07Z</time>
      </trkpt>
      <trkpt lat="44.36815" lon="-73.89973">
        <ele>1386.41</ele>
        <time>2024-04-26T17:20:08Z</time>
      </trkpt>
      <trkpt lat="44.36813" lon="-73.89973">
        <ele>1386.08</ele>
        <time>2024-04-26T17:20:11Z</time>
      </trkpt>
      <trkpt lat="44.36812" lon="-73.89973">
        <ele>1385.89</ele>
        <time>2024-04-26T17:20:13Z</time>
      </trkpt>
      <trkpt lat="44.36812" lon="-73.89973">
        <ele>1385.89</ele>
        <time>2024-04-26T17:20:14Z</time>
      </trkpt>
      <trkpt lat="44.36808" lon="-73.89975">
        <ele>1386.69</ele>
        <time>2024-04-26T17:20:21Z</time>
      </trkpt>
      <trkpt lat="44.36807" lon="-73.89975">
        <ele>1386.57</ele>
        <time>2024-04-26T17:20:22Z</time>
      </trkpt>
      <trkpt lat="44.36808" lon="-73.89975">
        <ele>1386.69</ele>
        <time>2024-04-26T17:20:27Z</time>
      </trkpt>
      <trkpt lat="44.36806" lon="-73.89975">
        <ele>1386.45</ele>
        <time>2024-04-26T17:20:44Z</time>
      </trkpt>
      <trkpt lat="44.36807" lon="-73.89976">
        <ele>1387.39</ele>
        <time>2024-04-26T17:20:54Z</time>
      </trkpt>
      <trkpt lat="44.36805" lon="-73.89978">
        <ele>1388.83</ele>
        <time>2024-04-26T17:20:59Z</time>
      </trkpt>
      <trkpt lat="44.36804" lon="-73.89979">
        <ele>1389.43</ele>
        <time>2024-04-26T17:21:00Z</time>
      </trkpt>
      <trkpt lat="44.36804" lon="-73.8998">
        <ele>1390.33</ele>
        <time>2024-04-26T17:21:02Z</time>
      </trkpt>
      <trkpt lat="44.36804" lon="-73.89981">
        <ele>1391.23</ele>
        <time>2024-04-26T17:21:03Z</time>
      </trkpt>
      <trkpt lat="44.36803" lon="-73.89982">
        <ele>1391.83</ele>
        <time>2024-04-26T17:21:05Z</time>
      </trkpt>
      <trkpt lat="44.36803" lon="-73.89983">
        <ele>1392.57</ele>
        <time>2024-04-26T17:21:06Z</time>
      </trkpt>
      <trkpt lat="44.368" lon="-73.89985">
        <ele>1393.76</ele>
        <time>2024-04-26T17:21:11Z</time>
      </trkpt>
      <trkpt lat="44.36799" lon="-73.89986">
        <ele>1394.55</ele>
        <time>2024-04-26T17:21:14Z</time>
      </trkpt>
      <trkpt lat="44.36799" lon="-73.89991">
        <ele>1398.8</ele>
        <time>2024-04-26T17:21:20Z</time>
      </trkpt>
      <trkpt lat="44.36798" lon="-73.89993">
        <ele>1399.7</ele>
        <time>2024-04-26T17:21:27Z</time>
      </trkpt>
      <trkpt lat="44.36797" lon="-73.89994">
        <ele>1400.28</ele>
        <time>2024-04-26T17:21:35Z</time>
      </trkpt>
      <trkpt lat="44.36797" lon="-73.89994">
        <ele>1400.28</ele>
        <time>2024-04-26T17:21:39Z</time>
      </trkpt>
      <trkpt lat="44.36797" lon="-73.89994">
        <ele>1400.28</ele>
        <time>2024-04-26T17:21:49Z</time>
      </trkpt>
      <trkpt lat="44.36796" lon="-73.89995">
        <ele>1400.71</ele>
        <time>2024-04-26T17:21:55Z</time>
      </trkpt>
      <trkpt lat="44.36794" lon="-73.89997">
        <ele>1400.89</ele>
        <time>2024-04-26T17:21:57Z</time>
      </trkpt>
      <trkpt lat="44.36794" lon="-73.90003">
        <ele>1402.99</ele>
        <time>2024-04-26T17:22:01Z</time>
      </trkpt>
      <trkpt lat="44.36794" lon="-73.90004">
        <ele>1403.15</ele>
        <time>2024-04-26T17:22:02Z</time>
      </trkpt>
      <trkpt lat="44.36792" lon="-73.90005">
        <ele>1403.11</ele>
        <time>2024-04-26T17:22:07Z</time>
      </trkpt>
      <trkpt lat="44.36788" lon="-73.90006">
        <ele>1403.02</ele>
        <time>2024-04-26T17:22:12Z</time>
      </trkpt>
      <trkpt lat="44.36786" lon="-73.90006">
        <ele>1402.34</ele>
        <time>2024-04-26T17:22:16Z</time>
      </trkpt>
      <trkpt lat="44.36784" lon="-73.90004">
        <ele>1400.24</ele>
        <time>2024-04-26T17:22:29Z</time>
      </trkpt>
      <trkpt lat="44.36785" lon="-73.90005">
        <ele>1401.34</ele>
        <time>2024-04-26T17:22:56Z</time>
      </trkpt>
      <trkpt lat="44.36784" lon="-73.90005">
        <ele>1400.7</ele>
        <time>2024-04-26T17:23:04Z</time>
      </trkpt>
      <trkpt lat="44.36782" lon="-73.90007">
        <ele>1400.56</ele>
        <time>2024-04-26T17:23:06Z</time>
      </trkpt>
      <trkpt lat="44.36782" lon="-73.90009">
        <ele>1401.68</ele>
        <time>2024-04-26T17:23:07Z</time>
      </trkpt>
      <trkpt lat="44.36781" lon="-73.90011">
        <ele>1402.01</ele>
        <time>2024-04-26T17:23:11Z</time>
      </trkpt>
      <trkpt lat="44.36777" lon="-73.90016">
        <ele>1402.36</ele>
        <time>2024-04-26T17:23:18Z</time>
      </trkpt>
      <trkpt lat="44.36774" lon="-73.90016">
        <ele>1400.24</ele>
        <time>2024-04-26T17:23:23Z</time>
      </trkpt>
      <trkpt lat="44.36774" lon="-73.90016">
        <ele>1400.24</ele>
        <time>2024-04-26T17:23:29Z</time>
      </trkpt>
      <trkpt lat="44.36774" lon="-73.90016">
        <ele>1400.24</ele>
        <time>2024-04-26T17:23:30Z</time>
      </trkpt>
      <trkpt lat="44.36775" lon="-73.9002">
        <ele>1402.71</ele>
        <time>2024-04-26T17:23:39Z</time>
      </trkpt>
      <trkpt lat="44.36772" lon="-73.90023">
        <ele>1402.43</ele>
        <time>2024-04-26T17:23:46Z</time>
      </trkpt>
      <trkpt lat="44.36772" lon="-73.90025">
        <ele>1403.4</ele>
        <time>2024-04-26T17:23:48Z</time>
      </trkpt>
      <trkpt lat="44.36769" lon="-73.90028">
        <ele>1404.2</ele>
        <time>2024-04-26T17:23:53Z</time>
      </trkpt>
      <trkpt lat="44.36769" lon="-73.90028">
        <ele>1404.2</ele>
        <time>2024-04-26T17:23:54Z</time>
      </trkpt>
      <trkpt lat="44.36769" lon="-73.90029">
        <ele>1404.62</ele>
        <time>2024-04-26T17:23:55Z</time>
      </trkpt>
      <trkpt lat="44.36766" lon="-73.90036">
        <ele>1406.16</ele>
        <time>2024-04-26T17:24:02Z</time>
      </trkpt>
      <trkpt lat="44.36765" lon="-73.90037">
        <ele>1406.08</ele>
        <time>2024-04-26T17:24:04Z</time>
      </trkpt>
      <trkpt lat="44.36763" lon="-73.90043">
        <ele>1408.1</ele>
        <time>2024-04-26T17:24:10Z</time>
      </trkpt>
      <trkpt lat="44.36762" lon="-73.90047">
        <ele>1409.8</ele>
        <time>2024-04-26T17:24:14Z</time>
      </trkpt>
      <trkpt lat="44.36763" lon="-73.90049">
        <ele>1410.57</ele>
        <time>2024-04-26T17:24:17Z</time>
      </trkpt>
      <trkpt lat="44.36761" lon="-73.90051">
        <ele>1410.8</ele>
        <time>2024-04-26T17:24:20Z</time>
      </trkpt>
      <trkpt lat="44.3676" lon="-73.90054">
        <ele>1411.59</ele>
        <time>2024-04-26T17:24:23Z</time>
      </trkpt>
      <trkpt lat="44.36758" lon="-73.90059">
        <ele>1412.3</ele>
        <time>2024-04-26T17:24:29Z</time>
      </trkpt>
      <trkpt lat="44.36757" lon="-73.90063">
        <ele>1413.02</ele>
        <time>2024-04-26T17:24:34Z</time>
      </trkpt>
      <trkpt lat="44.36756" lon="-73.90065">
        <ele>1413.34</ele>
        <time>2024-04-26T17:24:35Z</time>
      </trkpt>
      <trkpt lat="44.36756" lon="-73.90066">
        <ele>1413.6</ele>
        <time>2024-04-26T17:24:36Z</time>
      </trkpt>
      <trkpt lat="44.36756" lon="-73.90072">
        <ele>1415.12</ele>
        <time>2024-04-26T17:24:43Z</time>
      </trkpt>
      <trkpt lat="44.36756" lon="-73.90073">
        <ele>1415.38</ele>
        <time>2024-04-26T17:24:44Z</time>
      </trkpt>
      <trkpt lat="44.36756" lon="-73.90074">
        <ele>1415.63</ele>
        <time>2024-04-26T17:24:50Z</time>
      </trkpt>
      <trkpt lat="44.36753" lon="-73.90075">
        <ele>1415.46</ele>
        <time>2024-04-26T17:24:57Z</time>
      </trkpt>
      <trkpt lat="44.36751" lon="-73.90081">
        <ele>1416.44</ele>
        <time>2024-04-26T17:25:02Z</time>
      </trkpt>
      <trkpt lat="44.36748" lon="-73.90082">
        <ele>1416.25</ele>
        <time>2024-04-26T17:25:07Z</time>
      </trkpt>
      <trkpt lat="44.36748" lon="-73.90082">
        <ele>1416.25</ele>
        <time>2024-04-26T17:25:08Z</time>
      </trkpt>
      <trkpt lat="44.36747" lon="-73.90082">
        <ele>1416.02</ele>
        <time>2024-04-26T17:25:09Z</time>
      </trkpt>
      <trkpt lat="44.36745" lon="-73.90084">
        <ele>1416.04</ele>
        <time>2024-04-26T17:25:12Z</time>
      </trkpt>
      <trkpt lat="44.36744" lon="-73.90085">
        <ele>1416.05</ele>
        <time>2024-04-26T17:25:15Z</time>
      </trkpt>
      <trkpt lat="44.36744" lon="-73.90085">
        <ele>1416.05</ele>
        <time>2024-04-26T17:25:17Z</time>
      </trkpt>
      <trkpt lat="44.36743" lon="-73.90089">
        <ele>1416.88</ele>
        <time>2024-04-26T17:25:22Z</time>
      </trkpt>
      <trkpt lat="44.36743" lon="-73.9009">
        <ele>1417.12</ele>
        <time>2024-04-26T17:25:24Z</time>
      </trkpt>
      <trkpt lat="44.36743" lon="-73.9009">
        <ele>1417.12</ele>
        <time>2024-04-26T17:25:29Z</time>
      </trkpt>
      <trkpt lat="44.36743" lon="-73.90091">
        <ele>1417.37</ele>
        <time>2024-04-26T17:25:34Z</time>
      </trkpt>
      <trkpt lat="44.36743" lon="-73.90093">
        <ele>1417.79</ele>
        <time>2024-04-26T17:25:36Z</time>
      </trkpt>
      <trkpt lat="44.36741" lon="-73.90096">
        <ele>1418.33</ele>
        <time>2024-04-26T17:25:44Z</time>
      </trkpt>
      <trkpt lat="44.36738" lon="-73.90101">
        <ele>1419.42</ele>
        <time>2024-04-26T17:25:48Z</time>
      </trkpt>
      <trkpt lat="44.36738" lon="-73.90101">
        <ele>1419.42</ele>
        <time>2024-04-26T17:25:49Z</time>
      </trkpt>
      <trkpt lat="44.36735" lon="-73.90106">
        <ele>1420.69</ele>
        <time>2024-04-26T17:25:54Z</time>
      </trkpt>
      <trkpt lat="44.36735" lon="-73.90108">
        <ele>1420.9</ele>
        <time>2024-04-26T17:25:56Z</time>
      </trkpt>
      <trkpt lat="44.36733" lon="-73.90116">
        <ele>1421.67</ele>
        <time>2024-04-26T17:26:04Z</time>
      </trkpt>
      <trkpt lat="44.36731" lon="-73.9012">
        <ele>1422.1</ele>
        <time>2024-04-26T17:26:11Z</time>
      </trkpt>
      <trkpt lat="44.3673" lon="-73.9012">
        <ele>1422.31</ele>
        <time>2024-04-26T17:26:12Z</time>
      </trkpt>
      <trkpt lat="44.36727" lon="-73.90124">
        <ele>1423.16</ele>
        <time>2024-04-26T17:26:18Z</time>
      </trkpt>
      <trkpt lat="44.36726" lon="-73.90126">
        <ele>1423.54</ele>
        <time>2024-04-26T17:26:21Z</time>
      </trkpt>
      <trkpt lat="44.36726" lon="-73.90127">
        <ele>1423.61</ele>
        <time>2024-04-26T17:26:24Z</time>
      </trkpt>
      <trkpt lat="44.36722" lon="-73.9013">
        <ele>1425.03</ele>
        <time>2024-04-26T17:26:31Z</time>
      </trkpt>
      <trkpt lat="44.36718" lon="-73.90134">
        <ele>1425.89</ele>
        <time>2024-04-26T17:26:39Z</time>
      </trkpt>
      <trkpt lat="44.36715" lon="-73.90134">
        <ele>1426.52</ele>
        <time>2024-04-26T17:26:44Z</time>
      </trkpt>
      <trkpt lat="44.36713" lon="-73.90136">
        <ele>1427.37</ele>
        <time>2024-04-26T17:26:47Z</time>
      </trkpt>
      <trkpt lat="44.36712" lon="-73.90138">
        <ele>1427.79</ele>
        <time>2024-04-26T17:26:54Z</time>
      </trkpt>
      <trkpt lat="44.36708" lon="-73.9014">
        <ele>1428.18</ele>
        <time>2024-04-26T17:27:02Z</time>
      </trkpt>
      <trkpt lat="44.36708" lon="-73.9014">
        <ele>1428.18</ele>
        <time>2024-04-26T17:27:03Z</time>
      </trkpt>
      <trkpt lat="44.36708" lon="-73.9014">
        <ele>1428.18</ele>
        <time>2024-04-26T17:27:10Z</time>
      </trkpt>
      <trkpt lat="44.36706" lon="-73.90142">
        <ele>1428.59</ele>
        <time>2024-04-26T17:27:16Z</time>
      </trkpt>
      <trkpt lat="44.36706" lon="-73.90142">
        <ele>1428.59</ele>
        <time>2024-04-26T17:27:18Z</time>
      </trkpt>
      <trkpt lat="44.36704" lon="-73.90145">
        <ele>1429.3</ele>
        <time>2024-04-26T17:27:22Z</time>
      </trkpt>
      <trkpt lat="44.36702" lon="-73.90146">
        <ele>1429.45</ele>
        <time>2024-04-26T17:27:27Z</time>
      </trkpt>
      <trkpt lat="44.36702" lon="-73.90146">
        <ele>1429.45</ele>
        <time>2024-04-26T17:27:28Z</time>
      </trkpt>
      <trkpt lat="44.36699" lon="-73.90148">
        <ele>1429.95</ele>
        <time>2024-04-26T17:27:35Z</time>
      </trkpt>
      <trkpt lat="44.36698" lon="-73.90149">
        <ele>1430.18</ele>
        <time>2024-04-26T17:27:37Z</time>
      </trkpt>
      <trkpt lat="44.36698" lon="-73.90153">
        <ele>1431.05</ele>
        <time>2024-04-26T17:27:42Z</time>
      </trkpt>
      <trkpt lat="44.36697" lon="-73.90156">
        <ele>1431.7</ele>
        <time>2024-04-26T17:27:46Z</time>
      </trkpt>
      <trkpt lat="44.36697" lon="-73.90157">
        <ele>1431.91</ele>
        <time>2024-04-26T17:27:47Z</time>
      </trkpt>
      <trkpt lat="44.36697" lon="-73.90157">
        <ele>1431.91</ele>
        <time>2024-04-26T17:27:48Z</time>
      </trkpt>
      <trkpt lat="44.36693" lon="-73.90162">
        <ele>1432.42</ele>
        <time>2024-04-26T17:27:57Z</time>
      </trkpt>
      <trkpt lat="44.36693" lon="-73.90163">
        <ele>1432.54</ele>
        <time>2024-04-26T17:27:58Z</time>
      </trkpt>
      <trkpt lat="44.3669" lon="-73.90167">
        <ele>1433.05</ele>
        <time>2024-04-26T17:28:05Z</time>
      </trkpt>
      <trkpt lat="44.36687" lon="-73.90171">
        <ele>1433.84</ele>
        <time>2024-04-26T17:28:12Z</time>
      </trkpt>
      <trkpt lat="44.36685" lon="-73.90174">
        <ele>1434.58</ele>
        <time>2024-04-26T17:28:17Z</time>
      </trkpt>
      <trkpt lat="44.36684" lon="-73.90175">
        <ele>1434.79</ele>
        <time>2024-04-26T17:28:18Z</time>
      </trkpt>
      <trkpt lat="44.3668" lon="-73.90178">
        <ele>1435.35</ele>
        <time>2024-04-26T17:28:24Z</time>
      </trkpt>
      <trkpt lat="44.3668" lon="-73.90178">
        <ele>1435.35</ele>
        <time>2024-04-26T17:28:25Z</time>
      </trkpt>
      <trkpt lat="44.3668" lon="-73.9018">
        <ele>1435.69</ele>
        <time>2024-04-26T17:28:27Z</time>
      </trkpt>
      <trkpt lat="44.3668" lon="-73.90182">
        <ele>1436.02</ele>
        <time>2024-04-26T17:28:31Z</time>
      </trkpt>
      <trkpt lat="44.36679" lon="-73.90184">
        <ele>1436.45</ele>
        <time>2024-04-26T17:28:34Z</time>
      </trkpt>
      <trkpt lat="44.36677" lon="-73.90185">
        <ele>1436.85</ele>
        <time>2024-04-26T17:28:39Z</time>
      </trkpt>
      <trkpt lat="44.36675" lon="-73.90187">
        <ele>1437.22</ele>
        <time>2024-04-26T17:28:45Z</time>
      </trkpt>
      <trkpt lat="44.36674" lon="-73.90188">
        <ele>1437.37</ele>
        <time>2024-04-26T17:28:48Z</time>
      </trkpt>
      <trkpt lat="44.36673" lon="-73.90189">
        <ele>1437.54</ele>
        <time>2024-04-26T17:28:52Z</time>
      </trkpt>
      <trkpt lat="44.36672" lon="-73.90192">
        <ele>1438.05</ele>
        <time>2024-04-26T17:29:03Z</time>
      </trkpt>
      <trkpt lat="44.36672" lon="-73.90192">
        <ele>1438.05</ele>
        <time>2024-04-26T17:29:04Z</time>
      </trkpt>
      <trkpt lat="44.36671" lon="-73.90194">
        <ele>1438.46</ele>
        <time>2024-04-26T17:29:10Z</time>
      </trkpt>
      <trkpt lat="44.3667" lon="-73.90195">
        <ele>1438.68</ele>
        <time>2024-04-26T17:29:17Z</time>
      </trkpt>
      <trkpt lat="44.36669" lon="-73.90195">
        <ele>1438.79</ele>
        <time>2024-04-26T17:29:20Z</time>
      </trkpt>
      <trkpt lat="44.36667" lon="-73.90197">
        <ele>1439.23</ele>
        <time>2024-04-26T17:29:24Z</time>
      </trkpt>
      <trkpt lat="44.36665" lon="-73.90197">
        <ele>1439.51</ele>
        <time>2024-04-26T17:29:29Z</time>
      </trkpt>
      <trkpt lat="44.36664" lon="-73.90197">
        <ele>1439.64</ele>
        <time>2024-04-26T17:29:30Z</time>
      </trkpt>
      <trkpt lat="44.3666" lon="-73.90199">
        <ele>1440.57</ele>
        <time>2024-04-26T17:29:37Z</time>
      </trkpt>
      <trkpt lat="44.36661" lon="-73.90199">
        <ele>1440.41</ele>
        <time>2024-04-26T17:29:39Z</time>
      </trkpt>
      <trkpt lat="44.3666" lon="-73.90201">
        <ele>1440.94</ele>
        <time>2024-04-26T17:29:48Z</time>
      </trkpt>
      <trkpt lat="44.36659" lon="-73.90201">
        <ele>1441.12</ele>
        <time>2024-04-26T17:29:56Z</time>
      </trkpt>
      <trkpt lat="44.3666" lon="-73.90201">
        <ele>1440.94</ele>
        <time>2024-04-26T17:29:57Z</time>
      </trkpt>
      <trkpt lat="44.36658" lon="-73.90202">
        <ele>1441.52</ele>
        <time>2024-04-26T17:30:14Z</time>
      </trkpt>
      <trkpt lat="44.36656" lon="-73.90205">
        <ele>1442.31</ele>
        <time>2024-04-26T17:30:20Z</time>
      </trkpt>
      <trkpt lat="44.36657" lon="-73.90205">
        <ele>1442.19</ele>
        <time>2024-04-26T17:30:22Z</time>
      </trkpt>
      <trkpt lat="44.36656" lon="-73.90205">
        <ele>1442.31</ele>
        <time>2024-04-26T17:30:26Z</time>
      </trkpt>
      <trkpt lat="44.36656" lon="-73.90206">
        <ele>1442.44</ele>
        <time>2024-04-26T17:30:30Z</time>
      </trkpt>
      <trkpt lat="44.36654" lon="-73.90208">
        <ele>1443.0</ele>
        <time>2024-04-26T17:30:37Z</time>
      </trkpt>
      <trkpt lat="44.36651" lon="-73.90211">
        <ele>1444.03</ele>
        <time>2024-04-26T17:30:44Z</time>
      </trkpt>
      <trkpt lat="44.3665" lon="-73.90212">
        <ele>1444.41</ele>
        <time>2024-04-26T17:30:45Z</time>
      </trkpt>
      <trkpt lat="44.3665" lon="-73.90212">
        <ele>1444.41</ele>
        <time>2024-04-26T17:30:52Z</time>
      </trkpt>
      <trkpt lat="44.36649" lon="-73.90215">
        <ele>1445.24</ele>
        <time>2024-04-26T17:30:59Z</time>
      </trkpt>
      <trkpt lat="44.36649" lon="-73.90216">
        <ele>1445.44</ele>
        <time>2024-04-26T17:31:06Z</time>
      </trkpt>
      <trkpt lat="44.36647" lon="-73.90219">
        <ele>1446.51</ele>
        <time>2024-04-26T17:31:16Z</time>
      </trkpt>
      <trkpt lat="44.36648" lon="-73.90221">
        <ele>1446.77</ele>
        <time>2024-04-26T17:31:18Z</time>
      </trkpt>
      <trkpt lat="44.36647" lon="-73.90223">
        <ele>1447.27</ele>
        <time>2024-04-26T17:31:23Z</time>
      </trkpt>
      <trkpt lat="44.36646" lon="-73.90225">
        <ele>1447.6</ele>
        <time>2024-04-26T17:31:26Z</time>
      </trkpt>
      <trkpt lat="44.36646" lon="-73.90225">
        <ele>1447.6</ele>
        <time>2024-04-26T17:31:29Z</time>
      </trkpt>
      <trkpt lat="44.36645" lon="-73.90227">
        <ele>1448.03</ele>
        <time>2024-04-26T17:31:37Z</time>
      </trkpt>
      <trkpt lat="44.36645" lon="-73.90228">
        <ele>1448.1</ele>
        <time>2024-04-26T17:31:39Z</time>
      </trkpt>
      <trkpt lat="44.36645" lon="-73.90228">
        <ele>1448.1</ele>
        <time>2024-04-26T17:31:42Z</time>
      </trkpt>
      <trkpt lat="44.36645" lon="-73.90228">
        <ele>1448.1</ele>
        <time>2024-04-26T17:31:44Z</time>
      </trkpt>
      <trkpt lat="44.36645" lon="-73.90228">
        <ele>1448.1</ele>
        <time>2024-04-26T17:31:46Z</time>
      </trkpt>
      <trkpt lat="44.36643" lon="-73.9023">
        <ele>1449.05</ele>
        <time>2024-04-26T17:31:56Z</time>
      </trkpt>
      <trkpt lat="44.36643" lon="-73.90231">
        <ele>1449.17</ele>
        <time>2024-04-26T17:31:57Z</time>
      </trkpt>
      <trkpt lat="44.36642" lon="-73.90232">
        <ele>1449.75</ele>
        <time>2024-04-26T17:32:03Z</time>
      </trkpt>
      <trkpt lat="44.36641" lon="-73.90233">
        <ele>1450.38</ele>
        <time>2024-04-26T17:32:04Z</time>
      </trkpt>
      <trkpt lat="44.3664" lon="-73.90234">
        <ele>1451.03</ele>
        <time>2024-04-26T17:32:09Z</time>
      </trkpt>
      <trkpt lat="44.3664" lon="-73.90235">
        <ele>1451.23</ele>
        <time>2024-04-26T17:32:10Z</time>
      </trkpt>
      <trkpt lat="44.3664" lon="-73.90235">
        <ele>1451.23</ele>
        <time>2024-04-26T17:32:15Z</time>
      </trkpt>
      <trkpt lat="44.3664" lon="-73.90235">
        <ele>1451.23</ele>
        <time>2024-04-26T17:32:19Z</time>
      </trkpt>
      <trkpt lat="44.36639" lon="-73.90238">
        <ele>1452.35</ele>
        <time>2024-04-26T17:32:23Z</time>
      </trkpt>
      <trkpt lat="44.36639" lon="-73.90238">
        <ele>1452.35</ele>
        <time>2024-04-26T17:32:24Z</time>
      </trkpt>
      <trkpt lat="44.36637" lon="-73.90239">
        <ele>1453.4</ele>
        <time>2024-04-26T17:32:30Z</time>
      </trkpt>
      <trkpt lat="44.36638" lon="-73.90239">
        <ele>1452.99</ele>
        <time>2024-04-26T17:32:31Z</time>
      </trkpt>
      <trkpt lat="44.36636" lon="-73.90242">
        <ele>1454.51</ele>
        <time>2024-04-26T17:32:35Z</time>
      </trkpt>
      <trkpt lat="44.36635" lon="-73.90243">
        <ele>1455.23</ele>
        <time>2024-04-26T17:32:37Z</time>
      </trkpt>
      <trkpt lat="44.36635" lon="-73.90243">
        <ele>1455.23</ele>
        <time>2024-04-26T17:32:42Z</time>
      </trkpt>
      <trkpt lat="44.36636" lon="-73.90243">
        <ele>1454.72</ele>
        <time>2024-04-26T17:32:49Z</time>
      </trkpt>
      <trkpt lat="44.36635" lon="-73.90243">
        <ele>1455.23</ele>
        <time>2024-04-26T17:32:54Z</time>
      </trkpt>
      <trkpt lat="44.36634" lon="-73.90243">
        <ele>1455.74</ele>
        <time>2024-04-26T17:32:56Z</time>
      </trkpt>
      <trkpt lat="44.36633" lon="-73.90245">
        <ele>1456.88</ele>
        <time>2024-04-26T17:33:00Z</time>
      </trkpt>
      <trkpt lat="44.36632" lon="-73.90246">
        <ele>1457.81</ele>
        <time>2024-04-26T17:33:01Z</time>
      </trkpt>
      <trkpt lat="44.36632" lon="-73.90248">
        <ele>1458.51</ele>
        <time>2024-04-26T17:33:03Z</time>
      </trkpt>
      <trkpt lat="44.36631" lon="-73.90248">
        <ele>1459.2</ele>
        <time>2024-04-26T17:33:07Z</time>
      </trkpt>
      <trkpt lat="44.36629" lon="-73.90251">
        <ele>1461.12</ele>
        <time>2024-04-26T17:33:14Z</time>
      </trkpt>
      <trkpt lat="44.36628" lon="-73.90253">
        <ele>1461.44</ele>
        <time>2024-04-26T17:33:20Z</time>
      </trkpt>
      <trkpt lat="44.36626" lon="-73.90255">
        <ele>1461.96</ele>
        <time>2024-04-26T17:33:26Z</time>
      </trkpt>
      <trkpt lat="44.36624" lon="-73.90258">
        <ele>1462.91</ele>
        <time>2024-04-26T17:33:36Z</time>
      </trkpt>
      <trkpt lat="44.36624" lon="-73.90258">
        <ele>1462.91</ele>
        <time>2024-04-26T17:33:49Z</time>
      </trkpt>
      <trkpt lat="44.36623" lon="-73.90259">
        <ele>1463.36</ele>
        <time>2024-04-26T17:33:58Z</time>
      </trkpt>
      <trkpt lat="44.36623" lon="-73.9026">
        <ele>1463.55</ele>
        <time>2024-04-26T17:34:00Z</time>
      </trkpt>
      <trkpt lat="44.36623" lon="-73.90262">
        <ele>1463.86</ele>
        <time>2024-04-26T17:34:03Z</time>
      </trkpt>
      <trkpt lat="44.36623" lon="-73.90262">
        <ele>1463.86</ele>
        <time>2024-04-26T17:34:04Z</time>
      </trkpt>
      <trkpt lat="44.36623" lon="-73.90263">
        <ele>1464.01</ele>
        <time>2024-04-26T17:34:06Z</time>
      </trkpt>
      <trkpt lat="44.36623" lon="-73.90266">
        <ele>1464.47</ele>
        <time>2024-04-26T17:34:09Z</time>
      </trkpt>
      <trkpt lat="44.36624" lon="-73.90267">
        <ele>1464.23</ele>
        <time>2024-04-26T17:34:12Z</time>
      </trkpt>
      <trkpt lat="44.36624" lon="-73.90273">
        <ele>1465.02</ele>
        <time>2024-04-26T17:34:19Z</time>
      </trkpt>
      <trkpt lat="44.36622" lon="-73.90276">
        <ele>1466.63</ele>
        <time>2024-04-26T17:34:26Z</time>
      </trkpt>
      <trkpt lat="44.36621" lon="-73.90278">
        <ele>1467.59</ele>
        <time>2024-04-26T17:34:30Z</time>
      </trkpt>
      <trkpt lat="44.3662" lon="-73.90281">
        <ele>1468.13</ele>
        <time>2024-04-26T17:34:33Z</time>
      </trkpt>
      <trkpt lat="44.36619" lon="-73.90283">
        <ele>1468.53</ele>
        <time>2024-04-26T17:34:36Z</time>
      </trkpt>
      <trkpt lat="44.36619" lon="-73.90284">
        <ele>1468.54</ele>
        <time>2024-04-26T17:34:37Z</time>
      </trkpt>
      <trkpt lat="44.36618" lon="-73.90287">
        <ele>1469.02</ele>
        <time>2024-04-26T17:34:41Z</time>
      </trkpt>
      <trkpt lat="44.36615" lon="-73.90286">
        <ele>1470.26</ele>
        <time>2024-04-26T17:34:46Z</time>
      </trkpt>
      <trkpt lat="44.36612" lon="-73.90289">
        <ele>1471.81</ele>
        <time>2024-04-26T17:34:54Z</time>
      </trkpt>
      <trkpt lat="44.36612" lon="-73.9029">
        <ele>1471.91</ele>
        <time>2024-04-26T17:34:55Z</time>
      </trkpt>
      <trkpt lat="44.3661" lon="-73.90291">
        <ele>1472.72</ele>
        <time>2024-04-26T17:34:58Z</time>
      </trkpt>
      <trkpt lat="44.36609" lon="-73.90291">
        <ele>1472.98</ele>
        <time>2024-04-26T17:34:59Z</time>
      </trkpt>
      <trkpt lat="44.36607" lon="-73.90291">
        <ele>1473.51</ele>
        <time>2024-04-26T17:35:05Z</time>
      </trkpt>
      <trkpt lat="44.36605" lon="-73.90292">
        <ele>1474.21</ele>
        <time>2024-04-26T17:35:07Z</time>
      </trkpt>
      <trkpt lat="44.36601" lon="-73.90294">
        <ele>1475.57</ele>
        <time>2024-04-26T17:35:13Z</time>
      </trkpt>
      <trkpt lat="44.36599" lon="-73.90294">
        <ele>1475.74</ele>
        <time>2024-04-26T17:35:17Z</time>
      </trkpt>
      <trkpt lat="44.36596" lon="-73.90294">
        <ele>1475.98</ele>
        <time>2024-04-26T17:35:20Z</time>
      </trkpt>
      <trkpt lat="44.36592" lon="-73.90295">
        <ele>1476.64</ele>
        <time>2024-04-26T17:35:27Z</time>
      </trkpt>
      <trkpt lat="44.36592" lon="-73.90295">
        <ele>1476.64</ele>
        <time>2024-04-26T17:35:28Z</time>
      </trkpt>
      <trkpt lat="44.36589" lon="-73.90296">
        <ele>1477.28</ele>
        <time>2024-04-26T17:35:34Z</time>
      </trkpt>
      <trkpt lat="44.36586" lon="-73.90295">
        <ele>1477.19</ele>
        <time>2024-04-26T17:35:40Z</time>
      </trkpt>
      <trkpt lat="44.36583" lon="-73.90291">
        <ele>1475.75</ele>
        <time>2024-04-26T17:35:46Z</time>
      </trkpt>
      <trkpt lat="44.36581" lon="-73.90292">
        <ele>1476.4</ele>
        <time>2024-04-26T17:35:53Z</time>
      </trkpt>
      <trkpt lat="44.36582" lon="-73.90295">
        <ele>1477.58</ele>
        <time>2024-04-26T17:35:59Z</time>
      </trkpt>
      <trkpt lat="44.36581" lon="-73.90294">
        <ele>1477.26</ele>
        <time>2024-04-26T17:36:01Z</time>
      </trkpt>
      <trkpt lat="44.36581" lon="-73.90294">
        <ele>1477.26</ele>
        <time>2024-04-26T17:36:03Z</time>
      </trkpt>
      <trkpt lat="44.36578" lon="-73.90296">
        <ele>1478.45</ele>
        <time>2024-04-26T17:36:09Z</time>
      </trkpt>
      <trkpt lat="44.36578" lon="-73.90299">
        <ele>1479.58</ele>
        <time>2024-04-26T17:36:13Z</time>
      </trkpt>
      <trkpt lat="44.36576" lon="-73.90306">
        <ele>1482.01</ele>
        <time>2024-04-26T17:36:21Z</time>
      </trkpt>
      <trkpt lat="44.36576" lon="-73.90306">
        <ele>1482.01</ele>
        <time>2024-04-26T17:36:28Z</time>
      </trkpt>
      <trkpt lat="44.36576" lon="-73.90306">
        <ele>1482.01</ele>
        <time>2024-04-26T17:36:32Z</time>
      </trkpt>
      <trkpt lat="44.3658" lon="-73.90297">
        <ele>1478.64</ele>
        <time>2024-04-26T17:59:34Z</time>
      </trkpt>
      <trkpt lat="44.3658" lon="-73.90298">
        <ele>1479.03</ele>
        <time>2024-04-26T17:59:38Z</time>
      </trkpt>
      <trkpt lat="44.36581" lon="-73.90299">
        <ele>1479.35</ele>
        <time>2024-04-26T17:59:43Z</time>
      </trkpt>
      <trkpt lat="44.3658" lon="-73.90296">
        <ele>1478.23</ele>
        <time>2024-04-26T17:59:47Z</time>
      </trkpt>
      <trkpt lat="44.3658" lon="-73.90294">
        <ele>1477.37</ele>
        <time>2024-04-26T17:59:51Z</time>
      </trkpt>
      <trkpt lat="44.36584" lon="-73.90294">
        <ele>1476.95</ele>
        <time>2024-04-26T17:59:56Z</time>
      </trkpt>
      <trkpt lat="44.36585" lon="-73.90295">
        <ele>1477.29</ele>
        <time>2024-04-26T17:59:57Z</time>
      </trkpt>
      <trkpt lat="44.36589" lon="-73.90298">
        <ele>1478.01</ele>
        <time>2024-04-26T18:00:01Z</time>
      </trkpt>
      <trkpt lat="44.3659" lon="-73.90299">
        <ele>1478.24</ele>
        <time>2024-04-26T18:00:03Z</time>
      </trkpt>
      <trkpt lat="44.36593" lon="-73.90298">
        <ele>1477.5</ele>
        <time>2024-04-26T18:00:10Z</time>
      </trkpt>
      <trkpt lat="44.36593" lon="-73.90298">
        <ele>1477.5</ele>
        <time>2024-04-26T18:00:16Z</time>
      </trkpt>
      <trkpt lat="44.36597" lon="-73.90297">
        <ele>1476.72</ele>
        <time>2024-04-26T18:00:22Z</time>
      </trkpt>
      <trkpt lat="44.366" lon="-73.90295">
        <ele>1475.89</ele>
        <time>2024-04-26T18:00:26Z</time>
      </trkpt>
      <trkpt lat="44.36602" lon="-73.90292">
        <ele>1475.03</ele>
        <time>2024-04-26T18:00:29Z</time>
      </trkpt>
      <trkpt lat="44.36603" lon="-73.90292">
        <ele>1474.76</ele>
        <time>2024-04-26T18:00:30Z</time>
      </trkpt>
      <trkpt lat="44.36606" lon="-73.90291">
        <ele>1473.77</ele>
        <time>2024-04-26T18:00:35Z</time>
      </trkpt>
      <trkpt lat="44.36608" lon="-73.90292">
        <ele>1473.39</ele>
        <time>2024-04-26T18:00:40Z</time>
      </trkpt>
      <trkpt lat="44.3661" lon="-73.90291">
        <ele>1472.72</ele>
        <time>2024-04-26T18:00:46Z</time>
      </trkpt>
      <trkpt lat="44.36614" lon="-73.90287">
        <ele>1470.75</ele>
        <time>2024-04-26T18:00:53Z</time>
      </trkpt>
      <trkpt lat="44.36616" lon="-73.90286">
        <ele>1469.84</ele>
        <time>2024-04-26T18:00:59Z</time>
      </trkpt>
      <trkpt lat="44.36617" lon="-73.90287">
        <ele>1469.45</ele>
        <time>2024-04-26T18:01:00Z</time>
      </trkpt>
      <trkpt lat="44.36618" lon="-73.90284">
        <ele>1468.94</ele>
        <time>2024-04-26T18:01:06Z</time>
      </trkpt>
      <trkpt lat="44.36619" lon="-73.90282">
        <ele>1468.51</ele>
        <time>2024-04-26T18:01:10Z</time>
      </trkpt>
      <trkpt lat="44.36619" lon="-73.9028">
        <ele>1468.48</ele>
        <time>2024-04-26T18:01:12Z</time>
      </trkpt>
      <trkpt lat="44.36619" lon="-73.9028">
        <ele>1468.48</ele>
        <time>2024-04-26T18:01:22Z</time>
      </trkpt>
      <trkpt lat="44.36621" lon="-73.90278">
        <ele>1467.59</ele>
        <time>2024-04-26T18:01:34Z</time>
      </trkpt>
      <trkpt lat="44.36621" lon="-73.90277">
        <ele>1467.44</ele>
        <time>2024-04-26T18:01:40Z</time>
      </trkpt>
      <trkpt lat="44.36621" lon="-73.90277">
        <ele>1467.44</ele>
        <time>2024-04-26T18:01:48Z</time>
      </trkpt>
      <trkpt lat="44.36621" lon="-73.90277">
        <ele>1467.44</ele>
        <time>2024-04-26T18:01:54Z</time>
      </trkpt>
      <trkpt lat="44.36622" lon="-73.90277">
        <ele>1466.81</ele>
        <time>2024-04-26T18:02:01Z</time>
      </trkpt>
      <trkpt lat="44.36623" lon="-73.90277">
        <ele>1466.18</ele>
        <time>2024-04-26T18:02:09Z</time>
      </trkpt>
      <trkpt lat="44.36622" lon="-73.90277">
        <ele>1466.81</ele>
        <time>2024-04-26T18:02:15Z</time>
      </trkpt>
      <trkpt lat="44.36622" lon="-73.90277">
        <ele>1466.81</ele>
        <time>2024-04-26T18:02:17Z</time>
      </trkpt>
      <trkpt lat="44.36622" lon="-73.90276">
        <ele>1466.63</ele>
        <time>2024-04-26T18:02:51Z</time>
      </trkpt>
      <trkpt lat="44.36622" lon="-73.90277">
        <ele>1466.81</ele>
        <time>2024-04-26T18:02:53Z</time>
      </trkpt>
      <trkpt lat="44.36622" lon="-73.90277">
        <ele>1466.81</ele>
        <time>2024-04-26T18:03:31Z</time>
      </trkpt>
      <trkpt lat="44.36622" lon="-73.90276">
        <ele>1466.63</ele>
        <time>2024-04-26T18:03:39Z</time>
      </trkpt>
      <trkpt lat="44.36622" lon="-73.90277">
        <ele>1466.81</ele>
        <time>2024-04-26T18:03:47Z</time>
      </trkpt>
      <trkpt lat="44.36622" lon="-73.90278">
        <ele>1466.94</ele>
        <time>2024-04-26T18:03:55Z</time>
      </trkpt>
      <trkpt lat="44.36622" lon="-73.90277">
        <ele>1466.81</ele>
        <time>2024-04-26T18:04:04Z</time>
      </trkpt>
      <trkpt lat="44.36622" lon="-73.90277">
        <ele>1466.81</ele>
        <time>2024-04-26T18:04:19Z</time>
      </trkpt>
      <trkpt lat="44.36622" lon="-73.90277">
        <ele>1466.81</ele>
        <time>2024-04-26T18:04:31Z</time>
      </trkpt>
      <trkpt lat="44.36621" lon="-73.90276">
        <ele>1467.23</ele>
        <time>2024-04-26T18:04:39Z</time>
      </trkpt>
      <trkpt lat="44.36621" lon="-73.90277">
        <ele>1467.44</ele>
        <time>2024-04-26T18:05:21Z</time>
      </trkpt>
      <trkpt lat="44.36621" lon="-73.90277">
        <ele>1467.44</ele>
        <time>2024-04-26T18:05:27Z</time>
      </trkpt>
      <trkpt lat="44.36621" lon="-73.90276">
        <ele>1467.23</ele>
        <time>2024-04-26T18:05:32Z</time>
      </trkpt>
      <trkpt lat="44.36621" lon="-73.90275">
        <ele>1467.03</ele>
        <time>2024-04-26T18:06:03Z</time>
      </trkpt>
      <trkpt lat="44.36622" lon="-73.90276">
        <ele>1466.63</ele>
        <time>2024-04-26T18:06:06Z</time>
      </trkpt>
      <trkpt lat="44.36622" lon="-73.90277">
        <ele>1466.81</ele>
        <time>2024-04-26T18:06:10Z</time>
      </trkpt>
      <trkpt lat="44.36622" lon="-73.90278">
        <ele>1466.94</ele>
        <time>2024-04-26T18:06:17Z</time>
      </trkpt>
      <trkpt lat="44.36624" lon="-73.90276">
        <ele>1465.41</ele>
        <time>2024-04-26T18:06:29Z</time>
      </trkpt>
      <trkpt lat="44.36624" lon="-73.90276">
        <ele>1465.41</ele>
        <time>2024-04-26T18:11:20Z</time>
      </trkpt>
      <trkpt lat="44.36623" lon="-73.90275">
        <ele>1465.87</ele>
        <time>2024-04-26T18:11:22Z</time>
      </trkpt>
      <trkpt lat="44.36624" lon="-73.9027">
        <ele>1464.63</ele>
        <time>2024-04-26T18:11:31Z</time>
      </trkpt>
      <trkpt lat="44.36622" lon="-73.90265">
        <ele>1464.67</ele>
        <time>2024-04-26T18:11:39Z</time>
      </trkpt>
      <trkpt lat="44.36623" lon="-73.9026">
        <ele>1463.55</ele>
        <time>2024-04-26T18:11:46Z</time>
      </trkpt>
      <trkpt lat="44.36623" lon="-73.9026">
        <ele>1463.55</ele>
        <time>2024-04-26T18:11:47Z</time>
      </trkpt>
      <trkpt lat="44.36625" lon="-73.90258">
        <ele>1462.73</ele>
        <time>2024-04-26T18:11:54Z</time>
      </trkpt>
      <trkpt lat="44.36627" lon="-73.90254">
        <ele>1461.68</ele>
        <time>2024-04-26T18:12:00Z</time>
      </trkpt>
      <trkpt lat="44.36627" lon="-73.90253">
        <ele>1461.51</ele>
        <time>2024-04-26T18:12:03Z</time>
      </trkpt>
      <trkpt lat="44.36629" lon="-73.90251">
        <ele>1461.12</ele>
        <time>2024-04-26T18:12:08Z</time>
      </trkpt>
      <trkpt lat="44.3663" lon="-73.90249">
        <ele>1460.3</ele>
        <time>2024-04-26T18:12:10Z</time>
      </trkpt>
      <trkpt lat="44.36631" lon="-73.90248">
        <ele>1459.2</ele>
        <time>2024-04-26T18:12:16Z</time>
      </trkpt>
      <trkpt lat="44.36632" lon="-73.90247">
        <ele>1458.16</ele>
        <time>2024-04-26T18:12:17Z</time>
      </trkpt>
      <trkpt lat="44.36634" lon="-73.90244">
        <ele>1456.02</ele>
        <time>2024-04-26T18:12:23Z</time>
      </trkpt>
      <trkpt lat="44.36634" lon="-73.90244">
        <ele>1456.02</ele>
        <time>2024-04-26T18:12:25Z</time>
      </trkpt>
      <trkpt lat="44.36636" lon="-73.90241">
        <ele>1454.3</ele>
        <time>2024-04-26T18:12:33Z</time>
      </trkpt>
      <trkpt lat="44.36638" lon="-73.90239">
        <ele>1452.99</ele>
        <time>2024-04-26T18:12:40Z</time>
      </trkpt>
      <trkpt lat="44.36638" lon="-73.90239">
        <ele>1452.99</ele>
        <time>2024-04-26T18:12:42Z</time>
      </trkpt>
      <trkpt lat="44.36638" lon="-73.90238">
        <ele>1452.76</ele>
        <time>2024-04-26T18:12:50Z</time>
      </trkpt>
      <trkpt lat="44.36639" lon="-73.90236">
        <ele>1451.92</ele>
        <time>2024-04-26T18:12:53Z</time>
      </trkpt>
      <trkpt lat="44.3664" lon="-73.90234">
        <ele>1451.03</ele>
        <time>2024-04-26T18:12:58Z</time>
      </trkpt>
      <trkpt lat="44.36641" lon="-73.90233">
        <ele>1450.38</ele>
        <time>2024-04-26T18:12:59Z</time>
      </trkpt>
      <trkpt lat="44.36642" lon="-73.90231">
        <ele>1449.59</ele>
        <time>2024-04-26T18:13:04Z</time>
      </trkpt>
      <trkpt lat="44.36643" lon="-73.9023">
        <ele>1449.05</ele>
        <time>2024-04-26T18:13:07Z</time>
      </trkpt>
      <trkpt lat="44.36644" lon="-73.9023">
        <ele>1448.65</ele>
        <time>2024-04-26T18:13:09Z</time>
      </trkpt>
      <trkpt lat="44.36646" lon="-73.90229">
        <ele>1447.8</ele>
        <time>2024-04-26T18:13:14Z</time>
      </trkpt>
      <trkpt lat="44.36647" lon="-73.90226">
        <ele>1447.35</ele>
        <time>2024-04-26T18:13:17Z</time>
      </trkpt>
      <trkpt lat="44.36647" lon="-73.90225">
        <ele>1447.32</ele>
        <time>2024-04-26T18:13:21Z</time>
      </trkpt>
      <trkpt lat="44.36648" lon="-73.90221">
        <ele>1446.77</ele>
        <time>2024-04-26T18:13:27Z</time>
      </trkpt>
      <trkpt lat="44.36648" lon="-73.90219">
        <ele>1446.33</ele>
        <time>2024-04-26T18:13:29Z</time>
      </trkpt>
      <trkpt lat="44.36649" lon="-73.90218">
        <ele>1445.85</ele>
        <time>2024-04-26T18:13:31Z</time>
      </trkpt>
      <trkpt lat="44.3665" lon="-73.90218">
        <ele>1445.58</ele>
        <time>2024-04-26T18:13:32Z</time>
      </trkpt>
      <trkpt lat="44.3665" lon="-73.90217">
        <ele>1445.38</ele>
        <time>2024-04-26T18:13:33Z</time>
      </trkpt>
      <trkpt lat="44.36651" lon="-73.90214">
        <ele>1444.57</ele>
        <time>2024-04-26T18:13:38Z</time>
      </trkpt>
      <trkpt lat="44.36651" lon="-73.90214">
        <ele>1444.57</ele>
        <time>2024-04-26T18:13:39Z</time>
      </trkpt>
      <trkpt lat="44.36652" lon="-73.90211">
        <ele>1443.83</ele>
        <time>2024-04-26T18:13:44Z</time>
      </trkpt>
      <trkpt lat="44.36653" lon="-73.90211">
        <ele>1443.64</ele>
        <time>2024-04-26T18:13:46Z</time>
      </trkpt>
      <trkpt lat="44.36654" lon="-73.9021">
        <ele>1443.3</ele>
        <time>2024-04-26T18:13:52Z</time>
      </trkpt>
      <trkpt lat="44.36657" lon="-73.90205">
        <ele>1442.19</ele>
        <time>2024-04-26T18:13:58Z</time>
      </trkpt>
      <trkpt lat="44.36657" lon="-73.90205">
        <ele>1442.19</ele>
        <time>2024-04-26T18:13:59Z</time>
      </trkpt>
      <trkpt lat="44.36658" lon="-73.90204">
        <ele>1441.9</ele>
        <time>2024-04-26T18:14:06Z</time>
      </trkpt>
      <trkpt lat="44.36658" lon="-73.90204">
        <ele>1441.9</ele>
        <time>2024-04-26T18:14:07Z</time>
      </trkpt>
      <trkpt lat="44.36661" lon="-73.90202">
        <ele>1440.93</ele>
        <time>2024-04-26T18:14:14Z</time>
      </trkpt>
      <trkpt lat="44.36661" lon="-73.90202">
        <ele>1440.93</ele>
        <time>2024-04-26T18:14:16Z</time>
      </trkpt>
      <trkpt lat="44.36664" lon="-73.902">
        <ele>1440.06</ele>
        <time>2024-04-26T18:14:21Z</time>
      </trkpt>
      <trkpt lat="44.36665" lon="-73.90199">
        <ele>1439.76</ele>
        <time>2024-04-26T18:14:23Z</time>
      </trkpt>
      <trkpt lat="44.36666" lon="-73.902">
        <ele>1439.72</ele>
        <time>2024-04-26T18:14:27Z</time>
      </trkpt>
      <trkpt lat="44.36668" lon="-73.90199">
        <ele>1439.28</ele>
        <time>2024-04-26T18:14:31Z</time>
      </trkpt>
      <trkpt lat="44.36668" lon="-73.90199">
        <ele>1439.28</ele>
        <time>2024-04-26T18:14:35Z</time>
      </trkpt>
      <trkpt lat="44.36669" lon="-73.90198">
        <ele>1439.04</ele>
        <time>2024-04-26T18:14:41Z</time>
      </trkpt>
      <trkpt lat="44.3667" lon="-73.90197">
        <ele>1438.82</ele>
        <time>2024-04-26T18:14:43Z</time>
      </trkpt>
      <trkpt lat="44.36672" lon="-73.90193">
        <ele>1438.2</ele>
        <time>2024-04-26T18:14:52Z</time>
      </trkpt>
      <trkpt lat="44.36672" lon="-73.90193">
        <ele>1438.2</ele>
        <time>2024-04-26T18:14:53Z</time>
      </trkpt>
      <trkpt lat="44.36672" lon="-73.90192">
        <ele>1438.05</ele>
        <time>2024-04-26T18:14:57Z</time>
      </trkpt>
      <trkpt lat="44.36673" lon="-73.90191">
        <ele>1437.83</ele>
        <time>2024-04-26T18:14:59Z</time>
      </trkpt>
      <trkpt lat="44.36674" lon="-73.90189">
        <ele>1437.5</ele>
        <time>2024-04-26T18:15:04Z</time>
      </trkpt>
      <trkpt lat="44.36676" lon="-73.90188">
        <ele>1437.29</ele>
        <time>2024-04-26T18:15:06Z</time>
      </trkpt>
      <trkpt lat="44.36678" lon="-73.90186">
        <ele>1436.82</ele>
        <time>2024-04-26T18:15:12Z</time>
      </trkpt>
      <trkpt lat="44.36678" lon="-73.90186">
        <ele>1436.82</ele>
        <time>2024-04-26T18:15:13Z</time>
      </trkpt>
      <trkpt lat="44.36681" lon="-73.90181">
        <ele>1435.8</ele>
        <time>2024-04-26T18:15:19Z</time>
      </trkpt>
      <trkpt lat="44.36681" lon="-73.9018">
        <ele>1435.64</ele>
        <time>2024-04-26T18:15:20Z</time>
      </trkpt>
      <trkpt lat="44.36685" lon="-73.90175">
        <ele>1434.8</ele>
        <time>2024-04-26T18:15:28Z</time>
      </trkpt>
      <trkpt lat="44.36685" lon="-73.90174">
        <ele>1434.58</ele>
        <time>2024-04-26T18:15:29Z</time>
      </trkpt>
      <trkpt lat="44.3669" lon="-73.9017">
        <ele>1433.53</ele>
        <time>2024-04-26T18:15:35Z</time>
      </trkpt>
      <trkpt lat="44.36691" lon="-73.90169">
        <ele>1433.35</ele>
        <time>2024-04-26T18:15:36Z</time>
      </trkpt>
      <trkpt lat="44.36691" lon="-73.90168">
        <ele>1433.2</ele>
        <time>2024-04-26T18:15:42Z</time>
      </trkpt>
      <trkpt lat="44.36691" lon="-73.90168">
        <ele>1433.2</ele>
        <time>2024-04-26T18:15:50Z</time>
      </trkpt>
      <trkpt lat="44.36692" lon="-73.90168">
        <ele>1433.18</ele>
        <time>2024-04-26T18:15:51Z</time>
      </trkpt>
      <trkpt lat="44.36693" lon="-73.90164">
        <ele>1432.67</ele>
        <time>2024-04-26T18:15:57Z</time>
      </trkpt>
      <trkpt lat="44.36696" lon="-73.90159">
        <ele>1432.14</ele>
        <time>2024-04-26T18:16:05Z</time>
      </trkpt>
      <trkpt lat="44.36696" lon="-73.90158">
        <ele>1432.05</ele>
        <time>2024-04-26T18:16:06Z</time>
      </trkpt>
      <trkpt lat="44.36697" lon="-73.90157">
        <ele>1431.91</ele>
        <time>2024-04-26T18:16:12Z</time>
      </trkpt>
      <trkpt lat="44.36698" lon="-73.90152">
        <ele>1430.83</ele>
        <time>2024-04-26T18:16:18Z</time>
      </trkpt>
      <trkpt lat="44.36699" lon="-73.9015">
        <ele>1430.4</ele>
        <time>2024-04-26T18:16:20Z</time>
      </trkpt>
      <trkpt lat="44.367" lon="-73.90151">
        <ele>1430.62</ele>
        <time>2024-04-26T18:16:24Z</time>
      </trkpt>
      <trkpt lat="44.36701" lon="-73.9015">
        <ele>1430.4</ele>
        <time>2024-04-26T18:16:33Z</time>
      </trkpt>
      <trkpt lat="44.36703" lon="-73.90148">
        <ele>1429.97</ele>
        <time>2024-04-26T18:16:39Z</time>
      </trkpt>
      <trkpt lat="44.36705" lon="-73.90143">
        <ele>1428.83</ele>
        <time>2024-04-26T18:16:45Z</time>
      </trkpt>
      <trkpt lat="44.36706" lon="-73.90142">
        <ele>1428.59</ele>
        <time>2024-04-26T18:16:47Z</time>
      </trkpt>
      <trkpt lat="44.36711" lon="-73.90139">
        <ele>1428.01</ele>
        <time>2024-04-26T18:16:52Z</time>
      </trkpt>
      <trkpt lat="44.36712" lon="-73.90138">
        <ele>1427.79</ele>
        <time>2024-04-26T18:16:54Z</time>
      </trkpt>
      <trkpt lat="44.36713" lon="-73.90136">
        <ele>1427.37</ele>
        <time>2024-04-26T18:16:57Z</time>
      </trkpt>
      <trkpt lat="44.36717" lon="-73.90135">
        <ele>1426.22</ele>
        <time>2024-04-26T18:17:03Z</time>
      </trkpt>
      <trkpt lat="44.36718" lon="-73.90135">
        <ele>1425.98</ele>
        <time>2024-04-26T18:17:04Z</time>
      </trkpt>
      <trkpt lat="44.36721" lon="-73.90132">
        <ele>1425.2</ele>
        <time>2024-04-26T18:17:09Z</time>
      </trkpt>
      <trkpt lat="44.36722" lon="-73.90131">
        <ele>1425.03</ele>
        <time>2024-04-26T18:17:11Z</time>
      </trkpt>
      <trkpt lat="44.36725" lon="-73.90129">
        <ele>1424.05</ele>
        <time>2024-04-26T18:17:17Z</time>
      </trkpt>
      <trkpt lat="44.36727" lon="-73.90125">
        <ele>1423.21</ele>
        <time>2024-04-26T18:17:21Z</time>
      </trkpt>
      <trkpt lat="44.36729" lon="-73.90122">
        <ele>1422.58</ele>
        <time>2024-04-26T18:17:25Z</time>
      </trkpt>
      <trkpt lat="44.36732" lon="-73.90119">
        <ele>1421.89</ele>
        <time>2024-04-26T18:17:32Z</time>
      </trkpt>
      <trkpt lat="44.36732" lon="-73.90118">
        <ele>1421.89</ele>
        <time>2024-04-26T18:17:33Z</time>
      </trkpt>
      <trkpt lat="44.36734" lon="-73.90109">
        <ele>1421.23</ele>
        <time>2024-04-26T18:17:40Z</time>
      </trkpt>
      <trkpt lat="44.36735" lon="-73.90108">
        <ele>1420.9</ele>
        <time>2024-04-26T18:17:41Z</time>
      </trkpt>
      <trkpt lat="44.36736" lon="-73.90105">
        <ele>1420.36</ele>
        <time>2024-04-26T18:17:44Z</time>
      </trkpt>
      <trkpt lat="44.36738" lon="-73.90102">
        <ele>1419.61</ele>
        <time>2024-04-26T18:17:48Z</time>
      </trkpt>
      <trkpt lat="44.36739" lon="-73.90098">
        <ele>1418.73</ele>
        <time>2024-04-26T18:17:54Z</time>
      </trkpt>
      <trkpt lat="44.36741" lon="-73.90096">
        <ele>1418.33</ele>
        <time>2024-04-26T18:17:59Z</time>
      </trkpt>
      <trkpt lat="44.36741" lon="-73.90096">
        <ele>1418.33</ele>
        <time>2024-04-26T18:18:00Z</time>
      </trkpt>
      <trkpt lat="44.36742" lon="-73.90094">
        <ele>1418.0</ele>
        <time>2024-04-26T18:18:06Z</time>
      </trkpt>
      <trkpt lat="44.36743" lon="-73.90089">
        <ele>1416.88</ele>
        <time>2024-04-26T18:18:11Z</time>
      </trkpt>
      <trkpt lat="44.36743" lon="-73.90087">
        <ele>1416.39</ele>
        <time>2024-04-26T18:18:13Z</time>
      </trkpt>
      <trkpt lat="44.36744" lon="-73.90086">
        <ele>1416.26</ele>
        <time>2024-04-26T18:18:14Z</time>
      </trkpt>
      <trkpt lat="44.36745" lon="-73.90083">
        <ele>1415.83</ele>
        <time>2024-04-26T18:18:17Z</time>
      </trkpt>
      <trkpt lat="44.36746" lon="-73.90081">
        <ele>1415.52</ele>
        <time>2024-04-26T18:18:24Z</time>
      </trkpt>
      <trkpt lat="44.36747" lon="-73.9008">
        <ele>1415.52</ele>
        <time>2024-04-26T18:18:31Z</time>
      </trkpt>
      <trkpt lat="44.36747" lon="-73.90079">
        <ele>1415.26</ele>
        <time>2024-04-26T18:18:32Z</time>
      </trkpt>
      <trkpt lat="44.36749" lon="-73.90074">
        <ele>1414.65</ele>
        <time>2024-04-26T18:18:39Z</time>
      </trkpt>
      <trkpt lat="44.36751" lon="-73.90071">
        <ele>1414.15</ele>
        <time>2024-04-26T18:18:44Z</time>
      </trkpt>
      <trkpt lat="44.36755" lon="-73.90065">
        <ele>1413.13</ele>
        <time>2024-04-26T18:18:51Z</time>
      </trkpt>
      <trkpt lat="44.36755" lon="-73.90063">
        <ele>1412.51</ele>
        <time>2024-04-26T18:18:54Z</time>
      </trkpt>
      <trkpt lat="44.36757" lon="-73.90061">
        <ele>1412.49</ele>
        <time>2024-04-26T18:18:57Z</time>
      </trkpt>
      <trkpt lat="44.36761" lon="-73.90059">
        <ele>1412.79</ele>
        <time>2024-04-26T18:19:03Z</time>
      </trkpt>
      <trkpt lat="44.36761" lon="-73.90057">
        <ele>1412.44</ele>
        <time>2024-04-26T18:19:05Z</time>
      </trkpt>
      <trkpt lat="44.36762" lon="-73.90056">
        <ele>1412.36</ele>
        <time>2024-04-26T18:19:06Z</time>
      </trkpt>
      <trkpt lat="44.36763" lon="-73.90051">
        <ele>1411.13</ele>
        <time>2024-04-26T18:19:12Z</time>
      </trkpt>
      <trkpt lat="44.36763" lon="-73.90049">
        <ele>1410.57</ele>
        <time>2024-04-26T18:19:14Z</time>
      </trkpt>
      <trkpt lat="44.36763" lon="-73.90043">
        <ele>1408.1</ele>
        <time>2024-04-26T18:19:20Z</time>
      </trkpt>
      <trkpt lat="44.36764" lon="-73.90041">
        <ele>1407.47</ele>
        <time>2024-04-26T18:19:23Z</time>
      </trkpt>
      <trkpt lat="44.36765" lon="-73.90039">
        <ele>1406.98</ele>
        <time>2024-04-26T18:19:25Z</time>
      </trkpt>
      <trkpt lat="44.36766" lon="-73.90034">
        <ele>1405.24</ele>
        <time>2024-04-26T18:19:29Z</time>
      </trkpt>
      <trkpt lat="44.36769" lon="-73.90028">
        <ele>1404.2</ele>
        <time>2024-04-26T18:19:37Z</time>
      </trkpt>
      <trkpt lat="44.3677" lon="-73.90027">
        <ele>1403.87</ele>
        <time>2024-04-26T18:19:38Z</time>
      </trkpt>
      <trkpt lat="44.36772" lon="-73.90025">
        <ele>1403.4</ele>
        <time>2024-04-26T18:19:44Z</time>
      </trkpt>
      <trkpt lat="44.36775" lon="-73.90022">
        <ele>1403.4</ele>
        <time>2024-04-26T18:19:51Z</time>
      </trkpt>
      <trkpt lat="44.36776" lon="-73.90021">
        <ele>1403.59</ele>
        <time>2024-04-26T18:19:52Z</time>
      </trkpt>
      <trkpt lat="44.36779" lon="-73.90018">
        <ele>1404.05</ele>
        <time>2024-04-26T18:20:00Z</time>
      </trkpt>
      <trkpt lat="44.3678" lon="-73.90017">
        <ele>1403.9</ele>
        <time>2024-04-26T18:20:01Z</time>
      </trkpt>
      <trkpt lat="44.36785" lon="-73.90016">
        <ele>1404.9</ele>
        <time>2024-04-26T18:20:07Z</time>
      </trkpt>
      <trkpt lat="44.36786" lon="-73.90015">
        <ele>1404.93</ele>
        <time>2024-04-26T18:20:09Z</time>
      </trkpt>
      <trkpt lat="44.36791" lon="-73.90012">
        <ele>1404.21</ele>
        <time>2024-04-26T18:20:16Z</time>
      </trkpt>
      <trkpt lat="44.36791" lon="-73.90012">
        <ele>1404.21</ele>
        <time>2024-04-26T18:20:17Z</time>
      </trkpt>
      <trkpt lat="44.36793" lon="-73.90005">
        <ele>1403.21</ele>
        <time>2024-04-26T18:20:24Z</time>
      </trkpt>
      <trkpt lat="44.36794" lon="-73.89999">
        <ele>1401.96</ele>
        <time>2024-04-26T18:20:32Z</time>
      </trkpt>
      <trkpt lat="44.36794" lon="-73.89998">
        <ele>1401.43</ele>
        <time>2024-04-26T18:20:33Z</time>
      </trkpt>
      <trkpt lat="44.36796" lon="-73.89996">
        <ele>1401.15</ele>
        <time>2024-04-26T18:20:39Z</time>
      </trkpt>
      <trkpt lat="44.36797" lon="-73.89996">
        <ele>1401.11</ele>
        <time>2024-04-26T18:20:41Z</time>
      </trkpt>
      <trkpt lat="44.36799" lon="-73.89992">
        <ele>1399.17</ele>
        <time>2024-04-26T18:20:46Z</time>
      </trkpt>
      <trkpt lat="44.36799" lon="-73.89988">
        <ele>1396.3</ele>
        <time>2024-04-26T18:20:51Z</time>
      </trkpt>
      <trkpt lat="44.368" lon="-73.89987">
        <ele>1395.45</ele>
        <time>2024-04-26T18:20:54Z</time>
      </trkpt>
      <trkpt lat="44.36803" lon="-73.89985">
        <ele>1394.04</ele>
        <time>2024-04-26T18:20:58Z</time>
      </trkpt>
      <trkpt lat="44.36803" lon="-73.89983">
        <ele>1392.57</ele>
        <time>2024-04-26T18:21:00Z</time>
      </trkpt>
      <trkpt lat="44.36805" lon="-73.89979">
        <ele>1389.7</ele>
        <time>2024-04-26T18:21:06Z</time>
      </trkpt>
      <trkpt lat="44.36806" lon="-73.89977">
        <ele>1388.15</ele>
        <time>2024-04-26T18:21:08Z</time>
      </trkpt>
      <trkpt lat="44.36811" lon="-73.89975">
        <ele>1387.05</ele>
        <time>2024-04-26T18:21:13Z</time>
      </trkpt>
      <trkpt lat="44.36813" lon="-73.89975">
        <ele>1387.28</ele>
        <time>2024-04-26T18:21:16Z</time>
      </trkpt>
      <trkpt lat="44.36814" lon="-73.89975">
        <ele>1387.4</ele>
        <time>2024-04-26T18:21:18Z</time>
      </trkpt>
      <trkpt lat="44.36815" lon="-73.89972">
        <ele>1385.86</ele>
        <time>2024-04-26T18:21:22Z</time>
      </trkpt>
      <trkpt lat="44.36815" lon="-73.89971">
        <ele>1385.21</ele>
        <time>2024-04-26T18:21:23Z</time>
      </trkpt>
      <trkpt lat="44.36816" lon="-73.8997">
        <ele>1384.62</ele>
        <time>2024-04-26T18:21:27Z</time>
      </trkpt>
      <trkpt lat="44.36817" lon="-73.89969">
        <ele>1384.08</ele>
        <time>2024-04-26T18:21:30Z</time>
      </trkpt>
      <trkpt lat="44.36819" lon="-73.89968">
        <ele>1383.68</ele>
        <time>2024-04-26T18:21:35Z</time>
      </trkpt>
      <trkpt lat="44.3682" lon="-73.89967">
        <ele>1383.25</ele>
        <time>2024-04-26T18:21:37Z</time>
      </trkpt>
      <trkpt lat="44.3682" lon="-73.89966">
        <ele>1382.72</ele>
        <time>2024-04-26T18:21:39Z</time>
      </trkpt>
      <trkpt lat="44.36821" lon="-73.89966">
        <ele>1382.87</ele>
        <time>2024-04-26T18:21:40Z</time>
      </trkpt>
      <trkpt lat="44.36821" lon="-73.89966">
        <ele>1382.87</ele>
        <time>2024-04-26T18:21:41Z</time>
      </trkpt>
      <trkpt lat="44.36823" lon="-73.89965">
        <ele>1382.7</ele>
        <time>2024-04-26T18:21:46Z</time>
      </trkpt>
      <trkpt lat="44.36823" lon="-73.89965">
        <ele>1382.7</ele>
        <time>2024-04-26T18:21:48Z</time>
      </trkpt>
      <trkpt lat="44.36825" lon="-73.89963">
        <ele>1382.01</ele>
        <time>2024-04-26T18:21:52Z</time>
      </trkpt>
      <trkpt lat="44.36825" lon="-73.89963">
        <ele>1382.01</ele>
        <time>2024-04-26T18:21:53Z</time>
      </trkpt>
      <trkpt lat="44.36826" lon="-73.89962">
        <ele>1381.52</ele>
        <time>2024-04-26T18:21:57Z</time>
      </trkpt>
      <trkpt lat="44.36826" lon="-73.89961">
        <ele>1381.03</ele>
        <time>2024-04-26T18:22:01Z</time>
      </trkpt>
      <trkpt lat="44.36827" lon="-73.8996">
        <ele>1380.6</ele>
        <time>2024-04-26T18:22:03Z</time>
      </trkpt>
      <trkpt lat="44.36828" lon="-73.89958">
        <ele>1379.77</ele>
        <time>2024-04-26T18:22:07Z</time>
      </trkpt>
      <trkpt lat="44.36829" lon="-73.89958">
        <ele>1379.89</ele>
        <time>2024-04-26T18:22:10Z</time>
      </trkpt>
      <trkpt lat="44.3683" lon="-73.89954">
        <ele>1378.4</ele>
        <time>2024-04-26T18:22:16Z</time>
      </trkpt>
      <trkpt lat="44.3683" lon="-73.89953">
        <ele>1377.98</ele>
        <time>2024-04-26T18:22:17Z</time>
      </trkpt>
      <trkpt lat="44.36832" lon="-73.89952">
        <ele>1377.98</ele>
        <time>2024-04-26T18:22:23Z</time>
      </trkpt>
      <trkpt lat="44.36833" lon="-73.89948">
        <ele>1376.46</ele>
        <time>2024-04-26T18:22:29Z</time>
      </trkpt>
      <trkpt lat="44.36834" lon="-73.89946">
        <ele>1375.72</ele>
        <time>2024-04-26T18:22:37Z</time>
      </trkpt>
      <trkpt lat="44.36836" lon="-73.89943">
        <ele>1374.71</ele>
        <time>2024-04-26T18:22:44Z</time>
      </trkpt>
      <trkpt lat="44.36837" lon="-73.89943">
        <ele>1374.83</ele>
        <time>2024-04-26T18:22:45Z</time>
      </trkpt>
      <trkpt lat="44.36837" lon="-73.89941">
        <ele>1374.06</ele>
        <time>2024-04-26T18:22:51Z</time>
      </trkpt>
      <trkpt lat="44.36838" lon="-73.8994">
        <ele>1373.83</ele>
        <time>2024-04-26T18:22:53Z</time>
      </trkpt>
      <trkpt lat="44.3684" lon="-73.89937">
        <ele>1373.08</ele>
        <time>2024-04-26T18:23:00Z</time>
      </trkpt>
      <trkpt lat="44.3684" lon="-73.89937">
        <ele>1373.08</ele>
        <time>2024-04-26T18:23:01Z</time>
      </trkpt>
      <trkpt lat="44.36842" lon="-73.89933">
        <ele>1372.15</ele>
        <time>2024-04-26T18:23:08Z</time>
      </trkpt>
      <trkpt lat="44.36843" lon="-73.8993">
        <ele>1371.43</ele>
        <time>2024-04-26T18:23:14Z</time>
      </trkpt>
      <trkpt lat="44.36843" lon="-73.8993">
        <ele>1371.43</ele>
        <time>2024-04-26T18:23:15Z</time>
      </trkpt>
      <trkpt lat="44.36845" lon="-73.89928">
        <ele>1371.39</ele>
        <time>2024-04-26T18:23:21Z</time>
      </trkpt>
      <trkpt lat="44.36846" lon="-73.89927">
        <ele>1371.41</ele>
        <time>2024-04-26T18:23:24Z</time>
      </trkpt>
      <trkpt lat="44.36848" lon="-73.89925">
        <ele>1371.35</ele>
        <time>2024-04-26T18:23:29Z</time>
      </trkpt>
      <trkpt lat="44.36849" lon="-73.89923">
        <ele>1370.81</ele>
        <time>2024-04-26T18:23:31Z</time>
      </trkpt>
      <trkpt lat="44.3685" lon="-73.89922">
        <ele>1370.7</ele>
        <time>2024-04-26T18:23:35Z</time>
      </trkpt>
      <trkpt lat="44.36852" lon="-73.89921">
        <ele>1370.89</ele>
        <time>2024-04-26T18:23:39Z</time>
      </trkpt>
      <trkpt lat="44.36853" lon="-73.89919">
        <ele>1370.19</ele>
        <time>2024-04-26T18:23:41Z</time>
      </trkpt>
      <trkpt lat="44.36855" lon="-73.89917">
        <ele>1369.8</ele>
        <time>2024-04-26T18:23:46Z</time>
      </trkpt>
      <trkpt lat="44.36856" lon="-73.89916">
        <ele>1369.61</ele>
        <time>2024-04-26T18:23:48Z</time>
      </trkpt>
      <trkpt lat="44.36859" lon="-73.89914">
        <ele>1369.39</ele>
        <time>2024-04-26T18:23:54Z</time>
      </trkpt>
      <trkpt lat="44.3686" lon="-73.89913">
        <ele>1369.18</ele>
        <time>2024-04-26T18:23:57Z</time>
      </trkpt>
      <trkpt lat="44.36861" lon="-73.89911">
        <ele>1368.53</ele>
        <time>2024-04-26T18:24:02Z</time>
      </trkpt>
      <trkpt lat="44.36862" lon="-73.8991">
        <ele>1368.12</ele>
        <time>2024-04-26T18:24:04Z</time>
      </trkpt>
      <trkpt lat="44.36865" lon="-73.89907">
        <ele>1366.84</ele>
        <time>2024-04-26T18:24:10Z</time>
      </trkpt>
      <trkpt lat="44.36869" lon="-73.89904">
        <ele>1365.84</ele>
        <time>2024-04-26T18:24:17Z</time>
      </trkpt>
      <trkpt lat="44.36869" lon="-73.89903">
        <ele>1365.5</ele>
        <time>2024-04-26T18:24:18Z</time>
      </trkpt>
      <trkpt lat="44.36872" lon="-73.89899">
        <ele>1363.73</ele>
        <time>2024-04-26T18:24:23Z</time>
      </trkpt>
      <trkpt lat="44.36875" lon="-73.89898">
        <ele>1362.47</ele>
        <time>2024-04-26T18:24:27Z</time>
      </trkpt>
      <trkpt lat="44.36877" lon="-73.89899">
        <ele>1362.06</ele>
        <time>2024-04-26T18:24:30Z</time>
      </trkpt>
      <trkpt lat="44.36881" lon="-73.89898">
        <ele>1360.24</ele>
        <time>2024-04-26T18:24:36Z</time>
      </trkpt>
      <trkpt lat="44.36887" lon="-73.89896">
        <ele>1356.79</ele>
        <time>2024-04-26T18:24:44Z</time>
      </trkpt>
      <trkpt lat="44.36892" lon="-73.89896">
        <ele>1353.83</ele>
        <time>2024-04-26T18:24:49Z</time>
      </trkpt>
      <trkpt lat="44.36897" lon="-73.89897">
        <ele>1350.73</ele>
        <time>2024-04-26T18:24:56Z</time>
      </trkpt>
      <trkpt lat="44.36897" lon="-73.89896">
        <ele>1350.72</ele>
        <time>2024-04-26T18:24:58Z</time>
      </trkpt>
      <trkpt lat="44.36898" lon="-73.89896">
        <ele>1350.09</ele>
        <time>2024-04-26T18:25:01Z</time>
      </trkpt>
      <trkpt lat="44.36899" lon="-73.89895">
        <ele>1349.91</ele>
        <time>2024-04-26T18:25:03Z</time>
      </trkpt>
      <trkpt lat="44.369" lon="-73.89895">
        <ele>1349.8</ele>
        <time>2024-04-26T18:25:07Z</time>
      </trkpt>
      <trkpt lat="44.369" lon="-73.89892">
        <ele>1349.8</ele>
        <time>2024-04-26T18:25:12Z</time>
      </trkpt>
      <trkpt lat="44.369" lon="-73.89892">
        <ele>1349.8</ele>
        <time>2024-04-26T18:25:13Z</time>
      </trkpt>
      <trkpt lat="44.36903" lon="-73.89886">
        <ele>1349.46</ele>
        <time>2024-04-26T18:25:19Z</time>
      </trkpt>
      <trkpt lat="44.36905" lon="-73.89885">
        <ele>1349.06</ele>
        <time>2024-04-26T18:25:21Z</time>
      </trkpt>
      <trkpt lat="44.36905" lon="-73.89881">
        <ele>1348.85</ele>
        <time>2024-04-26T18:25:24Z</time>
      </trkpt>
      <trkpt lat="44.36906" lon="-73.89872">
        <ele>1348.33</ele>
        <time>2024-04-26T18:25:31Z</time>
      </trkpt>
      <trkpt lat="44.36906" lon="-73.8987">
        <ele>1348.3</ele>
        <time>2024-04-26T18:25:33Z</time>
      </trkpt>
      <trkpt lat="44.36907" lon="-73.89859">
        <ele>1347.81</ele>
        <time>2024-04-26T18:25:41Z</time>
      </trkpt>
      <trkpt lat="44.36909" lon="-73.89852">
        <ele>1346.84</ele>
        <time>2024-04-26T18:25:49Z</time>
      </trkpt>
      <trkpt lat="44.36909" lon="-73.89853">
        <ele>1346.95</ele>
        <time>2024-04-26T18:25:51Z</time>
      </trkpt>
      <trkpt lat="44.36911" lon="-73.89849">
        <ele>1346.3</ele>
        <time>2024-04-26T18:25:58Z</time>
      </trkpt>
      <trkpt lat="44.36912" lon="-73.89848">
        <ele>1346.09</ele>
        <time>2024-04-26T18:26:08Z</time>
      </trkpt>
      <trkpt lat="44.36912" lon="-73.89846">
        <ele>1345.87</ele>
        <time>2024-04-26T18:26:11Z</time>
      </trkpt>
      <trkpt lat="44.36912" lon="-73.89844">
        <ele>1345.66</ele>
        <time>2024-04-26T18:26:15Z</time>
      </trkpt>
      <trkpt lat="44.36913" lon="-73.89843">
        <ele>1345.44</ele>
        <time>2024-04-26T18:26:21Z</time>
      </trkpt>
      <trkpt lat="44.36913" lon="-73.89843">
        <ele>1345.44</ele>
        <time>2024-04-26T18:26:22Z</time>
      </trkpt>
      <trkpt lat="44.36914" lon="-73.8984">
        <ele>1344.93</ele>
        <time>2024-04-26T18:26:27Z</time>
      </trkpt>
      <trkpt lat="44.36916" lon="-73.89836">
        <ele>1344.31</ele>
        <time>2024-04-26T18:26:34Z</time>
      </trkpt>
      <trkpt lat="44.36916" lon="-73.89835">
        <ele>1344.19</ele>
        <time>2024-04-26T18:26:35Z</time>
      </trkpt>
      <trkpt lat="44.36917" lon="-73.89834">
        <ele>1344.07</ele>
        <time>2024-04-26T18:26:42Z</time>
      </trkpt>
      <trkpt lat="44.36918" lon="-73.89833">
        <ele>1344.0</ele>
        <time>2024-04-26T18:26:48Z</time>
      </trkpt>
      <trkpt lat="44.36917" lon="-73.89833">
        <ele>1344.0</ele>
        <time>2024-04-26T18:26:49Z</time>
      </trkpt>
      <trkpt lat="44.36917" lon="-73.89832">
        <ele>1344.0</ele>
        <time>2024-04-26T18:26:58Z</time>
      </trkpt>
      <trkpt lat="44.36917" lon="-73.89831">
        <ele>1344.0</ele>
        <time>2024-04-26T18:27:01Z</time>
      </trkpt>
      <trkpt lat="44.36918" lon="-73.89831">
        <ele>1344.0</ele>
        <time>2024-04-26T18:27:04Z</time>
      </trkpt>
      <trkpt lat="44.3692" lon="-73.89831">
        <ele>1344.0</ele>
        <time>2024-04-26T18:27:10Z</time>
      </trkpt>
      <trkpt lat="44.3692" lon="-73.8983">
        <ele>1344.0</ele>
        <time>2024-04-26T18:27:17Z</time>
      </trkpt>
      <trkpt lat="44.36922" lon="-73.89827">
        <ele>1344.0</ele>
        <time>2024-04-26T18:27:35Z</time>
      </trkpt>
      <trkpt lat="44.36922" lon="-73.89826">
        <ele>1344.0</ele>
        <time>2024-04-26T18:28:17Z</time>
      </trkpt>
      <trkpt lat="44.36922" lon="-73.89825">
        <ele>1344.0</ele>
        <time>2024-04-26T18:28:25Z</time>
      </trkpt>
      <trkpt lat="44.36922" lon="-73.8982">
        <ele>1344.0</ele>
        <time>2024-04-26T18:28:32Z</time>
      </trkpt>
      <trkpt lat="44.36924" lon="-73.89816">
        <ele>1344.0</ele>
        <time>2024-04-26T18:28:39Z</time>
      </trkpt>
      <trkpt lat="44.36924" lon="-73.89814">
        <ele>1343.96</ele>
        <time>2024-04-26T18:28:42Z</time>
      </trkpt>
      <trkpt lat="44.36925" lon="-73.89811">
        <ele>1343.92</ele>
        <time>2024-04-26T18:28:48Z</time>
      </trkpt>
      <trkpt lat="44.36926" lon="-73.89809">
        <ele>1343.98</ele>
        <time>2024-04-26T18:28:50Z</time>
      </trkpt>
      <trkpt lat="44.36929" lon="-73.89805">
        <ele>1342.92</ele>
        <time>2024-04-26T18:28:56Z</time>
      </trkpt>
      <trkpt lat="44.36931" lon="-73.89805">
        <ele>1342.3</ele>
        <time>2024-04-26T18:29:04Z</time>
      </trkpt>
      <trkpt lat="44.36931" lon="-73.898">
        <ele>1341.81</ele>
        <time>2024-04-26T18:29:10Z</time>
      </trkpt>
      <trkpt lat="44.36932" lon="-73.898">
        <ele>1341.62</ele>
        <time>2024-04-26T18:29:18Z</time>
      </trkpt>
      <trkpt lat="44.36932" lon="-73.89801">
        <ele>1341.69</ele>
        <time>2024-04-26T18:29:24Z</time>
      </trkpt>
      <trkpt lat="44.36933" lon="-73.89799">
        <ele>1341.37</ele>
        <time>2024-04-26T18:29:39Z</time>
      </trkpt>
      <trkpt lat="44.36933" lon="-73.89799">
        <ele>1341.37</ele>
        <time>2024-04-26T18:29:47Z</time>
      </trkpt>
      <trkpt lat="44.36935" lon="-73.89797">
        <ele>1341.02</ele>
        <time>2024-04-26T18:29:56Z</time>
      </trkpt>
      <trkpt lat="44.36935" lon="-73.89796">
        <ele>1341.05</ele>
        <time>2024-04-26T18:29:57Z</time>
      </trkpt>
      <trkpt lat="44.36935" lon="-73.89795">
        <ele>1341.14</ele>
        <time>2024-04-26T18:30:02Z</time>
      </trkpt>
      <trkpt lat="44.36935" lon="-73.89793">
        <ele>1341.33</ele>
        <time>2024-04-26T18:30:07Z</time>
      </trkpt>
      <trkpt lat="44.36935" lon="-73.89793">
        <ele>1341.33</ele>
        <time>2024-04-26T18:30:08Z</time>
      </trkpt>
      <trkpt lat="44.36936" lon="-73.89793">
        <ele>1341.27</ele>
        <time>2024-04-26T18:30:15Z</time>
      </trkpt>
      <trkpt lat="44.36938" lon="-73.8979">
        <ele>1341.38</ele>
        <time>2024-04-26T18:30:22Z</time>
      </trkpt>
      <trkpt lat="44.36939" lon="-73.89788">
        <ele>1341.48</ele>
        <time>2024-04-26T18:30:25Z</time>
      </trkpt>
      <trkpt lat="44.36941" lon="-73.89786">
        <ele>1341.28</ele>
        <time>2024-04-26T18:30:29Z</time>
      </trkpt>
      <trkpt lat="44.36941" lon="-73.89786">
        <ele>1341.28</ele>
        <time>2024-04-26T18:30:32Z</time>
      </trkpt>
      <trkpt lat="44.36944" lon="-73.89783">
        <ele>1341.38</ele>
        <time>2024-04-26T18:30:38Z</time>
      </trkpt>
      <trkpt lat="44.36946" lon="-73.89781">
        <ele>1341.48</ele>
        <time>2024-04-26T18:30:40Z</time>
      </trkpt>
      <trkpt lat="44.36947" lon="-73.8978">
        <ele>1341.48</ele>
        <time>2024-04-26T18:30:41Z</time>
      </trkpt>
      <trkpt lat="44.3695" lon="-73.89777">
        <ele>1341.28</ele>
        <time>2024-04-26T18:30:46Z</time>
      </trkpt>
      <trkpt lat="44.36951" lon="-73.89775">
        <ele>1340.9</ele>
        <time>2024-04-26T18:30:48Z</time>
      </trkpt>
      <trkpt lat="44.36954" lon="-73.89772">
        <ele>1340.25</ele>
        <time>2024-04-26T18:30:54Z</time>
      </trkpt>
      <trkpt lat="44.36955" lon="-73.8977">
        <ele>1339.6</ele>
        <time>2024-04-26T18:30:58Z</time>
      </trkpt>
      <trkpt lat="44.36957" lon="-73.89767">
        <ele>1337.93</ele>
        <time>2024-04-26T18:31:01Z</time>
      </trkpt>
      <trkpt lat="44.36961" lon="-73.89763">
        <ele>1335.28</ele>
        <time>2024-04-26T18:31:07Z</time>
      </trkpt>
      <trkpt lat="44.36962" lon="-73.89762">
        <ele>1334.79</ele>
        <time>2024-04-26T18:31:08Z</time>
      </trkpt>
      <trkpt lat="44.36965" lon="-73.8976">
        <ele>1333.48</ele>
        <time>2024-04-26T18:31:11Z</time>
      </trkpt>
      <trkpt lat="44.36966" lon="-73.89759">
        <ele>1332.96</ele>
        <time>2024-04-26T18:31:16Z</time>
      </trkpt>
      <trkpt lat="44.36966" lon="-73.8976">
        <ele>1333.15</ele>
        <time>2024-04-26T18:31:18Z</time>
      </trkpt>
      <trkpt lat="44.36968" lon="-73.89758">
        <ele>1332.18</ele>
        <time>2024-04-26T18:31:23Z</time>
      </trkpt>
      <trkpt lat="44.36971" lon="-73.89755">
        <ele>1331.21</ele>
        <time>2024-04-26T18:31:29Z</time>
      </trkpt>
      <trkpt lat="44.36971" lon="-73.89755">
        <ele>1331.21</ele>
        <time>2024-04-26T18:31:30Z</time>
      </trkpt>
      <trkpt lat="44.36973" lon="-73.89755">
        <ele>1330.79</ele>
        <time>2024-04-26T18:31:36Z</time>
      </trkpt>
      <trkpt lat="44.36973" lon="-73.89755">
        <ele>1330.79</ele>
        <time>2024-04-26T18:31:38Z</time>
      </trkpt>
      <trkpt lat="44.36974" lon="-73.89752">
        <ele>1330.47</ele>
        <time>2024-04-26T18:31:43Z</time>
      </trkpt>
      <trkpt lat="44.36974" lon="-73.89751">
        <ele>1330.44</ele>
        <time>2024-04-26T18:31:44Z</time>
      </trkpt>
      <trkpt lat="44.36975" lon="-73.89747">
        <ele>1329.23</ele>
        <time>2024-04-26T18:31:50Z</time>
      </trkpt>
      <trkpt lat="44.36975" lon="-73.89746">
        <ele>1328.93</ele>
        <time>2024-04-26T18:31:52Z</time>
      </trkpt>
      <trkpt lat="44.36974" lon="-73.89745">
        <ele>1328.91</ele>
        <time>2024-04-26T18:31:57Z</time>
      </trkpt>
      <trkpt lat="44.36974" lon="-73.89742">
        <ele>1328.0</ele>
        <time>2024-04-26T18:32:00Z</time>
      </trkpt>
      <trkpt lat="44.36974" lon="-73.8974">
        <ele>1327.18</ele>
        <time>2024-04-26T18:32:03Z</time>
      </trkpt>
      <trkpt lat="44.36975" lon="-73.89738">
        <ele>1325.89</ele>
        <time>2024-04-26T18:32:07Z</time>
      </trkpt>
      <trkpt lat="44.36975" lon="-73.89737">
        <ele>1325.34</ele>
        <time>2024-04-26T18:32:11Z</time>
      </trkpt>
      <trkpt lat="44.36976" lon="-73.89737">
        <ele>1325.25</ele>
        <time>2024-04-26T18:32:15Z</time>
      </trkpt>
      <trkpt lat="44.36976" lon="-73.89733">
        <ele>1323.19</ele>
        <time>2024-04-26T18:32:21Z</time>
      </trkpt>
      <trkpt lat="44.36977" lon="-73.89731">
        <ele>1322.36</ele>
        <time>2024-04-26T18:32:27Z</time>
      </trkpt>
      <trkpt lat="44.36978" lon="-73.89729">
        <ele>1321.89</ele>
        <time>2024-04-26T18:32:33Z</time>
      </trkpt>
      <trkpt lat="44.36978" lon="-73.89729">
        <ele>1321.89</ele>
        <time>2024-04-26T18:33:09Z</time>
      </trkpt>
      <trkpt lat="44.36978" lon="-73.89729">
        <ele>1321.89</ele>
        <time>2024-04-26T18:33:13Z</time>
      </trkpt>
      <trkpt lat="44.36979" lon="-73.89727">
        <ele>1321.5</ele>
        <time>2024-04-26T18:33:14Z</time>
      </trkpt>
      <trkpt lat="44.36979" lon="-73.89725">
        <ele>1320.96</ele>
        <time>2024-04-26T18:33:18Z</time>
      </trkpt>
      <trkpt lat="44.3698" lon="-73.89723">
        <ele>1320.71</ele>
        <time>2024-04-26T18:33:21Z</time>
      </trkpt>
      <trkpt lat="44.36984" lon="-73.89717">
        <ele>1319.17</ele>
        <time>2024-04-26T18:33:31Z</time>
      </trkpt>
      <trkpt lat="44.36985" lon="-73.89716">
        <ele>1318.95</ele>
        <time>2024-04-26T18:33:32Z</time>
      </trkpt>
      <trkpt lat="44.36988" lon="-73.89707">
        <ele>1316.48</ele>
        <time>2024-04-26T18:33:40Z</time>
      </trkpt>
      <trkpt lat="44.36989" lon="-73.89703">
        <ele>1315.38</ele>
        <time>2024-04-26T18:33:44Z</time>
      </trkpt>
      <trkpt lat="44.36991" lon="-73.89698">
        <ele>1314.2</ele>
        <time>2024-04-26T18:33:51Z</time>
      </trkpt>
      <trkpt lat="44.36995" lon="-73.89689">
        <ele>1312.74</ele>
        <time>2024-04-26T18:34:01Z</time>
      </trkpt>
      <trkpt lat="44.36996" lon="-73.89686">
        <ele>1312.31</ele>
        <time>2024-04-26T18:34:03Z</time>
      </trkpt>
      <trkpt lat="44.36998" lon="-73.89679">
        <ele>1311.09</ele>
        <time>2024-04-26T18:34:10Z</time>
      </trkpt>
      <trkpt lat="44.37" lon="-73.89678">
        <ele>1311.45</ele>
        <time>2024-04-26T18:34:14Z</time>
      </trkpt>
      <trkpt lat="44.37001" lon="-73.89677">
        <ele>1311.44</ele>
        <time>2024-04-26T18:34:16Z</time>
      </trkpt>
      <trkpt lat="44.37002" lon="-73.89677">
        <ele>1311.64</ele>
        <time>2024-04-26T18:34:18Z</time>
      </trkpt>
      <trkpt lat="44.37003" lon="-73.89673">
        <ele>1311.12</ele>
        <time>2024-04-26T18:34:26Z</time>
      </trkpt>
      <trkpt lat="44.37004" lon="-73.8967">
        <ele>1310.86</ele>
        <time>2024-04-26T18:34:34Z</time>
      </trkpt>
      <trkpt lat="44.37008" lon="-73.89666">
        <ele>1311.44</ele>
        <time>2024-04-26T18:34:42Z</time>
      </trkpt>
      <trkpt lat="44.3701" lon="-73.89665">
        <ele>1311.72</ele>
        <time>2024-04-26T18:34:45Z</time>
      </trkpt>
      <trkpt lat="44.3701" lon="-73.89661">
        <ele>1310.86</ele>
        <time>2024-04-26T18:34:50Z</time>
      </trkpt>
      <trkpt lat="44.37012" lon="-73.89658">
        <ele>1310.42</ele>
        <time>2024-04-26T18:34:58Z</time>
      </trkpt>
      <trkpt lat="44.37021" lon="-73.89649">
        <ele>1309.18</ele>
        <time>2024-04-26T18:35:07Z</time>
      </trkpt>
      <trkpt lat="44.37025" lon="-73.89644">
        <ele>1307.52</ele>
        <time>2024-04-26T18:35:14Z</time>
      </trkpt>
      <trkpt lat="44.37025" lon="-73.89643">
        <ele>1307.17</ele>
        <time>2024-04-26T18:35:16Z</time>
      </trkpt>
      <trkpt lat="44.37025" lon="-73.89641">
        <ele>1306.45</ele>
        <time>2024-04-26T18:35:19Z</time>
      </trkpt>
      <trkpt lat="44.37026" lon="-73.89634">
        <ele>1304.65</ele>
        <time>2024-04-26T18:35:26Z</time>
      </trkpt>
      <trkpt lat="44.37027" lon="-73.89628">
        <ele>1303.3</ele>
        <time>2024-04-26T18:35:31Z</time>
      </trkpt>
      <trkpt lat="44.37027" lon="-73.89621">
        <ele>1301.04</ele>
        <time>2024-04-26T18:35:35Z</time>
      </trkpt>
      <trkpt lat="44.37027" lon="-73.8962">
        <ele>1300.71</ele>
        <time>2024-04-26T18:35:36Z</time>
      </trkpt>
      <trkpt lat="44.37027" lon="-73.89613">
        <ele>1298.44</ele>
        <time>2024-04-26T18:35:41Z</time>
      </trkpt>
      <trkpt lat="44.37028" lon="-73.89611">
        <ele>1297.99</ele>
        <time>2024-04-26T18:35:43Z</time>
      </trkpt>
      <trkpt lat="44.37029" lon="-73.89607">
        <ele>1296.8</ele>
        <time>2024-04-26T18:35:46Z</time>
      </trkpt>
      <trkpt lat="44.37031" lon="-73.89601">
        <ele>1295.07</ele>
        <time>2024-04-26T18:35:51Z</time>
      </trkpt>
      <trkpt lat="44.37031" lon="-73.896">
        <ele>1294.75</ele>
        <time>2024-04-26T18:35:52Z</time>
      </trkpt>
      <trkpt lat="44.37032" lon="-73.89595">
        <ele>1293.24</ele>
        <time>2024-04-26T18:35:55Z</time>
      </trkpt>
      <trkpt lat="44.37033" lon="-73.89591">
        <ele>1292.15</ele>
        <time>2024-04-26T18:36:00Z</time>
      </trkpt>
      <trkpt lat="44.37033" lon="-73.8959">
        <ele>1291.88</ele>
        <time>2024-04-26T18:36:01Z</time>
      </trkpt>
      <trkpt lat="44.37034" lon="-73.89585">
        <ele>1290.76</ele>
        <time>2024-04-26T18:36:05Z</time>
      </trkpt>
      <trkpt lat="44.37035" lon="-73.89582">
        <ele>1290.27</ele>
        <time>2024-04-26T18:36:09Z</time>
      </trkpt>
      <trkpt lat="44.37035" lon="-73.89581">
        <ele>1290.06</ele>
        <time>2024-04-26T18:36:10Z</time>
      </trkpt>
      <trkpt lat="44.37036" lon="-73.89576">
        <ele>1289.19</ele>
        <time>2024-04-26T18:36:15Z</time>
      </trkpt>
      <trkpt lat="44.37037" lon="-73.89575">
        <ele>1289.19</ele>
        <time>2024-04-26T18:36:17Z</time>
      </trkpt>
      <trkpt lat="44.37037" lon="-73.89571">
        <ele>1288.0</ele>
        <time>2024-04-26T18:36:21Z</time>
      </trkpt>
      <trkpt lat="44.37038" lon="-73.89566">
        <ele>1286.47</ele>
        <time>2024-04-26T18:36:25Z</time>
      </trkpt>
      <trkpt lat="44.37038" lon="-73.89565">
        <ele>1286.16</ele>
        <time>2024-04-26T18:36:26Z</time>
      </trkpt>
      <trkpt lat="44.37039" lon="-73.8956">
        <ele>1285.17</ele>
        <time>2024-04-26T18:36:30Z</time>
      </trkpt>
      <trkpt lat="44.37039" lon="-73.89554">
        <ele>1283.88</ele>
        <time>2024-04-26T18:36:34Z</time>
      </trkpt>
      <trkpt lat="44.37039" lon="-73.89553">
        <ele>1283.66</ele>
        <time>2024-04-26T18:36:35Z</time>
      </trkpt>
      <trkpt lat="44.3704" lon="-73.89548">
        <ele>1282.69</ele>
        <time>2024-04-26T18:36:39Z</time>
      </trkpt>
      <trkpt lat="44.3704" lon="-73.89542">
        <ele>1281.86</ele>
        <time>2024-04-26T18:36:44Z</time>
      </trkpt>
      <trkpt lat="44.3704" lon="-73.89541">
        <ele>1281.75</ele>
        <time>2024-04-26T18:36:45Z</time>
      </trkpt>
      <trkpt lat="44.37041" lon="-73.89537">
        <ele>1281.42</ele>
        <time>2024-04-26T18:36:49Z</time>
      </trkpt>
      <trkpt lat="44.37041" lon="-73.89532">
        <ele>1280.34</ele>
        <time>2024-04-26T18:36:54Z</time>
      </trkpt>
      <trkpt lat="44.37042" lon="-73.89528">
        <ele>1279.58</ele>
        <time>2024-04-26T18:36:58Z</time>
      </trkpt>
      <trkpt lat="44.37043" lon="-73.89524">
        <ele>1278.83</ele>
        <time>2024-04-26T18:37:02Z</time>
      </trkpt>
      <trkpt lat="44.37043" lon="-73.89523">
        <ele>1278.61</ele>
        <time>2024-04-26T18:37:03Z</time>
      </trkpt>
      <trkpt lat="44.37043" lon="-73.89518">
        <ele>1277.53</ele>
        <time>2024-04-26T18:37:07Z</time>
      </trkpt>
      <trkpt lat="44.37045" lon="-73.89512">
        <ele>1276.45</ele>
        <time>2024-04-26T18:37:12Z</time>
      </trkpt>
      <trkpt lat="44.37045" lon="-73.89509">
        <ele>1275.83</ele>
        <time>2024-04-26T18:37:15Z</time>
      </trkpt>
      <trkpt lat="44.37045" lon="-73.89506">
        <ele>1275.46</ele>
        <time>2024-04-26T18:37:17Z</time>
      </trkpt>
      <trkpt lat="44.37046" lon="-73.89501">
        <ele>1275.05</ele>
        <time>2024-04-26T18:37:21Z</time>
      </trkpt>
      <trkpt lat="44.37046" lon="-73.895">
        <ele>1274.94</ele>
        <time>2024-04-26T18:37:22Z</time>
      </trkpt>
      <trkpt lat="44.37047" lon="-73.89495">
        <ele>1273.92</ele>
        <time>2024-04-26T18:37:26Z</time>
      </trkpt>
      <trkpt lat="44.37047" lon="-73.89492">
        <ele>1273.27</ele>
        <time>2024-04-26T18:37:29Z</time>
      </trkpt>
      <trkpt lat="44.37048" lon="-73.8949">
        <ele>1272.85</ele>
        <time>2024-04-26T18:37:30Z</time>
      </trkpt>
      <trkpt lat="44.37049" lon="-73.89484">
        <ele>1271.76</ele>
        <time>2024-04-26T18:37:34Z</time>
      </trkpt>
      <trkpt lat="44.3705" lon="-73.89478">
        <ele>1270.87</ele>
        <time>2024-04-26T18:37:38Z</time>
      </trkpt>
      <trkpt lat="44.37052" lon="-73.89476">
        <ele>1270.66</ele>
        <time>2024-04-26T18:37:40Z</time>
      </trkpt>
      <trkpt lat="44.37053" lon="-73.89469">
        <ele>1269.3</ele>
        <time>2024-04-26T18:37:45Z</time>
      </trkpt>
      <trkpt lat="44.37053" lon="-73.89467">
        <ele>1268.87</ele>
        <time>2024-04-26T18:37:46Z</time>
      </trkpt>
      <trkpt lat="44.37053" lon="-73.89457">
        <ele>1266.71</ele>
        <time>2024-04-26T18:37:51Z</time>
      </trkpt>
      <trkpt lat="44.37054" lon="-73.89452">
        <ele>1265.63</ele>
        <time>2024-04-26T18:37:54Z</time>
      </trkpt>
      <trkpt lat="44.37057" lon="-73.89448">
        <ele>1264.77</ele>
        <time>2024-04-26T18:37:59Z</time>
      </trkpt>
      <trkpt lat="44.37058" lon="-73.89447">
        <ele>1264.55</ele>
        <time>2024-04-26T18:38:01Z</time>
      </trkpt>
      <trkpt lat="44.37059" lon="-73.89444">
        <ele>1263.9</ele>
        <time>2024-04-26T18:38:04Z</time>
      </trkpt>
      <trkpt lat="44.3706" lon="-73.89442">
        <ele>1263.47</ele>
        <time>2024-04-26T18:38:06Z</time>
      </trkpt>
      <trkpt lat="44.3706" lon="-73.8944">
        <ele>1263.04</ele>
        <time>2024-04-26T18:38:09Z</time>
      </trkpt>
      <trkpt lat="44.37061" lon="-73.89437">
        <ele>1262.39</ele>
        <time>2024-04-26T18:38:14Z</time>
      </trkpt>
      <trkpt lat="44.37061" lon="-73.89434">
        <ele>1261.8</ele>
        <time>2024-04-26T18:38:18Z</time>
      </trkpt>
      <trkpt lat="44.37061" lon="-73.89433">
        <ele>1261.63</ele>
        <time>2024-04-26T18:38:20Z</time>
      </trkpt>
      <trkpt lat="44.37061" lon="-73.89428">
        <ele>1260.77</ele>
        <time>2024-04-26T18:38:25Z</time>
      </trkpt>
      <trkpt lat="44.37061" lon="-73.89426">
        <ele>1260.42</ele>
        <time>2024-04-26T18:38:26Z</time>
      </trkpt>
      <trkpt lat="44.3706" lon="-73.8942">
        <ele>1259.24</ele>
        <time>2024-04-26T18:38:31Z</time>
      </trkpt>
      <trkpt lat="44.3706" lon="-73.89417">
        <ele>1258.59</ele>
        <time>2024-04-26T18:38:34Z</time>
      </trkpt>
      <trkpt lat="44.3706" lon="-73.89415">
        <ele>1258.16</ele>
        <time>2024-04-26T18:38:36Z</time>
      </trkpt>
      <trkpt lat="44.37062" lon="-73.8941">
        <ele>1256.86</ele>
        <time>2024-04-26T18:38:41Z</time>
      </trkpt>
      <trkpt lat="44.37062" lon="-73.89408">
        <ele>1256.43</ele>
        <time>2024-04-26T18:38:43Z</time>
      </trkpt>
      <trkpt lat="44.37061" lon="-73.89405">
        <ele>1255.89</ele>
        <time>2024-04-26T18:38:45Z</time>
      </trkpt>
      <trkpt lat="44.37059" lon="-73.89399">
        <ele>1254.81</ele>
        <time>2024-04-26T18:38:49Z</time>
      </trkpt>
      <trkpt lat="44.37059" lon="-73.89398">
        <ele>1254.6</ele>
        <time>2024-04-26T18:38:50Z</time>
      </trkpt>
      <trkpt lat="44.37058" lon="-73.89392">
        <ele>1253.41</ele>
        <time>2024-04-26T18:38:56Z</time>
      </trkpt>
      <trkpt lat="44.37058" lon="-73.89391">
        <ele>1253.19</ele>
        <time>2024-04-26T18:38:57Z</time>
      </trkpt>
      <trkpt lat="44.37058" lon="-73.89386">
        <ele>1252.19</ele>
        <time>2024-04-26T18:39:02Z</time>
      </trkpt>
      <trkpt lat="44.37058" lon="-73.89382">
        <ele>1251.44</ele>
        <time>2024-04-26T18:39:07Z</time>
      </trkpt>
      <trkpt lat="44.37057" lon="-73.89381">
        <ele>1251.27</ele>
        <time>2024-04-26T18:39:08Z</time>
      </trkpt>
      <trkpt lat="44.37055" lon="-73.89375">
        <ele>1250.56</ele>
        <time>2024-04-26T18:39:12Z</time>
      </trkpt>
      <trkpt lat="44.37054" lon="-73.89371">
        <ele>1250.24</ele>
        <time>2024-04-26T18:39:16Z</time>
      </trkpt>
      <trkpt lat="44.37053" lon="-73.89368">
        <ele>1249.76</ele>
        <time>2024-04-26T18:39:19Z</time>
      </trkpt>
      <trkpt lat="44.37051" lon="-73.89363">
        <ele>1248.9</ele>
        <time>2024-04-26T18:39:24Z</time>
      </trkpt>
      <trkpt lat="44.37051" lon="-73.89355">
        <ele>1247.17</ele>
        <time>2024-04-26T18:39:30Z</time>
      </trkpt>
      <trkpt lat="44.3705" lon="-73.89352">
        <ele>1246.63</ele>
        <time>2024-04-26T18:39:32Z</time>
      </trkpt>
      <trkpt lat="44.3705" lon="-73.89349">
        <ele>1245.98</ele>
        <time>2024-04-26T18:39:35Z</time>
      </trkpt>
      <trkpt lat="44.37048" lon="-73.89345">
        <ele>1245.34</ele>
        <time>2024-04-26T18:39:40Z</time>
      </trkpt>
      <trkpt lat="44.37047" lon="-73.89343">
        <ele>1245.01</ele>
        <time>2024-04-26T18:39:43Z</time>
      </trkpt>
      <trkpt lat="44.37047" lon="-73.89342">
        <ele>1244.8</ele>
        <time>2024-04-26T18:39:45Z</time>
      </trkpt>
      <trkpt lat="44.37045" lon="-73.89338">
        <ele>1244.01</ele>
        <time>2024-04-26T18:39:50Z</time>
      </trkpt>
      <trkpt lat="44.37044" lon="-73.89337">
        <ele>1243.79</ele>
        <time>2024-04-26T18:39:51Z</time>
      </trkpt>
      <trkpt lat="44.37043" lon="-73.89335">
        <ele>1243.36</ele>
        <time>2024-04-26T18:39:56Z</time>
      </trkpt>
      <trkpt lat="44.37043" lon="-73.89334">
        <ele>1243.14</ele>
        <time>2024-04-26T18:40:00Z</time>
      </trkpt>
      <trkpt lat="44.37042" lon="-73.89332">
        <ele>1242.71</ele>
        <time>2024-04-26T18:40:02Z</time>
      </trkpt>
      <trkpt lat="44.3704" lon="-73.89325">
        <ele>1241.2</ele>
        <time>2024-04-26T18:40:07Z</time>
      </trkpt>
      <trkpt lat="44.3704" lon="-73.89324">
        <ele>1240.99</ele>
        <time>2024-04-26T18:40:08Z</time>
      </trkpt>
      <trkpt lat="44.37039" lon="-73.89318">
        <ele>1240.34</ele>
        <time>2024-04-26T18:40:12Z</time>
      </trkpt>
      <trkpt lat="44.37039" lon="-73.89316">
        <ele>1240.13</ele>
        <time>2024-04-26T18:40:14Z</time>
      </trkpt>
      <trkpt lat="44.37038" lon="-73.89314">
        <ele>1239.9</ele>
        <time>2024-04-26T18:40:17Z</time>
      </trkpt>
      <trkpt lat="44.37037" lon="-73.89312">
        <ele>1239.69</ele>
        <time>2024-04-26T18:40:18Z</time>
      </trkpt>
      <trkpt lat="44.37036" lon="-73.89306">
        <ele>1238.94</ele>
        <time>2024-04-26T18:40:22Z</time>
      </trkpt>
      <trkpt lat="44.37035" lon="-73.89303">
        <ele>1238.56</ele>
        <time>2024-04-26T18:40:24Z</time>
      </trkpt>
      <trkpt lat="44.37029" lon="-73.89293">
        <ele>1237.64</ele>
        <time>2024-04-26T18:40:31Z</time>
      </trkpt>
      <trkpt lat="44.37027" lon="-73.89289">
        <ele>1237.19</ele>
        <time>2024-04-26T18:40:33Z</time>
      </trkpt>
      <trkpt lat="44.37024" lon="-73.89284">
        <ele>1236.67</ele>
        <time>2024-04-26T18:40:37Z</time>
      </trkpt>
      <trkpt lat="44.37022" lon="-73.89276">
        <ele>1235.81</ele>
        <time>2024-04-26T18:40:42Z</time>
      </trkpt>
      <trkpt lat="44.37023" lon="-73.89271">
        <ele>1235.27</ele>
        <time>2024-04-26T18:40:45Z</time>
      </trkpt>
      <trkpt lat="44.37026" lon="-73.89264">
        <ele>1235.0</ele>
        <time>2024-04-26T18:40:49Z</time>
      </trkpt>
      <trkpt lat="44.3703" lon="-73.89259">
        <ele>1234.97</ele>
        <time>2024-04-26T18:40:54Z</time>
      </trkpt>
      <trkpt lat="44.37032" lon="-73.8926">
        <ele>1235.0</ele>
        <time>2024-04-26T18:40:56Z</time>
      </trkpt>
      <trkpt lat="44.37039" lon="-73.8926">
        <ele>1234.8</ele>
        <time>2024-04-26T18:41:02Z</time>
      </trkpt>
      <trkpt lat="44.3704" lon="-73.8926">
        <ele>1234.71</ele>
        <time>2024-04-26T18:41:03Z</time>
      </trkpt>
      <trkpt lat="44.37043" lon="-73.89257">
        <ele>1234.27</ele>
        <time>2024-04-26T18:41:08Z</time>
      </trkpt>
      <trkpt lat="44.37047" lon="-73.89253">
        <ele>1233.95</ele>
        <time>2024-04-26T18:41:12Z</time>
      </trkpt>
      <trkpt lat="44.3705" lon="-73.8925">
        <ele>1233.6</ele>
        <time>2024-04-26T18:41:14Z</time>
      </trkpt>
      <trkpt lat="44.37054" lon="-73.89245">
        <ele>1233.08</ele>
        <time>2024-04-26T18:41:19Z</time>
      </trkpt>
      <trkpt lat="44.37055" lon="-73.89244">
        <ele>1233.02</ele>
        <time>2024-04-26T18:41:20Z</time>
      </trkpt>
      <trkpt lat="44.3706" lon="-73.89238">
        <ele>1232.22</ele>
        <time>2024-04-26T18:41:25Z</time>
      </trkpt>
      <trkpt lat="44.37062" lon="-73.89233">
        <ele>1231.47</ele>
        <time>2024-04-26T18:41:28Z</time>
      </trkpt>
      <trkpt lat="44.37065" lon="-73.89227">
        <ele>1230.5</ele>
        <time>2024-04-26T18:41:33Z</time>
      </trkpt>
      <trkpt lat="44.37066" lon="-73.89226">
        <ele>1230.28</ele>
        <time>2024-04-26T18:41:34Z</time>
      </trkpt>
      <trkpt lat="44.37071" lon="-73.89223">
        <ele>1229.42</ele>
        <time>2024-04-26T18:41:39Z</time>
      </trkpt>
      <trkpt lat="44.37072" lon="-73.89223">
        <ele>1229.31</ele>
        <time>2024-04-26T18:41:41Z</time>
      </trkpt>
      <trkpt lat="44.37076" lon="-73.89221">
        <ele>1228.63</ele>
        <time>2024-04-26T18:41:44Z</time>
      </trkpt>
      <trkpt lat="44.3708" lon="-73.89219">
        <ele>1227.79</ele>
        <time>2024-04-26T18:41:48Z</time>
      </trkpt>
      <trkpt lat="44.37084" lon="-73.89213">
        <ele>1225.94</ele>
        <time>2024-04-26T18:41:54Z</time>
      </trkpt>
      <trkpt lat="44.37085" lon="-73.89212">
        <ele>1225.72</ele>
        <time>2024-04-26T18:41:55Z</time>
      </trkpt>
      <trkpt lat="44.3709" lon="-73.89203">
        <ele>1224.2</ele>
        <time>2024-04-26T18:42:02Z</time>
      </trkpt>
      <trkpt lat="44.37097" lon="-73.89198">
        <ele>1222.43</ele>
        <time>2024-04-26T18:42:09Z</time>
      </trkpt>
      <trkpt lat="44.37098" lon="-73.89198">
        <ele>1222.22</ele>
        <time>2024-04-26T18:42:10Z</time>
      </trkpt>
      <trkpt lat="44.37102" lon="-73.89194">
        <ele>1220.94</ele>
        <time>2024-04-26T18:42:16Z</time>
      </trkpt>
      <trkpt lat="44.37104" lon="-73.89192">
        <ele>1220.5</ele>
        <time>2024-04-26T18:42:19Z</time>
      </trkpt>
      <trkpt lat="44.37105" lon="-73.89189">
        <ele>1220.07</ele>
        <time>2024-04-26T18:42:23Z</time>
      </trkpt>
      <trkpt lat="44.37106" lon="-73.89188">
        <ele>1219.86</ele>
        <time>2024-04-26T18:42:25Z</time>
      </trkpt>
      <trkpt lat="44.37109" lon="-73.89186">
        <ele>1219.32</ele>
        <time>2024-04-26T18:42:28Z</time>
      </trkpt>
      <trkpt lat="44.3711" lon="-73.89183">
        <ele>1218.88</ele>
        <time>2024-04-26T18:42:31Z</time>
      </trkpt>
      <trkpt lat="44.37111" lon="-73.89182">
        <ele>1218.67</ele>
        <time>2024-04-26T18:42:32Z</time>
      </trkpt>
      <trkpt lat="44.37113" lon="-73.89179">
        <ele>1218.13</ele>
        <time>2024-04-26T18:42:38Z</time>
      </trkpt>
      <trkpt lat="44.37113" lon="-73.89178">
        <ele>1218.02</ele>
        <time>2024-04-26T18:42:45Z</time>
      </trkpt>
      <trkpt lat="44.37114" lon="-73.89178">
        <ele>1217.91</ele>
        <time>2024-04-26T18:42:55Z</time>
      </trkpt>
      <trkpt lat="44.37115" lon="-73.89177">
        <ele>1217.7</ele>
        <time>2024-04-26T18:43:00Z</time>
      </trkpt>
      <trkpt lat="44.37119" lon="-73.89172">
        <ele>1216.72</ele>
        <time>2024-04-26T18:43:07Z</time>
      </trkpt>
      <trkpt lat="44.3712" lon="-73.89169">
        <ele>1216.29</ele>
        <time>2024-04-26T18:43:09Z</time>
      </trkpt>
      <trkpt lat="44.37122" lon="-73.89164">
        <ele>1215.54</ele>
        <time>2024-04-26T18:43:14Z</time>
      </trkpt>
      <trkpt lat="44.37123" lon="-73.89162">
        <ele>1215.21</ele>
        <time>2024-04-26T18:43:16Z</time>
      </trkpt>
      <trkpt lat="44.37127" lon="-73.89157">
        <ele>1214.24</ele>
        <time>2024-04-26T18:43:21Z</time>
      </trkpt>
      <trkpt lat="44.37132" lon="-73.89153">
        <ele>1213.27</ele>
        <time>2024-04-26T18:43:27Z</time>
      </trkpt>
      <trkpt lat="44.37134" lon="-73.8915">
        <ele>1212.73</ele>
        <time>2024-04-26T18:43:30Z</time>
      </trkpt>
      <trkpt lat="44.37134" lon="-73.89149">
        <ele>1212.62</ele>
        <time>2024-04-26T18:43:31Z</time>
      </trkpt>
      <trkpt lat="44.3714" lon="-73.8914">
        <ele>1210.99</ele>
        <time>2024-04-26T18:43:37Z</time>
      </trkpt>
      <trkpt lat="44.37141" lon="-73.89139">
        <ele>1210.78</ele>
        <time>2024-04-26T18:43:38Z</time>
      </trkpt>
      <trkpt lat="44.37141" lon="-73.89138">
        <ele>1210.68</ele>
        <time>2024-04-26T18:43:39Z</time>
      </trkpt>
      <trkpt lat="44.37145" lon="-73.89136">
        <ele>1210.03</ele>
        <time>2024-04-26T18:43:45Z</time>
      </trkpt>
      <trkpt lat="44.37146" lon="-73.89135">
        <ele>1209.81</ele>
        <time>2024-04-26T18:43:46Z</time>
      </trkpt>
      <trkpt lat="44.37151" lon="-73.89129">
        <ele>1208.32</ele>
        <time>2024-04-26T18:43:51Z</time>
      </trkpt>
      <trkpt lat="44.37151" lon="-73.89128">
        <ele>1208.21</ele>
        <time>2024-04-26T18:43:52Z</time>
      </trkpt>
      <trkpt lat="44.37153" lon="-73.89128">
        <ele>1207.78</ele>
        <time>2024-04-26T18:43:57Z</time>
      </trkpt>
      <trkpt lat="44.37154" lon="-73.89127">
        <ele>1207.45</ele>
        <time>2024-04-26T18:43:58Z</time>
      </trkpt>
      <trkpt lat="44.37159" lon="-73.89126">
        <ele>1206.26</ele>
        <time>2024-04-26T18:44:05Z</time>
      </trkpt>
      <trkpt lat="44.37162" lon="-73.89126">
        <ele>1205.62</ele>
        <time>2024-04-26T18:44:10Z</time>
      </trkpt>
      <trkpt lat="44.37165" lon="-73.89126">
        <ele>1204.97</ele>
        <time>2024-04-26T18:44:12Z</time>
      </trkpt>
      <trkpt lat="44.37167" lon="-73.89127">
        <ele>1204.64</ele>
        <time>2024-04-26T18:44:13Z</time>
      </trkpt>
      <trkpt lat="44.37169" lon="-73.89127">
        <ele>1204.21</ele>
        <time>2024-04-26T18:44:15Z</time>
      </trkpt>
      <trkpt lat="44.37172" lon="-73.89126">
        <ele>1203.46</ele>
        <time>2024-04-26T18:44:19Z</time>
      </trkpt>
      <trkpt lat="44.37173" lon="-73.89124">
        <ele>1203.02</ele>
        <time>2024-04-26T18:44:21Z</time>
      </trkpt>
      <trkpt lat="44.37174" lon="-73.8912">
        <ele>1202.38</ele>
        <time>2024-04-26T18:44:23Z</time>
      </trkpt>
      <trkpt lat="44.37175" lon="-73.89116">
        <ele>1201.73</ele>
        <time>2024-04-26T18:44:26Z</time>
      </trkpt>
      <trkpt lat="44.37177" lon="-73.89113">
        <ele>1200.97</ele>
        <time>2024-04-26T18:44:29Z</time>
      </trkpt>
      <trkpt lat="44.37181" lon="-73.89109">
        <ele>1199.8</ele>
        <time>2024-04-26T18:44:34Z</time>
      </trkpt>
      <trkpt lat="44.37183" lon="-73.89105">
        <ele>1199.32</ele>
        <time>2024-04-26T18:44:37Z</time>
      </trkpt>
      <trkpt lat="44.37184" lon="-73.89104">
        <ele>1199.16</ele>
        <time>2024-04-26T18:44:38Z</time>
      </trkpt>
      <trkpt lat="44.37186" lon="-73.89098">
        <ele>1198.53</ele>
        <time>2024-04-26T18:44:43Z</time>
      </trkpt>
      <trkpt lat="44.37186" lon="-73.89096">
        <ele>1198.34</ele>
        <time>2024-04-26T18:44:44Z</time>
      </trkpt>
      <trkpt lat="44.37186" lon="-73.8909">
        <ele>1197.98</ele>
        <time>2024-04-26T18:44:49Z</time>
      </trkpt>
      <trkpt lat="44.37187" lon="-73.89087">
        <ele>1197.88</ele>
        <time>2024-04-26T18:44:51Z</time>
      </trkpt>
      <trkpt lat="44.37187" lon="-73.89076">
        <ele>1197.8</ele>
        <time>2024-04-26T18:44:57Z</time>
      </trkpt>
      <trkpt lat="44.37187" lon="-73.89071">
        <ele>1197.8</ele>
        <time>2024-04-26T18:45:00Z</time>
      </trkpt>
      <trkpt lat="44.37188" lon="-73.89066">
        <ele>1197.7</ele>
        <time>2024-04-26T18:45:03Z</time>
      </trkpt>
      <trkpt lat="44.3719" lon="-73.89058">
        <ele>1196.74</ele>
        <time>2024-04-26T18:45:08Z</time>
      </trkpt>
      <trkpt lat="44.37191" lon="-73.89055">
        <ele>1196.37</ele>
        <time>2024-04-26T18:45:10Z</time>
      </trkpt>
      <trkpt lat="44.37195" lon="-73.8905">
        <ele>1195.96</ele>
        <time>2024-04-26T18:45:15Z</time>
      </trkpt>
      <trkpt lat="44.37196" lon="-73.89049">
        <ele>1195.88</ele>
        <time>2024-04-26T18:45:16Z</time>
      </trkpt>
      <trkpt lat="44.37197" lon="-73.89049">
        <ele>1195.8</ele>
        <time>2024-04-26T18:45:17Z</time>
      </trkpt>
      <trkpt lat="44.37203" lon="-73.89043">
        <ele>1195.05</ele>
        <time>2024-04-26T18:45:22Z</time>
      </trkpt>
      <trkpt lat="44.37203" lon="-73.89042">
        <ele>1195.04</ele>
        <time>2024-04-26T18:45:23Z</time>
      </trkpt>
      <trkpt lat="44.37204" lon="-73.8904">
        <ele>1194.98</ele>
        <time>2024-04-26T18:45:24Z</time>
      </trkpt>
      <trkpt lat="44.37212" lon="-73.89031">
        <ele>1194.04</ele>
        <time>2024-04-26T18:45:31Z</time>
      </trkpt>
      <trkpt lat="44.37219" lon="-73.89031">
        <ele>1193.57</ele>
        <time>2024-04-26T18:45:38Z</time>
      </trkpt>
      <trkpt lat="44.37221" lon="-73.89031">
        <ele>1193.43</ele>
        <time>2024-04-26T18:45:40Z</time>
      </trkpt>
      <trkpt lat="44.37226" lon="-73.89033">
        <ele>1193.33</ele>
        <time>2024-04-26T18:45:44Z</time>
      </trkpt>
      <trkpt lat="44.37228" lon="-73.89032">
        <ele>1193.17</ele>
        <time>2024-04-26T18:45:46Z</time>
      </trkpt>
      <trkpt lat="44.37228" lon="-73.89032">
        <ele>1193.17</ele>
        <time>2024-04-26T18:45:47Z</time>
      </trkpt>
      <trkpt lat="44.37231" lon="-73.89029">
        <ele>1193.01</ele>
        <time>2024-04-26T18:45:50Z</time>
      </trkpt>
      <trkpt lat="44.37237" lon="-73.89022">
        <ele>1192.15</ele>
        <time>2024-04-26T18:45:56Z</time>
      </trkpt>
      <trkpt lat="44.37238" lon="-73.89022">
        <ele>1192.11</ele>
        <time>2024-04-26T18:45:57Z</time>
      </trkpt>
      <trkpt lat="44.37244" lon="-73.89017">
        <ele>1191.54</ele>
        <time>2024-04-26T18:46:03Z</time>
      </trkpt>
      <trkpt lat="44.37244" lon="-73.89016">
        <ele>1191.47</ele>
        <time>2024-04-26T18:46:04Z</time>
      </trkpt>
      <trkpt lat="44.37246" lon="-73.89014">
        <ele>1191.22</ele>
        <time>2024-04-26T18:46:10Z</time>
      </trkpt>
      <trkpt lat="44.37248" lon="-73.89013">
        <ele>1191.09</ele>
        <time>2024-04-26T18:46:13Z</time>
      </trkpt>
      <trkpt lat="44.37249" lon="-73.89011">
        <ele>1191.02</ele>
        <time>2024-04-26T18:46:17Z</time>
      </trkpt>
      <trkpt lat="44.37253" lon="-73.89016">
        <ele>1190.91</ele>
        <time>2024-04-26T18:46:25Z</time>
      </trkpt>
      <trkpt lat="44.37259" lon="-73.89019">
        <ele>1191.0</ele>
        <time>2024-04-26T18:46:31Z</time>
      </trkpt>
      <trkpt lat="44.37268" lon="-73.89019">
        <ele>1190.11</ele>
        <time>2024-04-26T18:46:39Z</time>
      </trkpt>
      <trkpt lat="44.37274" lon="-73.89018">
        <ele>1189.94</ele>
        <time>2024-04-26T18:46:46Z</time>
      </trkpt>
      <trkpt lat="44.37275" lon="-73.89018">
        <ele>1189.94</ele>
        <time>2024-04-26T18:46:47Z</time>
      </trkpt>
      <trkpt lat="44.37283" lon="-73.89013">
        <ele>1189.4</ele>
        <time>2024-04-26T18:46:54Z</time>
      </trkpt>
      <trkpt lat="44.3729" lon="-73.89011">
        <ele>1189.19</ele>
        <time>2024-04-26T18:46:59Z</time>
      </trkpt>
      <trkpt lat="44.37291" lon="-73.8901">
        <ele>1189.08</ele>
        <time>2024-04-26T18:47:00Z</time>
      </trkpt>
      <trkpt lat="44.37298" lon="-73.89008">
        <ele>1189.0</ele>
        <time>2024-04-26T18:47:06Z</time>
      </trkpt>
      <trkpt lat="44.37302" lon="-73.89007">
        <ele>1189.0</ele>
        <time>2024-04-26T18:47:09Z</time>
      </trkpt>
      <trkpt lat="44.37306" lon="-73.89007">
        <ele>1189.04</ele>
        <time>2024-04-26T18:47:12Z</time>
      </trkpt>
      <trkpt lat="44.37316" lon="-73.8901">
        <ele>1190.01</ele>
        <time>2024-04-26T18:47:20Z</time>
      </trkpt>
      <trkpt lat="44.37324" lon="-73.89011">
        <ele>1190.19</ele>
        <time>2024-04-26T18:47:28Z</time>
      </trkpt>
      <trkpt lat="44.37331" lon="-73.8901">
        <ele>1190.08</ele>
        <time>2024-04-26T18:47:33Z</time>
      </trkpt>
      <trkpt lat="44.37336" lon="-73.89013">
        <ele>1190.4</ele>
        <time>2024-04-26T18:47:39Z</time>
      </trkpt>
      <trkpt lat="44.37341" lon="-73.89015">
        <ele>1190.62</ele>
        <time>2024-04-26T18:47:45Z</time>
      </trkpt>
      <trkpt lat="44.37343" lon="-73.89016">
        <ele>1190.74</ele>
        <time>2024-04-26T18:47:47Z</time>
      </trkpt>
      <trkpt lat="44.37347" lon="-73.89017">
        <ele>1190.91</ele>
        <time>2024-04-26T18:47:50Z</time>
      </trkpt>
      <trkpt lat="44.37349" lon="-73.89017">
        <ele>1190.95</ele>
        <time>2024-04-26T18:47:52Z</time>
      </trkpt>
      <trkpt lat="44.37353" lon="-73.89018">
        <ele>1191.0</ele>
        <time>2024-04-26T18:47:56Z</time>
      </trkpt>
      <trkpt lat="44.37356" lon="-73.89018">
        <ele>1191.0</ele>
        <time>2024-04-26T18:48:00Z</time>
      </trkpt>
      <trkpt lat="44.37362" lon="-73.89016">
        <ele>1191.0</ele>
        <time>2024-04-26T18:48:07Z</time>
      </trkpt>
      <trkpt lat="44.37364" lon="-73.89017">
        <ele>1191.0</ele>
        <time>2024-04-26T18:48:08Z</time>
      </trkpt>
      <trkpt lat="44.37365" lon="-73.89017">
        <ele>1191.0</ele>
        <time>2024-04-26T18:48:09Z</time>
      </trkpt>
      <trkpt lat="44.37374" lon="-73.89016">
        <ele>1190.89</ele>
        <time>2024-04-26T18:48:17Z</time>
      </trkpt>
      <trkpt lat="44.37381" lon="-73.89018">
        <ele>1190.8</ele>
        <time>2024-04-26T18:48:24Z</time>
      </trkpt>
      <trkpt lat="44.37388" lon="-73.89021">
        <ele>1190.34</ele>
        <time>2024-04-26T18:48:31Z</time>
      </trkpt>
      <trkpt lat="44.37394" lon="-73.89024">
        <ele>1190.59</ele>
        <time>2024-04-26T18:48:35Z</time>
      </trkpt>
      <trkpt lat="44.37397" lon="-73.89026">
        <ele>1190.81</ele>
        <time>2024-04-26T18:48:38Z</time>
      </trkpt>
      <trkpt lat="44.37402" lon="-73.89028">
        <ele>1190.59</ele>
        <time>2024-04-26T18:48:42Z</time>
      </trkpt>
      <trkpt lat="44.37406" lon="-73.89028">
        <ele>1190.17</ele>
        <time>2024-04-26T18:48:45Z</time>
      </trkpt>
      <trkpt lat="44.37414" lon="-73.89027">
        <ele>1190.0</ele>
        <time>2024-04-26T18:48:51Z</time>
      </trkpt>
      <trkpt lat="44.37421" lon="-73.89024">
        <ele>1190.0</ele>
        <time>2024-04-26T18:48:58Z</time>
      </trkpt>
      <trkpt lat="44.37426" lon="-73.89016">
        <ele>1189.73</ele>
        <time>2024-04-26T18:49:03Z</time>
      </trkpt>
      <trkpt lat="44.37432" lon="-73.89006">
        <ele>1189.43</ele>
        <time>2024-04-26T18:49:11Z</time>
      </trkpt>
      <trkpt lat="44.37438" lon="-73.89002">
        <ele>1189.22</ele>
        <time>2024-04-26T18:49:18Z</time>
      </trkpt>
      <trkpt lat="44.37446" lon="-73.88999">
        <ele>1189.15</ele>
        <time>2024-04-26T18:49:25Z</time>
      </trkpt>
      <trkpt lat="44.37454" lon="-73.88994">
        <ele>1189.35</ele>
        <time>2024-04-26T18:49:33Z</time>
      </trkpt>
      <trkpt lat="44.37462" lon="-73.88991">
        <ele>1189.03</ele>
        <time>2024-04-26T18:49:39Z</time>
      </trkpt>
      <trkpt lat="44.37469" lon="-73.88987">
        <ele>1189.0</ele>
        <time>2024-04-26T18:49:45Z</time>
      </trkpt>
      <trkpt lat="44.37475" lon="-73.88978">
        <ele>1188.62</ele>
        <time>2024-04-26T18:49:51Z</time>
      </trkpt>
      <trkpt lat="44.37478" lon="-73.8897">
        <ele>1188.0</ele>
        <time>2024-04-26T18:49:56Z</time>
      </trkpt>
      <trkpt lat="44.37479" lon="-73.88969">
        <ele>1188.0</ele>
        <time>2024-04-26T18:49:57Z</time>
      </trkpt>
      <trkpt lat="44.37483" lon="-73.88961">
        <ele>1187.79</ele>
        <time>2024-04-26T18:50:02Z</time>
      </trkpt>
      <trkpt lat="44.37484" lon="-73.8896">
        <ele>1187.68</ele>
        <time>2024-04-26T18:50:04Z</time>
      </trkpt>
      <trkpt lat="44.3749" lon="-73.88956">
        <ele>1187.25</ele>
        <time>2024-04-26T18:50:10Z</time>
      </trkpt>
      <trkpt lat="44.37493" lon="-73.88955">
        <ele>1187.35</ele>
        <time>2024-04-26T18:50:14Z</time>
      </trkpt>
      <trkpt lat="44.37498" lon="-73.88953">
        <ele>1187.78</ele>
        <time>2024-04-26T18:50:19Z</time>
      </trkpt>
      <trkpt lat="44.37499" lon="-73.88953">
        <ele>1187.89</ele>
        <time>2024-04-26T18:50:20Z</time>
      </trkpt>
      <trkpt lat="44.37502" lon="-73.88949">
        <ele>1188.0</ele>
        <time>2024-04-26T18:50:26Z</time>
      </trkpt>
      <trkpt lat="44.37503" lon="-73.88947">
        <ele>1188.0</ele>
        <time>2024-04-26T18:50:33Z</time>
      </trkpt>
      <trkpt lat="44.37507" lon="-73.88947">
        <ele>1188.0</ele>
        <time>2024-04-26T18:50:40Z</time>
      </trkpt>
      <trkpt lat="44.3751" lon="-73.88949">
        <ele>1188.08</ele>
        <time>2024-04-26T18:50:47Z</time>
      </trkpt>
      <trkpt lat="44.37516" lon="-73.88953">
        <ele>1188.73</ele>
        <time>2024-04-26T18:50:54Z</time>
      </trkpt>
      <trkpt lat="44.37518" lon="-73.88952">
        <ele>1188.94</ele>
        <time>2024-04-26T18:50:58Z</time>
      </trkpt>
      <trkpt lat="44.37519" lon="-73.88952">
        <ele>1189.05</ele>
        <time>2024-04-26T18:50:59Z</time>
      </trkpt>
      <trkpt lat="44.37524" lon="-73.88949">
        <ele>1189.59</ele>
        <time>2024-04-26T18:51:04Z</time>
      </trkpt>
      <trkpt lat="44.37527" lon="-73.88943">
        <ele>1189.92</ele>
        <time>2024-04-26T18:51:09Z</time>
      </trkpt>
      <trkpt lat="44.37528" lon="-73.88942">
        <ele>1190.02</ele>
        <time>2024-04-26T18:51:10Z</time>
      </trkpt>
      <trkpt lat="44.37531" lon="-73.88935">
        <ele>1190.35</ele>
        <time>2024-04-26T18:51:15Z</time>
      </trkpt>
      <trkpt lat="44.37533" lon="-73.8893">
        <ele>1190.56</ele>
        <time>2024-04-26T18:51:18Z</time>
      </trkpt>
      <trkpt lat="44.37535" lon="-73.8892">
        <ele>1190.78</ele>
        <time>2024-04-26T18:51:24Z</time>
      </trkpt>
      <trkpt lat="44.37535" lon="-73.88919">
        <ele>1190.78</ele>
        <time>2024-04-26T18:51:25Z</time>
      </trkpt>
      <trkpt lat="44.37537" lon="-73.88911">
        <ele>1191.0</ele>
        <time>2024-04-26T18:51:32Z</time>
      </trkpt>
      <trkpt lat="44.37539" lon="-73.88908">
        <ele>1191.21</ele>
        <time>2024-04-26T18:51:36Z</time>
      </trkpt>
      <trkpt lat="44.37539" lon="-73.88907">
        <ele>1191.21</ele>
        <time>2024-04-26T18:51:37Z</time>
      </trkpt>
      <trkpt lat="44.37539" lon="-73.88907">
        <ele>1191.21</ele>
        <time>2024-04-26T18:51:42Z</time>
      </trkpt>
      <trkpt lat="44.3754" lon="-73.88906">
        <ele>1191.32</ele>
        <time>2024-04-26T18:51:50Z</time>
      </trkpt>
      <trkpt lat="44.3754" lon="-73.88897">
        <ele>1191.32</ele>
        <time>2024-04-26T18:51:57Z</time>
      </trkpt>
      <trkpt lat="44.37541" lon="-73.8889">
        <ele>1191.43</ele>
        <time>2024-04-26T18:52:02Z</time>
      </trkpt>
      <trkpt lat="44.37541" lon="-73.88885">
        <ele>1191.19</ele>
        <time>2024-04-26T18:52:05Z</time>
      </trkpt>
      <trkpt lat="44.37544" lon="-73.88878">
        <ele>1191.37</ele>
        <time>2024-04-26T18:52:10Z</time>
      </trkpt>
      <trkpt lat="44.37545" lon="-73.88876">
        <ele>1191.38</ele>
        <time>2024-04-26T18:52:11Z</time>
      </trkpt>
      <trkpt lat="44.37551" lon="-73.88866">
        <ele>1191.78</ele>
        <time>2024-04-26T18:52:19Z</time>
      </trkpt>
      <trkpt lat="44.37551" lon="-73.88865">
        <ele>1191.72</ele>
        <time>2024-04-26T18:52:20Z</time>
      </trkpt>
      <trkpt lat="44.37554" lon="-73.88856">
        <ele>1191.74</ele>
        <time>2024-04-26T18:52:27Z</time>
      </trkpt>
      <trkpt lat="44.37554" lon="-73.88855">
        <ele>1191.72</ele>
        <time>2024-04-26T18:52:28Z</time>
      </trkpt>
      <trkpt lat="44.37554" lon="-73.88846">
        <ele>1191.14</ele>
        <time>2024-04-26T18:52:34Z</time>
      </trkpt>
      <trkpt lat="44.37553" lon="-73.88837">
        <ele>1190.72</ele>
        <time>2024-04-26T18:52:41Z</time>
      </trkpt>
      <trkpt lat="44.37557" lon="-73.88824">
        <ele>1191.15</ele>
        <time>2024-04-26T18:52:51Z</time>
      </trkpt>
      <trkpt lat="44.37564" lon="-73.88821">
        <ele>1191.88</ele>
        <time>2024-04-26T18:52:58Z</time>
      </trkpt>
      <trkpt lat="44.3757" lon="-73.88807">
        <ele>1192.19</ele>
        <time>2024-04-26T18:53:06Z</time>
      </trkpt>
      <trkpt lat="44.37573" lon="-73.88794">
        <ele>1191.77</ele>
        <time>2024-04-26T18:53:14Z</time>
      </trkpt>
      <trkpt lat="44.37577" lon="-73.88783">
        <ele>1192.02</ele>
        <time>2024-04-26T18:53:21Z</time>
      </trkpt>
      <trkpt lat="44.37578" lon="-73.8877">
        <ele>1191.01</ele>
        <time>2024-04-26T18:53:28Z</time>
      </trkpt>
      <trkpt lat="44.37577" lon="-73.88757">
        <ele>1190.39</ele>
        <time>2024-04-26T18:53:36Z</time>
      </trkpt>
      <trkpt lat="44.37579" lon="-73.88747">
        <ele>1189.74</ele>
        <time>2024-04-26T18:53:44Z</time>
      </trkpt>
      <trkpt lat="44.37583" lon="-73.88742">
        <ele>1190.06</ele>
        <time>2024-04-26T18:53:51Z</time>
      </trkpt>
      <trkpt lat="44.37587" lon="-73.88735">
        <ele>1190.17</ele>
        <time>2024-04-26T18:53:57Z</time>
      </trkpt>
      <trkpt lat="44.37588" lon="-73.88732">
        <ele>1190.06</ele>
        <time>2024-04-26T18:53:59Z</time>
      </trkpt>
      <trkpt lat="44.37591" lon="-73.88722">
        <ele>1189.8</ele>
        <time>2024-04-26T18:54:06Z</time>
      </trkpt>
      <trkpt lat="44.37598" lon="-73.88712">
        <ele>1190.69</ele>
        <time>2024-04-26T18:54:15Z</time>
      </trkpt>
      <trkpt lat="44.37603" lon="-73.88704">
        <ele>1191.4</ele>
        <time>2024-04-26T18:54:22Z</time>
      </trkpt>
      <trkpt lat="44.37605" lon="-73.88698">
        <ele>1191.4</ele>
        <time>2024-04-26T18:54:27Z</time>
      </trkpt>
      <trkpt lat="44.37608" lon="-73.88695">
        <ele>1192.05</ele>
        <time>2024-04-26T18:54:30Z</time>
      </trkpt>
      <trkpt lat="44.37613" lon="-73.88688">
        <ele>1192.92</ele>
        <time>2024-04-26T18:54:37Z</time>
      </trkpt>
      <trkpt lat="44.37616" lon="-73.88685">
        <ele>1193.56</ele>
        <time>2024-04-26T18:54:40Z</time>
      </trkpt>
      <trkpt lat="44.37621" lon="-73.8868">
        <ele>1194.64</ele>
        <time>2024-04-26T18:54:45Z</time>
      </trkpt>
      <trkpt lat="44.37623" lon="-73.8867">
        <ele>1194.21</ele>
        <time>2024-04-26T18:54:53Z</time>
      </trkpt>
      <trkpt lat="44.37624" lon="-73.88663">
        <ele>1194.02</ele>
        <time>2024-04-26T18:54:57Z</time>
      </trkpt>
      <trkpt lat="44.37626" lon="-73.88654">
        <ele>1194.07</ele>
        <time>2024-04-26T18:55:03Z</time>
      </trkpt>
      <trkpt lat="44.37627" lon="-73.88641">
        <ele>1193.6</ele>
        <time>2024-04-26T18:55:10Z</time>
      </trkpt>
      <trkpt lat="44.37629" lon="-73.88635">
        <ele>1193.44</ele>
        <time>2024-04-26T18:55:13Z</time>
      </trkpt>
      <trkpt lat="44.37633" lon="-73.8862">
        <ele>1193.69</ele>
        <time>2024-04-26T18:55:22Z</time>
      </trkpt>
      <trkpt lat="44.37634" lon="-73.88609">
        <ele>1192.82</ele>
        <time>2024-04-26T18:55:28Z</time>
      </trkpt>
      <trkpt lat="44.37635" lon="-73.88605">
        <ele>1192.88</ele>
        <time>2024-04-26T18:55:31Z</time>
      </trkpt>
      <trkpt lat="44.37641" lon="-73.88595">
        <ele>1193.88</ele>
        <time>2024-04-26T18:55:38Z</time>
      </trkpt>
      <trkpt lat="44.37646" lon="-73.88582">
        <ele>1194.19</ele>
        <time>2024-04-26T18:55:47Z</time>
      </trkpt>
      <trkpt lat="44.37648" lon="-73.88564">
        <ele>1192.97</ele>
        <time>2024-04-26T18:55:57Z</time>
      </trkpt>
      <trkpt lat="44.37649" lon="-73.88557">
        <ele>1193.2</ele>
        <time>2024-04-26T18:56:02Z</time>
      </trkpt>
      <trkpt lat="44.3765" lon="-73.88553">
        <ele>1193.12</ele>
        <time>2024-04-26T18:56:05Z</time>
      </trkpt>
      <trkpt lat="44.37654" lon="-73.88544">
        <ele>1193.02</ele>
        <time>2024-04-26T18:56:12Z</time>
      </trkpt>
      <trkpt lat="44.3766" lon="-73.88536">
        <ele>1193.81</ele>
        <time>2024-04-26T18:56:19Z</time>
      </trkpt>
      <trkpt lat="44.37668" lon="-73.88523">
        <ele>1194.92</ele>
        <time>2024-04-26T18:56:29Z</time>
      </trkpt>
      <trkpt lat="44.37669" lon="-73.8851">
        <ele>1193.84</ele>
        <time>2024-04-26T18:56:39Z</time>
      </trkpt>
      <trkpt lat="44.37671" lon="-73.88501">
        <ele>1193.51</ele>
        <time>2024-04-26T18:56:46Z</time>
      </trkpt>
      <trkpt lat="44.37673" lon="-73.88489">
        <ele>1192.86</ele>
        <time>2024-04-26T18:56:52Z</time>
      </trkpt>
      <trkpt lat="44.37673" lon="-73.88478">
        <ele>1191.56</ele>
        <time>2024-04-26T18:56:59Z</time>
      </trkpt>
      <trkpt lat="44.37673" lon="-73.88475">
        <ele>1191.13</ele>
        <time>2024-04-26T18:57:00Z</time>
      </trkpt>
      <trkpt lat="44.37674" lon="-73.88464">
        <ele>1189.58</ele>
        <time>2024-04-26T18:57:07Z</time>
      </trkpt>
      <trkpt lat="44.37678" lon="-73.88455">
        <ele>1189.84</ele>
        <time>2024-04-26T18:57:15Z</time>
      </trkpt>
      <trkpt lat="44.37682" lon="-73.88452">
        <ele>1190.72</ele>
        <time>2024-04-26T18:57:21Z</time>
      </trkpt>
      <trkpt lat="44.37683" lon="-73.88451">
        <ele>1190.93</ele>
        <time>2024-04-26T18:57:23Z</time>
      </trkpt>
      <trkpt lat="44.37689" lon="-73.88446">
        <ele>1192.47</ele>
        <time>2024-04-26T18:57:29Z</time>
      </trkpt>
      <trkpt lat="44.37689" lon="-73.88445">
        <ele>1192.32</ele>
        <time>2024-04-26T18:57:30Z</time>
      </trkpt>
      <trkpt lat="44.37692" lon="-73.88443">
        <ele>1193.01</ele>
        <time>2024-04-26T18:57:33Z</time>
      </trkpt>
      <trkpt lat="44.37695" lon="-73.88441">
        <ele>1193.87</ele>
        <time>2024-04-26T18:57:37Z</time>
      </trkpt>
      <trkpt lat="44.37696" lon="-73.88441">
        <ele>1194.3</ele>
        <time>2024-04-26T18:57:38Z</time>
      </trkpt>
      <trkpt lat="44.377" lon="-73.88435">
        <ele>1195.36</ele>
        <time>2024-04-26T18:57:44Z</time>
      </trkpt>
      <trkpt lat="44.37702" lon="-73.88433">
        <ele>1195.79</ele>
        <time>2024-04-26T18:57:46Z</time>
      </trkpt>
      <trkpt lat="44.37702" lon="-73.88433">
        <ele>1195.79</ele>
        <time>2024-04-26T18:57:47Z</time>
      </trkpt>
      <trkpt lat="44.37705" lon="-73.8843">
        <ele>1196.38</ele>
        <time>2024-04-26T18:57:50Z</time>
      </trkpt>
      <trkpt lat="44.37709" lon="-73.88428">
        <ele>1197.61</ele>
        <time>2024-04-26T18:57:55Z</time>
      </trkpt>
      <trkpt lat="44.37715" lon="-73.88425">
        <ele>1199.26</ele>
        <time>2024-04-26T18:58:03Z</time>
      </trkpt>
      <trkpt lat="44.37717" lon="-73.88423">
        <ele>1199.38</ele>
        <time>2024-04-26T18:58:06Z</time>
      </trkpt>
      <trkpt lat="44.3772" lon="-73.88419">
        <ele>1199.59</ele>
        <time>2024-04-26T18:58:10Z</time>
      </trkpt>
      <trkpt lat="44.37723" lon="-73.88416">
        <ele>1200.1</ele>
        <time>2024-04-26T18:58:14Z</time>
      </trkpt>
      <trkpt lat="44.37727" lon="-73.8841">
        <ele>1200.31</ele>
        <time>2024-04-26T18:58:20Z</time>
      </trkpt>
      <trkpt lat="44.3773" lon="-73.88403">
        <ele>1200.13</ele>
        <time>2024-04-26T18:58:26Z</time>
      </trkpt>
      <trkpt lat="44.37736" lon="-73.88394">
        <ele>1200.53</ele>
        <time>2024-04-26T18:58:34Z</time>
      </trkpt>
      <trkpt lat="44.37742" lon="-73.88384">
        <ele>1200.81</ele>
        <time>2024-04-26T18:58:42Z</time>
      </trkpt>
      <trkpt lat="44.37749" lon="-73.88377">
        <ele>1201.5</ele>
        <time>2024-04-26T18:58:50Z</time>
      </trkpt>
      <trkpt lat="44.37756" lon="-73.88369">
        <ele>1202.0</ele>
        <time>2024-04-26T18:58:58Z</time>
      </trkpt>
      <trkpt lat="44.37762" lon="-73.88361">
        <ele>1201.57</ele>
        <time>2024-04-26T18:59:07Z</time>
      </trkpt>
      <trkpt lat="44.37768" lon="-73.88353">
        <ele>1201.14</ele>
        <time>2024-04-26T18:59:15Z</time>
      </trkpt>
      <trkpt lat="44.37768" lon="-73.88353">
        <ele>1201.14</ele>
        <time>2024-04-26T18:59:16Z</time>
      </trkpt>
      <trkpt lat="44.37771" lon="-73.8835">
        <ele>1200.87</ele>
        <time>2024-04-26T18:59:19Z</time>
      </trkpt>
      <trkpt lat="44.37772" lon="-73.88348">
        <ele>1200.54</ele>
        <time>2024-04-26T18:59:23Z</time>
      </trkpt>
      <trkpt lat="44.37772" lon="-73.88347">
        <ele>1200.33</ele>
        <time>2024-04-26T18:59:25Z</time>
      </trkpt>
      <trkpt lat="44.37771" lon="-73.8835">
        <ele>1200.87</ele>
        <time>2024-04-26T19:06:18Z</time>
      </trkpt>
      <trkpt lat="44.37771" lon="-73.88349">
        <ele>1200.65</ele>
        <time>2024-04-26T19:06:19Z</time>
      </trkpt>
      <trkpt lat="44.37772" lon="-73.88349">
        <ele>1200.76</ele>
        <time>2024-04-26T19:06:22Z</time>
      </trkpt>
      <trkpt lat="44.37772" lon="-73.88349">
        <ele>1200.76</ele>
        <time>2024-04-26T19:06:25Z</time>
      </trkpt>
      <trkpt lat="44.37774" lon="-73.8835">
        <ele>1201.19</ele>
        <time>2024-04-26T19:07:10Z</time>
      </trkpt>
      <trkpt lat="44.37773" lon="-73.88349">
        <ele>1200.87</ele>
        <time>2024-04-26T19:07:12Z</time>
      </trkpt>
      <trkpt lat="44.37773" lon="-73.8835">
        <ele>1201.08</ele>
        <time>2024-04-26T19:07:13Z</time>
      </trkpt>
      <trkpt lat="44.37775" lon="-73.88352">
        <ele>1201.74</ele>
        <time>2024-04-26T19:07:18Z</time>
      </trkpt>
      <trkpt lat="44.37775" lon="-73.88352">
        <ele>1201.74</ele>
        <time>2024-04-26T19:07:19Z</time>
      </trkpt>
      <trkpt lat="44.37776" lon="-73.88352">
        <ele>1201.85</ele>
        <time>2024-04-26T19:07:21Z</time>
      </trkpt>
      <trkpt lat="44.37777" lon="-73.88353">
        <ele>1202.28</ele>
        <time>2024-04-26T19:07:27Z</time>
      </trkpt>
      <trkpt lat="44.37777" lon="-73.88353">
        <ele>1202.28</ele>
        <time>2024-04-26T19:07:30Z</time>
      </trkpt>
      <trkpt lat="44.37778" lon="-73.88355">
        <ele>1203.04</ele>
        <time>2024-04-26T19:07:33Z</time>
      </trkpt>
      <trkpt lat="44.3778" lon="-73.88356">
        <ele>1203.58</ele>
        <time>2024-04-26T19:07:35Z</time>
      </trkpt>
      <trkpt lat="44.3778" lon="-73.88356">
        <ele>1203.58</ele>
        <time>2024-04-26T19:07:37Z</time>
      </trkpt>
      <trkpt lat="44.37781" lon="-73.88356">
        <ele>1203.69</ele>
        <time>2024-04-26T19:07:38Z</time>
      </trkpt>
      <trkpt lat="44.37782" lon="-73.88357">
        <ele>1204.12</ele>
        <time>2024-04-26T19:07:41Z</time>
      </trkpt>
      <trkpt lat="44.37785" lon="-73.88358">
        <ele>1204.77</ele>
        <time>2024-04-26T19:07:46Z</time>
      </trkpt>
      <trkpt lat="44.37787" lon="-73.88357">
        <ele>1204.66</ele>
        <time>2024-04-26T19:07:49Z</time>
      </trkpt>
      <trkpt lat="44.37788" lon="-73.88358">
        <ele>1204.99</ele>
        <time>2024-04-26T19:07:52Z</time>
      </trkpt>
      <trkpt lat="44.3779" lon="-73.8836">
        <ele>1205.64</ele>
        <time>2024-04-26T19:07:57Z</time>
      </trkpt>
      <trkpt lat="44.37793" lon="-73.8836">
        <ele>1205.64</ele>
        <time>2024-04-26T19:08:01Z</time>
      </trkpt>
      <trkpt lat="44.37793" lon="-73.8836">
        <ele>1205.64</ele>
        <time>2024-04-26T19:08:05Z</time>
      </trkpt>
      <trkpt lat="44.37794" lon="-73.88362">
        <ele>1206.36</ele>
        <time>2024-04-26T19:08:08Z</time>
      </trkpt>
      <trkpt lat="44.37796" lon="-73.88362">
        <ele>1206.38</ele>
        <time>2024-04-26T19:08:11Z</time>
      </trkpt>
      <trkpt lat="44.37798" lon="-73.88364">
        <ele>1207.19</ele>
        <time>2024-04-26T19:08:16Z</time>
      </trkpt>
      <trkpt lat="44.37798" lon="-73.88365">
        <ele>1207.6</ele>
        <time>2024-04-26T19:08:19Z</time>
      </trkpt>
      <trkpt lat="44.378" lon="-73.88367">
        <ele>1208.29</ele>
        <time>2024-04-26T19:08:25Z</time>
      </trkpt>
      <trkpt lat="44.378" lon="-73.88367">
        <ele>1208.29</ele>
        <time>2024-04-26T19:08:26Z</time>
      </trkpt>
      <trkpt lat="44.37801" lon="-73.88368">
        <ele>1208.6</ele>
        <time>2024-04-26T19:08:27Z</time>
      </trkpt>
      <trkpt lat="44.37803" lon="-73.8837">
        <ele>1209.14</ele>
        <time>2024-04-26T19:08:33Z</time>
      </trkpt>
      <trkpt lat="44.37804" lon="-73.88371">
        <ele>1209.3</ele>
        <time>2024-04-26T19:08:37Z</time>
      </trkpt>
      <trkpt lat="44.37804" lon="-73.88372">
        <ele>1209.52</ele>
        <time>2024-04-26T19:08:40Z</time>
      </trkpt>
      <trkpt lat="44.37803" lon="-73.88374">
        <ele>1210.06</ele>
        <time>2024-04-26T19:08:45Z</time>
      </trkpt>
      <trkpt lat="44.37803" lon="-73.88376">
        <ele>1210.49</ele>
        <time>2024-04-26T19:08:49Z</time>
      </trkpt>
      <trkpt lat="44.37804" lon="-73.88378">
        <ele>1210.82</ele>
        <time>2024-04-26T19:08:55Z</time>
      </trkpt>
      <trkpt lat="44.37806" lon="-73.88382">
        <ele>1211.37</ele>
        <time>2024-04-26T19:09:02Z</time>
      </trkpt>
      <trkpt lat="44.37806" lon="-73.88383">
        <ele>1211.58</ele>
        <time>2024-04-26T19:09:04Z</time>
      </trkpt>
      <trkpt lat="44.37805" lon="-73.88383">
        <ele>1211.77</ele>
        <time>2024-04-26T19:09:08Z</time>
      </trkpt>
      <trkpt lat="44.37805" lon="-73.88383">
        <ele>1211.77</ele>
        <time>2024-04-26T19:09:15Z</time>
      </trkpt>
      <trkpt lat="44.37805" lon="-73.88383">
        <ele>1211.77</ele>
        <time>2024-04-26T19:09:21Z</time>
      </trkpt>
      <trkpt lat="44.37805" lon="-73.88385">
        <ele>1212.19</ele>
        <time>2024-04-26T19:09:35Z</time>
      </trkpt>
      <trkpt lat="44.37805" lon="-73.88387">
        <ele>1212.6</ele>
        <time>2024-04-26T19:09:48Z</time>
      </trkpt>
      <trkpt lat="44.37806" lon="-73.88388">
        <ele>1212.66</ele>
        <time>2024-04-26T19:09:54Z</time>
      </trkpt>
      <trkpt lat="44.37805" lon="-73.88389">
        <ele>1213.01</ele>
        <time>2024-04-26T19:09:58Z</time>
      </trkpt>
      <trkpt lat="44.37803" lon="-73.8839">
        <ele>1213.15</ele>
        <time>2024-04-26T19:10:02Z</time>
      </trkpt>
      <trkpt lat="44.37802" lon="-73.8839">
        <ele>1213.17</ele>
        <time>2024-04-26T19:10:04Z</time>
      </trkpt>
      <trkpt lat="44.37799" lon="-73.88393">
        <ele>1213.76</ele>
        <time>2024-04-26T19:10:09Z</time>
      </trkpt>
      <trkpt lat="44.37798" lon="-73.88395">
        <ele>1214.2</ele>
        <time>2024-04-26T19:10:11Z</time>
      </trkpt>
      <trkpt lat="44.37795" lon="-73.88398">
        <ele>1214.83</ele>
        <time>2024-04-26T19:10:16Z</time>
      </trkpt>
      <trkpt lat="44.37795" lon="-73.88399">
        <ele>1215.04</ele>
        <time>2024-04-26T19:10:17Z</time>
      </trkpt>
      <trkpt lat="44.37794" lon="-73.88402">
        <ele>1215.58</ele>
        <time>2024-04-26T19:10:20Z</time>
      </trkpt>
      <trkpt lat="44.37793" lon="-73.88412">
        <ele>1217.64</ele>
        <time>2024-04-26T19:10:27Z</time>
      </trkpt>
      <trkpt lat="44.37794" lon="-73.88415">
        <ele>1218.39</ele>
        <time>2024-04-26T19:10:29Z</time>
      </trkpt>
      <trkpt lat="44.37795" lon="-73.88423">
        <ele>1220.23</ele>
        <time>2024-04-26T19:10:37Z</time>
      </trkpt>
      <trkpt lat="44.37794" lon="-73.88424">
        <ele>1220.34</ele>
        <time>2024-04-26T19:10:39Z</time>
      </trkpt>
      <trkpt lat="44.37794" lon="-73.88429">
        <ele>1221.17</ele>
        <time>2024-04-26T19:10:45Z</time>
      </trkpt>
      <trkpt lat="44.37795" lon="-73.88433">
        <ele>1221.73</ele>
        <time>2024-04-26T19:10:49Z</time>
      </trkpt>
      <trkpt lat="44.37795" lon="-73.88434">
        <ele>1221.85</ele>
        <time>2024-04-26T19:10:50Z</time>
      </trkpt>
      <trkpt lat="44.37796" lon="-73.88439">
        <ele>1222.81</ele>
        <time>2024-04-26T19:10:54Z</time>
      </trkpt>
      <trkpt lat="44.37798" lon="-73.88445">
        <ele>1223.88</ele>
        <time>2024-04-26T19:11:01Z</time>
      </trkpt>
      <trkpt lat="44.37798" lon="-73.88446">
        <ele>1223.98</ele>
        <time>2024-04-26T19:11:02Z</time>
      </trkpt>
      <trkpt lat="44.37799" lon="-73.8845">
        <ele>1224.31</ele>
        <time>2024-04-26T19:11:08Z</time>
      </trkpt>
      <trkpt lat="44.378" lon="-73.88455">
        <ele>1224.68</ele>
        <time>2024-04-26T19:11:15Z</time>
      </trkpt>
      <trkpt lat="44.378" lon="-73.88456">
        <ele>1224.75</ele>
        <time>2024-04-26T19:11:17Z</time>
      </trkpt>
      <trkpt lat="44.378" lon="-73.88458">
        <ele>1224.88</ele>
        <time>2024-04-26T19:11:25Z</time>
      </trkpt>
      <trkpt lat="44.378" lon="-73.88461">
        <ele>1225.07</ele>
        <time>2024-04-26T19:11:28Z</time>
      </trkpt>
      <trkpt lat="44.37801" lon="-73.88465">
        <ele>1225.09</ele>
        <time>2024-04-26T19:11:32Z</time>
      </trkpt>
      <trkpt lat="44.37804" lon="-73.88473">
        <ele>1224.57</ele>
        <time>2024-04-26T19:11:42Z</time>
      </trkpt>
      <trkpt lat="44.37808" lon="-73.88482">
        <ele>1224.21</ele>
        <time>2024-04-26T19:11:50Z</time>
      </trkpt>
      <trkpt lat="44.37809" lon="-73.88483">
        <ele>1223.88</ele>
        <time>2024-04-26T19:11:51Z</time>
      </trkpt>
      <trkpt lat="44.37812" lon="-73.88489">
        <ele>1222.91</ele>
        <time>2024-04-26T19:11:59Z</time>
      </trkpt>
      <trkpt lat="44.37813" lon="-73.88496">
        <ele>1223.16</ele>
        <time>2024-04-26T19:12:07Z</time>
      </trkpt>
      <trkpt lat="44.37814" lon="-73.88498">
        <ele>1223.05</ele>
        <time>2024-04-26T19:12:09Z</time>
      </trkpt>
      <trkpt lat="44.37814" lon="-73.88499">
        <ele>1223.16</ele>
        <time>2024-04-26T19:12:13Z</time>
      </trkpt>
      <trkpt lat="44.37813" lon="-73.88501">
        <ele>1223.7</ele>
        <time>2024-04-26T19:12:17Z</time>
      </trkpt>
      <trkpt lat="44.37811" lon="-73.88503">
        <ele>1224.56</ele>
        <time>2024-04-26T19:12:22Z</time>
      </trkpt>
      <trkpt lat="44.3781" lon="-73.88505">
        <ele>1225.1</ele>
        <time>2024-04-26T19:12:24Z</time>
      </trkpt>
      <trkpt lat="44.37806" lon="-73.88511">
        <ele>1227.04</ele>
        <time>2024-04-26T19:12:32Z</time>
      </trkpt>
      <trkpt lat="44.37805" lon="-73.88512">
        <ele>1227.37</ele>
        <time>2024-04-26T19:12:33Z</time>
      </trkpt>
      <trkpt lat="44.37803" lon="-73.88519">
        <ele>1228.6</ele>
        <time>2024-04-26T19:12:40Z</time>
      </trkpt>
      <trkpt lat="44.37803" lon="-73.88521">
        <ele>1228.82</ele>
        <time>2024-04-26T19:12:41Z</time>
      </trkpt>
      <trkpt lat="44.37801" lon="-73.88529">
        <ele>1230.12</ele>
        <time>2024-04-26T19:12:48Z</time>
      </trkpt>
      <trkpt lat="44.37796" lon="-73.88536">
        <ele>1230.97</ele>
        <time>2024-04-26T19:12:56Z</time>
      </trkpt>
      <trkpt lat="44.37796" lon="-73.88538">
        <ele>1231.07</ele>
        <time>2024-04-26T19:12:57Z</time>
      </trkpt>
      <trkpt lat="44.37793" lon="-73.88551">
        <ele>1231.64</ele>
        <time>2024-04-26T19:13:05Z</time>
      </trkpt>
      <trkpt lat="44.37793" lon="-73.88556">
        <ele>1231.69</ele>
        <time>2024-04-26T19:13:09Z</time>
      </trkpt>
      <trkpt lat="44.37792" lon="-73.88559">
        <ele>1231.91</ele>
        <time>2024-04-26T19:13:12Z</time>
      </trkpt>
      <trkpt lat="44.37791" lon="-73.88561">
        <ele>1232.02</ele>
        <time>2024-04-26T19:13:13Z</time>
      </trkpt>
      <trkpt lat="44.37791" lon="-73.88564">
        <ele>1232.34</ele>
        <time>2024-04-26T19:13:15Z</time>
      </trkpt>
      <trkpt lat="44.3779" lon="-73.88567">
        <ele>1232.4</ele>
        <time>2024-04-26T19:13:20Z</time>
      </trkpt>
      <trkpt lat="44.37792" lon="-73.88575">
        <ele>1233.12</ele>
        <time>2024-04-26T19:13:26Z</time>
      </trkpt>
      <trkpt lat="44.37792" lon="-73.88576">
        <ele>1233.17</ele>
        <time>2024-04-26T19:13:27Z</time>
      </trkpt>
      <trkpt lat="44.37793" lon="-73.88576">
        <ele>1233.36</ele>
        <time>2024-04-26T19:13:28Z</time>
      </trkpt>
      <trkpt lat="44.37794" lon="-73.88584">
        <ele>1233.75</ele>
        <time>2024-04-26T19:13:35Z</time>
      </trkpt>
      <trkpt lat="44.37793" lon="-73.88596">
        <ele>1233.78</ele>
        <time>2024-04-26T19:13:44Z</time>
      </trkpt>
      <trkpt lat="44.37792" lon="-73.88603">
        <ele>1234.0</ele>
        <time>2024-04-26T19:13:51Z</time>
      </trkpt>
      <trkpt lat="44.37794" lon="-73.88611">
        <ele>1234.0</ele>
        <time>2024-04-26T19:13:58Z</time>
      </trkpt>
      <trkpt lat="44.37796" lon="-73.88619">
        <ele>1234.82</ele>
        <time>2024-04-26T19:14:04Z</time>
      </trkpt>
      <trkpt lat="44.37795" lon="-73.8862">
        <ele>1234.83</ele>
        <time>2024-04-26T19:14:05Z</time>
      </trkpt>
      <trkpt lat="44.37794" lon="-73.88628">
        <ele>1234.96</ele>
        <time>2024-04-26T19:14:10Z</time>
      </trkpt>
      <trkpt lat="44.37796" lon="-73.88635">
        <ele>1235.02</ele>
        <time>2024-04-26T19:14:16Z</time>
      </trkpt>
      <trkpt lat="44.37797" lon="-73.88636">
        <ele>1234.92</ele>
        <time>2024-04-26T19:14:17Z</time>
      </trkpt>
      <trkpt lat="44.37798" lon="-73.88637">
        <ele>1234.82</ele>
        <time>2024-04-26T19:14:18Z</time>
      </trkpt>
      <trkpt lat="44.378" lon="-73.88643">
        <ele>1235.04</ele>
        <time>2024-04-26T19:14:24Z</time>
      </trkpt>
      <trkpt lat="44.378" lon="-73.88645">
        <ele>1235.26</ele>
        <time>2024-04-26T19:14:26Z</time>
      </trkpt>
      <trkpt lat="44.378" lon="-73.88651">
        <ele>1235.78</ele>
        <time>2024-04-26T19:14:31Z</time>
      </trkpt>
      <trkpt lat="44.37802" lon="-73.88658">
        <ele>1235.83</ele>
        <time>2024-04-26T19:14:38Z</time>
      </trkpt>
      <trkpt lat="44.37802" lon="-73.88659">
        <ele>1235.94</ele>
        <time>2024-04-26T19:14:39Z</time>
      </trkpt>
      <trkpt lat="44.37802" lon="-73.88671">
        <ele>1237.24</ele>
        <time>2024-04-26T19:14:47Z</time>
      </trkpt>
      <trkpt lat="44.378" lon="-73.88674">
        <ele>1237.99</ele>
        <time>2024-04-26T19:14:51Z</time>
      </trkpt>
      <trkpt lat="44.37797" lon="-73.88679">
        <ele>1238.87</ele>
        <time>2024-04-26T19:14:56Z</time>
      </trkpt>
      <trkpt lat="44.37794" lon="-73.88686">
        <ele>1239.09</ele>
        <time>2024-04-26T19:15:03Z</time>
      </trkpt>
      <trkpt lat="44.37789" lon="-73.88696">
        <ele>1240.17</ele>
        <time>2024-04-26T19:15:11Z</time>
      </trkpt>
      <trkpt lat="44.37789" lon="-73.88701">
        <ele>1240.71</ele>
        <time>2024-04-26T19:15:15Z</time>
      </trkpt>
      <trkpt lat="44.37788" lon="-73.88702">
        <ele>1240.82</ele>
        <time>2024-04-26T19:15:16Z</time>
      </trkpt>
      <trkpt lat="44.3779" lon="-73.88711">
        <ele>1241.25</ele>
        <time>2024-04-26T19:15:24Z</time>
      </trkpt>
      <trkpt lat="44.37791" lon="-73.88712">
        <ele>1241.38</ele>
        <time>2024-04-26T19:15:27Z</time>
      </trkpt>
      <trkpt lat="44.37792" lon="-73.88713">
        <ele>1241.54</ele>
        <time>2024-04-26T19:15:29Z</time>
      </trkpt>
      <trkpt lat="44.37793" lon="-73.88714">
        <ele>1241.64</ele>
        <time>2024-04-26T19:15:33Z</time>
      </trkpt>
      <trkpt lat="44.37793" lon="-73.88714">
        <ele>1241.64</ele>
        <time>2024-04-26T19:15:34Z</time>
      </trkpt>
      <trkpt lat="44.37795" lon="-73.88716">
        <ele>1241.86</ele>
        <time>2024-04-26T19:15:38Z</time>
      </trkpt>
      <trkpt lat="44.37795" lon="-73.88717">
        <ele>1241.86</ele>
        <time>2024-04-26T19:15:46Z</time>
      </trkpt>
      <trkpt lat="44.37795" lon="-73.88717">
        <ele>1241.86</ele>
        <time>2024-04-26T19:15:47Z</time>
      </trkpt>
      <trkpt lat="44.37796" lon="-73.88718">
        <ele>1241.97</ele>
        <time>2024-04-26T19:15:53Z</time>
      </trkpt>
      <trkpt lat="44.37796" lon="-73.88723">
        <ele>1241.97</ele>
        <time>2024-04-26T19:15:58Z</time>
      </trkpt>
      <trkpt lat="44.37797" lon="-73.88725">
        <ele>1241.92</ele>
        <time>2024-04-26T19:15:59Z</time>
      </trkpt>
      <trkpt lat="44.37797" lon="-73.88731">
        <ele>1241.92</ele>
        <time>2024-04-26T19:16:05Z</time>
      </trkpt>
      <trkpt lat="44.37798" lon="-73.88733">
        <ele>1241.95</ele>
        <time>2024-04-26T19:16:11Z</time>
      </trkpt>
      <trkpt lat="44.37798" lon="-73.88735">
        <ele>1242.13</ele>
        <time>2024-04-26T19:16:18Z</time>
      </trkpt>
      <trkpt lat="44.37798" lon="-73.88737">
        <ele>1242.3</ele>
        <time>2024-04-26T19:16:27Z</time>
      </trkpt>
      <trkpt lat="44.37798" lon="-73.88736">
        <ele>1242.21</ele>
        <time>2024-04-26T19:16:37Z</time>
      </trkpt>
      <trkpt lat="44.37799" lon="-73.88737">
        <ele>1242.13</ele>
        <time>2024-04-26T19:16:41Z</time>
      </trkpt>
      <trkpt lat="44.378" lon="-73.88735">
        <ele>1241.83</ele>
        <time>2024-04-26T19:16:45Z</time>
      </trkpt>
      <trkpt lat="44.37802" lon="-73.88734">
        <ele>1241.49</ele>
        <time>2024-04-26T19:16:48Z</time>
      </trkpt>
      <trkpt lat="44.37803" lon="-73.88733">
        <ele>1241.32</ele>
        <time>2024-04-26T19:16:51Z</time>
      </trkpt>
      <trkpt lat="44.37803" lon="-73.88733">
        <ele>1241.32</ele>
        <time>2024-04-26T19:16:52Z</time>
      </trkpt>
      <trkpt lat="44.37806" lon="-73.88728">
        <ele>1240.86</ele>
        <time>2024-04-26T19:16:59Z</time>
      </trkpt>
      <trkpt lat="44.37806" lon="-73.88728">
        <ele>1240.86</ele>
        <time>2024-04-26T19:17:06Z</time>
      </trkpt>
      <trkpt lat="44.37805" lon="-73.88728">
        <ele>1241.06</ele>
        <time>2024-04-26T19:17:15Z</time>
      </trkpt>
      <trkpt lat="44.37806" lon="-73.88728">
        <ele>1240.86</ele>
        <time>2024-04-26T19:17:23Z</time>
      </trkpt>
      <trkpt lat="44.37807" lon="-73.88728">
        <ele>1240.53</ele>
        <time>2024-04-26T19:17:25Z</time>
      </trkpt>
      <trkpt lat="44.37805" lon="-73.88728">
        <ele>1241.06</ele>
        <time>2024-04-26T19:17:34Z</time>
      </trkpt>
      <trkpt lat="44.37807" lon="-73.88727">
        <ele>1240.53</ele>
        <time>2024-04-26T19:17:42Z</time>
      </trkpt>
      <trkpt lat="44.37806" lon="-73.88726">
        <ele>1240.86</ele>
        <time>2024-04-26T19:17:49Z</time>
      </trkpt>
      <trkpt lat="44.37804" lon="-73.88728">
        <ele>1241.17</ele>
        <time>2024-04-26T19:17:55Z</time>
      </trkpt>
      <trkpt lat="44.37801" lon="-73.88732">
        <ele>1241.52</ele>
        <time>2024-04-26T19:18:02Z</time>
      </trkpt>
      <trkpt lat="44.37798" lon="-73.88735">
        <ele>1242.13</ele>
        <time>2024-04-26T19:18:10Z</time>
      </trkpt>
      <trkpt lat="44.37798" lon="-73.88735">
        <ele>1242.13</ele>
        <time>2024-04-26T19:18:19Z</time>
      </trkpt>
      <trkpt lat="44.37798" lon="-73.88735">
        <ele>1242.13</ele>
        <time>2024-04-26T19:18:31Z</time>
      </trkpt>
      <trkpt lat="44.37798" lon="-73.88737">
        <ele>1242.3</ele>
        <time>2024-04-26T19:18:33Z</time>
      </trkpt>
      <trkpt lat="44.37796" lon="-73.88739">
        <ele>1242.79</ele>
        <time>2024-04-26T19:18:37Z</time>
      </trkpt>
      <trkpt lat="44.37795" lon="-73.8874">
        <ele>1242.79</ele>
        <time>2024-04-26T19:18:39Z</time>
      </trkpt>
      <trkpt lat="44.37793" lon="-73.88745">
        <ele>1242.64</ele>
        <time>2024-04-26T19:18:43Z</time>
      </trkpt>
      <trkpt lat="44.37793" lon="-73.88746">
        <ele>1242.64</ele>
        <time>2024-04-26T19:18:44Z</time>
      </trkpt>
      <trkpt lat="44.37794" lon="-73.88755">
        <ele>1242.75</ele>
        <time>2024-04-26T19:18:50Z</time>
      </trkpt>
      <trkpt lat="44.37794" lon="-73.88758">
        <ele>1242.75</ele>
        <time>2024-04-26T19:18:52Z</time>
      </trkpt>
      <trkpt lat="44.37796" lon="-73.8877">
        <ele>1242.81</ele>
        <time>2024-04-26T19:18:59Z</time>
      </trkpt>
      <trkpt lat="44.378" lon="-73.88779">
        <ele>1241.6</ele>
        <time>2024-04-26T19:19:07Z</time>
      </trkpt>
      <trkpt lat="44.37802" lon="-73.88785">
        <ele>1241.38</ele>
        <time>2024-04-26T19:19:14Z</time>
      </trkpt>
      <trkpt lat="44.37802" lon="-73.88785">
        <ele>1241.38</ele>
        <time>2024-04-26T19:19:15Z</time>
      </trkpt>
      <trkpt lat="44.37803" lon="-73.88793">
        <ele>1241.28</ele>
        <time>2024-04-26T19:19:22Z</time>
      </trkpt>
      <trkpt lat="44.378" lon="-73.88797">
        <ele>1241.55</ele>
        <time>2024-04-26T19:19:28Z</time>
      </trkpt>
      <trkpt lat="44.37799" lon="-73.88798">
        <ele>1241.58</ele>
        <time>2024-04-26T19:19:29Z</time>
      </trkpt>
      <trkpt lat="44.37799" lon="-73.888">
        <ele>1241.42</ele>
        <time>2024-04-26T19:19:31Z</time>
      </trkpt>
      <trkpt lat="44.37798" lon="-73.88802">
        <ele>1241.31</ele>
        <time>2024-04-26T19:19:34Z</time>
      </trkpt>
      <trkpt lat="44.37795" lon="-73.88809">
        <ele>1240.95</ele>
        <time>2024-04-26T19:19:42Z</time>
      </trkpt>
      <trkpt lat="44.37794" lon="-73.88815">
        <ele>1240.73</ele>
        <time>2024-04-26T19:19:47Z</time>
      </trkpt>
      <trkpt lat="44.37793" lon="-73.88817">
        <ele>1240.41</ele>
        <time>2024-04-26T19:19:49Z</time>
      </trkpt>
      <trkpt lat="44.37791" lon="-73.8882">
        <ele>1239.87</ele>
        <time>2024-04-26T19:19:52Z</time>
      </trkpt>
      <trkpt lat="44.3779" lon="-73.88822">
        <ele>1239.54</ele>
        <time>2024-04-26T19:19:54Z</time>
      </trkpt>
      <trkpt lat="44.37787" lon="-73.88831">
        <ele>1238.24</ele>
        <time>2024-04-26T19:20:03Z</time>
      </trkpt>
      <trkpt lat="44.37786" lon="-73.88839">
        <ele>1237.1</ele>
        <time>2024-04-26T19:20:11Z</time>
      </trkpt>
      <trkpt lat="44.37786" lon="-73.88842">
        <ele>1236.74</ele>
        <time>2024-04-26T19:20:13Z</time>
      </trkpt>
      <trkpt lat="44.37785" lon="-73.88846">
        <ele>1235.68</ele>
        <time>2024-04-26T19:20:18Z</time>
      </trkpt>
      <trkpt lat="44.37786" lon="-73.88848">
        <ele>1235.56</ele>
        <time>2024-04-26T19:20:24Z</time>
      </trkpt>
      <trkpt lat="44.37786" lon="-73.88849">
        <ele>1235.36</ele>
        <time>2024-04-26T19:20:25Z</time>
      </trkpt>
      <trkpt lat="44.37785" lon="-73.88854">
        <ele>1234.33</ele>
        <time>2024-04-26T19:20:31Z</time>
      </trkpt>
      <trkpt lat="44.37786" lon="-73.88855">
        <ele>1234.44</ele>
        <time>2024-04-26T19:20:36Z</time>
      </trkpt>
      <trkpt lat="44.37786" lon="-73.88855">
        <ele>1234.44</ele>
        <time>2024-04-26T19:20:37Z</time>
      </trkpt>
      <trkpt lat="44.37787" lon="-73.88858">
        <ele>1234.33</ele>
        <time>2024-04-26T19:20:45Z</time>
      </trkpt>
      <trkpt lat="44.37787" lon="-73.88858">
        <ele>1234.33</ele>
        <time>2024-04-26T19:20:47Z</time>
      </trkpt>
      <trkpt lat="44.37787" lon="-73.8886">
        <ele>1234.11</ele>
        <time>2024-04-26T19:20:50Z</time>
      </trkpt>
      <trkpt lat="44.37787" lon="-73.88861">
        <ele>1234.0</ele>
        <time>2024-04-26T19:20:51Z</time>
      </trkpt>
      <trkpt lat="44.37784" lon="-73.88863">
        <ele>1233.21</ele>
        <time>2024-04-26T19:20:57Z</time>
      </trkpt>
      <trkpt lat="44.37784" lon="-73.88864">
        <ele>1233.13</ele>
        <time>2024-04-26T19:20:58Z</time>
      </trkpt>
      <trkpt lat="44.37782" lon="-73.88869">
        <ele>1232.52</ele>
        <time>2024-04-26T19:21:05Z</time>
      </trkpt>
      <trkpt lat="44.37783" lon="-73.88869">
        <ele>1232.65</ele>
        <time>2024-04-26T19:21:07Z</time>
      </trkpt>
      <trkpt lat="44.37782" lon="-73.88873">
        <ele>1232.3</ele>
        <time>2024-04-26T19:21:14Z</time>
      </trkpt>
      <trkpt lat="44.37782" lon="-73.88876">
        <ele>1232.13</ele>
        <time>2024-04-26T19:21:17Z</time>
      </trkpt>
      <trkpt lat="44.37782" lon="-73.8888">
        <ele>1231.89</ele>
        <time>2024-04-26T19:21:21Z</time>
      </trkpt>
      <trkpt lat="44.37782" lon="-73.88884">
        <ele>1231.7</ele>
        <time>2024-04-26T19:21:28Z</time>
      </trkpt>
      <trkpt lat="44.37782" lon="-73.88885">
        <ele>1231.65</ele>
        <time>2024-04-26T19:21:29Z</time>
      </trkpt>
      <trkpt lat="44.37781" lon="-73.88888">
        <ele>1231.38</ele>
        <time>2024-04-26T19:21:33Z</time>
      </trkpt>
      <trkpt lat="44.37781" lon="-73.88892">
        <ele>1231.35</ele>
        <time>2024-04-26T19:21:37Z</time>
      </trkpt>
      <trkpt lat="44.3778" lon="-73.88893">
        <ele>1231.24</ele>
        <time>2024-04-26T19:21:38Z</time>
      </trkpt>
      <trkpt lat="44.3778" lon="-73.88896">
        <ele>1231.24</ele>
        <time>2024-04-26T19:21:40Z</time>
      </trkpt>
      <trkpt lat="44.37781" lon="-73.88906">
        <ele>1231.35</ele>
        <time>2024-04-26T19:21:46Z</time>
      </trkpt>
      <trkpt lat="44.37781" lon="-73.88907">
        <ele>1231.35</ele>
        <time>2024-04-26T19:21:47Z</time>
      </trkpt>
      <trkpt lat="44.37786" lon="-73.88918">
        <ele>1230.89</ele>
        <time>2024-04-26T19:21:55Z</time>
      </trkpt>
      <trkpt lat="44.37787" lon="-73.88929">
        <ele>1230.66</ele>
        <time>2024-04-26T19:22:02Z</time>
      </trkpt>
      <trkpt lat="44.37786" lon="-73.88931">
        <ele>1230.34</ele>
        <time>2024-04-26T19:22:03Z</time>
      </trkpt>
      <trkpt lat="44.37787" lon="-73.88939">
        <ele>1230.0</ele>
        <time>2024-04-26T19:22:09Z</time>
      </trkpt>
      <trkpt lat="44.37789" lon="-73.88945">
        <ele>1229.94</ele>
        <time>2024-04-26T19:22:15Z</time>
      </trkpt>
      <trkpt lat="44.3779" lon="-73.88949">
        <ele>1229.51</ele>
        <time>2024-04-26T19:22:18Z</time>
      </trkpt>
      <trkpt lat="44.37797" lon="-73.88954">
        <ele>1228.97</ele>
        <time>2024-04-26T19:22:26Z</time>
      </trkpt>
      <trkpt lat="44.37797" lon="-73.88955">
        <ele>1228.86</ele>
        <time>2024-04-26T19:22:27Z</time>
      </trkpt>
      <trkpt lat="44.378" lon="-73.88965">
        <ele>1227.78</ele>
        <time>2024-04-26T19:22:36Z</time>
      </trkpt>
      <trkpt lat="44.37802" lon="-73.88969">
        <ele>1227.35</ele>
        <time>2024-04-26T19:22:41Z</time>
      </trkpt>
      <trkpt lat="44.37803" lon="-73.88972">
        <ele>1227.02</ele>
        <time>2024-04-26T19:22:44Z</time>
      </trkpt>
      <trkpt lat="44.37807" lon="-73.88979">
        <ele>1226.27</ele>
        <time>2024-04-26T19:22:53Z</time>
      </trkpt>
      <trkpt lat="44.37811" lon="-73.88985">
        <ele>1225.62</ele>
        <time>2024-04-26T19:23:01Z</time>
      </trkpt>
      <trkpt lat="44.37816" lon="-73.88994">
        <ele>1224.57</ele>
        <time>2024-04-26T19:23:10Z</time>
      </trkpt>
      <trkpt lat="44.37817" lon="-73.88995">
        <ele>1224.41</ele>
        <time>2024-04-26T19:23:11Z</time>
      </trkpt>
      <trkpt lat="44.37824" lon="-73.88996">
        <ele>1224.0</ele>
        <time>2024-04-26T19:23:17Z</time>
      </trkpt>
      <trkpt lat="44.37826" lon="-73.88997">
        <ele>1223.86</ele>
        <time>2024-04-26T19:23:19Z</time>
      </trkpt>
      <trkpt lat="44.37831" lon="-73.88998">
        <ele>1223.41</ele>
        <time>2024-04-26T19:23:26Z</time>
      </trkpt>
      <trkpt lat="44.37831" lon="-73.88999">
        <ele>1223.33</ele>
        <time>2024-04-26T19:23:27Z</time>
      </trkpt>
      <trkpt lat="44.37834" lon="-73.89001">
        <ele>1222.83</ele>
        <time>2024-04-26T19:23:33Z</time>
      </trkpt>
      <trkpt lat="44.3784" lon="-73.89003">
        <ele>1222.19</ele>
        <time>2024-04-26T19:23:38Z</time>
      </trkpt>
      <trkpt lat="44.37843" lon="-73.89005">
        <ele>1221.98</ele>
        <time>2024-04-26T19:23:42Z</time>
      </trkpt>
      <trkpt lat="44.37848" lon="-73.89009">
        <ele>1221.43</ele>
        <time>2024-04-26T19:23:49Z</time>
      </trkpt>
      <trkpt lat="44.37851" lon="-73.89012">
        <ele>1220.8</ele>
        <time>2024-04-26T19:23:54Z</time>
      </trkpt>
      <trkpt lat="44.37852" lon="-73.89014">
        <ele>1220.48</ele>
        <time>2024-04-26T19:23:57Z</time>
      </trkpt>
      <trkpt lat="44.37857" lon="-73.89019">
        <ele>1219.97</ele>
        <time>2024-04-26T19:24:04Z</time>
      </trkpt>
      <trkpt lat="44.3786" lon="-73.8902">
        <ele>1219.86</ele>
        <time>2024-04-26T19:24:08Z</time>
      </trkpt>
      <trkpt lat="44.37862" lon="-73.89019">
        <ele>1219.85</ele>
        <time>2024-04-26T19:24:10Z</time>
      </trkpt>
      <trkpt lat="44.37867" lon="-73.89019">
        <ele>1219.31</ele>
        <time>2024-04-26T19:24:16Z</time>
      </trkpt>
      <trkpt lat="44.37871" lon="-73.89018">
        <ele>1218.93</ele>
        <time>2024-04-26T19:24:18Z</time>
      </trkpt>
      <trkpt lat="44.37872" lon="-73.89016">
        <ele>1218.82</ele>
        <time>2024-04-26T19:24:20Z</time>
      </trkpt>
      <trkpt lat="44.37874" lon="-73.89014">
        <ele>1218.61</ele>
        <time>2024-04-26T19:24:25Z</time>
      </trkpt>
      <trkpt lat="44.37877" lon="-73.89014">
        <ele>1218.28</ele>
        <time>2024-04-26T19:24:33Z</time>
      </trkpt>
      <trkpt lat="44.37879" lon="-73.89012">
        <ele>1218.07</ele>
        <time>2024-04-26T19:24:37Z</time>
      </trkpt>
      <trkpt lat="44.3788" lon="-73.89012">
        <ele>1217.96</ele>
        <time>2024-04-26T19:24:39Z</time>
      </trkpt>
      <trkpt lat="44.37885" lon="-73.89011">
        <ele>1217.42</ele>
        <time>2024-04-26T19:24:47Z</time>
      </trkpt>
      <trkpt lat="44.3789" lon="-73.89012">
        <ele>1216.88</ele>
        <time>2024-04-26T19:24:54Z</time>
      </trkpt>
      <trkpt lat="44.37891" lon="-73.89012">
        <ele>1216.77</ele>
        <time>2024-04-26T19:24:55Z</time>
      </trkpt>
      <trkpt lat="44.37895" lon="-73.89013">
        <ele>1216.34</ele>
        <time>2024-04-26T19:25:01Z</time>
      </trkpt>
      <trkpt lat="44.37901" lon="-73.89012">
        <ele>1215.69</ele>
        <time>2024-04-26T19:25:10Z</time>
      </trkpt>
      <trkpt lat="44.37904" lon="-73.89011">
        <ele>1215.37</ele>
        <time>2024-04-26T19:25:13Z</time>
      </trkpt>
      <trkpt lat="44.37906" lon="-73.89011">
        <ele>1215.15</ele>
        <time>2024-04-26T19:25:17Z</time>
      </trkpt>
      <trkpt lat="44.37911" lon="-73.89012">
        <ele>1214.61</ele>
        <time>2024-04-26T19:25:24Z</time>
      </trkpt>
      <trkpt lat="44.37911" lon="-73.89012">
        <ele>1214.61</ele>
        <time>2024-04-26T19:25:26Z</time>
      </trkpt>
      <trkpt lat="44.37914" lon="-73.89012">
        <ele>1214.29</ele>
        <time>2024-04-26T19:25:34Z</time>
      </trkpt>
      <trkpt lat="44.37915" lon="-73.89014">
        <ele>1214.18</ele>
        <time>2024-04-26T19:25:41Z</time>
      </trkpt>
      <trkpt lat="44.37919" lon="-73.89019">
        <ele>1213.7</ele>
        <time>2024-04-26T19:25:48Z</time>
      </trkpt>
      <trkpt lat="44.37922" lon="-73.89024">
        <ele>1212.83</ele>
        <time>2024-04-26T19:25:54Z</time>
      </trkpt>
      <trkpt lat="44.37922" lon="-73.89025">
        <ele>1212.72</ele>
        <time>2024-04-26T19:25:55Z</time>
      </trkpt>
      <trkpt lat="44.37927" lon="-73.89029">
        <ele>1211.88</ele>
        <time>2024-04-26T19:26:03Z</time>
      </trkpt>
      <trkpt lat="44.37934" lon="-73.8903">
        <ele>1211.13</ele>
        <time>2024-04-26T19:26:10Z</time>
      </trkpt>
      <trkpt lat="44.37935" lon="-73.8903">
        <ele>1211.02</ele>
        <time>2024-04-26T19:26:11Z</time>
      </trkpt>
      <trkpt lat="44.37938" lon="-73.8903">
        <ele>1210.7</ele>
        <time>2024-04-26T19:26:14Z</time>
      </trkpt>
      <trkpt lat="44.37942" lon="-73.89032">
        <ele>1210.26</ele>
        <time>2024-04-26T19:26:19Z</time>
      </trkpt>
      <trkpt lat="44.37944" lon="-73.89033">
        <ele>1210.05</ele>
        <time>2024-04-26T19:26:22Z</time>
      </trkpt>
      <trkpt lat="44.37948" lon="-73.89033">
        <ele>1209.62</ele>
        <time>2024-04-26T19:26:27Z</time>
      </trkpt>
      <trkpt lat="44.37953" lon="-73.89036">
        <ele>1209.08</ele>
        <time>2024-04-26T19:26:35Z</time>
      </trkpt>
      <trkpt lat="44.37958" lon="-73.8904">
        <ele>1208.54</ele>
        <time>2024-04-26T19:26:41Z</time>
      </trkpt>
      <trkpt lat="44.37959" lon="-73.89044">
        <ele>1208.43</ele>
        <time>2024-04-26T19:26:45Z</time>
      </trkpt>
      <trkpt lat="44.37961" lon="-73.89049">
        <ele>1208.21</ele>
        <time>2024-04-26T19:26:51Z</time>
      </trkpt>
      <trkpt lat="44.37963" lon="-73.89052">
        <ele>1208.0</ele>
        <time>2024-04-26T19:26:54Z</time>
      </trkpt>
      <trkpt lat="44.37967" lon="-73.89059">
        <ele>1207.56</ele>
        <time>2024-04-26T19:27:00Z</time>
      </trkpt>
      <trkpt lat="44.37969" lon="-73.8906">
        <ele>1207.35</ele>
        <time>2024-04-26T19:27:02Z</time>
      </trkpt>
      <trkpt lat="44.3797" lon="-73.89061">
        <ele>1207.24</ele>
        <time>2024-04-26T19:27:04Z</time>
      </trkpt>
      <trkpt lat="44.37973" lon="-73.89062">
        <ele>1206.97</ele>
        <time>2024-04-26T19:27:07Z</time>
      </trkpt>
      <trkpt lat="44.37978" lon="-73.89065">
        <ele>1207.0</ele>
        <time>2024-04-26T19:27:14Z</time>
      </trkpt>
      <trkpt lat="44.37979" lon="-73.8907">
        <ele>1207.0</ele>
        <time>2024-04-26T19:27:22Z</time>
      </trkpt>
      <trkpt lat="44.37981" lon="-73.89073">
        <ele>1207.0</ele>
        <time>2024-04-26T19:27:28Z</time>
      </trkpt>
      <trkpt lat="44.37986" lon="-73.89073">
        <ele>1207.0</ele>
        <time>2024-04-26T19:27:34Z</time>
      </trkpt>
      <trkpt lat="44.37986" lon="-73.89072">
        <ele>1207.0</ele>
        <time>2024-04-26T19:27:35Z</time>
      </trkpt>
      <trkpt lat="44.3799" lon="-73.89071">
        <ele>1207.0</ele>
        <time>2024-04-26T19:27:41Z</time>
      </trkpt>
      <trkpt lat="44.37994" lon="-73.89068">
        <ele>1207.12</ele>
        <time>2024-04-26T19:27:48Z</time>
      </trkpt>
      <trkpt lat="44.37995" lon="-73.89068">
        <ele>1207.16</ele>
        <time>2024-04-26T19:27:51Z</time>
      </trkpt>
      <trkpt lat="44.37997" lon="-73.89067">
        <ele>1207.16</ele>
        <time>2024-04-26T19:27:55Z</time>
      </trkpt>
      <trkpt lat="44.37998" lon="-73.89066">
        <ele>1207.1</ele>
        <time>2024-04-26T19:27:59Z</time>
      </trkpt>
      <trkpt lat="44.37998" lon="-73.89065">
        <ele>1207.02</ele>
        <time>2024-04-26T19:28:01Z</time>
      </trkpt>
      <trkpt lat="44.38" lon="-73.89064">
        <ele>1206.91</ele>
        <time>2024-04-26T19:28:04Z</time>
      </trkpt>
      <trkpt lat="44.38002" lon="-73.89064">
        <ele>1207.13</ele>
        <time>2024-04-26T19:28:09Z</time>
      </trkpt>
      <trkpt lat="44.38002" lon="-73.89064">
        <ele>1207.13</ele>
        <time>2024-04-26T19:28:10Z</time>
      </trkpt>
      <trkpt lat="44.38004" lon="-73.89066">
        <ele>1207.56</ele>
        <time>2024-04-26T19:28:15Z</time>
      </trkpt>
      <trkpt lat="44.38006" lon="-73.89067">
        <ele>1207.88</ele>
        <time>2024-04-26T19:28:18Z</time>
      </trkpt>
      <trkpt lat="44.38011" lon="-73.89069">
        <ele>1208.64</ele>
        <time>2024-04-26T19:28:25Z</time>
      </trkpt>
      <trkpt lat="44.38012" lon="-73.8907">
        <ele>1208.86</ele>
        <time>2024-04-26T19:28:26Z</time>
      </trkpt>
      <trkpt lat="44.38017" lon="-73.89068">
        <ele>1209.18</ele>
        <time>2024-04-26T19:28:34Z</time>
      </trkpt>
      <trkpt lat="44.38023" lon="-73.89064">
        <ele>1209.4</ele>
        <time>2024-04-26T19:28:42Z</time>
      </trkpt>
      <trkpt lat="44.38029" lon="-73.8906">
        <ele>1209.61</ele>
        <time>2024-04-26T19:28:49Z</time>
      </trkpt>
      <trkpt lat="44.38038" lon="-73.8906">
        <ele>1210.58</ele>
        <time>2024-04-26T19:28:59Z</time>
      </trkpt>
      <trkpt lat="44.38038" lon="-73.8906">
        <ele>1210.58</ele>
        <time>2024-04-26T19:29:00Z</time>
      </trkpt>
      <trkpt lat="44.38044" lon="-73.89057">
        <ele>1210.91</ele>
        <time>2024-04-26T19:29:07Z</time>
      </trkpt>
      <trkpt lat="44.38044" lon="-73.89057">
        <ele>1210.91</ele>
        <time>2024-04-26T19:29:08Z</time>
      </trkpt>
      <trkpt lat="44.38052" lon="-73.89053">
        <ele>1211.45</ele>
        <time>2024-04-26T19:29:15Z</time>
      </trkpt>
      <trkpt lat="44.38056" lon="-73.8905">
        <ele>1211.45</ele>
        <time>2024-04-26T19:29:22Z</time>
      </trkpt>
      <trkpt lat="44.38056" lon="-73.8905">
        <ele>1211.45</ele>
        <time>2024-04-26T19:29:31Z</time>
      </trkpt>
      <trkpt lat="44.38057" lon="-73.89049">
        <ele>1211.45</ele>
        <time>2024-04-26T19:29:39Z</time>
      </trkpt>
      <trkpt lat="44.38061" lon="-73.8905">
        <ele>1211.99</ele>
        <time>2024-04-26T19:29:47Z</time>
      </trkpt>
      <trkpt lat="44.38066" lon="-73.89055">
        <ele>1213.07</ele>
        <time>2024-04-26T19:29:53Z</time>
      </trkpt>
      <trkpt lat="44.38067" lon="-73.89055">
        <ele>1213.18</ele>
        <time>2024-04-26T19:29:54Z</time>
      </trkpt>
      <trkpt lat="44.38073" lon="-73.89056">
        <ele>1213.93</ele>
        <time>2024-04-26T19:30:02Z</time>
      </trkpt>
      <trkpt lat="44.38075" lon="-73.89054">
        <ele>1213.93</ele>
        <time>2024-04-26T19:30:05Z</time>
      </trkpt>
      <trkpt lat="44.38079" lon="-73.89053">
        <ele>1214.26</ele>
        <time>2024-04-26T19:30:09Z</time>
      </trkpt>
      <trkpt lat="44.38084" lon="-73.8905">
        <ele>1214.52</ele>
        <time>2024-04-26T19:30:17Z</time>
      </trkpt>
      <trkpt lat="44.38086" lon="-73.89048">
        <ele>1214.71</ele>
        <time>2024-04-26T19:30:19Z</time>
      </trkpt>
      <trkpt lat="44.3809" lon="-73.89046">
        <ele>1215.42</ele>
        <time>2024-04-26T19:30:25Z</time>
      </trkpt>
      <trkpt lat="44.38091" lon="-73.89046">
        <ele>1215.63</ele>
        <time>2024-04-26T19:30:27Z</time>
      </trkpt>
      <trkpt lat="44.38094" lon="-73.89044">
        <ele>1215.9</ele>
        <time>2024-04-26T19:30:35Z</time>
      </trkpt>
      <trkpt lat="44.38095" lon="-73.89044">
        <ele>1216.01</ele>
        <time>2024-04-26T19:30:36Z</time>
      </trkpt>
      <trkpt lat="44.381" lon="-73.89042">
        <ele>1216.34</ele>
        <time>2024-04-26T19:30:43Z</time>
      </trkpt>
      <trkpt lat="44.38101" lon="-73.8904">
        <ele>1216.23</ele>
        <time>2024-04-26T19:30:47Z</time>
      </trkpt>
      <trkpt lat="44.38106" lon="-73.89038">
        <ele>1217.0</ele>
        <time>2024-04-26T19:30:53Z</time>
      </trkpt>
      <trkpt lat="44.3811" lon="-73.89039">
        <ele>1217.97</ele>
        <time>2024-04-26T19:31:00Z</time>
      </trkpt>
      <trkpt lat="44.38111" lon="-73.8904">
        <ele>1218.3</ele>
        <time>2024-04-26T19:31:02Z</time>
      </trkpt>
      <trkpt lat="44.38113" lon="-73.89041">
        <ele>1218.75</ele>
        <time>2024-04-26T19:31:08Z</time>
      </trkpt>
      <trkpt lat="44.38115" lon="-73.89042">
        <ele>1219.15</ele>
        <time>2024-04-26T19:31:13Z</time>
      </trkpt>
      <trkpt lat="44.38116" lon="-73.89043">
        <ele>1219.36</ele>
        <time>2024-04-26T19:31:14Z</time>
      </trkpt>
      <trkpt lat="44.38119" lon="-73.89043">
        <ele>1219.8</ele>
        <time>2024-04-26T19:31:20Z</time>
      </trkpt>
      <trkpt lat="44.38123" lon="-73.89044">
        <ele>1220.28</ele>
        <time>2024-04-26T19:31:25Z</time>
      </trkpt>
      <trkpt lat="44.38123" lon="-73.89044">
        <ele>1220.28</ele>
        <time>2024-04-26T19:31:26Z</time>
      </trkpt>
      <trkpt lat="44.38128" lon="-73.89045">
        <ele>1220.82</ele>
        <time>2024-04-26T19:31:32Z</time>
      </trkpt>
      <trkpt lat="44.38129" lon="-73.89045">
        <ele>1220.93</ele>
        <time>2024-04-26T19:31:34Z</time>
      </trkpt>
      <trkpt lat="44.3813" lon="-73.89045">
        <ele>1221.07</ele>
        <time>2024-04-26T19:31:35Z</time>
      </trkpt>
      <trkpt lat="44.38133" lon="-73.89046">
        <ele>1221.72</ele>
        <time>2024-04-26T19:31:41Z</time>
      </trkpt>
      <trkpt lat="44.38137" lon="-73.89046">
        <ele>1222.57</ele>
        <time>2024-04-26T19:31:44Z</time>
      </trkpt>
      <trkpt lat="44.38146" lon="-73.89048">
        <ele>1223.77</ele>
        <time>2024-04-26T19:31:53Z</time>
      </trkpt>
      <trkpt lat="44.38151" lon="-73.89051">
        <ele>1224.31</ele>
        <time>2024-04-26T19:31:59Z</time>
      </trkpt>
      <trkpt lat="44.38151" lon="-73.89051">
        <ele>1224.31</ele>
        <time>2024-04-26T19:32:00Z</time>
      </trkpt>
      <trkpt lat="44.38154" lon="-73.89052">
        <ele>1224.63</ele>
        <time>2024-04-26T19:32:03Z</time>
      </trkpt>
      <trkpt lat="44.38158" lon="-73.89052">
        <ele>1225.06</ele>
        <time>2024-04-26T19:32:08Z</time>
      </trkpt>
      <trkpt lat="44.38159" lon="-73.89052">
        <ele>1225.17</ele>
        <time>2024-04-26T19:32:09Z</time>
      </trkpt>
      <trkpt lat="44.38163" lon="-73.89051">
        <ele>1225.6</ele>
        <time>2024-04-26T19:32:16Z</time>
      </trkpt>
      <trkpt lat="44.38172" lon="-73.89049">
        <ele>1226.58</ele>
        <time>2024-04-26T19:32:25Z</time>
      </trkpt>
      <trkpt lat="44.38176" lon="-73.89047">
        <ele>1227.01</ele>
        <time>2024-04-26T19:32:31Z</time>
      </trkpt>
      <trkpt lat="44.38181" lon="-73.89038">
        <ele>1227.55</ele>
        <time>2024-04-26T19:32:39Z</time>
      </trkpt>
      <trkpt lat="44.38183" lon="-73.89035">
        <ele>1227.54</ele>
        <time>2024-04-26T19:32:41Z</time>
      </trkpt>
      <trkpt lat="44.38189" lon="-73.89028">
        <ele>1227.84</ele>
        <time>2024-04-26T19:32:50Z</time>
      </trkpt>
      <trkpt lat="44.38192" lon="-73.89022">
        <ele>1227.85</ele>
        <time>2024-04-26T19:33:00Z</time>
      </trkpt>
      <trkpt lat="44.38192" lon="-73.89022">
        <ele>1227.85</ele>
        <time>2024-04-26T19:33:01Z</time>
      </trkpt>
      <trkpt lat="44.38196" lon="-73.89021">
        <ele>1228.56</ele>
        <time>2024-04-26T19:33:08Z</time>
      </trkpt>
      <trkpt lat="44.38198" lon="-73.89021">
        <ele>1228.93</ele>
        <time>2024-04-26T19:33:15Z</time>
      </trkpt>
      <trkpt lat="44.382" lon="-73.89019">
        <ele>1229.22</ele>
        <time>2024-04-26T19:33:24Z</time>
      </trkpt>
      <trkpt lat="44.38201" lon="-73.89018">
        <ele>1229.36</ele>
        <time>2024-04-26T19:33:26Z</time>
      </trkpt>
      <trkpt lat="44.38203" lon="-73.89017">
        <ele>1229.68</ele>
        <time>2024-04-26T19:33:29Z</time>
      </trkpt>
      <trkpt lat="44.38204" lon="-73.89017">
        <ele>1229.9</ele>
        <time>2024-04-26T19:33:30Z</time>
      </trkpt>
      <trkpt lat="44.38205" lon="-73.89016">
        <ele>1230.01</ele>
        <time>2024-04-26T19:33:31Z</time>
      </trkpt>
      <trkpt lat="44.38209" lon="-73.89013">
        <ele>1230.55</ele>
        <time>2024-04-26T19:33:37Z</time>
      </trkpt>
      <trkpt lat="44.38209" lon="-73.89013">
        <ele>1230.55</ele>
        <time>2024-04-26T19:33:38Z</time>
      </trkpt>
      <trkpt lat="44.38215" lon="-73.8901">
        <ele>1231.3</ele>
        <time>2024-04-26T19:33:45Z</time>
      </trkpt>
      <trkpt lat="44.38221" lon="-73.89008">
        <ele>1231.6</ele>
        <time>2024-04-26T19:33:53Z</time>
      </trkpt>
      <trkpt lat="44.38222" lon="-73.89008">
        <ele>1231.7</ele>
        <time>2024-04-26T19:33:54Z</time>
      </trkpt>
      <trkpt lat="44.38224" lon="-73.89009">
        <ele>1232.33</ele>
        <time>2024-04-26T19:33:59Z</time>
      </trkpt>
      <trkpt lat="44.38224" lon="-73.89009">
        <ele>1232.33</ele>
        <time>2024-04-26T19:34:00Z</time>
      </trkpt>
      <trkpt lat="44.38225" lon="-73.89009">
        <ele>1232.54</ele>
        <time>2024-04-26T19:34:05Z</time>
      </trkpt>
      <trkpt lat="44.38225" lon="-73.89008">
        <ele>1232.33</ele>
        <time>2024-04-26T19:34:07Z</time>
      </trkpt>
      <trkpt lat="44.38227" lon="-73.89009">
        <ele>1232.98</ele>
        <time>2024-04-26T19:34:17Z</time>
      </trkpt>
      <trkpt lat="44.38228" lon="-73.89009">
        <ele>1233.19</ele>
        <time>2024-04-26T19:34:18Z</time>
      </trkpt>
      <trkpt lat="44.38232" lon="-73.89009">
        <ele>1234.05</ele>
        <time>2024-04-26T19:34:24Z</time>
      </trkpt>
      <trkpt lat="44.38233" lon="-73.89009">
        <ele>1234.27</ele>
        <time>2024-04-26T19:34:25Z</time>
      </trkpt>
      <trkpt lat="44.38238" lon="-73.8901">
        <ele>1235.49</ele>
        <time>2024-04-26T19:34:32Z</time>
      </trkpt>
      <trkpt lat="44.38242" lon="-73.89011">
        <ele>1236.46</ele>
        <time>2024-04-26T19:34:38Z</time>
      </trkpt>
      <trkpt lat="44.38245" lon="-73.89011">
        <ele>1237.11</ele>
        <time>2024-04-26T19:34:41Z</time>
      </trkpt>
      <trkpt lat="44.38247" lon="-73.89012">
        <ele>1237.65</ele>
        <time>2024-04-26T19:34:44Z</time>
      </trkpt>
      <trkpt lat="44.38252" lon="-73.89014">
        <ele>1239.05</ele>
        <time>2024-04-26T19:34:51Z</time>
      </trkpt>
      <trkpt lat="44.38253" lon="-73.89014">
        <ele>1239.32</ele>
        <time>2024-04-26T19:34:53Z</time>
      </trkpt>
      <trkpt lat="44.38256" lon="-73.89013">
        <ele>1240.09</ele>
        <time>2024-04-26T19:34:59Z</time>
      </trkpt>
      <trkpt lat="44.38257" lon="-73.89013">
        <ele>1240.37</ele>
        <time>2024-04-26T19:35:01Z</time>
      </trkpt>
      <trkpt lat="44.38261" lon="-73.89014">
        <ele>1241.38</ele>
        <time>2024-04-26T19:35:07Z</time>
      </trkpt>
      <trkpt lat="44.38262" lon="-73.89014">
        <ele>1241.59</ele>
        <time>2024-04-26T19:35:08Z</time>
      </trkpt>
      <trkpt lat="44.38264" lon="-73.89015">
        <ele>1242.02</ele>
        <time>2024-04-26T19:35:14Z</time>
      </trkpt>
      <trkpt lat="44.38266" lon="-73.89015">
        <ele>1242.46</ele>
        <time>2024-04-26T19:35:21Z</time>
      </trkpt>
      <trkpt lat="44.38267" lon="-73.89015">
        <ele>1242.67</ele>
        <time>2024-04-26T19:35:26Z</time>
      </trkpt>
      <trkpt lat="44.38267" lon="-73.89014">
        <ele>1242.67</ele>
        <time>2024-04-26T19:35:33Z</time>
      </trkpt>
      <trkpt lat="44.38267" lon="-73.89014">
        <ele>1242.67</ele>
        <time>2024-04-26T19:35:40Z</time>
      </trkpt>
      <trkpt lat="44.38267" lon="-73.89015">
        <ele>1242.67</ele>
        <time>2024-04-26T19:35:49Z</time>
      </trkpt>
      <trkpt lat="44.38268" lon="-73.89013">
        <ele>1242.89</ele>
        <time>2024-04-26T19:35:58Z</time>
      </trkpt>
      <trkpt lat="44.38268" lon="-73.89013">
        <ele>1242.89</ele>
        <time>2024-04-26T19:36:00Z</time>
      </trkpt>
      <trkpt lat="44.38268" lon="-73.89014">
        <ele>1242.89</ele>
        <time>2024-04-26T19:36:04Z</time>
      </trkpt>
      <trkpt lat="44.38269" lon="-73.89014">
        <ele>1243.05</ele>
        <time>2024-04-26T19:36:05Z</time>
      </trkpt>
      <trkpt lat="44.38275" lon="-73.89013">
        <ele>1243.7</ele>
        <time>2024-04-26T19:36:12Z</time>
      </trkpt>
      <trkpt lat="44.38279" lon="-73.89013">
        <ele>1244.13</ele>
        <time>2024-04-26T19:36:17Z</time>
      </trkpt>
      <trkpt lat="44.38282" lon="-73.89011">
        <ele>1244.46</ele>
        <time>2024-04-26T19:36:21Z</time>
      </trkpt>
      <trkpt lat="44.38282" lon="-73.8901">
        <ele>1244.46</ele>
        <time>2024-04-26T19:36:22Z</time>
      </trkpt>
      <trkpt lat="44.38286" lon="-73.89011">
        <ele>1244.89</ele>
        <time>2024-04-26T19:36:30Z</time>
      </trkpt>
      <trkpt lat="44.3829" lon="-73.89013">
        <ele>1245.32</ele>
        <time>2024-04-26T19:36:38Z</time>
      </trkpt>
      <trkpt lat="44.3829" lon="-73.89012">
        <ele>1245.32</ele>
        <time>2024-04-26T19:36:39Z</time>
      </trkpt>
      <trkpt lat="44.38295" lon="-73.89008">
        <ele>1245.61</ele>
        <time>2024-04-26T19:36:45Z</time>
      </trkpt>
      <trkpt lat="44.38299" lon="-73.89008">
        <ele>1246.02</ele>
        <time>2024-04-26T19:36:49Z</time>
      </trkpt>
      <trkpt lat="44.383" lon="-73.89007">
        <ele>1245.91</ele>
        <time>2024-04-26T19:36:52Z</time>
      </trkpt>
      <trkpt lat="44.38304" lon="-73.89011">
        <ele>1246.83</ele>
        <time>2024-04-26T19:36:58Z</time>
      </trkpt>
      <trkpt lat="44.38305" lon="-73.89012">
        <ele>1246.94</ele>
        <time>2024-04-26T19:37:00Z</time>
      </trkpt>
      <trkpt lat="44.3831" lon="-73.89017">
        <ele>1247.88</ele>
        <time>2024-04-26T19:37:07Z</time>
      </trkpt>
      <trkpt lat="44.38315" lon="-73.89016">
        <ele>1248.77</ele>
        <time>2024-04-26T19:37:13Z</time>
      </trkpt>
      <trkpt lat="44.3832" lon="-73.89014">
        <ele>1249.63</ele>
        <time>2024-04-26T19:37:20Z</time>
      </trkpt>
      <trkpt lat="44.3832" lon="-73.89014">
        <ele>1249.63</ele>
        <time>2024-04-26T19:37:21Z</time>
      </trkpt>
      <trkpt lat="44.38324" lon="-73.89013">
        <ele>1250.39</ele>
        <time>2024-04-26T19:37:27Z</time>
      </trkpt>
      <trkpt lat="44.38326" lon="-73.89016">
        <ele>1251.09</ele>
        <time>2024-04-26T19:37:32Z</time>
      </trkpt>
      <trkpt lat="44.38328" lon="-73.89016">
        <ele>1251.46</ele>
        <time>2024-04-26T19:37:35Z</time>
      </trkpt>
      <trkpt lat="44.38333" lon="-73.89013">
        <ele>1251.76</ele>
        <time>2024-04-26T19:37:41Z</time>
      </trkpt>
      <trkpt lat="44.38333" lon="-73.89013">
        <ele>1251.76</ele>
        <time>2024-04-26T19:37:42Z</time>
      </trkpt>
      <trkpt lat="44.38336" lon="-73.89012">
        <ele>1251.88</ele>
        <time>2024-04-26T19:37:50Z</time>
      </trkpt>
      <trkpt lat="44.3834" lon="-73.89013">
        <ele>1252.53</ele>
        <time>2024-04-26T19:37:56Z</time>
      </trkpt>
      <trkpt lat="44.38341" lon="-73.89013">
        <ele>1252.64</ele>
        <time>2024-04-26T19:37:57Z</time>
      </trkpt>
      <trkpt lat="44.38345" lon="-73.89016">
        <ele>1253.46</ele>
        <time>2024-04-26T19:38:04Z</time>
      </trkpt>
      <trkpt lat="44.3835" lon="-73.89018">
        <ele>1253.89</ele>
        <time>2024-04-26T19:38:12Z</time>
      </trkpt>
      <trkpt lat="44.38355" lon="-73.8902">
        <ele>1254.32</ele>
        <time>2024-04-26T19:38:20Z</time>
      </trkpt>
      <trkpt lat="44.38361" lon="-73.89022">
        <ele>1254.75</ele>
        <time>2024-04-26T19:38:28Z</time>
      </trkpt>
      <trkpt lat="44.38363" lon="-73.89022">
        <ele>1255.03</ele>
        <time>2024-04-26T19:38:29Z</time>
      </trkpt>
      <trkpt lat="44.38366" lon="-73.89022">
        <ele>1255.48</ele>
        <time>2024-04-26T19:38:34Z</time>
      </trkpt>
      <trkpt lat="44.38366" lon="-73.89022">
        <ele>1255.48</ele>
        <time>2024-04-26T19:38:35Z</time>
      </trkpt>
      <trkpt lat="44.38372" lon="-73.89021">
        <ele>1256.11</ele>
        <time>2024-04-26T19:38:44Z</time>
      </trkpt>
      <trkpt lat="44.38374" lon="-73.89023">
        <ele>1257.05</ele>
        <time>2024-04-26T19:38:52Z</time>
      </trkpt>
      <trkpt lat="44.38379" lon="-73.89022">
        <ele>1257.64</ele>
        <time>2024-04-26T19:39:01Z</time>
      </trkpt>
      <trkpt lat="44.38383" lon="-73.89022">
        <ele>1258.25</ele>
        <time>2024-04-26T19:39:09Z</time>
      </trkpt>
      <trkpt lat="44.38385" lon="-73.89019">
        <ele>1257.71</ele>
        <time>2024-04-26T19:39:19Z</time>
      </trkpt>
      <trkpt lat="44.38385" lon="-73.89019">
        <ele>1257.71</ele>
        <time>2024-04-26T19:39:26Z</time>
      </trkpt>
      <trkpt lat="44.38385" lon="-73.8902">
        <ele>1257.99</ele>
        <time>2024-04-26T19:39:33Z</time>
      </trkpt>
      <trkpt lat="44.3839" lon="-73.89025">
        <ele>1260.1</ele>
        <time>2024-04-26T19:39:42Z</time>
      </trkpt>
      <trkpt lat="44.38389" lon="-73.89025">
        <ele>1260.1</ele>
        <time>2024-04-26T19:39:52Z</time>
      </trkpt>
      <trkpt lat="44.38391" lon="-73.89027">
        <ele>1260.75</ele>
        <time>2024-04-26T19:40:01Z</time>
      </trkpt>
      <trkpt lat="44.38392" lon="-73.89027">
        <ele>1260.75</ele>
        <time>2024-04-26T19:40:10Z</time>
      </trkpt>
      <trkpt lat="44.38393" lon="-73.89027">
        <ele>1260.75</ele>
        <time>2024-04-26T19:40:20Z</time>
      </trkpt>
      <trkpt lat="44.38394" lon="-73.89026">
        <ele>1260.42</ele>
        <time>2024-04-26T19:40:23Z</time>
      </trkpt>
      <trkpt lat="44.38394" lon="-73.89026">
        <ele>1260.42</ele>
        <time>2024-04-26T19:40:24Z</time>
      </trkpt>
      <trkpt lat="44.38395" lon="-73.89026">
        <ele>1260.42</ele>
        <time>2024-04-26T19:40:31Z</time>
      </trkpt>
      <trkpt lat="44.38396" lon="-73.89022">
        <ele>1259.13</ele>
        <time>2024-04-26T19:40:35Z</time>
      </trkpt>
      <trkpt lat="44.384" lon="-73.89018">
        <ele>1257.78</ele>
        <time>2024-04-26T19:40:43Z</time>
      </trkpt>
      <trkpt lat="44.38403" lon="-73.89019">
        <ele>1258.16</ele>
        <time>2024-04-26T19:40:50Z</time>
      </trkpt>
      <trkpt lat="44.38404" lon="-73.8902">
        <ele>1258.48</ele>
        <time>2024-04-26T19:40:51Z</time>
      </trkpt>
      <trkpt lat="44.38405" lon="-73.89019">
        <ele>1258.16</ele>
        <time>2024-04-26T19:40:58Z</time>
      </trkpt>
      <trkpt lat="44.38407" lon="-73.89018">
        <ele>1257.78</ele>
        <time>2024-04-26T19:41:03Z</time>
      </trkpt>
      <trkpt lat="44.38408" lon="-73.89018">
        <ele>1257.78</ele>
        <time>2024-04-26T19:41:05Z</time>
      </trkpt>
      <trkpt lat="44.38409" lon="-73.89018">
        <ele>1257.78</ele>
        <time>2024-04-26T19:41:07Z</time>
      </trkpt>
      <trkpt lat="44.38415" lon="-73.89019">
        <ele>1258.16</ele>
        <time>2024-04-26T19:41:14Z</time>
      </trkpt>
      <trkpt lat="44.38415" lon="-73.89019">
        <ele>1258.16</ele>
        <time>2024-04-26T19:41:15Z</time>
      </trkpt>
      <trkpt lat="44.38418" lon="-73.89023">
        <ele>1259.31</ele>
        <time>2024-04-26T19:41:21Z</time>
      </trkpt>
      <trkpt lat="44.38419" lon="-73.89026">
        <ele>1260.17</ele>
        <time>2024-04-26T19:41:24Z</time>
      </trkpt>
      <trkpt lat="44.38421" lon="-73.89027">
        <ele>1260.28</ele>
        <time>2024-04-26T19:41:27Z</time>
      </trkpt>
      <trkpt lat="44.38423" lon="-73.8903">
        <ele>1260.8</ele>
        <time>2024-04-26T19:41:31Z</time>
      </trkpt>
      <trkpt lat="44.3843" lon="-73.89031">
        <ele>1260.7</ele>
        <time>2024-04-26T19:41:39Z</time>
      </trkpt>
      <trkpt lat="44.3843" lon="-73.89031">
        <ele>1260.7</ele>
        <time>2024-04-26T19:41:40Z</time>
      </trkpt>
      <trkpt lat="44.38435" lon="-73.89033">
        <ele>1261.13</ele>
        <time>2024-04-26T19:41:46Z</time>
      </trkpt>
      <trkpt lat="44.3844" lon="-73.89038">
        <ele>1262.21</ele>
        <time>2024-04-26T19:41:55Z</time>
      </trkpt>
      <trkpt lat="44.38442" lon="-73.89038">
        <ele>1262.21</ele>
        <time>2024-04-26T19:41:58Z</time>
      </trkpt>
      <trkpt lat="44.38444" lon="-73.89037">
        <ele>1261.99</ele>
        <time>2024-04-26T19:42:02Z</time>
      </trkpt>
      <trkpt lat="44.38446" lon="-73.89036">
        <ele>1261.78</ele>
        <time>2024-04-26T19:42:05Z</time>
      </trkpt>
      <trkpt lat="44.3845" lon="-73.89033">
        <ele>1261.13</ele>
        <time>2024-04-26T19:42:09Z</time>
      </trkpt>
      <trkpt lat="44.38457" lon="-73.89031">
        <ele>1260.46</ele>
        <time>2024-04-26T19:42:17Z</time>
      </trkpt>
      <trkpt lat="44.38458" lon="-73.89031">
        <ele>1260.39</ele>
        <time>2024-04-26T19:42:18Z</time>
      </trkpt>
      <trkpt lat="44.38462" lon="-73.8903">
        <ele>1259.8</ele>
        <time>2024-04-26T19:42:22Z</time>
      </trkpt>
      <trkpt lat="44.38467" lon="-73.89032">
        <ele>1260.61</ele>
        <time>2024-04-26T19:42:27Z</time>
      </trkpt>
      <trkpt lat="44.38472" lon="-73.89037">
        <ele>1261.99</ele>
        <time>2024-04-26T19:42:35Z</time>
      </trkpt>
      <trkpt lat="44.38478" lon="-73.89036">
        <ele>1261.78</ele>
        <time>2024-04-26T19:42:42Z</time>
      </trkpt>
      <trkpt lat="44.38484" lon="-73.89036">
        <ele>1261.78</ele>
        <time>2024-04-26T19:42:49Z</time>
      </trkpt>
      <trkpt lat="44.38485" lon="-73.89037">
        <ele>1261.99</ele>
        <time>2024-04-26T19:42:50Z</time>
      </trkpt>
      <trkpt lat="44.3849" lon="-73.8904">
        <ele>1262.61</ele>
        <time>2024-04-26T19:42:58Z</time>
      </trkpt>
      <trkpt lat="44.38494" lon="-73.89041">
        <ele>1262.86</ele>
        <time>2024-04-26T19:43:02Z</time>
      </trkpt>
      <trkpt lat="44.38496" lon="-73.89042">
        <ele>1263.07</ele>
        <time>2024-04-26T19:43:05Z</time>
      </trkpt>
      <trkpt lat="44.38503" lon="-73.89046">
        <ele>1264.26</ele>
        <time>2024-04-26T19:43:13Z</time>
      </trkpt>
      <trkpt lat="44.38505" lon="-73.89047">
        <ele>1264.65</ele>
        <time>2024-04-26T19:43:20Z</time>
      </trkpt>
      <trkpt lat="44.38508" lon="-73.89047">
        <ele>1264.95</ele>
        <time>2024-04-26T19:43:26Z</time>
      </trkpt>
      <trkpt lat="44.38512" lon="-73.8905">
        <ele>1265.87</ele>
        <time>2024-04-26T19:43:33Z</time>
      </trkpt>
      <trkpt lat="44.38516" lon="-73.8905">
        <ele>1266.56</ele>
        <time>2024-04-26T19:43:39Z</time>
      </trkpt>
      <trkpt lat="44.38516" lon="-73.8905">
        <ele>1266.56</ele>
        <time>2024-04-26T19:43:46Z</time>
      </trkpt>
      <trkpt lat="44.38518" lon="-73.89052">
        <ele>1266.92</ele>
        <time>2024-04-26T19:43:53Z</time>
      </trkpt>
      <trkpt lat="44.38521" lon="-73.89055">
        <ele>1267.27</ele>
        <time>2024-04-26T19:44:00Z</time>
      </trkpt>
      <trkpt lat="44.38522" lon="-73.89055">
        <ele>1267.38</ele>
        <time>2024-04-26T19:44:04Z</time>
      </trkpt>
      <trkpt lat="44.38522" lon="-73.89055">
        <ele>1267.38</ele>
        <time>2024-04-26T19:44:05Z</time>
      </trkpt>
      <trkpt lat="44.38525" lon="-73.89055">
        <ele>1267.7</ele>
        <time>2024-04-26T19:44:11Z</time>
      </trkpt>
      <trkpt lat="44.38526" lon="-73.89056">
        <ele>1267.81</ele>
        <time>2024-04-26T19:44:13Z</time>
      </trkpt>
      <trkpt lat="44.38528" lon="-73.89055">
        <ele>1268.05</ele>
        <time>2024-04-26T19:44:16Z</time>
      </trkpt>
      <trkpt lat="44.38529" lon="-73.89053">
        <ele>1268.26</ele>
        <time>2024-04-26T19:44:19Z</time>
      </trkpt>
      <trkpt lat="44.38529" lon="-73.89053">
        <ele>1268.26</ele>
        <time>2024-04-26T19:44:20Z</time>
      </trkpt>
      <trkpt lat="44.3853" lon="-73.89049">
        <ele>1268.48</ele>
        <time>2024-04-26T19:44:24Z</time>
      </trkpt>
      <trkpt lat="44.3853" lon="-73.89048">
        <ele>1268.48</ele>
        <time>2024-04-26T19:44:26Z</time>
      </trkpt>
      <trkpt lat="44.3853" lon="-73.89047">
        <ele>1268.48</ele>
        <time>2024-04-26T19:44:27Z</time>
      </trkpt>
      <trkpt lat="44.3853" lon="-73.89041">
        <ele>1268.48</ele>
        <time>2024-04-26T19:44:35Z</time>
      </trkpt>
      <trkpt lat="44.38532" lon="-73.89038">
        <ele>1268.91</ele>
        <time>2024-04-26T19:44:41Z</time>
      </trkpt>
      <trkpt lat="44.38535" lon="-73.89035">
        <ele>1269.46</ele>
        <time>2024-04-26T19:44:48Z</time>
      </trkpt>
      <trkpt lat="44.38536" lon="-73.89032">
        <ele>1269.65</ele>
        <time>2024-04-26T19:44:55Z</time>
      </trkpt>
      <trkpt lat="44.38536" lon="-73.89032">
        <ele>1269.65</ele>
        <time>2024-04-26T19:44:56Z</time>
      </trkpt>
      <trkpt lat="44.38536" lon="-73.89029">
        <ele>1269.58</ele>
        <time>2024-04-26T19:45:01Z</time>
      </trkpt>
      <trkpt lat="44.38539" lon="-73.89025">
        <ele>1269.89</ele>
        <time>2024-04-26T19:45:07Z</time>
      </trkpt>
      <trkpt lat="44.38541" lon="-73.89023">
        <ele>1270.04</ele>
        <time>2024-04-26T19:45:10Z</time>
      </trkpt>
      <trkpt lat="44.38542" lon="-73.89021">
        <ele>1270.0</ele>
        <time>2024-04-26T19:45:14Z</time>
      </trkpt>
      <trkpt lat="44.38545" lon="-73.89016">
        <ele>1269.73</ele>
        <time>2024-04-26T19:45:20Z</time>
      </trkpt>
      <trkpt lat="44.38549" lon="-73.89015">
        <ele>1270.15</ele>
        <time>2024-04-26T19:45:27Z</time>
      </trkpt>
      <trkpt lat="44.3855" lon="-73.89015">
        <ele>1270.26</ele>
        <time>2024-04-26T19:45:30Z</time>
      </trkpt>
      <trkpt lat="44.38553" lon="-73.89015">
        <ele>1270.58</ele>
        <time>2024-04-26T19:45:36Z</time>
      </trkpt>
      <trkpt lat="44.38558" lon="-73.89012">
        <ele>1270.15</ele>
        <time>2024-04-26T19:45:44Z</time>
      </trkpt>
      <trkpt lat="44.38563" lon="-73.89007">
        <ele>1268.83</ele>
        <time>2024-04-26T19:45:52Z</time>
      </trkpt>
      <trkpt lat="44.38569" lon="-73.89009">
        <ele>1270.35</ele>
        <time>2024-04-26T19:45:59Z</time>
      </trkpt>
      <trkpt lat="44.3857" lon="-73.89009">
        <ele>1270.46</ele>
        <time>2024-04-26T19:46:03Z</time>
      </trkpt>
      <trkpt lat="44.3857" lon="-73.8901">
        <ele>1270.76</ele>
        <time>2024-04-26T19:46:05Z</time>
      </trkpt>
      <trkpt lat="44.38573" lon="-73.8901">
        <ele>1271.05</ele>
        <time>2024-04-26T19:46:09Z</time>
      </trkpt>
      <trkpt lat="44.38574" lon="-73.8901">
        <ele>1271.15</ele>
        <time>2024-04-26T19:46:10Z</time>
      </trkpt>
      <trkpt lat="44.3858" lon="-73.89006">
        <ele>1270.58</ele>
        <time>2024-04-26T19:46:18Z</time>
      </trkpt>
      <trkpt lat="44.38586" lon="-73.89">
        <ele>1269.29</ele>
        <time>2024-04-26T19:46:26Z</time>
      </trkpt>
      <trkpt lat="44.38591" lon="-73.89001">
        <ele>1270.06</ele>
        <time>2024-04-26T19:46:33Z</time>
      </trkpt>
      <trkpt lat="44.38599" lon="-73.89">
        <ele>1270.69</ele>
        <time>2024-04-26T19:46:40Z</time>
      </trkpt>
      <trkpt lat="44.38603" lon="-73.89001">
        <ele>1271.35</ele>
        <time>2024-04-26T19:46:45Z</time>
      </trkpt>
      <trkpt lat="44.38604" lon="-73.89002">
        <ele>1271.71</ele>
        <time>2024-04-26T19:46:46Z</time>
      </trkpt>
      <trkpt lat="44.38612" lon="-73.89005">
        <ele>1273.81</ele>
        <time>2024-04-26T19:46:53Z</time>
      </trkpt>
      <trkpt lat="44.38616" lon="-73.89007">
        <ele>1275.32</ele>
        <time>2024-04-26T19:46:57Z</time>
      </trkpt>
      <trkpt lat="44.38619" lon="-73.89007">
        <ele>1275.97</ele>
        <time>2024-04-26T19:47:00Z</time>
      </trkpt>
      <trkpt lat="44.38624" lon="-73.89009">
        <ele>1277.7</ele>
        <time>2024-04-26T19:47:05Z</time>
      </trkpt>
      <trkpt lat="44.38624" lon="-73.8901">
        <ele>1277.94</ele>
        <time>2024-04-26T19:47:06Z</time>
      </trkpt>
      <trkpt lat="44.38629" lon="-73.89015">
        <ele>1280.1</ele>
        <time>2024-04-26T19:47:14Z</time>
      </trkpt>
      <trkpt lat="44.38633" lon="-73.89018">
        <ele>1281.62</ele>
        <time>2024-04-26T19:47:20Z</time>
      </trkpt>
      <trkpt lat="44.38636" lon="-73.8902">
        <ele>1282.43</ele>
        <time>2024-04-26T19:47:26Z</time>
      </trkpt>
      <trkpt lat="44.38636" lon="-73.8902">
        <ele>1282.43</ele>
        <time>2024-04-26T19:47:27Z</time>
      </trkpt>
      <trkpt lat="44.38638" lon="-73.89019">
        <ele>1282.81</ele>
        <time>2024-04-26T19:47:30Z</time>
      </trkpt>
      <trkpt lat="44.38639" lon="-73.89017">
        <ele>1282.69</ele>
        <time>2024-04-26T19:47:32Z</time>
      </trkpt>
      <trkpt lat="44.3864" lon="-73.89016">
        <ele>1282.61</ele>
        <time>2024-04-26T19:47:34Z</time>
      </trkpt>
      <trkpt lat="44.38642" lon="-73.89016">
        <ele>1282.88</ele>
        <time>2024-04-26T19:47:36Z</time>
      </trkpt>
      <trkpt lat="44.38645" lon="-73.89016">
        <ele>1283.3</ele>
        <time>2024-04-26T19:47:40Z</time>
      </trkpt>
      <trkpt lat="44.38648" lon="-73.89015">
        <ele>1283.6</ele>
        <time>2024-04-26T19:47:43Z</time>
      </trkpt>
      <trkpt lat="44.3865" lon="-73.89016">
        <ele>1284.13</ele>
        <time>2024-04-26T19:47:46Z</time>
      </trkpt>
      <trkpt lat="44.38651" lon="-73.89014">
        <ele>1284.13</ele>
        <time>2024-04-26T19:47:50Z</time>
      </trkpt>
      <trkpt lat="44.38651" lon="-73.89013">
        <ele>1284.02</ele>
        <time>2024-04-26T19:47:51Z</time>
      </trkpt>
      <trkpt lat="44.38651" lon="-73.89013">
        <ele>1284.02</ele>
        <time>2024-04-26T19:47:52Z</time>
      </trkpt>
      <trkpt lat="44.38655" lon="-73.89009">
        <ele>1284.42</ele>
        <time>2024-04-26T19:47:58Z</time>
      </trkpt>
      <trkpt lat="44.38656" lon="-73.89009">
        <ele>1284.64</ele>
        <time>2024-04-26T19:47:59Z</time>
      </trkpt>
      <trkpt lat="44.3866" lon="-73.89008">
        <ele>1285.29</ele>
        <time>2024-04-26T19:48:05Z</time>
      </trkpt>
      <trkpt lat="44.38664" lon="-73.89007">
        <ele>1285.94</ele>
        <time>2024-04-26T19:48:09Z</time>
      </trkpt>
      <trkpt lat="44.38667" lon="-73.89007">
        <ele>1286.57</ele>
        <time>2024-04-26T19:48:13Z</time>
      </trkpt>
      <trkpt lat="44.38668" lon="-73.89006">
        <ele>1286.54</ele>
        <time>2024-04-26T19:48:15Z</time>
      </trkpt>
      <trkpt lat="44.38673" lon="-73.89006">
        <ele>1287.46</ele>
        <time>2024-04-26T19:48:21Z</time>
      </trkpt>
      <trkpt lat="44.38673" lon="-73.89005">
        <ele>1287.39</ele>
        <time>2024-04-26T19:48:25Z</time>
      </trkpt>
      <trkpt lat="44.38674" lon="-73.89004">
        <ele>1287.56</ele>
        <time>2024-04-26T19:48:26Z</time>
      </trkpt>
      <trkpt lat="44.38675" lon="-73.89003">
        <ele>1287.76</ele>
        <time>2024-04-26T19:48:28Z</time>
      </trkpt>
      <trkpt lat="44.38677" lon="-73.89">
        <ele>1288.23</ele>
        <time>2024-04-26T19:48:31Z</time>
      </trkpt>
      <trkpt lat="44.38677" lon="-73.88994">
        <ele>1287.73</ele>
        <time>2024-04-26T19:48:37Z</time>
      </trkpt>
      <trkpt lat="44.38677" lon="-73.88991">
        <ele>1287.49</ele>
        <time>2024-04-26T19:48:39Z</time>
      </trkpt>
      <trkpt lat="44.3868" lon="-73.8899">
        <ele>1288.55</ele>
        <time>2024-04-26T19:48:43Z</time>
      </trkpt>
      <trkpt lat="44.38682" lon="-73.88989">
        <ele>1289.24</ele>
        <time>2024-04-26T19:48:45Z</time>
      </trkpt>
      <trkpt lat="44.38685" lon="-73.88987">
        <ele>1290.49</ele>
        <time>2024-04-26T19:48:50Z</time>
      </trkpt>
      <trkpt lat="44.38686" lon="-73.88986">
        <ele>1290.75</ele>
        <time>2024-04-26T19:48:52Z</time>
      </trkpt>
      <trkpt lat="44.38691" lon="-73.88985">
        <ele>1292.41</ele>
        <time>2024-04-26T19:48:59Z</time>
      </trkpt>
      <trkpt lat="44.38696" lon="-73.88986">
        <ele>1293.6</ele>
        <time>2024-04-26T19:49:06Z</time>
      </trkpt>
      <trkpt lat="44.38699" lon="-73.88985">
        <ele>1293.93</ele>
        <time>2024-04-26T19:49:10Z</time>
      </trkpt>
      <trkpt lat="44.38702" lon="-73.88982">
        <ele>1294.71</ele>
        <time>2024-04-26T19:49:14Z</time>
      </trkpt>
      <trkpt lat="44.38704" lon="-73.8898">
        <ele>1295.01</ele>
        <time>2024-04-26T19:49:18Z</time>
      </trkpt>
      <trkpt lat="44.38706" lon="-73.88978">
        <ele>1295.09</ele>
        <time>2024-04-26T19:49:21Z</time>
      </trkpt>
      <trkpt lat="44.38707" lon="-73.88976">
        <ele>1295.21</ele>
        <time>2024-04-26T19:49:25Z</time>
      </trkpt>
      <trkpt lat="44.38707" lon="-73.88975">
        <ele>1295.25</ele>
        <time>2024-04-26T19:49:27Z</time>
      </trkpt>
      <trkpt lat="44.38712" lon="-73.88973">
        <ele>1295.82</ele>
        <time>2024-04-26T19:49:32Z</time>
      </trkpt>
      <trkpt lat="44.38712" lon="-73.88971">
        <ele>1295.88</ele>
        <time>2024-04-26T19:49:34Z</time>
      </trkpt>
      <trkpt lat="44.38713" lon="-73.8897">
        <ele>1296.0</ele>
        <time>2024-04-26T19:49:44Z</time>
      </trkpt>
      <trkpt lat="44.38715" lon="-73.88969">
        <ele>1296.08</ele>
        <time>2024-04-26T19:50:04Z</time>
      </trkpt>
      <trkpt lat="44.38715" lon="-73.88969">
        <ele>1296.08</ele>
        <time>2024-04-26T19:50:12Z</time>
      </trkpt>
      <trkpt lat="44.38714" lon="-73.8897">
        <ele>1296.03</ele>
        <time>2024-04-26T19:50:26Z</time>
      </trkpt>
      <trkpt lat="44.38714" lon="-73.8897">
        <ele>1296.03</ele>
        <time>2024-04-26T19:50:29Z</time>
      </trkpt>
      <trkpt lat="44.38715" lon="-73.8897">
        <ele>1296.05</ele>
        <time>2024-04-26T19:50:32Z</time>
      </trkpt>
      <trkpt lat="44.38714" lon="-73.8897">
        <ele>1296.03</ele>
        <time>2024-04-26T19:50:37Z</time>
      </trkpt>
      <trkpt lat="44.38714" lon="-73.8897">
        <ele>1296.03</ele>
        <time>2024-04-26T19:50:44Z</time>
      </trkpt>
      <trkpt lat="44.38713" lon="-73.8897">
        <ele>1296.0</ele>
        <time>2024-04-26T19:50:51Z</time>
      </trkpt>
      <trkpt lat="44.38713" lon="-73.8897">
        <ele>1296.0</ele>
        <time>2024-04-26T19:50:53Z</time>
      </trkpt>
      <trkpt lat="44.38713" lon="-73.8897">
        <ele>1296.0</ele>
        <time>2024-04-26T19:50:57Z</time>
      </trkpt>
      <trkpt lat="44.38711" lon="-73.88971">
        <ele>1295.76</ele>
        <time>2024-04-26T19:51:00Z</time>
      </trkpt>
      <trkpt lat="44.38707" lon="-73.88976">
        <ele>1295.21</ele>
        <time>2024-04-26T19:51:06Z</time>
      </trkpt>
      <trkpt lat="44.38706" lon="-73.88977">
        <ele>1295.12</ele>
        <time>2024-04-26T19:51:10Z</time>
      </trkpt>
      <trkpt lat="44.38705" lon="-73.88978">
        <ele>1295.05</ele>
        <time>2024-04-26T19:51:11Z</time>
      </trkpt>
      <trkpt lat="44.38703" lon="-73.8898">
        <ele>1294.9</ele>
        <time>2024-04-26T19:51:14Z</time>
      </trkpt>
      <trkpt lat="44.38701" lon="-73.88982">
        <ele>1294.61</ele>
        <time>2024-04-26T19:51:19Z</time>
      </trkpt>
      <trkpt lat="44.387" lon="-73.88983">
        <ele>1294.34</ele>
        <time>2024-04-26T19:51:21Z</time>
      </trkpt>
      <trkpt lat="44.38697" lon="-73.88983">
        <ele>1294.07</ele>
        <time>2024-04-26T19:51:24Z</time>
      </trkpt>
      <trkpt lat="44.38692" lon="-73.88983">
        <ele>1292.87</ele>
        <time>2024-04-26T19:51:29Z</time>
      </trkpt>
      <trkpt lat="44.38691" lon="-73.88983">
        <ele>1292.47</ele>
        <time>2024-04-26T19:51:30Z</time>
      </trkpt>
      <trkpt lat="44.38685" lon="-73.88985">
        <ele>1290.26</ele>
        <time>2024-04-26T19:51:35Z</time>
      </trkpt>
      <trkpt lat="44.38683" lon="-73.88985">
        <ele>1289.0</ele>
        <time>2024-04-26T19:51:37Z</time>
      </trkpt>
      <trkpt lat="44.38677" lon="-73.88991">
        <ele>1287.49</ele>
        <time>2024-04-26T19:51:43Z</time>
      </trkpt>
      <trkpt lat="44.38677" lon="-73.88999">
        <ele>1288.15</ele>
        <time>2024-04-26T19:51:50Z</time>
      </trkpt>
      <trkpt lat="44.38676" lon="-73.89">
        <ele>1288.02</ele>
        <time>2024-04-26T19:51:52Z</time>
      </trkpt>
      <trkpt lat="44.38675" lon="-73.89001">
        <ele>1287.72</ele>
        <time>2024-04-26T19:51:54Z</time>
      </trkpt>
      <trkpt lat="44.38673" lon="-73.89001">
        <ele>1287.12</ele>
        <time>2024-04-26T19:51:58Z</time>
      </trkpt>
      <trkpt lat="44.38671" lon="-73.89002">
        <ele>1286.63</ele>
        <time>2024-04-26T19:52:02Z</time>
      </trkpt>
      <trkpt lat="44.38667" lon="-73.89003">
        <ele>1285.73</ele>
        <time>2024-04-26T19:52:07Z</time>
      </trkpt>
      <trkpt lat="44.38665" lon="-73.89003">
        <ele>1285.29</ele>
        <time>2024-04-26T19:52:09Z</time>
      </trkpt>
      <trkpt lat="44.3866" lon="-73.89005">
        <ele>1284.64</ele>
        <time>2024-04-26T19:52:16Z</time>
      </trkpt>
      <trkpt lat="44.38653" lon="-73.89008">
        <ele>1283.78</ele>
        <time>2024-04-26T19:52:23Z</time>
      </trkpt>
      <trkpt lat="44.38652" lon="-73.89011">
        <ele>1284.02</ele>
        <time>2024-04-26T19:52:29Z</time>
      </trkpt>
      <trkpt lat="44.38651" lon="-73.89013">
        <ele>1284.02</ele>
        <time>2024-04-26T19:52:35Z</time>
      </trkpt>
      <trkpt lat="44.3865" lon="-73.89013">
        <ele>1283.8</ele>
        <time>2024-04-26T19:52:36Z</time>
      </trkpt>
      <trkpt lat="44.38645" lon="-73.89014">
        <ele>1283.01</ele>
        <time>2024-04-26T19:52:43Z</time>
      </trkpt>
      <trkpt lat="44.38644" lon="-73.89014">
        <ele>1282.85</ele>
        <time>2024-04-26T19:52:45Z</time>
      </trkpt>
      <trkpt lat="44.38641" lon="-73.89017">
        <ele>1282.94</ele>
        <time>2024-04-26T19:52:50Z</time>
      </trkpt>
      <trkpt lat="44.38639" lon="-73.89018">
        <ele>1282.9</ele>
        <time>2024-04-26T19:52:53Z</time>
      </trkpt>
      <trkpt lat="44.38637" lon="-73.89018">
        <ele>1282.48</ele>
        <time>2024-04-26T19:52:57Z</time>
      </trkpt>
      <trkpt lat="44.38637" lon="-73.89017">
        <ele>1282.26</ele>
        <time>2024-04-26T19:53:00Z</time>
      </trkpt>
      <trkpt lat="44.38635" lon="-73.89016">
        <ele>1281.62</ele>
        <time>2024-04-26T19:53:04Z</time>
      </trkpt>
      <trkpt lat="44.38629" lon="-73.89011">
        <ele>1279.24</ele>
        <time>2024-04-26T19:53:12Z</time>
      </trkpt>
      <trkpt lat="44.38626" lon="-73.89006">
        <ele>1277.16</ele>
        <time>2024-04-26T19:53:19Z</time>
      </trkpt>
      <trkpt lat="44.38618" lon="-73.89005">
        <ele>1275.11</ele>
        <time>2024-04-26T19:53:28Z</time>
      </trkpt>
      <trkpt lat="44.38608" lon="-73.89">
        <ele>1271.66</ele>
        <time>2024-04-26T19:53:37Z</time>
      </trkpt>
      <trkpt lat="44.38598" lon="-73.88998">
        <ele>1269.85</ele>
        <time>2024-04-26T19:53:45Z</time>
      </trkpt>
      <trkpt lat="44.38588" lon="-73.88998">
        <ele>1268.64</ele>
        <time>2024-04-26T19:53:54Z</time>
      </trkpt>
      <trkpt lat="44.38583" lon="-73.89001">
        <ele>1269.29</ele>
        <time>2024-04-26T19:54:00Z</time>
      </trkpt>
      <trkpt lat="44.38582" lon="-73.89002">
        <ele>1269.5</ele>
        <time>2024-04-26T19:54:01Z</time>
      </trkpt>
      <trkpt lat="44.38579" lon="-73.89003">
        <ele>1269.5</ele>
        <time>2024-04-26T19:54:05Z</time>
      </trkpt>
      <trkpt lat="44.38577" lon="-73.89004">
        <ele>1269.61</ele>
        <time>2024-04-26T19:54:07Z</time>
      </trkpt>
      <trkpt lat="44.38574" lon="-73.89008">
        <ele>1270.58</ele>
        <time>2024-04-26T19:54:12Z</time>
      </trkpt>
      <trkpt lat="44.38573" lon="-73.89007">
        <ele>1270.12</ele>
        <time>2024-04-26T19:54:17Z</time>
      </trkpt>
      <trkpt lat="44.38572" lon="-73.89007">
        <ele>1269.99</ele>
        <time>2024-04-26T19:54:18Z</time>
      </trkpt>
      <trkpt lat="44.38572" lon="-73.89007">
        <ele>1269.99</ele>
        <time>2024-04-26T19:54:21Z</time>
      </trkpt>
      <trkpt lat="44.38571" lon="-73.89007">
        <ele>1269.85</ele>
        <time>2024-04-26T19:54:22Z</time>
      </trkpt>
      <trkpt lat="44.38569" lon="-73.89006">
        <ele>1269.2</ele>
        <time>2024-04-26T19:54:24Z</time>
      </trkpt>
      <trkpt lat="44.38563" lon="-73.89008">
        <ele>1269.26</ele>
        <time>2024-04-26T19:54:30Z</time>
      </trkpt>
      <trkpt lat="44.38561" lon="-73.89009">
        <ele>1269.48</ele>
        <time>2024-04-26T19:54:31Z</time>
      </trkpt>
      <trkpt lat="44.38557" lon="-73.89012">
        <ele>1270.04</ele>
        <time>2024-04-26T19:54:36Z</time>
      </trkpt>
      <trkpt lat="44.38555" lon="-73.89013">
        <ele>1270.15</ele>
        <time>2024-04-26T19:54:38Z</time>
      </trkpt>
      <trkpt lat="44.38552" lon="-73.89015">
        <ele>1270.48</ele>
        <time>2024-04-26T19:54:42Z</time>
      </trkpt>
      <trkpt lat="44.38552" lon="-73.89014">
        <ele>1270.15</ele>
        <time>2024-04-26T19:54:44Z</time>
      </trkpt>
      <trkpt lat="44.38551" lon="-73.89014">
        <ele>1270.04</ele>
        <time>2024-04-26T19:54:45Z</time>
      </trkpt>
      <trkpt lat="44.38548" lon="-73.89013">
        <ele>1269.4</ele>
        <time>2024-04-26T19:54:50Z</time>
      </trkpt>
      <trkpt lat="44.38548" lon="-73.89014">
        <ele>1269.72</ele>
        <time>2024-04-26T19:54:52Z</time>
      </trkpt>
      <trkpt lat="44.38544" lon="-73.89018">
        <ele>1270.07</ele>
        <time>2024-04-26T19:54:58Z</time>
      </trkpt>
      <trkpt lat="44.38542" lon="-73.89019">
        <ele>1269.68</ele>
        <time>2024-04-26T19:55:01Z</time>
      </trkpt>
      <trkpt lat="44.38539" lon="-73.89022">
        <ele>1269.31</ele>
        <time>2024-04-26T19:55:05Z</time>
      </trkpt>
      <trkpt lat="44.38535" lon="-73.89028">
        <ele>1269.13</ele>
        <time>2024-04-26T19:55:12Z</time>
      </trkpt>
      <trkpt lat="44.38534" lon="-73.8903">
        <ele>1268.85</ele>
        <time>2024-04-26T19:55:14Z</time>
      </trkpt>
      <trkpt lat="44.38535" lon="-73.89033">
        <ele>1269.37</ele>
        <time>2024-04-26T19:55:20Z</time>
      </trkpt>
      <trkpt lat="44.38532" lon="-73.89036">
        <ele>1268.79</ele>
        <time>2024-04-26T19:55:27Z</time>
      </trkpt>
      <trkpt lat="44.38529" lon="-73.8904">
        <ele>1268.26</ele>
        <time>2024-04-26T19:55:33Z</time>
      </trkpt>
      <trkpt lat="44.38529" lon="-73.89047">
        <ele>1268.26</ele>
        <time>2024-04-26T19:55:41Z</time>
      </trkpt>
      <trkpt lat="44.38529" lon="-73.89048">
        <ele>1268.26</ele>
        <time>2024-04-26T19:55:43Z</time>
      </trkpt>
      <trkpt lat="44.38529" lon="-73.89048">
        <ele>1268.26</ele>
        <time>2024-04-26T19:55:46Z</time>
      </trkpt>
      <trkpt lat="44.38529" lon="-73.8905">
        <ele>1268.26</ele>
        <time>2024-04-26T19:55:51Z</time>
      </trkpt>
      <trkpt lat="44.38529" lon="-73.89051">
        <ele>1268.26</ele>
        <time>2024-04-26T19:55:53Z</time>
      </trkpt>
      <trkpt lat="44.38529" lon="-73.89054">
        <ele>1268.26</ele>
        <time>2024-04-26T19:55:57Z</time>
      </trkpt>
      <trkpt lat="44.38527" lon="-73.89054">
        <ele>1267.92</ele>
        <time>2024-04-26T19:56:02Z</time>
      </trkpt>
      <trkpt lat="44.38524" lon="-73.89053">
        <ele>1267.59</ele>
        <time>2024-04-26T19:56:08Z</time>
      </trkpt>
      <trkpt lat="44.38523" lon="-73.89053">
        <ele>1267.48</ele>
        <time>2024-04-26T19:56:12Z</time>
      </trkpt>
      <trkpt lat="44.38522" lon="-73.89053">
        <ele>1267.38</ele>
        <time>2024-04-26T19:56:14Z</time>
      </trkpt>
      <trkpt lat="44.3852" lon="-73.89052">
        <ele>1267.16</ele>
        <time>2024-04-26T19:56:20Z</time>
      </trkpt>
      <trkpt lat="44.38518" lon="-73.89051">
        <ele>1266.92</ele>
        <time>2024-04-26T19:56:22Z</time>
      </trkpt>
      <trkpt lat="44.38515" lon="-73.89047">
        <ele>1266.27</ele>
        <time>2024-04-26T19:56:26Z</time>
      </trkpt>
      <trkpt lat="44.38515" lon="-73.89046">
        <ele>1266.18</ele>
        <time>2024-04-26T19:56:27Z</time>
      </trkpt>
      <trkpt lat="44.38514" lon="-73.89044">
        <ele>1265.53</ele>
        <time>2024-04-26T19:56:29Z</time>
      </trkpt>
      <trkpt lat="44.3851" lon="-73.89037">
        <ele>1263.15</ele>
        <time>2024-04-26T19:56:36Z</time>
      </trkpt>
      <trkpt lat="44.38508" lon="-73.89032">
        <ele>1261.78</ele>
        <time>2024-04-26T19:56:44Z</time>
      </trkpt>
      <trkpt lat="44.38507" lon="-73.89032">
        <ele>1261.67</ele>
        <time>2024-04-26T19:56:45Z</time>
      </trkpt>
      <trkpt lat="44.38505" lon="-73.89029">
        <ele>1260.8</ele>
        <time>2024-04-26T19:56:51Z</time>
      </trkpt>
      <trkpt lat="44.38504" lon="-73.89026">
        <ele>1260.05</ele>
        <time>2024-04-26T19:56:54Z</time>
      </trkpt>
      <trkpt lat="44.38503" lon="-73.89025">
        <ele>1259.72</ele>
        <time>2024-04-26T19:56:55Z</time>
      </trkpt>
      <trkpt lat="44.38499" lon="-73.8902">
        <ele>1258.23</ele>
        <time>2024-04-26T19:57:04Z</time>
      </trkpt>
      <trkpt lat="44.38498" lon="-73.89017">
        <ele>1257.29</ele>
        <time>2024-04-26T19:57:08Z</time>
      </trkpt>
      <trkpt lat="44.38496" lon="-73.89016">
        <ele>1256.75</ele>
        <time>2024-04-26T19:57:11Z</time>
      </trkpt>
      <trkpt lat="44.38493" lon="-73.89011">
        <ele>1254.81</ele>
        <time>2024-04-26T19:57:18Z</time>
      </trkpt>
      <trkpt lat="44.38489" lon="-73.89009">
        <ele>1253.73</ele>
        <time>2024-04-26T19:57:24Z</time>
      </trkpt>
      <trkpt lat="44.38488" lon="-73.89008">
        <ele>1253.3</ele>
        <time>2024-04-26T19:57:27Z</time>
      </trkpt>
      <trkpt lat="44.38485" lon="-73.89007">
        <ele>1252.65</ele>
        <time>2024-04-26T19:57:34Z</time>
      </trkpt>
      <trkpt lat="44.3848" lon="-73.89008">
        <ele>1252.57</ele>
        <time>2024-04-26T19:57:41Z</time>
      </trkpt>
      <trkpt lat="44.38481" lon="-73.89007">
        <ele>1252.26</ele>
        <time>2024-04-26T19:57:48Z</time>
      </trkpt>
      <trkpt lat="44.38478" lon="-73.89008">
        <ele>1252.54</ele>
        <time>2024-04-26T19:57:56Z</time>
      </trkpt>
      <trkpt lat="44.38477" lon="-73.89008">
        <ele>1252.53</ele>
        <time>2024-04-26T19:58:02Z</time>
      </trkpt>
      <trkpt lat="44.38477" lon="-73.89008">
        <ele>1252.53</ele>
        <time>2024-04-26T19:58:09Z</time>
      </trkpt>
      <trkpt lat="44.38477" lon="-73.89008">
        <ele>1252.53</ele>
        <time>2024-04-26T19:58:19Z</time>
      </trkpt>
      <trkpt lat="44.38476" lon="-73.89009">
        <ele>1252.9</ele>
        <time>2024-04-26T19:58:24Z</time>
      </trkpt>
      <trkpt lat="44.38477" lon="-73.89009">
        <ele>1252.9</ele>
        <time>2024-04-26T19:58:26Z</time>
      </trkpt>
      <trkpt lat="44.38476" lon="-73.89008">
        <ele>1252.51</ele>
        <time>2024-04-26T19:58:36Z</time>
      </trkpt>
      <trkpt lat="44.38477" lon="-73.89009">
        <ele>1252.9</ele>
        <time>2024-04-26T19:58:42Z</time>
      </trkpt>
      <trkpt lat="44.38477" lon="-73.8901">
        <ele>1253.32</ele>
        <time>2024-04-26T19:58:46Z</time>
      </trkpt>
      <trkpt lat="44.38481" lon="-73.89008">
        <ele>1252.58</ele>
        <time>2024-04-26T19:58:55Z</time>
      </trkpt>
      <trkpt lat="44.38483" lon="-73.89009">
        <ele>1253.08</ele>
        <time>2024-04-26T19:59:02Z</time>
      </trkpt>
      <trkpt lat="44.38484" lon="-73.89009">
        <ele>1253.19</ele>
        <time>2024-04-26T19:59:03Z</time>
      </trkpt>
      <trkpt lat="44.38486" lon="-73.89012">
        <ele>1254.53</ele>
        <time>2024-04-26T19:59:10Z</time>
      </trkpt>
      <trkpt lat="44.38488" lon="-73.89015">
        <ele>1255.75</ele>
        <time>2024-04-26T19:59:19Z</time>
      </trkpt>
      <trkpt lat="44.38488" lon="-73.89017">
        <ele>1256.46</ele>
        <time>2024-04-26T19:59:21Z</time>
      </trkpt>
      <trkpt lat="44.3849" lon="-73.8902">
        <ele>1257.48</ele>
        <time>2024-04-26T19:59:25Z</time>
      </trkpt>
      <trkpt lat="44.3849" lon="-73.89021">
        <ele>1257.8</ele>
        <time>2024-04-26T19:59:26Z</time>
      </trkpt>
      <trkpt lat="44.38493" lon="-73.89023">
        <ele>1258.58</ele>
        <time>2024-04-26T19:59:31Z</time>
      </trkpt>
      <trkpt lat="44.38493" lon="-73.89024">
        <ele>1258.88</ele>
        <time>2024-04-26T19:59:33Z</time>
      </trkpt>
      <trkpt lat="44.38492" lon="-73.89025">
        <ele>1259.14</ele>
        <time>2024-04-26T19:59:37Z</time>
      </trkpt>
      <trkpt lat="44.38492" lon="-73.89026">
        <ele>1259.45</ele>
        <time>2024-04-26T19:59:38Z</time>
      </trkpt>
      <trkpt lat="44.38495" lon="-73.8903">
        <ele>1260.48</ele>
        <time>2024-04-26T19:59:44Z</time>
      </trkpt>
      <trkpt lat="44.38497" lon="-73.89034">
        <ele>1261.34</ele>
        <time>2024-04-26T19:59:49Z</time>
      </trkpt>
      <trkpt lat="44.38498" lon="-73.89035">
        <ele>1261.56</ele>
        <time>2024-04-26T19:59:51Z</time>
      </trkpt>
      <trkpt lat="44.385" lon="-73.89038">
        <ele>1262.21</ele>
        <time>2024-04-26T19:59:54Z</time>
      </trkpt>
      <trkpt lat="44.385" lon="-73.8904">
        <ele>1262.64</ele>
        <time>2024-04-26T20:00:00Z</time>
      </trkpt>
      <trkpt lat="44.385" lon="-73.8904">
        <ele>1262.64</ele>
        <time>2024-04-26T20:00:01Z</time>
      </trkpt>
      <trkpt lat="44.38499" lon="-73.8904">
        <ele>1262.64</ele>
        <time>2024-04-26T20:00:09Z</time>
      </trkpt>
      <trkpt lat="44.38499" lon="-73.8904">
        <ele>1262.64</ele>
        <time>2024-04-26T20:00:10Z</time>
      </trkpt>
      <trkpt lat="44.38498" lon="-73.8904">
        <ele>1262.64</ele>
        <time>2024-04-26T20:00:11Z</time>
      </trkpt>
      <trkpt lat="44.38498" lon="-73.8904">
        <ele>1262.64</ele>
        <time>2024-04-26T20:00:12Z</time>
      </trkpt>
      <trkpt lat="44.38496" lon="-73.89041">
        <ele>1262.86</ele>
        <time>2024-04-26T20:00:15Z</time>
      </trkpt>
      <trkpt lat="44.38496" lon="-73.8904">
        <ele>1262.64</ele>
        <time>2024-04-26T20:00:16Z</time>
      </trkpt>
      <trkpt lat="44.38494" lon="-73.89039">
        <ele>1262.42</ele>
        <time>2024-04-26T20:00:18Z</time>
      </trkpt>
      <trkpt lat="44.38488" lon="-73.89034">
        <ele>1261.34</ele>
        <time>2024-04-26T20:00:27Z</time>
      </trkpt>
      <trkpt lat="44.38484" lon="-73.89033">
        <ele>1261.13</ele>
        <time>2024-04-26T20:00:32Z</time>
      </trkpt>
      <trkpt lat="44.38483" lon="-73.89033">
        <ele>1261.13</ele>
        <time>2024-04-26T20:00:33Z</time>
      </trkpt>
      <trkpt lat="44.38476" lon="-73.89035">
        <ele>1261.56</ele>
        <time>2024-04-26T20:00:39Z</time>
      </trkpt>
      <trkpt lat="44.38474" lon="-73.89034">
        <ele>1261.34</ele>
        <time>2024-04-26T20:00:41Z</time>
      </trkpt>
      <trkpt lat="44.38474" lon="-73.89033">
        <ele>1261.13</ele>
        <time>2024-04-26T20:00:42Z</time>
      </trkpt>
      <trkpt lat="44.38468" lon="-73.89029">
        <ele>1259.87</ele>
        <time>2024-04-26T20:00:50Z</time>
      </trkpt>
      <trkpt lat="44.3846" lon="-73.8903">
        <ele>1259.96</ele>
        <time>2024-04-26T20:00:57Z</time>
      </trkpt>
      <trkpt lat="44.38459" lon="-73.8903">
        <ele>1260.05</ele>
        <time>2024-04-26T20:00:58Z</time>
      </trkpt>
      <trkpt lat="44.38452" lon="-73.89032">
        <ele>1260.91</ele>
        <time>2024-04-26T20:01:05Z</time>
      </trkpt>
      <trkpt lat="44.38442" lon="-73.89037">
        <ele>1261.99</ele>
        <time>2024-04-26T20:01:14Z</time>
      </trkpt>
      <trkpt lat="44.3844" lon="-73.89036">
        <ele>1261.78</ele>
        <time>2024-04-26T20:01:16Z</time>
      </trkpt>
      <trkpt lat="44.38438" lon="-73.89033">
        <ele>1261.13</ele>
        <time>2024-04-26T20:01:20Z</time>
      </trkpt>
      <trkpt lat="44.38437" lon="-73.89032">
        <ele>1260.91</ele>
        <time>2024-04-26T20:01:22Z</time>
      </trkpt>
      <trkpt lat="44.38433" lon="-73.8903">
        <ele>1260.48</ele>
        <time>2024-04-26T20:01:25Z</time>
      </trkpt>
      <trkpt lat="44.3843" lon="-73.8903">
        <ele>1260.48</ele>
        <time>2024-04-26T20:01:28Z</time>
      </trkpt>
      <trkpt lat="44.38428" lon="-73.8903">
        <ele>1260.48</ele>
        <time>2024-04-26T20:01:30Z</time>
      </trkpt>
      <trkpt lat="44.38425" lon="-73.8903">
        <ele>1260.58</ele>
        <time>2024-04-26T20:01:34Z</time>
      </trkpt>
      <trkpt lat="44.38423" lon="-73.89029">
        <ele>1260.58</ele>
        <time>2024-04-26T20:01:36Z</time>
      </trkpt>
      <trkpt lat="44.3842" lon="-73.89026">
        <ele>1260.06</ele>
        <time>2024-04-26T20:01:43Z</time>
      </trkpt>
      <trkpt lat="44.3842" lon="-73.89023">
        <ele>1259.09</ele>
        <time>2024-04-26T20:01:45Z</time>
      </trkpt>
      <trkpt lat="44.38417" lon="-73.89019">
        <ele>1258.12</ele>
        <time>2024-04-26T20:01:50Z</time>
      </trkpt>
      <trkpt lat="44.38414" lon="-73.89017">
        <ele>1257.34</ele>
        <time>2024-04-26T20:01:53Z</time>
      </trkpt>
      <trkpt lat="44.38409" lon="-73.89017">
        <ele>1257.34</ele>
        <time>2024-04-26T20:01:58Z</time>
      </trkpt>
      <trkpt lat="44.38406" lon="-73.89018">
        <ele>1257.78</ele>
        <time>2024-04-26T20:02:03Z</time>
      </trkpt>
      <trkpt lat="44.38406" lon="-73.89018">
        <ele>1257.78</ele>
        <time>2024-04-26T20:02:04Z</time>
      </trkpt>
      <trkpt lat="44.38403" lon="-73.89018">
        <ele>1257.78</ele>
        <time>2024-04-26T20:02:09Z</time>
      </trkpt>
      <trkpt lat="44.38401" lon="-73.89017">
        <ele>1257.34</ele>
        <time>2024-04-26T20:02:11Z</time>
      </trkpt>
      <trkpt lat="44.38398" lon="-73.89019">
        <ele>1258.16</ele>
        <time>2024-04-26T20:02:16Z</time>
      </trkpt>
      <trkpt lat="44.38396" lon="-73.89022">
        <ele>1259.13</ele>
        <time>2024-04-26T20:02:20Z</time>
      </trkpt>
      <trkpt lat="44.38395" lon="-73.89025">
        <ele>1260.1</ele>
        <time>2024-04-26T20:02:23Z</time>
      </trkpt>
      <trkpt lat="44.38394" lon="-73.89024">
        <ele>1259.78</ele>
        <time>2024-04-26T20:02:24Z</time>
      </trkpt>
      <trkpt lat="44.38394" lon="-73.89024">
        <ele>1259.78</ele>
        <time>2024-04-26T20:02:25Z</time>
      </trkpt>
      <trkpt lat="44.38394" lon="-73.89025">
        <ele>1260.1</ele>
        <time>2024-04-26T20:02:29Z</time>
      </trkpt>
      <trkpt lat="44.38392" lon="-73.89026">
        <ele>1260.42</ele>
        <time>2024-04-26T20:02:34Z</time>
      </trkpt>
      <trkpt lat="44.38391" lon="-73.89026">
        <ele>1260.42</ele>
        <time>2024-04-26T20:02:36Z</time>
      </trkpt>
      <trkpt lat="44.3839" lon="-73.89023">
        <ele>1259.45</ele>
        <time>2024-04-26T20:02:39Z</time>
      </trkpt>
      <trkpt lat="44.38388" lon="-73.89022">
        <ele>1259.0</ele>
        <time>2024-04-26T20:02:42Z</time>
      </trkpt>
      <trkpt lat="44.38387" lon="-73.8902">
        <ele>1258.24</ele>
        <time>2024-04-26T20:02:45Z</time>
      </trkpt>
      <trkpt lat="44.3838" lon="-73.89019">
        <ele>1257.15</ele>
        <time>2024-04-26T20:02:51Z</time>
      </trkpt>
      <trkpt lat="44.38378" lon="-73.8902">
        <ele>1257.0</ele>
        <time>2024-04-26T20:02:52Z</time>
      </trkpt>
      <trkpt lat="44.38374" lon="-73.89019">
        <ele>1255.92</ele>
        <time>2024-04-26T20:02:59Z</time>
      </trkpt>
      <trkpt lat="44.3837" lon="-73.89019">
        <ele>1255.11</ele>
        <time>2024-04-26T20:03:03Z</time>
      </trkpt>
      <trkpt lat="44.38364" lon="-73.89021">
        <ele>1254.93</ele>
        <time>2024-04-26T20:03:10Z</time>
      </trkpt>
      <trkpt lat="44.38364" lon="-73.89021">
        <ele>1254.93</ele>
        <time>2024-04-26T20:03:11Z</time>
      </trkpt>
      <trkpt lat="44.38357" lon="-73.8902">
        <ele>1254.32</ele>
        <time>2024-04-26T20:03:20Z</time>
      </trkpt>
      <trkpt lat="44.38354" lon="-73.89018">
        <ele>1253.89</ele>
        <time>2024-04-26T20:03:23Z</time>
      </trkpt>
      <trkpt lat="44.38351" lon="-73.89017">
        <ele>1253.67</ele>
        <time>2024-04-26T20:03:28Z</time>
      </trkpt>
      <trkpt lat="44.38343" lon="-73.89013">
        <ele>1252.81</ele>
        <time>2024-04-26T20:03:36Z</time>
      </trkpt>
      <trkpt lat="44.38341" lon="-73.89011">
        <ele>1252.2</ele>
        <time>2024-04-26T20:03:44Z</time>
      </trkpt>
      <trkpt lat="44.3834" lon="-73.8901">
        <ele>1251.88</ele>
        <time>2024-04-26T20:03:45Z</time>
      </trkpt>
      <trkpt lat="44.38336" lon="-73.89011">
        <ele>1251.66</ele>
        <time>2024-04-26T20:03:51Z</time>
      </trkpt>
      <trkpt lat="44.3833" lon="-73.89014">
        <ele>1251.48</ele>
        <time>2024-04-26T20:03:58Z</time>
      </trkpt>
      <trkpt lat="44.38328" lon="-73.89013">
        <ele>1251.0</ele>
        <time>2024-04-26T20:04:01Z</time>
      </trkpt>
      <trkpt lat="44.38326" lon="-73.89011">
        <ele>1250.44</ele>
        <time>2024-04-26T20:04:05Z</time>
      </trkpt>
      <trkpt lat="44.38323" lon="-73.89011">
        <ele>1249.96</ele>
        <time>2024-04-26T20:04:08Z</time>
      </trkpt>
      <trkpt lat="44.38319" lon="-73.89013">
        <ele>1249.31</ele>
        <time>2024-04-26T20:04:12Z</time>
      </trkpt>
      <trkpt lat="44.38315" lon="-73.89015">
        <ele>1248.66</ele>
        <time>2024-04-26T20:04:16Z</time>
      </trkpt>
      <trkpt lat="44.38311" lon="-73.89014">
        <ele>1247.89</ele>
        <time>2024-04-26T20:04:20Z</time>
      </trkpt>
      <trkpt lat="44.38307" lon="-73.8901">
        <ele>1247.17</ele>
        <time>2024-04-26T20:04:27Z</time>
      </trkpt>
      <trkpt lat="44.38307" lon="-73.8901">
        <ele>1247.17</ele>
        <time>2024-04-26T20:04:28Z</time>
      </trkpt>
      <trkpt lat="44.38302" lon="-73.89007">
        <ele>1246.13</ele>
        <time>2024-04-26T20:04:36Z</time>
      </trkpt>
      <trkpt lat="44.383" lon="-73.89006">
        <ele>1245.7</ele>
        <time>2024-04-26T20:04:38Z</time>
      </trkpt>
      <trkpt lat="44.38293" lon="-73.89009">
        <ele>1245.6</ele>
        <time>2024-04-26T20:04:45Z</time>
      </trkpt>
      <trkpt lat="44.38289" lon="-73.89011">
        <ele>1245.21</ele>
        <time>2024-04-26T20:04:52Z</time>
      </trkpt>
      <trkpt lat="44.38288" lon="-73.8901">
        <ele>1245.1</ele>
        <time>2024-04-26T20:04:53Z</time>
      </trkpt>
      <trkpt lat="44.38287" lon="-73.89008">
        <ele>1244.86</ele>
        <time>2024-04-26T20:04:57Z</time>
      </trkpt>
      <trkpt lat="44.38285" lon="-73.89008">
        <ele>1244.61</ele>
        <time>2024-04-26T20:04:59Z</time>
      </trkpt>
      <trkpt lat="44.38286" lon="-73.89008">
        <ele>1244.74</ele>
        <time>2024-04-26T20:05:00Z</time>
      </trkpt>
      <trkpt lat="44.3828" lon="-73.89009">
        <ele>1244.19</ele>
        <time>2024-04-26T20:05:08Z</time>
      </trkpt>
      <trkpt lat="44.38273" lon="-73.8901">
        <ele>1243.48</ele>
        <time>2024-04-26T20:05:16Z</time>
      </trkpt>
      <trkpt lat="44.38267" lon="-73.89011">
        <ele>1242.67</ele>
        <time>2024-04-26T20:05:23Z</time>
      </trkpt>
      <trkpt lat="44.38263" lon="-73.89011">
        <ele>1241.81</ele>
        <time>2024-04-26T20:05:29Z</time>
      </trkpt>
      <trkpt lat="44.38262" lon="-73.89011">
        <ele>1241.59</ele>
        <time>2024-04-26T20:05:30Z</time>
      </trkpt>
      <trkpt lat="44.38257" lon="-73.89011">
        <ele>1240.31</ele>
        <time>2024-04-26T20:05:38Z</time>
      </trkpt>
      <trkpt lat="44.38255" lon="-73.89011">
        <ele>1239.71</ele>
        <time>2024-04-26T20:05:42Z</time>
      </trkpt>
      <trkpt lat="44.38251" lon="-73.8901">
        <ele>1238.4</ele>
        <time>2024-04-26T20:05:47Z</time>
      </trkpt>
      <trkpt lat="44.38246" lon="-73.89008">
        <ele>1236.81</ele>
        <time>2024-04-26T20:05:54Z</time>
      </trkpt>
      <trkpt lat="44.38239" lon="-73.89008">
        <ele>1235.24</ele>
        <time>2024-04-26T20:06:01Z</time>
      </trkpt>
      <trkpt lat="44.38238" lon="-73.89008">
        <ele>1235.04</ele>
        <time>2024-04-26T20:06:02Z</time>
      </trkpt>
      <trkpt lat="44.38234" lon="-73.89008">
        <ele>1234.24</ele>
        <time>2024-04-26T20:06:07Z</time>
      </trkpt>
      <trkpt lat="44.38234" lon="-73.89007">
        <ele>1233.99</ele>
        <time>2024-04-26T20:06:09Z</time>
      </trkpt>
      <trkpt lat="44.38233" lon="-73.89006">
        <ele>1233.57</ele>
        <time>2024-04-26T20:06:10Z</time>
      </trkpt>
      <trkpt lat="44.3823" lon="-73.89007">
        <ele>1233.19</ele>
        <time>2024-04-26T20:06:16Z</time>
      </trkpt>
      <trkpt lat="44.38228" lon="-73.89007">
        <ele>1232.76</ele>
        <time>2024-04-26T20:06:20Z</time>
      </trkpt>
      <trkpt lat="44.38227" lon="-73.89007">
        <ele>1232.54</ele>
        <time>2024-04-26T20:06:23Z</time>
      </trkpt>
      <trkpt lat="44.38226" lon="-73.89007">
        <ele>1232.33</ele>
        <time>2024-04-26T20:06:28Z</time>
      </trkpt>
      <trkpt lat="44.38226" lon="-73.89007">
        <ele>1232.33</ele>
        <time>2024-04-26T20:06:29Z</time>
      </trkpt>
      <trkpt lat="44.38224" lon="-73.89007">
        <ele>1231.9</ele>
        <time>2024-04-26T20:06:34Z</time>
      </trkpt>
      <trkpt lat="44.38222" lon="-73.89006">
        <ele>1231.27</ele>
        <time>2024-04-26T20:06:39Z</time>
      </trkpt>
      <trkpt lat="44.38221" lon="-73.89006">
        <ele>1231.16</ele>
        <time>2024-04-26T20:06:43Z</time>
      </trkpt>
      <trkpt lat="44.3822" lon="-73.89006">
        <ele>1231.06</ele>
        <time>2024-04-26T20:06:46Z</time>
      </trkpt>
      <trkpt lat="44.38218" lon="-73.89006">
        <ele>1230.84</ele>
        <time>2024-04-26T20:06:53Z</time>
      </trkpt>
      <trkpt lat="44.38213" lon="-73.89008">
        <ele>1230.73</ele>
        <time>2024-04-26T20:06:59Z</time>
      </trkpt>
      <trkpt lat="44.38212" lon="-73.89009">
        <ele>1230.74</ele>
        <time>2024-04-26T20:07:01Z</time>
      </trkpt>
      <trkpt lat="44.38205" lon="-73.89013">
        <ele>1229.68</ele>
        <time>2024-04-26T20:07:10Z</time>
      </trkpt>
      <trkpt lat="44.38204" lon="-73.89014">
        <ele>1229.58</ele>
        <time>2024-04-26T20:07:12Z</time>
      </trkpt>
      <trkpt lat="44.38202" lon="-73.89015">
        <ele>1229.25</ele>
        <time>2024-04-26T20:07:17Z</time>
      </trkpt>
      <trkpt lat="44.38201" lon="-73.89017">
        <ele>1229.25</ele>
        <time>2024-04-26T20:07:23Z</time>
      </trkpt>
      <trkpt lat="44.382" lon="-73.89017">
        <ele>1229.04</ele>
        <time>2024-04-26T20:07:25Z</time>
      </trkpt>
      <trkpt lat="44.38198" lon="-73.89019">
        <ele>1228.8</ele>
        <time>2024-04-26T20:07:31Z</time>
      </trkpt>
      <trkpt lat="44.38193" lon="-73.8902">
        <ele>1227.85</ele>
        <time>2024-04-26T20:07:37Z</time>
      </trkpt>
      <trkpt lat="44.38193" lon="-73.8902">
        <ele>1227.85</ele>
        <time>2024-04-26T20:07:38Z</time>
      </trkpt>
      <trkpt lat="44.38192" lon="-73.8902">
        <ele>1227.63</ele>
        <time>2024-04-26T20:07:39Z</time>
      </trkpt>
      <trkpt lat="44.3819" lon="-73.89023">
        <ele>1227.52</ele>
        <time>2024-04-26T20:07:43Z</time>
      </trkpt>
      <trkpt lat="44.38186" lon="-73.89026">
        <ele>1226.98</ele>
        <time>2024-04-26T20:07:48Z</time>
      </trkpt>
      <trkpt lat="44.38184" lon="-73.89028">
        <ele>1226.9</ele>
        <time>2024-04-26T20:07:52Z</time>
      </trkpt>
      <trkpt lat="44.38182" lon="-73.89032">
        <ele>1227.11</ele>
        <time>2024-04-26T20:07:57Z</time>
      </trkpt>
      <trkpt lat="44.3818" lon="-73.89037">
        <ele>1227.44</ele>
        <time>2024-04-26T20:08:02Z</time>
      </trkpt>
      <trkpt lat="44.38179" lon="-73.89038">
        <ele>1227.33</ele>
        <time>2024-04-26T20:08:03Z</time>
      </trkpt>
      <trkpt lat="44.38176" lon="-73.89042">
        <ele>1227.01</ele>
        <time>2024-04-26T20:08:09Z</time>
      </trkpt>
      <trkpt lat="44.38175" lon="-73.89043">
        <ele>1226.86</ele>
        <time>2024-04-26T20:08:11Z</time>
      </trkpt>
      <trkpt lat="44.3817" lon="-73.89046">
        <ele>1226.34</ele>
        <time>2024-04-26T20:08:17Z</time>
      </trkpt>
      <trkpt lat="44.38162" lon="-73.89048">
        <ele>1225.5</ele>
        <time>2024-04-26T20:08:26Z</time>
      </trkpt>
      <trkpt lat="44.38159" lon="-73.89048">
        <ele>1225.17</ele>
        <time>2024-04-26T20:08:31Z</time>
      </trkpt>
      <trkpt lat="44.38157" lon="-73.89048">
        <ele>1224.96</ele>
        <time>2024-04-26T20:08:35Z</time>
      </trkpt>
      <trkpt lat="44.38153" lon="-73.89048">
        <ele>1224.52</ele>
        <time>2024-04-26T20:08:44Z</time>
      </trkpt>
      <trkpt lat="44.38149" lon="-73.89044">
        <ele>1223.84</ele>
        <time>2024-04-26T20:08:50Z</time>
      </trkpt>
      <trkpt lat="44.38149" lon="-73.89044">
        <ele>1223.84</ele>
        <time>2024-04-26T20:08:51Z</time>
      </trkpt>
      <trkpt lat="44.38139" lon="-73.89042">
        <ele>1222.55</ele>
        <time>2024-04-26T20:09:00Z</time>
      </trkpt>
      <trkpt lat="44.38134" lon="-73.89042">
        <ele>1221.72</ele>
        <time>2024-04-26T20:09:06Z</time>
      </trkpt>
      <trkpt lat="44.38134" lon="-73.89042">
        <ele>1221.72</ele>
        <time>2024-04-26T20:09:07Z</time>
      </trkpt>
      <trkpt lat="44.38131" lon="-73.89042">
        <ele>1221.23</ele>
        <time>2024-04-26T20:09:13Z</time>
      </trkpt>
      <trkpt lat="44.3813" lon="-73.89041">
        <ele>1221.06</ele>
        <time>2024-04-26T20:09:15Z</time>
      </trkpt>
      <trkpt lat="44.38127" lon="-73.8904">
        <ele>1220.72</ele>
        <time>2024-04-26T20:09:23Z</time>
      </trkpt>
      <trkpt lat="44.38122" lon="-73.89041">
        <ele>1220.18</ele>
        <time>2024-04-26T20:09:31Z</time>
      </trkpt>
      <trkpt lat="44.38122" lon="-73.89041">
        <ele>1220.18</ele>
        <time>2024-04-26T20:09:33Z</time>
      </trkpt>
      <trkpt lat="44.38118" lon="-73.8904">
        <ele>1219.57</ele>
        <time>2024-04-26T20:09:40Z</time>
      </trkpt>
      <trkpt lat="44.38118" lon="-73.89039">
        <ele>1219.54</ele>
        <time>2024-04-26T20:09:42Z</time>
      </trkpt>
      <trkpt lat="44.38116" lon="-73.8904">
        <ele>1219.21</ele>
        <time>2024-04-26T20:09:49Z</time>
      </trkpt>
      <trkpt lat="44.38114" lon="-73.89038">
        <ele>1218.7</ele>
        <time>2024-04-26T20:09:54Z</time>
      </trkpt>
      <trkpt lat="44.38113" lon="-73.89037">
        <ele>1218.4</ele>
        <time>2024-04-26T20:09:56Z</time>
      </trkpt>
      <trkpt lat="44.3811" lon="-73.89036">
        <ele>1217.65</ele>
        <time>2024-04-26T20:10:01Z</time>
      </trkpt>
      <trkpt lat="44.38107" lon="-73.89036">
        <ele>1217.0</ele>
        <time>2024-04-26T20:10:04Z</time>
      </trkpt>
      <trkpt lat="44.38102" lon="-73.89038">
        <ele>1216.14</ele>
        <time>2024-04-26T20:10:09Z</time>
      </trkpt>
      <trkpt lat="44.38097" lon="-73.8904">
        <ele>1215.8</ele>
        <time>2024-04-26T20:10:17Z</time>
      </trkpt>
      <trkpt lat="44.38095" lon="-73.89041">
        <ele>1215.69</ele>
        <time>2024-04-26T20:10:19Z</time>
      </trkpt>
      <trkpt lat="44.38092" lon="-73.89041">
        <ele>1215.34</ele>
        <time>2024-04-26T20:10:25Z</time>
      </trkpt>
      <trkpt lat="44.38089" lon="-73.89043">
        <ele>1215.01</ele>
        <time>2024-04-26T20:10:30Z</time>
      </trkpt>
      <trkpt lat="44.38086" lon="-73.89045">
        <ele>1214.54</ele>
        <time>2024-04-26T20:10:33Z</time>
      </trkpt>
      <trkpt lat="44.38081" lon="-73.8905">
        <ele>1214.15</ele>
        <time>2024-04-26T20:10:39Z</time>
      </trkpt>
      <trkpt lat="44.38078" lon="-73.8905">
        <ele>1213.82</ele>
        <time>2024-04-26T20:10:43Z</time>
      </trkpt>
      <trkpt lat="44.38077" lon="-73.89052">
        <ele>1213.93</ele>
        <time>2024-04-26T20:10:46Z</time>
      </trkpt>
      <trkpt lat="44.3807" lon="-73.89054">
        <ele>1213.39</ele>
        <time>2024-04-26T20:10:53Z</time>
      </trkpt>
      <trkpt lat="44.38065" lon="-73.89053">
        <ele>1212.74</ele>
        <time>2024-04-26T20:10:58Z</time>
      </trkpt>
      <trkpt lat="44.38064" lon="-73.89051">
        <ele>1212.42</ele>
        <time>2024-04-26T20:11:01Z</time>
      </trkpt>
      <trkpt lat="44.38058" lon="-73.89047">
        <ele>1211.34</ele>
        <time>2024-04-26T20:11:06Z</time>
      </trkpt>
      <trkpt lat="44.38056" lon="-73.89048">
        <ele>1211.23</ele>
        <time>2024-04-26T20:11:08Z</time>
      </trkpt>
      <trkpt lat="44.38053" lon="-73.89048">
        <ele>1211.13</ele>
        <time>2024-04-26T20:11:10Z</time>
      </trkpt>
      <trkpt lat="44.38053" lon="-73.89048">
        <ele>1211.13</ele>
        <time>2024-04-26T20:11:11Z</time>
      </trkpt>
      <trkpt lat="44.38047" lon="-73.89051">
        <ele>1211.04</ele>
        <time>2024-04-26T20:11:18Z</time>
      </trkpt>
      <trkpt lat="44.3804" lon="-73.89055">
        <ele>1210.28</ele>
        <time>2024-04-26T20:11:26Z</time>
      </trkpt>
      <trkpt lat="44.38036" lon="-73.89058">
        <ele>1210.15</ele>
        <time>2024-04-26T20:11:31Z</time>
      </trkpt>
      <trkpt lat="44.38034" lon="-73.89057">
        <ele>1209.83</ele>
        <time>2024-04-26T20:11:33Z</time>
      </trkpt>
      <trkpt lat="44.38033" lon="-73.89057">
        <ele>1209.72</ele>
        <time>2024-04-26T20:11:34Z</time>
      </trkpt>
      <trkpt lat="44.38025" lon="-73.89061">
        <ele>1209.29</ele>
        <time>2024-04-26T20:11:43Z</time>
      </trkpt>
      <trkpt lat="44.38019" lon="-73.89066">
        <ele>1209.17</ele>
        <time>2024-04-26T20:11:50Z</time>
      </trkpt>
      <trkpt lat="44.38017" lon="-73.89068">
        <ele>1209.18</ele>
        <time>2024-04-26T20:11:53Z</time>
      </trkpt>
      <trkpt lat="44.3801" lon="-73.89067">
        <ele>1208.32</ele>
        <time>2024-04-26T20:12:01Z</time>
      </trkpt>
      <trkpt lat="44.38006" lon="-73.89065">
        <ele>1207.67</ele>
        <time>2024-04-26T20:12:07Z</time>
      </trkpt>
      <trkpt lat="44.38005" lon="-73.89063">
        <ele>1207.34</ele>
        <time>2024-04-26T20:12:10Z</time>
      </trkpt>
      <trkpt lat="44.38003" lon="-73.89061">
        <ele>1206.91</ele>
        <time>2024-04-26T20:12:13Z</time>
      </trkpt>
      <trkpt lat="44.38001" lon="-73.8906">
        <ele>1206.59</ele>
        <time>2024-04-26T20:12:17Z</time>
      </trkpt>
      <trkpt lat="44.38" lon="-73.89061">
        <ele>1206.59</ele>
        <time>2024-04-26T20:12:18Z</time>
      </trkpt>
      <trkpt lat="44.37997" lon="-73.89063">
        <ele>1206.8</ele>
        <time>2024-04-26T20:12:25Z</time>
      </trkpt>
      <trkpt lat="44.37992" lon="-73.89065">
        <ele>1207.0</ele>
        <time>2024-04-26T20:12:31Z</time>
      </trkpt>
      <trkpt lat="44.37991" lon="-73.89065">
        <ele>1207.0</ele>
        <time>2024-04-26T20:12:32Z</time>
      </trkpt>
      <trkpt lat="44.37988" lon="-73.89067">
        <ele>1207.0</ele>
        <time>2024-04-26T20:12:38Z</time>
      </trkpt>
      <trkpt lat="44.37987" lon="-73.89068">
        <ele>1207.0</ele>
        <time>2024-04-26T20:12:40Z</time>
      </trkpt>
      <trkpt lat="44.37984" lon="-73.8907">
        <ele>1207.0</ele>
        <time>2024-04-26T20:12:46Z</time>
      </trkpt>
      <trkpt lat="44.37981" lon="-73.89071">
        <ele>1207.0</ele>
        <time>2024-04-26T20:12:49Z</time>
      </trkpt>
      <trkpt lat="44.37981" lon="-73.89071">
        <ele>1207.0</ele>
        <time>2024-04-26T20:12:51Z</time>
      </trkpt>
      <trkpt lat="44.3798" lon="-73.8907">
        <ele>1207.0</ele>
        <time>2024-04-26T20:13:00Z</time>
      </trkpt>
      <trkpt lat="44.37979" lon="-73.89065">
        <ele>1207.0</ele>
        <time>2024-04-26T20:13:08Z</time>
      </trkpt>
      <trkpt lat="44.37975" lon="-73.8906">
        <ele>1206.84</ele>
        <time>2024-04-26T20:13:14Z</time>
      </trkpt>
      <trkpt lat="44.37973" lon="-73.8906">
        <ele>1206.96</ele>
        <time>2024-04-26T20:13:15Z</time>
      </trkpt>
      <trkpt lat="44.37968" lon="-73.89056">
        <ele>1207.46</ele>
        <time>2024-04-26T20:13:22Z</time>
      </trkpt>
      <trkpt lat="44.37963" lon="-73.8905">
        <ele>1208.0</ele>
        <time>2024-04-26T20:13:29Z</time>
      </trkpt>
      <trkpt lat="44.37962" lon="-73.89047">
        <ele>1208.1</ele>
        <time>2024-04-26T20:13:33Z</time>
      </trkpt>
      <trkpt lat="44.37961" lon="-73.89045">
        <ele>1208.21</ele>
        <time>2024-04-26T20:13:35Z</time>
      </trkpt>
      <trkpt lat="44.3796" lon="-73.89043">
        <ele>1208.32</ele>
        <time>2024-04-26T20:13:38Z</time>
      </trkpt>
      <trkpt lat="44.37958" lon="-73.8904">
        <ele>1208.54</ele>
        <time>2024-04-26T20:13:41Z</time>
      </trkpt>
      <trkpt lat="44.37957" lon="-73.89038">
        <ele>1208.64</ele>
        <time>2024-04-26T20:13:43Z</time>
      </trkpt>
      <trkpt lat="44.37952" lon="-73.89036">
        <ele>1209.18</ele>
        <time>2024-04-26T20:13:49Z</time>
      </trkpt>
      <trkpt lat="44.37951" lon="-73.89036">
        <ele>1209.29</ele>
        <time>2024-04-26T20:13:51Z</time>
      </trkpt>
      <trkpt lat="44.3795" lon="-73.89034">
        <ele>1209.4</ele>
        <time>2024-04-26T20:13:53Z</time>
      </trkpt>
      <trkpt lat="44.37948" lon="-73.89032">
        <ele>1209.62</ele>
        <time>2024-04-26T20:13:56Z</time>
      </trkpt>
      <trkpt lat="44.37947" lon="-73.89032">
        <ele>1209.72</ele>
        <time>2024-04-26T20:13:58Z</time>
      </trkpt>
      <trkpt lat="44.37944" lon="-73.89032">
        <ele>1210.05</ele>
        <time>2024-04-26T20:14:03Z</time>
      </trkpt>
      <trkpt lat="44.37943" lon="-73.89031">
        <ele>1210.16</ele>
        <time>2024-04-26T20:14:08Z</time>
      </trkpt>
      <trkpt lat="44.3794" lon="-73.8903">
        <ele>1210.48</ele>
        <time>2024-04-26T20:14:10Z</time>
      </trkpt>
      <trkpt lat="44.37936" lon="-73.8903">
        <ele>1210.91</ele>
        <time>2024-04-26T20:14:15Z</time>
      </trkpt>
      <trkpt lat="44.37935" lon="-73.8903">
        <ele>1211.02</ele>
        <time>2024-04-26T20:14:16Z</time>
      </trkpt>
      <trkpt lat="44.37933" lon="-73.89029">
        <ele>1211.24</ele>
        <time>2024-04-26T20:14:22Z</time>
      </trkpt>
      <trkpt lat="44.3793" lon="-73.89028">
        <ele>1211.56</ele>
        <time>2024-04-26T20:14:30Z</time>
      </trkpt>
      <trkpt lat="44.37926" lon="-73.89027">
        <ele>1212.08</ele>
        <time>2024-04-26T20:14:36Z</time>
      </trkpt>
      <trkpt lat="44.37921" lon="-73.89023">
        <ele>1213.05</ele>
        <time>2024-04-26T20:14:42Z</time>
      </trkpt>
      <trkpt lat="44.37919" lon="-73.89018">
        <ele>1213.75</ele>
        <time>2024-04-26T20:14:46Z</time>
      </trkpt>
      <trkpt lat="44.37917" lon="-73.89015">
        <ele>1213.96</ele>
        <time>2024-04-26T20:14:50Z</time>
      </trkpt>
      <trkpt lat="44.37913" lon="-73.89011">
        <ele>1214.4</ele>
        <time>2024-04-26T20:14:56Z</time>
      </trkpt>
      <trkpt lat="44.37911" lon="-73.8901">
        <ele>1214.61</ele>
        <time>2024-04-26T20:15:02Z</time>
      </trkpt>
      <trkpt lat="44.37905" lon="-73.89009">
        <ele>1215.26</ele>
        <time>2024-04-26T20:15:10Z</time>
      </trkpt>
      <trkpt lat="44.37902" lon="-73.89009">
        <ele>1215.58</ele>
        <time>2024-04-26T20:15:13Z</time>
      </trkpt>
      <trkpt lat="44.37898" lon="-73.8901">
        <ele>1216.02</ele>
        <time>2024-04-26T20:15:19Z</time>
      </trkpt>
      <trkpt lat="44.37897" lon="-73.8901">
        <ele>1216.12</ele>
        <time>2024-04-26T20:15:20Z</time>
      </trkpt>
      <trkpt lat="44.37894" lon="-73.89011">
        <ele>1216.45</ele>
        <time>2024-04-26T20:15:24Z</time>
      </trkpt>
      <trkpt lat="44.37893" lon="-73.8901">
        <ele>1216.56</ele>
        <time>2024-04-26T20:15:27Z</time>
      </trkpt>
      <trkpt lat="44.37887" lon="-73.89009">
        <ele>1217.23</ele>
        <time>2024-04-26T20:15:33Z</time>
      </trkpt>
      <trkpt lat="44.37886" lon="-73.89009">
        <ele>1217.34</ele>
        <time>2024-04-26T20:15:34Z</time>
      </trkpt>
      <trkpt lat="44.37881" lon="-73.8901">
        <ele>1217.85</ele>
        <time>2024-04-26T20:15:40Z</time>
      </trkpt>
      <trkpt lat="44.37876" lon="-73.8901">
        <ele>1218.39</ele>
        <time>2024-04-26T20:15:47Z</time>
      </trkpt>
      <trkpt lat="44.37871" lon="-73.89013">
        <ele>1218.93</ele>
        <time>2024-04-26T20:15:53Z</time>
      </trkpt>
      <trkpt lat="44.37868" lon="-73.89014">
        <ele>1219.26</ele>
        <time>2024-04-26T20:15:59Z</time>
      </trkpt>
      <trkpt lat="44.37866" lon="-73.89015">
        <ele>1219.47</ele>
        <time>2024-04-26T20:16:01Z</time>
      </trkpt>
      <trkpt lat="44.37862" lon="-73.89016">
        <ele>1219.9</ele>
        <time>2024-04-26T20:16:08Z</time>
      </trkpt>
      <trkpt lat="44.3786" lon="-73.89016">
        <ele>1220.03</ele>
        <time>2024-04-26T20:16:11Z</time>
      </trkpt>
      <trkpt lat="44.37856" lon="-73.89015">
        <ele>1220.21</ele>
        <time>2024-04-26T20:16:17Z</time>
      </trkpt>
      <trkpt lat="44.37852" lon="-73.8901">
        <ele>1220.91</ele>
        <time>2024-04-26T20:16:24Z</time>
      </trkpt>
      <trkpt lat="44.37849" lon="-73.89007">
        <ele>1221.48</ele>
        <time>2024-04-26T20:16:32Z</time>
      </trkpt>
      <trkpt lat="44.37847" lon="-73.89005">
        <ele>1221.74</ele>
        <time>2024-04-26T20:16:34Z</time>
      </trkpt>
      <trkpt lat="44.37843" lon="-73.89002">
        <ele>1221.99</ele>
        <time>2024-04-26T20:16:40Z</time>
      </trkpt>
      <trkpt lat="44.37839" lon="-73.89003">
        <ele>1222.26</ele>
        <time>2024-04-26T20:16:44Z</time>
      </trkpt>
      <trkpt lat="44.37838" lon="-73.89002">
        <ele>1222.39</ele>
        <time>2024-04-26T20:16:46Z</time>
      </trkpt>
      <trkpt lat="44.37834" lon="-73.88999">
        <ele>1223.04</ele>
        <time>2024-04-26T20:16:52Z</time>
      </trkpt>
      <trkpt lat="44.37831" lon="-73.88997">
        <ele>1223.49</ele>
        <time>2024-04-26T20:16:57Z</time>
      </trkpt>
      <trkpt lat="44.37827" lon="-73.88994">
        <ele>1223.89</ele>
        <time>2024-04-26T20:17:04Z</time>
      </trkpt>
      <trkpt lat="44.37825" lon="-73.88994">
        <ele>1223.96</ele>
        <time>2024-04-26T20:17:07Z</time>
      </trkpt>
      <trkpt lat="44.37824" lon="-73.88994">
        <ele>1224.01</ele>
        <time>2024-04-26T20:17:09Z</time>
      </trkpt>
      <trkpt lat="44.37824" lon="-73.88994">
        <ele>1224.01</ele>
        <time>2024-04-26T20:17:17Z</time>
      </trkpt>
      <trkpt lat="44.37824" lon="-73.88994">
        <ele>1224.01</ele>
        <time>2024-04-26T20:17:18Z</time>
      </trkpt>
      <trkpt lat="44.37824" lon="-73.88994">
        <ele>1224.01</ele>
        <time>2024-04-26T20:17:22Z</time>
      </trkpt>
      <trkpt lat="44.37824" lon="-73.88994">
        <ele>1224.01</ele>
        <time>2024-04-26T20:17:28Z</time>
      </trkpt>
      <trkpt lat="44.37823" lon="-73.88995">
        <ele>1224.06</ele>
        <time>2024-04-26T20:17:33Z</time>
      </trkpt>
      <trkpt lat="44.37819" lon="-73.88992">
        <ele>1224.47</ele>
        <time>2024-04-26T20:17:41Z</time>
      </trkpt>
      <trkpt lat="44.37816" lon="-73.88988">
        <ele>1225.17</ele>
        <time>2024-04-26T20:17:48Z</time>
      </trkpt>
      <trkpt lat="44.37815" lon="-73.88988">
        <ele>1225.28</ele>
        <time>2024-04-26T20:17:49Z</time>
      </trkpt>
      <trkpt lat="44.37815" lon="-73.88987">
        <ele>1225.38</ele>
        <time>2024-04-26T20:17:51Z</time>
      </trkpt>
      <trkpt lat="44.37811" lon="-73.88983">
        <ele>1225.84</ele>
        <time>2024-04-26T20:17:58Z</time>
      </trkpt>
      <trkpt lat="44.3781" lon="-73.88983">
        <ele>1225.84</ele>
        <time>2024-04-26T20:18:02Z</time>
      </trkpt>
      <trkpt lat="44.3781" lon="-73.88982">
        <ele>1225.94</ele>
        <time>2024-04-26T20:18:06Z</time>
      </trkpt>
      <trkpt lat="44.37809" lon="-73.88975">
        <ele>1226.7</ele>
        <time>2024-04-26T20:18:14Z</time>
      </trkpt>
      <trkpt lat="44.37806" lon="-73.88974">
        <ele>1226.81</ele>
        <time>2024-04-26T20:18:20Z</time>
      </trkpt>
      <trkpt lat="44.37805" lon="-73.88975">
        <ele>1226.7</ele>
        <time>2024-04-26T20:18:35Z</time>
      </trkpt>
      <trkpt lat="44.37804" lon="-73.88973">
        <ele>1226.92</ele>
        <time>2024-04-26T20:18:40Z</time>
      </trkpt>
      <trkpt lat="44.37804" lon="-73.88971">
        <ele>1227.13</ele>
        <time>2024-04-26T20:18:43Z</time>
      </trkpt>
      <trkpt lat="44.37803" lon="-73.88968">
        <ele>1227.46</ele>
        <time>2024-04-26T20:18:46Z</time>
      </trkpt>
      <trkpt lat="44.37801" lon="-73.88963">
        <ele>1228.0</ele>
        <time>2024-04-26T20:18:51Z</time>
      </trkpt>
      <trkpt lat="44.378" lon="-73.88959">
        <ele>1228.43</ele>
        <time>2024-04-26T20:18:57Z</time>
      </trkpt>
      <trkpt lat="44.37797" lon="-73.88955">
        <ele>1228.86</ele>
        <time>2024-04-26T20:19:04Z</time>
      </trkpt>
      <trkpt lat="44.37793" lon="-73.88953">
        <ele>1229.08</ele>
        <time>2024-04-26T20:19:09Z</time>
      </trkpt>
      <trkpt lat="44.37793" lon="-73.88952">
        <ele>1229.18</ele>
        <time>2024-04-26T20:19:10Z</time>
      </trkpt>
      <trkpt lat="44.37791" lon="-73.88948">
        <ele>1229.62</ele>
        <time>2024-04-26T20:19:15Z</time>
      </trkpt>
      <trkpt lat="44.3779" lon="-73.88942">
        <ele>1230.08</ele>
        <time>2024-04-26T20:19:21Z</time>
      </trkpt>
      <trkpt lat="44.37788" lon="-73.88937">
        <ele>1230.08</ele>
        <time>2024-04-26T20:19:27Z</time>
      </trkpt>
      <trkpt lat="44.37789" lon="-73.88934">
        <ele>1230.31</ele>
        <time>2024-04-26T20:19:29Z</time>
      </trkpt>
      <trkpt lat="44.3779" lon="-73.88926">
        <ele>1230.99</ele>
        <time>2024-04-26T20:19:35Z</time>
      </trkpt>
      <trkpt lat="44.37789" lon="-73.88921">
        <ele>1231.11</ele>
        <time>2024-04-26T20:19:41Z</time>
      </trkpt>
      <trkpt lat="44.37787" lon="-73.88916">
        <ele>1231.07</ele>
        <time>2024-04-26T20:19:45Z</time>
      </trkpt>
      <trkpt lat="44.37787" lon="-73.88916">
        <ele>1231.07</ele>
        <time>2024-04-26T20:19:47Z</time>
      </trkpt>
      <trkpt lat="44.37787" lon="-73.88915">
        <ele>1231.18</ele>
        <time>2024-04-26T20:19:50Z</time>
      </trkpt>
      <trkpt lat="44.37787" lon="-73.88915">
        <ele>1231.18</ele>
        <time>2024-04-26T20:19:53Z</time>
      </trkpt>
      <trkpt lat="44.37786" lon="-73.88912">
        <ele>1231.39</ele>
        <time>2024-04-26T20:20:03Z</time>
      </trkpt>
      <trkpt lat="44.37785" lon="-73.88911">
        <ele>1231.39</ele>
        <time>2024-04-26T20:20:11Z</time>
      </trkpt>
      <trkpt lat="44.37785" lon="-73.88911">
        <ele>1231.39</ele>
        <time>2024-04-26T20:20:14Z</time>
      </trkpt>
      <trkpt lat="44.37784" lon="-73.88908">
        <ele>1231.61</ele>
        <time>2024-04-26T20:20:22Z</time>
      </trkpt>
      <trkpt lat="44.37781" lon="-73.88899">
        <ele>1231.35</ele>
        <time>2024-04-26T20:20:29Z</time>
      </trkpt>
      <trkpt lat="44.37781" lon="-73.88897">
        <ele>1231.35</ele>
        <time>2024-04-26T20:20:30Z</time>
      </trkpt>
      <trkpt lat="44.37781" lon="-73.88895">
        <ele>1231.35</ele>
        <time>2024-04-26T20:20:32Z</time>
      </trkpt>
      <trkpt lat="44.37781" lon="-73.88893">
        <ele>1231.35</ele>
        <time>2024-04-26T20:20:34Z</time>
      </trkpt>
      <trkpt lat="44.37782" lon="-73.8889">
        <ele>1231.46</ele>
        <time>2024-04-26T20:20:38Z</time>
      </trkpt>
      <trkpt lat="44.37783" lon="-73.88883">
        <ele>1231.92</ele>
        <time>2024-04-26T20:20:44Z</time>
      </trkpt>
      <trkpt lat="44.37783" lon="-73.88881">
        <ele>1232.04</ele>
        <time>2024-04-26T20:20:46Z</time>
      </trkpt>
      <trkpt lat="44.37784" lon="-73.8888">
        <ele>1232.32</ele>
        <time>2024-04-26T20:20:48Z</time>
      </trkpt>
      <trkpt lat="44.37784" lon="-73.88879">
        <ele>1232.37</ele>
        <time>2024-04-26T20:20:50Z</time>
      </trkpt>
      <trkpt lat="44.37784" lon="-73.88876">
        <ele>1232.47</ele>
        <time>2024-04-26T20:20:53Z</time>
      </trkpt>
      <trkpt lat="44.37784" lon="-73.88876">
        <ele>1232.47</ele>
        <time>2024-04-26T20:20:54Z</time>
      </trkpt>
      <trkpt lat="44.37784" lon="-73.8887">
        <ele>1232.7</ele>
        <time>2024-04-26T20:21:01Z</time>
      </trkpt>
      <trkpt lat="44.37786" lon="-73.88865">
        <ele>1233.4</ele>
        <time>2024-04-26T20:21:11Z</time>
      </trkpt>
      <trkpt lat="44.37786" lon="-73.88864">
        <ele>1233.5</ele>
        <time>2024-04-26T20:21:12Z</time>
      </trkpt>
      <trkpt lat="44.37788" lon="-73.88862">
        <ele>1234.01</ele>
        <time>2024-04-26T20:21:19Z</time>
      </trkpt>
      <trkpt lat="44.37788" lon="-73.88862">
        <ele>1234.01</ele>
        <time>2024-04-26T20:21:20Z</time>
      </trkpt>
      <trkpt lat="44.37788" lon="-73.88858">
        <ele>1234.47</ele>
        <time>2024-04-26T20:21:27Z</time>
      </trkpt>
      <trkpt lat="44.37787" lon="-73.88856">
        <ele>1234.54</ele>
        <time>2024-04-26T20:21:29Z</time>
      </trkpt>
      <trkpt lat="44.37786" lon="-73.88852">
        <ele>1234.76</ele>
        <time>2024-04-26T20:21:34Z</time>
      </trkpt>
      <trkpt lat="44.37787" lon="-73.88849">
        <ele>1235.61</ele>
        <time>2024-04-26T20:21:39Z</time>
      </trkpt>
      <trkpt lat="44.37787" lon="-73.88847">
        <ele>1236.04</ele>
        <time>2024-04-26T20:21:41Z</time>
      </trkpt>
      <trkpt lat="44.37787" lon="-73.88844">
        <ele>1236.68</ele>
        <time>2024-04-26T20:21:48Z</time>
      </trkpt>
      <trkpt lat="44.37786" lon="-73.88842">
        <ele>1236.74</ele>
        <time>2024-04-26T20:21:51Z</time>
      </trkpt>
      <trkpt lat="44.37786" lon="-73.88841">
        <ele>1236.86</ele>
        <time>2024-04-26T20:21:54Z</time>
      </trkpt>
      <trkpt lat="44.37786" lon="-73.88836">
        <ele>1237.46</ele>
        <time>2024-04-26T20:22:01Z</time>
      </trkpt>
      <trkpt lat="44.37787" lon="-73.88832">
        <ele>1238.14</ele>
        <time>2024-04-26T20:22:03Z</time>
      </trkpt>
      <trkpt lat="44.37788" lon="-73.88831">
        <ele>1238.36</ele>
        <time>2024-04-26T20:22:05Z</time>
      </trkpt>
      <trkpt lat="44.37789" lon="-73.88827">
        <ele>1238.9</ele>
        <time>2024-04-26T20:22:09Z</time>
      </trkpt>
      <trkpt lat="44.37788" lon="-73.88827">
        <ele>1238.79</ele>
        <time>2024-04-26T20:22:15Z</time>
      </trkpt>
      <trkpt lat="44.37787" lon="-73.88828">
        <ele>1238.57</ele>
        <time>2024-04-26T20:22:25Z</time>
      </trkpt>
      <trkpt lat="44.37787" lon="-73.88827">
        <ele>1238.68</ele>
        <time>2024-04-26T20:22:31Z</time>
      </trkpt>
      <trkpt lat="44.37786" lon="-73.88827">
        <ele>1238.46</ele>
        <time>2024-04-26T20:22:43Z</time>
      </trkpt>
      <trkpt lat="44.37786" lon="-73.88827">
        <ele>1238.46</ele>
        <time>2024-04-26T20:22:46Z</time>
      </trkpt>
      <trkpt lat="44.37786" lon="-73.88827">
        <ele>1238.46</ele>
        <time>2024-04-26T20:22:52Z</time>
      </trkpt>
      <trkpt lat="44.37787" lon="-73.88827">
        <ele>1238.68</ele>
        <time>2024-04-26T20:22:54Z</time>
      </trkpt>
      <trkpt lat="44.37789" lon="-73.88824">
        <ele>1239.22</ele>
        <time>2024-04-26T20:23:02Z</time>
      </trkpt>
      <trkpt lat="44.37791" lon="-73.8882">
        <ele>1239.87</ele>
        <time>2024-04-26T20:23:08Z</time>
      </trkpt>
      <trkpt lat="44.37791" lon="-73.88818">
        <ele>1240.08</ele>
        <time>2024-04-26T20:23:10Z</time>
      </trkpt>
      <trkpt lat="44.37794" lon="-73.88814">
        <ele>1240.77</ele>
        <time>2024-04-26T20:23:16Z</time>
      </trkpt>
      <trkpt lat="44.37796" lon="-73.88809">
        <ele>1240.99</ele>
        <time>2024-04-26T20:23:23Z</time>
      </trkpt>
      <trkpt lat="44.37799" lon="-73.88804">
        <ele>1241.12</ele>
        <time>2024-04-26T20:23:31Z</time>
      </trkpt>
      <trkpt lat="44.378" lon="-73.88802">
        <ele>1241.23</ele>
        <time>2024-04-26T20:23:37Z</time>
      </trkpt>
      <trkpt lat="44.37803" lon="-73.88797">
        <ele>1241.26</ele>
        <time>2024-04-26T20:23:42Z</time>
      </trkpt>
      <trkpt lat="44.37804" lon="-73.88788">
        <ele>1241.17</ele>
        <time>2024-04-26T20:23:50Z</time>
      </trkpt>
      <trkpt lat="44.37802" lon="-73.88782">
        <ele>1241.38</ele>
        <time>2024-04-26T20:23:56Z</time>
      </trkpt>
      <trkpt lat="44.378" lon="-73.88774">
        <ele>1241.84</ele>
        <time>2024-04-26T20:24:05Z</time>
      </trkpt>
      <trkpt lat="44.37797" lon="-73.88769">
        <ele>1242.8</ele>
        <time>2024-04-26T20:24:11Z</time>
      </trkpt>
      <trkpt lat="44.37796" lon="-73.88768">
        <ele>1242.97</ele>
        <time>2024-04-26T20:24:12Z</time>
      </trkpt>
      <trkpt lat="44.37796" lon="-73.88757">
        <ele>1242.97</ele>
        <time>2024-04-26T20:24:22Z</time>
      </trkpt>
      <trkpt lat="44.37795" lon="-73.88748">
        <ele>1242.86</ele>
        <time>2024-04-26T20:24:29Z</time>
      </trkpt>
      <trkpt lat="44.37794" lon="-73.88744">
        <ele>1242.75</ele>
        <time>2024-04-26T20:24:33Z</time>
      </trkpt>
      <trkpt lat="44.37795" lon="-73.88743">
        <ele>1242.86</ele>
        <time>2024-04-26T20:24:36Z</time>
      </trkpt>
      <trkpt lat="44.37795" lon="-73.88742">
        <ele>1242.86</ele>
        <time>2024-04-26T20:24:38Z</time>
      </trkpt>
      <trkpt lat="44.37799" lon="-73.88737">
        <ele>1242.13</ele>
        <time>2024-04-26T20:24:46Z</time>
      </trkpt>
      <trkpt lat="44.37799" lon="-73.8873">
        <ele>1241.71</ele>
        <time>2024-04-26T20:24:53Z</time>
      </trkpt>
      <trkpt lat="44.37798" lon="-73.88723">
        <ele>1241.82</ele>
        <time>2024-04-26T20:24:59Z</time>
      </trkpt>
      <trkpt lat="44.37797" lon="-73.88723">
        <ele>1241.92</ele>
        <time>2024-04-26T20:25:00Z</time>
      </trkpt>
      <trkpt lat="44.37796" lon="-73.8872">
        <ele>1241.97</ele>
        <time>2024-04-26T20:25:07Z</time>
      </trkpt>
      <trkpt lat="44.37797" lon="-73.88719">
        <ele>1241.92</ele>
        <time>2024-04-26T20:25:15Z</time>
      </trkpt>
      <trkpt lat="44.37797" lon="-73.88717">
        <ele>1241.92</ele>
        <time>2024-04-26T20:25:18Z</time>
      </trkpt>
      <trkpt lat="44.37796" lon="-73.88716">
        <ele>1241.97</ele>
        <time>2024-04-26T20:25:22Z</time>
      </trkpt>
      <trkpt lat="44.37795" lon="-73.88714">
        <ele>1241.86</ele>
        <time>2024-04-26T20:25:29Z</time>
      </trkpt>
      <trkpt lat="44.37793" lon="-73.88711">
        <ele>1241.51</ele>
        <time>2024-04-26T20:25:37Z</time>
      </trkpt>
      <trkpt lat="44.37791" lon="-73.88708">
        <ele>1241.2</ele>
        <time>2024-04-26T20:25:44Z</time>
      </trkpt>
      <trkpt lat="44.37791" lon="-73.88699">
        <ele>1240.49</ele>
        <time>2024-04-26T20:25:52Z</time>
      </trkpt>
      <trkpt lat="44.37791" lon="-73.88693">
        <ele>1239.84</ele>
        <time>2024-04-26T20:25:57Z</time>
      </trkpt>
      <trkpt lat="44.37792" lon="-73.88692">
        <ele>1239.74</ele>
        <time>2024-04-26T20:25:58Z</time>
      </trkpt>
      <trkpt lat="44.37792" lon="-73.88691">
        <ele>1239.63</ele>
        <time>2024-04-26T20:25:59Z</time>
      </trkpt>
      <trkpt lat="44.37792" lon="-73.88691">
        <ele>1239.63</ele>
        <time>2024-04-26T20:26:00Z</time>
      </trkpt>
      <trkpt lat="44.37793" lon="-73.8869">
        <ele>1239.52</ele>
        <time>2024-04-26T20:26:01Z</time>
      </trkpt>
      <trkpt lat="44.37796" lon="-73.88685">
        <ele>1239.0</ele>
        <time>2024-04-26T20:26:06Z</time>
      </trkpt>
      <trkpt lat="44.37797" lon="-73.88683">
        <ele>1238.91</ele>
        <time>2024-04-26T20:26:08Z</time>
      </trkpt>
      <trkpt lat="44.378" lon="-73.88676">
        <ele>1238.2</ele>
        <time>2024-04-26T20:26:15Z</time>
      </trkpt>
      <trkpt lat="44.37803" lon="-73.88672">
        <ele>1237.13</ele>
        <time>2024-04-26T20:26:21Z</time>
      </trkpt>
      <trkpt lat="44.37804" lon="-73.88665">
        <ele>1236.16</ele>
        <time>2024-04-26T20:26:28Z</time>
      </trkpt>
      <trkpt lat="44.37805" lon="-73.88661">
        <ele>1235.51</ele>
        <time>2024-04-26T20:26:32Z</time>
      </trkpt>
      <trkpt lat="44.37804" lon="-73.88659">
        <ele>1235.51</ele>
        <time>2024-04-26T20:26:35Z</time>
      </trkpt>
      <trkpt lat="44.37801" lon="-73.88648">
        <ele>1235.48</ele>
        <time>2024-04-26T20:26:45Z</time>
      </trkpt>
      <trkpt lat="44.37801" lon="-73.8864">
        <ele>1234.61</ele>
        <time>2024-04-26T20:26:52Z</time>
      </trkpt>
      <trkpt lat="44.37801" lon="-73.8864">
        <ele>1234.61</ele>
        <time>2024-04-26T20:26:53Z</time>
      </trkpt>
      <trkpt lat="44.37797" lon="-73.88634">
        <ele>1234.92</ele>
        <time>2024-04-26T20:27:01Z</time>
      </trkpt>
      <trkpt lat="44.37797" lon="-73.88633">
        <ele>1234.92</ele>
        <time>2024-04-26T20:27:02Z</time>
      </trkpt>
      <trkpt lat="44.37796" lon="-73.88622">
        <ele>1234.97</ele>
        <time>2024-04-26T20:27:09Z</time>
      </trkpt>
      <trkpt lat="44.37797" lon="-73.88619">
        <ele>1234.79</ele>
        <time>2024-04-26T20:27:11Z</time>
      </trkpt>
      <trkpt lat="44.37796" lon="-73.88616">
        <ele>1234.51</ele>
        <time>2024-04-26T20:27:14Z</time>
      </trkpt>
      <trkpt lat="44.37795" lon="-73.88611">
        <ele>1234.0</ele>
        <time>2024-04-26T20:27:18Z</time>
      </trkpt>
      <trkpt lat="44.37792" lon="-73.88603">
        <ele>1234.0</ele>
        <time>2024-04-26T20:27:26Z</time>
      </trkpt>
      <trkpt lat="44.37792" lon="-73.88601">
        <ele>1233.96</ele>
        <time>2024-04-26T20:27:27Z</time>
      </trkpt>
      <trkpt lat="44.37793" lon="-73.88598">
        <ele>1233.85</ele>
        <time>2024-04-26T20:27:30Z</time>
      </trkpt>
      <trkpt lat="44.37794" lon="-73.88594">
        <ele>1233.79</ele>
        <time>2024-04-26T20:27:33Z</time>
      </trkpt>
      <trkpt lat="44.37795" lon="-73.88585">
        <ele>1233.86</ele>
        <time>2024-04-26T20:27:41Z</time>
      </trkpt>
      <trkpt lat="44.37794" lon="-73.88579">
        <ele>1233.64</ele>
        <time>2024-04-26T20:27:45Z</time>
      </trkpt>
      <trkpt lat="44.37794" lon="-73.88577">
        <ele>1233.58</ele>
        <time>2024-04-26T20:27:48Z</time>
      </trkpt>
      <trkpt lat="44.37793" lon="-73.88574">
        <ele>1233.28</ele>
        <time>2024-04-26T20:27:53Z</time>
      </trkpt>
      <trkpt lat="44.37793" lon="-73.88571">
        <ele>1233.07</ele>
        <time>2024-04-26T20:27:56Z</time>
      </trkpt>
      <trkpt lat="44.37793" lon="-73.88565">
        <ele>1232.66</ele>
        <time>2024-04-26T20:28:03Z</time>
      </trkpt>
      <trkpt lat="44.37793" lon="-73.88563">
        <ele>1232.45</ele>
        <time>2024-04-26T20:28:05Z</time>
      </trkpt>
      <trkpt lat="44.37794" lon="-73.88557">
        <ele>1231.91</ele>
        <time>2024-04-26T20:28:11Z</time>
      </trkpt>
      <trkpt lat="44.37795" lon="-73.88552">
        <ele>1231.86</ele>
        <time>2024-04-26T20:28:16Z</time>
      </trkpt>
      <trkpt lat="44.37796" lon="-73.88546">
        <ele>1231.94</ele>
        <time>2024-04-26T20:28:22Z</time>
      </trkpt>
      <trkpt lat="44.37798" lon="-73.88537">
        <ele>1231.0</ele>
        <time>2024-04-26T20:28:31Z</time>
      </trkpt>
      <trkpt lat="44.37801" lon="-73.88531">
        <ele>1230.34</ele>
        <time>2024-04-26T20:28:39Z</time>
      </trkpt>
      <trkpt lat="44.37803" lon="-73.88527">
        <ele>1229.47</ele>
        <time>2024-04-26T20:28:43Z</time>
      </trkpt>
      <trkpt lat="44.37803" lon="-73.88523">
        <ele>1229.04</ele>
        <time>2024-04-26T20:28:47Z</time>
      </trkpt>
      <trkpt lat="44.37804" lon="-73.88518">
        <ele>1228.27</ele>
        <time>2024-04-26T20:28:52Z</time>
      </trkpt>
      <trkpt lat="44.37805" lon="-73.88516">
        <ele>1227.83</ele>
        <time>2024-04-26T20:28:54Z</time>
      </trkpt>
      <trkpt lat="44.37808" lon="-73.88511">
        <ele>1226.4</ele>
        <time>2024-04-26T20:29:01Z</time>
      </trkpt>
      <trkpt lat="44.37809" lon="-73.8851">
        <ele>1225.96</ele>
        <time>2024-04-26T20:29:02Z</time>
      </trkpt>
      <trkpt lat="44.37813" lon="-73.88505">
        <ele>1224.13</ele>
        <time>2024-04-26T20:29:09Z</time>
      </trkpt>
      <trkpt lat="44.37816" lon="-73.885">
        <ele>1222.49</ele>
        <time>2024-04-26T20:29:15Z</time>
      </trkpt>
      <trkpt lat="44.37816" lon="-73.88497">
        <ele>1222.16</ele>
        <time>2024-04-26T20:29:18Z</time>
      </trkpt>
      <trkpt lat="44.37814" lon="-73.88494">
        <ele>1222.62</ele>
        <time>2024-04-26T20:29:24Z</time>
      </trkpt>
      <trkpt lat="44.37813" lon="-73.8849">
        <ele>1222.59</ele>
        <time>2024-04-26T20:29:28Z</time>
      </trkpt>
      <trkpt lat="44.37812" lon="-73.88484">
        <ele>1222.91</ele>
        <time>2024-04-26T20:29:35Z</time>
      </trkpt>
      <trkpt lat="44.3781" lon="-73.88482">
        <ele>1223.56</ele>
        <time>2024-04-26T20:29:38Z</time>
      </trkpt>
      <trkpt lat="44.37809" lon="-73.8848">
        <ele>1223.72</ele>
        <time>2024-04-26T20:29:40Z</time>
      </trkpt>
      <trkpt lat="44.37807" lon="-73.88477">
        <ele>1224.05</ele>
        <time>2024-04-26T20:29:43Z</time>
      </trkpt>
      <trkpt lat="44.37805" lon="-73.88469">
        <ele>1224.16</ele>
        <time>2024-04-26T20:29:52Z</time>
      </trkpt>
      <trkpt lat="44.37805" lon="-73.88467">
        <ele>1224.15</ele>
        <time>2024-04-26T20:29:54Z</time>
      </trkpt>
      <trkpt lat="44.37803" lon="-73.88458">
        <ele>1224.4</ele>
        <time>2024-04-26T20:30:03Z</time>
      </trkpt>
      <trkpt lat="44.37802" lon="-73.88458">
        <ele>1224.56</ele>
        <time>2024-04-26T20:30:04Z</time>
      </trkpt>
      <trkpt lat="44.37801" lon="-73.88455">
        <ele>1224.56</ele>
        <time>2024-04-26T20:30:10Z</time>
      </trkpt>
      <trkpt lat="44.37801" lon="-73.88451">
        <ele>1224.2</ele>
        <time>2024-04-26T20:30:15Z</time>
      </trkpt>
      <trkpt lat="44.37801" lon="-73.8845">
        <ele>1224.09</ele>
        <time>2024-04-26T20:30:16Z</time>
      </trkpt>
      <trkpt lat="44.378" lon="-73.88445">
        <ele>1223.66</ele>
        <time>2024-04-26T20:30:23Z</time>
      </trkpt>
      <trkpt lat="44.378" lon="-73.88444">
        <ele>1223.5</ele>
        <time>2024-04-26T20:30:24Z</time>
      </trkpt>
      <trkpt lat="44.37799" lon="-73.88441">
        <ele>1222.96</ele>
        <time>2024-04-26T20:30:29Z</time>
      </trkpt>
      <trkpt lat="44.37798" lon="-73.8844">
        <ele>1222.86</ele>
        <time>2024-04-26T20:30:32Z</time>
      </trkpt>
      <trkpt lat="44.37796" lon="-73.88434">
        <ele>1221.87</ele>
        <time>2024-04-26T20:30:38Z</time>
      </trkpt>
      <trkpt lat="44.37795" lon="-73.88431">
        <ele>1221.48</ele>
        <time>2024-04-26T20:30:42Z</time>
      </trkpt>
      <trkpt lat="44.37795" lon="-73.88426">
        <ele>1220.87</ele>
        <time>2024-04-26T20:30:48Z</time>
      </trkpt>
      <trkpt lat="44.37796" lon="-73.88423">
        <ele>1220.34</ele>
        <time>2024-04-26T20:30:52Z</time>
      </trkpt>
      <trkpt lat="44.37796" lon="-73.88421">
        <ele>1219.9</ele>
        <time>2024-04-26T20:30:55Z</time>
      </trkpt>
      <trkpt lat="44.37797" lon="-73.88418">
        <ele>1219.21</ele>
        <time>2024-04-26T20:31:02Z</time>
      </trkpt>
      <trkpt lat="44.37797" lon="-73.88416">
        <ele>1218.77</ele>
        <time>2024-04-26T20:31:03Z</time>
      </trkpt>
      <trkpt lat="44.37796" lon="-73.88409">
        <ele>1217.31</ele>
        <time>2024-04-26T20:31:11Z</time>
      </trkpt>
      <trkpt lat="44.37796" lon="-73.88407">
        <ele>1216.88</ele>
        <time>2024-04-26T20:31:14Z</time>
      </trkpt>
      <trkpt lat="44.37797" lon="-73.88402">
        <ele>1215.72</ele>
        <time>2024-04-26T20:31:20Z</time>
      </trkpt>
      <trkpt lat="44.37799" lon="-73.88397">
        <ele>1214.5</ele>
        <time>2024-04-26T20:31:27Z</time>
      </trkpt>
      <trkpt lat="44.378" lon="-73.88396">
        <ele>1214.23</ele>
        <time>2024-04-26T20:31:29Z</time>
      </trkpt>
      <trkpt lat="44.37803" lon="-73.88393">
        <ele>1213.57</ele>
        <time>2024-04-26T20:31:38Z</time>
      </trkpt>
      <trkpt lat="44.37803" lon="-73.88393">
        <ele>1213.57</ele>
        <time>2024-04-26T20:31:39Z</time>
      </trkpt>
      <trkpt lat="44.37803" lon="-73.88391">
        <ele>1213.29</ele>
        <time>2024-04-26T20:31:47Z</time>
      </trkpt>
      <trkpt lat="44.37803" lon="-73.8839">
        <ele>1213.15</ele>
        <time>2024-04-26T20:32:06Z</time>
      </trkpt>
      <trkpt lat="44.37803" lon="-73.88391">
        <ele>1213.29</ele>
        <time>2024-04-26T20:32:21Z</time>
      </trkpt>
      <trkpt lat="44.37803" lon="-73.88391">
        <ele>1213.29</ele>
        <time>2024-04-26T20:32:30Z</time>
      </trkpt>
      <trkpt lat="44.37805" lon="-73.88389">
        <ele>1213.01</ele>
        <time>2024-04-26T20:32:56Z</time>
      </trkpt>
      <trkpt lat="44.37806" lon="-73.88388">
        <ele>1212.66</ele>
        <time>2024-04-26T20:33:02Z</time>
      </trkpt>
      <trkpt lat="44.37806" lon="-73.88388">
        <ele>1212.66</ele>
        <time>2024-04-26T20:33:03Z</time>
      </trkpt>
      <trkpt lat="44.37806" lon="-73.88388">
        <ele>1212.66</ele>
        <time>2024-04-26T20:33:05Z</time>
      </trkpt>
      <trkpt lat="44.37806" lon="-73.88386">
        <ele>1212.23</ele>
        <time>2024-04-26T20:33:11Z</time>
      </trkpt>
      <trkpt lat="44.37807" lon="-73.88385">
        <ele>1211.69</ele>
        <time>2024-04-26T20:33:18Z</time>
      </trkpt>
      <trkpt lat="44.37807" lon="-73.88385">
        <ele>1211.69</ele>
        <time>2024-04-26T20:33:21Z</time>
      </trkpt>
      <trkpt lat="44.37806" lon="-73.88384">
        <ele>1211.8</ele>
        <time>2024-04-26T20:33:24Z</time>
      </trkpt>
      <trkpt lat="44.37807" lon="-73.88384">
        <ele>1211.48</ele>
        <time>2024-04-26T20:33:28Z</time>
      </trkpt>
      <trkpt lat="44.37807" lon="-73.88382">
        <ele>1211.04</ele>
        <time>2024-04-26T20:33:32Z</time>
      </trkpt>
      <trkpt lat="44.37806" lon="-73.88381">
        <ele>1211.15</ele>
        <time>2024-04-26T20:33:34Z</time>
      </trkpt>
      <trkpt lat="44.37806" lon="-73.88379">
        <ele>1210.72</ele>
        <time>2024-04-26T20:33:39Z</time>
      </trkpt>
      <trkpt lat="44.37805" lon="-73.88375">
        <ele>1210.06</ele>
        <time>2024-04-26T20:33:46Z</time>
      </trkpt>
      <trkpt lat="44.37805" lon="-73.88371">
        <ele>1209.2</ele>
        <time>2024-04-26T20:33:53Z</time>
      </trkpt>
      <trkpt lat="44.37805" lon="-73.8837">
        <ele>1208.94</ele>
        <time>2024-04-26T20:33:54Z</time>
      </trkpt>
      <trkpt lat="44.37803" lon="-73.88367">
        <ele>1208.08</ele>
        <time>2024-04-26T20:34:04Z</time>
      </trkpt>
      <trkpt lat="44.37802" lon="-73.88366">
        <ele>1207.79</ele>
        <time>2024-04-26T20:34:05Z</time>
      </trkpt>
      <trkpt lat="44.37801" lon="-73.88365">
        <ele>1207.47</ele>
        <time>2024-04-26T20:34:08Z</time>
      </trkpt>
      <trkpt lat="44.378" lon="-73.88362">
        <ele>1206.35</ele>
        <time>2024-04-26T20:34:12Z</time>
      </trkpt>
      <trkpt lat="44.37799" lon="-73.88361">
        <ele>1205.96</ele>
        <time>2024-04-26T20:34:14Z</time>
      </trkpt>
      <trkpt lat="44.37796" lon="-73.8836">
        <ele>1205.64</ele>
        <time>2024-04-26T20:34:21Z</time>
      </trkpt>
      <trkpt lat="44.37796" lon="-73.88359">
        <ele>1205.32</ele>
        <time>2024-04-26T20:34:22Z</time>
      </trkpt>
      <trkpt lat="44.37793" lon="-73.88357">
        <ele>1204.67</ele>
        <time>2024-04-26T20:34:29Z</time>
      </trkpt>
      <trkpt lat="44.3779" lon="-73.88355">
        <ele>1204.02</ele>
        <time>2024-04-26T20:34:34Z</time>
      </trkpt>
      <trkpt lat="44.37789" lon="-73.88354">
        <ele>1203.7</ele>
        <time>2024-04-26T20:34:37Z</time>
      </trkpt>
      <trkpt lat="44.37785" lon="-73.88353">
        <ele>1203.15</ele>
        <time>2024-04-26T20:34:44Z</time>
      </trkpt>
      <trkpt lat="44.37781" lon="-73.88353">
        <ele>1202.72</ele>
        <time>2024-04-26T20:34:51Z</time>
      </trkpt>
      <trkpt lat="44.37779" lon="-73.88353">
        <ele>1202.5</ele>
        <time>2024-04-26T20:34:55Z</time>
      </trkpt>
      <trkpt lat="44.37778" lon="-73.8835">
        <ele>1201.62</ele>
        <time>2024-04-26T20:34:58Z</time>
      </trkpt>
      <trkpt lat="44.37777" lon="-73.8835">
        <ele>1201.52</ele>
        <time>2024-04-26T20:35:02Z</time>
      </trkpt>
      <trkpt lat="44.37777" lon="-73.88349">
        <ele>1201.3</ele>
        <time>2024-04-26T20:35:04Z</time>
      </trkpt>
      <trkpt lat="44.37777" lon="-73.88348">
        <ele>1201.08</ele>
        <time>2024-04-26T20:35:07Z</time>
      </trkpt>
      <trkpt lat="44.37777" lon="-73.88348">
        <ele>1201.08</ele>
        <time>2024-04-26T20:35:11Z</time>
      </trkpt>
      <trkpt lat="44.37774" lon="-73.88346">
        <ele>1200.33</ele>
        <time>2024-04-26T20:35:18Z</time>
      </trkpt>
      <trkpt lat="44.37772" lon="-73.88345">
        <ele>1199.9</ele>
        <time>2024-04-26T20:35:23Z</time>
      </trkpt>
      <trkpt lat="44.37771" lon="-73.88344">
        <ele>1199.57</ele>
        <time>2024-04-26T20:35:28Z</time>
      </trkpt>
      <trkpt lat="44.37771" lon="-73.88342">
        <ele>1199.2</ele>
        <time>2024-04-26T20:35:32Z</time>
      </trkpt>
      <trkpt lat="44.37771" lon="-73.88343">
        <ele>1199.36</ele>
        <time>2024-04-26T20:35:35Z</time>
      </trkpt>
      <trkpt lat="44.37771" lon="-73.88344">
        <ele>1199.57</ele>
        <time>2024-04-26T20:35:42Z</time>
      </trkpt>
      <trkpt lat="44.37771" lon="-73.88343">
        <ele>1199.36</ele>
        <time>2024-04-26T20:35:50Z</time>
      </trkpt>
      <trkpt lat="44.37771" lon="-73.88343">
        <ele>1199.36</ele>
        <time>2024-04-26T20:36:00Z</time>
      </trkpt>
      <trkpt lat="44.37771" lon="-73.88343">
        <ele>1199.36</ele>
        <time>2024-04-26T20:36:16Z</time>
      </trkpt>
      <trkpt lat="44.37771" lon="-73.88343">
        <ele>1199.36</ele>
        <time>2024-04-26T20:36:17Z</time>
      </trkpt>
      <trkpt lat="44.37771" lon="-73.88344">
        <ele>1199.57</ele>
        <time>2024-04-26T20:36:28Z</time>
      </trkpt>
      <trkpt lat="44.37772" lon="-73.88345">
        <ele>1199.9</ele>
        <time>2024-04-26T20:36:36Z</time>
      </trkpt>
      <trkpt lat="44.37771" lon="-73.88343">
        <ele>1199.36</ele>
        <time>2024-04-26T20:36:45Z</time>
      </trkpt>
      <trkpt lat="44.37771" lon="-73.88343">
        <ele>1199.36</ele>
        <time>2024-04-26T20:36:52Z</time>
      </trkpt>
      <trkpt lat="44.3777" lon="-73.88341">
        <ele>1198.99</ele>
        <time>2024-04-26T20:37:02Z</time>
      </trkpt>
      <trkpt lat="44.37771" lon="-73.88342">
        <ele>1199.2</ele>
        <time>2024-04-26T20:37:14Z</time>
      </trkpt>
      <trkpt lat="44.37771" lon="-73.8834">
        <ele>1198.99</ele>
        <time>2024-04-26T20:37:23Z</time>
      </trkpt>
      <trkpt lat="44.37772" lon="-73.88341">
        <ele>1199.2</ele>
        <time>2024-04-26T20:37:28Z</time>
      </trkpt>
      <trkpt lat="44.37771" lon="-73.88342">
        <ele>1199.2</ele>
        <time>2024-04-26T20:37:45Z</time>
      </trkpt>
      <trkpt lat="44.37772" lon="-73.88343">
        <ele>1199.46</ele>
        <time>2024-04-26T20:37:48Z</time>
      </trkpt>
      <trkpt lat="44.37772" lon="-73.88344">
        <ele>1199.68</ele>
        <time>2024-04-26T20:37:54Z</time>
      </trkpt>
      <trkpt lat="44.37771" lon="-73.88342">
        <ele>1199.2</ele>
        <time>2024-04-26T20:38:06Z</time>
      </trkpt>
      <trkpt lat="44.3777" lon="-73.88342">
        <ele>1199.1</ele>
        <time>2024-04-26T20:38:09Z</time>
      </trkpt>
      <trkpt lat="44.37772" lon="-73.88341">
        <ele>1199.2</ele>
        <time>2024-04-26T20:42:50Z</time>
      </trkpt>
      <trkpt lat="44.37773" lon="-73.88339">
        <ele>1199.1</ele>
        <time>2024-04-26T20:42:53Z</time>
      </trkpt>
      <trkpt lat="44.37775" lon="-73.88334">
        <ele>1198.77</ele>
        <time>2024-04-26T20:42:59Z</time>
      </trkpt>
      <trkpt lat="44.37776" lon="-73.88326">
        <ele>1198.02</ele>
        <time>2024-04-26T20:43:05Z</time>
      </trkpt>
      <trkpt lat="44.37776" lon="-73.88324">
        <ele>1197.8</ele>
        <time>2024-04-26T20:43:16Z</time>
      </trkpt>
      <trkpt lat="44.37776" lon="-73.88325">
        <ele>1197.91</ele>
        <time>2024-04-26T20:43:22Z</time>
      </trkpt>
      <trkpt lat="44.37776" lon="-73.88324">
        <ele>1197.8</ele>
        <time>2024-04-26T20:43:24Z</time>
      </trkpt>
      <trkpt lat="44.37777" lon="-73.8832">
        <ele>1197.48</ele>
        <time>2024-04-26T20:43:27Z</time>
      </trkpt>
      <trkpt lat="44.37777" lon="-73.88317">
        <ele>1197.15</ele>
        <time>2024-04-26T20:43:30Z</time>
      </trkpt>
      <trkpt lat="44.37776" lon="-73.88315">
        <ele>1196.83</ele>
        <time>2024-04-26T20:43:32Z</time>
      </trkpt>
      <trkpt lat="44.37776" lon="-73.88314">
        <ele>1196.7</ele>
        <time>2024-04-26T20:43:33Z</time>
      </trkpt>
      <trkpt lat="44.37777" lon="-73.88304">
        <ele>1195.66</ele>
        <time>2024-04-26T20:43:39Z</time>
      </trkpt>
      <trkpt lat="44.37778" lon="-73.88295">
        <ele>1194.89</ele>
        <time>2024-04-26T20:43:45Z</time>
      </trkpt>
      <trkpt lat="44.37778" lon="-73.88283">
        <ele>1194.04</ele>
        <time>2024-04-26T20:43:53Z</time>
      </trkpt>
      <trkpt lat="44.37778" lon="-73.88281">
        <ele>1194.03</ele>
        <time>2024-04-26T20:43:54Z</time>
      </trkpt>
      <trkpt lat="44.37778" lon="-73.88274">
        <ele>1193.63</ele>
        <time>2024-04-26T20:43:59Z</time>
      </trkpt>
      <trkpt lat="44.37777" lon="-73.88265">
        <ele>1192.54</ele>
        <time>2024-04-26T20:44:06Z</time>
      </trkpt>
      <trkpt lat="44.37776" lon="-73.88255">
        <ele>1191.81</ele>
        <time>2024-04-26T20:44:14Z</time>
      </trkpt>
      <trkpt lat="44.37777" lon="-73.88239">
        <ele>1190.9</ele>
        <time>2024-04-26T20:44:23Z</time>
      </trkpt>
      <trkpt lat="44.37776" lon="-73.88233">
        <ele>1190.65</ele>
        <time>2024-04-26T20:44:28Z</time>
      </trkpt>
      <trkpt lat="44.37774" lon="-73.88228">
        <ele>1190.18</ele>
        <time>2024-04-26T20:44:32Z</time>
      </trkpt>
      <trkpt lat="44.37777" lon="-73.88215">
        <ele>1190.05</ele>
        <time>2024-04-26T20:44:40Z</time>
      </trkpt>
      <trkpt lat="44.37779" lon="-73.8821">
        <ele>1190.22</ele>
        <time>2024-04-26T20:44:46Z</time>
      </trkpt>
      <trkpt lat="44.37781" lon="-73.88208">
        <ele>1190.51</ele>
        <time>2024-04-26T20:44:48Z</time>
      </trkpt>
      <trkpt lat="44.37786" lon="-73.88202">
        <ele>1190.89</ele>
        <time>2024-04-26T20:44:55Z</time>
      </trkpt>
      <trkpt lat="44.37787" lon="-73.882">
        <ele>1191.0</ele>
        <time>2024-04-26T20:44:56Z</time>
      </trkpt>
      <trkpt lat="44.3779" lon="-73.88194">
        <ele>1191.62</ele>
        <time>2024-04-26T20:45:00Z</time>
      </trkpt>
      <trkpt lat="44.37791" lon="-73.88187">
        <ele>1191.51</ele>
        <time>2024-04-26T20:45:05Z</time>
      </trkpt>
      <trkpt lat="44.37792" lon="-73.88185">
        <ele>1191.54</ele>
        <time>2024-04-26T20:45:07Z</time>
      </trkpt>
      <trkpt lat="44.37795" lon="-73.88173">
        <ele>1191.86</ele>
        <time>2024-04-26T20:45:17Z</time>
      </trkpt>
      <trkpt lat="44.37801" lon="-73.8816">
        <ele>1192.51</ele>
        <time>2024-04-26T20:45:25Z</time>
      </trkpt>
      <trkpt lat="44.37806" lon="-73.88152">
        <ele>1193.05</ele>
        <time>2024-04-26T20:45:33Z</time>
      </trkpt>
      <trkpt lat="44.37812" lon="-73.88142">
        <ele>1193.7</ele>
        <time>2024-04-26T20:45:42Z</time>
      </trkpt>
      <trkpt lat="44.37814" lon="-73.88138">
        <ele>1193.92</ele>
        <time>2024-04-26T20:45:45Z</time>
      </trkpt>
      <trkpt lat="44.37815" lon="-73.88134">
        <ele>1194.0</ele>
        <time>2024-04-26T20:45:48Z</time>
      </trkpt>
      <trkpt lat="44.37816" lon="-73.88123">
        <ele>1194.0</ele>
        <time>2024-04-26T20:45:55Z</time>
      </trkpt>
      <trkpt lat="44.37817" lon="-73.88112">
        <ele>1194.0</ele>
        <time>2024-04-26T20:46:03Z</time>
      </trkpt>
      <trkpt lat="44.37814" lon="-73.881">
        <ele>1194.0</ele>
        <time>2024-04-26T20:46:10Z</time>
      </trkpt>
      <trkpt lat="44.37811" lon="-73.88088">
        <ele>1194.0</ele>
        <time>2024-04-26T20:46:17Z</time>
      </trkpt>
      <trkpt lat="44.37811" lon="-73.88083">
        <ele>1194.0</ele>
        <time>2024-04-26T20:46:20Z</time>
      </trkpt>
      <trkpt lat="44.37811" lon="-73.88078">
        <ele>1194.0</ele>
        <time>2024-04-26T20:46:22Z</time>
      </trkpt>
      <trkpt lat="44.37809" lon="-73.88068">
        <ele>1194.0</ele>
        <time>2024-04-26T20:46:28Z</time>
      </trkpt>
      <trkpt lat="44.37808" lon="-73.88057">
        <ele>1194.62</ele>
        <time>2024-04-26T20:46:37Z</time>
      </trkpt>
      <trkpt lat="44.37806" lon="-73.88052">
        <ele>1194.97</ele>
        <time>2024-04-26T20:46:40Z</time>
      </trkpt>
      <trkpt lat="44.37802" lon="-73.88047">
        <ele>1194.62</ele>
        <time>2024-04-26T20:46:45Z</time>
      </trkpt>
      <trkpt lat="44.37799" lon="-73.88034">
        <ele>1194.29</ele>
        <time>2024-04-26T20:46:54Z</time>
      </trkpt>
      <trkpt lat="44.37798" lon="-73.88022">
        <ele>1194.18</ele>
        <time>2024-04-26T20:47:01Z</time>
      </trkpt>
      <trkpt lat="44.37798" lon="-73.88021">
        <ele>1194.18</ele>
        <time>2024-04-26T20:47:02Z</time>
      </trkpt>
      <trkpt lat="44.378" lon="-73.88016">
        <ele>1194.56</ele>
        <time>2024-04-26T20:47:08Z</time>
      </trkpt>
      <trkpt lat="44.37803" lon="-73.88006">
        <ele>1195.0</ele>
        <time>2024-04-26T20:47:17Z</time>
      </trkpt>
      <trkpt lat="44.37804" lon="-73.88005">
        <ele>1195.0</ele>
        <time>2024-04-26T20:47:18Z</time>
      </trkpt>
      <trkpt lat="44.37805" lon="-73.87997">
        <ele>1195.0</ele>
        <time>2024-04-26T20:47:24Z</time>
      </trkpt>
      <trkpt lat="44.37804" lon="-73.87982">
        <ele>1194.21</ele>
        <time>2024-04-26T20:47:33Z</time>
      </trkpt>
      <trkpt lat="44.37805" lon="-73.8797">
        <ele>1194.0</ele>
        <time>2024-04-26T20:47:40Z</time>
      </trkpt>
      <trkpt lat="44.37801" lon="-73.87959">
        <ele>1194.0</ele>
        <time>2024-04-26T20:47:49Z</time>
      </trkpt>
      <trkpt lat="44.37799" lon="-73.87952">
        <ele>1193.95</ele>
        <time>2024-04-26T20:47:53Z</time>
      </trkpt>
      <trkpt lat="44.37798" lon="-73.87944">
        <ele>1193.81</ele>
        <time>2024-04-26T20:47:57Z</time>
      </trkpt>
      <trkpt lat="44.37798" lon="-73.87937">
        <ele>1193.67</ele>
        <time>2024-04-26T20:48:01Z</time>
      </trkpt>
      <trkpt lat="44.378" lon="-73.87933">
        <ele>1193.06</ele>
        <time>2024-04-26T20:48:03Z</time>
      </trkpt>
      <trkpt lat="44.37802" lon="-73.87928">
        <ele>1192.47</ele>
        <time>2024-04-26T20:48:06Z</time>
      </trkpt>
      <trkpt lat="44.37803" lon="-73.87921">
        <ele>1191.74</ele>
        <time>2024-04-26T20:48:11Z</time>
      </trkpt>
      <trkpt lat="44.37803" lon="-73.87917">
        <ele>1191.31</ele>
        <time>2024-04-26T20:48:14Z</time>
      </trkpt>
      <trkpt lat="44.37804" lon="-73.87912">
        <ele>1190.66</ele>
        <time>2024-04-26T20:48:18Z</time>
      </trkpt>
      <trkpt lat="44.37805" lon="-73.8791">
        <ele>1190.34</ele>
        <time>2024-04-26T20:48:20Z</time>
      </trkpt>
      <trkpt lat="44.37803" lon="-73.87899">
        <ele>1188.87</ele>
        <time>2024-04-26T20:48:26Z</time>
      </trkpt>
      <trkpt lat="44.37804" lon="-73.87892">
        <ele>1187.39</ele>
        <time>2024-04-26T20:48:30Z</time>
      </trkpt>
      <trkpt lat="44.37805" lon="-73.87887">
        <ele>1186.27</ele>
        <time>2024-04-26T20:48:33Z</time>
      </trkpt>
      <trkpt lat="44.37805" lon="-73.87885">
        <ele>1185.62</ele>
        <time>2024-04-26T20:48:37Z</time>
      </trkpt>
      <trkpt lat="44.37806" lon="-73.87883">
        <ele>1185.12</ele>
        <time>2024-04-26T20:48:39Z</time>
      </trkpt>
      <trkpt lat="44.37808" lon="-73.87878">
        <ele>1183.96</ele>
        <time>2024-04-26T20:48:46Z</time>
      </trkpt>
      <trkpt lat="44.37808" lon="-73.87876">
        <ele>1183.58</ele>
        <time>2024-04-26T20:48:53Z</time>
      </trkpt>
      <trkpt lat="44.37809" lon="-73.87874">
        <ele>1183.38</ele>
        <time>2024-04-26T20:48:57Z</time>
      </trkpt>
      <trkpt lat="44.37809" lon="-73.87873">
        <ele>1183.21</ele>
        <time>2024-04-26T20:49:00Z</time>
      </trkpt>
      <trkpt lat="44.37809" lon="-73.87872">
        <ele>1183.03</ele>
        <time>2024-04-26T20:49:06Z</time>
      </trkpt>
      <trkpt lat="44.37809" lon="-73.87872">
        <ele>1183.03</ele>
        <time>2024-04-26T20:49:08Z</time>
      </trkpt>
      <trkpt lat="44.3781" lon="-73.87869">
        <ele>1182.66</ele>
        <time>2024-04-26T20:49:15Z</time>
      </trkpt>
      <trkpt lat="44.3781" lon="-73.87869">
        <ele>1182.66</ele>
        <time>2024-04-26T20:49:16Z</time>
      </trkpt>
      <trkpt lat="44.37812" lon="-73.87866">
        <ele>1182.45</ele>
        <time>2024-04-26T20:49:25Z</time>
      </trkpt>
      <trkpt lat="44.37814" lon="-73.87863">
        <ele>1182.23</ele>
        <time>2024-04-26T20:49:32Z</time>
      </trkpt>
      <trkpt lat="44.37815" lon="-73.87863">
        <ele>1182.42</ele>
        <time>2024-04-26T20:49:34Z</time>
      </trkpt>
      <trkpt lat="44.37817" lon="-73.87861">
        <ele>1182.22</ele>
        <time>2024-04-26T20:49:42Z</time>
      </trkpt>
      <trkpt lat="44.37818" lon="-73.87856">
        <ele>1181.79</ele>
        <time>2024-04-26T20:49:50Z</time>
      </trkpt>
      <trkpt lat="44.37818" lon="-73.87855">
        <ele>1181.68</ele>
        <time>2024-04-26T20:49:52Z</time>
      </trkpt>
      <trkpt lat="44.3782" lon="-73.8785">
        <ele>1181.27</ele>
        <time>2024-04-26T20:49:58Z</time>
      </trkpt>
      <trkpt lat="44.37821" lon="-73.87849">
        <ele>1181.26</ele>
        <time>2024-04-26T20:49:59Z</time>
      </trkpt>
      <trkpt lat="44.37821" lon="-73.8784">
        <ele>1179.5</ele>
        <time>2024-04-26T20:50:06Z</time>
      </trkpt>
      <trkpt lat="44.37823" lon="-73.87837">
        <ele>1178.96</ele>
        <time>2024-04-26T20:50:09Z</time>
      </trkpt>
      <trkpt lat="44.37824" lon="-73.87837">
        <ele>1179.17</ele>
        <time>2024-04-26T20:50:10Z</time>
      </trkpt>
      <trkpt lat="44.37825" lon="-73.87836">
        <ele>1179.01</ele>
        <time>2024-04-26T20:50:11Z</time>
      </trkpt>
      <trkpt lat="44.3783" lon="-73.87828">
        <ele>1177.76</ele>
        <time>2024-04-26T20:50:18Z</time>
      </trkpt>
      <trkpt lat="44.37831" lon="-73.87826">
        <ele>1177.32</ele>
        <time>2024-04-26T20:50:20Z</time>
      </trkpt>
      <trkpt lat="44.37833" lon="-73.87819">
        <ele>1175.85</ele>
        <time>2024-04-26T20:50:26Z</time>
      </trkpt>
      <trkpt lat="44.37833" lon="-73.87814">
        <ele>1174.75</ele>
        <time>2024-04-26T20:50:31Z</time>
      </trkpt>
      <trkpt lat="44.37834" lon="-73.87811">
        <ele>1174.1</ele>
        <time>2024-04-26T20:50:34Z</time>
      </trkpt>
      <trkpt lat="44.37834" lon="-73.87807">
        <ele>1173.24</ele>
        <time>2024-04-26T20:50:41Z</time>
      </trkpt>
      <trkpt lat="44.37834" lon="-73.87807">
        <ele>1173.24</ele>
        <time>2024-04-26T20:50:42Z</time>
      </trkpt>
      <trkpt lat="44.37833" lon="-73.87803">
        <ele>1172.38</ele>
        <time>2024-04-26T20:50:50Z</time>
      </trkpt>
      <trkpt lat="44.37832" lon="-73.87803">
        <ele>1172.16</ele>
        <time>2024-04-26T20:50:51Z</time>
      </trkpt>
      <trkpt lat="44.37832" lon="-73.878">
        <ele>1171.51</ele>
        <time>2024-04-26T20:50:58Z</time>
      </trkpt>
      <trkpt lat="44.37832" lon="-73.878">
        <ele>1171.51</ele>
        <time>2024-04-26T20:50:59Z</time>
      </trkpt>
      <trkpt lat="44.37829" lon="-73.87796">
        <ele>1170.0</ele>
        <time>2024-04-26T20:51:06Z</time>
      </trkpt>
      <trkpt lat="44.37828" lon="-73.87795">
        <ele>1169.57</ele>
        <time>2024-04-26T20:51:13Z</time>
      </trkpt>
      <trkpt lat="44.37828" lon="-73.87795">
        <ele>1169.57</ele>
        <time>2024-04-26T20:51:14Z</time>
      </trkpt>
      <trkpt lat="44.37827" lon="-73.87792">
        <ele>1168.7</ele>
        <time>2024-04-26T20:51:20Z</time>
      </trkpt>
      <trkpt lat="44.37827" lon="-73.87792">
        <ele>1168.7</ele>
        <time>2024-04-26T20:51:22Z</time>
      </trkpt>
      <trkpt lat="44.37826" lon="-73.8779">
        <ele>1168.06</ele>
        <time>2024-04-26T20:51:28Z</time>
      </trkpt>
      <trkpt lat="44.37826" lon="-73.87788">
        <ele>1167.62</ele>
        <time>2024-04-26T20:51:32Z</time>
      </trkpt>
      <trkpt lat="44.37827" lon="-73.87784">
        <ele>1166.65</ele>
        <time>2024-04-26T20:51:40Z</time>
      </trkpt>
      <trkpt lat="44.37831" lon="-73.87776">
        <ele>1165.06</ele>
        <time>2024-04-26T20:51:46Z</time>
      </trkpt>
      <trkpt lat="44.37831" lon="-73.87775">
        <ele>1164.82</ele>
        <time>2024-04-26T20:51:47Z</time>
      </trkpt>
      <trkpt lat="44.37833" lon="-73.8777">
        <ele>1164.22</ele>
        <time>2024-04-26T20:51:52Z</time>
      </trkpt>
      <trkpt lat="44.37834" lon="-73.87766">
        <ele>1163.53</ele>
        <time>2024-04-26T20:51:58Z</time>
      </trkpt>
      <trkpt lat="44.37834" lon="-73.87763">
        <ele>1162.88</ele>
        <time>2024-04-26T20:52:01Z</time>
      </trkpt>
      <trkpt lat="44.37836" lon="-73.8776">
        <ele>1162.45</ele>
        <time>2024-04-26T20:52:07Z</time>
      </trkpt>
      <trkpt lat="44.37836" lon="-73.87759">
        <ele>1162.24</ele>
        <time>2024-04-26T20:52:08Z</time>
      </trkpt>
      <trkpt lat="44.3784" lon="-73.87755">
        <ele>1162.13</ele>
        <time>2024-04-26T20:52:13Z</time>
      </trkpt>
      <trkpt lat="44.37842" lon="-73.87755">
        <ele>1162.45</ele>
        <time>2024-04-26T20:52:15Z</time>
      </trkpt>
      <trkpt lat="44.37846" lon="-73.87754">
        <ele>1161.7</ele>
        <time>2024-04-26T20:52:22Z</time>
      </trkpt>
      <trkpt lat="44.37849" lon="-73.87752">
        <ele>1160.83</ele>
        <time>2024-04-26T20:52:29Z</time>
      </trkpt>
      <trkpt lat="44.37849" lon="-73.87752">
        <ele>1160.83</ele>
        <time>2024-04-26T20:52:31Z</time>
      </trkpt>
      <trkpt lat="44.37849" lon="-73.87749">
        <ele>1160.43</ele>
        <time>2024-04-26T20:52:40Z</time>
      </trkpt>
      <trkpt lat="44.3785" lon="-73.87749">
        <ele>1160.21</ele>
        <time>2024-04-26T20:52:41Z</time>
      </trkpt>
      <trkpt lat="44.37851" lon="-73.87747">
        <ele>1159.57</ele>
        <time>2024-04-26T20:52:45Z</time>
      </trkpt>
      <trkpt lat="44.3785" lon="-73.87747">
        <ele>1159.82</ele>
        <time>2024-04-26T20:52:50Z</time>
      </trkpt>
      <trkpt lat="44.3785" lon="-73.87747">
        <ele>1159.82</ele>
        <time>2024-04-26T20:52:56Z</time>
      </trkpt>
      <trkpt lat="44.37849" lon="-73.87748">
        <ele>1160.25</ele>
        <time>2024-04-26T20:53:05Z</time>
      </trkpt>
      <trkpt lat="44.37849" lon="-73.87747">
        <ele>1160.07</ele>
        <time>2024-04-26T20:53:13Z</time>
      </trkpt>
      <trkpt lat="44.3785" lon="-73.87748">
        <ele>1160.01</ele>
        <time>2024-04-26T20:53:14Z</time>
      </trkpt>
      <trkpt lat="44.37849" lon="-73.87747">
        <ele>1160.07</ele>
        <time>2024-04-26T20:53:19Z</time>
      </trkpt>
      <trkpt lat="44.37849" lon="-73.87747">
        <ele>1160.07</ele>
        <time>2024-04-26T20:53:22Z</time>
      </trkpt>
      <trkpt lat="44.37851" lon="-73.87747">
        <ele>1159.57</ele>
        <time>2024-04-26T20:53:30Z</time>
      </trkpt>
      <trkpt lat="44.3785" lon="-73.87746">
        <ele>1159.62</ele>
        <time>2024-04-26T20:53:41Z</time>
      </trkpt>
      <trkpt lat="44.37851" lon="-73.87744">
        <ele>1158.95</ele>
        <time>2024-04-26T20:53:48Z</time>
      </trkpt>
      <trkpt lat="44.37851" lon="-73.87743">
        <ele>1158.74</ele>
        <time>2024-04-26T20:53:50Z</time>
      </trkpt>
      <trkpt lat="44.37851" lon="-73.87743">
        <ele>1158.74</ele>
        <time>2024-04-26T20:53:52Z</time>
      </trkpt>
      <trkpt lat="44.37851" lon="-73.87743">
        <ele>1158.74</ele>
        <time>2024-04-26T20:53:53Z</time>
      </trkpt>
      <trkpt lat="44.37851" lon="-73.87743">
        <ele>1158.74</ele>
        <time>2024-04-26T20:53:54Z</time>
      </trkpt>
      <trkpt lat="44.37852" lon="-73.87742">
        <ele>1158.17</ele>
        <time>2024-04-26T20:53:57Z</time>
      </trkpt>
      <trkpt lat="44.37852" lon="-73.87741">
        <ele>1157.96</ele>
        <time>2024-04-26T20:53:58Z</time>
      </trkpt>
      <trkpt lat="44.37852" lon="-73.87739">
        <ele>1157.53</ele>
        <time>2024-04-26T20:54:07Z</time>
      </trkpt>
      <trkpt lat="44.37852" lon="-73.87738">
        <ele>1157.32</ele>
        <time>2024-04-26T20:54:12Z</time>
      </trkpt>
      <trkpt lat="44.37852" lon="-73.87738">
        <ele>1157.32</ele>
        <time>2024-04-26T20:54:17Z</time>
      </trkpt>
      <trkpt lat="44.37852" lon="-73.87738">
        <ele>1157.32</ele>
        <time>2024-04-26T20:54:26Z</time>
      </trkpt>
      <trkpt lat="44.37852" lon="-73.87735">
        <ele>1156.67</ele>
        <time>2024-04-26T20:54:32Z</time>
      </trkpt>
      <trkpt lat="44.37852" lon="-73.87735">
        <ele>1156.67</ele>
        <time>2024-04-26T20:54:33Z</time>
      </trkpt>
      <trkpt lat="44.37853" lon="-73.87733">
        <ele>1155.69</ele>
        <time>2024-04-26T20:54:35Z</time>
      </trkpt>
      <trkpt lat="44.37853" lon="-73.87732">
        <ele>1155.49</ele>
        <time>2024-04-26T20:54:36Z</time>
      </trkpt>
      <trkpt lat="44.37854" lon="-73.87731">
        <ele>1154.76</ele>
        <time>2024-04-26T20:54:39Z</time>
      </trkpt>
      <trkpt lat="44.37854" lon="-73.87732">
        <ele>1154.94</ele>
        <time>2024-04-26T20:54:49Z</time>
      </trkpt>
      <trkpt lat="44.37857" lon="-73.87726">
        <ele>1152.69</ele>
        <time>2024-04-26T20:54:57Z</time>
      </trkpt>
      <trkpt lat="44.37858" lon="-73.8772">
        <ele>1151.77</ele>
        <time>2024-04-26T20:55:03Z</time>
      </trkpt>
      <trkpt lat="44.37858" lon="-73.87717">
        <ele>1151.44</ele>
        <time>2024-04-26T20:55:06Z</time>
      </trkpt>
      <trkpt lat="44.37858" lon="-73.87717">
        <ele>1151.44</ele>
        <time>2024-04-26T20:55:07Z</time>
      </trkpt>
      <trkpt lat="44.37859" lon="-73.87711">
        <ele>1150.64</ele>
        <time>2024-04-26T20:55:12Z</time>
      </trkpt>
      <trkpt lat="44.37859" lon="-73.87707">
        <ele>1150.54</ele>
        <time>2024-04-26T20:55:16Z</time>
      </trkpt>
      <trkpt lat="44.37859" lon="-73.87704">
        <ele>1150.46</ele>
        <time>2024-04-26T20:55:18Z</time>
      </trkpt>
      <trkpt lat="44.3786" lon="-73.87694">
        <ele>1150.07</ele>
        <time>2024-04-26T20:55:25Z</time>
      </trkpt>
      <trkpt lat="44.37863" lon="-73.87683">
        <ele>1148.8</ele>
        <time>2024-04-26T20:55:31Z</time>
      </trkpt>
      <trkpt lat="44.37864" lon="-73.87682">
        <ele>1148.69</ele>
        <time>2024-04-26T20:55:32Z</time>
      </trkpt>
      <trkpt lat="44.37865" lon="-73.87672">
        <ele>1147.91</ele>
        <time>2024-04-26T20:55:40Z</time>
      </trkpt>
      <trkpt lat="44.37866" lon="-73.87672">
        <ele>1147.85</ele>
        <time>2024-04-26T20:55:41Z</time>
      </trkpt>
      <trkpt lat="44.37866" lon="-73.87671">
        <ele>1147.69</ele>
        <time>2024-04-26T20:55:46Z</time>
      </trkpt>
      <trkpt lat="44.37866" lon="-73.8767">
        <ele>1147.53</ele>
        <time>2024-04-26T20:55:49Z</time>
      </trkpt>
      <trkpt lat="44.37865" lon="-73.87669">
        <ele>1147.4</ele>
        <time>2024-04-26T20:55:57Z</time>
      </trkpt>
      <trkpt lat="44.37865" lon="-73.87669">
        <ele>1147.4</ele>
        <time>2024-04-26T20:56:01Z</time>
      </trkpt>
      <trkpt lat="44.37866" lon="-73.87668">
        <ele>1147.21</ele>
        <time>2024-04-26T20:56:04Z</time>
      </trkpt>
      <trkpt lat="44.37867" lon="-73.87666">
        <ele>1146.97</ele>
        <time>2024-04-26T20:56:09Z</time>
      </trkpt>
      <trkpt lat="44.37868" lon="-73.87665">
        <ele>1146.95</ele>
        <time>2024-04-26T20:56:13Z</time>
      </trkpt>
      <trkpt lat="44.37868" lon="-73.87664">
        <ele>1146.93</ele>
        <time>2024-04-26T20:56:16Z</time>
      </trkpt>
      <trkpt lat="44.37868" lon="-73.87662">
        <ele>1146.87</ele>
        <time>2024-04-26T20:56:19Z</time>
      </trkpt>
      <trkpt lat="44.37869" lon="-73.87658">
        <ele>1146.86</ele>
        <time>2024-04-26T20:56:26Z</time>
      </trkpt>
      <trkpt lat="44.37869" lon="-73.87657">
        <ele>1146.8</ele>
        <time>2024-04-26T20:56:29Z</time>
      </trkpt>
      <trkpt lat="44.37868" lon="-73.87652">
        <ele>1146.01</ele>
        <time>2024-04-26T20:56:35Z</time>
      </trkpt>
      <trkpt lat="44.37868" lon="-73.87646">
        <ele>1145.26</ele>
        <time>2024-04-26T20:56:39Z</time>
      </trkpt>
      <trkpt lat="44.37868" lon="-73.87645">
        <ele>1145.15</ele>
        <time>2024-04-26T20:56:40Z</time>
      </trkpt>
      <trkpt lat="44.37867" lon="-73.87644">
        <ele>1144.82</ele>
        <time>2024-04-26T20:56:41Z</time>
      </trkpt>
      <trkpt lat="44.37868" lon="-73.87641">
        <ele>1144.72</ele>
        <time>2024-04-26T20:56:42Z</time>
      </trkpt>
      <trkpt lat="44.37868" lon="-73.87633">
        <ele>1144.33</ele>
        <time>2024-04-26T20:56:48Z</time>
      </trkpt>
      <trkpt lat="44.37869" lon="-73.87628">
        <ele>1144.41</ele>
        <time>2024-04-26T20:56:52Z</time>
      </trkpt>
      <trkpt lat="44.3787" lon="-73.87625">
        <ele>1144.4</ele>
        <time>2024-04-26T20:56:55Z</time>
      </trkpt>
      <trkpt lat="44.37874" lon="-73.87623">
        <ele>1144.56</ele>
        <time>2024-04-26T20:57:02Z</time>
      </trkpt>
      <trkpt lat="44.37874" lon="-73.87623">
        <ele>1144.56</ele>
        <time>2024-04-26T20:57:04Z</time>
      </trkpt>
      <trkpt lat="44.37877" lon="-73.87622">
        <ele>1144.77</ele>
        <time>2024-04-26T20:57:11Z</time>
      </trkpt>
      <trkpt lat="44.37882" lon="-73.87621">
        <ele>1144.74</ele>
        <time>2024-04-26T20:57:16Z</time>
      </trkpt>
      <trkpt lat="44.37883" lon="-73.87621">
        <ele>1144.64</ele>
        <time>2024-04-26T20:57:17Z</time>
      </trkpt>
      <trkpt lat="44.37885" lon="-73.87622">
        <ele>1144.42</ele>
        <time>2024-04-26T20:57:23Z</time>
      </trkpt>
      <trkpt lat="44.37886" lon="-73.87622">
        <ele>1144.31</ele>
        <time>2024-04-26T20:57:25Z</time>
      </trkpt>
      <trkpt lat="44.3789" lon="-73.87622">
        <ele>1143.76</ele>
        <time>2024-04-26T20:57:29Z</time>
      </trkpt>
      <trkpt lat="44.37892" lon="-73.8762">
        <ele>1143.33</ele>
        <time>2024-04-26T20:57:32Z</time>
      </trkpt>
      <trkpt lat="44.37897" lon="-73.87619">
        <ele>1142.25</ele>
        <time>2024-04-26T20:57:36Z</time>
      </trkpt>
      <trkpt lat="44.379" lon="-73.8762">
        <ele>1141.4</ele>
        <time>2024-04-26T20:57:40Z</time>
      </trkpt>
      <trkpt lat="44.37902" lon="-73.8762">
        <ele>1140.75</ele>
        <time>2024-04-26T20:57:42Z</time>
      </trkpt>
      <trkpt lat="44.37907" lon="-73.87617">
        <ele>1139.13</ele>
        <time>2024-04-26T20:57:49Z</time>
      </trkpt>
      <trkpt lat="44.37908" lon="-73.87617">
        <ele>1138.68</ele>
        <time>2024-04-26T20:57:50Z</time>
      </trkpt>
      <trkpt lat="44.37912" lon="-73.87615">
        <ele>1136.52</ele>
        <time>2024-04-26T20:57:55Z</time>
      </trkpt>
      <trkpt lat="44.37912" lon="-73.87615">
        <ele>1136.52</ele>
        <time>2024-04-26T20:57:56Z</time>
      </trkpt>
      <trkpt lat="44.37915" lon="-73.87615">
        <ele>1134.9</ele>
        <time>2024-04-26T20:58:01Z</time>
      </trkpt>
      <trkpt lat="44.37917" lon="-73.87615">
        <ele>1133.82</ele>
        <time>2024-04-26T20:58:04Z</time>
      </trkpt>
      <trkpt lat="44.37919" lon="-73.87614">
        <ele>1132.74</ele>
        <time>2024-04-26T20:58:08Z</time>
      </trkpt>
      <trkpt lat="44.37921" lon="-73.87613">
        <ele>1131.66</ele>
        <time>2024-04-26T20:58:11Z</time>
      </trkpt>
      <trkpt lat="44.37922" lon="-73.8761">
        <ele>1131.12</ele>
        <time>2024-04-26T20:58:14Z</time>
      </trkpt>
      <trkpt lat="44.37924" lon="-73.87603">
        <ele>1130.04</ele>
        <time>2024-04-26T20:58:19Z</time>
      </trkpt>
      <trkpt lat="44.37924" lon="-73.87601">
        <ele>1130.04</ele>
        <time>2024-04-26T20:58:21Z</time>
      </trkpt>
      <trkpt lat="44.37924" lon="-73.87593">
        <ele>1130.04</ele>
        <time>2024-04-26T20:58:26Z</time>
      </trkpt>
      <trkpt lat="44.37926" lon="-73.8759">
        <ele>1128.96</ele>
        <time>2024-04-26T20:58:29Z</time>
      </trkpt>
      <trkpt lat="44.37928" lon="-73.87586">
        <ele>1127.88</ele>
        <time>2024-04-26T20:58:34Z</time>
      </trkpt>
      <trkpt lat="44.37929" lon="-73.87584">
        <ele>1127.34</ele>
        <time>2024-04-26T20:58:37Z</time>
      </trkpt>
      <trkpt lat="44.37929" lon="-73.87584">
        <ele>1127.34</ele>
        <time>2024-04-26T20:58:41Z</time>
      </trkpt>
      <trkpt lat="44.3793" lon="-73.87583">
        <ele>1126.78</ele>
        <time>2024-04-26T20:58:44Z</time>
      </trkpt>
      <trkpt lat="44.3793" lon="-73.87583">
        <ele>1126.78</ele>
        <time>2024-04-26T20:58:48Z</time>
      </trkpt>
      <trkpt lat="44.37932" lon="-73.8758">
        <ele>1125.6</ele>
        <time>2024-04-26T20:58:54Z</time>
      </trkpt>
      <trkpt lat="44.37934" lon="-73.87578">
        <ele>1124.57</ele>
        <time>2024-04-26T20:59:01Z</time>
      </trkpt>
      <trkpt lat="44.37934" lon="-73.87577">
        <ele>1124.55</ele>
        <time>2024-04-26T20:59:03Z</time>
      </trkpt>
      <trkpt lat="44.37936" lon="-73.87576">
        <ele>1123.58</ele>
        <time>2024-04-26T20:59:08Z</time>
      </trkpt>
      <trkpt lat="44.37936" lon="-73.87575">
        <ele>1123.57</ele>
        <time>2024-04-26T20:59:09Z</time>
      </trkpt>
      <trkpt lat="44.37937" lon="-73.87574">
        <ele>1123.01</ele>
        <time>2024-04-26T20:59:13Z</time>
      </trkpt>
      <trkpt lat="44.37939" lon="-73.87573">
        <ele>1121.87</ele>
        <time>2024-04-26T20:59:18Z</time>
      </trkpt>
      <trkpt lat="44.37939" lon="-73.87572">
        <ele>1121.81</ele>
        <time>2024-04-26T20:59:20Z</time>
      </trkpt>
      <trkpt lat="44.37941" lon="-73.8757">
        <ele>1120.7</ele>
        <time>2024-04-26T20:59:26Z</time>
      </trkpt>
      <trkpt lat="44.37942" lon="-73.87569">
        <ele>1120.18</ele>
        <time>2024-04-26T20:59:27Z</time>
      </trkpt>
      <trkpt lat="44.37943" lon="-73.87566">
        <ele>1119.64</ele>
        <time>2024-04-26T20:59:33Z</time>
      </trkpt>
      <trkpt lat="44.37943" lon="-73.87566">
        <ele>1119.64</ele>
        <time>2024-04-26T20:59:34Z</time>
      </trkpt>
      <trkpt lat="44.37943" lon="-73.87563">
        <ele>1119.26</ele>
        <time>2024-04-26T20:59:37Z</time>
      </trkpt>
      <trkpt lat="44.37943" lon="-73.87559">
        <ele>1118.47</ele>
        <time>2024-04-26T20:59:40Z</time>
      </trkpt>
      <trkpt lat="44.37943" lon="-73.87556">
        <ele>1117.87</ele>
        <time>2024-04-26T20:59:42Z</time>
      </trkpt>
      <trkpt lat="44.37943" lon="-73.87548">
        <ele>1116.96</ele>
        <time>2024-04-26T20:59:47Z</time>
      </trkpt>
      <trkpt lat="44.37942" lon="-73.87545">
        <ele>1117.18</ele>
        <time>2024-04-26T20:59:49Z</time>
      </trkpt>
      <trkpt lat="44.37944" lon="-73.87537">
        <ele>1115.23</ele>
        <time>2024-04-26T20:59:56Z</time>
      </trkpt>
      <trkpt lat="44.37945" lon="-73.87531">
        <ele>1113.44</ele>
        <time>2024-04-26T21:00:02Z</time>
      </trkpt>
      <trkpt lat="44.37946" lon="-73.8753">
        <ele>1112.77</ele>
        <time>2024-04-26T21:00:06Z</time>
      </trkpt>
      <trkpt lat="44.37947" lon="-73.87527">
        <ele>1111.79</ele>
        <time>2024-04-26T21:00:11Z</time>
      </trkpt>
      <trkpt lat="44.37948" lon="-73.87524">
        <ele>1110.9</ele>
        <time>2024-04-26T21:00:14Z</time>
      </trkpt>
      <trkpt lat="44.3795" lon="-73.87522">
        <ele>1109.6</ele>
        <time>2024-04-26T21:00:19Z</time>
      </trkpt>
      <trkpt lat="44.37952" lon="-73.8752">
        <ele>1108.21</ele>
        <time>2024-04-26T21:00:24Z</time>
      </trkpt>
      <trkpt lat="44.37952" lon="-73.87517">
        <ele>1107.73</ele>
        <time>2024-04-26T21:00:27Z</time>
      </trkpt>
      <trkpt lat="44.37954" lon="-73.87508">
        <ele>1105.77</ele>
        <time>2024-04-26T21:00:34Z</time>
      </trkpt>
      <trkpt lat="44.37954" lon="-73.87504">
        <ele>1105.34</ele>
        <time>2024-04-26T21:00:40Z</time>
      </trkpt>
      <trkpt lat="44.37954" lon="-73.87503">
        <ele>1105.23</ele>
        <time>2024-04-26T21:00:41Z</time>
      </trkpt>
      <trkpt lat="44.37954" lon="-73.87502">
        <ele>1105.12</ele>
        <time>2024-04-26T21:00:42Z</time>
      </trkpt>
      <trkpt lat="44.37954" lon="-73.875">
        <ele>1104.9</ele>
        <time>2024-04-26T21:00:44Z</time>
      </trkpt>
      <trkpt lat="44.37954" lon="-73.87495">
        <ele>1104.36</ele>
        <time>2024-04-26T21:00:49Z</time>
      </trkpt>
      <trkpt lat="44.37951" lon="-73.87488">
        <ele>1104.79</ele>
        <time>2024-04-26T21:00:57Z</time>
      </trkpt>
      <trkpt lat="44.37951" lon="-73.87487">
        <ele>1104.65</ele>
        <time>2024-04-26T21:00:58Z</time>
      </trkpt>
      <trkpt lat="44.37949" lon="-73.8748">
        <ele>1104.36</ele>
        <time>2024-04-26T21:01:06Z</time>
      </trkpt>
      <trkpt lat="44.37948" lon="-73.87476">
        <ele>1104.26</ele>
        <time>2024-04-26T21:01:13Z</time>
      </trkpt>
      <trkpt lat="44.37945" lon="-73.87467">
        <ele>1104.29</ele>
        <time>2024-04-26T21:01:20Z</time>
      </trkpt>
      <trkpt lat="44.37944" lon="-73.87465">
        <ele>1104.41</ele>
        <time>2024-04-26T21:01:21Z</time>
      </trkpt>
      <trkpt lat="44.37941" lon="-73.87453">
        <ele>1105.46</ele>
        <time>2024-04-26T21:01:28Z</time>
      </trkpt>
      <trkpt lat="44.3794" lon="-73.8745">
        <ele>1105.73</ele>
        <time>2024-04-26T21:01:30Z</time>
      </trkpt>
      <trkpt lat="44.3794" lon="-73.87447">
        <ele>1105.57</ele>
        <time>2024-04-26T21:01:32Z</time>
      </trkpt>
      <trkpt lat="44.37938" lon="-73.87443">
        <ele>1106.04</ele>
        <time>2024-04-26T21:01:34Z</time>
      </trkpt>
      <trkpt lat="44.37937" lon="-73.87438">
        <ele>1106.28</ele>
        <time>2024-04-26T21:01:36Z</time>
      </trkpt>
      <trkpt lat="44.37934" lon="-73.87427">
        <ele>1106.5</ele>
        <time>2024-04-26T21:01:43Z</time>
      </trkpt>
      <trkpt lat="44.37929" lon="-73.87414">
        <ele>1107.72</ele>
        <time>2024-04-26T21:01:50Z</time>
      </trkpt>
      <trkpt lat="44.37926" lon="-73.87405">
        <ele>1107.72</ele>
        <time>2024-04-26T21:01:56Z</time>
      </trkpt>
      <trkpt lat="44.3792" lon="-73.87397">
        <ele>1108.72</ele>
        <time>2024-04-26T21:02:02Z</time>
      </trkpt>
      <trkpt lat="44.37915" lon="-73.87387">
        <ele>1108.13</ele>
        <time>2024-04-26T21:02:11Z</time>
      </trkpt>
      <trkpt lat="44.37914" lon="-73.87381">
        <ele>1107.16</ele>
        <time>2024-04-26T21:02:15Z</time>
      </trkpt>
      <trkpt lat="44.37914" lon="-73.87377">
        <ele>1106.21</ele>
        <time>2024-04-26T21:02:19Z</time>
      </trkpt>
      <trkpt lat="44.37913" lon="-73.8737">
        <ele>1104.71</ele>
        <time>2024-04-26T21:02:24Z</time>
      </trkpt>
      <trkpt lat="44.37912" lon="-73.87368">
        <ele>1104.5</ele>
        <time>2024-04-26T21:02:26Z</time>
      </trkpt>
      <trkpt lat="44.37911" lon="-73.87362">
        <ele>1103.42</ele>
        <time>2024-04-26T21:02:32Z</time>
      </trkpt>
      <trkpt lat="44.37911" lon="-73.8736">
        <ele>1102.91</ele>
        <time>2024-04-26T21:02:34Z</time>
      </trkpt>
      <trkpt lat="44.37909" lon="-73.87353">
        <ele>1101.18</ele>
        <time>2024-04-26T21:02:40Z</time>
      </trkpt>
      <trkpt lat="44.37907" lon="-73.87349">
        <ele>1100.46</ele>
        <time>2024-04-26T21:02:43Z</time>
      </trkpt>
      <trkpt lat="44.37903" lon="-73.87343">
        <ele>1099.58</ele>
        <time>2024-04-26T21:02:47Z</time>
      </trkpt>
      <trkpt lat="44.37901" lon="-73.87341">
        <ele>1099.35</ele>
        <time>2024-04-26T21:02:49Z</time>
      </trkpt>
      <trkpt lat="44.37898" lon="-73.87332">
        <ele>1097.57</ele>
        <time>2024-04-26T21:02:54Z</time>
      </trkpt>
      <trkpt lat="44.37898" lon="-73.87326">
        <ele>1095.62</ele>
        <time>2024-04-26T21:02:58Z</time>
      </trkpt>
      <trkpt lat="44.37898" lon="-73.87322">
        <ele>1094.55</ele>
        <time>2024-04-26T21:03:02Z</time>
      </trkpt>
      <trkpt lat="44.37898" lon="-73.87315">
        <ele>1093.04</ele>
        <time>2024-04-26T21:03:09Z</time>
      </trkpt>
      <trkpt lat="44.37899" lon="-73.87313">
        <ele>1092.34</ele>
        <time>2024-04-26T21:03:16Z</time>
      </trkpt>
      <trkpt lat="44.37899" lon="-73.87313">
        <ele>1092.34</ele>
        <time>2024-04-26T21:03:17Z</time>
      </trkpt>
      <trkpt lat="44.379" lon="-73.87311">
        <ele>1091.65</ele>
        <time>2024-04-26T21:03:23Z</time>
      </trkpt>
      <trkpt lat="44.379" lon="-73.87311">
        <ele>1091.65</ele>
        <time>2024-04-26T21:03:26Z</time>
      </trkpt>
      <trkpt lat="44.37901" lon="-73.87311">
        <ele>1091.58</ele>
        <time>2024-04-26T21:03:31Z</time>
      </trkpt>
      <trkpt lat="44.379" lon="-73.8731">
        <ele>1091.34</ele>
        <time>2024-04-26T21:03:33Z</time>
      </trkpt>
      <trkpt lat="44.37901" lon="-73.87309">
        <ele>1091.0</ele>
        <time>2024-04-26T21:03:40Z</time>
      </trkpt>
      <trkpt lat="44.37901" lon="-73.87306">
        <ele>1090.13</ele>
        <time>2024-04-26T21:03:45Z</time>
      </trkpt>
      <trkpt lat="44.37902" lon="-73.87303">
        <ele>1089.17</ele>
        <time>2024-04-26T21:03:48Z</time>
      </trkpt>
      <trkpt lat="44.37904" lon="-73.87302">
        <ele>1088.85</ele>
        <time>2024-04-26T21:03:53Z</time>
      </trkpt>
      <trkpt lat="44.37905" lon="-73.873">
        <ele>1088.2</ele>
        <time>2024-04-26T21:03:58Z</time>
      </trkpt>
      <trkpt lat="44.37906" lon="-73.87296">
        <ele>1086.94</ele>
        <time>2024-04-26T21:04:05Z</time>
      </trkpt>
      <trkpt lat="44.37906" lon="-73.87296">
        <ele>1086.94</ele>
        <time>2024-04-26T21:04:06Z</time>
      </trkpt>
      <trkpt lat="44.37908" lon="-73.87294">
        <ele>1086.49</ele>
        <time>2024-04-26T21:04:14Z</time>
      </trkpt>
      <trkpt lat="44.37908" lon="-73.87293">
        <ele>1086.27</ele>
        <time>2024-04-26T21:04:18Z</time>
      </trkpt>
      <trkpt lat="44.37908" lon="-73.87291">
        <ele>1085.82</ele>
        <time>2024-04-26T21:04:25Z</time>
      </trkpt>
      <trkpt lat="44.37907" lon="-73.87288">
        <ele>1085.21</ele>
        <time>2024-04-26T21:04:28Z</time>
      </trkpt>
      <trkpt lat="44.37906" lon="-73.87286">
        <ele>1084.66</ele>
        <time>2024-04-26T21:04:33Z</time>
      </trkpt>
      <trkpt lat="44.37906" lon="-73.87284">
        <ele>1084.02</ele>
        <time>2024-04-26T21:04:35Z</time>
      </trkpt>
      <trkpt lat="44.37903" lon="-73.87279">
        <ele>1082.4</ele>
        <time>2024-04-26T21:04:43Z</time>
      </trkpt>
      <trkpt lat="44.37902" lon="-73.87275">
        <ele>1081.22</ele>
        <time>2024-04-26T21:04:49Z</time>
      </trkpt>
      <trkpt lat="44.37902" lon="-73.87275">
        <ele>1081.22</ele>
        <time>2024-04-26T21:04:50Z</time>
      </trkpt>
      <trkpt lat="44.37901" lon="-73.8727">
        <ele>1079.74</ele>
        <time>2024-04-26T21:04:58Z</time>
      </trkpt>
      <trkpt lat="44.37902" lon="-73.87268">
        <ele>1079.28</ele>
        <time>2024-04-26T21:05:02Z</time>
      </trkpt>
      <trkpt lat="44.37902" lon="-73.87267">
        <ele>1079.02</ele>
        <time>2024-04-26T21:05:05Z</time>
      </trkpt>
      <trkpt lat="44.37903" lon="-73.87267">
        <ele>1079.11</ele>
        <time>2024-04-26T21:05:06Z</time>
      </trkpt>
      <trkpt lat="44.37904" lon="-73.87265">
        <ele>1078.63</ele>
        <time>2024-04-26T21:05:13Z</time>
      </trkpt>
      <trkpt lat="44.37904" lon="-73.87265">
        <ele>1078.63</ele>
        <time>2024-04-26T21:05:15Z</time>
      </trkpt>
      <trkpt lat="44.37906" lon="-73.87263">
        <ele>1078.15</ele>
        <time>2024-04-26T21:05:21Z</time>
      </trkpt>
      <trkpt lat="44.37906" lon="-73.87263">
        <ele>1078.15</ele>
        <time>2024-04-26T21:05:25Z</time>
      </trkpt>
      <trkpt lat="44.37907" lon="-73.87262">
        <ele>1077.87</ele>
        <time>2024-04-26T21:05:29Z</time>
      </trkpt>
      <trkpt lat="44.37909" lon="-73.87262">
        <ele>1077.89</ele>
        <time>2024-04-26T21:05:37Z</time>
      </trkpt>
      <trkpt lat="44.37909" lon="-73.87262">
        <ele>1077.89</ele>
        <time>2024-04-26T21:05:39Z</time>
      </trkpt>
      <trkpt lat="44.3791" lon="-73.87261">
        <ele>1077.56</ele>
        <time>2024-04-26T21:05:47Z</time>
      </trkpt>
      <trkpt lat="44.37911" lon="-73.8726">
        <ele>1077.24</ele>
        <time>2024-04-26T21:05:53Z</time>
      </trkpt>
      <trkpt lat="44.37914" lon="-73.87261">
        <ele>1077.56</ele>
        <time>2024-04-26T21:06:01Z</time>
      </trkpt>
      <trkpt lat="44.37917" lon="-73.87258">
        <ele>1076.73</ele>
        <time>2024-04-26T21:06:10Z</time>
      </trkpt>
      <trkpt lat="44.37921" lon="-73.87256">
        <ele>1076.3</ele>
        <time>2024-04-26T21:06:18Z</time>
      </trkpt>
      <trkpt lat="44.37922" lon="-73.87257">
        <ele>1076.51</ele>
        <time>2024-04-26T21:06:20Z</time>
      </trkpt>
      <trkpt lat="44.37924" lon="-73.87255">
        <ele>1076.08</ele>
        <time>2024-04-26T21:06:25Z</time>
      </trkpt>
      <trkpt lat="44.37927" lon="-73.87254">
        <ele>1075.93</ele>
        <time>2024-04-26T21:06:31Z</time>
      </trkpt>
      <trkpt lat="44.37929" lon="-73.87251">
        <ele>1075.51</ele>
        <time>2024-04-26T21:06:38Z</time>
      </trkpt>
      <trkpt lat="44.3793" lon="-73.87249">
        <ele>1075.22</ele>
        <time>2024-04-26T21:06:39Z</time>
      </trkpt>
      <trkpt lat="44.37931" lon="-73.87246">
        <ele>1074.68</ele>
        <time>2024-04-26T21:06:46Z</time>
      </trkpt>
      <trkpt lat="44.37931" lon="-73.87246">
        <ele>1074.68</ele>
        <time>2024-04-26T21:06:48Z</time>
      </trkpt>
      <trkpt lat="44.37932" lon="-73.87245">
        <ele>1074.58</ele>
        <time>2024-04-26T21:06:54Z</time>
      </trkpt>
      <trkpt lat="44.37933" lon="-73.87244">
        <ele>1074.47</ele>
        <time>2024-04-26T21:06:57Z</time>
      </trkpt>
      <trkpt lat="44.37934" lon="-73.87243">
        <ele>1074.36</ele>
        <time>2024-04-26T21:07:02Z</time>
      </trkpt>
      <trkpt lat="44.37935" lon="-73.87242">
        <ele>1074.25</ele>
        <time>2024-04-26T21:07:10Z</time>
      </trkpt>
      <trkpt lat="44.37936" lon="-73.8724">
        <ele>1073.85</ele>
        <time>2024-04-26T21:07:16Z</time>
      </trkpt>
      <trkpt lat="44.37936" lon="-73.87239">
        <ele>1073.64</ele>
        <time>2024-04-26T21:07:17Z</time>
      </trkpt>
      <trkpt lat="44.37941" lon="-73.87235">
        <ele>1073.15</ele>
        <time>2024-04-26T21:07:24Z</time>
      </trkpt>
      <trkpt lat="44.37942" lon="-73.87235">
        <ele>1073.22</ele>
        <time>2024-04-26T21:07:25Z</time>
      </trkpt>
      <trkpt lat="44.37945" lon="-73.87229">
        <ele>1072.46</ele>
        <time>2024-04-26T21:07:33Z</time>
      </trkpt>
      <trkpt lat="44.37947" lon="-73.87226">
        <ele>1071.82</ele>
        <time>2024-04-26T21:07:36Z</time>
      </trkpt>
      <trkpt lat="44.37949" lon="-73.87225">
        <ele>1071.6</ele>
        <time>2024-04-26T21:07:39Z</time>
      </trkpt>
      <trkpt lat="44.37952" lon="-73.87222">
        <ele>1070.95</ele>
        <time>2024-04-26T21:07:44Z</time>
      </trkpt>
      <trkpt lat="44.37953" lon="-73.87221">
        <ele>1070.74</ele>
        <time>2024-04-26T21:07:45Z</time>
      </trkpt>
      <trkpt lat="44.37956" lon="-73.87216">
        <ele>1069.82</ele>
        <time>2024-04-26T21:07:54Z</time>
      </trkpt>
      <trkpt lat="44.37956" lon="-73.87215">
        <ele>1069.63</ele>
        <time>2024-04-26T21:07:56Z</time>
      </trkpt>
      <trkpt lat="44.37958" lon="-73.87213">
        <ele>1069.47</ele>
        <time>2024-04-26T21:08:03Z</time>
      </trkpt>
      <trkpt lat="44.37959" lon="-73.87212">
        <ele>1069.36</ele>
        <time>2024-04-26T21:08:06Z</time>
      </trkpt>
      <trkpt lat="44.3796" lon="-73.87209">
        <ele>1068.82</ele>
        <time>2024-04-26T21:08:10Z</time>
      </trkpt>
      <trkpt lat="44.3796" lon="-73.87205">
        <ele>1067.96</ele>
        <time>2024-04-26T21:08:13Z</time>
      </trkpt>
      <trkpt lat="44.37959" lon="-73.87204">
        <ele>1067.64</ele>
        <time>2024-04-26T21:08:14Z</time>
      </trkpt>
      <trkpt lat="44.37959" lon="-73.87201">
        <ele>1067.11</ele>
        <time>2024-04-26T21:08:17Z</time>
      </trkpt>
      <trkpt lat="44.3796" lon="-73.87198">
        <ele>1066.65</ele>
        <time>2024-04-26T21:08:21Z</time>
      </trkpt>
      <trkpt lat="44.37962" lon="-73.87196">
        <ele>1066.32</ele>
        <time>2024-04-26T21:08:27Z</time>
      </trkpt>
      <trkpt lat="44.37963" lon="-73.87194">
        <ele>1065.9</ele>
        <time>2024-04-26T21:08:30Z</time>
      </trkpt>
      <trkpt lat="44.37964" lon="-73.87192">
        <ele>1065.47</ele>
        <time>2024-04-26T21:08:34Z</time>
      </trkpt>
      <trkpt lat="44.37964" lon="-73.87189">
        <ele>1064.82</ele>
        <time>2024-04-26T21:08:39Z</time>
      </trkpt>
      <trkpt lat="44.37964" lon="-73.87187">
        <ele>1064.39</ele>
        <time>2024-04-26T21:08:43Z</time>
      </trkpt>
      <trkpt lat="44.37964" lon="-73.87186">
        <ele>1064.18</ele>
        <time>2024-04-26T21:08:50Z</time>
      </trkpt>
      <trkpt lat="44.37966" lon="-73.87183">
        <ele>1063.69</ele>
        <time>2024-04-26T21:08:59Z</time>
      </trkpt>
      <trkpt lat="44.37966" lon="-73.87182">
        <ele>1063.54</ele>
        <time>2024-04-26T21:09:01Z</time>
      </trkpt>
      <trkpt lat="44.37969" lon="-73.87176">
        <ele>1062.36</ele>
        <time>2024-04-26T21:09:08Z</time>
      </trkpt>
      <trkpt lat="44.37969" lon="-73.87175">
        <ele>1062.21</ele>
        <time>2024-04-26T21:09:09Z</time>
      </trkpt>
      <trkpt lat="44.3797" lon="-73.87163">
        <ele>1060.21</ele>
        <time>2024-04-26T21:09:16Z</time>
      </trkpt>
      <trkpt lat="44.37969" lon="-73.87161">
        <ele>1059.78</ele>
        <time>2024-04-26T21:09:21Z</time>
      </trkpt>
      <trkpt lat="44.37966" lon="-73.87155">
        <ele>1058.22</ele>
        <time>2024-04-26T21:09:27Z</time>
      </trkpt>
      <trkpt lat="44.37966" lon="-73.87155">
        <ele>1058.22</ele>
        <time>2024-04-26T21:09:28Z</time>
      </trkpt>
      <trkpt lat="44.37965" lon="-73.87148">
        <ele>1055.97</ele>
        <time>2024-04-26T21:09:34Z</time>
      </trkpt>
      <trkpt lat="44.37965" lon="-73.87147">
        <ele>1055.75</ele>
        <time>2024-04-26T21:09:35Z</time>
      </trkpt>
      <trkpt lat="44.37965" lon="-73.87143">
        <ele>1054.89</ele>
        <time>2024-04-26T21:09:41Z</time>
      </trkpt>
      <trkpt lat="44.37966" lon="-73.87141">
        <ele>1054.46</ele>
        <time>2024-04-26T21:09:43Z</time>
      </trkpt>
      <trkpt lat="44.37967" lon="-73.87139">
        <ele>1054.02</ele>
        <time>2024-04-26T21:09:49Z</time>
      </trkpt>
      <trkpt lat="44.37968" lon="-73.87137">
        <ele>1053.59</ele>
        <time>2024-04-26T21:09:52Z</time>
      </trkpt>
      <trkpt lat="44.37968" lon="-73.87136">
        <ele>1053.38</ele>
        <time>2024-04-26T21:09:57Z</time>
      </trkpt>
      <trkpt lat="44.37969" lon="-73.87135">
        <ele>1053.16</ele>
        <time>2024-04-26T21:10:01Z</time>
      </trkpt>
      <trkpt lat="44.3797" lon="-73.87134">
        <ele>1052.94</ele>
        <time>2024-04-26T21:10:03Z</time>
      </trkpt>
      <trkpt lat="44.37969" lon="-73.87131">
        <ele>1052.3</ele>
        <time>2024-04-26T21:10:10Z</time>
      </trkpt>
      <trkpt lat="44.37968" lon="-73.8713">
        <ele>1052.08</ele>
        <time>2024-04-26T21:10:13Z</time>
      </trkpt>
      <trkpt lat="44.37967" lon="-73.87129">
        <ele>1051.83</ele>
        <time>2024-04-26T21:10:19Z</time>
      </trkpt>
      <trkpt lat="44.37968" lon="-73.87126">
        <ele>1051.0</ele>
        <time>2024-04-26T21:10:25Z</time>
      </trkpt>
      <trkpt lat="44.37969" lon="-73.87124">
        <ele>1050.39</ele>
        <time>2024-04-26T21:10:29Z</time>
      </trkpt>
      <trkpt lat="44.3797" lon="-73.87121">
        <ele>1049.43</ele>
        <time>2024-04-26T21:10:33Z</time>
      </trkpt>
      <trkpt lat="44.37971" lon="-73.87118">
        <ele>1048.59</ele>
        <time>2024-04-26T21:10:37Z</time>
      </trkpt>
      <trkpt lat="44.37971" lon="-73.87116">
        <ele>1048.13</ele>
        <time>2024-04-26T21:10:40Z</time>
      </trkpt>
      <trkpt lat="44.37971" lon="-73.87114">
        <ele>1047.67</ele>
        <time>2024-04-26T21:10:46Z</time>
      </trkpt>
      <trkpt lat="44.37974" lon="-73.87112">
        <ele>1047.02</ele>
        <time>2024-04-26T21:10:52Z</time>
      </trkpt>
      <trkpt lat="44.37974" lon="-73.87112">
        <ele>1047.02</ele>
        <time>2024-04-26T21:10:54Z</time>
      </trkpt>
      <trkpt lat="44.37974" lon="-73.87108">
        <ele>1045.86</ele>
        <time>2024-04-26T21:11:01Z</time>
      </trkpt>
      <trkpt lat="44.37974" lon="-73.87106">
        <ele>1045.26</ele>
        <time>2024-04-26T21:11:03Z</time>
      </trkpt>
      <trkpt lat="44.37975" lon="-73.87102">
        <ele>1044.04</ele>
        <time>2024-04-26T21:11:08Z</time>
      </trkpt>
      <trkpt lat="44.37975" lon="-73.871">
        <ele>1043.4</ele>
        <time>2024-04-26T21:11:10Z</time>
      </trkpt>
      <trkpt lat="44.37975" lon="-73.87096">
        <ele>1042.1</ele>
        <time>2024-04-26T21:11:16Z</time>
      </trkpt>
      <trkpt lat="44.37975" lon="-73.87095">
        <ele>1041.78</ele>
        <time>2024-04-26T21:11:18Z</time>
      </trkpt>
      <trkpt lat="44.37975" lon="-73.87093">
        <ele>1041.13</ele>
        <time>2024-04-26T21:11:24Z</time>
      </trkpt>
      <trkpt lat="44.37975" lon="-73.87093">
        <ele>1041.13</ele>
        <time>2024-04-26T21:11:34Z</time>
      </trkpt>
      <trkpt lat="44.37976" lon="-73.87091">
        <ele>1040.59</ele>
        <time>2024-04-26T21:11:42Z</time>
      </trkpt>
      <trkpt lat="44.37977" lon="-73.87091">
        <ele>1040.57</ele>
        <time>2024-04-26T21:11:43Z</time>
      </trkpt>
      <trkpt lat="44.37977" lon="-73.87088">
        <ele>1039.75</ele>
        <time>2024-04-26T21:11:54Z</time>
      </trkpt>
      <trkpt lat="44.37977" lon="-73.87089">
        <ele>1040.02</ele>
        <time>2024-04-26T21:11:56Z</time>
      </trkpt>
      <trkpt lat="44.37977" lon="-73.87089">
        <ele>1040.02</ele>
        <time>2024-04-26T21:11:57Z</time>
      </trkpt>
      <trkpt lat="44.37978" lon="-73.87086">
        <ele>1039.13</ele>
        <time>2024-04-26T21:12:04Z</time>
      </trkpt>
      <trkpt lat="44.37978" lon="-73.87084">
        <ele>1038.56</ele>
        <time>2024-04-26T21:12:09Z</time>
      </trkpt>
      <trkpt lat="44.37978" lon="-73.87082">
        <ele>1037.94</ele>
        <time>2024-04-26T21:12:13Z</time>
      </trkpt>
      <trkpt lat="44.37979" lon="-73.8708">
        <ele>1037.19</ele>
        <time>2024-04-26T21:12:19Z</time>
      </trkpt>
      <trkpt lat="44.37979" lon="-73.87079">
        <ele>1036.86</ele>
        <time>2024-04-26T21:12:21Z</time>
      </trkpt>
      <trkpt lat="44.37979" lon="-73.87074">
        <ele>1035.24</ele>
        <time>2024-04-26T21:12:25Z</time>
      </trkpt>
      <trkpt lat="44.37979" lon="-73.87073">
        <ele>1034.92</ele>
        <time>2024-04-26T21:12:27Z</time>
      </trkpt>
      <trkpt lat="44.37979" lon="-73.8707">
        <ele>1033.95</ele>
        <time>2024-04-26T21:12:33Z</time>
      </trkpt>
      <trkpt lat="44.37979" lon="-73.8707">
        <ele>1033.95</ele>
        <time>2024-04-26T21:12:34Z</time>
      </trkpt>
      <trkpt lat="44.37979" lon="-73.8707">
        <ele>1033.95</ele>
        <time>2024-04-26T21:12:42Z</time>
      </trkpt>
      <trkpt lat="44.37979" lon="-73.87068">
        <ele>1033.3</ele>
        <time>2024-04-26T21:12:45Z</time>
      </trkpt>
      <trkpt lat="44.37979" lon="-73.87068">
        <ele>1033.3</ele>
        <time>2024-04-26T21:12:46Z</time>
      </trkpt>
      <trkpt lat="44.3798" lon="-73.87067">
        <ele>1032.87</ele>
        <time>2024-04-26T21:12:48Z</time>
      </trkpt>
      <trkpt lat="44.3798" lon="-73.87064">
        <ele>1031.9</ele>
        <time>2024-04-26T21:12:53Z</time>
      </trkpt>
      <trkpt lat="44.3798" lon="-73.87064">
        <ele>1031.9</ele>
        <time>2024-04-26T21:12:54Z</time>
      </trkpt>
      <trkpt lat="44.37983" lon="-73.8706">
        <ele>1030.44</ele>
        <time>2024-04-26T21:13:01Z</time>
      </trkpt>
      <trkpt lat="44.37983" lon="-73.8706">
        <ele>1030.44</ele>
        <time>2024-04-26T21:13:02Z</time>
      </trkpt>
      <trkpt lat="44.37987" lon="-73.87058">
        <ele>1029.79</ele>
        <time>2024-04-26T21:13:09Z</time>
      </trkpt>
      <trkpt lat="44.37988" lon="-73.87058">
        <ele>1029.79</ele>
        <time>2024-04-26T21:13:10Z</time>
      </trkpt>
      <trkpt lat="44.37991" lon="-73.87056">
        <ele>1029.09</ele>
        <time>2024-04-26T21:13:16Z</time>
      </trkpt>
      <trkpt lat="44.37992" lon="-73.87055">
        <ele>1028.5</ele>
        <time>2024-04-26T21:13:19Z</time>
      </trkpt>
      <trkpt lat="44.37995" lon="-73.87053">
        <ele>1027.1</ele>
        <time>2024-04-26T21:13:25Z</time>
      </trkpt>
      <trkpt lat="44.37995" lon="-73.87052">
        <ele>1026.72</ele>
        <time>2024-04-26T21:13:27Z</time>
      </trkpt>
      <trkpt lat="44.37998" lon="-73.87051">
        <ele>1025.85</ele>
        <time>2024-04-26T21:13:33Z</time>
      </trkpt>
      <trkpt lat="44.37999" lon="-73.8705">
        <ele>1025.35</ele>
        <time>2024-04-26T21:13:35Z</time>
      </trkpt>
      <trkpt lat="44.38001" lon="-73.8705">
        <ele>1025.09</ele>
        <time>2024-04-26T21:13:42Z</time>
      </trkpt>
      <trkpt lat="44.38002" lon="-73.8705">
        <ele>1024.98</ele>
        <time>2024-04-26T21:13:46Z</time>
      </trkpt>
      <trkpt lat="44.38002" lon="-73.8705">
        <ele>1024.98</ele>
        <time>2024-04-26T21:13:47Z</time>
      </trkpt>
      <trkpt lat="44.38004" lon="-73.87047">
        <ele>1023.8</ele>
        <time>2024-04-26T21:13:53Z</time>
      </trkpt>
      <trkpt lat="44.38004" lon="-73.87047">
        <ele>1023.8</ele>
        <time>2024-04-26T21:13:54Z</time>
      </trkpt>
      <trkpt lat="44.38005" lon="-73.87045">
        <ele>1022.9</ele>
        <time>2024-04-26T21:14:00Z</time>
      </trkpt>
      <trkpt lat="44.38006" lon="-73.87044">
        <ele>1022.36</ele>
        <time>2024-04-26T21:14:08Z</time>
      </trkpt>
      <trkpt lat="44.38007" lon="-73.87043">
        <ele>1021.82</ele>
        <time>2024-04-26T21:14:15Z</time>
      </trkpt>
      <trkpt lat="44.3801" lon="-73.87043">
        <ele>1021.44</ele>
        <time>2024-04-26T21:14:24Z</time>
      </trkpt>
      <trkpt lat="44.38012" lon="-73.87041">
        <ele>1020.29</ele>
        <time>2024-04-26T21:14:31Z</time>
      </trkpt>
      <trkpt lat="44.38012" lon="-73.87041">
        <ele>1020.29</ele>
        <time>2024-04-26T21:14:32Z</time>
      </trkpt>
      <trkpt lat="44.38014" lon="-73.8704">
        <ele>1019.6</ele>
        <time>2024-04-26T21:14:37Z</time>
      </trkpt>
      <trkpt lat="44.38017" lon="-73.87039">
        <ele>1018.83</ele>
        <time>2024-04-26T21:14:40Z</time>
      </trkpt>
      <trkpt lat="44.38021" lon="-73.87038">
        <ele>1018.07</ele>
        <time>2024-04-26T21:14:44Z</time>
      </trkpt>
      <trkpt lat="44.38027" lon="-73.87038">
        <ele>1017.49</ele>
        <time>2024-04-26T21:14:51Z</time>
      </trkpt>
      <trkpt lat="44.38031" lon="-73.87037">
        <ele>1016.99</ele>
        <time>2024-04-26T21:14:56Z</time>
      </trkpt>
      <trkpt lat="44.38032" lon="-73.87036">
        <ele>1016.66</ele>
        <time>2024-04-26T21:14:58Z</time>
      </trkpt>
      <trkpt lat="44.38034" lon="-73.87037">
        <ele>1016.99</ele>
        <time>2024-04-26T21:15:01Z</time>
      </trkpt>
      <trkpt lat="44.38035" lon="-73.87036">
        <ele>1016.66</ele>
        <time>2024-04-26T21:15:06Z</time>
      </trkpt>
      <trkpt lat="44.38035" lon="-73.87036">
        <ele>1016.66</ele>
        <time>2024-04-26T21:15:09Z</time>
      </trkpt>
      <trkpt lat="44.38036" lon="-73.87037">
        <ele>1016.99</ele>
        <time>2024-04-26T21:15:19Z</time>
      </trkpt>
      <trkpt lat="44.38038" lon="-73.87036">
        <ele>1016.56</ele>
        <time>2024-04-26T21:15:26Z</time>
      </trkpt>
      <trkpt lat="44.38038" lon="-73.87036">
        <ele>1016.56</ele>
        <time>2024-04-26T21:15:28Z</time>
      </trkpt>
      <trkpt lat="44.38036" lon="-73.87036">
        <ele>1016.66</ele>
        <time>2024-04-26T21:15:35Z</time>
      </trkpt>
      <trkpt lat="44.38037" lon="-73.87036">
        <ele>1016.66</ele>
        <time>2024-04-26T21:15:40Z</time>
      </trkpt>
      <trkpt lat="44.38037" lon="-73.87035">
        <ele>1016.34</ele>
        <time>2024-04-26T21:15:43Z</time>
      </trkpt>
      <trkpt lat="44.38038" lon="-73.87034">
        <ele>1015.91</ele>
        <time>2024-04-26T21:15:47Z</time>
      </trkpt>
      <trkpt lat="44.38038" lon="-73.87034">
        <ele>1015.91</ele>
        <time>2024-04-26T21:15:49Z</time>
      </trkpt>
      <trkpt lat="44.3804" lon="-73.87034">
        <ele>1015.7</ele>
        <time>2024-04-26T21:15:56Z</time>
      </trkpt>
      <trkpt lat="44.38041" lon="-73.87035">
        <ele>1015.91</ele>
        <time>2024-04-26T21:15:58Z</time>
      </trkpt>
      <trkpt lat="44.38045" lon="-73.87035">
        <ele>1015.48</ele>
        <time>2024-04-26T21:16:05Z</time>
      </trkpt>
      <trkpt lat="44.38046" lon="-73.87034">
        <ele>1015.05</ele>
        <time>2024-04-26T21:16:07Z</time>
      </trkpt>
      <trkpt lat="44.38049" lon="-73.87034">
        <ele>1014.92</ele>
        <time>2024-04-26T21:16:12Z</time>
      </trkpt>
      <trkpt lat="44.38049" lon="-73.87033">
        <ele>1014.56</ele>
        <time>2024-04-26T21:16:15Z</time>
      </trkpt>
      <trkpt lat="44.38051" lon="-73.87032">
        <ele>1014.09</ele>
        <time>2024-04-26T21:16:20Z</time>
      </trkpt>
      <trkpt lat="44.38056" lon="-73.87031">
        <ele>1013.38</ele>
        <time>2024-04-26T21:16:27Z</time>
      </trkpt>
      <trkpt lat="44.38057" lon="-73.87031">
        <ele>1013.34</ele>
        <time>2024-04-26T21:16:29Z</time>
      </trkpt>
      <trkpt lat="44.38059" lon="-73.87031">
        <ele>1013.26</ele>
        <time>2024-04-26T21:16:34Z</time>
      </trkpt>
      <trkpt lat="44.38061" lon="-73.87031">
        <ele>1013.19</ele>
        <time>2024-04-26T21:16:37Z</time>
      </trkpt>
      <trkpt lat="44.38063" lon="-73.8703">
        <ele>1012.77</ele>
        <time>2024-04-26T21:16:41Z</time>
      </trkpt>
      <trkpt lat="44.38064" lon="-73.87031">
        <ele>1013.07</ele>
        <time>2024-04-26T21:16:45Z</time>
      </trkpt>
      <trkpt lat="44.38068" lon="-73.8703">
        <ele>1012.38</ele>
        <time>2024-04-26T21:16:53Z</time>
      </trkpt>
      <trkpt lat="44.38069" lon="-73.8703">
        <ele>1012.27</ele>
        <time>2024-04-26T21:16:55Z</time>
      </trkpt>
      <trkpt lat="44.38072" lon="-73.87029">
        <ele>1011.62</ele>
        <time>2024-04-26T21:17:00Z</time>
      </trkpt>
      <trkpt lat="44.38074" lon="-73.87028">
        <ele>1011.08</ele>
        <time>2024-04-26T21:17:03Z</time>
      </trkpt>
      <trkpt lat="44.38075" lon="-73.87028">
        <ele>1010.97</ele>
        <time>2024-04-26T21:17:08Z</time>
      </trkpt>
      <trkpt lat="44.38077" lon="-73.87027">
        <ele>1010.35</ele>
        <time>2024-04-26T21:17:14Z</time>
      </trkpt>
      <trkpt lat="44.38078" lon="-73.87026">
        <ele>1009.81</ele>
        <time>2024-04-26T21:17:16Z</time>
      </trkpt>
      <trkpt lat="44.38081" lon="-73.87024">
        <ele>1008.62</ele>
        <time>2024-04-26T21:17:24Z</time>
      </trkpt>
      <trkpt lat="44.38081" lon="-73.87024">
        <ele>1008.62</ele>
        <time>2024-04-26T21:17:25Z</time>
      </trkpt>
      <trkpt lat="44.38083" lon="-73.87025">
        <ele>1008.84</ele>
        <time>2024-04-26T21:17:33Z</time>
      </trkpt>
      <trkpt lat="44.38084" lon="-73.87025">
        <ele>1008.73</ele>
        <time>2024-04-26T21:17:34Z</time>
      </trkpt>
      <trkpt lat="44.38088" lon="-73.87023">
        <ele>1007.43</ele>
        <time>2024-04-26T21:17:42Z</time>
      </trkpt>
      <trkpt lat="44.3809" lon="-73.87022">
        <ele>1006.78</ele>
        <time>2024-04-26T21:17:47Z</time>
      </trkpt>
      <trkpt lat="44.38093" lon="-73.87022">
        <ele>1006.43</ele>
        <time>2024-04-26T21:17:51Z</time>
      </trkpt>
      <trkpt lat="44.38096" lon="-73.87021">
        <ele>1005.43</ele>
        <time>2024-04-26T21:17:56Z</time>
      </trkpt>
      <trkpt lat="44.38099" lon="-73.87021">
        <ele>1004.87</ele>
        <time>2024-04-26T21:18:03Z</time>
      </trkpt>
      <trkpt lat="44.38103" lon="-73.87024">
        <ele>1005.84</ele>
        <time>2024-04-26T21:18:09Z</time>
      </trkpt>
      <trkpt lat="44.38104" lon="-73.87024">
        <ele>1005.73</ele>
        <time>2024-04-26T21:18:10Z</time>
      </trkpt>
      <trkpt lat="44.3811" lon="-73.87024">
        <ele>1005.08</ele>
        <time>2024-04-26T21:18:16Z</time>
      </trkpt>
      <trkpt lat="44.38118" lon="-73.87025">
        <ele>1004.76</ele>
        <time>2024-04-26T21:18:23Z</time>
      </trkpt>
      <trkpt lat="44.38122" lon="-73.87026">
        <ele>1004.86</ele>
        <time>2024-04-26T21:18:30Z</time>
      </trkpt>
      <trkpt lat="44.38124" lon="-73.87026">
        <ele>1004.65</ele>
        <time>2024-04-26T21:18:35Z</time>
      </trkpt>
      <trkpt lat="44.38125" lon="-73.87027">
        <ele>1005.08</ele>
        <time>2024-04-26T21:18:37Z</time>
      </trkpt>
      <trkpt lat="44.3813" lon="-73.87026">
        <ele>1004.0</ele>
        <time>2024-04-26T21:18:45Z</time>
      </trkpt>
      <trkpt lat="44.38133" lon="-73.87026">
        <ele>1003.68</ele>
        <time>2024-04-26T21:18:50Z</time>
      </trkpt>
      <trkpt lat="44.38137" lon="-73.87025">
        <ele>1002.7</ele>
        <time>2024-04-26T21:18:55Z</time>
      </trkpt>
      <trkpt lat="44.38137" lon="-73.87025">
        <ele>1002.7</ele>
        <time>2024-04-26T21:18:57Z</time>
      </trkpt>
      <trkpt lat="44.3814" lon="-73.87025">
        <ele>1002.42</ele>
        <time>2024-04-26T21:19:04Z</time>
      </trkpt>
      <trkpt lat="44.38141" lon="-73.87026">
        <ele>1002.86</ele>
        <time>2024-04-26T21:19:06Z</time>
      </trkpt>
      <trkpt lat="44.38143" lon="-73.87026">
        <ele>1002.68</ele>
        <time>2024-04-26T21:19:11Z</time>
      </trkpt>
      <trkpt lat="44.38145" lon="-73.87025">
        <ele>1002.04</ele>
        <time>2024-04-26T21:19:14Z</time>
      </trkpt>
      <trkpt lat="44.38148" lon="-73.87024">
        <ele>1001.38</ele>
        <time>2024-04-26T21:19:20Z</time>
      </trkpt>
      <trkpt lat="44.38148" lon="-73.87024">
        <ele>1001.38</ele>
        <time>2024-04-26T21:19:21Z</time>
      </trkpt>
      <trkpt lat="44.3815" lon="-73.87024">
        <ele>1001.17</ele>
        <time>2024-04-26T21:19:27Z</time>
      </trkpt>
      <trkpt lat="44.3815" lon="-73.87024">
        <ele>1001.17</ele>
        <time>2024-04-26T21:19:28Z</time>
      </trkpt>
      <trkpt lat="44.3815" lon="-73.87025">
        <ele>1001.6</ele>
        <time>2024-04-26T21:19:30Z</time>
      </trkpt>
      <trkpt lat="44.38154" lon="-73.87024">
        <ele>1000.74</ele>
        <time>2024-04-26T21:19:35Z</time>
      </trkpt>
      <trkpt lat="44.38156" lon="-73.87025">
        <ele>1000.95</ele>
        <time>2024-04-26T21:19:40Z</time>
      </trkpt>
      <trkpt lat="44.38157" lon="-73.87025">
        <ele>1000.84</ele>
        <time>2024-04-26T21:19:42Z</time>
      </trkpt>
      <trkpt lat="44.38159" lon="-73.87026">
        <ele>1001.06</ele>
        <time>2024-04-26T21:19:49Z</time>
      </trkpt>
      <trkpt lat="44.38163" lon="-73.87027">
        <ele>1001.06</ele>
        <time>2024-04-26T21:19:55Z</time>
      </trkpt>
      <trkpt lat="44.38164" lon="-73.87027">
        <ele>1000.95</ele>
        <time>2024-04-26T21:19:59Z</time>
      </trkpt>
      <trkpt lat="44.38164" lon="-73.87028">
        <ele>1001.37</ele>
        <time>2024-04-26T21:20:02Z</time>
      </trkpt>
      <trkpt lat="44.38168" lon="-73.87032">
        <ele>1002.08</ele>
        <time>2024-04-26T21:20:09Z</time>
      </trkpt>
      <trkpt lat="44.38169" lon="-73.87032">
        <ele>1001.86</ele>
        <time>2024-04-26T21:20:10Z</time>
      </trkpt>
      <trkpt lat="44.38172" lon="-73.87034">
        <ele>1001.86</ele>
        <time>2024-04-26T21:20:16Z</time>
      </trkpt>
      <trkpt lat="44.38173" lon="-73.87035">
        <ele>1001.97</ele>
        <time>2024-04-26T21:20:18Z</time>
      </trkpt>
      <trkpt lat="44.38176" lon="-73.87037">
        <ele>1001.96</ele>
        <time>2024-04-26T21:20:22Z</time>
      </trkpt>
      <trkpt lat="44.38178" lon="-73.87038">
        <ele>1001.62</ele>
        <time>2024-04-26T21:20:26Z</time>
      </trkpt>
      <trkpt lat="44.38179" lon="-73.87038">
        <ele>1001.28</ele>
        <time>2024-04-26T21:20:28Z</time>
      </trkpt>
      <trkpt lat="44.38182" lon="-73.87037">
        <ele>1000.02</ele>
        <time>2024-04-26T21:20:35Z</time>
      </trkpt>
      <trkpt lat="44.38183" lon="-73.87036">
        <ele>999.46</ele>
        <time>2024-04-26T21:20:38Z</time>
      </trkpt>
      <trkpt lat="44.38184" lon="-73.87036">
        <ele>999.15</ele>
        <time>2024-04-26T21:20:44Z</time>
      </trkpt>
      <trkpt lat="44.38184" lon="-73.87036">
        <ele>999.15</ele>
        <time>2024-04-26T21:20:46Z</time>
      </trkpt>
      <trkpt lat="44.38184" lon="-73.87035">
        <ele>998.92</ele>
        <time>2024-04-26T21:20:50Z</time>
      </trkpt>
      <trkpt lat="44.38185" lon="-73.87033">
        <ele>998.18</ele>
        <time>2024-04-26T21:20:55Z</time>
      </trkpt>
      <trkpt lat="44.38186" lon="-73.87032">
        <ele>997.7</ele>
        <time>2024-04-26T21:20:58Z</time>
      </trkpt>
      <trkpt lat="44.38187" lon="-73.87032">
        <ele>997.43</ele>
        <time>2024-04-26T21:21:01Z</time>
      </trkpt>
      <trkpt lat="44.38187" lon="-73.87032">
        <ele>997.43</ele>
        <time>2024-04-26T21:21:06Z</time>
      </trkpt>
      <trkpt lat="44.38186" lon="-73.8703">
        <ele>997.28</ele>
        <time>2024-04-26T21:21:12Z</time>
      </trkpt>
      <trkpt lat="44.38186" lon="-73.87028">
        <ele>996.87</ele>
        <time>2024-04-26T21:21:17Z</time>
      </trkpt>
      <trkpt lat="44.38186" lon="-73.87022">
        <ele>995.58</ele>
        <time>2024-04-26T21:21:24Z</time>
      </trkpt>
      <trkpt lat="44.38188" lon="-73.87014">
        <ele>993.08</ele>
        <time>2024-04-26T21:21:32Z</time>
      </trkpt>
      <trkpt lat="44.38189" lon="-73.87012">
        <ele>992.35</ele>
        <time>2024-04-26T21:21:34Z</time>
      </trkpt>
      <trkpt lat="44.38189" lon="-73.87011">
        <ele>992.07</ele>
        <time>2024-04-26T21:21:38Z</time>
      </trkpt>
      <trkpt lat="44.38189" lon="-73.87011">
        <ele>992.07</ele>
        <time>2024-04-26T21:21:39Z</time>
      </trkpt>
      <trkpt lat="44.38191" lon="-73.87009">
        <ele>991.31</ele>
        <time>2024-04-26T21:21:46Z</time>
      </trkpt>
      <trkpt lat="44.38191" lon="-73.87009">
        <ele>991.31</ele>
        <time>2024-04-26T21:21:47Z</time>
      </trkpt>
      <trkpt lat="44.38192" lon="-73.87006">
        <ele>990.47</ele>
        <time>2024-04-26T21:21:53Z</time>
      </trkpt>
      <trkpt lat="44.38192" lon="-73.87003">
        <ele>989.73</ele>
        <time>2024-04-26T21:21:56Z</time>
      </trkpt>
      <trkpt lat="44.38191" lon="-73.87001">
        <ele>989.26</ele>
        <time>2024-04-26T21:22:00Z</time>
      </trkpt>
      <trkpt lat="44.38189" lon="-73.86999">
        <ele>988.57</ele>
        <time>2024-04-26T21:22:06Z</time>
      </trkpt>
      <trkpt lat="44.3819" lon="-73.86997">
        <ele>987.7</ele>
        <time>2024-04-26T21:22:10Z</time>
      </trkpt>
      <trkpt lat="44.38192" lon="-73.86997">
        <ele>987.7</ele>
        <time>2024-04-26T21:22:14Z</time>
      </trkpt>
      <trkpt lat="44.38193" lon="-73.86995">
        <ele>986.84</ele>
        <time>2024-04-26T21:22:18Z</time>
      </trkpt>
      <trkpt lat="44.38194" lon="-73.86995">
        <ele>986.84</ele>
        <time>2024-04-26T21:22:21Z</time>
      </trkpt>
      <trkpt lat="44.38197" lon="-73.86991">
        <ele>985.1</ele>
        <time>2024-04-26T21:22:27Z</time>
      </trkpt>
      <trkpt lat="44.38199" lon="-73.86989">
        <ele>984.25</ele>
        <time>2024-04-26T21:22:29Z</time>
      </trkpt>
      <trkpt lat="44.38201" lon="-73.86983">
        <ele>981.66</ele>
        <time>2024-04-26T21:22:35Z</time>
      </trkpt>
      <trkpt lat="44.38202" lon="-73.86981">
        <ele>980.83</ele>
        <time>2024-04-26T21:22:38Z</time>
      </trkpt>
      <trkpt lat="44.38205" lon="-73.86978">
        <ele>980.01</ele>
        <time>2024-04-26T21:22:44Z</time>
      </trkpt>
      <trkpt lat="44.38206" lon="-73.86977">
        <ele>979.8</ele>
        <time>2024-04-26T21:22:46Z</time>
      </trkpt>
      <trkpt lat="44.38207" lon="-73.86976">
        <ele>979.58</ele>
        <time>2024-04-26T21:22:51Z</time>
      </trkpt>
      <trkpt lat="44.38209" lon="-73.86973">
        <ele>978.82</ele>
        <time>2024-04-26T21:22:57Z</time>
      </trkpt>
      <trkpt lat="44.3821" lon="-73.86971">
        <ele>978.15</ele>
        <time>2024-04-26T21:22:59Z</time>
      </trkpt>
      <trkpt lat="44.38215" lon="-73.86967">
        <ele>976.74</ele>
        <time>2024-04-26T21:23:06Z</time>
      </trkpt>
      <trkpt lat="44.38218" lon="-73.86966">
        <ele>976.31</ele>
        <time>2024-04-26T21:23:14Z</time>
      </trkpt>
      <trkpt lat="44.38219" lon="-73.86966">
        <ele>976.31</ele>
        <time>2024-04-26T21:23:15Z</time>
      </trkpt>
      <trkpt lat="44.38223" lon="-73.86964">
        <ele>975.44</ele>
        <time>2024-04-26T21:23:22Z</time>
      </trkpt>
      <trkpt lat="44.38223" lon="-73.86964">
        <ele>975.44</ele>
        <time>2024-04-26T21:23:23Z</time>
      </trkpt>
      <trkpt lat="44.38225" lon="-73.86964">
        <ele>975.41</ele>
        <time>2024-04-26T21:23:29Z</time>
      </trkpt>
      <trkpt lat="44.38226" lon="-73.86963">
        <ele>975.01</ele>
        <time>2024-04-26T21:23:30Z</time>
      </trkpt>
      <trkpt lat="44.3823" lon="-73.86966">
        <ele>976.04</ele>
        <time>2024-04-26T21:23:37Z</time>
      </trkpt>
      <trkpt lat="44.38231" lon="-73.86966">
        <ele>976.0</ele>
        <time>2024-04-26T21:23:39Z</time>
      </trkpt>
      <trkpt lat="44.38234" lon="-73.86963">
        <ele>974.74</ele>
        <time>2024-04-26T21:23:43Z</time>
      </trkpt>
      <trkpt lat="44.38235" lon="-73.86961">
        <ele>974.2</ele>
        <time>2024-04-26T21:23:46Z</time>
      </trkpt>
      <trkpt lat="44.38236" lon="-73.86958">
        <ele>973.44</ele>
        <time>2024-04-26T21:23:49Z</time>
      </trkpt>
      <trkpt lat="44.38237" lon="-73.86951">
        <ele>971.58</ele>
        <time>2024-04-26T21:23:56Z</time>
      </trkpt>
      <trkpt lat="44.38237" lon="-73.8695">
        <ele>971.28</ele>
        <time>2024-04-26T21:23:57Z</time>
      </trkpt>
      <trkpt lat="44.38237" lon="-73.86949">
        <ele>970.98</ele>
        <time>2024-04-26T21:24:06Z</time>
      </trkpt>
      <trkpt lat="44.38237" lon="-73.8695">
        <ele>971.28</ele>
        <time>2024-04-26T21:24:15Z</time>
      </trkpt>
      <trkpt lat="44.38238" lon="-73.86947">
        <ele>970.42</ele>
        <time>2024-04-26T21:24:18Z</time>
      </trkpt>
      <trkpt lat="44.38239" lon="-73.86948">
        <ele>970.72</ele>
        <time>2024-04-26T21:24:22Z</time>
      </trkpt>
      <trkpt lat="44.38239" lon="-73.86947">
        <ele>970.47</ele>
        <time>2024-04-26T21:24:25Z</time>
      </trkpt>
      <trkpt lat="44.38239" lon="-73.86946">
        <ele>970.21</ele>
        <time>2024-04-26T21:24:28Z</time>
      </trkpt>
      <trkpt lat="44.38239" lon="-73.86944">
        <ele>969.62</ele>
        <time>2024-04-26T21:24:31Z</time>
      </trkpt>
      <trkpt lat="44.38241" lon="-73.86943">
        <ele>969.35</ele>
        <time>2024-04-26T21:24:37Z</time>
      </trkpt>
      <trkpt lat="44.3824" lon="-73.86941">
        <ele>968.43</ele>
        <time>2024-04-26T21:24:42Z</time>
      </trkpt>
      <trkpt lat="44.3824" lon="-73.86942">
        <ele>968.86</ele>
        <time>2024-04-26T21:24:45Z</time>
      </trkpt>
      <trkpt lat="44.38242" lon="-73.86942">
        <ele>968.84</ele>
        <time>2024-04-26T21:24:53Z</time>
      </trkpt>
      <trkpt lat="44.38242" lon="-73.86942">
        <ele>968.84</ele>
        <time>2024-04-26T21:24:55Z</time>
      </trkpt>
      <trkpt lat="44.38244" lon="-73.86941">
        <ele>968.29</ele>
        <time>2024-04-26T21:24:59Z</time>
      </trkpt>
      <trkpt lat="44.38246" lon="-73.8694">
        <ele>967.78</ele>
        <time>2024-04-26T21:25:03Z</time>
      </trkpt>
      <trkpt lat="44.38248" lon="-73.8694">
        <ele>967.67</ele>
        <time>2024-04-26T21:25:09Z</time>
      </trkpt>
      <trkpt lat="44.38249" lon="-73.8694">
        <ele>967.62</ele>
        <time>2024-04-26T21:25:11Z</time>
      </trkpt>
      <trkpt lat="44.38252" lon="-73.86938">
        <ele>966.63</ele>
        <time>2024-04-26T21:25:17Z</time>
      </trkpt>
      <trkpt lat="44.38253" lon="-73.86937">
        <ele>966.2</ele>
        <time>2024-04-26T21:25:18Z</time>
      </trkpt>
      <trkpt lat="44.38253" lon="-73.86936">
        <ele>965.91</ele>
        <time>2024-04-26T21:25:28Z</time>
      </trkpt>
      <trkpt lat="44.38253" lon="-73.86936">
        <ele>965.91</ele>
        <time>2024-04-26T21:25:29Z</time>
      </trkpt>
      <trkpt lat="44.38254" lon="-73.86936">
        <ele>965.79</ele>
        <time>2024-04-26T21:25:38Z</time>
      </trkpt>
      <trkpt lat="44.38255" lon="-73.86935">
        <ele>965.4</ele>
        <time>2024-04-26T21:25:40Z</time>
      </trkpt>
      <trkpt lat="44.38257" lon="-73.86935">
        <ele>965.18</ele>
        <time>2024-04-26T21:25:45Z</time>
      </trkpt>
      <trkpt lat="44.38259" lon="-73.86934">
        <ele>964.64</ele>
        <time>2024-04-26T21:25:49Z</time>
      </trkpt>
      <trkpt lat="44.38259" lon="-73.86933">
        <ele>964.32</ele>
        <time>2024-04-26T21:25:51Z</time>
      </trkpt>
      <trkpt lat="44.3826" lon="-73.8693">
        <ele>963.2</ele>
        <time>2024-04-26T21:25:56Z</time>
      </trkpt>
      <trkpt lat="44.3826" lon="-73.86928">
        <ele>962.57</ele>
        <time>2024-04-26T21:25:59Z</time>
      </trkpt>
      <trkpt lat="44.38261" lon="-73.86925">
        <ele>961.61</ele>
        <time>2024-04-26T21:26:04Z</time>
      </trkpt>
      <trkpt lat="44.38261" lon="-73.86924">
        <ele>961.4</ele>
        <time>2024-04-26T21:26:05Z</time>
      </trkpt>
      <trkpt lat="44.38262" lon="-73.86921">
        <ele>960.64</ele>
        <time>2024-04-26T21:26:11Z</time>
      </trkpt>
      <trkpt lat="44.38263" lon="-73.8692">
        <ele>960.32</ele>
        <time>2024-04-26T21:26:14Z</time>
      </trkpt>
      <trkpt lat="44.38265" lon="-73.86917">
        <ele>959.45</ele>
        <time>2024-04-26T21:26:19Z</time>
      </trkpt>
      <trkpt lat="44.38266" lon="-73.86916">
        <ele>959.04</ele>
        <time>2024-04-26T21:26:22Z</time>
      </trkpt>
      <trkpt lat="44.38268" lon="-73.86914">
        <ele>958.18</ele>
        <time>2024-04-26T21:26:30Z</time>
      </trkpt>
      <trkpt lat="44.38269" lon="-73.86913">
        <ele>957.68</ele>
        <time>2024-04-26T21:26:32Z</time>
      </trkpt>
      <trkpt lat="44.3827" lon="-73.8691">
        <ele>956.48</ele>
        <time>2024-04-26T21:26:38Z</time>
      </trkpt>
      <trkpt lat="44.38269" lon="-73.86909">
        <ele>956.4</ele>
        <time>2024-04-26T21:26:45Z</time>
      </trkpt>
      <trkpt lat="44.3827" lon="-73.86908">
        <ele>955.86</ele>
        <time>2024-04-26T21:26:47Z</time>
      </trkpt>
      <trkpt lat="44.3827" lon="-73.86907">
        <ele>955.56</ele>
        <time>2024-04-26T21:26:50Z</time>
      </trkpt>
      <trkpt lat="44.3827" lon="-73.86904">
        <ele>954.63</ele>
        <time>2024-04-26T21:26:53Z</time>
      </trkpt>
      <trkpt lat="44.38269" lon="-73.86899">
        <ele>953.22</ele>
        <time>2024-04-26T21:26:58Z</time>
      </trkpt>
      <trkpt lat="44.38269" lon="-73.86896">
        <ele>952.25</ele>
        <time>2024-04-26T21:27:02Z</time>
      </trkpt>
      <trkpt lat="44.38269" lon="-73.86895">
        <ele>951.93</ele>
        <time>2024-04-26T21:27:04Z</time>
      </trkpt>
      <trkpt lat="44.38269" lon="-73.86889">
        <ele>949.98</ele>
        <time>2024-04-26T21:27:11Z</time>
      </trkpt>
      <trkpt lat="44.38269" lon="-73.86888">
        <ele>949.66</ele>
        <time>2024-04-26T21:27:12Z</time>
      </trkpt>
      <trkpt lat="44.38269" lon="-73.86886">
        <ele>949.01</ele>
        <time>2024-04-26T21:27:17Z</time>
      </trkpt>
      <trkpt lat="44.38268" lon="-73.86884">
        <ele>948.42</ele>
        <time>2024-04-26T21:27:18Z</time>
      </trkpt>
      <trkpt lat="44.38268" lon="-73.86881">
        <ele>947.44</ele>
        <time>2024-04-26T21:27:23Z</time>
      </trkpt>
      <trkpt lat="44.38268" lon="-73.86881">
        <ele>947.44</ele>
        <time>2024-04-26T21:27:25Z</time>
      </trkpt>
      <trkpt lat="44.38268" lon="-73.86879">
        <ele>946.8</ele>
        <time>2024-04-26T21:27:33Z</time>
      </trkpt>
      <trkpt lat="44.38268" lon="-73.86873">
        <ele>944.85</ele>
        <time>2024-04-26T21:27:40Z</time>
      </trkpt>
      <trkpt lat="44.38268" lon="-73.86873">
        <ele>944.85</ele>
        <time>2024-04-26T21:27:41Z</time>
      </trkpt>
      <trkpt lat="44.38269" lon="-73.86871">
        <ele>944.2</ele>
        <time>2024-04-26T21:27:50Z</time>
      </trkpt>
      <trkpt lat="44.38272" lon="-73.86867">
        <ele>942.91</ele>
        <time>2024-04-26T21:27:56Z</time>
      </trkpt>
      <trkpt lat="44.38275" lon="-73.86864">
        <ele>941.94</ele>
        <time>2024-04-26T21:28:00Z</time>
      </trkpt>
      <trkpt lat="44.38276" lon="-73.86862">
        <ele>941.29</ele>
        <time>2024-04-26T21:28:04Z</time>
      </trkpt>
      <trkpt lat="44.38278" lon="-73.86859">
        <ele>940.52</ele>
        <time>2024-04-26T21:28:08Z</time>
      </trkpt>
      <trkpt lat="44.38279" lon="-73.86858">
        <ele>940.2</ele>
        <time>2024-04-26T21:28:11Z</time>
      </trkpt>
      <trkpt lat="44.3828" lon="-73.86856">
        <ele>939.66</ele>
        <time>2024-04-26T21:28:18Z</time>
      </trkpt>
      <trkpt lat="44.3828" lon="-73.86856">
        <ele>939.66</ele>
        <time>2024-04-26T21:28:19Z</time>
      </trkpt>
      <trkpt lat="44.38282" lon="-73.86854">
        <ele>939.01</ele>
        <time>2024-04-26T21:28:25Z</time>
      </trkpt>
      <trkpt lat="44.38282" lon="-73.86853">
        <ele>938.79</ele>
        <time>2024-04-26T21:28:28Z</time>
      </trkpt>
      <trkpt lat="44.38283" lon="-73.86849">
        <ele>937.99</ele>
        <time>2024-04-26T21:28:38Z</time>
      </trkpt>
      <trkpt lat="44.38284" lon="-73.86846">
        <ele>937.49</ele>
        <time>2024-04-26T21:28:43Z</time>
      </trkpt>
      <trkpt lat="44.38285" lon="-73.86844">
        <ele>937.19</ele>
        <time>2024-04-26T21:28:46Z</time>
      </trkpt>
      <trkpt lat="44.38283" lon="-73.86843">
        <ele>937.06</ele>
        <time>2024-04-26T21:28:51Z</time>
      </trkpt>
      <trkpt lat="44.38282" lon="-73.86843">
        <ele>937.07</ele>
        <time>2024-04-26T21:28:52Z</time>
      </trkpt>
      <trkpt lat="44.38282" lon="-73.8684">
        <ele>936.44</ele>
        <time>2024-04-26T21:28:57Z</time>
      </trkpt>
      <trkpt lat="44.38282" lon="-73.86839">
        <ele>936.22</ele>
        <time>2024-04-26T21:28:58Z</time>
      </trkpt>
      <trkpt lat="44.38281" lon="-73.86836">
        <ele>935.58</ele>
        <time>2024-04-26T21:29:03Z</time>
      </trkpt>
      <trkpt lat="44.38281" lon="-73.86835">
        <ele>935.36</ele>
        <time>2024-04-26T21:29:04Z</time>
      </trkpt>
      <trkpt lat="44.38281" lon="-73.86832">
        <ele>934.71</ele>
        <time>2024-04-26T21:29:11Z</time>
      </trkpt>
      <trkpt lat="44.38281" lon="-73.86831">
        <ele>934.5</ele>
        <time>2024-04-26T21:29:13Z</time>
      </trkpt>
      <trkpt lat="44.38281" lon="-73.86829">
        <ele>934.06</ele>
        <time>2024-04-26T21:29:19Z</time>
      </trkpt>
      <trkpt lat="44.38282" lon="-73.86825">
        <ele>933.2</ele>
        <time>2024-04-26T21:29:25Z</time>
      </trkpt>
      <trkpt lat="44.38282" lon="-73.86825">
        <ele>933.2</ele>
        <time>2024-04-26T21:29:26Z</time>
      </trkpt>
      <trkpt lat="44.38283" lon="-73.86821">
        <ele>932.52</ele>
        <time>2024-04-26T21:29:32Z</time>
      </trkpt>
      <trkpt lat="44.38284" lon="-73.86821">
        <ele>932.56</ele>
        <time>2024-04-26T21:29:34Z</time>
      </trkpt>
      <trkpt lat="44.38287" lon="-73.86819">
        <ele>932.45</ele>
        <time>2024-04-26T21:29:39Z</time>
      </trkpt>
      <trkpt lat="44.38287" lon="-73.86818">
        <ele>932.34</ele>
        <time>2024-04-26T21:29:40Z</time>
      </trkpt>
      <trkpt lat="44.38288" lon="-73.86815">
        <ele>932.02</ele>
        <time>2024-04-26T21:29:48Z</time>
      </trkpt>
      <trkpt lat="44.38288" lon="-73.86816">
        <ele>932.13</ele>
        <time>2024-04-26T21:29:49Z</time>
      </trkpt>
      <trkpt lat="44.38291" lon="-73.86811">
        <ele>930.94</ele>
        <time>2024-04-26T21:29:56Z</time>
      </trkpt>
      <trkpt lat="44.38291" lon="-73.86809">
        <ele>930.38</ele>
        <time>2024-04-26T21:29:58Z</time>
      </trkpt>
      <trkpt lat="44.38293" lon="-73.86808">
        <ele>930.27</ele>
        <time>2024-04-26T21:30:02Z</time>
      </trkpt>
      <trkpt lat="44.38294" lon="-73.86809">
        <ele>930.59</ele>
        <time>2024-04-26T21:30:03Z</time>
      </trkpt>
      <trkpt lat="44.38295" lon="-73.86808">
        <ele>930.42</ele>
        <time>2024-04-26T21:30:07Z</time>
      </trkpt>
      <trkpt lat="44.38295" lon="-73.86806">
        <ele>929.96</ele>
        <time>2024-04-26T21:30:11Z</time>
      </trkpt>
      <trkpt lat="44.38295" lon="-73.86805">
        <ele>929.62</ele>
        <time>2024-04-26T21:30:13Z</time>
      </trkpt>
      <trkpt lat="44.38296" lon="-73.86803">
        <ele>928.86</ele>
        <time>2024-04-26T21:30:19Z</time>
      </trkpt>
      <trkpt lat="44.38297" lon="-73.86803">
        <ele>928.82</ele>
        <time>2024-04-26T21:30:21Z</time>
      </trkpt>
      <trkpt lat="44.383" lon="-73.86799">
        <ele>926.77</ele>
        <time>2024-04-26T21:30:28Z</time>
      </trkpt>
      <trkpt lat="44.383" lon="-73.86799">
        <ele>926.77</ele>
        <time>2024-04-26T21:30:29Z</time>
      </trkpt>
      <trkpt lat="44.383" lon="-73.86797">
        <ele>925.9</ele>
        <time>2024-04-26T21:30:34Z</time>
      </trkpt>
      <trkpt lat="44.38302" lon="-73.86795">
        <ele>924.77</ele>
        <time>2024-04-26T21:30:40Z</time>
      </trkpt>
      <trkpt lat="44.38303" lon="-73.86796">
        <ele>925.14</ele>
        <time>2024-04-26T21:30:44Z</time>
      </trkpt>
      <trkpt lat="44.38303" lon="-73.86796">
        <ele>925.14</ele>
        <time>2024-04-26T21:30:46Z</time>
      </trkpt>
      <trkpt lat="44.38304" lon="-73.86794">
        <ele>924.13</ele>
        <time>2024-04-26T21:30:54Z</time>
      </trkpt>
      <trkpt lat="44.38304" lon="-73.86794">
        <ele>924.13</ele>
        <time>2024-04-26T21:30:57Z</time>
      </trkpt>
      <trkpt lat="44.38304" lon="-73.86795">
        <ele>924.58</ele>
        <time>2024-04-26T21:31:03Z</time>
      </trkpt>
      <trkpt lat="44.38303" lon="-73.86791">
        <ele>922.83</ele>
        <time>2024-04-26T21:31:09Z</time>
      </trkpt>
      <trkpt lat="44.38303" lon="-73.86791">
        <ele>922.83</ele>
        <time>2024-04-26T21:31:13Z</time>
      </trkpt>
      <trkpt lat="44.38303" lon="-73.8679">
        <ele>922.37</ele>
        <time>2024-04-26T21:31:18Z</time>
      </trkpt>
      <trkpt lat="44.38304" lon="-73.86788">
        <ele>921.43</ele>
        <time>2024-04-26T21:31:24Z</time>
      </trkpt>
      <trkpt lat="44.38306" lon="-73.86786">
        <ele>920.62</ele>
        <time>2024-04-26T21:31:30Z</time>
      </trkpt>
      <trkpt lat="44.38306" lon="-73.86785">
        <ele>920.29</ele>
        <time>2024-04-26T21:31:34Z</time>
      </trkpt>
      <trkpt lat="44.38307" lon="-73.86782">
        <ele>919.21</ele>
        <time>2024-04-26T21:31:37Z</time>
      </trkpt>
      <trkpt lat="44.38308" lon="-73.86781">
        <ele>918.78</ele>
        <time>2024-04-26T21:31:39Z</time>
      </trkpt>
      <trkpt lat="44.38309" lon="-73.86779">
        <ele>918.02</ele>
        <time>2024-04-26T21:31:48Z</time>
      </trkpt>
      <trkpt lat="44.38308" lon="-73.86779">
        <ele>918.13</ele>
        <time>2024-04-26T21:31:49Z</time>
      </trkpt>
      <trkpt lat="44.38308" lon="-73.86776">
        <ele>917.16</ele>
        <time>2024-04-26T21:31:54Z</time>
      </trkpt>
      <trkpt lat="44.38309" lon="-73.86775">
        <ele>916.73</ele>
        <time>2024-04-26T21:32:02Z</time>
      </trkpt>
      <trkpt lat="44.38309" lon="-73.86775">
        <ele>916.73</ele>
        <time>2024-04-26T21:32:03Z</time>
      </trkpt>
      <trkpt lat="44.38307" lon="-73.86772">
        <ele>915.97</ele>
        <time>2024-04-26T21:32:08Z</time>
      </trkpt>
      <trkpt lat="44.38307" lon="-73.86772">
        <ele>915.97</ele>
        <time>2024-04-26T21:32:11Z</time>
      </trkpt>
      <trkpt lat="44.38307" lon="-73.86772">
        <ele>915.97</ele>
        <time>2024-04-26T21:32:12Z</time>
      </trkpt>
      <trkpt lat="44.38307" lon="-73.86769">
        <ele>915.0</ele>
        <time>2024-04-26T21:32:18Z</time>
      </trkpt>
      <trkpt lat="44.38306" lon="-73.86768">
        <ele>914.79</ele>
        <time>2024-04-26T21:32:20Z</time>
      </trkpt>
      <trkpt lat="44.38304" lon="-73.86767">
        <ele>914.51</ele>
        <time>2024-04-26T21:32:26Z</time>
      </trkpt>
      <trkpt lat="44.38303" lon="-73.86766">
        <ele>914.18</ele>
        <time>2024-04-26T21:32:28Z</time>
      </trkpt>
      <trkpt lat="44.38302" lon="-73.86762">
        <ele>912.89</ele>
        <time>2024-04-26T21:32:33Z</time>
      </trkpt>
      <trkpt lat="44.38301" lon="-73.86759">
        <ele>911.89</ele>
        <time>2024-04-26T21:32:36Z</time>
      </trkpt>
      <trkpt lat="44.38302" lon="-73.86756">
        <ele>910.59</ele>
        <time>2024-04-26T21:32:40Z</time>
      </trkpt>
      <trkpt lat="44.38302" lon="-73.86754">
        <ele>909.73</ele>
        <time>2024-04-26T21:32:42Z</time>
      </trkpt>
      <trkpt lat="44.38304" lon="-73.86752">
        <ele>908.86</ele>
        <time>2024-04-26T21:32:45Z</time>
      </trkpt>
      <trkpt lat="44.38307" lon="-73.8675">
        <ele>908.16</ele>
        <time>2024-04-26T21:32:50Z</time>
      </trkpt>
      <trkpt lat="44.38308" lon="-73.86747">
        <ele>906.97</ele>
        <time>2024-04-26T21:33:00Z</time>
      </trkpt>
      <trkpt lat="44.38309" lon="-73.86744">
        <ele>905.78</ele>
        <time>2024-04-26T21:33:04Z</time>
      </trkpt>
      <trkpt lat="44.38309" lon="-73.86742">
        <ele>904.92</ele>
        <time>2024-04-26T21:33:07Z</time>
      </trkpt>
      <trkpt lat="44.38311" lon="-73.8674">
        <ele>904.27</ele>
        <time>2024-04-26T21:33:13Z</time>
      </trkpt>
      <trkpt lat="44.38311" lon="-73.8674">
        <ele>904.27</ele>
        <time>2024-04-26T21:33:14Z</time>
      </trkpt>
      <trkpt lat="44.38311" lon="-73.86734">
        <ele>901.68</ele>
        <time>2024-04-26T21:33:21Z</time>
      </trkpt>
      <trkpt lat="44.38311" lon="-73.86731">
        <ele>900.43</ele>
        <time>2024-04-26T21:33:26Z</time>
      </trkpt>
      <trkpt lat="44.38312" lon="-73.8673">
        <ele>900.22</ele>
        <time>2024-04-26T21:33:27Z</time>
      </trkpt>
      <trkpt lat="44.38313" lon="-73.86727">
        <ele>899.35</ele>
        <time>2024-04-26T21:33:33Z</time>
      </trkpt>
      <trkpt lat="44.38315" lon="-73.86723">
        <ele>898.27</ele>
        <time>2024-04-26T21:33:41Z</time>
      </trkpt>
      <trkpt lat="44.38315" lon="-73.86721">
        <ele>897.62</ele>
        <time>2024-04-26T21:33:42Z</time>
      </trkpt>
      <trkpt lat="44.38317" lon="-73.86719">
        <ele>897.11</ele>
        <time>2024-04-26T21:33:48Z</time>
      </trkpt>
      <trkpt lat="44.38317" lon="-73.86717">
        <ele>896.41</ele>
        <time>2024-04-26T21:33:55Z</time>
      </trkpt>
      <trkpt lat="44.38317" lon="-73.86716">
        <ele>896.06</ele>
        <time>2024-04-26T21:34:00Z</time>
      </trkpt>
      <trkpt lat="44.38317" lon="-73.86714">
        <ele>895.36</ele>
        <time>2024-04-26T21:34:02Z</time>
      </trkpt>
      <trkpt lat="44.38318" lon="-73.86711">
        <ele>894.36</ele>
        <time>2024-04-26T21:34:08Z</time>
      </trkpt>
      <trkpt lat="44.38318" lon="-73.86711">
        <ele>894.36</ele>
        <time>2024-04-26T21:34:09Z</time>
      </trkpt>
      <trkpt lat="44.38317" lon="-73.86709">
        <ele>893.72</ele>
        <time>2024-04-26T21:34:16Z</time>
      </trkpt>
      <trkpt lat="44.38317" lon="-73.86709">
        <ele>893.72</ele>
        <time>2024-04-26T21:34:17Z</time>
      </trkpt>
      <trkpt lat="44.38316" lon="-73.86711">
        <ele>894.36</ele>
        <time>2024-04-26T21:34:27Z</time>
      </trkpt>
      <trkpt lat="44.38316" lon="-73.86711">
        <ele>894.36</ele>
        <time>2024-04-26T21:34:37Z</time>
      </trkpt>
      <trkpt lat="44.38317" lon="-73.86714">
        <ele>895.36</ele>
        <time>2024-04-26T21:34:48Z</time>
      </trkpt>
      <trkpt lat="44.38317" lon="-73.86714">
        <ele>895.36</ele>
        <time>2024-04-26T21:35:03Z</time>
      </trkpt>
      <trkpt lat="44.38317" lon="-73.86714">
        <ele>895.36</ele>
        <time>2024-04-26T21:35:04Z</time>
      </trkpt>
      <trkpt lat="44.38318" lon="-73.86711">
        <ele>894.36</ele>
        <time>2024-04-26T21:35:14Z</time>
      </trkpt>
      <trkpt lat="44.38318" lon="-73.86711">
        <ele>894.36</ele>
        <time>2024-04-26T21:35:17Z</time>
      </trkpt>
      <trkpt lat="44.38317" lon="-73.86712">
        <ele>894.69</ele>
        <time>2024-04-26T21:35:24Z</time>
      </trkpt>
      <trkpt lat="44.38317" lon="-73.86712">
        <ele>894.69</ele>
        <time>2024-04-26T21:35:26Z</time>
      </trkpt>
      <trkpt lat="44.38318" lon="-73.86714">
        <ele>895.37</ele>
        <time>2024-04-26T21:35:36Z</time>
      </trkpt>
      <trkpt lat="44.38318" lon="-73.86715">
        <ele>895.74</ele>
        <time>2024-04-26T21:35:44Z</time>
      </trkpt>
      <trkpt lat="44.38319" lon="-73.86714">
        <ele>895.39</ele>
        <time>2024-04-26T21:35:56Z</time>
      </trkpt>
      <trkpt lat="44.38319" lon="-73.86714">
        <ele>895.39</ele>
        <time>2024-04-26T21:36:03Z</time>
      </trkpt>
      <trkpt lat="44.38318" lon="-73.86713">
        <ele>895.01</ele>
        <time>2024-04-26T21:36:10Z</time>
      </trkpt>
      <trkpt lat="44.38315" lon="-73.86714">
        <ele>895.34</ele>
        <time>2024-04-26T21:36:19Z</time>
      </trkpt>
      <trkpt lat="44.38317" lon="-73.86714">
        <ele>895.36</ele>
        <time>2024-04-26T21:36:27Z</time>
      </trkpt>
      <trkpt lat="44.38318" lon="-73.86712">
        <ele>894.69</ele>
        <time>2024-04-26T21:36:34Z</time>
      </trkpt>
      <trkpt lat="44.38317" lon="-73.86712">
        <ele>894.69</ele>
        <time>2024-04-26T21:36:45Z</time>
      </trkpt>
      <trkpt lat="44.38317" lon="-73.8671">
        <ele>894.04</ele>
        <time>2024-04-26T21:36:47Z</time>
      </trkpt>
      <trkpt lat="44.38318" lon="-73.86709">
        <ele>893.72</ele>
        <time>2024-04-26T21:36:49Z</time>
      </trkpt>
      <trkpt lat="44.38319" lon="-73.86709">
        <ele>893.72</ele>
        <time>2024-04-26T21:36:50Z</time>
      </trkpt>
      <trkpt lat="44.38319" lon="-73.86709">
        <ele>893.72</ele>
        <time>2024-04-26T21:36:51Z</time>
      </trkpt>
      <trkpt lat="44.3832" lon="-73.86707">
        <ele>893.07</ele>
        <time>2024-04-26T21:36:55Z</time>
      </trkpt>
      <trkpt lat="44.3832" lon="-73.86706">
        <ele>892.74</ele>
        <time>2024-04-26T21:36:56Z</time>
      </trkpt>
      <trkpt lat="44.3832" lon="-73.86706">
        <ele>892.74</ele>
        <time>2024-04-26T21:36:58Z</time>
      </trkpt>
      <trkpt lat="44.3832" lon="-73.86705">
        <ele>892.42</ele>
        <time>2024-04-26T21:37:02Z</time>
      </trkpt>
      <trkpt lat="44.3832" lon="-73.86704">
        <ele>892.1</ele>
        <time>2024-04-26T21:37:04Z</time>
      </trkpt>
      <trkpt lat="44.3832" lon="-73.86703">
        <ele>891.77</ele>
        <time>2024-04-26T21:37:07Z</time>
      </trkpt>
      <trkpt lat="44.38322" lon="-73.867">
        <ele>890.8</ele>
        <time>2024-04-26T21:37:14Z</time>
      </trkpt>
      <trkpt lat="44.38323" lon="-73.86698">
        <ele>890.15</ele>
        <time>2024-04-26T21:37:17Z</time>
      </trkpt>
      <trkpt lat="44.38325" lon="-73.86696">
        <ele>889.5</ele>
        <time>2024-04-26T21:37:21Z</time>
      </trkpt>
      <trkpt lat="44.38325" lon="-73.86696">
        <ele>889.5</ele>
        <time>2024-04-26T21:37:22Z</time>
      </trkpt>
      <trkpt lat="44.38325" lon="-73.86692">
        <ele>888.47</ele>
        <time>2024-04-26T21:37:28Z</time>
      </trkpt>
      <trkpt lat="44.38325" lon="-73.86692">
        <ele>888.47</ele>
        <time>2024-04-26T21:37:30Z</time>
      </trkpt>
      <trkpt lat="44.38325" lon="-73.8669">
        <ele>888.04</ele>
        <time>2024-04-26T21:37:34Z</time>
      </trkpt>
      <trkpt lat="44.38325" lon="-73.86688">
        <ele>887.61</ele>
        <time>2024-04-26T21:37:37Z</time>
      </trkpt>
      <trkpt lat="44.38327" lon="-73.86687">
        <ele>887.39</ele>
        <time>2024-04-26T21:37:40Z</time>
      </trkpt>
      <trkpt lat="44.38328" lon="-73.86686">
        <ele>887.18</ele>
        <time>2024-04-26T21:37:44Z</time>
      </trkpt>
      <trkpt lat="44.38327" lon="-73.86685">
        <ele>886.96</ele>
        <time>2024-04-26T21:37:50Z</time>
      </trkpt>
      <trkpt lat="44.38327" lon="-73.86685">
        <ele>886.96</ele>
        <time>2024-04-26T21:37:51Z</time>
      </trkpt>
      <trkpt lat="44.38329" lon="-73.86682">
        <ele>886.31</ele>
        <time>2024-04-26T21:37:57Z</time>
      </trkpt>
      <trkpt lat="44.38329" lon="-73.8668">
        <ele>885.88</ele>
        <time>2024-04-26T21:37:59Z</time>
      </trkpt>
      <trkpt lat="44.38329" lon="-73.86679">
        <ele>885.66</ele>
        <time>2024-04-26T21:38:03Z</time>
      </trkpt>
      <trkpt lat="44.38329" lon="-73.86677">
        <ele>885.23</ele>
        <time>2024-04-26T21:38:09Z</time>
      </trkpt>
      <trkpt lat="44.3833" lon="-73.86676">
        <ele>885.02</ele>
        <time>2024-04-26T21:38:12Z</time>
      </trkpt>
      <trkpt lat="44.38333" lon="-73.86672">
        <ele>884.15</ele>
        <time>2024-04-26T21:38:19Z</time>
      </trkpt>
      <trkpt lat="44.38333" lon="-73.86672">
        <ele>884.15</ele>
        <time>2024-04-26T21:38:20Z</time>
      </trkpt>
      <trkpt lat="44.38333" lon="-73.8667">
        <ele>883.72</ele>
        <time>2024-04-26T21:38:25Z</time>
      </trkpt>
      <trkpt lat="44.38336" lon="-73.86667">
        <ele>882.78</ele>
        <time>2024-04-26T21:38:34Z</time>
      </trkpt>
      <trkpt lat="44.38341" lon="-73.86666">
        <ele>882.03</ele>
        <time>2024-04-26T21:38:41Z</time>
      </trkpt>
      <trkpt lat="44.38344" lon="-73.86664">
        <ele>881.38</ele>
        <time>2024-04-26T21:38:50Z</time>
      </trkpt>
      <trkpt lat="44.38345" lon="-73.86664">
        <ele>881.35</ele>
        <time>2024-04-26T21:38:51Z</time>
      </trkpt>
      <trkpt lat="44.38346" lon="-73.86663">
        <ele>881.06</ele>
        <time>2024-04-26T21:38:55Z</time>
      </trkpt>
      <trkpt lat="44.38348" lon="-73.86664">
        <ele>881.26</ele>
        <time>2024-04-26T21:39:00Z</time>
      </trkpt>
      <trkpt lat="44.38351" lon="-73.86664">
        <ele>881.16</ele>
        <time>2024-04-26T21:39:03Z</time>
      </trkpt>
      <trkpt lat="44.38352" lon="-73.86666">
        <ele>881.77</ele>
        <time>2024-04-26T21:39:08Z</time>
      </trkpt>
      <trkpt lat="44.38356" lon="-73.86665">
        <ele>881.01</ele>
        <time>2024-04-26T21:39:15Z</time>
      </trkpt>
      <trkpt lat="44.38358" lon="-73.86664">
        <ele>880.47</ele>
        <time>2024-04-26T21:39:21Z</time>
      </trkpt>
      <trkpt lat="44.38358" lon="-73.86663">
        <ele>880.15</ele>
        <time>2024-04-26T21:39:23Z</time>
      </trkpt>
      <trkpt lat="44.38358" lon="-73.86662">
        <ele>879.82</ele>
        <time>2024-04-26T21:39:31Z</time>
      </trkpt>
      <trkpt lat="44.38358" lon="-73.8666">
        <ele>879.18</ele>
        <time>2024-04-26T21:39:34Z</time>
      </trkpt>
      <trkpt lat="44.38358" lon="-73.8666">
        <ele>879.18</ele>
        <time>2024-04-26T21:39:40Z</time>
      </trkpt>
      <trkpt lat="44.38361" lon="-73.86656">
        <ele>877.71</ele>
        <time>2024-04-26T21:39:48Z</time>
      </trkpt>
      <trkpt lat="44.38361" lon="-73.86656">
        <ele>877.71</ele>
        <time>2024-04-26T21:39:55Z</time>
      </trkpt>
      <trkpt lat="44.38362" lon="-73.86655">
        <ele>877.36</ele>
        <time>2024-04-26T21:39:57Z</time>
      </trkpt>
      <trkpt lat="44.38362" lon="-73.86654">
        <ele>877.13</ele>
        <time>2024-04-26T21:40:04Z</time>
      </trkpt>
      <trkpt lat="44.38361" lon="-73.86652">
        <ele>876.84</ele>
        <time>2024-04-26T21:40:12Z</time>
      </trkpt>
      <trkpt lat="44.38362" lon="-73.86651">
        <ele>876.45</ele>
        <time>2024-04-26T21:40:15Z</time>
      </trkpt>
      <trkpt lat="44.38362" lon="-73.86649">
        <ele>876.0</ele>
        <time>2024-04-26T21:40:21Z</time>
      </trkpt>
      <trkpt lat="44.38363" lon="-73.86647">
        <ele>875.25</ele>
        <time>2024-04-26T21:40:23Z</time>
      </trkpt>
      <trkpt lat="44.38365" lon="-73.86643">
        <ele>873.73</ele>
        <time>2024-04-26T21:40:27Z</time>
      </trkpt>
      <trkpt lat="44.38366" lon="-73.86642">
        <ele>873.3</ele>
        <time>2024-04-26T21:40:29Z</time>
      </trkpt>
      <trkpt lat="44.38366" lon="-73.8664">
        <ele>872.77</ele>
        <time>2024-04-26T21:40:35Z</time>
      </trkpt>
      <trkpt lat="44.38365" lon="-73.86637">
        <ele>871.97</ele>
        <time>2024-04-26T21:40:40Z</time>
      </trkpt>
      <trkpt lat="44.38365" lon="-73.86635">
        <ele>871.32</ele>
        <time>2024-04-26T21:40:42Z</time>
      </trkpt>
      <trkpt lat="44.38365" lon="-73.86633">
        <ele>870.67</ele>
        <time>2024-04-26T21:40:45Z</time>
      </trkpt>
      <trkpt lat="44.38366" lon="-73.86631">
        <ele>869.92</ele>
        <time>2024-04-26T21:40:49Z</time>
      </trkpt>
      <trkpt lat="44.38367" lon="-73.8663">
        <ele>869.48</ele>
        <time>2024-04-26T21:40:52Z</time>
      </trkpt>
      <trkpt lat="44.38369" lon="-73.86628">
        <ele>868.65</ele>
        <time>2024-04-26T21:41:00Z</time>
      </trkpt>
      <trkpt lat="44.38368" lon="-73.86628">
        <ele>868.77</ele>
        <time>2024-04-26T21:41:01Z</time>
      </trkpt>
      <trkpt lat="44.38369" lon="-73.86629">
        <ele>868.95</ele>
        <time>2024-04-26T21:41:09Z</time>
      </trkpt>
      <trkpt lat="44.3837" lon="-73.86629">
        <ele>868.84</ele>
        <time>2024-04-26T21:41:18Z</time>
      </trkpt>
      <trkpt lat="44.38372" lon="-73.86627">
        <ele>867.85</ele>
        <time>2024-04-26T21:41:24Z</time>
      </trkpt>
      <trkpt lat="44.38372" lon="-73.86627">
        <ele>867.85</ele>
        <time>2024-04-26T21:41:25Z</time>
      </trkpt>
      <trkpt lat="44.38373" lon="-73.86627">
        <ele>867.66</ele>
        <time>2024-04-26T21:41:33Z</time>
      </trkpt>
      <trkpt lat="44.38374" lon="-73.86627">
        <ele>867.48</ele>
        <time>2024-04-26T21:41:36Z</time>
      </trkpt>
      <trkpt lat="44.38377" lon="-73.86627">
        <ele>866.92</ele>
        <time>2024-04-26T21:41:40Z</time>
      </trkpt>
      <trkpt lat="44.38378" lon="-73.86627">
        <ele>866.73</ele>
        <time>2024-04-26T21:41:43Z</time>
      </trkpt>
      <trkpt lat="44.38379" lon="-73.86626">
        <ele>866.33</ele>
        <time>2024-04-26T21:41:50Z</time>
      </trkpt>
      <trkpt lat="44.38379" lon="-73.86625">
        <ele>866.1</ele>
        <time>2024-04-26T21:41:55Z</time>
      </trkpt>
      <trkpt lat="44.38379" lon="-73.86624">
        <ele>865.88</ele>
        <time>2024-04-26T21:41:56Z</time>
      </trkpt>
      <trkpt lat="44.38381" lon="-73.86621">
        <ele>864.84</ele>
        <time>2024-04-26T21:42:05Z</time>
      </trkpt>
      <trkpt lat="44.3838" lon="-73.86621">
        <ele>865.06</ele>
        <time>2024-04-26T21:42:06Z</time>
      </trkpt>
      <trkpt lat="44.38381" lon="-73.8662">
        <ele>864.58</ele>
        <time>2024-04-26T21:42:11Z</time>
      </trkpt>
      <trkpt lat="44.38382" lon="-73.8662">
        <ele>864.37</ele>
        <time>2024-04-26T21:42:14Z</time>
      </trkpt>
      <trkpt lat="44.38383" lon="-73.8662">
        <ele>864.15</ele>
        <time>2024-04-26T21:42:17Z</time>
      </trkpt>
      <trkpt lat="44.38385" lon="-73.86618">
        <ele>863.07</ele>
        <time>2024-04-26T21:42:23Z</time>
      </trkpt>
      <trkpt lat="44.38386" lon="-73.86617">
        <ele>862.53</ele>
        <time>2024-04-26T21:42:25Z</time>
      </trkpt>
      <trkpt lat="44.38387" lon="-73.86615">
        <ele>861.67</ele>
        <time>2024-04-26T21:42:30Z</time>
      </trkpt>
      <trkpt lat="44.38388" lon="-73.86615">
        <ele>861.45</ele>
        <time>2024-04-26T21:42:33Z</time>
      </trkpt>
      <trkpt lat="44.38389" lon="-73.86614">
        <ele>860.91</ele>
        <time>2024-04-26T21:42:36Z</time>
      </trkpt>
      <trkpt lat="44.3839" lon="-73.8661">
        <ele>859.52</ele>
        <time>2024-04-26T21:42:42Z</time>
      </trkpt>
      <trkpt lat="44.38391" lon="-73.8661">
        <ele>859.3</ele>
        <time>2024-04-26T21:42:43Z</time>
      </trkpt>
      <trkpt lat="44.38392" lon="-73.86606">
        <ele>858.22</ele>
        <time>2024-04-26T21:42:50Z</time>
      </trkpt>
      <trkpt lat="44.38392" lon="-73.86606">
        <ele>858.22</ele>
        <time>2024-04-26T21:42:51Z</time>
      </trkpt>
      <trkpt lat="44.38393" lon="-73.86603">
        <ele>857.36</ele>
        <time>2024-04-26T21:42:59Z</time>
      </trkpt>
      <trkpt lat="44.38394" lon="-73.86603">
        <ele>857.14</ele>
        <time>2024-04-26T21:43:00Z</time>
      </trkpt>
      <trkpt lat="44.38395" lon="-73.86599">
        <ele>855.76</ele>
        <time>2024-04-26T21:43:07Z</time>
      </trkpt>
      <trkpt lat="44.38395" lon="-73.86597">
        <ele>855.11</ele>
        <time>2024-04-26T21:43:09Z</time>
      </trkpt>
      <trkpt lat="44.38396" lon="-73.86597">
        <ele>854.89</ele>
        <time>2024-04-26T21:43:13Z</time>
      </trkpt>
      <trkpt lat="44.38396" lon="-73.86598">
        <ele>855.22</ele>
        <time>2024-04-26T21:43:16Z</time>
      </trkpt>
      <trkpt lat="44.38399" lon="-73.86596">
        <ele>853.98</ele>
        <time>2024-04-26T21:43:22Z</time>
      </trkpt>
      <trkpt lat="44.384" lon="-73.86596">
        <ele>853.83</ele>
        <time>2024-04-26T21:43:25Z</time>
      </trkpt>
      <trkpt lat="44.384" lon="-73.86596">
        <ele>853.83</ele>
        <time>2024-04-26T21:43:30Z</time>
      </trkpt>
      <trkpt lat="44.38403" lon="-73.86592">
        <ele>852.35</ele>
        <time>2024-04-26T21:43:37Z</time>
      </trkpt>
      <trkpt lat="44.38406" lon="-73.86591">
        <ele>851.81</ele>
        <time>2024-04-26T21:43:42Z</time>
      </trkpt>
      <trkpt lat="44.38407" lon="-73.86591">
        <ele>851.7</ele>
        <time>2024-04-26T21:43:43Z</time>
      </trkpt>
      <trkpt lat="44.38408" lon="-73.86585">
        <ele>850.28</ele>
        <time>2024-04-26T21:43:50Z</time>
      </trkpt>
      <trkpt lat="44.38409" lon="-73.86583">
        <ele>849.79</ele>
        <time>2024-04-26T21:43:52Z</time>
      </trkpt>
      <trkpt lat="44.38411" lon="-73.8658">
        <ele>849.25</ele>
        <time>2024-04-26T21:43:59Z</time>
      </trkpt>
      <trkpt lat="44.38412" lon="-73.8658">
        <ele>849.14</ele>
        <time>2024-04-26T21:44:00Z</time>
      </trkpt>
      <trkpt lat="44.38413" lon="-73.86575">
        <ele>848.5</ele>
        <time>2024-04-26T21:44:09Z</time>
      </trkpt>
      <trkpt lat="44.38413" lon="-73.86575">
        <ele>848.5</ele>
        <time>2024-04-26T21:44:17Z</time>
      </trkpt>
      <trkpt lat="44.38412" lon="-73.86574">
        <ele>848.5</ele>
        <time>2024-04-26T21:44:29Z</time>
      </trkpt>
      <trkpt lat="44.38414" lon="-73.86574">
        <ele>848.29</ele>
        <time>2024-04-26T21:44:50Z</time>
      </trkpt>
      <trkpt lat="44.38419" lon="-73.86571">
        <ele>847.92</ele>
        <time>2024-04-26T21:44:58Z</time>
      </trkpt>
      <trkpt lat="44.3842" lon="-73.8657">
        <ele>847.84</ele>
        <time>2024-04-26T21:45:00Z</time>
      </trkpt>
      <trkpt lat="44.38424" lon="-73.86565">
        <ele>847.22</ele>
        <time>2024-04-26T21:45:07Z</time>
      </trkpt>
      <trkpt lat="44.38424" lon="-73.86565">
        <ele>847.22</ele>
        <time>2024-04-26T21:45:09Z</time>
      </trkpt>
      <trkpt lat="44.38426" lon="-73.86564">
        <ele>846.99</ele>
        <time>2024-04-26T21:45:14Z</time>
      </trkpt>
      <trkpt lat="44.38427" lon="-73.86562">
        <ele>846.85</ele>
        <time>2024-04-26T21:45:18Z</time>
      </trkpt>
      <trkpt lat="44.38428" lon="-73.86561">
        <ele>846.68</ele>
        <time>2024-04-26T21:45:20Z</time>
      </trkpt>
      <trkpt lat="44.38428" lon="-73.86561">
        <ele>846.68</ele>
        <time>2024-04-26T21:45:24Z</time>
      </trkpt>
      <trkpt lat="44.3843" lon="-73.86556">
        <ele>846.14</ele>
        <time>2024-04-26T21:45:30Z</time>
      </trkpt>
      <trkpt lat="44.38431" lon="-73.86554">
        <ele>845.83</ele>
        <time>2024-04-26T21:45:33Z</time>
      </trkpt>
      <trkpt lat="44.38431" lon="-73.86554">
        <ele>845.83</ele>
        <time>2024-04-26T21:45:40Z</time>
      </trkpt>
      <trkpt lat="44.38431" lon="-73.86554">
        <ele>845.83</ele>
        <time>2024-04-26T21:45:41Z</time>
      </trkpt>
      <trkpt lat="44.38435" lon="-73.8655">
        <ele>845.03</ele>
        <time>2024-04-26T21:45:49Z</time>
      </trkpt>
      <trkpt lat="44.38435" lon="-73.86549">
        <ele>845.03</ele>
        <time>2024-04-26T21:45:50Z</time>
      </trkpt>
      <trkpt lat="44.38436" lon="-73.86548">
        <ele>844.91</ele>
        <time>2024-04-26T21:45:53Z</time>
      </trkpt>
      <trkpt lat="44.38438" lon="-73.86546">
        <ele>844.69</ele>
        <time>2024-04-26T21:45:56Z</time>
      </trkpt>
      <trkpt lat="44.38438" lon="-73.86545">
        <ele>844.65</ele>
        <time>2024-04-26T21:45:58Z</time>
      </trkpt>
      <trkpt lat="44.38443" lon="-73.86542">
        <ele>843.76</ele>
        <time>2024-04-26T21:46:07Z</time>
      </trkpt>
      <trkpt lat="44.38448" lon="-73.86537">
        <ele>842.61</ele>
        <time>2024-04-26T21:46:14Z</time>
      </trkpt>
      <trkpt lat="44.3845" lon="-73.86533">
        <ele>842.14</ele>
        <time>2024-04-26T21:46:19Z</time>
      </trkpt>
      <trkpt lat="44.38452" lon="-73.8653">
        <ele>841.56</ele>
        <time>2024-04-26T21:46:22Z</time>
      </trkpt>
      <trkpt lat="44.38453" lon="-73.86526">
        <ele>841.15</ele>
        <time>2024-04-26T21:46:26Z</time>
      </trkpt>
      <trkpt lat="44.38457" lon="-73.86519">
        <ele>840.29</ele>
        <time>2024-04-26T21:46:34Z</time>
      </trkpt>
      <trkpt lat="44.38462" lon="-73.86513">
        <ele>839.21</ele>
        <time>2024-04-26T21:46:43Z</time>
      </trkpt>
      <trkpt lat="44.38464" lon="-73.86507">
        <ele>838.44</ele>
        <time>2024-04-26T21:46:48Z</time>
      </trkpt>
      <trkpt lat="44.38465" lon="-73.86503">
        <ele>837.9</ele>
        <time>2024-04-26T21:46:51Z</time>
      </trkpt>
      <trkpt lat="44.38464" lon="-73.86493">
        <ele>837.77</ele>
        <time>2024-04-26T21:46:58Z</time>
      </trkpt>
      <trkpt lat="44.38462" lon="-73.86481">
        <ele>838.31</ele>
        <time>2024-04-26T21:47:06Z</time>
      </trkpt>
      <trkpt lat="44.38462" lon="-73.86478">
        <ele>838.31</ele>
        <time>2024-04-26T21:47:08Z</time>
      </trkpt>
      <trkpt lat="44.38462" lon="-73.86473">
        <ele>838.31</ele>
        <time>2024-04-26T21:47:11Z</time>
      </trkpt>
      <trkpt lat="44.38461" lon="-73.8647">
        <ele>838.64</ele>
        <time>2024-04-26T21:47:14Z</time>
      </trkpt>
      <trkpt lat="44.38461" lon="-73.86467">
        <ele>838.64</ele>
        <time>2024-04-26T21:47:16Z</time>
      </trkpt>
      <trkpt lat="44.38458" lon="-73.8646">
        <ele>839.61</ele>
        <time>2024-04-26T21:47:22Z</time>
      </trkpt>
      <trkpt lat="44.38453" lon="-73.86453">
        <ele>841.08</ele>
        <time>2024-04-26T21:47:31Z</time>
      </trkpt>
      <trkpt lat="44.38448" lon="-73.86451">
        <ele>841.8</ele>
        <time>2024-04-26T21:47:37Z</time>
      </trkpt>
      <trkpt lat="44.3844" lon="-73.86446">
        <ele>843.39</ele>
        <time>2024-04-26T21:47:45Z</time>
      </trkpt>
      <trkpt lat="44.38437" lon="-73.86444">
        <ele>843.8</ele>
        <time>2024-04-26T21:47:51Z</time>
      </trkpt>
      <trkpt lat="44.38436" lon="-73.86442">
        <ele>843.91</ele>
        <time>2024-04-26T21:47:53Z</time>
      </trkpt>
      <trkpt lat="44.38435" lon="-73.86441">
        <ele>843.98</ele>
        <time>2024-04-26T21:47:54Z</time>
      </trkpt>
      <trkpt lat="44.38435" lon="-73.86439">
        <ele>843.98</ele>
        <time>2024-04-26T21:47:59Z</time>
      </trkpt>
      <trkpt lat="44.38434" lon="-73.8644">
        <ele>843.87</ele>
        <time>2024-04-26T21:48:07Z</time>
      </trkpt>
      <trkpt lat="44.38433" lon="-73.86439">
        <ele>843.76</ele>
        <time>2024-04-26T21:48:14Z</time>
      </trkpt>
      <trkpt lat="44.38432" lon="-73.86439">
        <ele>843.66</ele>
        <time>2024-04-26T21:48:16Z</time>
      </trkpt>
      <trkpt lat="44.38428" lon="-73.86437">
        <ele>843.22</ele>
        <time>2024-04-26T21:48:23Z</time>
      </trkpt>
      <trkpt lat="44.38428" lon="-73.86436">
        <ele>843.22</ele>
        <time>2024-04-26T21:48:25Z</time>
      </trkpt>
      <trkpt lat="44.38425" lon="-73.86436">
        <ele>842.71</ele>
        <time>2024-04-26T21:48:31Z</time>
      </trkpt>
      <trkpt lat="44.38424" lon="-73.86437">
        <ele>842.42</ele>
        <time>2024-04-26T21:48:33Z</time>
      </trkpt>
      <trkpt lat="44.38423" lon="-73.86437">
        <ele>842.11</ele>
        <time>2024-04-26T21:48:35Z</time>
      </trkpt>
      <trkpt lat="44.38422" lon="-73.86436">
        <ele>841.77</ele>
        <time>2024-04-26T21:48:38Z</time>
      </trkpt>
      <trkpt lat="44.38419" lon="-73.86437">
        <ele>840.9</ele>
        <time>2024-04-26T21:48:43Z</time>
      </trkpt>
      <trkpt lat="44.38417" lon="-73.86436">
        <ele>840.19</ele>
        <time>2024-04-26T21:48:50Z</time>
      </trkpt>
      <trkpt lat="44.38412" lon="-73.86434">
        <ele>837.98</ele>
        <time>2024-04-26T21:48:57Z</time>
      </trkpt>
      <trkpt lat="44.38412" lon="-73.86434">
        <ele>837.98</ele>
        <time>2024-04-26T21:48:58Z</time>
      </trkpt>
      <trkpt lat="44.38412" lon="-73.86431">
        <ele>837.98</ele>
        <time>2024-04-26T21:49:03Z</time>
      </trkpt>
      <trkpt lat="44.3841" lon="-73.86429">
        <ele>837.12</ele>
        <time>2024-04-26T21:49:08Z</time>
      </trkpt>
      <trkpt lat="44.3841" lon="-73.86427">
        <ele>837.12</ele>
        <time>2024-04-26T21:49:10Z</time>
      </trkpt>
      <trkpt lat="44.38408" lon="-73.86423">
        <ele>835.94</ele>
        <time>2024-04-26T21:49:16Z</time>
      </trkpt>
      <trkpt lat="44.38407" lon="-73.86423">
        <ele>835.46</ele>
        <time>2024-04-26T21:49:17Z</time>
      </trkpt>
      <trkpt lat="44.38404" lon="-73.86419">
        <ele>833.41</ele>
        <time>2024-04-26T21:49:23Z</time>
      </trkpt>
      <trkpt lat="44.38404" lon="-73.86419">
        <ele>833.41</ele>
        <time>2024-04-26T21:49:24Z</time>
      </trkpt>
      <trkpt lat="44.38402" lon="-73.86419">
        <ele>832.33</ele>
        <time>2024-04-26T21:49:30Z</time>
      </trkpt>
      <trkpt lat="44.38402" lon="-73.86418">
        <ele>832.22</ele>
        <time>2024-04-26T21:49:31Z</time>
      </trkpt>
      <trkpt lat="44.38401" lon="-73.86419">
        <ele>831.79</ele>
        <time>2024-04-26T21:49:42Z</time>
      </trkpt>
      <trkpt lat="44.384" lon="-73.86423">
        <ele>831.68</ele>
        <time>2024-04-26T21:49:49Z</time>
      </trkpt>
      <trkpt lat="44.38405" lon="-73.86425">
        <ele>834.6</ele>
        <time>2024-04-26T21:49:57Z</time>
      </trkpt>
      <trkpt lat="44.38407" lon="-73.86429">
        <ele>835.79</ele>
        <time>2024-04-26T21:50:05Z</time>
      </trkpt>
      <trkpt lat="44.38407" lon="-73.8643">
        <ele>835.8</ele>
        <time>2024-04-26T21:50:08Z</time>
      </trkpt>
      <trkpt lat="44.38409" lon="-73.86432">
        <ele>836.69</ele>
        <time>2024-04-26T21:50:12Z</time>
      </trkpt>
      <trkpt lat="44.38409" lon="-73.86433">
        <ele>836.69</ele>
        <time>2024-04-26T21:50:13Z</time>
      </trkpt>
      <trkpt lat="44.38409" lon="-73.86434">
        <ele>836.69</ele>
        <time>2024-04-26T21:50:16Z</time>
      </trkpt>
      <trkpt lat="44.3841" lon="-73.86436">
        <ele>837.21</ele>
        <time>2024-04-26T21:50:21Z</time>
      </trkpt>
      <trkpt lat="44.38411" lon="-73.86438">
        <ele>837.86</ele>
        <time>2024-04-26T21:50:25Z</time>
      </trkpt>
      <trkpt lat="44.38415" lon="-73.86438">
        <ele>839.58</ele>
        <time>2024-04-26T21:50:32Z</time>
      </trkpt>
      <trkpt lat="44.38416" lon="-73.86438">
        <ele>840.02</ele>
        <time>2024-04-26T21:50:34Z</time>
      </trkpt>
      <trkpt lat="44.38417" lon="-73.86439">
        <ele>840.51</ele>
        <time>2024-04-26T21:50:39Z</time>
      </trkpt>
      <trkpt lat="44.38419" lon="-73.8644">
        <ele>841.14</ele>
        <time>2024-04-26T21:50:41Z</time>
      </trkpt>
      <trkpt lat="44.38421" lon="-73.86441">
        <ele>841.74</ele>
        <time>2024-04-26T21:50:45Z</time>
      </trkpt>
      <trkpt lat="44.38423" lon="-73.86442">
        <ele>842.28</ele>
        <time>2024-04-26T21:50:48Z</time>
      </trkpt>
      <trkpt lat="44.38425" lon="-73.86441">
        <ele>842.76</ele>
        <time>2024-04-26T21:50:53Z</time>
      </trkpt>
      <trkpt lat="44.38427" lon="-73.86442">
        <ele>843.12</ele>
        <time>2024-04-26T21:50:57Z</time>
      </trkpt>
      <trkpt lat="44.3843" lon="-73.86444">
        <ele>843.44</ele>
        <time>2024-04-26T21:51:02Z</time>
      </trkpt>
      <trkpt lat="44.38433" lon="-73.86442">
        <ele>843.76</ele>
        <time>2024-04-26T21:51:08Z</time>
      </trkpt>
      <trkpt lat="44.38433" lon="-73.86441">
        <ele>843.76</ele>
        <time>2024-04-26T21:51:09Z</time>
      </trkpt>
      <trkpt lat="44.38435" lon="-73.86435">
        <ele>843.98</ele>
        <time>2024-04-26T21:51:16Z</time>
      </trkpt>
      <trkpt lat="44.38437" lon="-73.86432">
        <ele>843.74</ele>
        <time>2024-04-26T21:51:19Z</time>
      </trkpt>
      <trkpt lat="44.38439" lon="-73.86431">
        <ele>843.4</ele>
        <time>2024-04-26T21:51:23Z</time>
      </trkpt>
      <trkpt lat="44.38439" lon="-73.86428">
        <ele>843.27</ele>
        <time>2024-04-26T21:51:32Z</time>
      </trkpt>
      <trkpt lat="44.38439" lon="-73.86427">
        <ele>843.22</ele>
        <time>2024-04-26T21:51:33Z</time>
      </trkpt>
      <trkpt lat="44.38437" lon="-73.86421">
        <ele>843.61</ele>
        <time>2024-04-26T21:51:40Z</time>
      </trkpt>
      <trkpt lat="44.38437" lon="-73.8641">
        <ele>843.03</ele>
        <time>2024-04-26T21:51:49Z</time>
      </trkpt>
      <trkpt lat="44.38437" lon="-73.86398">
        <ele>842.61</ele>
        <time>2024-04-26T21:51:57Z</time>
      </trkpt>
      <trkpt lat="44.38439" lon="-73.86388">
        <ele>842.08</ele>
        <time>2024-04-26T21:52:05Z</time>
      </trkpt>
      <trkpt lat="44.38438" lon="-73.86386">
        <ele>842.08</ele>
        <time>2024-04-26T21:52:07Z</time>
      </trkpt>
      <trkpt lat="44.38438" lon="-73.86383">
        <ele>841.76</ele>
        <time>2024-04-26T21:52:10Z</time>
      </trkpt>
      <trkpt lat="44.38436" lon="-73.86381">
        <ele>841.97</ele>
        <time>2024-04-26T21:52:14Z</time>
      </trkpt>
      <trkpt lat="44.38433" lon="-73.86376">
        <ele>841.46</ele>
        <time>2024-04-26T21:52:21Z</time>
      </trkpt>
      <trkpt lat="44.38432" lon="-73.86376">
        <ele>841.4</ele>
        <time>2024-04-26T21:52:24Z</time>
      </trkpt>
      <trkpt lat="44.38431" lon="-73.86375">
        <ele>841.27</ele>
        <time>2024-04-26T21:52:27Z</time>
      </trkpt>
      <trkpt lat="44.38431" lon="-73.86372">
        <ele>841.1</ele>
        <time>2024-04-26T21:52:30Z</time>
      </trkpt>
      <trkpt lat="44.38431" lon="-73.8637">
        <ele>840.94</ele>
        <time>2024-04-26T21:52:35Z</time>
      </trkpt>
      <trkpt lat="44.38432" lon="-73.86368">
        <ele>840.66</ele>
        <time>2024-04-26T21:52:38Z</time>
      </trkpt>
      <trkpt lat="44.38434" lon="-73.86365">
        <ele>840.35</ele>
        <time>2024-04-26T21:52:43Z</time>
      </trkpt>
      <trkpt lat="44.38434" lon="-73.86365">
        <ele>840.35</ele>
        <time>2024-04-26T21:52:44Z</time>
      </trkpt>
      <trkpt lat="44.38434" lon="-73.86363">
        <ele>840.1</ele>
        <time>2024-04-26T21:52:49Z</time>
      </trkpt>
      <trkpt lat="44.38435" lon="-73.86362">
        <ele>840.08</ele>
        <time>2024-04-26T21:52:55Z</time>
      </trkpt>
      <trkpt lat="44.38436" lon="-73.86361">
        <ele>839.8</ele>
        <time>2024-04-26T21:52:56Z</time>
      </trkpt>
      <trkpt lat="44.38436" lon="-73.86361">
        <ele>839.8</ele>
        <time>2024-04-26T21:52:57Z</time>
      </trkpt>
      <trkpt lat="44.38439" lon="-73.86358">
        <ele>838.5</ele>
        <time>2024-04-26T21:53:03Z</time>
      </trkpt>
      <trkpt lat="44.3844" lon="-73.86357">
        <ele>838.07</ele>
        <time>2024-04-26T21:53:04Z</time>
      </trkpt>
      <trkpt lat="44.38442" lon="-73.86353">
        <ele>836.78</ele>
        <time>2024-04-26T21:53:08Z</time>
      </trkpt>
      <trkpt lat="44.38442" lon="-73.86349">
        <ele>836.06</ele>
        <time>2024-04-26T21:53:12Z</time>
      </trkpt>
      <trkpt lat="44.38443" lon="-73.86349">
        <ele>835.91</ele>
        <time>2024-04-26T21:53:13Z</time>
      </trkpt>
      <trkpt lat="44.38444" lon="-73.86349">
        <ele>835.76</ele>
        <time>2024-04-26T21:53:14Z</time>
      </trkpt>
      <trkpt lat="44.38447" lon="-73.8635">
        <ele>835.25</ele>
        <time>2024-04-26T21:53:19Z</time>
      </trkpt>
      <trkpt lat="44.38447" lon="-73.8635">
        <ele>835.25</ele>
        <time>2024-04-26T21:53:20Z</time>
      </trkpt>
      <trkpt lat="44.38449" lon="-73.8635">
        <ele>834.82</ele>
        <time>2024-04-26T21:53:24Z</time>
      </trkpt>
      <trkpt lat="44.38451" lon="-73.86349">
        <ele>834.28</ele>
        <time>2024-04-26T21:53:26Z</time>
      </trkpt>
      <trkpt lat="44.38454" lon="-73.86347">
        <ele>833.41</ele>
        <time>2024-04-26T21:53:30Z</time>
      </trkpt>
      <trkpt lat="44.38457" lon="-73.86346">
        <ele>832.66</ele>
        <time>2024-04-26T21:53:34Z</time>
      </trkpt>
      <trkpt lat="44.38458" lon="-73.86346">
        <ele>832.44</ele>
        <time>2024-04-26T21:53:36Z</time>
      </trkpt>
      <trkpt lat="44.38463" lon="-73.86342">
        <ele>830.93</ele>
        <time>2024-04-26T21:53:42Z</time>
      </trkpt>
      <trkpt lat="44.38463" lon="-73.86342">
        <ele>830.93</ele>
        <time>2024-04-26T21:53:43Z</time>
      </trkpt>
      <trkpt lat="44.38465" lon="-73.8634">
        <ele>830.28</ele>
        <time>2024-04-26T21:53:48Z</time>
      </trkpt>
      <trkpt lat="44.38465" lon="-73.8634">
        <ele>830.28</ele>
        <time>2024-04-26T21:53:49Z</time>
      </trkpt>
      <trkpt lat="44.38467" lon="-73.86338">
        <ele>829.63</ele>
        <time>2024-04-26T21:53:54Z</time>
      </trkpt>
      <trkpt lat="44.38469" lon="-73.86337">
        <ele>829.09</ele>
        <time>2024-04-26T21:53:57Z</time>
      </trkpt>
      <trkpt lat="44.38471" lon="-73.86337">
        <ele>828.66</ele>
        <time>2024-04-26T21:54:00Z</time>
      </trkpt>
      <trkpt lat="44.38474" lon="-73.86336">
        <ele>827.66</ele>
        <time>2024-04-26T21:54:05Z</time>
      </trkpt>
      <trkpt lat="44.38474" lon="-73.86335">
        <ele>827.57</ele>
        <time>2024-04-26T21:54:06Z</time>
      </trkpt>
      <trkpt lat="44.38477" lon="-73.86334">
        <ele>826.49</ele>
        <time>2024-04-26T21:54:11Z</time>
      </trkpt>
      <trkpt lat="44.38478" lon="-73.86332">
        <ele>826.07</ele>
        <time>2024-04-26T21:54:14Z</time>
      </trkpt>
      <trkpt lat="44.3848" lon="-73.8633">
        <ele>825.42</ele>
        <time>2024-04-26T21:54:17Z</time>
      </trkpt>
      <trkpt lat="44.38482" lon="-73.86327">
        <ele>824.78</ele>
        <time>2024-04-26T21:54:22Z</time>
      </trkpt>
      <trkpt lat="44.38482" lon="-73.86326">
        <ele>824.78</ele>
        <time>2024-04-26T21:54:23Z</time>
      </trkpt>
      <trkpt lat="44.38485" lon="-73.86323">
        <ele>823.45</ele>
        <time>2024-04-26T21:54:30Z</time>
      </trkpt>
      <trkpt lat="44.38487" lon="-73.86322">
        <ele>822.66</ele>
        <time>2024-04-26T21:54:34Z</time>
      </trkpt>
      <trkpt lat="44.38488" lon="-73.86323">
        <ele>822.23</ele>
        <time>2024-04-26T21:54:37Z</time>
      </trkpt>
      <trkpt lat="44.38489" lon="-73.86321">
        <ele>821.96</ele>
        <time>2024-04-26T21:54:41Z</time>
      </trkpt>
      <trkpt lat="44.3849" lon="-73.86321">
        <ele>821.6</ele>
        <time>2024-04-26T21:54:45Z</time>
      </trkpt>
      <trkpt lat="44.38491" lon="-73.8632">
        <ele>821.34</ele>
        <time>2024-04-26T21:54:48Z</time>
      </trkpt>
      <trkpt lat="44.38494" lon="-73.86319">
        <ele>820.3</ele>
        <time>2024-04-26T21:54:54Z</time>
      </trkpt>
      <trkpt lat="44.38496" lon="-73.86315">
        <ele>819.72</ele>
        <time>2024-04-26T21:55:00Z</time>
      </trkpt>
      <trkpt lat="44.38496" lon="-73.86314">
        <ele>819.78</ele>
        <time>2024-04-26T21:55:03Z</time>
      </trkpt>
      <trkpt lat="44.38498" lon="-73.86313">
        <ele>819.02</ele>
        <time>2024-04-26T21:55:09Z</time>
      </trkpt>
      <trkpt lat="44.38501" lon="-73.86314">
        <ele>817.65</ele>
        <time>2024-04-26T21:55:14Z</time>
      </trkpt>
      <trkpt lat="44.38505" lon="-73.86314">
        <ele>815.88</ele>
        <time>2024-04-26T21:55:17Z</time>
      </trkpt>
      <trkpt lat="44.38506" lon="-73.86314">
        <ele>815.44</ele>
        <time>2024-04-26T21:55:20Z</time>
      </trkpt>
      <trkpt lat="44.38508" lon="-73.86311">
        <ele>814.6</ele>
        <time>2024-04-26T21:55:25Z</time>
      </trkpt>
      <trkpt lat="44.38509" lon="-73.86309">
        <ele>814.13</ele>
        <time>2024-04-26T21:55:28Z</time>
      </trkpt>
      <trkpt lat="44.3851" lon="-73.86306">
        <ele>813.68</ele>
        <time>2024-04-26T21:55:32Z</time>
      </trkpt>
      <trkpt lat="44.38511" lon="-73.86305">
        <ele>813.29</ele>
        <time>2024-04-26T21:55:34Z</time>
      </trkpt>
      <trkpt lat="44.38512" lon="-73.86305">
        <ele>812.84</ele>
        <time>2024-04-26T21:55:41Z</time>
      </trkpt>
      <trkpt lat="44.38513" lon="-73.86304">
        <ele>812.42</ele>
        <time>2024-04-26T21:55:42Z</time>
      </trkpt>
      <trkpt lat="44.38515" lon="-73.86302">
        <ele>811.43</ele>
        <time>2024-04-26T21:55:50Z</time>
      </trkpt>
      <trkpt lat="44.38516" lon="-73.86302">
        <ele>810.91</ele>
        <time>2024-04-26T21:55:51Z</time>
      </trkpt>
      <trkpt lat="44.38519" lon="-73.863">
        <ele>809.12</ele>
        <time>2024-04-26T21:55:58Z</time>
      </trkpt>
      <trkpt lat="44.3852" lon="-73.86299">
        <ele>808.45</ele>
        <time>2024-04-26T21:56:00Z</time>
      </trkpt>
      <trkpt lat="44.38522" lon="-73.86298">
        <ele>807.23</ele>
        <time>2024-04-26T21:56:04Z</time>
      </trkpt>
      <trkpt lat="44.38523" lon="-73.86298">
        <ele>806.67</ele>
        <time>2024-04-26T21:56:05Z</time>
      </trkpt>
      <trkpt lat="44.38524" lon="-73.86297">
        <ele>806.07</ele>
        <time>2024-04-26T21:56:12Z</time>
      </trkpt>
      <trkpt lat="44.38525" lon="-73.86296">
        <ele>805.51</ele>
        <time>2024-04-26T21:56:13Z</time>
      </trkpt>
      <trkpt lat="44.3853" lon="-73.86292">
        <ele>803.04</ele>
        <time>2024-04-26T21:56:19Z</time>
      </trkpt>
      <trkpt lat="44.38532" lon="-73.86291">
        <ele>802.18</ele>
        <time>2024-04-26T21:56:22Z</time>
      </trkpt>
      <trkpt lat="44.38533" lon="-73.8629">
        <ele>801.74</ele>
        <time>2024-04-26T21:56:26Z</time>
      </trkpt>
      <trkpt lat="44.38536" lon="-73.86287">
        <ele>800.45</ele>
        <time>2024-04-26T21:56:30Z</time>
      </trkpt>
      <trkpt lat="44.38537" lon="-73.86286">
        <ele>800.02</ele>
        <time>2024-04-26T21:56:32Z</time>
      </trkpt>
      <trkpt lat="44.3854" lon="-73.86281">
        <ele>799.04</ele>
        <time>2024-04-26T21:56:38Z</time>
      </trkpt>
      <trkpt lat="44.3854" lon="-73.86281">
        <ele>799.04</ele>
        <time>2024-04-26T21:56:39Z</time>
      </trkpt>
      <trkpt lat="44.38542" lon="-73.86279">
        <ele>798.39</ele>
        <time>2024-04-26T21:56:45Z</time>
      </trkpt>
      <trkpt lat="44.38543" lon="-73.86277">
        <ele>798.15</ele>
        <time>2024-04-26T21:56:48Z</time>
      </trkpt>
      <trkpt lat="44.38544" lon="-73.86277">
        <ele>797.83</ele>
        <time>2024-04-26T21:56:52Z</time>
      </trkpt>
      <trkpt lat="44.38546" lon="-73.86275">
        <ele>797.4</ele>
        <time>2024-04-26T21:56:56Z</time>
      </trkpt>
      <trkpt lat="44.38548" lon="-73.86275">
        <ele>796.88</ele>
        <time>2024-04-26T21:56:59Z</time>
      </trkpt>
      <trkpt lat="44.38549" lon="-73.86275">
        <ele>796.63</ele>
        <time>2024-04-26T21:57:02Z</time>
      </trkpt>
      <trkpt lat="44.38549" lon="-73.86275">
        <ele>796.63</ele>
        <time>2024-04-26T21:57:04Z</time>
      </trkpt>
      <trkpt lat="44.3855" lon="-73.86274">
        <ele>796.44</ele>
        <time>2024-04-26T21:57:06Z</time>
      </trkpt>
      <trkpt lat="44.38551" lon="-73.86273">
        <ele>796.24</ele>
        <time>2024-04-26T21:57:09Z</time>
      </trkpt>
      <trkpt lat="44.38553" lon="-73.86273">
        <ele>795.69</ele>
        <time>2024-04-26T21:57:12Z</time>
      </trkpt>
      <trkpt lat="44.38555" lon="-73.86272">
        <ele>795.16</ele>
        <time>2024-04-26T21:57:16Z</time>
      </trkpt>
      <trkpt lat="44.38556" lon="-73.86271">
        <ele>794.86</ele>
        <time>2024-04-26T21:57:18Z</time>
      </trkpt>
      <trkpt lat="44.38558" lon="-73.86269">
        <ele>794.21</ele>
        <time>2024-04-26T21:57:22Z</time>
      </trkpt>
      <trkpt lat="44.38559" lon="-73.86269">
        <ele>793.88</ele>
        <time>2024-04-26T21:57:26Z</time>
      </trkpt>
      <trkpt lat="44.3856" lon="-73.86268">
        <ele>793.62</ele>
        <time>2024-04-26T21:57:29Z</time>
      </trkpt>
      <trkpt lat="44.38561" lon="-73.86267">
        <ele>793.4</ele>
        <time>2024-04-26T21:57:32Z</time>
      </trkpt>
      <trkpt lat="44.38562" lon="-73.86265">
        <ele>793.29</ele>
        <time>2024-04-26T21:57:37Z</time>
      </trkpt>
      <trkpt lat="44.38562" lon="-73.86265">
        <ele>793.29</ele>
        <time>2024-04-26T21:57:40Z</time>
      </trkpt>
      <trkpt lat="44.38564" lon="-73.86264">
        <ele>792.75</ele>
        <time>2024-04-26T21:57:44Z</time>
      </trkpt>
      <trkpt lat="44.38568" lon="-73.86262">
        <ele>791.67</ele>
        <time>2024-04-26T21:57:52Z</time>
      </trkpt>
      <trkpt lat="44.38568" lon="-73.86263">
        <ele>791.56</ele>
        <time>2024-04-26T21:57:54Z</time>
      </trkpt>
      <trkpt lat="44.38567" lon="-73.86259">
        <ele>792.29</ele>
        <time>2024-04-26T21:58:08Z</time>
      </trkpt>
      <trkpt lat="44.38566" lon="-73.86257">
        <ele>792.62</ele>
        <time>2024-04-26T21:58:18Z</time>
      </trkpt>
      <trkpt lat="44.38566" lon="-73.86257">
        <ele>792.62</ele>
        <time>2024-04-26T21:58:19Z</time>
      </trkpt>
      <trkpt lat="44.38566" lon="-73.86256">
        <ele>792.62</ele>
        <time>2024-04-26T21:58:23Z</time>
      </trkpt>
      <trkpt lat="44.38567" lon="-73.86257">
        <ele>792.29</ele>
        <time>2024-04-26T21:58:33Z</time>
      </trkpt>
      <trkpt lat="44.38568" lon="-73.86261">
        <ele>791.78</ele>
        <time>2024-04-26T21:58:42Z</time>
      </trkpt>
      <trkpt lat="44.38571" lon="-73.86261">
        <ele>790.81</ele>
        <time>2024-04-26T21:58:47Z</time>
      </trkpt>
      <trkpt lat="44.38573" lon="-73.8626">
        <ele>790.27</ele>
        <time>2024-04-26T21:58:52Z</time>
      </trkpt>
      <trkpt lat="44.38575" lon="-73.86258">
        <ele>789.6</ele>
        <time>2024-04-26T21:58:56Z</time>
      </trkpt>
      <trkpt lat="44.38576" lon="-73.86258">
        <ele>789.17</ele>
        <time>2024-04-26T21:58:58Z</time>
      </trkpt>
      <trkpt lat="44.38576" lon="-73.86255">
        <ele>789.17</ele>
        <time>2024-04-26T21:59:03Z</time>
      </trkpt>
      <trkpt lat="44.38577" lon="-73.86255">
        <ele>788.74</ele>
        <time>2024-04-26T21:59:04Z</time>
      </trkpt>
      <trkpt lat="44.38577" lon="-73.86253">
        <ele>788.74</ele>
        <time>2024-04-26T21:59:07Z</time>
      </trkpt>
      <trkpt lat="44.38578" lon="-73.86253">
        <ele>788.3</ele>
        <time>2024-04-26T21:59:08Z</time>
      </trkpt>
      <trkpt lat="44.38579" lon="-73.86252">
        <ele>787.87</ele>
        <time>2024-04-26T21:59:11Z</time>
      </trkpt>
      <trkpt lat="44.3858" lon="-73.86252">
        <ele>787.44</ele>
        <time>2024-04-26T21:59:14Z</time>
      </trkpt>
      <trkpt lat="44.38581" lon="-73.86251">
        <ele>787.01</ele>
        <time>2024-04-26T21:59:18Z</time>
      </trkpt>
      <trkpt lat="44.38582" lon="-73.86251">
        <ele>786.58</ele>
        <time>2024-04-26T21:59:19Z</time>
      </trkpt>
      <trkpt lat="44.38584" lon="-73.86249">
        <ele>785.88</ele>
        <time>2024-04-26T21:59:23Z</time>
      </trkpt>
      <trkpt lat="44.38585" lon="-73.86249">
        <ele>785.55</ele>
        <time>2024-04-26T21:59:24Z</time>
      </trkpt>
      <trkpt lat="44.38588" lon="-73.86246">
        <ele>784.7</ele>
        <time>2024-04-26T21:59:31Z</time>
      </trkpt>
      <trkpt lat="44.38592" lon="-73.86245">
        <ele>783.23</ele>
        <time>2024-04-26T21:59:36Z</time>
      </trkpt>
      <trkpt lat="44.38593" lon="-73.86244">
        <ele>782.82</ele>
        <time>2024-04-26T21:59:37Z</time>
      </trkpt>
      <trkpt lat="44.38595" lon="-73.86242">
        <ele>781.96</ele>
        <time>2024-04-26T21:59:43Z</time>
      </trkpt>
      <trkpt lat="44.38595" lon="-73.86242">
        <ele>781.96</ele>
        <time>2024-04-26T21:59:45Z</time>
      </trkpt>
      <trkpt lat="44.38599" lon="-73.86239">
        <ele>780.42</ele>
        <time>2024-04-26T21:59:50Z</time>
      </trkpt>
      <trkpt lat="44.38601" lon="-73.86237">
        <ele>779.77</ele>
        <time>2024-04-26T21:59:53Z</time>
      </trkpt>
      <trkpt lat="44.38605" lon="-73.86237">
        <ele>778.25</ele>
        <time>2024-04-26T21:59:58Z</time>
      </trkpt>
      <trkpt lat="44.38606" lon="-73.86234">
        <ele>778.06</ele>
        <time>2024-04-26T22:00:02Z</time>
      </trkpt>
      <trkpt lat="44.38608" lon="-73.86231">
        <ele>777.38</ele>
        <time>2024-04-26T22:00:06Z</time>
      </trkpt>
      <trkpt lat="44.3861" lon="-73.86228">
        <ele>776.81</ele>
        <time>2024-04-26T22:00:11Z</time>
      </trkpt>
      <trkpt lat="44.3861" lon="-73.86226">
        <ele>777.0</ele>
        <time>2024-04-26T22:00:13Z</time>
      </trkpt>
      <trkpt lat="44.38611" lon="-73.86226">
        <ele>776.63</ele>
        <time>2024-04-26T22:00:18Z</time>
      </trkpt>
      <trkpt lat="44.38611" lon="-73.86227">
        <ele>776.53</ele>
        <time>2024-04-26T22:00:20Z</time>
      </trkpt>
      <trkpt lat="44.38614" lon="-73.86227">
        <ele>775.24</ele>
        <time>2024-04-26T22:00:26Z</time>
      </trkpt>
      <trkpt lat="44.38615" lon="-73.86226">
        <ele>774.91</ele>
        <time>2024-04-26T22:00:34Z</time>
      </trkpt>
      <trkpt lat="44.38616" lon="-73.86225">
        <ele>774.59</ele>
        <time>2024-04-26T22:00:36Z</time>
      </trkpt>
      <trkpt lat="44.38617" lon="-73.86224">
        <ele>774.26</ele>
        <time>2024-04-26T22:00:37Z</time>
      </trkpt>
      <trkpt lat="44.38621" lon="-73.8622">
        <ele>772.74</ele>
        <time>2024-04-26T22:00:45Z</time>
      </trkpt>
      <trkpt lat="44.38624" lon="-73.86219">
        <ele>771.57</ele>
        <time>2024-04-26T22:00:52Z</time>
      </trkpt>
      <trkpt lat="44.38625" lon="-73.86218">
        <ele>771.23</ele>
        <time>2024-04-26T22:00:53Z</time>
      </trkpt>
      <trkpt lat="44.38627" lon="-73.86217">
        <ele>770.54</ele>
        <time>2024-04-26T22:00:59Z</time>
      </trkpt>
      <trkpt lat="44.38627" lon="-73.86216">
        <ele>770.62</ele>
        <time>2024-04-26T22:01:00Z</time>
      </trkpt>
      <trkpt lat="44.38631" lon="-73.86212">
        <ele>769.42</ele>
        <time>2024-04-26T22:01:06Z</time>
      </trkpt>
      <trkpt lat="44.38633" lon="-73.8621">
        <ele>768.66</ele>
        <time>2024-04-26T22:01:10Z</time>
      </trkpt>
      <trkpt lat="44.38634" lon="-73.8621">
        <ele>768.26</ele>
        <time>2024-04-26T22:01:13Z</time>
      </trkpt>
      <trkpt lat="44.38635" lon="-73.86207">
        <ele>768.05</ele>
        <time>2024-04-26T22:01:18Z</time>
      </trkpt>
      <trkpt lat="44.38636" lon="-73.86206">
        <ele>767.77</ele>
        <time>2024-04-26T22:01:20Z</time>
      </trkpt>
      <trkpt lat="44.38637" lon="-73.86205">
        <ele>767.5</ele>
        <time>2024-04-26T22:01:24Z</time>
      </trkpt>
      <trkpt lat="44.38638" lon="-73.86205">
        <ele>767.16</ele>
        <time>2024-04-26T22:01:27Z</time>
      </trkpt>
      <trkpt lat="44.3864" lon="-73.86203">
        <ele>766.53</ele>
        <time>2024-04-26T22:01:31Z</time>
      </trkpt>
      <trkpt lat="44.38642" lon="-73.86201">
        <ele>765.75</ele>
        <time>2024-04-26T22:01:33Z</time>
      </trkpt>
      <trkpt lat="44.38643" lon="-73.86199">
        <ele>765.45</ele>
        <time>2024-04-26T22:01:37Z</time>
      </trkpt>
      <trkpt lat="44.38643" lon="-73.86199">
        <ele>765.45</ele>
        <time>2024-04-26T22:01:38Z</time>
      </trkpt>
      <trkpt lat="44.38645" lon="-73.86197">
        <ele>764.84</ele>
        <time>2024-04-26T22:01:41Z</time>
      </trkpt>
      <trkpt lat="44.38645" lon="-73.86197">
        <ele>764.84</ele>
        <time>2024-04-26T22:01:45Z</time>
      </trkpt>
      <trkpt lat="44.38644" lon="-73.86194">
        <ele>765.37</ele>
        <time>2024-04-26T22:01:53Z</time>
      </trkpt>
      <trkpt lat="44.38646" lon="-73.86196">
        <ele>764.57</ele>
        <time>2024-04-26T22:02:02Z</time>
      </trkpt>
      <trkpt lat="44.38643" lon="-73.86197">
        <ele>765.55</ele>
        <time>2024-04-26T22:02:10Z</time>
      </trkpt>
      <trkpt lat="44.38644" lon="-73.86197">
        <ele>765.19</ele>
        <time>2024-04-26T22:02:19Z</time>
      </trkpt>
      <trkpt lat="44.38646" lon="-73.86198">
        <ele>764.4</ele>
        <time>2024-04-26T22:02:24Z</time>
      </trkpt>
      <trkpt lat="44.38647" lon="-73.86197">
        <ele>764.13</ele>
        <time>2024-04-26T22:02:27Z</time>
      </trkpt>
      <trkpt lat="44.3865" lon="-73.86195">
        <ele>763.15</ele>
        <time>2024-04-26T22:02:32Z</time>
      </trkpt>
      <trkpt lat="44.3865" lon="-73.86194">
        <ele>763.2</ele>
        <time>2024-04-26T22:02:33Z</time>
      </trkpt>
      <trkpt lat="44.38652" lon="-73.86191">
        <ele>762.34</ele>
        <time>2024-04-26T22:02:39Z</time>
      </trkpt>
      <trkpt lat="44.38654" lon="-73.8619">
        <ele>761.47</ele>
        <time>2024-04-26T22:02:45Z</time>
      </trkpt>
      <trkpt lat="44.38658" lon="-73.86191">
        <ele>759.81</ele>
        <time>2024-04-26T22:02:51Z</time>
      </trkpt>
      <trkpt lat="44.38659" lon="-73.86191">
        <ele>759.48</ele>
        <time>2024-04-26T22:02:53Z</time>
      </trkpt>
      <trkpt lat="44.3866" lon="-73.86189">
        <ele>759.16</ele>
        <time>2024-04-26T22:02:57Z</time>
      </trkpt>
      <trkpt lat="44.38663" lon="-73.86187">
        <ele>758.19</ele>
        <time>2024-04-26T22:03:03Z</time>
      </trkpt>
      <trkpt lat="44.38663" lon="-73.86187">
        <ele>758.19</ele>
        <time>2024-04-26T22:03:04Z</time>
      </trkpt>
      <trkpt lat="44.38668" lon="-73.86184">
        <ele>756.68</ele>
        <time>2024-04-26T22:03:12Z</time>
      </trkpt>
      <trkpt lat="44.38672" lon="-73.8618">
        <ele>755.51</ele>
        <time>2024-04-26T22:03:18Z</time>
      </trkpt>
      <trkpt lat="44.38672" lon="-73.8618">
        <ele>755.51</ele>
        <time>2024-04-26T22:03:19Z</time>
      </trkpt>
      <trkpt lat="44.38674" lon="-73.86178">
        <ele>754.79</ele>
        <time>2024-04-26T22:03:27Z</time>
      </trkpt>
      <trkpt lat="44.38675" lon="-73.86177">
        <ele>754.39</ele>
        <time>2024-04-26T22:03:28Z</time>
      </trkpt>
      <trkpt lat="44.38677" lon="-73.86175">
        <ele>753.75</ele>
        <time>2024-04-26T22:03:33Z</time>
      </trkpt>
      <trkpt lat="44.38679" lon="-73.86175">
        <ele>753.1</ele>
        <time>2024-04-26T22:03:38Z</time>
      </trkpt>
      <trkpt lat="44.38681" lon="-73.86172">
        <ele>752.78</ele>
        <time>2024-04-26T22:03:45Z</time>
      </trkpt>
      <trkpt lat="44.38681" lon="-73.86173">
        <ele>752.67</ele>
        <time>2024-04-26T22:03:50Z</time>
      </trkpt>
      <trkpt lat="44.38682" lon="-73.86172">
        <ele>752.46</ele>
        <time>2024-04-26T22:03:52Z</time>
      </trkpt>
      <trkpt lat="44.38683" lon="-73.86171">
        <ele>752.24</ele>
        <time>2024-04-26T22:03:58Z</time>
      </trkpt>
      <trkpt lat="44.38684" lon="-73.86171">
        <ele>751.92</ele>
        <time>2024-04-26T22:04:02Z</time>
      </trkpt>
      <trkpt lat="44.38686" lon="-73.8617">
        <ele>751.38</ele>
        <time>2024-04-26T22:04:06Z</time>
      </trkpt>
      <trkpt lat="44.38689" lon="-73.86166">
        <ele>750.81</ele>
        <time>2024-04-26T22:04:11Z</time>
      </trkpt>
      <trkpt lat="44.38691" lon="-73.86166">
        <ele>750.14</ele>
        <time>2024-04-26T22:04:17Z</time>
      </trkpt>
      <trkpt lat="44.38691" lon="-73.86166">
        <ele>750.14</ele>
        <time>2024-04-26T22:04:18Z</time>
      </trkpt>
      <trkpt lat="44.38692" lon="-73.86165">
        <ele>749.84</ele>
        <time>2024-04-26T22:04:21Z</time>
      </trkpt>
      <trkpt lat="44.38693" lon="-73.86164">
        <ele>749.51</ele>
        <time>2024-04-26T22:04:24Z</time>
      </trkpt>
      <trkpt lat="44.38694" lon="-73.86162">
        <ele>749.17</ele>
        <time>2024-04-26T22:04:29Z</time>
      </trkpt>
      <trkpt lat="44.38695" lon="-73.86162">
        <ele>748.79</ele>
        <time>2024-04-26T22:04:31Z</time>
      </trkpt>
      <trkpt lat="44.38699" lon="-73.86157">
        <ele>747.57</ele>
        <time>2024-04-26T22:04:38Z</time>
      </trkpt>
      <trkpt lat="44.38699" lon="-73.86157">
        <ele>747.57</ele>
        <time>2024-04-26T22:04:39Z</time>
      </trkpt>
      <trkpt lat="44.387" lon="-73.86155">
        <ele>747.46</ele>
        <time>2024-04-26T22:04:44Z</time>
      </trkpt>
      <trkpt lat="44.38701" lon="-73.86154">
        <ele>747.24</ele>
        <time>2024-04-26T22:04:47Z</time>
      </trkpt>
      <trkpt lat="44.38702" lon="-73.86153">
        <ele>747.03</ele>
        <time>2024-04-26T22:04:50Z</time>
      </trkpt>
      <trkpt lat="44.38702" lon="-73.86155">
        <ele>746.81</ele>
        <time>2024-04-26T22:04:59Z</time>
      </trkpt>
      <trkpt lat="44.38704" lon="-73.86153">
        <ele>746.35</ele>
        <time>2024-04-26T22:05:06Z</time>
      </trkpt>
      <trkpt lat="44.38705" lon="-73.86152">
        <ele>746.02</ele>
        <time>2024-04-26T22:05:08Z</time>
      </trkpt>
      <trkpt lat="44.38706" lon="-73.86152">
        <ele>745.59</ele>
        <time>2024-04-26T22:05:11Z</time>
      </trkpt>
      <trkpt lat="44.38708" lon="-73.86151">
        <ele>744.84</ele>
        <time>2024-04-26T22:05:18Z</time>
      </trkpt>
      <trkpt lat="44.38709" lon="-73.86151">
        <ele>744.4</ele>
        <time>2024-04-26T22:05:19Z</time>
      </trkpt>
      <trkpt lat="44.38711" lon="-73.86148">
        <ele>743.86</ele>
        <time>2024-04-26T22:05:25Z</time>
      </trkpt>
      <trkpt lat="44.38713" lon="-73.86145">
        <ele>743.33</ele>
        <time>2024-04-26T22:05:30Z</time>
      </trkpt>
      <trkpt lat="44.38714" lon="-73.86145">
        <ele>742.97</ele>
        <time>2024-04-26T22:05:32Z</time>
      </trkpt>
      <trkpt lat="44.38716" lon="-73.86142">
        <ele>742.46</ele>
        <time>2024-04-26T22:05:37Z</time>
      </trkpt>
      <trkpt lat="44.38716" lon="-73.86141">
        <ele>742.53</ele>
        <time>2024-04-26T22:05:39Z</time>
      </trkpt>
      <trkpt lat="44.38716" lon="-73.86142">
        <ele>742.46</ele>
        <time>2024-04-26T22:05:43Z</time>
      </trkpt>
      <trkpt lat="44.38716" lon="-73.86143">
        <ele>742.39</ele>
        <time>2024-04-26T22:05:45Z</time>
      </trkpt>
      <trkpt lat="44.38716" lon="-73.86142">
        <ele>742.46</ele>
        <time>2024-04-26T22:05:46Z</time>
      </trkpt>
      <trkpt lat="44.38718" lon="-73.86142">
        <ele>741.67</ele>
        <time>2024-04-26T22:05:50Z</time>
      </trkpt>
      <trkpt lat="44.3872" lon="-73.86142">
        <ele>740.88</ele>
        <time>2024-04-26T22:05:52Z</time>
      </trkpt>
      <trkpt lat="44.38722" lon="-73.86141">
        <ele>740.09</ele>
        <time>2024-04-26T22:05:54Z</time>
      </trkpt>
      <trkpt lat="44.38724" lon="-73.86139">
        <ele>739.42</ele>
        <time>2024-04-26T22:06:00Z</time>
      </trkpt>
      <trkpt lat="44.38725" lon="-73.86138">
        <ele>739.2</ele>
        <time>2024-04-26T22:06:02Z</time>
      </trkpt>
      <trkpt lat="44.38727" lon="-73.86136">
        <ele>738.76</ele>
        <time>2024-04-26T22:06:07Z</time>
      </trkpt>
      <trkpt lat="44.38728" lon="-73.86134">
        <ele>738.66</ele>
        <time>2024-04-26T22:06:10Z</time>
      </trkpt>
      <trkpt lat="44.3873" lon="-73.86135">
        <ele>737.9</ele>
        <time>2024-04-26T22:06:15Z</time>
      </trkpt>
      <trkpt lat="44.38731" lon="-73.86134">
        <ele>737.68</ele>
        <time>2024-04-26T22:06:18Z</time>
      </trkpt>
      <trkpt lat="44.38734" lon="-73.86133">
        <ele>736.65</ele>
        <time>2024-04-26T22:06:22Z</time>
      </trkpt>
      <trkpt lat="44.38736" lon="-73.86132">
        <ele>735.92</ele>
        <time>2024-04-26T22:06:25Z</time>
      </trkpt>
      <trkpt lat="44.38736" lon="-73.86131">
        <ele>735.97</ele>
        <time>2024-04-26T22:06:27Z</time>
      </trkpt>
      <trkpt lat="44.38737" lon="-73.86129">
        <ele>735.68</ele>
        <time>2024-04-26T22:06:32Z</time>
      </trkpt>
      <trkpt lat="44.38737" lon="-73.86129">
        <ele>735.68</ele>
        <time>2024-04-26T22:06:34Z</time>
      </trkpt>
      <trkpt lat="44.38739" lon="-73.86128">
        <ele>734.93</ele>
        <time>2024-04-26T22:06:39Z</time>
      </trkpt>
      <trkpt lat="44.38741" lon="-73.86127">
        <ele>734.19</ele>
        <time>2024-04-26T22:06:42Z</time>
      </trkpt>
      <trkpt lat="44.38742" lon="-73.86127">
        <ele>733.84</ele>
        <time>2024-04-26T22:06:45Z</time>
      </trkpt>
      <trkpt lat="44.38742" lon="-73.86127">
        <ele>733.84</ele>
        <time>2024-04-26T22:06:49Z</time>
      </trkpt>
      <trkpt lat="44.38743" lon="-73.86126">
        <ele>733.56</ele>
        <time>2024-04-26T22:06:52Z</time>
      </trkpt>
      <trkpt lat="44.38744" lon="-73.86124">
        <ele>733.34</ele>
        <time>2024-04-26T22:06:55Z</time>
      </trkpt>
      <trkpt lat="44.38746" lon="-73.86123">
        <ele>732.61</ele>
        <time>2024-04-26T22:06:59Z</time>
      </trkpt>
      <trkpt lat="44.38747" lon="-73.86123">
        <ele>732.2</ele>
        <time>2024-04-26T22:07:01Z</time>
      </trkpt>
      <trkpt lat="44.38749" lon="-73.86121">
        <ele>731.42</ele>
        <time>2024-04-26T22:07:07Z</time>
      </trkpt>
      <trkpt lat="44.38751" lon="-73.8612">
        <ele>730.61</ele>
        <time>2024-04-26T22:07:20Z</time>
      </trkpt>
      <trkpt lat="44.38752" lon="-73.8612">
        <ele>730.18</ele>
        <time>2024-04-26T22:07:26Z</time>
      </trkpt>
      <trkpt lat="44.38752" lon="-73.8612">
        <ele>730.18</ele>
        <time>2024-04-26T22:07:27Z</time>
      </trkpt>
      <trkpt lat="44.38752" lon="-73.8612">
        <ele>730.18</ele>
        <time>2024-04-26T22:07:28Z</time>
      </trkpt>
      <trkpt lat="44.38752" lon="-73.86121">
        <ele>730.12</ele>
        <time>2024-04-26T22:07:29Z</time>
      </trkpt>
      <trkpt lat="44.38754" lon="-73.86122">
        <ele>729.2</ele>
        <time>2024-04-26T22:07:34Z</time>
      </trkpt>
      <trkpt lat="44.38752" lon="-73.86121">
        <ele>730.12</ele>
        <time>2024-04-26T22:07:44Z</time>
      </trkpt>
      <trkpt lat="44.38752" lon="-73.86114">
        <ele>730.82</ele>
        <time>2024-04-26T22:07:52Z</time>
      </trkpt>
      <trkpt lat="44.38753" lon="-73.86114">
        <ele>730.39</ele>
        <time>2024-04-26T22:07:53Z</time>
      </trkpt>
      <trkpt lat="44.38754" lon="-73.86112">
        <ele>730.18</ele>
        <time>2024-04-26T22:07:58Z</time>
      </trkpt>
      <trkpt lat="44.38755" lon="-73.86111">
        <ele>729.85</ele>
        <time>2024-04-26T22:08:00Z</time>
      </trkpt>
      <trkpt lat="44.38756" lon="-73.86111">
        <ele>729.42</ele>
        <time>2024-04-26T22:08:01Z</time>
      </trkpt>
      <trkpt lat="44.38757" lon="-73.8611">
        <ele>729.1</ele>
        <time>2024-04-26T22:08:05Z</time>
      </trkpt>
      <trkpt lat="44.38758" lon="-73.86111">
        <ele>728.56</ele>
        <time>2024-04-26T22:08:07Z</time>
      </trkpt>
      <trkpt lat="44.38758" lon="-73.86111">
        <ele>728.56</ele>
        <time>2024-04-26T22:08:09Z</time>
      </trkpt>
      <trkpt lat="44.38759" lon="-73.8611">
        <ele>728.23</ele>
        <time>2024-04-26T22:08:12Z</time>
      </trkpt>
      <trkpt lat="44.38762" lon="-73.86109">
        <ele>726.98</ele>
        <time>2024-04-26T22:08:17Z</time>
      </trkpt>
      <trkpt lat="44.38763" lon="-73.86109">
        <ele>726.52</ele>
        <time>2024-04-26T22:08:18Z</time>
      </trkpt>
      <trkpt lat="44.38764" lon="-73.86109">
        <ele>726.06</ele>
        <time>2024-04-26T22:08:23Z</time>
      </trkpt>
      <trkpt lat="44.38765" lon="-73.86108">
        <ele>725.65</ele>
        <time>2024-04-26T22:08:25Z</time>
      </trkpt>
      <trkpt lat="44.38769" lon="-73.86106">
        <ele>723.77</ele>
        <time>2024-04-26T22:08:30Z</time>
      </trkpt>
      <trkpt lat="44.3877" lon="-73.86106">
        <ele>723.29</ele>
        <time>2024-04-26T22:08:33Z</time>
      </trkpt>
      <trkpt lat="44.38771" lon="-73.86104">
        <ele>722.87</ele>
        <time>2024-04-26T22:08:36Z</time>
      </trkpt>
      <trkpt lat="44.38774" lon="-73.861">
        <ele>721.83</ele>
        <time>2024-04-26T22:08:41Z</time>
      </trkpt>
      <trkpt lat="44.38774" lon="-73.86099">
        <ele>721.94</ele>
        <time>2024-04-26T22:08:43Z</time>
      </trkpt>
      <trkpt lat="44.38775" lon="-73.86101">
        <ele>721.29</ele>
        <time>2024-04-26T22:08:50Z</time>
      </trkpt>
      <trkpt lat="44.38776" lon="-73.86101">
        <ele>720.86</ele>
        <time>2024-04-26T22:08:53Z</time>
      </trkpt>
      <trkpt lat="44.38778" lon="-73.86099">
        <ele>720.21</ele>
        <time>2024-04-26T22:08:58Z</time>
      </trkpt>
      <trkpt lat="44.38779" lon="-73.86097">
        <ele>720.0</ele>
        <time>2024-04-26T22:09:00Z</time>
      </trkpt>
      <trkpt lat="44.3878" lon="-73.86095">
        <ele>719.78</ele>
        <time>2024-04-26T22:09:05Z</time>
      </trkpt>
      <trkpt lat="44.38781" lon="-73.86093">
        <ele>719.56</ele>
        <time>2024-04-26T22:09:11Z</time>
      </trkpt>
      <trkpt lat="44.38784" lon="-73.86091">
        <ele>718.48</ele>
        <time>2024-04-26T22:09:16Z</time>
      </trkpt>
      <trkpt lat="44.38787" lon="-73.86088">
        <ele>717.51</ele>
        <time>2024-04-26T22:09:23Z</time>
      </trkpt>
      <trkpt lat="44.38788" lon="-73.86088">
        <ele>716.98</ele>
        <time>2024-04-26T22:09:28Z</time>
      </trkpt>
      <trkpt lat="44.38788" lon="-73.86088">
        <ele>716.98</ele>
        <time>2024-04-26T22:09:29Z</time>
      </trkpt>
      <trkpt lat="44.3879" lon="-73.86087">
        <ele>716.0</ele>
        <time>2024-04-26T22:09:32Z</time>
      </trkpt>
      <trkpt lat="44.38789" lon="-73.86087">
        <ele>716.54</ele>
        <time>2024-04-26T22:09:36Z</time>
      </trkpt>
      <trkpt lat="44.38791" lon="-73.86086">
        <ele>715.57</ele>
        <time>2024-04-26T22:09:41Z</time>
      </trkpt>
      <trkpt lat="44.38793" lon="-73.86086">
        <ele>714.49</ele>
        <time>2024-04-26T22:09:43Z</time>
      </trkpt>
      <trkpt lat="44.38796" lon="-73.86082">
        <ele>713.3</ele>
        <time>2024-04-26T22:09:51Z</time>
      </trkpt>
      <trkpt lat="44.38796" lon="-73.86081">
        <ele>713.41</ele>
        <time>2024-04-26T22:09:52Z</time>
      </trkpt>
      <trkpt lat="44.38799" lon="-73.86082">
        <ele>711.93</ele>
        <time>2024-04-26T22:09:59Z</time>
      </trkpt>
      <trkpt lat="44.38796" lon="-73.86082">
        <ele>713.3</ele>
        <time>2024-04-26T22:10:10Z</time>
      </trkpt>
      <trkpt lat="44.38795" lon="-73.86082">
        <ele>713.84</ele>
        <time>2024-04-26T22:10:18Z</time>
      </trkpt>
      <trkpt lat="44.38795" lon="-73.86082">
        <ele>713.84</ele>
        <time>2024-04-26T22:10:42Z</time>
      </trkpt>
      <trkpt lat="44.38795" lon="-73.86082">
        <ele>713.84</ele>
        <time>2024-04-26T22:10:43Z</time>
      </trkpt>
      <trkpt lat="44.38795" lon="-73.86082">
        <ele>713.84</ele>
        <time>2024-04-26T22:10:44Z</time>
      </trkpt>
      <trkpt lat="44.38792" lon="-73.86081">
        <ele>715.57</ele>
        <time>2024-04-26T22:10:49Z</time>
      </trkpt>
      <trkpt lat="44.38792" lon="-73.86081">
        <ele>715.57</ele>
        <time>2024-04-26T22:10:58Z</time>
      </trkpt>
      <trkpt lat="44.3879" lon="-73.86081">
        <ele>716.65</ele>
        <time>2024-04-26T22:11:02Z</time>
      </trkpt>
      <trkpt lat="44.38792" lon="-73.86082">
        <ele>715.46</ele>
        <time>2024-04-26T22:11:07Z</time>
      </trkpt>
      <trkpt lat="44.38795" lon="-73.86082">
        <ele>713.84</ele>
        <time>2024-04-26T22:11:11Z</time>
      </trkpt>
      <trkpt lat="44.38794" lon="-73.86082">
        <ele>714.38</ele>
        <time>2024-04-26T22:11:22Z</time>
      </trkpt>
      <trkpt lat="44.38796" lon="-73.86083">
        <ele>713.2</ele>
        <time>2024-04-26T22:11:37Z</time>
      </trkpt>
      <trkpt lat="44.38796" lon="-73.86083">
        <ele>713.2</ele>
        <time>2024-04-26T22:11:48Z</time>
      </trkpt>
      <trkpt lat="44.38794" lon="-73.8608">
        <ele>714.6</ele>
        <time>2024-04-26T22:11:51Z</time>
      </trkpt>
      <trkpt lat="44.38795" lon="-73.86082">
        <ele>713.84</ele>
        <time>2024-04-26T22:11:58Z</time>
      </trkpt>
      <trkpt lat="44.38796" lon="-73.86083">
        <ele>713.2</ele>
        <time>2024-04-26T22:12:02Z</time>
      </trkpt>
      <trkpt lat="44.38796" lon="-73.86081">
        <ele>713.41</ele>
        <time>2024-04-26T22:12:06Z</time>
      </trkpt>
      <trkpt lat="44.38798" lon="-73.8608">
        <ele>712.56</ele>
        <time>2024-04-26T22:12:40Z</time>
      </trkpt>
      <trkpt lat="44.38795" lon="-73.86078">
        <ele>714.28</ele>
        <time>2024-04-26T22:13:24Z</time>
      </trkpt>
      <trkpt lat="44.38795" lon="-73.86078">
        <ele>714.28</ele>
        <time>2024-04-26T22:13:30Z</time>
      </trkpt>
      <trkpt lat="44.38795" lon="-73.86077">
        <ele>714.38</ele>
        <time>2024-04-26T22:13:34Z</time>
      </trkpt>
      <trkpt lat="44.38795" lon="-73.86077">
        <ele>714.38</ele>
        <time>2024-04-26T22:13:38Z</time>
      </trkpt>
      <trkpt lat="44.38795" lon="-73.86077">
        <ele>714.38</ele>
        <time>2024-04-26T22:13:39Z</time>
      </trkpt>
      <trkpt lat="44.38792" lon="-73.86076">
        <ele>716.11</ele>
        <time>2024-04-26T22:13:46Z</time>
      </trkpt>
      <trkpt lat="44.38794" lon="-73.86079">
        <ele>714.71</ele>
        <time>2024-04-26T22:14:19Z</time>
      </trkpt>
      <trkpt lat="44.38794" lon="-73.8608">
        <ele>714.6</ele>
        <time>2024-04-26T22:14:21Z</time>
      </trkpt>
      <trkpt lat="44.38796" lon="-73.86081">
        <ele>713.41</ele>
        <time>2024-04-26T22:14:26Z</time>
      </trkpt>
      <trkpt lat="44.38797" lon="-73.86081">
        <ele>712.93</ele>
        <time>2024-04-26T22:14:27Z</time>
      </trkpt>
      <trkpt lat="44.38797" lon="-73.86081">
        <ele>712.93</ele>
        <time>2024-04-26T22:14:28Z</time>
      </trkpt>
      <trkpt lat="44.38798" lon="-73.86081">
        <ele>712.47</ele>
        <time>2024-04-26T22:14:35Z</time>
      </trkpt>
      <trkpt lat="44.388" lon="-73.8608">
        <ele>711.62</ele>
        <time>2024-04-26T22:14:40Z</time>
      </trkpt>
      <trkpt lat="44.388" lon="-73.8608">
        <ele>711.62</ele>
        <time>2024-04-26T22:14:41Z</time>
      </trkpt>
      <trkpt lat="44.38804" lon="-73.86077">
        <ele>709.79</ele>
        <time>2024-04-26T22:14:47Z</time>
      </trkpt>
      <trkpt lat="44.38806" lon="-73.86075">
        <ele>708.81</ele>
        <time>2024-04-26T22:14:50Z</time>
      </trkpt>
      <trkpt lat="44.38808" lon="-73.86074">
        <ele>707.95</ele>
        <time>2024-04-26T22:14:54Z</time>
      </trkpt>
      <trkpt lat="44.38808" lon="-73.86073">
        <ele>708.06</ele>
        <time>2024-04-26T22:14:58Z</time>
      </trkpt>
      <trkpt lat="44.38809" lon="-73.86072">
        <ele>707.74</ele>
        <time>2024-04-26T22:15:00Z</time>
      </trkpt>
      <trkpt lat="44.38811" lon="-73.86072">
        <ele>706.87</ele>
        <time>2024-04-26T22:15:08Z</time>
      </trkpt>
      <trkpt lat="44.38812" lon="-73.8607">
        <ele>706.66</ele>
        <time>2024-04-26T22:15:11Z</time>
      </trkpt>
      <trkpt lat="44.38814" lon="-73.86068">
        <ele>706.01</ele>
        <time>2024-04-26T22:15:15Z</time>
      </trkpt>
      <trkpt lat="44.38815" lon="-73.86068">
        <ele>705.56</ele>
        <time>2024-04-26T22:15:18Z</time>
      </trkpt>
      <trkpt lat="44.38816" lon="-73.86066">
        <ele>705.25</ele>
        <time>2024-04-26T22:15:23Z</time>
      </trkpt>
      <trkpt lat="44.38816" lon="-73.86066">
        <ele>705.25</ele>
        <time>2024-04-26T22:15:24Z</time>
      </trkpt>
      <trkpt lat="44.38815" lon="-73.86066">
        <ele>705.77</ele>
        <time>2024-04-26T22:15:29Z</time>
      </trkpt>
      <trkpt lat="44.38816" lon="-73.86064">
        <ele>705.37</ele>
        <time>2024-04-26T22:15:32Z</time>
      </trkpt>
      <trkpt lat="44.38819" lon="-73.86063">
        <ele>703.83</ele>
        <time>2024-04-26T22:15:38Z</time>
      </trkpt>
      <trkpt lat="44.38819" lon="-73.86062">
        <ele>703.88</ele>
        <time>2024-04-26T22:15:40Z</time>
      </trkpt>
      <trkpt lat="44.38822" lon="-73.86061">
        <ele>702.44</ele>
        <time>2024-04-26T22:15:46Z</time>
      </trkpt>
      <trkpt lat="44.38823" lon="-73.8606">
        <ele>702.04</ele>
        <time>2024-04-26T22:15:51Z</time>
      </trkpt>
      <trkpt lat="44.38824" lon="-73.8606">
        <ele>701.56</ele>
        <time>2024-04-26T22:15:53Z</time>
      </trkpt>
      <trkpt lat="44.38825" lon="-73.86059">
        <ele>701.13</ele>
        <time>2024-04-26T22:15:54Z</time>
      </trkpt>
      <trkpt lat="44.38827" lon="-73.86058">
        <ele>700.16</ele>
        <time>2024-04-26T22:16:02Z</time>
      </trkpt>
      <trkpt lat="44.38827" lon="-73.86058">
        <ele>700.16</ele>
        <time>2024-04-26T22:16:03Z</time>
      </trkpt>
      <trkpt lat="44.38828" lon="-73.86053">
        <ele>699.88</ele>
        <time>2024-04-26T22:16:11Z</time>
      </trkpt>
      <trkpt lat="44.38829" lon="-73.86053">
        <ele>699.34</ele>
        <time>2024-04-26T22:16:12Z</time>
      </trkpt>
      <trkpt lat="44.38829" lon="-73.86052">
        <ele>699.34</ele>
        <time>2024-04-26T22:16:17Z</time>
      </trkpt>
      <trkpt lat="44.3883" lon="-73.86051">
        <ele>698.8</ele>
        <time>2024-04-26T22:16:20Z</time>
      </trkpt>
      <trkpt lat="44.38832" lon="-73.86049">
        <ele>697.72</ele>
        <time>2024-04-26T22:16:24Z</time>
      </trkpt>
      <trkpt lat="44.38832" lon="-73.86049">
        <ele>697.72</ele>
        <time>2024-04-26T22:16:29Z</time>
      </trkpt>
      <trkpt lat="44.38834" lon="-73.86048">
        <ele>696.64</ele>
        <time>2024-04-26T22:16:35Z</time>
      </trkpt>
      <trkpt lat="44.38834" lon="-73.86047">
        <ele>696.64</ele>
        <time>2024-04-26T22:16:36Z</time>
      </trkpt>
      <trkpt lat="44.38837" lon="-73.86044">
        <ele>695.02</ele>
        <time>2024-04-26T22:16:41Z</time>
      </trkpt>
      <trkpt lat="44.38838" lon="-73.86043">
        <ele>694.48</ele>
        <time>2024-04-26T22:16:43Z</time>
      </trkpt>
      <trkpt lat="44.38839" lon="-73.86044">
        <ele>693.94</ele>
        <time>2024-04-26T22:16:48Z</time>
      </trkpt>
      <trkpt lat="44.3884" lon="-73.86044">
        <ele>693.4</ele>
        <time>2024-04-26T22:16:50Z</time>
      </trkpt>
      <trkpt lat="44.38842" lon="-73.8604">
        <ele>692.32</ele>
        <time>2024-04-26T22:16:55Z</time>
      </trkpt>
      <trkpt lat="44.38845" lon="-73.86039">
        <ele>690.9</ele>
        <time>2024-04-26T22:17:00Z</time>
      </trkpt>
      <trkpt lat="44.38846" lon="-73.86038">
        <ele>690.49</ele>
        <time>2024-04-26T22:17:02Z</time>
      </trkpt>
      <trkpt lat="44.38847" lon="-73.86038">
        <ele>690.05</ele>
        <time>2024-04-26T22:17:08Z</time>
      </trkpt>
      <trkpt lat="44.38847" lon="-73.86038">
        <ele>690.05</ele>
        <time>2024-04-26T22:17:09Z</time>
      </trkpt>
      <trkpt lat="44.38848" lon="-73.86038">
        <ele>689.6</ele>
        <time>2024-04-26T22:17:15Z</time>
      </trkpt>
      <trkpt lat="44.38849" lon="-73.86037">
        <ele>689.23</ele>
        <time>2024-04-26T22:17:18Z</time>
      </trkpt>
      <trkpt lat="44.3885" lon="-73.86038">
        <ele>688.72</ele>
        <time>2024-04-26T22:17:22Z</time>
      </trkpt>
      <trkpt lat="44.38854" lon="-73.86037">
        <ele>686.84</ele>
        <time>2024-04-26T22:17:27Z</time>
      </trkpt>
      <trkpt lat="44.38854" lon="-73.86037">
        <ele>686.84</ele>
        <time>2024-04-26T22:17:29Z</time>
      </trkpt>
      <trkpt lat="44.38857" lon="-73.86035">
        <ele>685.22</ele>
        <time>2024-04-26T22:17:37Z</time>
      </trkpt>
      <trkpt lat="44.38858" lon="-73.86032">
        <ele>684.68</ele>
        <time>2024-04-26T22:17:45Z</time>
      </trkpt>
      <trkpt lat="44.38859" lon="-73.86031">
        <ele>684.14</ele>
        <time>2024-04-26T22:17:46Z</time>
      </trkpt>
      <trkpt lat="44.38861" lon="-73.8603">
        <ele>683.06</ele>
        <time>2024-04-26T22:17:52Z</time>
      </trkpt>
      <trkpt lat="44.38862" lon="-73.8603">
        <ele>682.62</ele>
        <time>2024-04-26T22:17:53Z</time>
      </trkpt>
      <trkpt lat="44.38863" lon="-73.86029">
        <ele>682.18</ele>
        <time>2024-04-26T22:17:58Z</time>
      </trkpt>
      <trkpt lat="44.38865" lon="-73.86029">
        <ele>681.32</ele>
        <time>2024-04-26T22:18:04Z</time>
      </trkpt>
      <trkpt lat="44.38866" lon="-73.86029">
        <ele>680.89</ele>
        <time>2024-04-26T22:18:06Z</time>
      </trkpt>
      <trkpt lat="44.38867" lon="-73.86026">
        <ele>680.46</ele>
        <time>2024-04-26T22:18:11Z</time>
      </trkpt>
      <trkpt lat="44.38869" lon="-73.86024">
        <ele>679.59</ele>
        <time>2024-04-26T22:18:15Z</time>
      </trkpt>
      <trkpt lat="44.3887" lon="-73.86023">
        <ele>679.16</ele>
        <time>2024-04-26T22:18:18Z</time>
      </trkpt>
      <trkpt lat="44.38872" lon="-73.86022">
        <ele>678.47</ele>
        <time>2024-04-26T22:18:24Z</time>
      </trkpt>
      <trkpt lat="44.38873" lon="-73.86021">
        <ele>678.15</ele>
        <time>2024-04-26T22:18:26Z</time>
      </trkpt>
      <trkpt lat="44.38875" lon="-73.86019">
        <ele>677.5</ele>
        <time>2024-04-26T22:18:33Z</time>
      </trkpt>
      <trkpt lat="44.38878" lon="-73.86019">
        <ele>676.53</ele>
        <time>2024-04-26T22:18:40Z</time>
      </trkpt>
      <trkpt lat="44.3888" lon="-73.86017">
        <ele>675.84</ele>
        <time>2024-04-26T22:18:43Z</time>
      </trkpt>
      <trkpt lat="44.38882" lon="-73.86016">
        <ele>674.98</ele>
        <time>2024-04-26T22:18:47Z</time>
      </trkpt>
      <trkpt lat="44.38884" lon="-73.86014">
        <ele>674.11</ele>
        <time>2024-04-26T22:18:51Z</time>
      </trkpt>
      <trkpt lat="44.38885" lon="-73.86013">
        <ele>673.68</ele>
        <time>2024-04-26T22:18:53Z</time>
      </trkpt>
      <trkpt lat="44.38884" lon="-73.86014">
        <ele>674.11</ele>
        <time>2024-04-26T22:18:58Z</time>
      </trkpt>
      <trkpt lat="44.38884" lon="-73.86014">
        <ele>674.11</ele>
        <time>2024-04-26T22:19:01Z</time>
      </trkpt>
      <trkpt lat="44.38888" lon="-73.86012">
        <ele>672.38</ele>
        <time>2024-04-26T22:19:06Z</time>
      </trkpt>
      <trkpt lat="44.38888" lon="-73.86012">
        <ele>672.38</ele>
        <time>2024-04-26T22:19:08Z</time>
      </trkpt>
      <trkpt lat="44.38889" lon="-73.86009">
        <ele>671.95</ele>
        <time>2024-04-26T22:19:13Z</time>
      </trkpt>
      <trkpt lat="44.38888" lon="-73.86008">
        <ele>672.37</ele>
        <time>2024-04-26T22:19:16Z</time>
      </trkpt>
      <trkpt lat="44.38888" lon="-73.8601">
        <ele>672.38</ele>
        <time>2024-04-26T22:19:22Z</time>
      </trkpt>
      <trkpt lat="44.38892" lon="-73.86007">
        <ele>670.66</ele>
        <time>2024-04-26T22:19:31Z</time>
      </trkpt>
      <trkpt lat="44.38892" lon="-73.86006">
        <ele>670.66</ele>
        <time>2024-04-26T22:19:32Z</time>
      </trkpt>
      <trkpt lat="44.38895" lon="-73.86005">
        <ele>669.36</ele>
        <time>2024-04-26T22:19:38Z</time>
      </trkpt>
      <trkpt lat="44.38896" lon="-73.86004">
        <ele>668.93</ele>
        <time>2024-04-26T22:19:40Z</time>
      </trkpt>
      <trkpt lat="44.38898" lon="-73.86002">
        <ele>668.06</ele>
        <time>2024-04-26T22:19:46Z</time>
      </trkpt>
      <trkpt lat="44.38898" lon="-73.86002">
        <ele>668.06</ele>
        <time>2024-04-26T22:19:48Z</time>
      </trkpt>
      <trkpt lat="44.38899" lon="-73.85999">
        <ele>667.62</ele>
        <time>2024-04-26T22:19:54Z</time>
      </trkpt>
      <trkpt lat="44.38899" lon="-73.85999">
        <ele>667.62</ele>
        <time>2024-04-26T22:19:55Z</time>
      </trkpt>
      <trkpt lat="44.38901" lon="-73.85997">
        <ele>666.67</ele>
        <time>2024-04-26T22:19:59Z</time>
      </trkpt>
      <trkpt lat="44.38903" lon="-73.85997">
        <ele>665.73</ele>
        <time>2024-04-26T22:20:02Z</time>
      </trkpt>
      <trkpt lat="44.38904" lon="-73.85996">
        <ele>665.2</ele>
        <time>2024-04-26T22:20:04Z</time>
      </trkpt>
      <trkpt lat="44.38906" lon="-73.85995">
        <ele>664.15</ele>
        <time>2024-04-26T22:20:10Z</time>
      </trkpt>
      <trkpt lat="44.38907" lon="-73.85993">
        <ele>663.45</ele>
        <time>2024-04-26T22:20:12Z</time>
      </trkpt>
      <trkpt lat="44.38907" lon="-73.85993">
        <ele>663.45</ele>
        <time>2024-04-26T22:20:17Z</time>
      </trkpt>
      <trkpt lat="44.38909" lon="-73.85992">
        <ele>662.42</ele>
        <time>2024-04-26T22:20:20Z</time>
      </trkpt>
      <trkpt lat="44.38909" lon="-73.85987">
        <ele>662.24</ele>
        <time>2024-04-26T22:20:26Z</time>
      </trkpt>
      <trkpt lat="44.38907" lon="-73.85985">
        <ele>663.19</ele>
        <time>2024-04-26T22:20:33Z</time>
      </trkpt>
      <trkpt lat="44.38909" lon="-73.85984">
        <ele>662.19</ele>
        <time>2024-04-26T22:20:38Z</time>
      </trkpt>
      <trkpt lat="44.38914" lon="-73.8598">
        <ele>659.28</ele>
        <time>2024-04-26T22:20:44Z</time>
      </trkpt>
      <trkpt lat="44.38915" lon="-73.85979">
        <ele>658.63</ele>
        <time>2024-04-26T22:20:46Z</time>
      </trkpt>
      <trkpt lat="44.38918" lon="-73.85976">
        <ele>656.83</ele>
        <time>2024-04-26T22:20:52Z</time>
      </trkpt>
      <trkpt lat="44.38918" lon="-73.85976">
        <ele>656.83</ele>
        <time>2024-04-26T22:20:53Z</time>
      </trkpt>
      <trkpt lat="44.38919" lon="-73.85977">
        <ele>656.51</ele>
        <time>2024-04-26T22:21:00Z</time>
      </trkpt>
      <trkpt lat="44.3892" lon="-73.85978">
        <ele>656.18</ele>
        <time>2024-04-26T22:21:03Z</time>
      </trkpt>
      <trkpt lat="44.38922" lon="-73.85978">
        <ele>655.32</ele>
        <time>2024-04-26T22:21:08Z</time>
      </trkpt>
      <trkpt lat="44.38926" lon="-73.85977">
        <ele>653.48</ele>
        <time>2024-04-26T22:21:12Z</time>
      </trkpt>
      <trkpt lat="44.38929" lon="-73.85973">
        <ele>651.73</ele>
        <time>2024-04-26T22:21:19Z</time>
      </trkpt>
      <trkpt lat="44.3893" lon="-73.85972">
        <ele>651.22</ele>
        <time>2024-04-26T22:21:20Z</time>
      </trkpt>
      <trkpt lat="44.3893" lon="-73.85973">
        <ele>651.29</ele>
        <time>2024-04-26T22:21:26Z</time>
      </trkpt>
      <trkpt lat="44.38928" lon="-73.85972">
        <ele>652.08</ele>
        <time>2024-04-26T22:21:34Z</time>
      </trkpt>
      <trkpt lat="44.38927" lon="-73.85972">
        <ele>652.51</ele>
        <time>2024-04-26T22:21:35Z</time>
      </trkpt>
      <trkpt lat="44.38925" lon="-73.85972">
        <ele>653.38</ele>
        <time>2024-04-26T22:21:42Z</time>
      </trkpt>
      <trkpt lat="44.38924" lon="-73.85971">
        <ele>653.7</ele>
        <time>2024-04-26T22:21:51Z</time>
      </trkpt>
      <trkpt lat="44.38927" lon="-73.85972">
        <ele>652.51</ele>
        <time>2024-04-26T22:21:58Z</time>
      </trkpt>
      <trkpt lat="44.3893" lon="-73.85972">
        <ele>651.22</ele>
        <time>2024-04-26T22:22:05Z</time>
      </trkpt>
      <trkpt lat="44.38933" lon="-73.85971">
        <ele>649.81</ele>
        <time>2024-04-26T22:22:10Z</time>
      </trkpt>
      <trkpt lat="44.38934" lon="-73.85971">
        <ele>649.38</ele>
        <time>2024-04-26T22:22:12Z</time>
      </trkpt>
      <trkpt lat="44.38938" lon="-73.85971">
        <ele>647.96</ele>
        <time>2024-04-26T22:22:21Z</time>
      </trkpt>
      <trkpt lat="44.3894" lon="-73.85969">
        <ele>647.09</ele>
        <time>2024-04-26T22:22:29Z</time>
      </trkpt>
      <trkpt lat="44.38941" lon="-73.85969">
        <ele>646.77</ele>
        <time>2024-04-26T22:22:31Z</time>
      </trkpt>
      <trkpt lat="44.38944" lon="-73.85967">
        <ele>645.58</ele>
        <time>2024-04-26T22:22:37Z</time>
      </trkpt>
      <trkpt lat="44.38944" lon="-73.85967">
        <ele>645.58</ele>
        <time>2024-04-26T22:22:39Z</time>
      </trkpt>
      <trkpt lat="44.38945" lon="-73.85967">
        <ele>645.23</ele>
        <time>2024-04-26T22:22:45Z</time>
      </trkpt>
      <trkpt lat="44.38946" lon="-73.85966">
        <ele>644.77</ele>
        <time>2024-04-26T22:22:47Z</time>
      </trkpt>
      <trkpt lat="44.38949" lon="-73.85963">
        <ele>643.53</ele>
        <time>2024-04-26T22:22:52Z</time>
      </trkpt>
      <trkpt lat="44.38951" lon="-73.85961">
        <ele>642.88</ele>
        <time>2024-04-26T22:22:56Z</time>
      </trkpt>
      <trkpt lat="44.38951" lon="-73.8596">
        <ele>642.88</ele>
        <time>2024-04-26T22:22:59Z</time>
      </trkpt>
      <trkpt lat="44.38953" lon="-73.85958">
        <ele>642.23</ele>
        <time>2024-04-26T22:23:03Z</time>
      </trkpt>
      <trkpt lat="44.38954" lon="-73.85959">
        <ele>641.89</ele>
        <time>2024-04-26T22:23:06Z</time>
      </trkpt>
      <trkpt lat="44.38957" lon="-73.85956">
        <ele>640.66</ele>
        <time>2024-04-26T22:23:11Z</time>
      </trkpt>
      <trkpt lat="44.38958" lon="-73.85955">
        <ele>640.21</ele>
        <time>2024-04-26T22:23:14Z</time>
      </trkpt>
      <trkpt lat="44.3896" lon="-73.85954">
        <ele>639.3</ele>
        <time>2024-04-26T22:23:18Z</time>
      </trkpt>
      <trkpt lat="44.38961" lon="-73.85953">
        <ele>638.83</ele>
        <time>2024-04-26T22:23:21Z</time>
      </trkpt>
      <trkpt lat="44.38962" lon="-73.85952">
        <ele>638.4</ele>
        <time>2024-04-26T22:23:26Z</time>
      </trkpt>
      <trkpt lat="44.38962" lon="-73.85952">
        <ele>638.4</ele>
        <time>2024-04-26T22:23:28Z</time>
      </trkpt>
      <trkpt lat="44.38965" lon="-73.85951">
        <ele>637.34</ele>
        <time>2024-04-26T22:23:35Z</time>
      </trkpt>
      <trkpt lat="44.38967" lon="-73.8595">
        <ele>636.69</ele>
        <time>2024-04-26T22:23:39Z</time>
      </trkpt>
      <trkpt lat="44.38967" lon="-73.8595">
        <ele>636.69</ele>
        <time>2024-04-26T22:23:44Z</time>
      </trkpt>
      <trkpt lat="44.38968" lon="-73.85949">
        <ele>636.37</ele>
        <time>2024-04-26T22:23:47Z</time>
      </trkpt>
      <trkpt lat="44.38971" lon="-73.85947">
        <ele>635.4</ele>
        <time>2024-04-26T22:23:53Z</time>
      </trkpt>
      <trkpt lat="44.38971" lon="-73.85947">
        <ele>635.4</ele>
        <time>2024-04-26T22:23:54Z</time>
      </trkpt>
      <trkpt lat="44.38974" lon="-73.85945">
        <ele>634.42</ele>
        <time>2024-04-26T22:23:59Z</time>
      </trkpt>
      <trkpt lat="44.38975" lon="-73.85942">
        <ele>633.84</ele>
        <time>2024-04-26T22:24:03Z</time>
      </trkpt>
      <trkpt lat="44.38977" lon="-73.8594">
        <ele>632.97</ele>
        <time>2024-04-26T22:24:08Z</time>
      </trkpt>
      <trkpt lat="44.38977" lon="-73.8594">
        <ele>632.97</ele>
        <time>2024-04-26T22:24:10Z</time>
      </trkpt>
      <trkpt lat="44.38978" lon="-73.8594">
        <ele>632.65</ele>
        <time>2024-04-26T22:24:13Z</time>
      </trkpt>
      <trkpt lat="44.38978" lon="-73.8594">
        <ele>632.65</ele>
        <time>2024-04-26T22:24:15Z</time>
      </trkpt>
      <trkpt lat="44.3898" lon="-73.85938">
        <ele>631.78</ele>
        <time>2024-04-26T22:24:21Z</time>
      </trkpt>
      <trkpt lat="44.38981" lon="-73.85938">
        <ele>631.46</ele>
        <time>2024-04-26T22:24:22Z</time>
      </trkpt>
      <trkpt lat="44.38983" lon="-73.85935">
        <ele>630.49</ele>
        <time>2024-04-26T22:24:28Z</time>
      </trkpt>
      <trkpt lat="44.38983" lon="-73.85936">
        <ele>630.6</ele>
        <time>2024-04-26T22:24:30Z</time>
      </trkpt>
      <trkpt lat="44.38985" lon="-73.85936">
        <ele>629.95</ele>
        <time>2024-04-26T22:24:34Z</time>
      </trkpt>
      <trkpt lat="44.38989" lon="-73.85933">
        <ele>628.52</ele>
        <time>2024-04-26T22:24:39Z</time>
      </trkpt>
      <trkpt lat="44.38992" lon="-73.85931">
        <ele>627.73</ele>
        <time>2024-04-26T22:24:44Z</time>
      </trkpt>
      <trkpt lat="44.38993" lon="-73.85929">
        <ele>627.51</ele>
        <time>2024-04-26T22:24:47Z</time>
      </trkpt>
      <trkpt lat="44.38995" lon="-73.85926">
        <ele>627.08</ele>
        <time>2024-04-26T22:24:51Z</time>
      </trkpt>
      <trkpt lat="44.38996" lon="-73.85925">
        <ele>626.81</ele>
        <time>2024-04-26T22:24:55Z</time>
      </trkpt>
      <trkpt lat="44.38997" lon="-73.85924">
        <ele>626.51</ele>
        <time>2024-04-26T22:24:58Z</time>
      </trkpt>
      <trkpt lat="44.38999" lon="-73.85923">
        <ele>625.93</ele>
        <time>2024-04-26T22:25:03Z</time>
      </trkpt>
      <trkpt lat="44.39001" lon="-73.85921">
        <ele>625.25</ele>
        <time>2024-04-26T22:25:06Z</time>
      </trkpt>
      <trkpt lat="44.39002" lon="-73.8592">
        <ele>624.93</ele>
        <time>2024-04-26T22:25:11Z</time>
      </trkpt>
      <trkpt lat="44.39003" lon="-73.85919">
        <ele>624.6</ele>
        <time>2024-04-26T22:25:14Z</time>
      </trkpt>
      <trkpt lat="44.39006" lon="-73.85918">
        <ele>623.85</ele>
        <time>2024-04-26T22:25:20Z</time>
      </trkpt>
      <trkpt lat="44.39011" lon="-73.85915">
        <ele>622.59</ele>
        <time>2024-04-26T22:25:30Z</time>
      </trkpt>
      <trkpt lat="44.39011" lon="-73.85914">
        <ele>622.57</ele>
        <time>2024-04-26T22:25:31Z</time>
      </trkpt>
      <trkpt lat="44.39015" lon="-73.85913">
        <ele>621.51</ele>
        <time>2024-04-26T22:25:38Z</time>
      </trkpt>
      <trkpt lat="44.39018" lon="-73.85912">
        <ele>620.64</ele>
        <time>2024-04-26T22:25:43Z</time>
      </trkpt>
      <trkpt lat="44.3902" lon="-73.85911">
        <ele>620.07</ele>
        <time>2024-04-26T22:25:47Z</time>
      </trkpt>
      <trkpt lat="44.39022" lon="-73.85908">
        <ele>619.31</ele>
        <time>2024-04-26T22:25:52Z</time>
      </trkpt>
      <trkpt lat="44.39023" lon="-73.85907">
        <ele>619.03</ele>
        <time>2024-04-26T22:25:53Z</time>
      </trkpt>
      <trkpt lat="44.39025" lon="-73.85904">
        <ele>618.6</ele>
        <time>2024-04-26T22:26:00Z</time>
      </trkpt>
      <trkpt lat="44.39025" lon="-73.85903">
        <ele>618.6</ele>
        <time>2024-04-26T22:26:01Z</time>
      </trkpt>
      <trkpt lat="44.39027" lon="-73.85899">
        <ele>618.17</ele>
        <time>2024-04-26T22:26:09Z</time>
      </trkpt>
      <trkpt lat="44.39028" lon="-73.85898">
        <ele>617.91</ele>
        <time>2024-04-26T22:26:11Z</time>
      </trkpt>
      <trkpt lat="44.3903" lon="-73.85898">
        <ele>617.27</ele>
        <time>2024-04-26T22:26:19Z</time>
      </trkpt>
      <trkpt lat="44.39029" lon="-73.85895">
        <ele>617.31</ele>
        <time>2024-04-26T22:26:27Z</time>
      </trkpt>
      <trkpt lat="44.3903" lon="-73.85894">
        <ele>616.94</ele>
        <time>2024-04-26T22:26:32Z</time>
      </trkpt>
      <trkpt lat="44.39029" lon="-73.85894">
        <ele>617.22</ele>
        <time>2024-04-26T22:26:34Z</time>
      </trkpt>
      <trkpt lat="44.39029" lon="-73.85894">
        <ele>617.22</ele>
        <time>2024-04-26T22:26:44Z</time>
      </trkpt>
      <trkpt lat="44.39031" lon="-73.85889">
        <ele>616.31</ele>
        <time>2024-04-26T22:26:51Z</time>
      </trkpt>
      <trkpt lat="44.39031" lon="-73.85889">
        <ele>616.31</ele>
        <time>2024-04-26T22:27:14Z</time>
      </trkpt>
      <trkpt lat="44.39032" lon="-73.85895">
        <ele>616.45</ele>
        <time>2024-04-26T22:27:26Z</time>
      </trkpt>
      <trkpt lat="44.39032" lon="-73.85894">
        <ele>616.39</ele>
        <time>2024-04-26T22:27:34Z</time>
      </trkpt>
      <trkpt lat="44.39033" lon="-73.85892">
        <ele>616.02</ele>
        <time>2024-04-26T22:27:40Z</time>
      </trkpt>
      <trkpt lat="44.39033" lon="-73.85892">
        <ele>616.02</ele>
        <time>2024-04-26T22:27:41Z</time>
      </trkpt>
      <trkpt lat="44.39034" lon="-73.85891">
        <ele>615.73</ele>
        <time>2024-04-26T22:27:49Z</time>
      </trkpt>
      <trkpt lat="44.39035" lon="-73.8589">
        <ele>615.47</ele>
        <time>2024-04-26T22:27:55Z</time>
      </trkpt>
      <trkpt lat="44.39035" lon="-73.85889">
        <ele>615.44</ele>
        <time>2024-04-26T22:27:56Z</time>
      </trkpt>
      <trkpt lat="44.39038" lon="-73.85886">
        <ele>614.41</ele>
        <time>2024-04-26T22:28:02Z</time>
      </trkpt>
      <trkpt lat="44.3904" lon="-73.85886">
        <ele>613.83</ele>
        <time>2024-04-26T22:28:06Z</time>
      </trkpt>
      <trkpt lat="44.3904" lon="-73.85886">
        <ele>613.83</ele>
        <time>2024-04-26T22:28:09Z</time>
      </trkpt>
      <trkpt lat="44.3904" lon="-73.85885">
        <ele>613.75</ele>
        <time>2024-04-26T22:28:14Z</time>
      </trkpt>
      <trkpt lat="44.3904" lon="-73.85884">
        <ele>613.68</ele>
        <time>2024-04-26T22:28:17Z</time>
      </trkpt>
      <trkpt lat="44.39041" lon="-73.8588">
        <ele>613.17</ele>
        <time>2024-04-26T22:28:22Z</time>
      </trkpt>
      <trkpt lat="44.39041" lon="-73.85881">
        <ele>613.23</ele>
        <time>2024-04-26T22:28:23Z</time>
      </trkpt>
      <trkpt lat="44.39043" lon="-73.85882">
        <ele>612.8</ele>
        <time>2024-04-26T22:28:32Z</time>
      </trkpt>
      <trkpt lat="44.39044" lon="-73.85881">
        <ele>612.53</ele>
        <time>2024-04-26T22:28:33Z</time>
      </trkpt>
      <trkpt lat="44.39046" lon="-73.8588">
        <ele>612.07</ele>
        <time>2024-04-26T22:28:41Z</time>
      </trkpt>
      <trkpt lat="44.39047" lon="-73.85878">
        <ele>611.85</ele>
        <time>2024-04-26T22:28:47Z</time>
      </trkpt>
      <trkpt lat="44.39049" lon="-73.85877">
        <ele>611.42</ele>
        <time>2024-04-26T22:28:51Z</time>
      </trkpt>
      <trkpt lat="44.39049" lon="-73.85876">
        <ele>611.42</ele>
        <time>2024-04-26T22:28:52Z</time>
      </trkpt>
      <trkpt lat="44.3905" lon="-73.85877">
        <ele>611.2</ele>
        <time>2024-04-26T22:28:57Z</time>
      </trkpt>
      <trkpt lat="44.39051" lon="-73.85876">
        <ele>610.98</ele>
        <time>2024-04-26T22:28:58Z</time>
      </trkpt>
      <trkpt lat="44.39055" lon="-73.85873">
        <ele>610.12</ele>
        <time>2024-04-26T22:29:05Z</time>
      </trkpt>
      <trkpt lat="44.39055" lon="-73.85873">
        <ele>610.12</ele>
        <time>2024-04-26T22:29:06Z</time>
      </trkpt>
      <trkpt lat="44.39057" lon="-73.85871">
        <ele>609.38</ele>
        <time>2024-04-26T22:29:13Z</time>
      </trkpt>
      <trkpt lat="44.39058" lon="-73.8587">
        <ele>608.91</ele>
        <time>2024-04-26T22:29:14Z</time>
      </trkpt>
      <trkpt lat="44.39058" lon="-73.85869">
        <ele>608.84</ele>
        <time>2024-04-26T22:29:19Z</time>
      </trkpt>
      <trkpt lat="44.39059" lon="-73.85868">
        <ele>608.35</ele>
        <time>2024-04-26T22:29:22Z</time>
      </trkpt>
      <trkpt lat="44.39059" lon="-73.85867">
        <ele>608.28</ele>
        <time>2024-04-26T22:29:23Z</time>
      </trkpt>
      <trkpt lat="44.39062" lon="-73.85865">
        <ele>607.04</ele>
        <time>2024-04-26T22:29:29Z</time>
      </trkpt>
      <trkpt lat="44.39062" lon="-73.85864">
        <ele>607.01</ele>
        <time>2024-04-26T22:29:30Z</time>
      </trkpt>
      <trkpt lat="44.39065" lon="-73.85864">
        <ele>605.93</ele>
        <time>2024-04-26T22:29:35Z</time>
      </trkpt>
      <trkpt lat="44.39066" lon="-73.85864">
        <ele>605.53</ele>
        <time>2024-04-26T22:29:39Z</time>
      </trkpt>
      <trkpt lat="44.39067" lon="-73.85863">
        <ele>605.1</ele>
        <time>2024-04-26T22:29:44Z</time>
      </trkpt>
      <trkpt lat="44.39067" lon="-73.85863">
        <ele>605.1</ele>
        <time>2024-04-26T22:29:45Z</time>
      </trkpt>
      <trkpt lat="44.39071" lon="-73.8586">
        <ele>603.33</ele>
        <time>2024-04-26T22:29:51Z</time>
      </trkpt>
      <trkpt lat="44.39072" lon="-73.8586">
        <ele>602.9</ele>
        <time>2024-04-26T22:29:52Z</time>
      </trkpt>
      <trkpt lat="44.39073" lon="-73.85858">
        <ele>602.46</ele>
        <time>2024-04-26T22:29:57Z</time>
      </trkpt>
      <trkpt lat="44.39074" lon="-73.85857">
        <ele>602.03</ele>
        <time>2024-04-26T22:29:59Z</time>
      </trkpt>
      <trkpt lat="44.39073" lon="-73.85856">
        <ele>602.46</ele>
        <time>2024-04-26T22:30:03Z</time>
      </trkpt>
      <trkpt lat="44.39074" lon="-73.85857">
        <ele>602.03</ele>
        <time>2024-04-26T22:30:07Z</time>
      </trkpt>
      <trkpt lat="44.39075" lon="-73.85857">
        <ele>601.7</ele>
        <time>2024-04-26T22:30:09Z</time>
      </trkpt>
      <trkpt lat="44.39081" lon="-73.85852">
        <ele>599.76</ele>
        <time>2024-04-26T22:30:16Z</time>
      </trkpt>
      <trkpt lat="44.39081" lon="-73.85852">
        <ele>599.76</ele>
        <time>2024-04-26T22:30:17Z</time>
      </trkpt>
      <trkpt lat="44.39084" lon="-73.85851">
        <ele>598.85</ele>
        <time>2024-04-26T22:30:24Z</time>
      </trkpt>
      <trkpt lat="44.39084" lon="-73.85851">
        <ele>598.85</ele>
        <time>2024-04-26T22:30:25Z</time>
      </trkpt>
      <trkpt lat="44.39085" lon="-73.85849">
        <ele>598.58</ele>
        <time>2024-04-26T22:30:32Z</time>
      </trkpt>
      <trkpt lat="44.39087" lon="-73.85847">
        <ele>598.0</ele>
        <time>2024-04-26T22:30:37Z</time>
      </trkpt>
      <trkpt lat="44.39087" lon="-73.85848">
        <ele>598.04</ele>
        <time>2024-04-26T22:30:39Z</time>
      </trkpt>
      <trkpt lat="44.39087" lon="-73.85849">
        <ele>598.09</ele>
        <time>2024-04-26T22:30:40Z</time>
      </trkpt>
      <trkpt lat="44.39088" lon="-73.85848">
        <ele>597.78</ele>
        <time>2024-04-26T22:30:46Z</time>
      </trkpt>
      <trkpt lat="44.3909" lon="-73.85847">
        <ele>597.18</ele>
        <time>2024-04-26T22:30:49Z</time>
      </trkpt>
      <trkpt lat="44.39093" lon="-73.85845">
        <ele>596.16</ele>
        <time>2024-04-26T22:30:53Z</time>
      </trkpt>
      <trkpt lat="44.39095" lon="-73.85843">
        <ele>595.51</ele>
        <time>2024-04-26T22:30:59Z</time>
      </trkpt>
      <trkpt lat="44.39095" lon="-73.85843">
        <ele>595.51</ele>
        <time>2024-04-26T22:31:00Z</time>
      </trkpt>
      <trkpt lat="44.39098" lon="-73.8584">
        <ele>594.83</ele>
        <time>2024-04-26T22:31:07Z</time>
      </trkpt>
      <trkpt lat="44.39098" lon="-73.8584">
        <ele>594.83</ele>
        <time>2024-04-26T22:31:11Z</time>
      </trkpt>
      <trkpt lat="44.39098" lon="-73.8584">
        <ele>594.83</ele>
        <time>2024-04-26T22:31:13Z</time>
      </trkpt>
      <trkpt lat="44.39099" lon="-73.85842">
        <ele>594.62</ele>
        <time>2024-04-26T22:31:20Z</time>
      </trkpt>
      <trkpt lat="44.39099" lon="-73.85842">
        <ele>594.62</ele>
        <time>2024-04-26T22:31:21Z</time>
      </trkpt>
      <trkpt lat="44.39101" lon="-73.85841">
        <ele>594.18</ele>
        <time>2024-04-26T22:31:28Z</time>
      </trkpt>
      <trkpt lat="44.39103" lon="-73.85841">
        <ele>593.63</ele>
        <time>2024-04-26T22:31:33Z</time>
      </trkpt>
      <trkpt lat="44.39108" lon="-73.85839">
        <ele>592.01</ele>
        <time>2024-04-26T22:31:40Z</time>
      </trkpt>
      <trkpt lat="44.39108" lon="-73.85839">
        <ele>592.01</ele>
        <time>2024-04-26T22:31:41Z</time>
      </trkpt>
      <trkpt lat="44.3911" lon="-73.85839">
        <ele>591.36</ele>
        <time>2024-04-26T22:31:47Z</time>
      </trkpt>
      <trkpt lat="44.39111" lon="-73.85838">
        <ele>591.04</ele>
        <time>2024-04-26T22:31:49Z</time>
      </trkpt>
      <trkpt lat="44.39113" lon="-73.85837">
        <ele>590.39</ele>
        <time>2024-04-26T22:31:55Z</time>
      </trkpt>
      <trkpt lat="44.39114" lon="-73.85837">
        <ele>590.06</ele>
        <time>2024-04-26T22:31:57Z</time>
      </trkpt>
      <trkpt lat="44.39117" lon="-73.85834">
        <ele>589.09</ele>
        <time>2024-04-26T22:32:02Z</time>
      </trkpt>
      <trkpt lat="44.39118" lon="-73.85833">
        <ele>588.77</ele>
        <time>2024-04-26T22:32:05Z</time>
      </trkpt>
      <trkpt lat="44.3912" lon="-73.85832">
        <ele>588.12</ele>
        <time>2024-04-26T22:32:08Z</time>
      </trkpt>
      <trkpt lat="44.39122" lon="-73.8583">
        <ele>587.47</ele>
        <time>2024-04-26T22:32:11Z</time>
      </trkpt>
      <trkpt lat="44.39121" lon="-73.8583">
        <ele>587.8</ele>
        <time>2024-04-26T22:32:16Z</time>
      </trkpt>
      <trkpt lat="44.39122" lon="-73.85829">
        <ele>587.47</ele>
        <time>2024-04-26T22:32:17Z</time>
      </trkpt>
      <trkpt lat="44.39125" lon="-73.85827">
        <ele>586.5</ele>
        <time>2024-04-26T22:32:24Z</time>
      </trkpt>
      <trkpt lat="44.39125" lon="-73.85827">
        <ele>586.5</ele>
        <time>2024-04-26T22:32:25Z</time>
      </trkpt>
      <trkpt lat="44.39126" lon="-73.85825">
        <ele>586.18</ele>
        <time>2024-04-26T22:32:31Z</time>
      </trkpt>
      <trkpt lat="44.39126" lon="-73.85824">
        <ele>586.18</ele>
        <time>2024-04-26T22:32:32Z</time>
      </trkpt>
      <trkpt lat="44.39129" lon="-73.8582">
        <ele>585.2</ele>
        <time>2024-04-26T22:32:39Z</time>
      </trkpt>
      <trkpt lat="44.3913" lon="-73.8582">
        <ele>584.84</ele>
        <time>2024-04-26T22:32:42Z</time>
      </trkpt>
      <trkpt lat="44.39131" lon="-73.8582">
        <ele>584.41</ele>
        <time>2024-04-26T22:32:47Z</time>
      </trkpt>
      <trkpt lat="44.39132" lon="-73.85819">
        <ele>583.98</ele>
        <time>2024-04-26T22:32:51Z</time>
      </trkpt>
      <trkpt lat="44.39133" lon="-73.85818">
        <ele>583.54</ele>
        <time>2024-04-26T22:32:54Z</time>
      </trkpt>
      <trkpt lat="44.39135" lon="-73.85815">
        <ele>582.68</ele>
        <time>2024-04-26T22:33:01Z</time>
      </trkpt>
      <trkpt lat="44.39135" lon="-73.85816">
        <ele>582.68</ele>
        <time>2024-04-26T22:33:04Z</time>
      </trkpt>
      <trkpt lat="44.39137" lon="-73.85814">
        <ele>581.8</ele>
        <time>2024-04-26T22:33:10Z</time>
      </trkpt>
      <trkpt lat="44.39137" lon="-73.85814">
        <ele>581.8</ele>
        <time>2024-04-26T22:33:11Z</time>
      </trkpt>
      <trkpt lat="44.3914" lon="-73.85812">
        <ele>580.64</ele>
        <time>2024-04-26T22:33:18Z</time>
      </trkpt>
      <trkpt lat="44.39141" lon="-73.85811">
        <ele>580.32</ele>
        <time>2024-04-26T22:33:20Z</time>
      </trkpt>
      <trkpt lat="44.39144" lon="-73.85812">
        <ele>579.34</ele>
        <time>2024-04-26T22:33:28Z</time>
      </trkpt>
      <trkpt lat="44.39148" lon="-73.85809">
        <ele>578.05</ele>
        <time>2024-04-26T22:33:35Z</time>
      </trkpt>
      <trkpt lat="44.39149" lon="-73.85809">
        <ele>577.82</ele>
        <time>2024-04-26T22:33:38Z</time>
      </trkpt>
      <trkpt lat="44.39152" lon="-73.85805">
        <ele>577.14</ele>
        <time>2024-04-26T22:33:44Z</time>
      </trkpt>
      <trkpt lat="44.39152" lon="-73.85804">
        <ele>577.1</ele>
        <time>2024-04-26T22:33:45Z</time>
      </trkpt>
      <trkpt lat="44.39155" lon="-73.85801">
        <ele>576.16</ele>
        <time>2024-04-26T22:33:53Z</time>
      </trkpt>
      <trkpt lat="44.39159" lon="-73.85796">
        <ele>574.65</ele>
        <time>2024-04-26T22:34:01Z</time>
      </trkpt>
      <trkpt lat="44.39163" lon="-73.8579">
        <ele>573.38</ele>
        <time>2024-04-26T22:34:11Z</time>
      </trkpt>
      <trkpt lat="44.39166" lon="-73.85787">
        <ele>572.22</ele>
        <time>2024-04-26T22:34:18Z</time>
      </trkpt>
      <trkpt lat="44.39172" lon="-73.85781">
        <ele>570.85</ele>
        <time>2024-04-26T22:34:24Z</time>
      </trkpt>
      <trkpt lat="44.39174" lon="-73.8578">
        <ele>570.42</ele>
        <time>2024-04-26T22:34:26Z</time>
      </trkpt>
      <trkpt lat="44.39175" lon="-73.85779">
        <ele>570.2</ele>
        <time>2024-04-26T22:34:28Z</time>
      </trkpt>
      <trkpt lat="44.39175" lon="-73.85778">
        <ele>570.2</ele>
        <time>2024-04-26T22:34:29Z</time>
      </trkpt>
      <trkpt lat="44.39181" lon="-73.85773">
        <ele>569.45</ele>
        <time>2024-04-26T22:34:37Z</time>
      </trkpt>
      <trkpt lat="44.39187" lon="-73.85769">
        <ele>569.01</ele>
        <time>2024-04-26T22:34:46Z</time>
      </trkpt>
      <trkpt lat="44.39194" lon="-73.85762">
        <ele>568.97</ele>
        <time>2024-04-26T22:34:54Z</time>
      </trkpt>
      <trkpt lat="44.392" lon="-73.85757">
        <ele>569.36</ele>
        <time>2024-04-26T22:35:00Z</time>
      </trkpt>
      <trkpt lat="44.392" lon="-73.85757">
        <ele>569.36</ele>
        <time>2024-04-26T22:35:01Z</time>
      </trkpt>
      <trkpt lat="44.39204" lon="-73.85753">
        <ele>569.36</ele>
        <time>2024-04-26T22:35:06Z</time>
      </trkpt>
      <trkpt lat="44.39206" lon="-73.85749">
        <ele>569.14</ele>
        <time>2024-04-26T22:35:10Z</time>
      </trkpt>
      <trkpt lat="44.39211" lon="-73.85744">
        <ele>569.14</ele>
        <time>2024-04-26T22:35:17Z</time>
      </trkpt>
      <trkpt lat="44.39214" lon="-73.85741">
        <ele>569.14</ele>
        <time>2024-04-26T22:35:21Z</time>
      </trkpt>
      <trkpt lat="44.39217" lon="-73.85738">
        <ele>569.14</ele>
        <time>2024-04-26T22:35:25Z</time>
      </trkpt>
      <trkpt lat="44.39219" lon="-73.85736">
        <ele>569.14</ele>
        <time>2024-04-26T22:35:28Z</time>
      </trkpt>
      <trkpt lat="44.39223" lon="-73.85732">
        <ele>569.22</ele>
        <time>2024-04-26T22:35:33Z</time>
      </trkpt>
      <trkpt lat="44.39227" lon="-73.85729">
        <ele>569.63</ele>
        <time>2024-04-26T22:35:39Z</time>
      </trkpt>
      <trkpt lat="44.39227" lon="-73.85729">
        <ele>569.63</ele>
        <time>2024-04-26T22:35:40Z</time>
      </trkpt>
      <trkpt lat="44.39228" lon="-73.85716">
        <ele>567.03</ele>
        <time>2024-04-26T22:35:48Z</time>
      </trkpt>
      <trkpt lat="44.3923" lon="-73.85711">
        <ele>566.26</ele>
        <time>2024-04-26T22:35:52Z</time>
      </trkpt>
      <trkpt lat="44.39231" lon="-73.85706">
        <ele>565.39</ele>
        <time>2024-04-26T22:35:56Z</time>
      </trkpt>
      <trkpt lat="44.39234" lon="-73.85698">
        <ele>564.58</ele>
        <time>2024-04-26T22:36:02Z</time>
      </trkpt>
      <trkpt lat="44.39235" lon="-73.85697">
        <ele>564.69</ele>
        <time>2024-04-26T22:36:04Z</time>
      </trkpt>
      <trkpt lat="44.3924" lon="-73.8569">
        <ele>564.8</ele>
        <time>2024-04-26T22:36:13Z</time>
      </trkpt>
      <trkpt lat="44.39247" lon="-73.8568">
        <ele>564.61</ele>
        <time>2024-04-26T22:36:22Z</time>
      </trkpt>
      <trkpt lat="44.39254" lon="-73.8567">
        <ele>564.58</ele>
        <time>2024-04-26T22:36:31Z</time>
      </trkpt>
      <trkpt lat="44.39258" lon="-73.85666">
        <ele>564.65</ele>
        <time>2024-04-26T22:36:36Z</time>
      </trkpt>
      <trkpt lat="44.3926" lon="-73.85665">
        <ele>564.98</ele>
        <time>2024-04-26T22:36:38Z</time>
      </trkpt>
      <trkpt lat="44.39266" lon="-73.85657">
        <ele>565.37</ele>
        <time>2024-04-26T22:36:47Z</time>
      </trkpt>
      <trkpt lat="44.39269" lon="-73.85654">
        <ele>565.37</ele>
        <time>2024-04-26T22:36:53Z</time>
      </trkpt>
      <trkpt lat="44.39271" lon="-73.85652">
        <ele>565.37</ele>
        <time>2024-04-26T22:36:55Z</time>
      </trkpt>
      <trkpt lat="44.39276" lon="-73.85647">
        <ele>565.37</ele>
        <time>2024-04-26T22:37:01Z</time>
      </trkpt>
      <trkpt lat="44.39281" lon="-73.8564">
        <ele>565.24</ele>
        <time>2024-04-26T22:37:08Z</time>
      </trkpt>
      <trkpt lat="44.39283" lon="-73.85639">
        <ele>565.71</ele>
        <time>2024-04-26T22:37:11Z</time>
      </trkpt>
      <trkpt lat="44.39285" lon="-73.85638">
        <ele>566.17</ele>
        <time>2024-04-26T22:37:14Z</time>
      </trkpt>
      <trkpt lat="44.39289" lon="-73.85633">
        <ele>566.07</ele>
        <time>2024-04-26T22:37:21Z</time>
      </trkpt>
      <trkpt lat="44.39294" lon="-73.8563">
        <ele>566.55</ele>
        <time>2024-04-26T22:37:29Z</time>
      </trkpt>
      <trkpt lat="44.39297" lon="-73.85629">
        <ele>566.95</ele>
        <time>2024-04-26T22:37:34Z</time>
      </trkpt>
      <trkpt lat="44.39299" lon="-73.8563">
        <ele>567.34</ele>
        <time>2024-04-26T22:37:36Z</time>
      </trkpt>
      <trkpt lat="44.39302" lon="-73.8563">
        <ele>567.68</ele>
        <time>2024-04-26T22:37:43Z</time>
      </trkpt>
      <trkpt lat="44.39304" lon="-73.85631">
        <ele>568.1</ele>
        <time>2024-04-26T22:37:45Z</time>
      </trkpt>
      <trkpt lat="44.39308" lon="-73.85633">
        <ele>569.16</ele>
        <time>2024-04-26T22:37:50Z</time>
      </trkpt>
      <trkpt lat="44.3931" lon="-73.85634">
        <ele>569.68</ele>
        <time>2024-04-26T22:37:52Z</time>
      </trkpt>
      <trkpt lat="44.39311" lon="-73.85635">
        <ele>569.99</ele>
        <time>2024-04-26T22:37:55Z</time>
      </trkpt>
      <trkpt lat="44.39314" lon="-73.8564">
        <ele>571.03</ele>
        <time>2024-04-26T22:38:02Z</time>
      </trkpt>
      <trkpt lat="44.39315" lon="-73.8564">
        <ele>571.14</ele>
        <time>2024-04-26T22:38:03Z</time>
      </trkpt>
      <trkpt lat="44.39318" lon="-73.85643">
        <ele>571.79</ele>
        <time>2024-04-26T22:38:09Z</time>
      </trkpt>
      <trkpt lat="44.3932" lon="-73.85645">
        <ele>572.22</ele>
        <time>2024-04-26T22:38:12Z</time>
      </trkpt>
      <trkpt lat="44.3932" lon="-73.85647">
        <ele>572.44</ele>
        <time>2024-04-26T22:38:14Z</time>
      </trkpt>
      <trkpt lat="44.39324" lon="-73.85652">
        <ele>573.41</ele>
        <time>2024-04-26T22:38:21Z</time>
      </trkpt>
      <trkpt lat="44.39331" lon="-73.85655">
        <ele>574.49</ele>
        <time>2024-04-26T22:38:30Z</time>
      </trkpt>
      <trkpt lat="44.39331" lon="-73.85655">
        <ele>574.49</ele>
        <time>2024-04-26T22:38:31Z</time>
      </trkpt>
      <trkpt lat="44.39338" lon="-73.85661">
        <ele>575.89</ele>
        <time>2024-04-26T22:38:39Z</time>
      </trkpt>
      <trkpt lat="44.39341" lon="-73.85663">
        <ele>576.43</ele>
        <time>2024-04-26T22:38:44Z</time>
      </trkpt>
      <trkpt lat="44.39342" lon="-73.85664">
        <ele>576.65</ele>
        <time>2024-04-26T22:38:46Z</time>
      </trkpt>
      <trkpt lat="44.3935" lon="-73.85669">
        <ele>577.45</ele>
        <time>2024-04-26T22:38:55Z</time>
      </trkpt>
      <trkpt lat="44.3935" lon="-73.85669">
        <ele>577.45</ele>
        <time>2024-04-26T22:38:56Z</time>
      </trkpt>
      <trkpt lat="44.39354" lon="-73.85672">
        <ele>578.25</ele>
        <time>2024-04-26T22:39:02Z</time>
      </trkpt>
      <trkpt lat="44.39358" lon="-73.85675">
        <ele>578.87</ele>
        <time>2024-04-26T22:39:06Z</time>
      </trkpt>
      <trkpt lat="44.39359" lon="-73.85677">
        <ele>579.21</ele>
        <time>2024-04-26T22:39:09Z</time>
      </trkpt>
      <trkpt lat="44.39364" lon="-73.85682">
        <ele>580.42</ele>
        <time>2024-04-26T22:39:15Z</time>
      </trkpt>
      <trkpt lat="44.39368" lon="-73.85687">
        <ele>581.34</ele>
        <time>2024-04-26T22:39:23Z</time>
      </trkpt>
      <trkpt lat="44.39369" lon="-73.85687">
        <ele>581.36</ele>
        <time>2024-04-26T22:39:24Z</time>
      </trkpt>
      <trkpt lat="44.39373" lon="-73.85692">
        <ele>582.76</ele>
        <time>2024-04-26T22:39:31Z</time>
      </trkpt>
      <trkpt lat="44.39373" lon="-73.85694">
        <ele>583.19</ele>
        <time>2024-04-26T22:39:33Z</time>
      </trkpt>
      <trkpt lat="44.39374" lon="-73.85697">
        <ele>583.84</ele>
        <time>2024-04-26T22:39:38Z</time>
      </trkpt>
      <trkpt lat="44.39376" lon="-73.85701">
        <ele>584.59</ele>
        <time>2024-04-26T22:39:42Z</time>
      </trkpt>
      <trkpt lat="44.39378" lon="-73.85703">
        <ele>584.91</ele>
        <time>2024-04-26T22:39:46Z</time>
      </trkpt>
      <trkpt lat="44.39385" lon="-73.85705">
        <ele>585.28</ele>
        <time>2024-04-26T22:39:53Z</time>
      </trkpt>
      <trkpt lat="44.39392" lon="-73.85709">
        <ele>586.29</ele>
        <time>2024-04-26T22:40:01Z</time>
      </trkpt>
      <trkpt lat="44.39397" lon="-73.8571">
        <ele>586.64</ele>
        <time>2024-04-26T22:40:06Z</time>
      </trkpt>
      <trkpt lat="44.39399" lon="-73.8571">
        <ele>586.68</ele>
        <time>2024-04-26T22:40:08Z</time>
      </trkpt>
      <trkpt lat="44.39406" lon="-73.85712">
        <ele>586.9</ele>
        <time>2024-04-26T22:40:17Z</time>
      </trkpt>
      <trkpt lat="44.39409" lon="-73.85715">
        <ele>587.44</ele>
        <time>2024-04-26T22:40:21Z</time>
      </trkpt>
      <trkpt lat="44.3941" lon="-73.85717">
        <ele>587.87</ele>
        <time>2024-04-26T22:40:24Z</time>
      </trkpt>
      <trkpt lat="44.39412" lon="-73.85718">
        <ele>588.09</ele>
        <time>2024-04-26T22:40:28Z</time>
      </trkpt>
      <trkpt lat="44.39413" lon="-73.8572">
        <ele>588.52</ele>
        <time>2024-04-26T22:40:31Z</time>
      </trkpt>
      <trkpt lat="44.39415" lon="-73.85724">
        <ele>589.38</ele>
        <time>2024-04-26T22:40:36Z</time>
      </trkpt>
      <trkpt lat="44.39416" lon="-73.85725">
        <ele>589.6</ele>
        <time>2024-04-26T22:40:39Z</time>
      </trkpt>
      <trkpt lat="44.39419" lon="-73.85729">
        <ele>590.28</ele>
        <time>2024-04-26T22:40:46Z</time>
      </trkpt>
      <trkpt lat="44.3942" lon="-73.8573">
        <ele>590.38</ele>
        <time>2024-04-26T22:40:48Z</time>
      </trkpt>
      <trkpt lat="44.39423" lon="-73.85731">
        <ele>590.25</ele>
        <time>2024-04-26T22:40:54Z</time>
      </trkpt>
      <trkpt lat="44.39425" lon="-73.85734">
        <ele>590.89</ele>
        <time>2024-04-26T22:40:58Z</time>
      </trkpt>
      <trkpt lat="44.39427" lon="-73.85737">
        <ele>591.79</ele>
        <time>2024-04-26T22:41:01Z</time>
      </trkpt>
      <trkpt lat="44.39429" lon="-73.85739">
        <ele>592.44</ele>
        <time>2024-04-26T22:41:04Z</time>
      </trkpt>
      <trkpt lat="44.39431" lon="-73.85742">
        <ele>593.41</ele>
        <time>2024-04-26T22:41:08Z</time>
      </trkpt>
      <trkpt lat="44.39431" lon="-73.85742">
        <ele>593.41</ele>
        <time>2024-04-26T22:41:09Z</time>
      </trkpt>
      <trkpt lat="44.39432" lon="-73.85743">
        <ele>593.73</ele>
        <time>2024-04-26T22:41:12Z</time>
      </trkpt>
      <trkpt lat="44.39433" lon="-73.85744">
        <ele>594.06</ele>
        <time>2024-04-26T22:41:14Z</time>
      </trkpt>
      <trkpt lat="44.39435" lon="-73.85747">
        <ele>595.03</ele>
        <time>2024-04-26T22:41:17Z</time>
      </trkpt>
      <trkpt lat="44.39438" lon="-73.8575">
        <ele>595.7</ele>
        <time>2024-04-26T22:41:22Z</time>
      </trkpt>
      <trkpt lat="44.3944" lon="-73.85751">
        <ele>595.75</ele>
        <time>2024-04-26T22:41:26Z</time>
      </trkpt>
      <trkpt lat="44.39442" lon="-73.85754">
        <ele>596.45</ele>
        <time>2024-04-26T22:41:30Z</time>
      </trkpt>
      <trkpt lat="44.39443" lon="-73.85754">
        <ele>596.38</ele>
        <time>2024-04-26T22:41:34Z</time>
      </trkpt>
      <trkpt lat="44.39444" lon="-73.85755">
        <ele>596.64</ele>
        <time>2024-04-26T22:41:35Z</time>
      </trkpt>
      <trkpt lat="44.39445" lon="-73.85756">
        <ele>596.91</ele>
        <time>2024-04-26T22:41:39Z</time>
      </trkpt>
      <trkpt lat="44.39445" lon="-73.85759">
        <ele>597.86</ele>
        <time>2024-04-26T22:41:43Z</time>
      </trkpt>
      <trkpt lat="44.39445" lon="-73.85758">
        <ele>597.54</ele>
        <time>2024-04-26T22:41:47Z</time>
      </trkpt>
      <trkpt lat="44.39444" lon="-73.85764">
        <ele>599.02</ele>
        <time>2024-04-26T22:41:55Z</time>
      </trkpt>
      <trkpt lat="44.39443" lon="-73.85767">
        <ele>599.67</ele>
        <time>2024-04-26T22:42:01Z</time>
      </trkpt>
      <trkpt lat="44.39443" lon="-73.8577">
        <ele>600.16</ele>
        <time>2024-04-26T22:42:04Z</time>
      </trkpt>
      <trkpt lat="44.39442" lon="-73.85773">
        <ele>600.48</ele>
        <time>2024-04-26T22:42:10Z</time>
      </trkpt>
      <trkpt lat="44.39442" lon="-73.85778">
        <ele>601.02</ele>
        <time>2024-04-26T22:42:21Z</time>
      </trkpt>
    </trkseg>
  </trk>
</gpx>
