<?xml version="1.0"?>
<gpx xmlns="http://www.topografix.com/GPX/1/1" xmlns:xsi="http://www.w3.org/2001/XMLSchema-instance" version="1.1" creator="AllTrails.com" xsi:schemaLocation="http://www.topografix.com/GPX/1/1 http://www.topografix.com/GPX/1/1/gpx.xsd">
  <metadata>
    <name><![CDATA[Keene Hiking]]></name>
    <desc><![CDATA[]]></desc>
    <link href="http://www.alltrails.com">
      <text>AllTrails, LLC</text>
    </link>
    <bounds minlat="44.13812" minlon="-73.74373" maxlat="44.16117" maxlon="-73.71985"/>
  </metadata>
  <trk>
    <name><![CDATA[Keene Hiking]]></name>
    <src>AllTrails</src>
    <trkseg>
      <trkpt lat="44.13842" lon="-73.74373">
        <ele>492.0</ele>
        <time>2026-04-11T13:06:28Z</time>
      </trkpt>
      <trkpt lat="44.13843" lon="-73.74372">
        <ele>491.96</ele>
        <time>2026-04-11T13:06:29Z</time>
      </trkpt>
      <trkpt lat="44.13843" lon="-73.7437">
        <ele>491.92</ele>
        <time>2026-04-11T13:06:31Z</time>
      </trkpt>
      <trkpt lat="44.13844" lon="-73.74366">
        <ele>491.45</ele>
        <time>2026-04-11T13:06:34Z</time>
      </trkpt>
      <trkpt lat="44.13845" lon="-73.7436">
        <ele>490.97</ele>
        <time>2026-04-11T13:06:40Z</time>
      </trkpt>
      <trkpt lat="44.13847" lon="-73.74355">
        <ele>490.69</ele>
        <time>2026-04-11T13:06:51Z</time>
      </trkpt>
      <trkpt lat="44.13846" lon="-73.74346">
        <ele>490.23</ele>
        <time>2026-04-11T13:06:57Z</time>
      </trkpt>
      <trkpt lat="44.13846" lon="-73.74339">
        <ele>490.0</ele>
        <time>2026-04-11T13:07:03Z</time>
      </trkpt>
      <trkpt lat="44.13848" lon="-73.74335">
        <ele>490.0</ele>
        <time>2026-04-11T13:07:06Z</time>
      </trkpt>
      <trkpt lat="44.1385" lon="-73.74331">
        <ele>490.0</ele>
        <time>2026-04-11T13:07:09Z</time>
      </trkpt>
      <trkpt lat="44.13851" lon="-73.74329">
        <ele>490.0</ele>
        <time>2026-04-11T13:07:15Z</time>
      </trkpt>
      <trkpt lat="44.13852" lon="-73.74329">
        <ele>490.0</ele>
        <time>2026-04-11T13:07:22Z</time>
      </trkpt>
      <trkpt lat="44.13852" lon="-73.74329">
        <ele>490.0</ele>
        <time>2026-04-11T13:07:23Z</time>
      </trkpt>
      <trkpt lat="44.13849" lon="-73.74328">
        <ele>490.0</ele>
        <time>2026-04-11T13:08:26Z</time>
      </trkpt>
      <trkpt lat="44.1385" lon="-73.74328">
        <ele>490.0</ele>
        <time>2026-04-11T13:08:27Z</time>
      </trkpt>
      <trkpt lat="44.13852" lon="-73.74325">
        <ele>490.0</ele>
        <time>2026-04-11T13:08:33Z</time>
      </trkpt>
      <trkpt lat="44.13853" lon="-73.74323">
        <ele>490.12</ele>
        <time>2026-04-11T13:08:34Z</time>
      </trkpt>
      <trkpt lat="44.13854" lon="-73.74321">
        <ele>490.33</ele>
        <time>2026-04-11T13:08:36Z</time>
      </trkpt>
      <trkpt lat="44.13858" lon="-73.7432">
        <ele>490.44</ele>
        <time>2026-04-11T13:08:41Z</time>
      </trkpt>
      <trkpt lat="44.1386" lon="-73.7432">
        <ele>490.44</ele>
        <time>2026-04-11T13:08:44Z</time>
      </trkpt>
      <trkpt lat="44.13864" lon="-73.74318">
        <ele>490.66</ele>
        <time>2026-04-11T13:08:49Z</time>
      </trkpt>
      <trkpt lat="44.13865" lon="-73.74318">
        <ele>490.66</ele>
        <time>2026-04-11T13:08:50Z</time>
      </trkpt>
      <trkpt lat="44.13868" lon="-73.74318">
        <ele>490.66</ele>
        <time>2026-04-11T13:08:53Z</time>
      </trkpt>
      <trkpt lat="44.13871" lon="-73.74314">
        <ele>491.18</ele>
        <time>2026-04-11T13:08:56Z</time>
      </trkpt>
      <trkpt lat="44.13873" lon="-73.74312">
        <ele>491.61</ele>
        <time>2026-04-11T13:08:59Z</time>
      </trkpt>
      <trkpt lat="44.13877" lon="-73.7431">
        <ele>492.04</ele>
        <time>2026-04-11T13:09:03Z</time>
      </trkpt>
      <trkpt lat="44.13878" lon="-73.7431">
        <ele>492.04</ele>
        <time>2026-04-11T13:09:05Z</time>
      </trkpt>
      <trkpt lat="44.13884" lon="-73.74307">
        <ele>492.61</ele>
        <time>2026-04-11T13:09:10Z</time>
      </trkpt>
      <trkpt lat="44.13888" lon="-73.743">
        <ele>494.2</ele>
        <time>2026-04-11T13:09:18Z</time>
      </trkpt>
      <trkpt lat="44.13891" lon="-73.74295">
        <ele>495.7</ele>
        <time>2026-04-11T13:09:24Z</time>
      </trkpt>
      <trkpt lat="44.13894" lon="-73.74292">
        <ele>496.78</ele>
        <time>2026-04-11T13:09:27Z</time>
      </trkpt>
      <trkpt lat="44.13895" lon="-73.74288">
        <ele>497.52</ele>
        <time>2026-04-11T13:09:31Z</time>
      </trkpt>
      <trkpt lat="44.13895" lon="-73.74286">
        <ele>497.88</ele>
        <time>2026-04-11T13:09:32Z</time>
      </trkpt>
      <trkpt lat="44.13895" lon="-73.74284">
        <ele>498.32</ele>
        <time>2026-04-11T13:09:36Z</time>
      </trkpt>
      <trkpt lat="44.13895" lon="-73.74283">
        <ele>498.53</ele>
        <time>2026-04-11T13:09:37Z</time>
      </trkpt>
      <trkpt lat="44.13896" lon="-73.74278">
        <ele>499.72</ele>
        <time>2026-04-11T13:09:41Z</time>
      </trkpt>
      <trkpt lat="44.13896" lon="-73.74274">
        <ele>500.49</ele>
        <time>2026-04-11T13:09:43Z</time>
      </trkpt>
      <trkpt lat="44.13894" lon="-73.74271">
        <ele>500.69</ele>
        <time>2026-04-11T13:09:48Z</time>
      </trkpt>
      <trkpt lat="44.13892" lon="-73.74268">
        <ele>500.78</ele>
        <time>2026-04-11T13:09:51Z</time>
      </trkpt>
      <trkpt lat="44.13888" lon="-73.74262">
        <ele>501.5</ele>
        <time>2026-04-11T13:09:57Z</time>
      </trkpt>
      <trkpt lat="44.13887" lon="-73.74261">
        <ele>501.83</ele>
        <time>2026-04-11T13:09:58Z</time>
      </trkpt>
      <trkpt lat="44.13886" lon="-73.74259">
        <ele>502.39</ele>
        <time>2026-04-11T13:10:01Z</time>
      </trkpt>
      <trkpt lat="44.13886" lon="-73.74257">
        <ele>502.97</ele>
        <time>2026-04-11T13:10:03Z</time>
      </trkpt>
      <trkpt lat="44.13886" lon="-73.74256">
        <ele>503.26</ele>
        <time>2026-04-11T13:10:04Z</time>
      </trkpt>
      <trkpt lat="44.13885" lon="-73.74254">
        <ele>503.89</ele>
        <time>2026-04-11T13:10:07Z</time>
      </trkpt>
      <trkpt lat="44.13881" lon="-73.74246">
        <ele>505.86</ele>
        <time>2026-04-11T13:10:16Z</time>
      </trkpt>
      <trkpt lat="44.13878" lon="-73.74236">
        <ele>507.69</ele>
        <time>2026-04-11T13:10:23Z</time>
      </trkpt>
      <trkpt lat="44.13878" lon="-73.74235">
        <ele>507.8</ele>
        <time>2026-04-11T13:10:24Z</time>
      </trkpt>
      <trkpt lat="44.13879" lon="-73.74227">
        <ele>508.55</ele>
        <time>2026-04-11T13:10:31Z</time>
      </trkpt>
      <trkpt lat="44.13879" lon="-73.74226">
        <ele>508.66</ele>
        <time>2026-04-11T13:10:32Z</time>
      </trkpt>
      <trkpt lat="44.13882" lon="-73.7422">
        <ele>509.18</ele>
        <time>2026-04-11T13:10:40Z</time>
      </trkpt>
      <trkpt lat="44.13885" lon="-73.74218">
        <ele>509.19</ele>
        <time>2026-04-11T13:10:47Z</time>
      </trkpt>
      <trkpt lat="44.13885" lon="-73.74217">
        <ele>509.24</ele>
        <time>2026-04-11T13:10:48Z</time>
      </trkpt>
      <trkpt lat="44.13889" lon="-73.74211">
        <ele>509.24</ele>
        <time>2026-04-11T13:10:55Z</time>
      </trkpt>
      <trkpt lat="44.1389" lon="-73.74209">
        <ele>509.67</ele>
        <time>2026-04-11T13:10:57Z</time>
      </trkpt>
      <trkpt lat="44.1389" lon="-73.74204">
        <ele>510.21</ele>
        <time>2026-04-11T13:11:00Z</time>
      </trkpt>
      <trkpt lat="44.1389" lon="-73.74197">
        <ele>511.69</ele>
        <time>2026-04-11T13:11:05Z</time>
      </trkpt>
      <trkpt lat="44.13892" lon="-73.74191">
        <ele>513.42</ele>
        <time>2026-04-11T13:11:11Z</time>
      </trkpt>
      <trkpt lat="44.13892" lon="-73.74191">
        <ele>513.42</ele>
        <time>2026-04-11T13:11:13Z</time>
      </trkpt>
      <trkpt lat="44.13893" lon="-73.74189">
        <ele>514.06</ele>
        <time>2026-04-11T13:11:16Z</time>
      </trkpt>
      <trkpt lat="44.13893" lon="-73.74186">
        <ele>514.71</ele>
        <time>2026-04-11T13:11:20Z</time>
      </trkpt>
      <trkpt lat="44.13893" lon="-73.74179">
        <ele>515.93</ele>
        <time>2026-04-11T13:11:26Z</time>
      </trkpt>
      <trkpt lat="44.13893" lon="-73.74178">
        <ele>516.1</ele>
        <time>2026-04-11T13:11:27Z</time>
      </trkpt>
      <trkpt lat="44.13894" lon="-73.7417">
        <ele>517.19</ele>
        <time>2026-04-11T13:11:33Z</time>
      </trkpt>
      <trkpt lat="44.13894" lon="-73.74167">
        <ele>517.52</ele>
        <time>2026-04-11T13:11:35Z</time>
      </trkpt>
      <trkpt lat="44.13895" lon="-73.74158">
        <ele>518.6</ele>
        <time>2026-04-11T13:11:40Z</time>
      </trkpt>
      <trkpt lat="44.13895" lon="-73.74156">
        <ele>518.76</ele>
        <time>2026-04-11T13:11:43Z</time>
      </trkpt>
      <trkpt lat="44.13895" lon="-73.74152">
        <ele>519.05</ele>
        <time>2026-04-11T13:11:47Z</time>
      </trkpt>
      <trkpt lat="44.13895" lon="-73.74151">
        <ele>519.12</ele>
        <time>2026-04-11T13:11:48Z</time>
      </trkpt>
      <trkpt lat="44.13895" lon="-73.7415">
        <ele>519.19</ele>
        <time>2026-04-11T13:11:49Z</time>
      </trkpt>
      <trkpt lat="44.13895" lon="-73.74148">
        <ele>519.33</ele>
        <time>2026-04-11T13:11:50Z</time>
      </trkpt>
      <trkpt lat="44.13895" lon="-73.74147">
        <ele>519.36</ele>
        <time>2026-04-11T13:11:52Z</time>
      </trkpt>
      <trkpt lat="44.13895" lon="-73.74141">
        <ele>519.58</ele>
        <time>2026-04-11T13:11:58Z</time>
      </trkpt>
      <trkpt lat="44.13895" lon="-73.74139">
        <ele>519.66</ele>
        <time>2026-04-11T13:12:00Z</time>
      </trkpt>
      <trkpt lat="44.13895" lon="-73.74137">
        <ele>520.0</ele>
        <time>2026-04-11T13:12:03Z</time>
      </trkpt>
      <trkpt lat="44.13895" lon="-73.74136">
        <ele>520.18</ele>
        <time>2026-04-11T13:12:04Z</time>
      </trkpt>
      <trkpt lat="44.13896" lon="-73.74133">
        <ele>520.89</ele>
        <time>2026-04-11T13:12:09Z</time>
      </trkpt>
      <trkpt lat="44.13896" lon="-73.74133">
        <ele>520.89</ele>
        <time>2026-04-11T13:12:10Z</time>
      </trkpt>
      <trkpt lat="44.13896" lon="-73.74126">
        <ele>522.92</ele>
        <time>2026-04-11T13:12:15Z</time>
      </trkpt>
      <trkpt lat="44.13896" lon="-73.74122">
        <ele>524.45</ele>
        <time>2026-04-11T13:12:18Z</time>
      </trkpt>
      <trkpt lat="44.13898" lon="-73.74118">
        <ele>526.46</ele>
        <time>2026-04-11T13:12:24Z</time>
      </trkpt>
      <trkpt lat="44.13898" lon="-73.74117">
        <ele>526.68</ele>
        <time>2026-04-11T13:12:25Z</time>
      </trkpt>
      <trkpt lat="44.13897" lon="-73.74111">
        <ele>527.79</ele>
        <time>2026-04-11T13:12:32Z</time>
      </trkpt>
      <trkpt lat="44.13897" lon="-73.7411">
        <ele>528.1</ele>
        <time>2026-04-11T13:12:33Z</time>
      </trkpt>
      <trkpt lat="44.13896" lon="-73.74107">
        <ele>528.76</ele>
        <time>2026-04-11T13:12:37Z</time>
      </trkpt>
      <trkpt lat="44.13896" lon="-73.74104">
        <ele>529.66</ele>
        <time>2026-04-11T13:12:41Z</time>
      </trkpt>
      <trkpt lat="44.13896" lon="-73.74103">
        <ele>529.96</ele>
        <time>2026-04-11T13:12:43Z</time>
      </trkpt>
      <trkpt lat="44.13896" lon="-73.74101">
        <ele>530.51</ele>
        <time>2026-04-11T13:12:48Z</time>
      </trkpt>
      <trkpt lat="44.13896" lon="-73.74101">
        <ele>530.51</ele>
        <time>2026-04-11T13:12:49Z</time>
      </trkpt>
      <trkpt lat="44.13898" lon="-73.74098">
        <ele>531.79</ele>
        <time>2026-04-11T13:12:55Z</time>
      </trkpt>
      <trkpt lat="44.13899" lon="-73.74098">
        <ele>532.24</ele>
        <time>2026-04-11T13:12:58Z</time>
      </trkpt>
      <trkpt lat="44.139" lon="-73.74096">
        <ele>533.19</ele>
        <time>2026-04-11T13:13:02Z</time>
      </trkpt>
      <trkpt lat="44.139" lon="-73.74097">
        <ele>532.95</ele>
        <time>2026-04-11T13:13:04Z</time>
      </trkpt>
      <trkpt lat="44.139" lon="-73.74096">
        <ele>533.19</ele>
        <time>2026-04-11T13:13:06Z</time>
      </trkpt>
      <trkpt lat="44.13899" lon="-73.74092">
        <ele>533.65</ele>
        <time>2026-04-11T13:13:11Z</time>
      </trkpt>
      <trkpt lat="44.13898" lon="-73.74088">
        <ele>534.46</ele>
        <time>2026-04-11T13:13:16Z</time>
      </trkpt>
      <trkpt lat="44.13897" lon="-73.74087">
        <ele>534.56</ele>
        <time>2026-04-11T13:13:18Z</time>
      </trkpt>
      <trkpt lat="44.13898" lon="-73.74085">
        <ele>535.43</ele>
        <time>2026-04-11T13:13:20Z</time>
      </trkpt>
      <trkpt lat="44.13898" lon="-73.74083">
        <ele>536.08</ele>
        <time>2026-04-11T13:13:23Z</time>
      </trkpt>
      <trkpt lat="44.13898" lon="-73.74081">
        <ele>536.72</ele>
        <time>2026-04-11T13:13:28Z</time>
      </trkpt>
      <trkpt lat="44.13898" lon="-73.74072">
        <ele>539.64</ele>
        <time>2026-04-11T13:13:38Z</time>
      </trkpt>
      <trkpt lat="44.13896" lon="-73.74069">
        <ele>540.05</ele>
        <time>2026-04-11T13:13:45Z</time>
      </trkpt>
      <trkpt lat="44.13895" lon="-73.74069">
        <ele>539.78</ele>
        <time>2026-04-11T13:13:46Z</time>
      </trkpt>
      <trkpt lat="44.13894" lon="-73.74069">
        <ele>539.5</ele>
        <time>2026-04-11T13:13:47Z</time>
      </trkpt>
      <trkpt lat="44.13893" lon="-73.74068">
        <ele>539.49</ele>
        <time>2026-04-11T13:13:54Z</time>
      </trkpt>
      <trkpt lat="44.13892" lon="-73.74067">
        <ele>539.46</ele>
        <time>2026-04-11T13:13:56Z</time>
      </trkpt>
      <trkpt lat="44.13892" lon="-73.74065">
        <ele>539.96</ele>
        <time>2026-04-11T13:14:00Z</time>
      </trkpt>
      <trkpt lat="44.13891" lon="-73.74065">
        <ele>539.64</ele>
        <time>2026-04-11T13:14:04Z</time>
      </trkpt>
      <trkpt lat="44.13891" lon="-73.74063">
        <ele>540.27</ele>
        <time>2026-04-11T13:14:08Z</time>
      </trkpt>
      <trkpt lat="44.1389" lon="-73.74062">
        <ele>540.27</ele>
        <time>2026-04-11T13:14:10Z</time>
      </trkpt>
      <trkpt lat="44.13887" lon="-73.74061">
        <ele>540.73</ele>
        <time>2026-04-11T13:14:18Z</time>
      </trkpt>
      <trkpt lat="44.13886" lon="-73.74062">
        <ele>540.63</ele>
        <time>2026-04-11T13:14:20Z</time>
      </trkpt>
      <trkpt lat="44.13886" lon="-73.74062">
        <ele>540.63</ele>
        <time>2026-04-11T13:14:25Z</time>
      </trkpt>
      <trkpt lat="44.13885" lon="-73.74061">
        <ele>541.25</ele>
        <time>2026-04-11T13:14:28Z</time>
      </trkpt>
      <trkpt lat="44.13885" lon="-73.7406">
        <ele>541.62</ele>
        <time>2026-04-11T13:14:29Z</time>
      </trkpt>
      <trkpt lat="44.13884" lon="-73.74057">
        <ele>543.03</ele>
        <time>2026-04-11T13:14:37Z</time>
      </trkpt>
      <trkpt lat="44.13882" lon="-73.74052">
        <ele>545.87</ele>
        <time>2026-04-11T13:14:44Z</time>
      </trkpt>
      <trkpt lat="44.13883" lon="-73.7405">
        <ele>546.53</ele>
        <time>2026-04-11T13:14:49Z</time>
      </trkpt>
      <trkpt lat="44.13883" lon="-73.74048">
        <ele>547.47</ele>
        <time>2026-04-11T13:14:51Z</time>
      </trkpt>
      <trkpt lat="44.13883" lon="-73.74047">
        <ele>547.94</ele>
        <time>2026-04-11T13:14:52Z</time>
      </trkpt>
      <trkpt lat="44.1388" lon="-73.74043">
        <ele>550.0</ele>
        <time>2026-04-11T13:14:59Z</time>
      </trkpt>
      <trkpt lat="44.13879" lon="-73.74043">
        <ele>550.18</ele>
        <time>2026-04-11T13:15:00Z</time>
      </trkpt>
      <trkpt lat="44.13877" lon="-73.74041">
        <ele>551.12</ele>
        <time>2026-04-11T13:15:07Z</time>
      </trkpt>
      <trkpt lat="44.13877" lon="-73.7404">
        <ele>551.41</ele>
        <time>2026-04-11T13:15:08Z</time>
      </trkpt>
      <trkpt lat="44.13876" lon="-73.74037">
        <ele>552.4</ele>
        <time>2026-04-11T13:15:12Z</time>
      </trkpt>
      <trkpt lat="44.13874" lon="-73.74036">
        <ele>552.72</ele>
        <time>2026-04-11T13:15:15Z</time>
      </trkpt>
      <trkpt lat="44.1387" lon="-73.74033">
        <ele>553.44</ele>
        <time>2026-04-11T13:15:21Z</time>
      </trkpt>
      <trkpt lat="44.13869" lon="-73.7403">
        <ele>553.76</ele>
        <time>2026-04-11T13:15:26Z</time>
      </trkpt>
      <trkpt lat="44.13868" lon="-73.74027">
        <ele>554.15</ele>
        <time>2026-04-11T13:15:30Z</time>
      </trkpt>
      <trkpt lat="44.13866" lon="-73.74023">
        <ele>554.79</ele>
        <time>2026-04-11T13:15:36Z</time>
      </trkpt>
      <trkpt lat="44.13865" lon="-73.74021">
        <ele>555.04</ele>
        <time>2026-04-11T13:15:38Z</time>
      </trkpt>
      <trkpt lat="44.13863" lon="-73.74018">
        <ele>555.3</ele>
        <time>2026-04-11T13:15:44Z</time>
      </trkpt>
      <trkpt lat="44.13863" lon="-73.74017">
        <ele>555.5</ele>
        <time>2026-04-11T13:15:46Z</time>
      </trkpt>
      <trkpt lat="44.13862" lon="-73.74016">
        <ele>555.61</ele>
        <time>2026-04-11T13:15:47Z</time>
      </trkpt>
      <trkpt lat="44.13862" lon="-73.74015">
        <ele>555.82</ele>
        <time>2026-04-11T13:15:51Z</time>
      </trkpt>
      <trkpt lat="44.13861" lon="-73.74013">
        <ele>556.18</ele>
        <time>2026-04-11T13:15:55Z</time>
      </trkpt>
      <trkpt lat="44.13859" lon="-73.74011">
        <ele>556.44</ele>
        <time>2026-04-11T13:16:00Z</time>
      </trkpt>
      <trkpt lat="44.13858" lon="-73.74011">
        <ele>556.35</ele>
        <time>2026-04-11T13:16:02Z</time>
      </trkpt>
      <trkpt lat="44.13855" lon="-73.7401">
        <ele>556.23</ele>
        <time>2026-04-11T13:16:10Z</time>
      </trkpt>
      <trkpt lat="44.13852" lon="-73.74004">
        <ele>556.58</ele>
        <time>2026-04-11T13:16:18Z</time>
      </trkpt>
      <trkpt lat="44.13851" lon="-73.74003">
        <ele>556.74</ele>
        <time>2026-04-11T13:16:19Z</time>
      </trkpt>
      <trkpt lat="44.13848" lon="-73.73998">
        <ele>557.22</ele>
        <time>2026-04-11T13:16:25Z</time>
      </trkpt>
      <trkpt lat="44.13845" lon="-73.73993">
        <ele>557.76</ele>
        <time>2026-04-11T13:16:32Z</time>
      </trkpt>
      <trkpt lat="44.13845" lon="-73.73991">
        <ele>557.97</ele>
        <time>2026-04-11T13:16:33Z</time>
      </trkpt>
      <trkpt lat="44.13845" lon="-73.7399">
        <ele>558.1</ele>
        <time>2026-04-11T13:16:34Z</time>
      </trkpt>
      <trkpt lat="44.13843" lon="-73.73984">
        <ele>558.76</ele>
        <time>2026-04-11T13:16:40Z</time>
      </trkpt>
      <trkpt lat="44.13842" lon="-73.73982">
        <ele>558.89</ele>
        <time>2026-04-11T13:16:42Z</time>
      </trkpt>
      <trkpt lat="44.13841" lon="-73.73973">
        <ele>560.5</ele>
        <time>2026-04-11T13:16:51Z</time>
      </trkpt>
      <trkpt lat="44.13841" lon="-73.73971">
        <ele>561.03</ele>
        <time>2026-04-11T13:16:52Z</time>
      </trkpt>
      <trkpt lat="44.13838" lon="-73.73967">
        <ele>561.42</ele>
        <time>2026-04-11T13:16:58Z</time>
      </trkpt>
      <trkpt lat="44.13837" lon="-73.73966">
        <ele>561.4</ele>
        <time>2026-04-11T13:17:00Z</time>
      </trkpt>
      <trkpt lat="44.13833" lon="-73.7396">
        <ele>561.88</ele>
        <time>2026-04-11T13:17:09Z</time>
      </trkpt>
      <trkpt lat="44.13832" lon="-73.73959">
        <ele>561.93</ele>
        <time>2026-04-11T13:17:10Z</time>
      </trkpt>
      <trkpt lat="44.13832" lon="-73.73955">
        <ele>563.17</ele>
        <time>2026-04-11T13:17:17Z</time>
      </trkpt>
      <trkpt lat="44.13831" lon="-73.73954">
        <ele>563.16</ele>
        <time>2026-04-11T13:17:18Z</time>
      </trkpt>
      <trkpt lat="44.1383" lon="-73.73949">
        <ele>564.77</ele>
        <time>2026-04-11T13:17:24Z</time>
      </trkpt>
      <trkpt lat="44.13829" lon="-73.73947">
        <ele>565.15</ele>
        <time>2026-04-11T13:17:26Z</time>
      </trkpt>
      <trkpt lat="44.13828" lon="-73.73942">
        <ele>566.75</ele>
        <time>2026-04-11T13:17:30Z</time>
      </trkpt>
      <trkpt lat="44.13827" lon="-73.73939">
        <ele>567.62</ele>
        <time>2026-04-11T13:17:34Z</time>
      </trkpt>
      <trkpt lat="44.13826" lon="-73.73936">
        <ele>568.48</ele>
        <time>2026-04-11T13:17:40Z</time>
      </trkpt>
      <trkpt lat="44.13825" lon="-73.73935">
        <ele>568.46</ele>
        <time>2026-04-11T13:17:42Z</time>
      </trkpt>
      <trkpt lat="44.13824" lon="-73.73931">
        <ele>569.32</ele>
        <time>2026-04-11T13:17:47Z</time>
      </trkpt>
      <trkpt lat="44.13824" lon="-73.73931">
        <ele>569.32</ele>
        <time>2026-04-11T13:17:48Z</time>
      </trkpt>
      <trkpt lat="44.1382" lon="-73.73926">
        <ele>569.22</ele>
        <time>2026-04-11T13:17:54Z</time>
      </trkpt>
      <trkpt lat="44.13819" lon="-73.73921">
        <ele>570.64</ele>
        <time>2026-04-11T13:17:59Z</time>
      </trkpt>
      <trkpt lat="44.13819" lon="-73.7392">
        <ele>571.02</ele>
        <time>2026-04-11T13:18:01Z</time>
      </trkpt>
      <trkpt lat="44.13818" lon="-73.73916">
        <ele>571.94</ele>
        <time>2026-04-11T13:18:05Z</time>
      </trkpt>
      <trkpt lat="44.13817" lon="-73.73914">
        <ele>572.04</ele>
        <time>2026-04-11T13:18:09Z</time>
      </trkpt>
      <trkpt lat="44.13816" lon="-73.73912">
        <ele>572.15</ele>
        <time>2026-04-11T13:18:18Z</time>
      </trkpt>
      <trkpt lat="44.13818" lon="-73.73912">
        <ele>573.23</ele>
        <time>2026-04-11T13:18:26Z</time>
      </trkpt>
      <trkpt lat="44.13818" lon="-73.73912">
        <ele>573.23</ele>
        <time>2026-04-11T13:18:28Z</time>
      </trkpt>
      <trkpt lat="44.13818" lon="-73.7391">
        <ele>573.88</ele>
        <time>2026-04-11T13:18:30Z</time>
      </trkpt>
      <trkpt lat="44.13817" lon="-73.73909">
        <ele>573.66</ele>
        <time>2026-04-11T13:18:34Z</time>
      </trkpt>
      <trkpt lat="44.13817" lon="-73.7391">
        <ele>573.34</ele>
        <time>2026-04-11T13:18:37Z</time>
      </trkpt>
      <trkpt lat="44.13817" lon="-73.73913">
        <ele>572.37</ele>
        <time>2026-04-11T13:18:41Z</time>
      </trkpt>
      <trkpt lat="44.13818" lon="-73.73914">
        <ele>572.58</ele>
        <time>2026-04-11T13:18:42Z</time>
      </trkpt>
      <trkpt lat="44.13822" lon="-73.73918">
        <ele>573.34</ele>
        <time>2026-04-11T13:18:49Z</time>
      </trkpt>
      <trkpt lat="44.13824" lon="-73.73917">
        <ele>574.82</ele>
        <time>2026-04-11T13:18:53Z</time>
      </trkpt>
      <trkpt lat="44.13827" lon="-73.73917">
        <ele>576.13</ele>
        <time>2026-04-11T13:18:57Z</time>
      </trkpt>
      <trkpt lat="44.13828" lon="-73.73916">
        <ele>576.91</ele>
        <time>2026-04-11T13:18:59Z</time>
      </trkpt>
      <trkpt lat="44.1383" lon="-73.73918">
        <ele>577.08</ele>
        <time>2026-04-11T13:19:05Z</time>
      </trkpt>
      <trkpt lat="44.1383" lon="-73.73918">
        <ele>577.08</ele>
        <time>2026-04-11T13:19:06Z</time>
      </trkpt>
      <trkpt lat="44.13835" lon="-73.73921">
        <ele>578.32</ele>
        <time>2026-04-11T13:19:11Z</time>
      </trkpt>
      <trkpt lat="44.13836" lon="-73.73921">
        <ele>578.75</ele>
        <time>2026-04-11T13:19:12Z</time>
      </trkpt>
      <trkpt lat="44.13837" lon="-73.73922">
        <ele>578.86</ele>
        <time>2026-04-11T13:19:16Z</time>
      </trkpt>
      <trkpt lat="44.1384" lon="-73.73923">
        <ele>579.83</ele>
        <time>2026-04-11T13:19:21Z</time>
      </trkpt>
      <trkpt lat="44.13842" lon="-73.73921">
        <ele>581.34</ele>
        <time>2026-04-11T13:19:25Z</time>
      </trkpt>
      <trkpt lat="44.13842" lon="-73.73919">
        <ele>581.99</ele>
        <time>2026-04-11T13:19:27Z</time>
      </trkpt>
      <trkpt lat="44.13841" lon="-73.73918">
        <ele>581.88</ele>
        <time>2026-04-11T13:19:28Z</time>
      </trkpt>
      <trkpt lat="44.13841" lon="-73.73916">
        <ele>582.47</ele>
        <time>2026-04-11T13:19:29Z</time>
      </trkpt>
      <trkpt lat="44.13841" lon="-73.73914">
        <ele>582.94</ele>
        <time>2026-04-11T13:19:32Z</time>
      </trkpt>
      <trkpt lat="44.1384" lon="-73.73911">
        <ele>583.28</ele>
        <time>2026-04-11T13:19:35Z</time>
      </trkpt>
      <trkpt lat="44.1384" lon="-73.7391">
        <ele>583.52</ele>
        <time>2026-04-11T13:19:37Z</time>
      </trkpt>
      <trkpt lat="44.13837" lon="-73.73903">
        <ele>584.14</ele>
        <time>2026-04-11T13:19:46Z</time>
      </trkpt>
      <trkpt lat="44.13835" lon="-73.73901">
        <ele>583.92</ele>
        <time>2026-04-11T13:19:49Z</time>
      </trkpt>
      <trkpt lat="44.13832" lon="-73.739">
        <ele>583.14</ele>
        <time>2026-04-11T13:19:55Z</time>
      </trkpt>
      <trkpt lat="44.13829" lon="-73.73898">
        <ele>582.64</ele>
        <time>2026-04-11T13:19:57Z</time>
      </trkpt>
      <trkpt lat="44.13826" lon="-73.73897">
        <ele>582.0</ele>
        <time>2026-04-11T13:20:01Z</time>
      </trkpt>
      <trkpt lat="44.13824" lon="-73.73891">
        <ele>583.29</ele>
        <time>2026-04-11T13:20:07Z</time>
      </trkpt>
      <trkpt lat="44.13825" lon="-73.73891">
        <ele>583.62</ele>
        <time>2026-04-11T13:20:09Z</time>
      </trkpt>
      <trkpt lat="44.13825" lon="-73.7389">
        <ele>583.94</ele>
        <time>2026-04-11T13:20:11Z</time>
      </trkpt>
      <trkpt lat="44.13827" lon="-73.73886">
        <ele>585.88</ele>
        <time>2026-04-11T13:20:20Z</time>
      </trkpt>
      <trkpt lat="44.13829" lon="-73.73885">
        <ele>586.86</ele>
        <time>2026-04-11T13:20:25Z</time>
      </trkpt>
      <trkpt lat="44.1383" lon="-73.73885">
        <ele>587.18</ele>
        <time>2026-04-11T13:20:29Z</time>
      </trkpt>
      <trkpt lat="44.13832" lon="-73.73886">
        <ele>587.5</ele>
        <time>2026-04-11T13:20:32Z</time>
      </trkpt>
      <trkpt lat="44.13834" lon="-73.73886">
        <ele>588.25</ele>
        <time>2026-04-11T13:20:36Z</time>
      </trkpt>
      <trkpt lat="44.13837" lon="-73.73885">
        <ele>590.01</ele>
        <time>2026-04-11T13:20:41Z</time>
      </trkpt>
      <trkpt lat="44.13838" lon="-73.73883">
        <ele>591.24</ele>
        <time>2026-04-11T13:20:43Z</time>
      </trkpt>
      <trkpt lat="44.13834" lon="-73.73881">
        <ele>589.91</ele>
        <time>2026-04-11T13:20:48Z</time>
      </trkpt>
      <trkpt lat="44.13833" lon="-73.7388">
        <ele>589.77</ele>
        <time>2026-04-11T13:20:50Z</time>
      </trkpt>
      <trkpt lat="44.13829" lon="-73.73881">
        <ele>588.15</ele>
        <time>2026-04-11T13:21:01Z</time>
      </trkpt>
      <trkpt lat="44.1383" lon="-73.73883">
        <ele>587.83</ele>
        <time>2026-04-11T13:21:07Z</time>
      </trkpt>
      <trkpt lat="44.13829" lon="-73.73883">
        <ele>587.5</ele>
        <time>2026-04-11T13:21:12Z</time>
      </trkpt>
      <trkpt lat="44.13828" lon="-73.73883">
        <ele>587.18</ele>
        <time>2026-04-11T13:21:16Z</time>
      </trkpt>
      <trkpt lat="44.13827" lon="-73.73884">
        <ele>586.53</ele>
        <time>2026-04-11T13:21:23Z</time>
      </trkpt>
      <trkpt lat="44.13828" lon="-73.73883">
        <ele>587.18</ele>
        <time>2026-04-11T13:21:30Z</time>
      </trkpt>
      <trkpt lat="44.13829" lon="-73.7388">
        <ele>588.48</ele>
        <time>2026-04-11T13:21:45Z</time>
      </trkpt>
      <trkpt lat="44.13829" lon="-73.7388">
        <ele>588.48</ele>
        <time>2026-04-11T13:21:48Z</time>
      </trkpt>
      <trkpt lat="44.13829" lon="-73.7388">
        <ele>588.48</ele>
        <time>2026-04-11T13:21:49Z</time>
      </trkpt>
      <trkpt lat="44.13829" lon="-73.7388">
        <ele>588.48</ele>
        <time>2026-04-11T13:21:52Z</time>
      </trkpt>
      <trkpt lat="44.13829" lon="-73.7388">
        <ele>588.48</ele>
        <time>2026-04-11T13:21:54Z</time>
      </trkpt>
      <trkpt lat="44.1383" lon="-73.7388">
        <ele>588.8</ele>
        <time>2026-04-11T13:22:06Z</time>
      </trkpt>
      <trkpt lat="44.1383" lon="-73.7388">
        <ele>588.8</ele>
        <time>2026-04-11T13:22:11Z</time>
      </trkpt>
      <trkpt lat="44.1383" lon="-73.7388">
        <ele>588.8</ele>
        <time>2026-04-11T13:22:20Z</time>
      </trkpt>
      <trkpt lat="44.13829" lon="-73.73881">
        <ele>588.15</ele>
        <time>2026-04-11T13:22:33Z</time>
      </trkpt>
      <trkpt lat="44.13828" lon="-73.73882">
        <ele>587.5</ele>
        <time>2026-04-11T13:22:35Z</time>
      </trkpt>
      <trkpt lat="44.13828" lon="-73.73884">
        <ele>586.86</ele>
        <time>2026-04-11T13:22:37Z</time>
      </trkpt>
      <trkpt lat="44.13831" lon="-73.73888">
        <ele>586.53</ele>
        <time>2026-04-11T13:22:43Z</time>
      </trkpt>
      <trkpt lat="44.13836" lon="-73.7389">
        <ele>587.76</ele>
        <time>2026-04-11T13:22:47Z</time>
      </trkpt>
      <trkpt lat="44.13839" lon="-73.7389">
        <ele>589.01</ele>
        <time>2026-04-11T13:22:51Z</time>
      </trkpt>
      <trkpt lat="44.13841" lon="-73.73891">
        <ele>589.44</ele>
        <time>2026-04-11T13:22:54Z</time>
      </trkpt>
      <trkpt lat="44.13845" lon="-73.73895">
        <ele>589.4</ele>
        <time>2026-04-11T13:23:00Z</time>
      </trkpt>
      <trkpt lat="44.13849" lon="-73.73895">
        <ele>591.13</ele>
        <time>2026-04-11T13:23:06Z</time>
      </trkpt>
      <trkpt lat="44.13849" lon="-73.73894">
        <ele>591.56</ele>
        <time>2026-04-11T13:23:07Z</time>
      </trkpt>
      <trkpt lat="44.13849" lon="-73.73894">
        <ele>591.56</ele>
        <time>2026-04-11T13:23:11Z</time>
      </trkpt>
      <trkpt lat="44.13852" lon="-73.73894">
        <ele>592.87</ele>
        <time>2026-04-11T13:23:15Z</time>
      </trkpt>
      <trkpt lat="44.13858" lon="-73.73896">
        <ele>595.25</ele>
        <time>2026-04-11T13:23:23Z</time>
      </trkpt>
      <trkpt lat="44.1386" lon="-73.73898">
        <ele>595.46</ele>
        <time>2026-04-11T13:23:31Z</time>
      </trkpt>
      <trkpt lat="44.13865" lon="-73.73899">
        <ele>597.22</ele>
        <time>2026-04-11T13:23:38Z</time>
      </trkpt>
      <trkpt lat="44.13866" lon="-73.739">
        <ele>597.11</ele>
        <time>2026-04-11T13:23:40Z</time>
      </trkpt>
      <trkpt lat="44.13868" lon="-73.739">
        <ele>597.98</ele>
        <time>2026-04-11T13:23:45Z</time>
      </trkpt>
      <trkpt lat="44.13868" lon="-73.73897">
        <ele>599.47</ele>
        <time>2026-04-11T13:23:48Z</time>
      </trkpt>
      <trkpt lat="44.13868" lon="-73.73896">
        <ele>599.9</ele>
        <time>2026-04-11T13:23:49Z</time>
      </trkpt>
      <trkpt lat="44.1387" lon="-73.73895">
        <ele>601.2</ele>
        <time>2026-04-11T13:23:53Z</time>
      </trkpt>
      <trkpt lat="44.13871" lon="-73.73895">
        <ele>601.52</ele>
        <time>2026-04-11T13:23:54Z</time>
      </trkpt>
      <trkpt lat="44.13871" lon="-73.73895">
        <ele>601.52</ele>
        <time>2026-04-11T13:23:55Z</time>
      </trkpt>
      <trkpt lat="44.13873" lon="-73.73894">
        <ele>602.49</ele>
        <time>2026-04-11T13:23:59Z</time>
      </trkpt>
      <trkpt lat="44.13874" lon="-73.73894">
        <ele>602.75</ele>
        <time>2026-04-11T13:24:02Z</time>
      </trkpt>
      <trkpt lat="44.13874" lon="-73.73894">
        <ele>602.75</ele>
        <time>2026-04-11T13:24:03Z</time>
      </trkpt>
      <trkpt lat="44.13875" lon="-73.73896">
        <ele>602.04</ele>
        <time>2026-04-11T13:24:08Z</time>
      </trkpt>
      <trkpt lat="44.13876" lon="-73.73896">
        <ele>602.29</ele>
        <time>2026-04-11T13:24:09Z</time>
      </trkpt>
      <trkpt lat="44.13878" lon="-73.73895">
        <ele>603.29</ele>
        <time>2026-04-11T13:24:16Z</time>
      </trkpt>
      <trkpt lat="44.13879" lon="-73.73893">
        <ele>604.61</ele>
        <time>2026-04-11T13:24:19Z</time>
      </trkpt>
      <trkpt lat="44.13881" lon="-73.73893">
        <ele>605.22</ele>
        <time>2026-04-11T13:24:23Z</time>
      </trkpt>
      <trkpt lat="44.13883" lon="-73.73893">
        <ele>605.87</ele>
        <time>2026-04-11T13:24:28Z</time>
      </trkpt>
      <trkpt lat="44.13884" lon="-73.73893">
        <ele>606.2</ele>
        <time>2026-04-11T13:24:29Z</time>
      </trkpt>
      <trkpt lat="44.13883" lon="-73.73893">
        <ele>605.87</ele>
        <time>2026-04-11T13:24:32Z</time>
      </trkpt>
      <trkpt lat="44.13883" lon="-73.73893">
        <ele>605.87</ele>
        <time>2026-04-11T13:24:35Z</time>
      </trkpt>
      <trkpt lat="44.13884" lon="-73.73893">
        <ele>606.2</ele>
        <time>2026-04-11T13:24:36Z</time>
      </trkpt>
      <trkpt lat="44.13885" lon="-73.73893">
        <ele>606.52</ele>
        <time>2026-04-11T13:24:44Z</time>
      </trkpt>
      <trkpt lat="44.13885" lon="-73.73893">
        <ele>606.52</ele>
        <time>2026-04-11T13:24:46Z</time>
      </trkpt>
      <trkpt lat="44.13885" lon="-73.73892">
        <ele>607.06</ele>
        <time>2026-04-11T13:24:54Z</time>
      </trkpt>
      <trkpt lat="44.13885" lon="-73.73892">
        <ele>607.06</ele>
        <time>2026-04-11T13:25:04Z</time>
      </trkpt>
      <trkpt lat="44.13887" lon="-73.73892">
        <ele>607.71</ele>
        <time>2026-04-11T13:25:06Z</time>
      </trkpt>
      <trkpt lat="44.13886" lon="-73.73892">
        <ele>607.38</ele>
        <time>2026-04-11T13:25:07Z</time>
      </trkpt>
      <trkpt lat="44.13887" lon="-73.73891">
        <ele>608.25</ele>
        <time>2026-04-11T13:25:11Z</time>
      </trkpt>
      <trkpt lat="44.13888" lon="-73.73892">
        <ele>608.03</ele>
        <time>2026-04-11T13:25:13Z</time>
      </trkpt>
      <trkpt lat="44.1389" lon="-73.73894">
        <ele>607.48</ele>
        <time>2026-04-11T13:25:20Z</time>
      </trkpt>
      <trkpt lat="44.13891" lon="-73.73894">
        <ele>607.7</ele>
        <time>2026-04-11T13:25:23Z</time>
      </trkpt>
      <trkpt lat="44.13892" lon="-73.73891">
        <ele>609.53</ele>
        <time>2026-04-11T13:25:27Z</time>
      </trkpt>
      <trkpt lat="44.13893" lon="-73.73889">
        <ele>610.83</ele>
        <time>2026-04-11T13:25:30Z</time>
      </trkpt>
      <trkpt lat="44.13894" lon="-73.73885">
        <ele>612.78</ele>
        <time>2026-04-11T13:25:34Z</time>
      </trkpt>
      <trkpt lat="44.13894" lon="-73.73884">
        <ele>613.22</ele>
        <time>2026-04-11T13:25:36Z</time>
      </trkpt>
      <trkpt lat="44.13894" lon="-73.73882">
        <ele>614.08</ele>
        <time>2026-04-11T13:25:41Z</time>
      </trkpt>
      <trkpt lat="44.13895" lon="-73.7388">
        <ele>615.16</ele>
        <time>2026-04-11T13:25:45Z</time>
      </trkpt>
      <trkpt lat="44.13894" lon="-73.73877">
        <ele>616.11</ele>
        <time>2026-04-11T13:25:49Z</time>
      </trkpt>
      <trkpt lat="44.13894" lon="-73.73876">
        <ele>616.5</ele>
        <time>2026-04-11T13:25:50Z</time>
      </trkpt>
      <trkpt lat="44.13892" lon="-73.73868">
        <ele>619.03</ele>
        <time>2026-04-11T13:25:58Z</time>
      </trkpt>
      <trkpt lat="44.13889" lon="-73.73862">
        <ele>620.65</ele>
        <time>2026-04-11T13:26:07Z</time>
      </trkpt>
      <trkpt lat="44.13889" lon="-73.7386">
        <ele>621.52</ele>
        <time>2026-04-11T13:26:16Z</time>
      </trkpt>
      <trkpt lat="44.1389" lon="-73.73859">
        <ele>622.27</ele>
        <time>2026-04-11T13:26:18Z</time>
      </trkpt>
      <trkpt lat="44.13889" lon="-73.73857">
        <ele>622.81</ele>
        <time>2026-04-11T13:26:22Z</time>
      </trkpt>
      <trkpt lat="44.13889" lon="-73.73856">
        <ele>623.24</ele>
        <time>2026-04-11T13:26:23Z</time>
      </trkpt>
      <trkpt lat="44.13888" lon="-73.73855">
        <ele>623.29</ele>
        <time>2026-04-11T13:26:27Z</time>
      </trkpt>
      <trkpt lat="44.13887" lon="-73.73855">
        <ele>622.89</ele>
        <time>2026-04-11T13:26:31Z</time>
      </trkpt>
      <trkpt lat="44.13888" lon="-73.73854">
        <ele>623.71</ele>
        <time>2026-04-11T13:26:36Z</time>
      </trkpt>
      <trkpt lat="44.13888" lon="-73.73854">
        <ele>623.71</ele>
        <time>2026-04-11T13:26:37Z</time>
      </trkpt>
      <trkpt lat="44.13888" lon="-73.73854">
        <ele>623.71</ele>
        <time>2026-04-11T13:26:39Z</time>
      </trkpt>
      <trkpt lat="44.13888" lon="-73.73853">
        <ele>624.13</ele>
        <time>2026-04-11T13:26:43Z</time>
      </trkpt>
      <trkpt lat="44.13887" lon="-73.73848">
        <ele>625.52</ele>
        <time>2026-04-11T13:26:49Z</time>
      </trkpt>
      <trkpt lat="44.13888" lon="-73.73848">
        <ele>625.9</ele>
        <time>2026-04-11T13:26:50Z</time>
      </trkpt>
      <trkpt lat="44.13888" lon="-73.73848">
        <ele>625.9</ele>
        <time>2026-04-11T13:26:53Z</time>
      </trkpt>
      <trkpt lat="44.13887" lon="-73.73848">
        <ele>625.52</ele>
        <time>2026-04-11T13:26:55Z</time>
      </trkpt>
      <trkpt lat="44.13888" lon="-73.7385">
        <ele>625.24</ele>
        <time>2026-04-11T13:26:59Z</time>
      </trkpt>
      <trkpt lat="44.1389" lon="-73.73852">
        <ele>625.3</ele>
        <time>2026-04-11T13:27:02Z</time>
      </trkpt>
      <trkpt lat="44.13894" lon="-73.73856">
        <ele>624.86</ele>
        <time>2026-04-11T13:27:09Z</time>
      </trkpt>
      <trkpt lat="44.13895" lon="-73.73855">
        <ele>625.62</ele>
        <time>2026-04-11T13:27:11Z</time>
      </trkpt>
      <trkpt lat="44.13895" lon="-73.73855">
        <ele>625.62</ele>
        <time>2026-04-11T13:27:12Z</time>
      </trkpt>
      <trkpt lat="44.13895" lon="-73.73855">
        <ele>625.62</ele>
        <time>2026-04-11T13:27:13Z</time>
      </trkpt>
      <trkpt lat="44.13896" lon="-73.73854">
        <ele>626.38</ele>
        <time>2026-04-11T13:27:16Z</time>
      </trkpt>
      <trkpt lat="44.13898" lon="-73.73855">
        <ele>626.59</ele>
        <time>2026-04-11T13:27:20Z</time>
      </trkpt>
      <trkpt lat="44.139" lon="-73.73854">
        <ele>627.52</ele>
        <time>2026-04-11T13:27:24Z</time>
      </trkpt>
      <trkpt lat="44.13901" lon="-73.73853">
        <ele>628.16</ele>
        <time>2026-04-11T13:27:25Z</time>
      </trkpt>
      <trkpt lat="44.13901" lon="-73.73853">
        <ele>628.16</ele>
        <time>2026-04-11T13:27:29Z</time>
      </trkpt>
      <trkpt lat="44.13903" lon="-73.73853">
        <ele>628.62</ele>
        <time>2026-04-11T13:27:31Z</time>
      </trkpt>
      <trkpt lat="44.13907" lon="-73.73852">
        <ele>629.86</ele>
        <time>2026-04-11T13:27:38Z</time>
      </trkpt>
      <trkpt lat="44.13908" lon="-73.73852">
        <ele>630.08</ele>
        <time>2026-04-11T13:27:41Z</time>
      </trkpt>
      <trkpt lat="44.13908" lon="-73.73852">
        <ele>630.08</ele>
        <time>2026-04-11T13:27:43Z</time>
      </trkpt>
      <trkpt lat="44.13911" lon="-73.73857">
        <ele>629.11</ele>
        <time>2026-04-11T13:27:49Z</time>
      </trkpt>
      <trkpt lat="44.13914" lon="-73.73861">
        <ele>628.46</ele>
        <time>2026-04-11T13:27:57Z</time>
      </trkpt>
      <trkpt lat="44.13915" lon="-73.73862">
        <ele>628.18</ele>
        <time>2026-04-11T13:27:58Z</time>
      </trkpt>
      <trkpt lat="44.13918" lon="-73.73866">
        <ele>626.58</ele>
        <time>2026-04-11T13:28:03Z</time>
      </trkpt>
      <trkpt lat="44.13918" lon="-73.73866">
        <ele>626.58</ele>
        <time>2026-04-11T13:28:04Z</time>
      </trkpt>
      <trkpt lat="44.13919" lon="-73.73866">
        <ele>626.75</ele>
        <time>2026-04-11T13:28:05Z</time>
      </trkpt>
      <trkpt lat="44.13921" lon="-73.73867">
        <ele>626.59</ele>
        <time>2026-04-11T13:28:11Z</time>
      </trkpt>
      <trkpt lat="44.13924" lon="-73.7387">
        <ele>625.75</ele>
        <time>2026-04-11T13:28:16Z</time>
      </trkpt>
      <trkpt lat="44.13926" lon="-73.73872">
        <ele>625.13</ele>
        <time>2026-04-11T13:28:19Z</time>
      </trkpt>
      <trkpt lat="44.13934" lon="-73.73874">
        <ele>624.91</ele>
        <time>2026-04-11T13:28:27Z</time>
      </trkpt>
      <trkpt lat="44.13938" lon="-73.73876">
        <ele>624.57</ele>
        <time>2026-04-11T13:28:32Z</time>
      </trkpt>
      <trkpt lat="44.13939" lon="-73.73878">
        <ele>623.7</ele>
        <time>2026-04-11T13:28:35Z</time>
      </trkpt>
      <trkpt lat="44.13941" lon="-73.73879">
        <ele>623.6</ele>
        <time>2026-04-11T13:28:39Z</time>
      </trkpt>
      <trkpt lat="44.13943" lon="-73.73879">
        <ele>624.03</ele>
        <time>2026-04-11T13:28:42Z</time>
      </trkpt>
      <trkpt lat="44.13943" lon="-73.73878">
        <ele>624.57</ele>
        <time>2026-04-11T13:28:43Z</time>
      </trkpt>
      <trkpt lat="44.13944" lon="-73.73878">
        <ele>624.78</ele>
        <time>2026-04-11T13:28:45Z</time>
      </trkpt>
      <trkpt lat="44.13948" lon="-73.73877">
        <ele>625.8</ele>
        <time>2026-04-11T13:28:52Z</time>
      </trkpt>
      <trkpt lat="44.13951" lon="-73.73879">
        <ele>625.05</ele>
        <time>2026-04-11T13:28:56Z</time>
      </trkpt>
      <trkpt lat="44.13953" lon="-73.7388">
        <ele>624.76</ele>
        <time>2026-04-11T13:28:59Z</time>
      </trkpt>
      <trkpt lat="44.13955" lon="-73.73881">
        <ele>624.85</ele>
        <time>2026-04-11T13:29:02Z</time>
      </trkpt>
      <trkpt lat="44.13956" lon="-73.73882">
        <ele>624.78</ele>
        <time>2026-04-11T13:29:03Z</time>
      </trkpt>
      <trkpt lat="44.1396" lon="-73.73883">
        <ele>625.83</ele>
        <time>2026-04-11T13:29:10Z</time>
      </trkpt>
      <trkpt lat="44.13963" lon="-73.73883">
        <ele>626.93</ele>
        <time>2026-04-11T13:29:14Z</time>
      </trkpt>
      <trkpt lat="44.13966" lon="-73.73881">
        <ele>628.92</ele>
        <time>2026-04-11T13:29:19Z</time>
      </trkpt>
      <trkpt lat="44.13967" lon="-73.73881">
        <ele>629.36</ele>
        <time>2026-04-11T13:29:21Z</time>
      </trkpt>
      <trkpt lat="44.13972" lon="-73.73878">
        <ele>632.26</ele>
        <time>2026-04-11T13:29:30Z</time>
      </trkpt>
      <trkpt lat="44.13972" lon="-73.73875">
        <ele>632.92</ele>
        <time>2026-04-11T13:29:38Z</time>
      </trkpt>
      <trkpt lat="44.13972" lon="-73.73874">
        <ele>633.13</ele>
        <time>2026-04-11T13:29:40Z</time>
      </trkpt>
      <trkpt lat="44.13973" lon="-73.73873">
        <ele>633.68</ele>
        <time>2026-04-11T13:29:42Z</time>
      </trkpt>
      <trkpt lat="44.13973" lon="-73.73873">
        <ele>633.68</ele>
        <time>2026-04-11T13:29:43Z</time>
      </trkpt>
      <trkpt lat="44.13974" lon="-73.73875">
        <ele>633.58</ele>
        <time>2026-04-11T13:29:49Z</time>
      </trkpt>
      <trkpt lat="44.13976" lon="-73.73871">
        <ele>635.09</ele>
        <time>2026-04-11T13:29:57Z</time>
      </trkpt>
      <trkpt lat="44.13976" lon="-73.7387">
        <ele>635.33</ele>
        <time>2026-04-11T13:29:58Z</time>
      </trkpt>
      <trkpt lat="44.13974" lon="-73.73866">
        <ele>635.9</ele>
        <time>2026-04-11T13:30:07Z</time>
      </trkpt>
      <trkpt lat="44.13975" lon="-73.73867">
        <ele>635.88</ele>
        <time>2026-04-11T13:30:19Z</time>
      </trkpt>
      <trkpt lat="44.13976" lon="-73.7387">
        <ele>635.33</ele>
        <time>2026-04-11T13:30:25Z</time>
      </trkpt>
      <trkpt lat="44.13978" lon="-73.73868">
        <ele>636.48</ele>
        <time>2026-04-11T13:30:32Z</time>
      </trkpt>
      <trkpt lat="44.13978" lon="-73.73867">
        <ele>636.74</ele>
        <time>2026-04-11T13:30:34Z</time>
      </trkpt>
      <trkpt lat="44.1398" lon="-73.73869">
        <ele>636.84</ele>
        <time>2026-04-11T13:30:39Z</time>
      </trkpt>
      <trkpt lat="44.13981" lon="-73.73871">
        <ele>636.71</ele>
        <time>2026-04-11T13:30:45Z</time>
      </trkpt>
      <trkpt lat="44.13983" lon="-73.7387">
        <ele>638.06</ele>
        <time>2026-04-11T13:30:48Z</time>
      </trkpt>
      <trkpt lat="44.13989" lon="-73.73865">
        <ele>643.03</ele>
        <time>2026-04-11T13:30:56Z</time>
      </trkpt>
      <trkpt lat="44.13989" lon="-73.73864">
        <ele>643.25</ele>
        <time>2026-04-11T13:30:57Z</time>
      </trkpt>
      <trkpt lat="44.13989" lon="-73.73861">
        <ele>643.9</ele>
        <time>2026-04-11T13:31:01Z</time>
      </trkpt>
      <trkpt lat="44.13989" lon="-73.73862">
        <ele>643.68</ele>
        <time>2026-04-11T13:31:04Z</time>
      </trkpt>
      <trkpt lat="44.1399" lon="-73.73862">
        <ele>644.33</ele>
        <time>2026-04-11T13:31:09Z</time>
      </trkpt>
      <trkpt lat="44.13991" lon="-73.73861">
        <ele>645.19</ele>
        <time>2026-04-11T13:31:13Z</time>
      </trkpt>
      <trkpt lat="44.13991" lon="-73.73861">
        <ele>645.19</ele>
        <time>2026-04-11T13:31:14Z</time>
      </trkpt>
      <trkpt lat="44.13992" lon="-73.73862">
        <ele>645.65</ele>
        <time>2026-04-11T13:31:19Z</time>
      </trkpt>
      <trkpt lat="44.13992" lon="-73.73863">
        <ele>645.46</ele>
        <time>2026-04-11T13:31:25Z</time>
      </trkpt>
      <trkpt lat="44.13992" lon="-73.73863">
        <ele>645.46</ele>
        <time>2026-04-11T13:31:26Z</time>
      </trkpt>
      <trkpt lat="44.13994" lon="-73.73863">
        <ele>646.85</ele>
        <time>2026-04-11T13:31:31Z</time>
      </trkpt>
      <trkpt lat="44.13994" lon="-73.73863">
        <ele>646.85</ele>
        <time>2026-04-11T13:31:39Z</time>
      </trkpt>
      <trkpt lat="44.13995" lon="-73.73863">
        <ele>647.54</ele>
        <time>2026-04-11T13:31:44Z</time>
      </trkpt>
      <trkpt lat="44.13996" lon="-73.73862">
        <ele>648.33</ele>
        <time>2026-04-11T13:31:47Z</time>
      </trkpt>
      <trkpt lat="44.13997" lon="-73.73861">
        <ele>649.07</ele>
        <time>2026-04-11T13:31:50Z</time>
      </trkpt>
      <trkpt lat="44.13999" lon="-73.7386">
        <ele>650.48</ele>
        <time>2026-04-11T13:31:55Z</time>
      </trkpt>
      <trkpt lat="44.13999" lon="-73.7386">
        <ele>650.48</ele>
        <time>2026-04-11T13:31:56Z</time>
      </trkpt>
      <trkpt lat="44.13999" lon="-73.73859">
        <ele>650.6</ele>
        <time>2026-04-11T13:32:01Z</time>
      </trkpt>
      <trkpt lat="44.13998" lon="-73.73858">
        <ele>650.11</ele>
        <time>2026-04-11T13:32:05Z</time>
      </trkpt>
      <trkpt lat="44.13998" lon="-73.73859">
        <ele>649.98</ele>
        <time>2026-04-11T13:32:08Z</time>
      </trkpt>
      <trkpt lat="44.14" lon="-73.7386">
        <ele>651.12</ele>
        <time>2026-04-11T13:32:12Z</time>
      </trkpt>
      <trkpt lat="44.14" lon="-73.7386">
        <ele>651.12</ele>
        <time>2026-04-11T13:32:13Z</time>
      </trkpt>
      <trkpt lat="44.14004" lon="-73.73861">
        <ele>653.17</ele>
        <time>2026-04-11T13:32:19Z</time>
      </trkpt>
      <trkpt lat="44.14008" lon="-73.73857">
        <ele>655.38</ele>
        <time>2026-04-11T13:32:27Z</time>
      </trkpt>
      <trkpt lat="44.14008" lon="-73.73857">
        <ele>655.38</ele>
        <time>2026-04-11T13:32:30Z</time>
      </trkpt>
      <trkpt lat="44.1401" lon="-73.73856">
        <ele>656.23</ele>
        <time>2026-04-11T13:32:35Z</time>
      </trkpt>
      <trkpt lat="44.14013" lon="-73.73853">
        <ele>656.91</ele>
        <time>2026-04-11T13:32:40Z</time>
      </trkpt>
      <trkpt lat="44.14013" lon="-73.73852">
        <ele>656.82</ele>
        <time>2026-04-11T13:32:42Z</time>
      </trkpt>
      <trkpt lat="44.14013" lon="-73.7385">
        <ele>656.93</ele>
        <time>2026-04-11T13:32:46Z</time>
      </trkpt>
      <trkpt lat="44.14013" lon="-73.7385">
        <ele>656.93</ele>
        <time>2026-04-11T13:32:49Z</time>
      </trkpt>
      <trkpt lat="44.14014" lon="-73.73851">
        <ele>657.07</ele>
        <time>2026-04-11T13:32:52Z</time>
      </trkpt>
      <trkpt lat="44.14016" lon="-73.73852">
        <ele>657.48</ele>
        <time>2026-04-11T13:32:56Z</time>
      </trkpt>
      <trkpt lat="44.14019" lon="-73.7385">
        <ele>658.09</ele>
        <time>2026-04-11T13:33:01Z</time>
      </trkpt>
      <trkpt lat="44.14019" lon="-73.7385">
        <ele>658.09</ele>
        <time>2026-04-11T13:33:02Z</time>
      </trkpt>
      <trkpt lat="44.14019" lon="-73.7385">
        <ele>658.09</ele>
        <time>2026-04-11T13:33:05Z</time>
      </trkpt>
      <trkpt lat="44.1402" lon="-73.73851">
        <ele>658.31</ele>
        <time>2026-04-11T13:33:12Z</time>
      </trkpt>
      <trkpt lat="44.14021" lon="-73.73851">
        <ele>658.51</ele>
        <time>2026-04-11T13:33:13Z</time>
      </trkpt>
      <trkpt lat="44.14022" lon="-73.73851">
        <ele>658.72</ele>
        <time>2026-04-11T13:33:22Z</time>
      </trkpt>
      <trkpt lat="44.1402" lon="-73.73849">
        <ele>658.27</ele>
        <time>2026-04-11T13:33:35Z</time>
      </trkpt>
      <trkpt lat="44.1402" lon="-73.73848">
        <ele>658.25</ele>
        <time>2026-04-11T13:33:37Z</time>
      </trkpt>
      <trkpt lat="44.14021" lon="-73.73849">
        <ele>658.45</ele>
        <time>2026-04-11T13:33:45Z</time>
      </trkpt>
      <trkpt lat="44.14018" lon="-73.73851">
        <ele>657.89</ele>
        <time>2026-04-11T13:33:51Z</time>
      </trkpt>
      <trkpt lat="44.14018" lon="-73.73851">
        <ele>657.89</ele>
        <time>2026-04-11T13:33:56Z</time>
      </trkpt>
      <trkpt lat="44.14018" lon="-73.73851">
        <ele>657.89</ele>
        <time>2026-04-11T13:33:57Z</time>
      </trkpt>
      <trkpt lat="44.14018" lon="-73.73851">
        <ele>657.89</ele>
        <time>2026-04-11T13:34:06Z</time>
      </trkpt>
      <trkpt lat="44.1402" lon="-73.7385">
        <ele>658.29</ele>
        <time>2026-04-11T13:34:12Z</time>
      </trkpt>
      <trkpt lat="44.14019" lon="-73.7385">
        <ele>658.09</ele>
        <time>2026-04-11T13:34:16Z</time>
      </trkpt>
      <trkpt lat="44.14019" lon="-73.73851">
        <ele>658.1</ele>
        <time>2026-04-11T13:34:20Z</time>
      </trkpt>
      <trkpt lat="44.14022" lon="-73.73849">
        <ele>658.64</ele>
        <time>2026-04-11T13:34:30Z</time>
      </trkpt>
      <trkpt lat="44.14022" lon="-73.73849">
        <ele>658.64</ele>
        <time>2026-04-11T13:34:40Z</time>
      </trkpt>
      <trkpt lat="44.14022" lon="-73.7385">
        <ele>658.68</ele>
        <time>2026-04-11T13:34:49Z</time>
      </trkpt>
      <trkpt lat="44.14021" lon="-73.7385">
        <ele>658.48</ele>
        <time>2026-04-11T13:34:50Z</time>
      </trkpt>
      <trkpt lat="44.14022" lon="-73.73849">
        <ele>658.64</ele>
        <time>2026-04-11T13:34:57Z</time>
      </trkpt>
      <trkpt lat="44.14022" lon="-73.73844">
        <ele>658.43</ele>
        <time>2026-04-11T13:35:02Z</time>
      </trkpt>
      <trkpt lat="44.14022" lon="-73.73845">
        <ele>658.47</ele>
        <time>2026-04-11T13:35:05Z</time>
      </trkpt>
      <trkpt lat="44.14022" lon="-73.73846">
        <ele>658.51</ele>
        <time>2026-04-11T13:35:07Z</time>
      </trkpt>
      <trkpt lat="44.14022" lon="-73.73846">
        <ele>658.51</ele>
        <time>2026-04-11T13:35:12Z</time>
      </trkpt>
      <trkpt lat="44.14023" lon="-73.73846">
        <ele>658.66</ele>
        <time>2026-04-11T13:35:13Z</time>
      </trkpt>
      <trkpt lat="44.14024" lon="-73.73844">
        <ele>658.68</ele>
        <time>2026-04-11T13:35:20Z</time>
      </trkpt>
      <trkpt lat="44.14026" lon="-73.73844">
        <ele>658.93</ele>
        <time>2026-04-11T13:35:24Z</time>
      </trkpt>
      <trkpt lat="44.14026" lon="-73.73844">
        <ele>658.93</ele>
        <time>2026-04-11T13:35:26Z</time>
      </trkpt>
      <trkpt lat="44.14026" lon="-73.73844">
        <ele>658.93</ele>
        <time>2026-04-11T13:35:29Z</time>
      </trkpt>
      <trkpt lat="44.14028" lon="-73.73842">
        <ele>659.26</ele>
        <time>2026-04-11T13:35:32Z</time>
      </trkpt>
      <trkpt lat="44.14028" lon="-73.73842">
        <ele>659.26</ele>
        <time>2026-04-11T13:35:34Z</time>
      </trkpt>
      <trkpt lat="44.14029" lon="-73.7384">
        <ele>660.24</ele>
        <time>2026-04-11T13:35:36Z</time>
      </trkpt>
      <trkpt lat="44.14031" lon="-73.7384">
        <ele>660.88</ele>
        <time>2026-04-11T13:35:41Z</time>
      </trkpt>
      <trkpt lat="44.14033" lon="-73.73841">
        <ele>661.21</ele>
        <time>2026-04-11T13:35:45Z</time>
      </trkpt>
      <trkpt lat="44.14035" lon="-73.73842">
        <ele>661.53</ele>
        <time>2026-04-11T13:35:49Z</time>
      </trkpt>
      <trkpt lat="44.14035" lon="-73.73842">
        <ele>661.53</ele>
        <time>2026-04-11T13:35:50Z</time>
      </trkpt>
      <trkpt lat="44.14036" lon="-73.73842">
        <ele>661.86</ele>
        <time>2026-04-11T13:35:52Z</time>
      </trkpt>
      <trkpt lat="44.14039" lon="-73.73846">
        <ele>663.22</ele>
        <time>2026-04-11T13:35:58Z</time>
      </trkpt>
      <trkpt lat="44.14039" lon="-73.73847">
        <ele>663.32</ele>
        <time>2026-04-11T13:36:06Z</time>
      </trkpt>
      <trkpt lat="44.14042" lon="-73.73846">
        <ele>664.51</ele>
        <time>2026-04-11T13:36:15Z</time>
      </trkpt>
      <trkpt lat="44.14044" lon="-73.73847">
        <ele>665.48</ele>
        <time>2026-04-11T13:36:23Z</time>
      </trkpt>
      <trkpt lat="44.14046" lon="-73.73846">
        <ele>666.24</ele>
        <time>2026-04-11T13:36:34Z</time>
      </trkpt>
      <trkpt lat="44.14048" lon="-73.73849">
        <ele>666.93</ele>
        <time>2026-04-11T13:36:42Z</time>
      </trkpt>
      <trkpt lat="44.14048" lon="-73.73849">
        <ele>666.93</ele>
        <time>2026-04-11T13:36:43Z</time>
      </trkpt>
      <trkpt lat="44.14049" lon="-73.73848">
        <ele>667.0</ele>
        <time>2026-04-11T13:36:46Z</time>
      </trkpt>
      <trkpt lat="44.14051" lon="-73.73849">
        <ele>667.36</ele>
        <time>2026-04-11T13:36:51Z</time>
      </trkpt>
      <trkpt lat="44.14053" lon="-73.73852">
        <ele>667.77</ele>
        <time>2026-04-11T13:36:57Z</time>
      </trkpt>
      <trkpt lat="44.14052" lon="-73.73852">
        <ele>667.66</ele>
        <time>2026-04-11T13:36:58Z</time>
      </trkpt>
      <trkpt lat="44.14055" lon="-73.73853">
        <ele>668.31</ele>
        <time>2026-04-11T13:37:04Z</time>
      </trkpt>
      <trkpt lat="44.14055" lon="-73.73854">
        <ele>668.64</ele>
        <time>2026-04-11T13:37:05Z</time>
      </trkpt>
      <trkpt lat="44.14053" lon="-73.73854">
        <ele>668.42</ele>
        <time>2026-04-11T13:37:14Z</time>
      </trkpt>
      <trkpt lat="44.14052" lon="-73.73854">
        <ele>668.31</ele>
        <time>2026-04-11T13:37:21Z</time>
      </trkpt>
      <trkpt lat="44.14052" lon="-73.73853">
        <ele>667.99</ele>
        <time>2026-04-11T13:37:23Z</time>
      </trkpt>
      <trkpt lat="44.14054" lon="-73.73856">
        <ele>669.18</ele>
        <time>2026-04-11T13:37:30Z</time>
      </trkpt>
      <trkpt lat="44.14055" lon="-73.73857">
        <ele>669.61</ele>
        <time>2026-04-11T13:37:32Z</time>
      </trkpt>
      <trkpt lat="44.14056" lon="-73.73857">
        <ele>669.74</ele>
        <time>2026-04-11T13:37:33Z</time>
      </trkpt>
      <trkpt lat="44.14059" lon="-73.73862">
        <ele>672.16</ele>
        <time>2026-04-11T13:37:40Z</time>
      </trkpt>
      <trkpt lat="44.14059" lon="-73.73862">
        <ele>672.16</ele>
        <time>2026-04-11T13:37:41Z</time>
      </trkpt>
      <trkpt lat="44.1406" lon="-73.73864">
        <ele>673.36</ele>
        <time>2026-04-11T13:37:46Z</time>
      </trkpt>
      <trkpt lat="44.14061" lon="-73.73865">
        <ele>674.1</ele>
        <time>2026-04-11T13:37:49Z</time>
      </trkpt>
      <trkpt lat="44.14061" lon="-73.73862">
        <ele>672.62</ele>
        <time>2026-04-11T13:37:56Z</time>
      </trkpt>
      <trkpt lat="44.14061" lon="-73.73862">
        <ele>672.62</ele>
        <time>2026-04-11T13:37:57Z</time>
      </trkpt>
      <trkpt lat="44.14059" lon="-73.73864">
        <ele>673.11</ele>
        <time>2026-04-11T13:38:05Z</time>
      </trkpt>
      <trkpt lat="44.14061" lon="-73.73877">
        <ele>678.91</ele>
        <time>2026-04-11T13:38:13Z</time>
      </trkpt>
      <trkpt lat="44.14064" lon="-73.73883">
        <ele>681.1</ele>
        <time>2026-04-11T13:38:20Z</time>
      </trkpt>
      <trkpt lat="44.14065" lon="-73.73884">
        <ele>681.51</ele>
        <time>2026-04-11T13:38:22Z</time>
      </trkpt>
      <trkpt lat="44.14067" lon="-73.73889">
        <ele>682.47</ele>
        <time>2026-04-11T13:38:29Z</time>
      </trkpt>
      <trkpt lat="44.14068" lon="-73.7389">
        <ele>682.73</ele>
        <time>2026-04-11T13:38:31Z</time>
      </trkpt>
      <trkpt lat="44.14069" lon="-73.7389">
        <ele>682.96</ele>
        <time>2026-04-11T13:38:32Z</time>
      </trkpt>
      <trkpt lat="44.14073" lon="-73.73891">
        <ele>683.97</ele>
        <time>2026-04-11T13:38:38Z</time>
      </trkpt>
      <trkpt lat="44.14074" lon="-73.73891">
        <ele>684.21</ele>
        <time>2026-04-11T13:38:40Z</time>
      </trkpt>
      <trkpt lat="44.14075" lon="-73.73892">
        <ele>684.64</ele>
        <time>2026-04-11T13:38:42Z</time>
      </trkpt>
      <trkpt lat="44.14079" lon="-73.73898">
        <ele>686.58</ele>
        <time>2026-04-11T13:38:49Z</time>
      </trkpt>
      <trkpt lat="44.14079" lon="-73.73899">
        <ele>686.6</ele>
        <time>2026-04-11T13:38:50Z</time>
      </trkpt>
      <trkpt lat="44.1408" lon="-73.73903">
        <ele>686.92</ele>
        <time>2026-04-11T13:38:57Z</time>
      </trkpt>
      <trkpt lat="44.1408" lon="-73.73901">
        <ele>686.92</ele>
        <time>2026-04-11T13:39:03Z</time>
      </trkpt>
      <trkpt lat="44.14079" lon="-73.739">
        <ele>686.6</ele>
        <time>2026-04-11T13:39:06Z</time>
      </trkpt>
      <trkpt lat="44.1408" lon="-73.739">
        <ele>686.92</ele>
        <time>2026-04-11T13:39:17Z</time>
      </trkpt>
      <trkpt lat="44.1408" lon="-73.73902">
        <ele>686.92</ele>
        <time>2026-04-11T13:39:19Z</time>
      </trkpt>
      <trkpt lat="44.14082" lon="-73.73903">
        <ele>687.57</ele>
        <time>2026-04-11T13:39:20Z</time>
      </trkpt>
      <trkpt lat="44.14082" lon="-73.73904">
        <ele>687.57</ele>
        <time>2026-04-11T13:39:21Z</time>
      </trkpt>
      <trkpt lat="44.14083" lon="-73.73904">
        <ele>687.89</ele>
        <time>2026-04-11T13:39:22Z</time>
      </trkpt>
      <trkpt lat="44.14084" lon="-73.73906">
        <ele>688.22</ele>
        <time>2026-04-11T13:39:25Z</time>
      </trkpt>
      <trkpt lat="44.14085" lon="-73.7391">
        <ele>688.26</ele>
        <time>2026-04-11T13:39:29Z</time>
      </trkpt>
      <trkpt lat="44.14086" lon="-73.7391">
        <ele>688.58</ele>
        <time>2026-04-11T13:39:35Z</time>
      </trkpt>
      <trkpt lat="44.14086" lon="-73.73911">
        <ele>688.48</ele>
        <time>2026-04-11T13:39:40Z</time>
      </trkpt>
      <trkpt lat="44.14087" lon="-73.73915">
        <ele>688.37</ele>
        <time>2026-04-11T13:39:48Z</time>
      </trkpt>
      <trkpt lat="44.14091" lon="-73.73917">
        <ele>689.45</ele>
        <time>2026-04-11T13:39:55Z</time>
      </trkpt>
      <trkpt lat="44.14094" lon="-73.73918">
        <ele>690.16</ele>
        <time>2026-04-11T13:39:59Z</time>
      </trkpt>
      <trkpt lat="44.14098" lon="-73.73919">
        <ele>690.92</ele>
        <time>2026-04-11T13:40:05Z</time>
      </trkpt>
      <trkpt lat="44.14101" lon="-73.7392">
        <ele>691.46</ele>
        <time>2026-04-11T13:40:12Z</time>
      </trkpt>
      <trkpt lat="44.14102" lon="-73.73919">
        <ele>691.76</ele>
        <time>2026-04-11T13:40:14Z</time>
      </trkpt>
      <trkpt lat="44.14104" lon="-73.73918">
        <ele>692.09</ele>
        <time>2026-04-11T13:40:19Z</time>
      </trkpt>
      <trkpt lat="44.14104" lon="-73.7392">
        <ele>691.87</ele>
        <time>2026-04-11T13:40:25Z</time>
      </trkpt>
      <trkpt lat="44.14105" lon="-73.73921">
        <ele>691.87</ele>
        <time>2026-04-11T13:40:28Z</time>
      </trkpt>
      <trkpt lat="44.14109" lon="-73.73921">
        <ele>692.3</ele>
        <time>2026-04-11T13:40:33Z</time>
      </trkpt>
      <trkpt lat="44.1411" lon="-73.73921">
        <ele>692.41</ele>
        <time>2026-04-11T13:40:34Z</time>
      </trkpt>
      <trkpt lat="44.14113" lon="-73.73923">
        <ele>693.0</ele>
        <time>2026-04-11T13:40:41Z</time>
      </trkpt>
      <trkpt lat="44.14119" lon="-73.73923">
        <ele>695.19</ele>
        <time>2026-04-11T13:40:50Z</time>
      </trkpt>
      <trkpt lat="44.1412" lon="-73.73924">
        <ele>695.65</ele>
        <time>2026-04-11T13:40:53Z</time>
      </trkpt>
      <trkpt lat="44.14124" lon="-73.73926">
        <ele>696.78</ele>
        <time>2026-04-11T13:40:58Z</time>
      </trkpt>
      <trkpt lat="44.14127" lon="-73.7393">
        <ele>697.62</ele>
        <time>2026-04-11T13:41:04Z</time>
      </trkpt>
      <trkpt lat="44.14127" lon="-73.73931">
        <ele>697.67</ele>
        <time>2026-04-11T13:41:06Z</time>
      </trkpt>
      <trkpt lat="44.14127" lon="-73.73936">
        <ele>697.81</ele>
        <time>2026-04-11T13:41:13Z</time>
      </trkpt>
      <trkpt lat="44.14127" lon="-73.73938">
        <ele>697.69</ele>
        <time>2026-04-11T13:41:20Z</time>
      </trkpt>
      <trkpt lat="44.14133" lon="-73.7394">
        <ele>699.55</ele>
        <time>2026-04-11T13:41:27Z</time>
      </trkpt>
      <trkpt lat="44.14136" lon="-73.73941">
        <ele>700.12</ele>
        <time>2026-04-11T13:41:30Z</time>
      </trkpt>
      <trkpt lat="44.14138" lon="-73.73942">
        <ele>700.57</ele>
        <time>2026-04-11T13:41:35Z</time>
      </trkpt>
      <trkpt lat="44.14141" lon="-73.73947">
        <ele>701.0</ele>
        <time>2026-04-11T13:41:41Z</time>
      </trkpt>
      <trkpt lat="44.14146" lon="-73.73947">
        <ele>701.0</ele>
        <time>2026-04-11T13:41:47Z</time>
      </trkpt>
      <trkpt lat="44.14148" lon="-73.73947">
        <ele>701.0</ele>
        <time>2026-04-11T13:41:49Z</time>
      </trkpt>
      <trkpt lat="44.14152" lon="-73.73953">
        <ele>700.97</ele>
        <time>2026-04-11T13:41:56Z</time>
      </trkpt>
      <trkpt lat="44.14152" lon="-73.73954">
        <ele>700.98</ele>
        <time>2026-04-11T13:41:57Z</time>
      </trkpt>
      <trkpt lat="44.14153" lon="-73.73956">
        <ele>700.88</ele>
        <time>2026-04-11T13:42:02Z</time>
      </trkpt>
      <trkpt lat="44.14153" lon="-73.73955">
        <ele>700.93</ele>
        <time>2026-04-11T13:42:06Z</time>
      </trkpt>
      <trkpt lat="44.14153" lon="-73.73953">
        <ele>700.96</ele>
        <time>2026-04-11T13:42:12Z</time>
      </trkpt>
      <trkpt lat="44.14154" lon="-73.73954">
        <ele>700.99</ele>
        <time>2026-04-11T13:42:15Z</time>
      </trkpt>
      <trkpt lat="44.14153" lon="-73.73955">
        <ele>700.93</ele>
        <time>2026-04-11T13:42:18Z</time>
      </trkpt>
      <trkpt lat="44.14152" lon="-73.73954">
        <ele>700.98</ele>
        <time>2026-04-11T13:42:23Z</time>
      </trkpt>
      <trkpt lat="44.14152" lon="-73.73953">
        <ele>700.97</ele>
        <time>2026-04-11T13:42:26Z</time>
      </trkpt>
      <trkpt lat="44.14151" lon="-73.73956">
        <ele>700.83</ele>
        <time>2026-04-11T13:42:34Z</time>
      </trkpt>
      <trkpt lat="44.14151" lon="-73.73956">
        <ele>700.83</ele>
        <time>2026-04-11T13:42:40Z</time>
      </trkpt>
      <trkpt lat="44.14149" lon="-73.73956">
        <ele>700.77</ele>
        <time>2026-04-11T13:42:53Z</time>
      </trkpt>
      <trkpt lat="44.14152" lon="-73.73956">
        <ele>700.86</ele>
        <time>2026-04-11T13:43:11Z</time>
      </trkpt>
      <trkpt lat="44.14153" lon="-73.73956">
        <ele>700.88</ele>
        <time>2026-04-11T13:43:26Z</time>
      </trkpt>
      <trkpt lat="44.14153" lon="-73.73955">
        <ele>700.93</ele>
        <time>2026-04-11T13:43:27Z</time>
      </trkpt>
      <trkpt lat="44.14154" lon="-73.73955">
        <ele>700.95</ele>
        <time>2026-04-11T13:43:28Z</time>
      </trkpt>
      <trkpt lat="44.14154" lon="-73.73953">
        <ele>700.95</ele>
        <time>2026-04-11T13:43:34Z</time>
      </trkpt>
      <trkpt lat="44.14153" lon="-73.73954">
        <ele>700.98</ele>
        <time>2026-04-11T13:43:41Z</time>
      </trkpt>
      <trkpt lat="44.14153" lon="-73.73954">
        <ele>700.98</ele>
        <time>2026-04-11T13:43:43Z</time>
      </trkpt>
      <trkpt lat="44.14153" lon="-73.73953">
        <ele>700.96</ele>
        <time>2026-04-11T13:43:44Z</time>
      </trkpt>
      <trkpt lat="44.14153" lon="-73.73954">
        <ele>700.98</ele>
        <time>2026-04-11T13:43:53Z</time>
      </trkpt>
      <trkpt lat="44.14156" lon="-73.73954">
        <ele>701.0</ele>
        <time>2026-04-11T13:44:11Z</time>
      </trkpt>
      <trkpt lat="44.14162" lon="-73.73952">
        <ele>700.72</ele>
        <time>2026-04-11T13:44:19Z</time>
      </trkpt>
      <trkpt lat="44.14164" lon="-73.73952">
        <ele>700.68</ele>
        <time>2026-04-11T13:44:21Z</time>
      </trkpt>
      <trkpt lat="44.14167" lon="-73.7395">
        <ele>700.14</ele>
        <time>2026-04-11T13:44:25Z</time>
      </trkpt>
      <trkpt lat="44.14168" lon="-73.7395">
        <ele>699.97</ele>
        <time>2026-04-11T13:44:26Z</time>
      </trkpt>
      <trkpt lat="44.14168" lon="-73.73952">
        <ele>700.37</ele>
        <time>2026-04-11T13:44:34Z</time>
      </trkpt>
      <trkpt lat="44.14173" lon="-73.73954">
        <ele>699.61</ele>
        <time>2026-04-11T13:44:38Z</time>
      </trkpt>
      <trkpt lat="44.14174" lon="-73.73955">
        <ele>699.31</ele>
        <time>2026-04-11T13:44:40Z</time>
      </trkpt>
      <trkpt lat="44.14176" lon="-73.73957">
        <ele>698.6</ele>
        <time>2026-04-11T13:44:47Z</time>
      </trkpt>
      <trkpt lat="44.14178" lon="-73.73958">
        <ele>697.31</ele>
        <time>2026-04-11T13:44:53Z</time>
      </trkpt>
      <trkpt lat="44.1418" lon="-73.73958">
        <ele>696.13</ele>
        <time>2026-04-11T13:44:55Z</time>
      </trkpt>
      <trkpt lat="44.14183" lon="-73.73957">
        <ele>694.55</ele>
        <time>2026-04-11T13:44:58Z</time>
      </trkpt>
      <trkpt lat="44.14186" lon="-73.73956">
        <ele>693.53</ele>
        <time>2026-04-11T13:45:02Z</time>
      </trkpt>
      <trkpt lat="44.14192" lon="-73.73951">
        <ele>694.29</ele>
        <time>2026-04-11T13:45:10Z</time>
      </trkpt>
      <trkpt lat="44.14195" lon="-73.73945">
        <ele>694.95</ele>
        <time>2026-04-11T13:45:19Z</time>
      </trkpt>
      <trkpt lat="44.14201" lon="-73.73944">
        <ele>695.0</ele>
        <time>2026-04-11T13:45:28Z</time>
      </trkpt>
      <trkpt lat="44.14205" lon="-73.73941">
        <ele>695.14</ele>
        <time>2026-04-11T13:45:33Z</time>
      </trkpt>
      <trkpt lat="44.14206" lon="-73.73939">
        <ele>695.25</ele>
        <time>2026-04-11T13:45:36Z</time>
      </trkpt>
      <trkpt lat="44.14207" lon="-73.73935">
        <ele>695.36</ele>
        <time>2026-04-11T13:45:41Z</time>
      </trkpt>
      <trkpt lat="44.14207" lon="-73.73935">
        <ele>695.36</ele>
        <time>2026-04-11T13:45:42Z</time>
      </trkpt>
      <trkpt lat="44.14208" lon="-73.73933">
        <ele>695.46</ele>
        <time>2026-04-11T13:45:44Z</time>
      </trkpt>
      <trkpt lat="44.14208" lon="-73.73932">
        <ele>695.46</ele>
        <time>2026-04-11T13:45:45Z</time>
      </trkpt>
      <trkpt lat="44.14206" lon="-73.73928">
        <ele>695.25</ele>
        <time>2026-04-11T13:45:52Z</time>
      </trkpt>
      <trkpt lat="44.14202" lon="-73.73928">
        <ele>695.0</ele>
        <time>2026-04-11T13:46:04Z</time>
      </trkpt>
      <trkpt lat="44.14201" lon="-73.73928">
        <ele>695.0</ele>
        <time>2026-04-11T13:46:06Z</time>
      </trkpt>
      <trkpt lat="44.14201" lon="-73.73927">
        <ele>695.0</ele>
        <time>2026-04-11T13:46:08Z</time>
      </trkpt>
      <trkpt lat="44.14201" lon="-73.73925">
        <ele>695.07</ele>
        <time>2026-04-11T13:46:10Z</time>
      </trkpt>
      <trkpt lat="44.14202" lon="-73.73925">
        <ele>695.08</ele>
        <time>2026-04-11T13:46:11Z</time>
      </trkpt>
      <trkpt lat="44.14205" lon="-73.73918">
        <ele>695.88</ele>
        <time>2026-04-11T13:46:17Z</time>
      </trkpt>
      <trkpt lat="44.14204" lon="-73.73915">
        <ele>696.18</ele>
        <time>2026-04-11T13:46:19Z</time>
      </trkpt>
      <trkpt lat="44.14205" lon="-73.73908">
        <ele>696.94</ele>
        <time>2026-04-11T13:46:27Z</time>
      </trkpt>
      <trkpt lat="44.14208" lon="-73.739">
        <ele>697.8</ele>
        <time>2026-04-11T13:46:34Z</time>
      </trkpt>
      <trkpt lat="44.14208" lon="-73.739">
        <ele>697.8</ele>
        <time>2026-04-11T13:46:41Z</time>
      </trkpt>
      <trkpt lat="44.14209" lon="-73.73894">
        <ele>698.45</ele>
        <time>2026-04-11T13:46:48Z</time>
      </trkpt>
      <trkpt lat="44.14208" lon="-73.73893">
        <ele>698.56</ele>
        <time>2026-04-11T13:46:49Z</time>
      </trkpt>
      <trkpt lat="44.14209" lon="-73.7389">
        <ele>698.88</ele>
        <time>2026-04-11T13:46:56Z</time>
      </trkpt>
      <trkpt lat="44.14208" lon="-73.73884">
        <ele>699.24</ele>
        <time>2026-04-11T13:47:03Z</time>
      </trkpt>
      <trkpt lat="44.14206" lon="-73.73883">
        <ele>699.16</ele>
        <time>2026-04-11T13:47:05Z</time>
      </trkpt>
      <trkpt lat="44.14205" lon="-73.73882">
        <ele>699.1</ele>
        <time>2026-04-11T13:47:06Z</time>
      </trkpt>
      <trkpt lat="44.14201" lon="-73.73873">
        <ele>699.42</ele>
        <time>2026-04-11T13:47:15Z</time>
      </trkpt>
      <trkpt lat="44.14201" lon="-73.73869">
        <ele>699.86</ele>
        <time>2026-04-11T13:47:18Z</time>
      </trkpt>
      <trkpt lat="44.14201" lon="-73.73868">
        <ele>699.96</ele>
        <time>2026-04-11T13:47:19Z</time>
      </trkpt>
      <trkpt lat="44.142" lon="-73.73867">
        <ele>699.96</ele>
        <time>2026-04-11T13:47:20Z</time>
      </trkpt>
      <trkpt lat="44.142" lon="-73.73866">
        <ele>700.07</ele>
        <time>2026-04-11T13:47:22Z</time>
      </trkpt>
      <trkpt lat="44.14199" lon="-73.73862">
        <ele>700.4</ele>
        <time>2026-04-11T13:47:26Z</time>
      </trkpt>
      <trkpt lat="44.142" lon="-73.73862">
        <ele>700.5</ele>
        <time>2026-04-11T13:47:27Z</time>
      </trkpt>
      <trkpt lat="44.142" lon="-73.73859">
        <ele>700.6</ele>
        <time>2026-04-11T13:47:30Z</time>
      </trkpt>
      <trkpt lat="44.14201" lon="-73.73854">
        <ele>700.71</ele>
        <time>2026-04-11T13:47:37Z</time>
      </trkpt>
      <trkpt lat="44.14201" lon="-73.73852">
        <ele>700.71</ele>
        <time>2026-04-11T13:47:39Z</time>
      </trkpt>
      <trkpt lat="44.14203" lon="-73.73848">
        <ele>701.31</ele>
        <time>2026-04-11T13:47:44Z</time>
      </trkpt>
      <trkpt lat="44.14205" lon="-73.73847">
        <ele>701.66</ele>
        <time>2026-04-11T13:47:47Z</time>
      </trkpt>
      <trkpt lat="44.14208" lon="-73.73844">
        <ele>702.31</ele>
        <time>2026-04-11T13:47:53Z</time>
      </trkpt>
      <trkpt lat="44.14208" lon="-73.73843">
        <ele>702.42</ele>
        <time>2026-04-11T13:47:55Z</time>
      </trkpt>
      <trkpt lat="44.1421" lon="-73.7384">
        <ele>702.87</ele>
        <time>2026-04-11T13:48:01Z</time>
      </trkpt>
      <trkpt lat="44.1421" lon="-73.7384">
        <ele>702.87</ele>
        <time>2026-04-11T13:48:02Z</time>
      </trkpt>
      <trkpt lat="44.14211" lon="-73.73838">
        <ele>703.18</ele>
        <time>2026-04-11T13:48:05Z</time>
      </trkpt>
      <trkpt lat="44.14213" lon="-73.73835">
        <ele>703.82</ele>
        <time>2026-04-11T13:48:10Z</time>
      </trkpt>
      <trkpt lat="44.14215" lon="-73.73834">
        <ele>703.94</ele>
        <time>2026-04-11T13:48:13Z</time>
      </trkpt>
      <trkpt lat="44.14221" lon="-73.73831">
        <ele>704.22</ele>
        <time>2026-04-11T13:48:23Z</time>
      </trkpt>
      <trkpt lat="44.14222" lon="-73.73831">
        <ele>704.25</ele>
        <time>2026-04-11T13:48:24Z</time>
      </trkpt>
      <trkpt lat="44.14224" lon="-73.73827">
        <ele>704.88</ele>
        <time>2026-04-11T13:48:29Z</time>
      </trkpt>
      <trkpt lat="44.14224" lon="-73.73826">
        <ele>704.98</ele>
        <time>2026-04-11T13:48:30Z</time>
      </trkpt>
      <trkpt lat="44.14225" lon="-73.73824">
        <ele>705.31</ele>
        <time>2026-04-11T13:48:33Z</time>
      </trkpt>
      <trkpt lat="44.14227" lon="-73.73821">
        <ele>705.85</ele>
        <time>2026-04-11T13:48:38Z</time>
      </trkpt>
      <trkpt lat="44.14227" lon="-73.7382">
        <ele>705.96</ele>
        <time>2026-04-11T13:48:39Z</time>
      </trkpt>
      <trkpt lat="44.1423" lon="-73.73816">
        <ele>706.71</ele>
        <time>2026-04-11T13:48:45Z</time>
      </trkpt>
      <trkpt lat="44.14232" lon="-73.73816">
        <ele>706.93</ele>
        <time>2026-04-11T13:48:49Z</time>
      </trkpt>
      <trkpt lat="44.14235" lon="-73.73814">
        <ele>707.47</ele>
        <time>2026-04-11T13:48:54Z</time>
      </trkpt>
      <trkpt lat="44.14237" lon="-73.73812">
        <ele>707.9</ele>
        <time>2026-04-11T13:48:59Z</time>
      </trkpt>
      <trkpt lat="44.14238" lon="-73.73811">
        <ele>708.12</ele>
        <time>2026-04-11T13:49:01Z</time>
      </trkpt>
      <trkpt lat="44.1424" lon="-73.73809">
        <ele>708.55</ele>
        <time>2026-04-11T13:49:08Z</time>
      </trkpt>
      <trkpt lat="44.1424" lon="-73.73809">
        <ele>708.55</ele>
        <time>2026-04-11T13:49:09Z</time>
      </trkpt>
      <trkpt lat="44.14241" lon="-73.73808">
        <ele>708.76</ele>
        <time>2026-04-11T13:49:11Z</time>
      </trkpt>
      <trkpt lat="44.14244" lon="-73.73805">
        <ele>709.43</ele>
        <time>2026-04-11T13:49:18Z</time>
      </trkpt>
      <trkpt lat="44.14248" lon="-73.73802">
        <ele>710.47</ele>
        <time>2026-04-11T13:49:26Z</time>
      </trkpt>
      <trkpt lat="44.14252" lon="-73.738">
        <ele>711.63</ele>
        <time>2026-04-11T13:49:37Z</time>
      </trkpt>
      <trkpt lat="44.14255" lon="-73.73799">
        <ele>712.5</ele>
        <time>2026-04-11T13:49:44Z</time>
      </trkpt>
      <trkpt lat="44.14257" lon="-73.73798">
        <ele>713.14</ele>
        <time>2026-04-11T13:49:47Z</time>
      </trkpt>
      <trkpt lat="44.1426" lon="-73.73795">
        <ele>714.44</ele>
        <time>2026-04-11T13:49:52Z</time>
      </trkpt>
      <trkpt lat="44.14261" lon="-73.73792">
        <ele>715.3</ele>
        <time>2026-04-11T13:49:58Z</time>
      </trkpt>
      <trkpt lat="44.14262" lon="-73.7379">
        <ele>715.95</ele>
        <time>2026-04-11T13:50:01Z</time>
      </trkpt>
      <trkpt lat="44.14264" lon="-73.73787">
        <ele>717.03</ele>
        <time>2026-04-11T13:50:05Z</time>
      </trkpt>
      <trkpt lat="44.14264" lon="-73.73787">
        <ele>717.03</ele>
        <time>2026-04-11T13:50:06Z</time>
      </trkpt>
      <trkpt lat="44.14264" lon="-73.73788">
        <ele>716.82</ele>
        <time>2026-04-11T13:50:08Z</time>
      </trkpt>
      <trkpt lat="44.14263" lon="-73.7379">
        <ele>716.17</ele>
        <time>2026-04-11T13:50:13Z</time>
      </trkpt>
      <trkpt lat="44.14266" lon="-73.73786">
        <ele>717.68</ele>
        <time>2026-04-11T13:50:23Z</time>
      </trkpt>
      <trkpt lat="44.14268" lon="-73.73784">
        <ele>718.54</ele>
        <time>2026-04-11T13:50:26Z</time>
      </trkpt>
      <trkpt lat="44.14269" lon="-73.73782">
        <ele>719.19</ele>
        <time>2026-04-11T13:50:31Z</time>
      </trkpt>
      <trkpt lat="44.1427" lon="-73.73782">
        <ele>719.41</ele>
        <time>2026-04-11T13:50:33Z</time>
      </trkpt>
      <trkpt lat="44.14271" lon="-73.73783">
        <ele>719.41</ele>
        <time>2026-04-11T13:50:36Z</time>
      </trkpt>
      <trkpt lat="44.14273" lon="-73.73783">
        <ele>719.84</ele>
        <time>2026-04-11T13:50:42Z</time>
      </trkpt>
      <trkpt lat="44.14273" lon="-73.73782">
        <ele>720.06</ele>
        <time>2026-04-11T13:50:43Z</time>
      </trkpt>
      <trkpt lat="44.14275" lon="-73.73779">
        <ele>721.14</ele>
        <time>2026-04-11T13:50:48Z</time>
      </trkpt>
      <trkpt lat="44.14276" lon="-73.73778">
        <ele>721.57</ele>
        <time>2026-04-11T13:50:53Z</time>
      </trkpt>
      <trkpt lat="44.14276" lon="-73.73779">
        <ele>721.35</ele>
        <time>2026-04-11T13:50:54Z</time>
      </trkpt>
      <trkpt lat="44.14279" lon="-73.7378">
        <ele>721.65</ele>
        <time>2026-04-11T13:51:02Z</time>
      </trkpt>
      <trkpt lat="44.14281" lon="-73.73778">
        <ele>722.3</ele>
        <time>2026-04-11T13:51:07Z</time>
      </trkpt>
      <trkpt lat="44.14283" lon="-73.73776">
        <ele>722.86</ele>
        <time>2026-04-11T13:51:13Z</time>
      </trkpt>
      <trkpt lat="44.14284" lon="-73.73777">
        <ele>722.81</ele>
        <time>2026-04-11T13:51:18Z</time>
      </trkpt>
      <trkpt lat="44.14286" lon="-73.73776">
        <ele>723.25</ele>
        <time>2026-04-11T13:51:23Z</time>
      </trkpt>
      <trkpt lat="44.14287" lon="-73.73776">
        <ele>723.38</ele>
        <time>2026-04-11T13:51:26Z</time>
      </trkpt>
      <trkpt lat="44.1429" lon="-73.73777">
        <ele>723.49</ele>
        <time>2026-04-11T13:51:31Z</time>
      </trkpt>
      <trkpt lat="44.14294" lon="-73.73779">
        <ele>723.49</ele>
        <time>2026-04-11T13:51:36Z</time>
      </trkpt>
      <trkpt lat="44.14295" lon="-73.73779">
        <ele>723.6</ele>
        <time>2026-04-11T13:51:38Z</time>
      </trkpt>
      <trkpt lat="44.14303" lon="-73.73779">
        <ele>724.56</ele>
        <time>2026-04-11T13:51:45Z</time>
      </trkpt>
      <trkpt lat="44.14303" lon="-73.73778">
        <ele>724.69</ele>
        <time>2026-04-11T13:51:47Z</time>
      </trkpt>
      <trkpt lat="44.14309" lon="-73.73776">
        <ele>725.76</ele>
        <time>2026-04-11T13:51:56Z</time>
      </trkpt>
      <trkpt lat="44.14313" lon="-73.73774">
        <ele>726.62</ele>
        <time>2026-04-11T13:52:00Z</time>
      </trkpt>
      <trkpt lat="44.14315" lon="-73.73773">
        <ele>727.05</ele>
        <time>2026-04-11T13:52:04Z</time>
      </trkpt>
      <trkpt lat="44.14318" lon="-73.73773">
        <ele>727.38</ele>
        <time>2026-04-11T13:52:10Z</time>
      </trkpt>
      <trkpt lat="44.1432" lon="-73.73775">
        <ele>727.16</ele>
        <time>2026-04-11T13:52:14Z</time>
      </trkpt>
      <trkpt lat="44.14325" lon="-73.73777">
        <ele>727.27</ele>
        <time>2026-04-11T13:52:21Z</time>
      </trkpt>
      <trkpt lat="44.14326" lon="-73.73777">
        <ele>727.38</ele>
        <time>2026-04-11T13:52:22Z</time>
      </trkpt>
      <trkpt lat="44.1433" lon="-73.73775">
        <ele>728.24</ele>
        <time>2026-04-11T13:52:29Z</time>
      </trkpt>
      <trkpt lat="44.14332" lon="-73.73775">
        <ele>728.46</ele>
        <time>2026-04-11T13:52:31Z</time>
      </trkpt>
      <trkpt lat="44.14338" lon="-73.73774">
        <ele>728.82</ele>
        <time>2026-04-11T13:52:39Z</time>
      </trkpt>
      <trkpt lat="44.14342" lon="-73.73773">
        <ele>729.03</ele>
        <time>2026-04-11T13:52:44Z</time>
      </trkpt>
      <trkpt lat="44.14346" lon="-73.73772">
        <ele>729.48</ele>
        <time>2026-04-11T13:52:50Z</time>
      </trkpt>
      <trkpt lat="44.14353" lon="-73.73767">
        <ele>731.33</ele>
        <time>2026-04-11T13:53:00Z</time>
      </trkpt>
      <trkpt lat="44.14358" lon="-73.73765">
        <ele>731.76</ele>
        <time>2026-04-11T13:53:06Z</time>
      </trkpt>
      <trkpt lat="44.1436" lon="-73.73764">
        <ele>731.98</ele>
        <time>2026-04-11T13:53:09Z</time>
      </trkpt>
      <trkpt lat="44.14361" lon="-73.73765">
        <ele>731.76</ele>
        <time>2026-04-11T13:53:13Z</time>
      </trkpt>
      <trkpt lat="44.14368" lon="-73.73762">
        <ele>732.19</ele>
        <time>2026-04-11T13:53:19Z</time>
      </trkpt>
      <trkpt lat="44.14374" lon="-73.73754">
        <ele>734.48</ele>
        <time>2026-04-11T13:53:27Z</time>
      </trkpt>
      <trkpt lat="44.14375" lon="-73.73752">
        <ele>734.96</ele>
        <time>2026-04-11T13:53:28Z</time>
      </trkpt>
      <trkpt lat="44.14375" lon="-73.73752">
        <ele>734.96</ele>
        <time>2026-04-11T13:53:29Z</time>
      </trkpt>
      <trkpt lat="44.14376" lon="-73.73751">
        <ele>735.13</ele>
        <time>2026-04-11T13:53:37Z</time>
      </trkpt>
      <trkpt lat="44.14379" lon="-73.73752">
        <ele>734.62</ele>
        <time>2026-04-11T13:53:44Z</time>
      </trkpt>
      <trkpt lat="44.1438" lon="-73.73752">
        <ele>734.56</ele>
        <time>2026-04-11T13:53:47Z</time>
      </trkpt>
      <trkpt lat="44.14382" lon="-73.73752">
        <ele>734.51</ele>
        <time>2026-04-11T13:53:52Z</time>
      </trkpt>
      <trkpt lat="44.14386" lon="-73.73749">
        <ele>735.32</ele>
        <time>2026-04-11T13:53:58Z</time>
      </trkpt>
      <trkpt lat="44.14388" lon="-73.73748">
        <ele>735.65</ele>
        <time>2026-04-11T13:54:04Z</time>
      </trkpt>
      <trkpt lat="44.14391" lon="-73.73746">
        <ele>736.07</ele>
        <time>2026-04-11T13:54:10Z</time>
      </trkpt>
      <trkpt lat="44.14396" lon="-73.73744">
        <ele>736.18</ele>
        <time>2026-04-11T13:54:17Z</time>
      </trkpt>
      <trkpt lat="44.14398" lon="-73.73744">
        <ele>735.96</ele>
        <time>2026-04-11T13:54:20Z</time>
      </trkpt>
      <trkpt lat="44.14399" lon="-73.73744">
        <ele>735.85</ele>
        <time>2026-04-11T13:54:22Z</time>
      </trkpt>
      <trkpt lat="44.14404" lon="-73.73744">
        <ele>735.31</ele>
        <time>2026-04-11T13:54:29Z</time>
      </trkpt>
      <trkpt lat="44.14405" lon="-73.73744">
        <ele>735.2</ele>
        <time>2026-04-11T13:54:31Z</time>
      </trkpt>
      <trkpt lat="44.14406" lon="-73.73744">
        <ele>735.1</ele>
        <time>2026-04-11T13:54:33Z</time>
      </trkpt>
      <trkpt lat="44.14412" lon="-73.73741">
        <ele>734.91</ele>
        <time>2026-04-11T13:54:39Z</time>
      </trkpt>
      <trkpt lat="44.14419" lon="-73.73737">
        <ele>735.92</ele>
        <time>2026-04-11T13:54:48Z</time>
      </trkpt>
      <trkpt lat="44.14419" lon="-73.73736">
        <ele>736.43</ele>
        <time>2026-04-11T13:54:49Z</time>
      </trkpt>
      <trkpt lat="44.14421" lon="-73.73736">
        <ele>736.32</ele>
        <time>2026-04-11T13:54:53Z</time>
      </trkpt>
      <trkpt lat="44.14424" lon="-73.73736">
        <ele>736.15</ele>
        <time>2026-04-11T13:54:58Z</time>
      </trkpt>
      <trkpt lat="44.14426" lon="-73.73733">
        <ele>737.34</ele>
        <time>2026-04-11T13:55:04Z</time>
      </trkpt>
      <trkpt lat="44.14428" lon="-73.73731">
        <ele>737.92</ele>
        <time>2026-04-11T13:55:06Z</time>
      </trkpt>
      <trkpt lat="44.1443" lon="-73.73729">
        <ele>738.25</ele>
        <time>2026-04-11T13:55:12Z</time>
      </trkpt>
      <trkpt lat="44.14431" lon="-73.73728">
        <ele>738.37</ele>
        <time>2026-04-11T13:55:13Z</time>
      </trkpt>
      <trkpt lat="44.14434" lon="-73.73724">
        <ele>738.85</ele>
        <time>2026-04-11T13:55:22Z</time>
      </trkpt>
      <trkpt lat="44.14436" lon="-73.73723">
        <ele>738.84</ele>
        <time>2026-04-11T13:55:24Z</time>
      </trkpt>
      <trkpt lat="44.14437" lon="-73.73722">
        <ele>739.06</ele>
        <time>2026-04-11T13:55:28Z</time>
      </trkpt>
      <trkpt lat="44.14439" lon="-73.73722">
        <ele>739.05</ele>
        <time>2026-04-11T13:55:31Z</time>
      </trkpt>
      <trkpt lat="44.14441" lon="-73.73721">
        <ele>739.23</ele>
        <time>2026-04-11T13:55:34Z</time>
      </trkpt>
      <trkpt lat="44.14446" lon="-73.73714">
        <ele>740.07</ele>
        <time>2026-04-11T13:55:43Z</time>
      </trkpt>
      <trkpt lat="44.14446" lon="-73.73712">
        <ele>740.48</ele>
        <time>2026-04-11T13:55:44Z</time>
      </trkpt>
      <trkpt lat="44.14446" lon="-73.73707">
        <ele>742.1</ele>
        <time>2026-04-11T13:55:51Z</time>
      </trkpt>
      <trkpt lat="44.14445" lon="-73.73705">
        <ele>742.64</ele>
        <time>2026-04-11T13:55:53Z</time>
      </trkpt>
      <trkpt lat="44.1444" lon="-73.73703">
        <ele>744.23</ele>
        <time>2026-04-11T13:55:59Z</time>
      </trkpt>
      <trkpt lat="44.14438" lon="-73.73703">
        <ele>744.64</ele>
        <time>2026-04-11T13:56:02Z</time>
      </trkpt>
      <trkpt lat="44.14432" lon="-73.73702">
        <ele>745.9</ele>
        <time>2026-04-11T13:56:08Z</time>
      </trkpt>
      <trkpt lat="44.14431" lon="-73.73702">
        <ele>746.0</ele>
        <time>2026-04-11T13:56:09Z</time>
      </trkpt>
      <trkpt lat="44.14428" lon="-73.73703">
        <ele>746.0</ele>
        <time>2026-04-11T13:56:12Z</time>
      </trkpt>
      <trkpt lat="44.14427" lon="-73.73703">
        <ele>746.11</ele>
        <time>2026-04-11T13:56:15Z</time>
      </trkpt>
      <trkpt lat="44.14426" lon="-73.73703">
        <ele>746.22</ele>
        <time>2026-04-11T13:56:17Z</time>
      </trkpt>
      <trkpt lat="44.14424" lon="-73.73702">
        <ele>746.76</ele>
        <time>2026-04-11T13:56:21Z</time>
      </trkpt>
      <trkpt lat="44.1442" lon="-73.73702">
        <ele>747.19</ele>
        <time>2026-04-11T13:56:27Z</time>
      </trkpt>
      <trkpt lat="44.14419" lon="-73.73702">
        <ele>747.3</ele>
        <time>2026-04-11T13:56:30Z</time>
      </trkpt>
      <trkpt lat="44.14418" lon="-73.73698">
        <ele>748.7</ele>
        <time>2026-04-11T13:56:37Z</time>
      </trkpt>
      <trkpt lat="44.14418" lon="-73.73697">
        <ele>749.03</ele>
        <time>2026-04-11T13:56:40Z</time>
      </trkpt>
      <trkpt lat="44.14416" lon="-73.73693">
        <ele>750.78</ele>
        <time>2026-04-11T13:56:49Z</time>
      </trkpt>
      <trkpt lat="44.14415" lon="-73.73692">
        <ele>751.32</ele>
        <time>2026-04-11T13:56:51Z</time>
      </trkpt>
      <trkpt lat="44.14414" lon="-73.73689">
        <ele>752.94</ele>
        <time>2026-04-11T13:56:56Z</time>
      </trkpt>
      <trkpt lat="44.14413" lon="-73.73688">
        <ele>753.48</ele>
        <time>2026-04-11T13:56:58Z</time>
      </trkpt>
      <trkpt lat="44.14412" lon="-73.73686">
        <ele>754.56</ele>
        <time>2026-04-11T13:57:00Z</time>
      </trkpt>
      <trkpt lat="44.14413" lon="-73.73686">
        <ele>754.56</ele>
        <time>2026-04-11T13:57:02Z</time>
      </trkpt>
      <trkpt lat="44.14412" lon="-73.73685">
        <ele>755.08</ele>
        <time>2026-04-11T13:57:05Z</time>
      </trkpt>
      <trkpt lat="44.1441" lon="-73.73683">
        <ele>755.94</ele>
        <time>2026-04-11T13:57:10Z</time>
      </trkpt>
      <trkpt lat="44.14412" lon="-73.73684">
        <ele>755.51</ele>
        <time>2026-04-11T13:57:19Z</time>
      </trkpt>
      <trkpt lat="44.14412" lon="-73.73685">
        <ele>755.08</ele>
        <time>2026-04-11T13:57:20Z</time>
      </trkpt>
      <trkpt lat="44.14414" lon="-73.73683">
        <ele>755.94</ele>
        <time>2026-04-11T13:57:28Z</time>
      </trkpt>
      <trkpt lat="44.14415" lon="-73.73683">
        <ele>755.94</ele>
        <time>2026-04-11T13:57:37Z</time>
      </trkpt>
      <trkpt lat="44.1441" lon="-73.73685">
        <ele>755.08</ele>
        <time>2026-04-11T13:57:45Z</time>
      </trkpt>
      <trkpt lat="44.14409" lon="-73.73686">
        <ele>754.56</ele>
        <time>2026-04-11T13:57:47Z</time>
      </trkpt>
      <trkpt lat="44.14408" lon="-73.73686">
        <ele>754.56</ele>
        <time>2026-04-11T13:57:58Z</time>
      </trkpt>
      <trkpt lat="44.1441" lon="-73.73684">
        <ele>755.51</ele>
        <time>2026-04-11T13:58:15Z</time>
      </trkpt>
      <trkpt lat="44.14417" lon="-73.7368">
        <ele>757.22</ele>
        <time>2026-04-11T13:58:23Z</time>
      </trkpt>
      <trkpt lat="44.14418" lon="-73.7368">
        <ele>757.18</ele>
        <time>2026-04-11T13:58:28Z</time>
      </trkpt>
      <trkpt lat="44.1442" lon="-73.73679">
        <ele>757.55</ele>
        <time>2026-04-11T13:58:31Z</time>
      </trkpt>
      <trkpt lat="44.1442" lon="-73.73678">
        <ele>758.02</ele>
        <time>2026-04-11T13:58:33Z</time>
      </trkpt>
      <trkpt lat="44.14423" lon="-73.73678">
        <ele>757.95</ele>
        <time>2026-04-11T13:58:39Z</time>
      </trkpt>
      <trkpt lat="44.14426" lon="-73.73677">
        <ele>758.41</ele>
        <time>2026-04-11T13:58:44Z</time>
      </trkpt>
      <trkpt lat="44.14427" lon="-73.73676">
        <ele>758.84</ele>
        <time>2026-04-11T13:58:48Z</time>
      </trkpt>
      <trkpt lat="44.1443" lon="-73.73674">
        <ele>759.28</ele>
        <time>2026-04-11T13:58:53Z</time>
      </trkpt>
      <trkpt lat="44.14431" lon="-73.73674">
        <ele>759.19</ele>
        <time>2026-04-11T13:58:54Z</time>
      </trkpt>
      <trkpt lat="44.14432" lon="-73.73673">
        <ele>759.5</ele>
        <time>2026-04-11T13:58:56Z</time>
      </trkpt>
      <trkpt lat="44.14434" lon="-73.73672">
        <ele>759.77</ele>
        <time>2026-04-11T13:59:00Z</time>
      </trkpt>
      <trkpt lat="44.14436" lon="-73.73672">
        <ele>759.7</ele>
        <time>2026-04-11T13:59:06Z</time>
      </trkpt>
      <trkpt lat="44.1444" lon="-73.73672">
        <ele>759.7</ele>
        <time>2026-04-11T13:59:10Z</time>
      </trkpt>
      <trkpt lat="44.14442" lon="-73.73672">
        <ele>759.7</ele>
        <time>2026-04-11T13:59:13Z</time>
      </trkpt>
      <trkpt lat="44.14444" lon="-73.73672">
        <ele>759.7</ele>
        <time>2026-04-11T13:59:17Z</time>
      </trkpt>
      <trkpt lat="44.14444" lon="-73.73672">
        <ele>759.7</ele>
        <time>2026-04-11T13:59:19Z</time>
      </trkpt>
      <trkpt lat="44.14446" lon="-73.73672">
        <ele>759.6</ele>
        <time>2026-04-11T13:59:23Z</time>
      </trkpt>
      <trkpt lat="44.14447" lon="-73.73672">
        <ele>759.54</ele>
        <time>2026-04-11T13:59:25Z</time>
      </trkpt>
      <trkpt lat="44.14448" lon="-73.73672">
        <ele>759.47</ele>
        <time>2026-04-11T13:59:28Z</time>
      </trkpt>
      <trkpt lat="44.14449" lon="-73.73673">
        <ele>758.93</ele>
        <time>2026-04-11T13:59:32Z</time>
      </trkpt>
      <trkpt lat="44.1445" lon="-73.73673">
        <ele>758.85</ele>
        <time>2026-04-11T13:59:43Z</time>
      </trkpt>
      <trkpt lat="44.14451" lon="-73.73671">
        <ele>759.8</ele>
        <time>2026-04-11T13:59:50Z</time>
      </trkpt>
      <trkpt lat="44.1445" lon="-73.73673">
        <ele>758.85</ele>
        <time>2026-04-11T13:59:55Z</time>
      </trkpt>
      <trkpt lat="44.14451" lon="-73.73671">
        <ele>759.8</ele>
        <time>2026-04-11T14:00:08Z</time>
      </trkpt>
      <trkpt lat="44.14451" lon="-73.73671">
        <ele>759.8</ele>
        <time>2026-04-11T14:00:13Z</time>
      </trkpt>
      <trkpt lat="44.14454" lon="-73.73673">
        <ele>758.56</ele>
        <time>2026-04-11T14:00:20Z</time>
      </trkpt>
      <trkpt lat="44.14454" lon="-73.73673">
        <ele>758.56</ele>
        <time>2026-04-11T14:00:21Z</time>
      </trkpt>
      <trkpt lat="44.14455" lon="-73.73674">
        <ele>757.93</ele>
        <time>2026-04-11T14:00:22Z</time>
      </trkpt>
      <trkpt lat="44.14455" lon="-73.73674">
        <ele>757.93</ele>
        <time>2026-04-11T14:00:26Z</time>
      </trkpt>
      <trkpt lat="44.14456" lon="-73.73675">
        <ele>757.28</ele>
        <time>2026-04-11T14:00:27Z</time>
      </trkpt>
      <trkpt lat="44.14457" lon="-73.73675">
        <ele>757.18</ele>
        <time>2026-04-11T14:00:28Z</time>
      </trkpt>
      <trkpt lat="44.14459" lon="-73.73676">
        <ele>756.38</ele>
        <time>2026-04-11T14:00:31Z</time>
      </trkpt>
      <trkpt lat="44.14461" lon="-73.73677">
        <ele>755.52</ele>
        <time>2026-04-11T14:00:33Z</time>
      </trkpt>
      <trkpt lat="44.14461" lon="-73.73677">
        <ele>755.52</ele>
        <time>2026-04-11T14:00:34Z</time>
      </trkpt>
      <trkpt lat="44.14462" lon="-73.73677">
        <ele>755.41</ele>
        <time>2026-04-11T14:00:35Z</time>
      </trkpt>
      <trkpt lat="44.14464" lon="-73.73678">
        <ele>754.63</ele>
        <time>2026-04-11T14:00:39Z</time>
      </trkpt>
      <trkpt lat="44.14465" lon="-73.73678">
        <ele>754.61</ele>
        <time>2026-04-11T14:00:41Z</time>
      </trkpt>
      <trkpt lat="44.14465" lon="-73.73678">
        <ele>754.61</ele>
        <time>2026-04-11T14:00:42Z</time>
      </trkpt>
      <trkpt lat="44.14468" lon="-73.73678">
        <ele>754.53</ele>
        <time>2026-04-11T14:00:49Z</time>
      </trkpt>
      <trkpt lat="44.14469" lon="-73.73678">
        <ele>754.51</ele>
        <time>2026-04-11T14:00:51Z</time>
      </trkpt>
      <trkpt lat="44.14471" lon="-73.73679">
        <ele>753.72</ele>
        <time>2026-04-11T14:00:52Z</time>
      </trkpt>
      <trkpt lat="44.14479" lon="-73.73683">
        <ele>751.21</ele>
        <time>2026-04-11T14:01:00Z</time>
      </trkpt>
      <trkpt lat="44.14481" lon="-73.73683">
        <ele>751.38</ele>
        <time>2026-04-11T14:01:03Z</time>
      </trkpt>
      <trkpt lat="44.14485" lon="-73.73686">
        <ele>751.47</ele>
        <time>2026-04-11T14:01:10Z</time>
      </trkpt>
      <trkpt lat="44.1449" lon="-73.73688">
        <ele>753.66</ele>
        <time>2026-04-11T14:01:18Z</time>
      </trkpt>
      <trkpt lat="44.14492" lon="-73.73688">
        <ele>754.37</ele>
        <time>2026-04-11T14:01:24Z</time>
      </trkpt>
      <trkpt lat="44.14494" lon="-73.73688">
        <ele>754.95</ele>
        <time>2026-04-11T14:01:28Z</time>
      </trkpt>
      <trkpt lat="44.14498" lon="-73.73689">
        <ele>756.03</ele>
        <time>2026-04-11T14:01:34Z</time>
      </trkpt>
      <trkpt lat="44.145" lon="-73.73689">
        <ele>756.59</ele>
        <time>2026-04-11T14:01:39Z</time>
      </trkpt>
      <trkpt lat="44.14503" lon="-73.73686">
        <ele>756.94</ele>
        <time>2026-04-11T14:01:44Z</time>
      </trkpt>
      <trkpt lat="44.14504" lon="-73.73683">
        <ele>757.81</ele>
        <time>2026-04-11T14:01:49Z</time>
      </trkpt>
      <trkpt lat="44.14503" lon="-73.73683">
        <ele>757.78</ele>
        <time>2026-04-11T14:01:50Z</time>
      </trkpt>
      <trkpt lat="44.14505" lon="-73.7368">
        <ele>758.98</ele>
        <time>2026-04-11T14:01:57Z</time>
      </trkpt>
      <trkpt lat="44.14505" lon="-73.7368">
        <ele>758.98</ele>
        <time>2026-04-11T14:01:58Z</time>
      </trkpt>
      <trkpt lat="44.14506" lon="-73.73678">
        <ele>759.83</ele>
        <time>2026-04-11T14:02:04Z</time>
      </trkpt>
      <trkpt lat="44.14506" lon="-73.73677">
        <ele>760.22</ele>
        <time>2026-04-11T14:02:05Z</time>
      </trkpt>
      <trkpt lat="44.14508" lon="-73.73676">
        <ele>760.83</ele>
        <time>2026-04-11T14:02:11Z</time>
      </trkpt>
      <trkpt lat="44.14507" lon="-73.73676">
        <ele>760.73</ele>
        <time>2026-04-11T14:02:14Z</time>
      </trkpt>
      <trkpt lat="44.14507" lon="-73.73676">
        <ele>760.73</ele>
        <time>2026-04-11T14:02:15Z</time>
      </trkpt>
      <trkpt lat="44.14508" lon="-73.73674">
        <ele>761.9</ele>
        <time>2026-04-11T14:02:21Z</time>
      </trkpt>
      <trkpt lat="44.14509" lon="-73.73673">
        <ele>762.55</ele>
        <time>2026-04-11T14:02:23Z</time>
      </trkpt>
      <trkpt lat="44.14511" lon="-73.73669">
        <ele>765.12</ele>
        <time>2026-04-11T14:02:28Z</time>
      </trkpt>
      <trkpt lat="44.14511" lon="-73.73666">
        <ele>766.74</ele>
        <time>2026-04-11T14:02:33Z</time>
      </trkpt>
      <trkpt lat="44.14511" lon="-73.73666">
        <ele>766.74</ele>
        <time>2026-04-11T14:02:37Z</time>
      </trkpt>
      <trkpt lat="44.14511" lon="-73.73666">
        <ele>766.74</ele>
        <time>2026-04-11T14:02:40Z</time>
      </trkpt>
      <trkpt lat="44.14513" lon="-73.73662">
        <ele>769.33</ele>
        <time>2026-04-11T14:02:47Z</time>
      </trkpt>
      <trkpt lat="44.14514" lon="-73.73661">
        <ele>770.08</ele>
        <time>2026-04-11T14:02:51Z</time>
      </trkpt>
      <trkpt lat="44.14515" lon="-73.7366">
        <ele>770.84</ele>
        <time>2026-04-11T14:02:55Z</time>
      </trkpt>
      <trkpt lat="44.14515" lon="-73.7366">
        <ele>770.84</ele>
        <time>2026-04-11T14:02:56Z</time>
      </trkpt>
      <trkpt lat="44.14519" lon="-73.7366">
        <ele>771.65</ele>
        <time>2026-04-11T14:03:02Z</time>
      </trkpt>
      <trkpt lat="44.14519" lon="-73.7366">
        <ele>771.65</ele>
        <time>2026-04-11T14:03:03Z</time>
      </trkpt>
      <trkpt lat="44.14519" lon="-73.7366">
        <ele>771.65</ele>
        <time>2026-04-11T14:03:04Z</time>
      </trkpt>
      <trkpt lat="44.14519" lon="-73.7366">
        <ele>771.65</ele>
        <time>2026-04-11T14:03:07Z</time>
      </trkpt>
      <trkpt lat="44.14522" lon="-73.7366">
        <ele>771.98</ele>
        <time>2026-04-11T14:03:11Z</time>
      </trkpt>
      <trkpt lat="44.14522" lon="-73.73659">
        <ele>772.52</ele>
        <time>2026-04-11T14:03:14Z</time>
      </trkpt>
      <trkpt lat="44.14523" lon="-73.73659">
        <ele>772.62</ele>
        <time>2026-04-11T14:03:15Z</time>
      </trkpt>
      <trkpt lat="44.14523" lon="-73.73658">
        <ele>773.16</ele>
        <time>2026-04-11T14:03:18Z</time>
      </trkpt>
      <trkpt lat="44.14523" lon="-73.73654">
        <ele>774.78</ele>
        <time>2026-04-11T14:03:23Z</time>
      </trkpt>
      <trkpt lat="44.14524" lon="-73.73654">
        <ele>774.85</ele>
        <time>2026-04-11T14:03:26Z</time>
      </trkpt>
      <trkpt lat="44.14525" lon="-73.73655">
        <ele>774.56</ele>
        <time>2026-04-11T14:03:29Z</time>
      </trkpt>
      <trkpt lat="44.14526" lon="-73.73654">
        <ele>774.98</ele>
        <time>2026-04-11T14:03:33Z</time>
      </trkpt>
      <trkpt lat="44.14527" lon="-73.73654">
        <ele>775.05</ele>
        <time>2026-04-11T14:03:35Z</time>
      </trkpt>
      <trkpt lat="44.14528" lon="-73.73654">
        <ele>775.11</ele>
        <time>2026-04-11T14:03:37Z</time>
      </trkpt>
      <trkpt lat="44.14531" lon="-73.73654">
        <ele>775.23</ele>
        <time>2026-04-11T14:03:41Z</time>
      </trkpt>
      <trkpt lat="44.14535" lon="-73.73656">
        <ele>774.57</ele>
        <time>2026-04-11T14:03:50Z</time>
      </trkpt>
      <trkpt lat="44.14537" lon="-73.73656">
        <ele>774.61</ele>
        <time>2026-04-11T14:03:53Z</time>
      </trkpt>
      <trkpt lat="44.14541" lon="-73.73656">
        <ele>775.04</ele>
        <time>2026-04-11T14:03:58Z</time>
      </trkpt>
      <trkpt lat="44.14541" lon="-73.7366">
        <ele>773.31</ele>
        <time>2026-04-11T14:04:08Z</time>
      </trkpt>
      <trkpt lat="44.14541" lon="-73.73657">
        <ele>774.6</ele>
        <time>2026-04-11T14:04:17Z</time>
      </trkpt>
      <trkpt lat="44.14543" lon="-73.73653">
        <ele>776.55</ele>
        <time>2026-04-11T14:04:25Z</time>
      </trkpt>
      <trkpt lat="44.14544" lon="-73.73652">
        <ele>777.09</ele>
        <time>2026-04-11T14:04:26Z</time>
      </trkpt>
      <trkpt lat="44.14545" lon="-73.73651">
        <ele>777.63</ele>
        <time>2026-04-11T14:04:28Z</time>
      </trkpt>
      <trkpt lat="44.1455" lon="-73.73645">
        <ele>780.02</ele>
        <time>2026-04-11T14:04:38Z</time>
      </trkpt>
      <trkpt lat="44.1455" lon="-73.73645">
        <ele>780.02</ele>
        <time>2026-04-11T14:04:40Z</time>
      </trkpt>
      <trkpt lat="44.1455" lon="-73.73645">
        <ele>780.02</ele>
        <time>2026-04-11T14:04:41Z</time>
      </trkpt>
      <trkpt lat="44.14551" lon="-73.73644">
        <ele>780.34</ele>
        <time>2026-04-11T14:04:45Z</time>
      </trkpt>
      <trkpt lat="44.14551" lon="-73.73644">
        <ele>780.34</ele>
        <time>2026-04-11T14:04:48Z</time>
      </trkpt>
      <trkpt lat="44.1455" lon="-73.73644">
        <ele>780.34</ele>
        <time>2026-04-11T14:04:51Z</time>
      </trkpt>
      <trkpt lat="44.14549" lon="-73.73644">
        <ele>780.34</ele>
        <time>2026-04-11T14:04:55Z</time>
      </trkpt>
      <trkpt lat="44.14548" lon="-73.73645">
        <ele>780.02</ele>
        <time>2026-04-11T14:04:59Z</time>
      </trkpt>
      <trkpt lat="44.14549" lon="-73.73643">
        <ele>780.67</ele>
        <time>2026-04-11T14:05:05Z</time>
      </trkpt>
      <trkpt lat="44.14548" lon="-73.73643">
        <ele>780.67</ele>
        <time>2026-04-11T14:05:11Z</time>
      </trkpt>
      <trkpt lat="44.14547" lon="-73.73644">
        <ele>780.34</ele>
        <time>2026-04-11T14:05:13Z</time>
      </trkpt>
      <trkpt lat="44.14548" lon="-73.7364">
        <ele>781.64</ele>
        <time>2026-04-11T14:05:19Z</time>
      </trkpt>
      <trkpt lat="44.14549" lon="-73.73639">
        <ele>781.96</ele>
        <time>2026-04-11T14:05:20Z</time>
      </trkpt>
      <trkpt lat="44.14549" lon="-73.73638">
        <ele>782.36</ele>
        <time>2026-04-11T14:05:21Z</time>
      </trkpt>
      <trkpt lat="44.14549" lon="-73.73637">
        <ele>782.76</ele>
        <time>2026-04-11T14:05:22Z</time>
      </trkpt>
      <trkpt lat="44.14551" lon="-73.73636">
        <ele>783.09</ele>
        <time>2026-04-11T14:05:28Z</time>
      </trkpt>
      <trkpt lat="44.14552" lon="-73.73636">
        <ele>783.06</ele>
        <time>2026-04-11T14:05:30Z</time>
      </trkpt>
      <trkpt lat="44.14553" lon="-73.73636">
        <ele>783.02</ele>
        <time>2026-04-11T14:05:32Z</time>
      </trkpt>
      <trkpt lat="44.14554" lon="-73.73634">
        <ele>783.67</ele>
        <time>2026-04-11T14:05:36Z</time>
      </trkpt>
      <trkpt lat="44.14555" lon="-73.73634">
        <ele>783.62</ele>
        <time>2026-04-11T14:05:37Z</time>
      </trkpt>
      <trkpt lat="44.14556" lon="-73.73631">
        <ele>784.56</ele>
        <time>2026-04-11T14:05:45Z</time>
      </trkpt>
      <trkpt lat="44.14556" lon="-73.7363">
        <ele>784.88</ele>
        <time>2026-04-11T14:05:46Z</time>
      </trkpt>
      <trkpt lat="44.14556" lon="-73.73629">
        <ele>785.27</ele>
        <time>2026-04-11T14:05:52Z</time>
      </trkpt>
      <trkpt lat="44.14555" lon="-73.73629">
        <ele>785.33</ele>
        <time>2026-04-11T14:05:53Z</time>
      </trkpt>
      <trkpt lat="44.14555" lon="-73.73624">
        <ele>787.49</ele>
        <time>2026-04-11T14:06:03Z</time>
      </trkpt>
      <trkpt lat="44.14556" lon="-73.73621">
        <ele>788.68</ele>
        <time>2026-04-11T14:06:09Z</time>
      </trkpt>
      <trkpt lat="44.14557" lon="-73.73619">
        <ele>789.73</ele>
        <time>2026-04-11T14:06:12Z</time>
      </trkpt>
      <trkpt lat="44.14555" lon="-73.73615">
        <ele>792.51</ele>
        <time>2026-04-11T14:06:19Z</time>
      </trkpt>
      <trkpt lat="44.1455" lon="-73.73612">
        <ele>794.48</ele>
        <time>2026-04-11T14:06:28Z</time>
      </trkpt>
      <trkpt lat="44.14546" lon="-73.73609">
        <ele>796.13</ele>
        <time>2026-04-11T14:06:34Z</time>
      </trkpt>
      <trkpt lat="44.14545" lon="-73.73609">
        <ele>796.11</ele>
        <time>2026-04-11T14:06:36Z</time>
      </trkpt>
      <trkpt lat="44.14544" lon="-73.73607">
        <ele>797.11</ele>
        <time>2026-04-11T14:06:39Z</time>
      </trkpt>
      <trkpt lat="44.14543" lon="-73.73607">
        <ele>797.06</ele>
        <time>2026-04-11T14:06:41Z</time>
      </trkpt>
      <trkpt lat="44.14541" lon="-73.73606">
        <ele>797.44</ele>
        <time>2026-04-11T14:06:44Z</time>
      </trkpt>
      <trkpt lat="44.14538" lon="-73.73602">
        <ele>799.04</ele>
        <time>2026-04-11T14:06:51Z</time>
      </trkpt>
      <trkpt lat="44.14537" lon="-73.73601">
        <ele>799.18</ele>
        <time>2026-04-11T14:06:54Z</time>
      </trkpt>
      <trkpt lat="44.14537" lon="-73.736">
        <ele>799.4</ele>
        <time>2026-04-11T14:06:59Z</time>
      </trkpt>
      <trkpt lat="44.14538" lon="-73.736">
        <ele>799.5</ele>
        <time>2026-04-11T14:07:00Z</time>
      </trkpt>
      <trkpt lat="44.14538" lon="-73.73601">
        <ele>799.29</ele>
        <time>2026-04-11T14:07:01Z</time>
      </trkpt>
      <trkpt lat="44.14538" lon="-73.73601">
        <ele>799.29</ele>
        <time>2026-04-11T14:07:02Z</time>
      </trkpt>
      <trkpt lat="44.14538" lon="-73.73601">
        <ele>799.29</ele>
        <time>2026-04-11T14:07:04Z</time>
      </trkpt>
      <trkpt lat="44.14538" lon="-73.73601">
        <ele>799.29</ele>
        <time>2026-04-11T14:07:08Z</time>
      </trkpt>
      <trkpt lat="44.1454" lon="-73.73599">
        <ele>799.94</ele>
        <time>2026-04-11T14:07:14Z</time>
      </trkpt>
      <trkpt lat="44.14542" lon="-73.73598">
        <ele>800.37</ele>
        <time>2026-04-11T14:07:20Z</time>
      </trkpt>
      <trkpt lat="44.14543" lon="-73.73599">
        <ele>800.26</ele>
        <time>2026-04-11T14:07:24Z</time>
      </trkpt>
      <trkpt lat="44.14545" lon="-73.73598">
        <ele>800.69</ele>
        <time>2026-04-11T14:07:28Z</time>
      </trkpt>
      <trkpt lat="44.14544" lon="-73.73598">
        <ele>800.58</ele>
        <time>2026-04-11T14:07:29Z</time>
      </trkpt>
      <trkpt lat="44.14548" lon="-73.73596">
        <ele>801.26</ele>
        <time>2026-04-11T14:07:36Z</time>
      </trkpt>
      <trkpt lat="44.1455" lon="-73.73592">
        <ele>802.09</ele>
        <time>2026-04-11T14:07:40Z</time>
      </trkpt>
      <trkpt lat="44.14552" lon="-73.7359">
        <ele>802.45</ele>
        <time>2026-04-11T14:07:44Z</time>
      </trkpt>
      <trkpt lat="44.14552" lon="-73.73589">
        <ele>802.63</ele>
        <time>2026-04-11T14:07:46Z</time>
      </trkpt>
      <trkpt lat="44.14554" lon="-73.73586">
        <ele>803.3</ele>
        <time>2026-04-11T14:07:53Z</time>
      </trkpt>
      <trkpt lat="44.14555" lon="-73.73586">
        <ele>803.38</ele>
        <time>2026-04-11T14:07:54Z</time>
      </trkpt>
      <trkpt lat="44.14555" lon="-73.7358">
        <ele>804.66</ele>
        <time>2026-04-11T14:08:01Z</time>
      </trkpt>
      <trkpt lat="44.14555" lon="-73.73575">
        <ele>805.74</ele>
        <time>2026-04-11T14:08:08Z</time>
      </trkpt>
      <trkpt lat="44.14555" lon="-73.73573">
        <ele>806.06</ele>
        <time>2026-04-11T14:08:11Z</time>
      </trkpt>
      <trkpt lat="44.14555" lon="-73.73572">
        <ele>806.16</ele>
        <time>2026-04-11T14:08:21Z</time>
      </trkpt>
      <trkpt lat="44.14555" lon="-73.73573">
        <ele>806.06</ele>
        <time>2026-04-11T14:08:22Z</time>
      </trkpt>
      <trkpt lat="44.14556" lon="-73.73573">
        <ele>806.17</ele>
        <time>2026-04-11T14:08:24Z</time>
      </trkpt>
      <trkpt lat="44.14557" lon="-73.73574">
        <ele>806.17</ele>
        <time>2026-04-11T14:08:29Z</time>
      </trkpt>
      <trkpt lat="44.14558" lon="-73.73577">
        <ele>805.63</ele>
        <time>2026-04-11T14:08:36Z</time>
      </trkpt>
      <trkpt lat="44.14562" lon="-73.73577">
        <ele>806.06</ele>
        <time>2026-04-11T14:08:44Z</time>
      </trkpt>
      <trkpt lat="44.14564" lon="-73.73577">
        <ele>806.28</ele>
        <time>2026-04-11T14:08:48Z</time>
      </trkpt>
      <trkpt lat="44.14564" lon="-73.73577">
        <ele>806.28</ele>
        <time>2026-04-11T14:08:50Z</time>
      </trkpt>
      <trkpt lat="44.14565" lon="-73.73576">
        <ele>806.6</ele>
        <time>2026-04-11T14:08:55Z</time>
      </trkpt>
      <trkpt lat="44.14564" lon="-73.73574">
        <ele>806.93</ele>
        <time>2026-04-11T14:08:59Z</time>
      </trkpt>
      <trkpt lat="44.14563" lon="-73.73571">
        <ele>807.4</ele>
        <time>2026-04-11T14:09:03Z</time>
      </trkpt>
      <trkpt lat="44.14564" lon="-73.73569">
        <ele>807.96</ele>
        <time>2026-04-11T14:09:14Z</time>
      </trkpt>
      <trkpt lat="44.14565" lon="-73.73569">
        <ele>808.14</ele>
        <time>2026-04-11T14:09:21Z</time>
      </trkpt>
      <trkpt lat="44.14567" lon="-73.7357">
        <ele>808.32</ele>
        <time>2026-04-11T14:09:25Z</time>
      </trkpt>
      <trkpt lat="44.14568" lon="-73.73568">
        <ele>809.11</ele>
        <time>2026-04-11T14:09:31Z</time>
      </trkpt>
      <trkpt lat="44.14568" lon="-73.73568">
        <ele>809.11</ele>
        <time>2026-04-11T14:09:32Z</time>
      </trkpt>
      <trkpt lat="44.14567" lon="-73.73569">
        <ele>808.59</ele>
        <time>2026-04-11T14:09:36Z</time>
      </trkpt>
      <trkpt lat="44.14567" lon="-73.73568">
        <ele>808.86</ele>
        <time>2026-04-11T14:09:40Z</time>
      </trkpt>
      <trkpt lat="44.14568" lon="-73.73568">
        <ele>809.11</ele>
        <time>2026-04-11T14:09:41Z</time>
      </trkpt>
      <trkpt lat="44.1457" lon="-73.73564">
        <ele>811.09</ele>
        <time>2026-04-11T14:09:48Z</time>
      </trkpt>
      <trkpt lat="44.1457" lon="-73.73564">
        <ele>811.09</ele>
        <time>2026-04-11T14:09:51Z</time>
      </trkpt>
      <trkpt lat="44.14571" lon="-73.73564">
        <ele>811.44</ele>
        <time>2026-04-11T14:09:56Z</time>
      </trkpt>
      <trkpt lat="44.1457" lon="-73.73564">
        <ele>811.09</ele>
        <time>2026-04-11T14:09:59Z</time>
      </trkpt>
      <trkpt lat="44.1457" lon="-73.73563">
        <ele>811.6</ele>
        <time>2026-04-11T14:10:03Z</time>
      </trkpt>
      <trkpt lat="44.14571" lon="-73.73561">
        <ele>813.07</ele>
        <time>2026-04-11T14:10:07Z</time>
      </trkpt>
      <trkpt lat="44.14571" lon="-73.7356">
        <ele>813.61</ele>
        <time>2026-04-11T14:10:14Z</time>
      </trkpt>
      <trkpt lat="44.14571" lon="-73.73558">
        <ele>814.69</ele>
        <time>2026-04-11T14:10:19Z</time>
      </trkpt>
      <trkpt lat="44.14571" lon="-73.73556">
        <ele>815.77</ele>
        <time>2026-04-11T14:10:21Z</time>
      </trkpt>
      <trkpt lat="44.14571" lon="-73.73555">
        <ele>816.33</ele>
        <time>2026-04-11T14:10:25Z</time>
      </trkpt>
      <trkpt lat="44.1457" lon="-73.73555">
        <ele>815.69</ele>
        <time>2026-04-11T14:10:27Z</time>
      </trkpt>
      <trkpt lat="44.14567" lon="-73.73552">
        <ele>815.63</ele>
        <time>2026-04-11T14:10:34Z</time>
      </trkpt>
      <trkpt lat="44.14567" lon="-73.73552">
        <ele>815.63</ele>
        <time>2026-04-11T14:10:35Z</time>
      </trkpt>
      <trkpt lat="44.14569" lon="-73.73551">
        <ele>817.44</ele>
        <time>2026-04-11T14:10:45Z</time>
      </trkpt>
      <trkpt lat="44.1457" lon="-73.73549">
        <ele>819.21</ele>
        <time>2026-04-11T14:10:47Z</time>
      </trkpt>
      <trkpt lat="44.14572" lon="-73.73548">
        <ele>820.92</ele>
        <time>2026-04-11T14:10:53Z</time>
      </trkpt>
      <trkpt lat="44.14571" lon="-73.73545">
        <ele>821.85</ele>
        <time>2026-04-11T14:11:09Z</time>
      </trkpt>
      <trkpt lat="44.1457" lon="-73.73544">
        <ele>821.76</ele>
        <time>2026-04-11T14:11:11Z</time>
      </trkpt>
      <trkpt lat="44.14569" lon="-73.73544">
        <ele>821.28</ele>
        <time>2026-04-11T14:11:17Z</time>
      </trkpt>
      <trkpt lat="44.14569" lon="-73.73544">
        <ele>821.28</ele>
        <time>2026-04-11T14:11:18Z</time>
      </trkpt>
      <trkpt lat="44.14571" lon="-73.73544">
        <ele>822.25</ele>
        <time>2026-04-11T14:11:29Z</time>
      </trkpt>
      <trkpt lat="44.14571" lon="-73.73545">
        <ele>821.85</ele>
        <time>2026-04-11T14:11:34Z</time>
      </trkpt>
      <trkpt lat="44.1457" lon="-73.73544">
        <ele>821.76</ele>
        <time>2026-04-11T14:11:37Z</time>
      </trkpt>
      <trkpt lat="44.1457" lon="-73.73544">
        <ele>821.76</ele>
        <time>2026-04-11T14:11:38Z</time>
      </trkpt>
      <trkpt lat="44.1457" lon="-73.73542">
        <ele>822.6</ele>
        <time>2026-04-11T14:11:43Z</time>
      </trkpt>
      <trkpt lat="44.14569" lon="-73.73539">
        <ele>823.49</ele>
        <time>2026-04-11T14:11:47Z</time>
      </trkpt>
      <trkpt lat="44.14569" lon="-73.73539">
        <ele>823.49</ele>
        <time>2026-04-11T14:11:48Z</time>
      </trkpt>
      <trkpt lat="44.14568" lon="-73.73538">
        <ele>823.58</ele>
        <time>2026-04-11T14:11:54Z</time>
      </trkpt>
      <trkpt lat="44.14569" lon="-73.73538">
        <ele>823.93</ele>
        <time>2026-04-11T14:12:00Z</time>
      </trkpt>
      <trkpt lat="44.14569" lon="-73.73537">
        <ele>824.37</ele>
        <time>2026-04-11T14:12:12Z</time>
      </trkpt>
      <trkpt lat="44.14568" lon="-73.73537">
        <ele>824.04</ele>
        <time>2026-04-11T14:12:16Z</time>
      </trkpt>
      <trkpt lat="44.14569" lon="-73.73535">
        <ele>825.02</ele>
        <time>2026-04-11T14:12:25Z</time>
      </trkpt>
      <trkpt lat="44.14569" lon="-73.73535">
        <ele>825.02</ele>
        <time>2026-04-11T14:12:26Z</time>
      </trkpt>
      <trkpt lat="44.14568" lon="-73.73532">
        <ele>825.66</ele>
        <time>2026-04-11T14:12:32Z</time>
      </trkpt>
      <trkpt lat="44.14568" lon="-73.73532">
        <ele>825.66</ele>
        <time>2026-04-11T14:12:33Z</time>
      </trkpt>
      <trkpt lat="44.14568" lon="-73.73531">
        <ele>825.99</ele>
        <time>2026-04-11T14:12:42Z</time>
      </trkpt>
      <trkpt lat="44.14567" lon="-73.73532">
        <ele>825.34</ele>
        <time>2026-04-11T14:12:51Z</time>
      </trkpt>
      <trkpt lat="44.14565" lon="-73.73529">
        <ele>825.66</ele>
        <time>2026-04-11T14:12:58Z</time>
      </trkpt>
      <trkpt lat="44.14564" lon="-73.73528">
        <ele>825.57</ele>
        <time>2026-04-11T14:13:01Z</time>
      </trkpt>
      <trkpt lat="44.14563" lon="-73.73526">
        <ele>825.83</ele>
        <time>2026-04-11T14:13:04Z</time>
      </trkpt>
      <trkpt lat="44.14562" lon="-73.73524">
        <ele>826.13</ele>
        <time>2026-04-11T14:13:11Z</time>
      </trkpt>
      <trkpt lat="44.14561" lon="-73.73522">
        <ele>826.48</ele>
        <time>2026-04-11T14:13:20Z</time>
      </trkpt>
      <trkpt lat="44.1456" lon="-73.73521">
        <ele>826.5</ele>
        <time>2026-04-11T14:13:26Z</time>
      </trkpt>
      <trkpt lat="44.14559" lon="-73.7352">
        <ele>826.54</ele>
        <time>2026-04-11T14:13:27Z</time>
      </trkpt>
      <trkpt lat="44.14557" lon="-73.73519">
        <ele>826.27</ele>
        <time>2026-04-11T14:13:29Z</time>
      </trkpt>
      <trkpt lat="44.14557" lon="-73.73518">
        <ele>826.64</ele>
        <time>2026-04-11T14:13:30Z</time>
      </trkpt>
      <trkpt lat="44.14556" lon="-73.73518">
        <ele>826.31</ele>
        <time>2026-04-11T14:13:31Z</time>
      </trkpt>
      <trkpt lat="44.14556" lon="-73.73518">
        <ele>826.31</ele>
        <time>2026-04-11T14:13:36Z</time>
      </trkpt>
      <trkpt lat="44.14556" lon="-73.73517">
        <ele>826.64</ele>
        <time>2026-04-11T14:13:42Z</time>
      </trkpt>
      <trkpt lat="44.14556" lon="-73.73517">
        <ele>826.64</ele>
        <time>2026-04-11T14:13:43Z</time>
      </trkpt>
      <trkpt lat="44.14556" lon="-73.73517">
        <ele>826.64</ele>
        <time>2026-04-11T14:13:44Z</time>
      </trkpt>
      <trkpt lat="44.14555" lon="-73.73516">
        <ele>826.53</ele>
        <time>2026-04-11T14:13:46Z</time>
      </trkpt>
      <trkpt lat="44.14554" lon="-73.73514">
        <ele>826.71</ele>
        <time>2026-04-11T14:13:52Z</time>
      </trkpt>
      <trkpt lat="44.14556" lon="-73.73513">
        <ele>827.93</ele>
        <time>2026-04-11T14:13:56Z</time>
      </trkpt>
      <trkpt lat="44.14555" lon="-73.73512">
        <ele>827.85</ele>
        <time>2026-04-11T14:13:59Z</time>
      </trkpt>
      <trkpt lat="44.14555" lon="-73.73512">
        <ele>827.85</ele>
        <time>2026-04-11T14:14:02Z</time>
      </trkpt>
      <trkpt lat="44.14555" lon="-73.7351">
        <ele>828.52</ele>
        <time>2026-04-11T14:14:08Z</time>
      </trkpt>
      <trkpt lat="44.14554" lon="-73.7351">
        <ele>828.07</ele>
        <time>2026-04-11T14:14:10Z</time>
      </trkpt>
      <trkpt lat="44.14554" lon="-73.7351">
        <ele>828.07</ele>
        <time>2026-04-11T14:14:12Z</time>
      </trkpt>
      <trkpt lat="44.14554" lon="-73.73508">
        <ele>828.74</ele>
        <time>2026-04-11T14:14:17Z</time>
      </trkpt>
      <trkpt lat="44.14553" lon="-73.73508">
        <ele>828.3</ele>
        <time>2026-04-11T14:14:20Z</time>
      </trkpt>
      <trkpt lat="44.14553" lon="-73.73508">
        <ele>828.3</ele>
        <time>2026-04-11T14:14:25Z</time>
      </trkpt>
      <trkpt lat="44.14554" lon="-73.73508">
        <ele>828.74</ele>
        <time>2026-04-11T14:14:28Z</time>
      </trkpt>
      <trkpt lat="44.14556" lon="-73.73506">
        <ele>830.18</ele>
        <time>2026-04-11T14:14:36Z</time>
      </trkpt>
      <trkpt lat="44.14555" lon="-73.73506">
        <ele>829.82</ele>
        <time>2026-04-11T14:14:37Z</time>
      </trkpt>
      <trkpt lat="44.14555" lon="-73.73503">
        <ele>830.79</ele>
        <time>2026-04-11T14:14:43Z</time>
      </trkpt>
      <trkpt lat="44.14553" lon="-73.735">
        <ele>830.9</ele>
        <time>2026-04-11T14:14:52Z</time>
      </trkpt>
      <trkpt lat="44.14554" lon="-73.73498">
        <ele>831.8</ele>
        <time>2026-04-11T14:14:58Z</time>
      </trkpt>
      <trkpt lat="44.14553" lon="-73.73499">
        <ele>831.14</ele>
        <time>2026-04-11T14:14:59Z</time>
      </trkpt>
      <trkpt lat="44.14552" lon="-73.73498">
        <ele>830.98</ele>
        <time>2026-04-11T14:15:10Z</time>
      </trkpt>
      <trkpt lat="44.14549" lon="-73.73498">
        <ele>829.75</ele>
        <time>2026-04-11T14:15:20Z</time>
      </trkpt>
      <trkpt lat="44.14547" lon="-73.73495">
        <ele>829.88</ele>
        <time>2026-04-11T14:15:28Z</time>
      </trkpt>
      <trkpt lat="44.14546" lon="-73.73489">
        <ele>831.44</ele>
        <time>2026-04-11T14:15:36Z</time>
      </trkpt>
      <trkpt lat="44.14546" lon="-73.73488">
        <ele>831.76</ele>
        <time>2026-04-11T14:15:37Z</time>
      </trkpt>
      <trkpt lat="44.14545" lon="-73.73484">
        <ele>832.62</ele>
        <time>2026-04-11T14:15:46Z</time>
      </trkpt>
      <trkpt lat="44.14545" lon="-73.73483">
        <ele>832.95</ele>
        <time>2026-04-11T14:15:51Z</time>
      </trkpt>
      <trkpt lat="44.14545" lon="-73.73483">
        <ele>832.95</ele>
        <time>2026-04-11T14:15:53Z</time>
      </trkpt>
      <trkpt lat="44.14541" lon="-73.73479">
        <ele>832.4</ele>
        <time>2026-04-11T14:15:59Z</time>
      </trkpt>
      <trkpt lat="44.14541" lon="-73.73478">
        <ele>832.68</ele>
        <time>2026-04-11T14:16:00Z</time>
      </trkpt>
      <trkpt lat="44.14539" lon="-73.73476">
        <ele>832.5</ele>
        <time>2026-04-11T14:16:03Z</time>
      </trkpt>
      <trkpt lat="44.14537" lon="-73.73474">
        <ele>832.41</ele>
        <time>2026-04-11T14:16:08Z</time>
      </trkpt>
      <trkpt lat="44.14537" lon="-73.73474">
        <ele>832.41</ele>
        <time>2026-04-11T14:16:09Z</time>
      </trkpt>
      <trkpt lat="44.14538" lon="-73.73474">
        <ele>832.76</ele>
        <time>2026-04-11T14:16:10Z</time>
      </trkpt>
      <trkpt lat="44.14538" lon="-73.73475">
        <ele>832.44</ele>
        <time>2026-04-11T14:16:14Z</time>
      </trkpt>
      <trkpt lat="44.14538" lon="-73.73476">
        <ele>832.13</ele>
        <time>2026-04-11T14:16:16Z</time>
      </trkpt>
      <trkpt lat="44.14541" lon="-73.73478">
        <ele>832.68</ele>
        <time>2026-04-11T14:16:20Z</time>
      </trkpt>
      <trkpt lat="44.14543" lon="-73.73478">
        <ele>833.46</ele>
        <time>2026-04-11T14:16:23Z</time>
      </trkpt>
      <trkpt lat="44.14545" lon="-73.7348">
        <ele>833.78</ele>
        <time>2026-04-11T14:16:29Z</time>
      </trkpt>
      <trkpt lat="44.14545" lon="-73.7348">
        <ele>833.78</ele>
        <time>2026-04-11T14:16:30Z</time>
      </trkpt>
      <trkpt lat="44.14546" lon="-73.7348">
        <ele>834.2</ele>
        <time>2026-04-11T14:16:38Z</time>
      </trkpt>
      <trkpt lat="44.14546" lon="-73.7348">
        <ele>834.2</ele>
        <time>2026-04-11T14:16:39Z</time>
      </trkpt>
      <trkpt lat="44.14544" lon="-73.73477">
        <ele>834.1</ele>
        <time>2026-04-11T14:16:45Z</time>
      </trkpt>
      <trkpt lat="44.14544" lon="-73.73477">
        <ele>834.1</ele>
        <time>2026-04-11T14:16:46Z</time>
      </trkpt>
      <trkpt lat="44.14543" lon="-73.73476">
        <ele>833.97</ele>
        <time>2026-04-11T14:16:54Z</time>
      </trkpt>
      <trkpt lat="44.14544" lon="-73.73477">
        <ele>834.1</ele>
        <time>2026-04-11T14:17:02Z</time>
      </trkpt>
      <trkpt lat="44.14547" lon="-73.7348">
        <ele>834.48</ele>
        <time>2026-04-11T14:17:07Z</time>
      </trkpt>
      <trkpt lat="44.14547" lon="-73.7348">
        <ele>834.48</ele>
        <time>2026-04-11T14:17:08Z</time>
      </trkpt>
      <trkpt lat="44.14548" lon="-73.73476">
        <ele>835.66</ele>
        <time>2026-04-11T14:17:13Z</time>
      </trkpt>
      <trkpt lat="44.14548" lon="-73.73473">
        <ele>836.37</ele>
        <time>2026-04-11T14:17:16Z</time>
      </trkpt>
      <trkpt lat="44.14549" lon="-73.73471">
        <ele>837.31</ele>
        <time>2026-04-11T14:17:21Z</time>
      </trkpt>
      <trkpt lat="44.14547" lon="-73.73467">
        <ele>837.96</ele>
        <time>2026-04-11T14:17:27Z</time>
      </trkpt>
      <trkpt lat="44.14546" lon="-73.73466">
        <ele>837.92</ele>
        <time>2026-04-11T14:17:30Z</time>
      </trkpt>
      <trkpt lat="44.14543" lon="-73.73463">
        <ele>837.92</ele>
        <time>2026-04-11T14:17:35Z</time>
      </trkpt>
      <trkpt lat="44.14543" lon="-73.73462">
        <ele>838.21</ele>
        <time>2026-04-11T14:17:39Z</time>
      </trkpt>
      <trkpt lat="44.14544" lon="-73.73459">
        <ele>839.43</ele>
        <time>2026-04-11T14:17:43Z</time>
      </trkpt>
      <trkpt lat="44.14543" lon="-73.73458">
        <ele>839.35</ele>
        <time>2026-04-11T14:17:45Z</time>
      </trkpt>
      <trkpt lat="44.14543" lon="-73.73457">
        <ele>839.63</ele>
        <time>2026-04-11T14:17:47Z</time>
      </trkpt>
      <trkpt lat="44.14541" lon="-73.73454">
        <ele>839.63</ele>
        <time>2026-04-11T14:17:50Z</time>
      </trkpt>
      <trkpt lat="44.14539" lon="-73.73452">
        <ele>839.58</ele>
        <time>2026-04-11T14:17:53Z</time>
      </trkpt>
      <trkpt lat="44.14539" lon="-73.73451">
        <ele>840.02</ele>
        <time>2026-04-11T14:17:55Z</time>
      </trkpt>
      <trkpt lat="44.14537" lon="-73.73449">
        <ele>840.02</ele>
        <time>2026-04-11T14:18:00Z</time>
      </trkpt>
      <trkpt lat="44.14536" lon="-73.73447">
        <ele>840.48</ele>
        <time>2026-04-11T14:18:04Z</time>
      </trkpt>
      <trkpt lat="44.14534" lon="-73.73442">
        <ele>841.66</ele>
        <time>2026-04-11T14:18:12Z</time>
      </trkpt>
      <trkpt lat="44.14534" lon="-73.73439">
        <ele>842.85</ele>
        <time>2026-04-11T14:18:19Z</time>
      </trkpt>
      <trkpt lat="44.14534" lon="-73.73438">
        <ele>843.24</ele>
        <time>2026-04-11T14:18:20Z</time>
      </trkpt>
      <trkpt lat="44.14532" lon="-73.73433">
        <ele>844.22</ele>
        <time>2026-04-11T14:18:26Z</time>
      </trkpt>
      <trkpt lat="44.14532" lon="-73.73433">
        <ele>844.22</ele>
        <time>2026-04-11T14:18:27Z</time>
      </trkpt>
      <trkpt lat="44.14529" lon="-73.73429">
        <ele>844.33</ele>
        <time>2026-04-11T14:18:34Z</time>
      </trkpt>
      <trkpt lat="44.1453" lon="-73.73429">
        <ele>844.87</ele>
        <time>2026-04-11T14:18:35Z</time>
      </trkpt>
      <trkpt lat="44.14531" lon="-73.73429">
        <ele>845.41</ele>
        <time>2026-04-11T14:18:39Z</time>
      </trkpt>
      <trkpt lat="44.14532" lon="-73.73429">
        <ele>845.95</ele>
        <time>2026-04-11T14:18:41Z</time>
      </trkpt>
      <trkpt lat="44.14533" lon="-73.7343">
        <ele>846.06</ele>
        <time>2026-04-11T14:18:43Z</time>
      </trkpt>
      <trkpt lat="44.14533" lon="-73.7343">
        <ele>846.06</ele>
        <time>2026-04-11T14:18:44Z</time>
      </trkpt>
      <trkpt lat="44.14535" lon="-73.73431">
        <ele>846.71</ele>
        <time>2026-04-11T14:18:53Z</time>
      </trkpt>
      <trkpt lat="44.14535" lon="-73.7343">
        <ele>847.14</ele>
        <time>2026-04-11T14:18:57Z</time>
      </trkpt>
      <trkpt lat="44.14537" lon="-73.73431">
        <ele>847.79</ele>
        <time>2026-04-11T14:19:02Z</time>
      </trkpt>
      <trkpt lat="44.1454" lon="-73.73432">
        <ele>849.2</ele>
        <time>2026-04-11T14:19:09Z</time>
      </trkpt>
      <trkpt lat="44.14541" lon="-73.73431">
        <ele>850.33</ele>
        <time>2026-04-11T14:19:10Z</time>
      </trkpt>
      <trkpt lat="44.14543" lon="-73.73432">
        <ele>851.04</ele>
        <time>2026-04-11T14:19:18Z</time>
      </trkpt>
      <trkpt lat="44.14544" lon="-73.73432">
        <ele>851.65</ele>
        <time>2026-04-11T14:19:20Z</time>
      </trkpt>
      <trkpt lat="44.14546" lon="-73.73434">
        <ele>851.6</ele>
        <time>2026-04-11T14:19:25Z</time>
      </trkpt>
      <trkpt lat="44.14548" lon="-73.73435">
        <ele>852.23</ele>
        <time>2026-04-11T14:19:28Z</time>
      </trkpt>
      <trkpt lat="44.1455" lon="-73.73438">
        <ele>851.76</ele>
        <time>2026-04-11T14:19:35Z</time>
      </trkpt>
      <trkpt lat="44.14551" lon="-73.73438">
        <ele>852.37</ele>
        <time>2026-04-11T14:19:36Z</time>
      </trkpt>
      <trkpt lat="44.14552" lon="-73.7344">
        <ele>851.78</ele>
        <time>2026-04-11T14:19:40Z</time>
      </trkpt>
      <trkpt lat="44.14554" lon="-73.7344">
        <ele>852.96</ele>
        <time>2026-04-11T14:19:44Z</time>
      </trkpt>
      <trkpt lat="44.14555" lon="-73.73441">
        <ele>852.91</ele>
        <time>2026-04-11T14:19:51Z</time>
      </trkpt>
      <trkpt lat="44.14555" lon="-73.73441">
        <ele>852.91</ele>
        <time>2026-04-11T14:19:52Z</time>
      </trkpt>
      <trkpt lat="44.14557" lon="-73.73444">
        <ele>852.54</ele>
        <time>2026-04-11T14:19:59Z</time>
      </trkpt>
      <trkpt lat="44.14559" lon="-73.73446">
        <ele>853.12</ele>
        <time>2026-04-11T14:20:08Z</time>
      </trkpt>
      <trkpt lat="44.14557" lon="-73.73443">
        <ele>853.21</ele>
        <time>2026-04-11T14:20:16Z</time>
      </trkpt>
      <trkpt lat="44.14557" lon="-73.73444">
        <ele>852.54</ele>
        <time>2026-04-11T14:20:18Z</time>
      </trkpt>
      <trkpt lat="44.14556" lon="-73.73443">
        <ele>852.33</ele>
        <time>2026-04-11T14:20:36Z</time>
      </trkpt>
      <trkpt lat="44.14558" lon="-73.73443">
        <ele>854.09</ele>
        <time>2026-04-11T14:20:41Z</time>
      </trkpt>
      <trkpt lat="44.14559" lon="-73.73444">
        <ele>854.28</ele>
        <time>2026-04-11T14:20:45Z</time>
      </trkpt>
      <trkpt lat="44.14559" lon="-73.73445">
        <ele>853.67</ele>
        <time>2026-04-11T14:20:47Z</time>
      </trkpt>
      <trkpt lat="44.14558" lon="-73.73446">
        <ele>852.31</ele>
        <time>2026-04-11T14:20:55Z</time>
      </trkpt>
      <trkpt lat="44.14558" lon="-73.73447">
        <ele>851.79</ele>
        <time>2026-04-11T14:20:58Z</time>
      </trkpt>
      <trkpt lat="44.14561" lon="-73.73446">
        <ele>854.74</ele>
        <time>2026-04-11T14:21:03Z</time>
      </trkpt>
      <trkpt lat="44.14561" lon="-73.7344">
        <ele>858.87</ele>
        <time>2026-04-11T14:21:09Z</time>
      </trkpt>
      <trkpt lat="44.1456" lon="-73.73438">
        <ele>859.35</ele>
        <time>2026-04-11T14:21:11Z</time>
      </trkpt>
      <trkpt lat="44.14559" lon="-73.73435">
        <ele>860.49</ele>
        <time>2026-04-11T14:21:17Z</time>
      </trkpt>
      <trkpt lat="44.14557" lon="-73.73432">
        <ele>861.0</ele>
        <time>2026-04-11T14:21:29Z</time>
      </trkpt>
      <trkpt lat="44.14556" lon="-73.7343">
        <ele>861.83</ele>
        <time>2026-04-11T14:21:38Z</time>
      </trkpt>
      <trkpt lat="44.14557" lon="-73.7343">
        <ele>862.62</ele>
        <time>2026-04-11T14:21:39Z</time>
      </trkpt>
      <trkpt lat="44.14557" lon="-73.73429">
        <ele>863.44</ele>
        <time>2026-04-11T14:21:40Z</time>
      </trkpt>
      <trkpt lat="44.14556" lon="-73.73425">
        <ele>865.88</ele>
        <time>2026-04-11T14:21:45Z</time>
      </trkpt>
      <trkpt lat="44.14556" lon="-73.73425">
        <ele>865.88</ele>
        <time>2026-04-11T14:21:46Z</time>
      </trkpt>
      <trkpt lat="44.14555" lon="-73.73422">
        <ele>867.09</ele>
        <time>2026-04-11T14:21:50Z</time>
      </trkpt>
      <trkpt lat="44.14554" lon="-73.73419">
        <ele>868.27</ele>
        <time>2026-04-11T14:21:54Z</time>
      </trkpt>
      <trkpt lat="44.14553" lon="-73.73417">
        <ele>868.84</ele>
        <time>2026-04-11T14:21:57Z</time>
      </trkpt>
      <trkpt lat="44.14549" lon="-73.73411">
        <ele>869.18</ele>
        <time>2026-04-11T14:22:04Z</time>
      </trkpt>
      <trkpt lat="44.14547" lon="-73.73408">
        <ele>869.93</ele>
        <time>2026-04-11T14:22:09Z</time>
      </trkpt>
      <trkpt lat="44.14546" lon="-73.73406">
        <ele>870.39</ele>
        <time>2026-04-11T14:22:12Z</time>
      </trkpt>
      <trkpt lat="44.14545" lon="-73.73402">
        <ele>871.52</ele>
        <time>2026-04-11T14:22:20Z</time>
      </trkpt>
      <trkpt lat="44.14545" lon="-73.734">
        <ele>872.44</ele>
        <time>2026-04-11T14:22:27Z</time>
      </trkpt>
      <trkpt lat="44.14544" lon="-73.73399">
        <ele>872.35</ele>
        <time>2026-04-11T14:22:28Z</time>
      </trkpt>
      <trkpt lat="44.14541" lon="-73.73397">
        <ele>871.65</ele>
        <time>2026-04-11T14:22:33Z</time>
      </trkpt>
      <trkpt lat="44.14539" lon="-73.73395">
        <ele>871.62</ele>
        <time>2026-04-11T14:22:37Z</time>
      </trkpt>
      <trkpt lat="44.14542" lon="-73.73396">
        <ele>872.59</ele>
        <time>2026-04-11T14:22:46Z</time>
      </trkpt>
      <trkpt lat="44.14546" lon="-73.73397">
        <ele>874.22</ele>
        <time>2026-04-11T14:22:54Z</time>
      </trkpt>
      <trkpt lat="44.14548" lon="-73.73396">
        <ele>875.43</ele>
        <time>2026-04-11T14:23:00Z</time>
      </trkpt>
      <trkpt lat="44.14549" lon="-73.73397">
        <ele>875.54</ele>
        <time>2026-04-11T14:23:01Z</time>
      </trkpt>
      <trkpt lat="44.14551" lon="-73.73396">
        <ele>876.73</ele>
        <time>2026-04-11T14:23:05Z</time>
      </trkpt>
      <trkpt lat="44.14551" lon="-73.73397">
        <ele>876.4</ele>
        <time>2026-04-11T14:23:08Z</time>
      </trkpt>
      <trkpt lat="44.14556" lon="-73.73398">
        <ele>878.19</ele>
        <time>2026-04-11T14:23:16Z</time>
      </trkpt>
      <trkpt lat="44.14556" lon="-73.73392">
        <ele>880.14</ele>
        <time>2026-04-11T14:23:23Z</time>
      </trkpt>
      <trkpt lat="44.14555" lon="-73.73388">
        <ele>880.96</ele>
        <time>2026-04-11T14:23:26Z</time>
      </trkpt>
      <trkpt lat="44.14552" lon="-73.73381">
        <ele>881.82</ele>
        <time>2026-04-11T14:23:34Z</time>
      </trkpt>
      <trkpt lat="44.1455" lon="-73.73379">
        <ele>881.96</ele>
        <time>2026-04-11T14:23:41Z</time>
      </trkpt>
      <trkpt lat="44.14549" lon="-73.73378">
        <ele>881.99</ele>
        <time>2026-04-11T14:23:44Z</time>
      </trkpt>
      <trkpt lat="44.14549" lon="-73.73376">
        <ele>882.48</ele>
        <time>2026-04-11T14:23:48Z</time>
      </trkpt>
      <trkpt lat="44.14548" lon="-73.73377">
        <ele>881.99</ele>
        <time>2026-04-11T14:23:51Z</time>
      </trkpt>
      <trkpt lat="44.14547" lon="-73.73374">
        <ele>882.41</ele>
        <time>2026-04-11T14:23:57Z</time>
      </trkpt>
      <trkpt lat="44.14547" lon="-73.73374">
        <ele>882.41</ele>
        <time>2026-04-11T14:23:58Z</time>
      </trkpt>
      <trkpt lat="44.14546" lon="-73.73371">
        <ele>882.8</ele>
        <time>2026-04-11T14:24:05Z</time>
      </trkpt>
      <trkpt lat="44.14546" lon="-73.73369">
        <ele>883.38</ele>
        <time>2026-04-11T14:24:14Z</time>
      </trkpt>
      <trkpt lat="44.14547" lon="-73.73368">
        <ele>883.98</ele>
        <time>2026-04-11T14:24:15Z</time>
      </trkpt>
      <trkpt lat="44.14552" lon="-73.73367">
        <ele>885.72</ele>
        <time>2026-04-11T14:24:24Z</time>
      </trkpt>
      <trkpt lat="44.14555" lon="-73.73368">
        <ele>886.35</ele>
        <time>2026-04-11T14:24:31Z</time>
      </trkpt>
      <trkpt lat="44.14555" lon="-73.73368">
        <ele>886.35</ele>
        <time>2026-04-11T14:24:32Z</time>
      </trkpt>
      <trkpt lat="44.14555" lon="-73.73368">
        <ele>886.35</ele>
        <time>2026-04-11T14:24:33Z</time>
      </trkpt>
      <trkpt lat="44.14558" lon="-73.73371">
        <ele>886.59</ele>
        <time>2026-04-11T14:24:42Z</time>
      </trkpt>
      <trkpt lat="44.1456" lon="-73.73371">
        <ele>887.24</ele>
        <time>2026-04-11T14:24:45Z</time>
      </trkpt>
      <trkpt lat="44.14561" lon="-73.7337">
        <ele>887.84</ele>
        <time>2026-04-11T14:24:49Z</time>
      </trkpt>
      <trkpt lat="44.14561" lon="-73.73371">
        <ele>887.56</ele>
        <time>2026-04-11T14:24:51Z</time>
      </trkpt>
      <trkpt lat="44.14563" lon="-73.73375">
        <ele>886.91</ele>
        <time>2026-04-11T14:24:57Z</time>
      </trkpt>
      <trkpt lat="44.14565" lon="-73.73376">
        <ele>887.24</ele>
        <time>2026-04-11T14:25:02Z</time>
      </trkpt>
      <trkpt lat="44.14566" lon="-73.73377">
        <ele>887.24</ele>
        <time>2026-04-11T14:25:05Z</time>
      </trkpt>
      <trkpt lat="44.14567" lon="-73.73377">
        <ele>887.56</ele>
        <time>2026-04-11T14:25:09Z</time>
      </trkpt>
      <trkpt lat="44.14568" lon="-73.73375">
        <ele>888.53</ele>
        <time>2026-04-11T14:25:13Z</time>
      </trkpt>
      <trkpt lat="44.14569" lon="-73.73373">
        <ele>889.5</ele>
        <time>2026-04-11T14:25:17Z</time>
      </trkpt>
      <trkpt lat="44.14569" lon="-73.7337">
        <ele>890.44</ele>
        <time>2026-04-11T14:25:21Z</time>
      </trkpt>
      <trkpt lat="44.1457" lon="-73.73371">
        <ele>890.48</ele>
        <time>2026-04-11T14:25:27Z</time>
      </trkpt>
      <trkpt lat="44.1457" lon="-73.73372">
        <ele>890.15</ele>
        <time>2026-04-11T14:25:28Z</time>
      </trkpt>
      <trkpt lat="44.1457" lon="-73.73371">
        <ele>890.48</ele>
        <time>2026-04-11T14:25:33Z</time>
      </trkpt>
      <trkpt lat="44.14571" lon="-73.7337">
        <ele>891.08</ele>
        <time>2026-04-11T14:25:36Z</time>
      </trkpt>
      <trkpt lat="44.14571" lon="-73.7337">
        <ele>891.08</ele>
        <time>2026-04-11T14:25:38Z</time>
      </trkpt>
      <trkpt lat="44.14571" lon="-73.73371">
        <ele>890.8</ele>
        <time>2026-04-11T14:25:43Z</time>
      </trkpt>
      <trkpt lat="44.14572" lon="-73.73372">
        <ele>890.8</ele>
        <time>2026-04-11T14:25:50Z</time>
      </trkpt>
      <trkpt lat="44.14571" lon="-73.73371">
        <ele>890.8</ele>
        <time>2026-04-11T14:25:52Z</time>
      </trkpt>
      <trkpt lat="44.14573" lon="-73.73373">
        <ele>890.8</ele>
        <time>2026-04-11T14:26:00Z</time>
      </trkpt>
      <trkpt lat="44.14575" lon="-73.73373">
        <ele>891.38</ele>
        <time>2026-04-11T14:26:04Z</time>
      </trkpt>
      <trkpt lat="44.14575" lon="-73.73373">
        <ele>891.38</ele>
        <time>2026-04-11T14:26:05Z</time>
      </trkpt>
      <trkpt lat="44.14576" lon="-73.73373">
        <ele>891.62</ele>
        <time>2026-04-11T14:26:07Z</time>
      </trkpt>
      <trkpt lat="44.14578" lon="-73.7337">
        <ele>892.93</ele>
        <time>2026-04-11T14:26:12Z</time>
      </trkpt>
      <trkpt lat="44.14579" lon="-73.7337">
        <ele>893.14</ele>
        <time>2026-04-11T14:26:15Z</time>
      </trkpt>
      <trkpt lat="44.14579" lon="-73.73369">
        <ele>893.36</ele>
        <time>2026-04-11T14:26:19Z</time>
      </trkpt>
      <trkpt lat="44.14579" lon="-73.73368">
        <ele>893.58</ele>
        <time>2026-04-11T14:26:22Z</time>
      </trkpt>
      <trkpt lat="44.14578" lon="-73.73366">
        <ele>893.79</ele>
        <time>2026-04-11T14:26:25Z</time>
      </trkpt>
      <trkpt lat="44.14577" lon="-73.73364">
        <ele>894.01</ele>
        <time>2026-04-11T14:26:30Z</time>
      </trkpt>
      <trkpt lat="44.14579" lon="-73.73362">
        <ele>894.87</ele>
        <time>2026-04-11T14:26:40Z</time>
      </trkpt>
      <trkpt lat="44.14579" lon="-73.7336">
        <ele>895.43</ele>
        <time>2026-04-11T14:26:51Z</time>
      </trkpt>
      <trkpt lat="44.1458" lon="-73.7336">
        <ele>895.67</ele>
        <time>2026-04-11T14:26:58Z</time>
      </trkpt>
      <trkpt lat="44.14577" lon="-73.73357">
        <ele>895.8</ele>
        <time>2026-04-11T14:27:07Z</time>
      </trkpt>
      <trkpt lat="44.14574" lon="-73.73357">
        <ele>894.86</ele>
        <time>2026-04-11T14:27:17Z</time>
      </trkpt>
      <trkpt lat="44.14574" lon="-73.73357">
        <ele>894.86</ele>
        <time>2026-04-11T14:27:19Z</time>
      </trkpt>
      <trkpt lat="44.14574" lon="-73.73358">
        <ele>894.65</ele>
        <time>2026-04-11T14:27:29Z</time>
      </trkpt>
      <trkpt lat="44.14573" lon="-73.73356">
        <ele>894.76</ele>
        <time>2026-04-11T14:27:37Z</time>
      </trkpt>
      <trkpt lat="44.14573" lon="-73.73356">
        <ele>894.76</ele>
        <time>2026-04-11T14:27:38Z</time>
      </trkpt>
      <trkpt lat="44.14572" lon="-73.73356">
        <ele>894.43</ele>
        <time>2026-04-11T14:27:46Z</time>
      </trkpt>
      <trkpt lat="44.14571" lon="-73.73356">
        <ele>894.11</ele>
        <time>2026-04-11T14:27:47Z</time>
      </trkpt>
      <trkpt lat="44.14571" lon="-73.73356">
        <ele>894.11</ele>
        <time>2026-04-11T14:27:49Z</time>
      </trkpt>
      <trkpt lat="44.1457" lon="-73.73354">
        <ele>894.22</ele>
        <time>2026-04-11T14:27:54Z</time>
      </trkpt>
      <trkpt lat="44.14568" lon="-73.7335">
        <ele>894.63</ele>
        <time>2026-04-11T14:28:00Z</time>
      </trkpt>
      <trkpt lat="44.14567" lon="-73.73349">
        <ele>894.63</ele>
        <time>2026-04-11T14:28:06Z</time>
      </trkpt>
      <trkpt lat="44.14566" lon="-73.73349">
        <ele>894.31</ele>
        <time>2026-04-11T14:28:09Z</time>
      </trkpt>
      <trkpt lat="44.14567" lon="-73.73349">
        <ele>894.63</ele>
        <time>2026-04-11T14:28:13Z</time>
      </trkpt>
      <trkpt lat="44.14568" lon="-73.7335">
        <ele>894.63</ele>
        <time>2026-04-11T14:28:23Z</time>
      </trkpt>
      <trkpt lat="44.14569" lon="-73.73351">
        <ele>894.63</ele>
        <time>2026-04-11T14:28:27Z</time>
      </trkpt>
      <trkpt lat="44.14568" lon="-73.73347">
        <ele>895.6</ele>
        <time>2026-04-11T14:28:35Z</time>
      </trkpt>
      <trkpt lat="44.1457" lon="-73.73344">
        <ele>897.22</ele>
        <time>2026-04-11T14:28:42Z</time>
      </trkpt>
      <trkpt lat="44.1457" lon="-73.73344">
        <ele>897.22</ele>
        <time>2026-04-11T14:28:46Z</time>
      </trkpt>
      <trkpt lat="44.1457" lon="-73.73344">
        <ele>897.22</ele>
        <time>2026-04-11T14:28:50Z</time>
      </trkpt>
      <trkpt lat="44.1457" lon="-73.73345">
        <ele>896.9</ele>
        <time>2026-04-11T14:28:53Z</time>
      </trkpt>
      <trkpt lat="44.14571" lon="-73.73347">
        <ele>896.58</ele>
        <time>2026-04-11T14:28:58Z</time>
      </trkpt>
      <trkpt lat="44.14574" lon="-73.73348">
        <ele>897.22</ele>
        <time>2026-04-11T14:29:03Z</time>
      </trkpt>
      <trkpt lat="44.14574" lon="-73.73348">
        <ele>897.22</ele>
        <time>2026-04-11T14:29:08Z</time>
      </trkpt>
      <trkpt lat="44.14574" lon="-73.73348">
        <ele>897.22</ele>
        <time>2026-04-11T14:29:44Z</time>
      </trkpt>
      <trkpt lat="44.14577" lon="-73.73345">
        <ele>900.19</ele>
        <time>2026-04-11T14:29:49Z</time>
      </trkpt>
      <trkpt lat="44.14577" lon="-73.73345">
        <ele>900.19</ele>
        <time>2026-04-11T14:29:50Z</time>
      </trkpt>
      <trkpt lat="44.14578" lon="-73.73345">
        <ele>900.86</ele>
        <time>2026-04-11T14:29:53Z</time>
      </trkpt>
      <trkpt lat="44.1458" lon="-73.73346">
        <ele>901.67</ele>
        <time>2026-04-11T14:29:57Z</time>
      </trkpt>
      <trkpt lat="44.14582" lon="-73.73348">
        <ele>901.74</ele>
        <time>2026-04-11T14:30:02Z</time>
      </trkpt>
      <trkpt lat="44.14583" lon="-73.73348">
        <ele>902.31</ele>
        <time>2026-04-11T14:30:06Z</time>
      </trkpt>
      <trkpt lat="44.14585" lon="-73.73349">
        <ele>902.98</ele>
        <time>2026-04-11T14:30:12Z</time>
      </trkpt>
      <trkpt lat="44.14588" lon="-73.73348">
        <ele>905.73</ele>
        <time>2026-04-11T14:30:17Z</time>
      </trkpt>
      <trkpt lat="44.14588" lon="-73.73348">
        <ele>905.73</ele>
        <time>2026-04-11T14:30:18Z</time>
      </trkpt>
      <trkpt lat="44.14588" lon="-73.73348">
        <ele>905.73</ele>
        <time>2026-04-11T14:30:20Z</time>
      </trkpt>
      <trkpt lat="44.1459" lon="-73.73346">
        <ele>908.57</ele>
        <time>2026-04-11T14:30:25Z</time>
      </trkpt>
      <trkpt lat="44.14589" lon="-73.73342">
        <ele>910.55</ele>
        <time>2026-04-11T14:30:31Z</time>
      </trkpt>
      <trkpt lat="44.14589" lon="-73.73342">
        <ele>910.55</ele>
        <time>2026-04-11T14:30:35Z</time>
      </trkpt>
      <trkpt lat="44.14589" lon="-73.73342">
        <ele>910.55</ele>
        <time>2026-04-11T14:30:36Z</time>
      </trkpt>
      <trkpt lat="44.14589" lon="-73.73341">
        <ele>911.0</ele>
        <time>2026-04-11T14:30:37Z</time>
      </trkpt>
      <trkpt lat="44.14588" lon="-73.73341">
        <ele>910.3</ele>
        <time>2026-04-11T14:30:39Z</time>
      </trkpt>
      <trkpt lat="44.14588" lon="-73.73341">
        <ele>910.3</ele>
        <time>2026-04-11T14:30:40Z</time>
      </trkpt>
      <trkpt lat="44.14588" lon="-73.73341">
        <ele>910.3</ele>
        <time>2026-04-11T14:30:43Z</time>
      </trkpt>
      <trkpt lat="44.14589" lon="-73.73339">
        <ele>911.9</ele>
        <time>2026-04-11T14:30:45Z</time>
      </trkpt>
      <trkpt lat="44.14589" lon="-73.73339">
        <ele>911.9</ele>
        <time>2026-04-11T14:30:46Z</time>
      </trkpt>
      <trkpt lat="44.1459" lon="-73.73339">
        <ele>912.53</ele>
        <time>2026-04-11T14:30:51Z</time>
      </trkpt>
      <trkpt lat="44.1459" lon="-73.73339">
        <ele>912.53</ele>
        <time>2026-04-11T14:30:57Z</time>
      </trkpt>
      <trkpt lat="44.14586" lon="-73.73336">
        <ele>911.67</ele>
        <time>2026-04-11T14:31:02Z</time>
      </trkpt>
      <trkpt lat="44.14585" lon="-73.73336">
        <ele>911.15</ele>
        <time>2026-04-11T14:31:03Z</time>
      </trkpt>
      <trkpt lat="44.14585" lon="-73.73336">
        <ele>911.15</ele>
        <time>2026-04-11T14:31:04Z</time>
      </trkpt>
      <trkpt lat="44.14585" lon="-73.73334">
        <ele>912.33</ele>
        <time>2026-04-11T14:31:07Z</time>
      </trkpt>
      <trkpt lat="44.14587" lon="-73.73332">
        <ele>913.96</ele>
        <time>2026-04-11T14:31:13Z</time>
      </trkpt>
      <trkpt lat="44.14586" lon="-73.73332">
        <ele>913.54</ele>
        <time>2026-04-11T14:31:17Z</time>
      </trkpt>
      <trkpt lat="44.14585" lon="-73.73329">
        <ele>914.04</ele>
        <time>2026-04-11T14:31:20Z</time>
      </trkpt>
      <trkpt lat="44.14584" lon="-73.73329">
        <ele>913.66</ele>
        <time>2026-04-11T14:31:30Z</time>
      </trkpt>
      <trkpt lat="44.14584" lon="-73.73327">
        <ele>914.29</ele>
        <time>2026-04-11T14:31:38Z</time>
      </trkpt>
      <trkpt lat="44.14584" lon="-73.73327">
        <ele>914.29</ele>
        <time>2026-04-11T14:31:39Z</time>
      </trkpt>
      <trkpt lat="44.14584" lon="-73.73326">
        <ele>914.61</ele>
        <time>2026-04-11T14:31:50Z</time>
      </trkpt>
      <trkpt lat="44.14584" lon="-73.73329">
        <ele>913.66</ele>
        <time>2026-04-11T14:32:22Z</time>
      </trkpt>
      <trkpt lat="44.14584" lon="-73.73329">
        <ele>913.66</ele>
        <time>2026-04-11T14:32:32Z</time>
      </trkpt>
      <trkpt lat="44.14584" lon="-73.73329">
        <ele>913.66</ele>
        <time>2026-04-11T14:32:37Z</time>
      </trkpt>
      <trkpt lat="44.14582" lon="-73.73327">
        <ele>913.2</ele>
        <time>2026-04-11T14:32:49Z</time>
      </trkpt>
      <trkpt lat="44.14584" lon="-73.73325">
        <ele>914.92</ele>
        <time>2026-04-11T14:32:57Z</time>
      </trkpt>
      <trkpt lat="44.14583" lon="-73.73322">
        <ele>915.28</ele>
        <time>2026-04-11T14:33:01Z</time>
      </trkpt>
      <trkpt lat="44.14582" lon="-73.73321">
        <ele>914.99</ele>
        <time>2026-04-11T14:33:02Z</time>
      </trkpt>
      <trkpt lat="44.14582" lon="-73.7332">
        <ele>915.22</ele>
        <time>2026-04-11T14:33:04Z</time>
      </trkpt>
      <trkpt lat="44.14581" lon="-73.73317">
        <ele>915.46</ele>
        <time>2026-04-11T14:33:08Z</time>
      </trkpt>
      <trkpt lat="44.14581" lon="-73.73316">
        <ele>915.7</ele>
        <time>2026-04-11T14:33:09Z</time>
      </trkpt>
      <trkpt lat="44.14581" lon="-73.7331">
        <ele>917.03</ele>
        <time>2026-04-11T14:33:14Z</time>
      </trkpt>
      <trkpt lat="44.14582" lon="-73.73306">
        <ele>918.33</ele>
        <time>2026-04-11T14:33:18Z</time>
      </trkpt>
      <trkpt lat="44.14582" lon="-73.73305">
        <ele>918.6</ele>
        <time>2026-04-11T14:33:19Z</time>
      </trkpt>
      <trkpt lat="44.14582" lon="-73.73303">
        <ele>919.21</ele>
        <time>2026-04-11T14:33:22Z</time>
      </trkpt>
      <trkpt lat="44.14583" lon="-73.733">
        <ele>920.63</ele>
        <time>2026-04-11T14:33:25Z</time>
      </trkpt>
      <trkpt lat="44.14582" lon="-73.73299">
        <ele>920.45</ele>
        <time>2026-04-11T14:33:26Z</time>
      </trkpt>
      <trkpt lat="44.14583" lon="-73.73296">
        <ele>921.89</ele>
        <time>2026-04-11T14:33:30Z</time>
      </trkpt>
      <trkpt lat="44.14583" lon="-73.73294">
        <ele>922.32</ele>
        <time>2026-04-11T14:33:32Z</time>
      </trkpt>
      <trkpt lat="44.14583" lon="-73.73293">
        <ele>922.54</ele>
        <time>2026-04-11T14:33:39Z</time>
      </trkpt>
      <trkpt lat="44.14584" lon="-73.73292">
        <ele>923.22</ele>
        <time>2026-04-11T14:33:53Z</time>
      </trkpt>
      <trkpt lat="44.14585" lon="-73.73289">
        <ele>924.3</ele>
        <time>2026-04-11T14:33:56Z</time>
      </trkpt>
      <trkpt lat="44.14586" lon="-73.73288">
        <ele>924.94</ele>
        <time>2026-04-11T14:34:01Z</time>
      </trkpt>
      <trkpt lat="44.14585" lon="-73.73288">
        <ele>924.51</ele>
        <time>2026-04-11T14:34:07Z</time>
      </trkpt>
      <trkpt lat="44.14587" lon="-73.73286">
        <ele>925.88</ele>
        <time>2026-04-11T14:34:32Z</time>
      </trkpt>
      <trkpt lat="44.14587" lon="-73.7328">
        <ele>927.56</ele>
        <time>2026-04-11T14:34:37Z</time>
      </trkpt>
      <trkpt lat="44.14587" lon="-73.73277">
        <ele>928.36</ele>
        <time>2026-04-11T14:34:41Z</time>
      </trkpt>
      <trkpt lat="44.14585" lon="-73.73272">
        <ele>928.79</ele>
        <time>2026-04-11T14:34:45Z</time>
      </trkpt>
      <trkpt lat="44.14584" lon="-73.73271">
        <ele>928.68</ele>
        <time>2026-04-11T14:34:46Z</time>
      </trkpt>
      <trkpt lat="44.14584" lon="-73.7327">
        <ele>928.9</ele>
        <time>2026-04-11T14:34:47Z</time>
      </trkpt>
      <trkpt lat="44.14583" lon="-73.7327">
        <ele>928.47</ele>
        <time>2026-04-11T14:34:49Z</time>
      </trkpt>
      <trkpt lat="44.14583" lon="-73.73269">
        <ele>928.68</ele>
        <time>2026-04-11T14:34:50Z</time>
      </trkpt>
      <trkpt lat="44.14581" lon="-73.73264">
        <ele>928.46</ele>
        <time>2026-04-11T14:34:57Z</time>
      </trkpt>
      <trkpt lat="44.14581" lon="-73.73263">
        <ele>928.68</ele>
        <time>2026-04-11T14:34:59Z</time>
      </trkpt>
      <trkpt lat="44.14581" lon="-73.73261">
        <ele>929.11</ele>
        <time>2026-04-11T14:35:01Z</time>
      </trkpt>
      <trkpt lat="44.14581" lon="-73.73262">
        <ele>928.9</ele>
        <time>2026-04-11T14:35:06Z</time>
      </trkpt>
      <trkpt lat="44.14582" lon="-73.73263">
        <ele>929.33</ele>
        <time>2026-04-11T14:35:19Z</time>
      </trkpt>
      <trkpt lat="44.14589" lon="-73.7326">
        <ele>932.11</ele>
        <time>2026-04-11T14:35:27Z</time>
      </trkpt>
      <trkpt lat="44.14593" lon="-73.73258">
        <ele>933.09</ele>
        <time>2026-04-11T14:35:35Z</time>
      </trkpt>
      <trkpt lat="44.14594" lon="-73.73257">
        <ele>933.34</ele>
        <time>2026-04-11T14:35:36Z</time>
      </trkpt>
      <trkpt lat="44.14595" lon="-73.73256">
        <ele>933.61</ele>
        <time>2026-04-11T14:35:38Z</time>
      </trkpt>
      <trkpt lat="44.14597" lon="-73.73254">
        <ele>934.22</ele>
        <time>2026-04-11T14:35:45Z</time>
      </trkpt>
      <trkpt lat="44.14597" lon="-73.73254">
        <ele>934.22</ele>
        <time>2026-04-11T14:35:46Z</time>
      </trkpt>
      <trkpt lat="44.14596" lon="-73.73255">
        <ele>933.91</ele>
        <time>2026-04-11T14:35:54Z</time>
      </trkpt>
      <trkpt lat="44.14597" lon="-73.73256">
        <ele>934.12</ele>
        <time>2026-04-11T14:35:58Z</time>
      </trkpt>
      <trkpt lat="44.146" lon="-73.73253">
        <ele>935.14</ele>
        <time>2026-04-11T14:36:03Z</time>
      </trkpt>
      <trkpt lat="44.14602" lon="-73.73251">
        <ele>935.92</ele>
        <time>2026-04-11T14:36:08Z</time>
      </trkpt>
      <trkpt lat="44.14603" lon="-73.7325">
        <ele>936.25</ele>
        <time>2026-04-11T14:36:12Z</time>
      </trkpt>
      <trkpt lat="44.14604" lon="-73.73252">
        <ele>936.25</ele>
        <time>2026-04-11T14:36:20Z</time>
      </trkpt>
      <trkpt lat="44.14607" lon="-73.73253">
        <ele>936.79</ele>
        <time>2026-04-11T14:36:25Z</time>
      </trkpt>
      <trkpt lat="44.1461" lon="-73.73253">
        <ele>937.44</ele>
        <time>2026-04-11T14:36:28Z</time>
      </trkpt>
      <trkpt lat="44.14614" lon="-73.73251">
        <ele>938.86</ele>
        <time>2026-04-11T14:36:33Z</time>
      </trkpt>
      <trkpt lat="44.14616" lon="-73.73249">
        <ele>939.64</ele>
        <time>2026-04-11T14:36:36Z</time>
      </trkpt>
      <trkpt lat="44.14619" lon="-73.73247">
        <ele>940.83</ele>
        <time>2026-04-11T14:36:41Z</time>
      </trkpt>
      <trkpt lat="44.14619" lon="-73.73246">
        <ele>940.92</ele>
        <time>2026-04-11T14:36:43Z</time>
      </trkpt>
      <trkpt lat="44.14621" lon="-73.73245">
        <ele>941.88</ele>
        <time>2026-04-11T14:36:48Z</time>
      </trkpt>
      <trkpt lat="44.14624" lon="-73.73242">
        <ele>943.82</ele>
        <time>2026-04-11T14:36:52Z</time>
      </trkpt>
      <trkpt lat="44.14624" lon="-73.73239">
        <ele>944.15</ele>
        <time>2026-04-11T14:36:56Z</time>
      </trkpt>
      <trkpt lat="44.14624" lon="-73.73238">
        <ele>944.26</ele>
        <time>2026-04-11T14:37:00Z</time>
      </trkpt>
      <trkpt lat="44.14624" lon="-73.73236">
        <ele>944.47</ele>
        <time>2026-04-11T14:37:06Z</time>
      </trkpt>
      <trkpt lat="44.14624" lon="-73.73235">
        <ele>944.58</ele>
        <time>2026-04-11T14:37:08Z</time>
      </trkpt>
      <trkpt lat="44.14626" lon="-73.73236">
        <ele>945.55</ele>
        <time>2026-04-11T14:37:17Z</time>
      </trkpt>
      <trkpt lat="44.14629" lon="-73.73235">
        <ele>947.28</ele>
        <time>2026-04-11T14:37:24Z</time>
      </trkpt>
      <trkpt lat="44.1463" lon="-73.73234">
        <ele>947.97</ele>
        <time>2026-04-11T14:37:28Z</time>
      </trkpt>
      <trkpt lat="44.14629" lon="-73.73234">
        <ele>947.39</ele>
        <time>2026-04-11T14:37:31Z</time>
      </trkpt>
      <trkpt lat="44.1463" lon="-73.73235">
        <ele>947.86</ele>
        <time>2026-04-11T14:37:41Z</time>
      </trkpt>
      <trkpt lat="44.1463" lon="-73.73233">
        <ele>948.08</ele>
        <time>2026-04-11T14:37:48Z</time>
      </trkpt>
      <trkpt lat="44.1463" lon="-73.73233">
        <ele>948.08</ele>
        <time>2026-04-11T14:37:54Z</time>
      </trkpt>
      <trkpt lat="44.14629" lon="-73.73232">
        <ele>947.6</ele>
        <time>2026-04-11T14:37:59Z</time>
      </trkpt>
      <trkpt lat="44.14631" lon="-73.73231">
        <ele>948.93</ele>
        <time>2026-04-11T14:38:09Z</time>
      </trkpt>
      <trkpt lat="44.14631" lon="-73.7323">
        <ele>949.02</ele>
        <time>2026-04-11T14:38:11Z</time>
      </trkpt>
      <trkpt lat="44.14634" lon="-73.7323">
        <ele>950.92</ele>
        <time>2026-04-11T14:38:15Z</time>
      </trkpt>
      <trkpt lat="44.14634" lon="-73.73229">
        <ele>950.97</ele>
        <time>2026-04-11T14:38:17Z</time>
      </trkpt>
      <trkpt lat="44.14634" lon="-73.73228">
        <ele>951.03</ele>
        <time>2026-04-11T14:38:20Z</time>
      </trkpt>
      <trkpt lat="44.14634" lon="-73.73228">
        <ele>951.03</ele>
        <time>2026-04-11T14:38:23Z</time>
      </trkpt>
      <trkpt lat="44.14635" lon="-73.73227">
        <ele>951.68</ele>
        <time>2026-04-11T14:38:32Z</time>
      </trkpt>
      <trkpt lat="44.14635" lon="-73.73225">
        <ele>951.77</ele>
        <time>2026-04-11T14:38:39Z</time>
      </trkpt>
      <trkpt lat="44.14635" lon="-73.73225">
        <ele>951.77</ele>
        <time>2026-04-11T14:38:44Z</time>
      </trkpt>
      <trkpt lat="44.14637" lon="-73.73227">
        <ele>952.87</ele>
        <time>2026-04-11T14:39:06Z</time>
      </trkpt>
      <trkpt lat="44.14638" lon="-73.73227">
        <ele>953.47</ele>
        <time>2026-04-11T14:39:08Z</time>
      </trkpt>
      <trkpt lat="44.1464" lon="-73.73226">
        <ele>954.6</ele>
        <time>2026-04-11T14:39:11Z</time>
      </trkpt>
      <trkpt lat="44.14639" lon="-73.73225">
        <ele>954.06</ele>
        <time>2026-04-11T14:39:12Z</time>
      </trkpt>
      <trkpt lat="44.14638" lon="-73.73224">
        <ele>953.5</ele>
        <time>2026-04-11T14:39:23Z</time>
      </trkpt>
      <trkpt lat="44.1464" lon="-73.73221">
        <ele>954.58</ele>
        <time>2026-04-11T14:39:45Z</time>
      </trkpt>
      <trkpt lat="44.14641" lon="-73.73221">
        <ele>955.11</ele>
        <time>2026-04-11T14:39:46Z</time>
      </trkpt>
      <trkpt lat="44.1464" lon="-73.73221">
        <ele>954.58</ele>
        <time>2026-04-11T14:39:51Z</time>
      </trkpt>
      <trkpt lat="44.1464" lon="-73.73221">
        <ele>954.58</ele>
        <time>2026-04-11T14:39:54Z</time>
      </trkpt>
      <trkpt lat="44.14643" lon="-73.73221">
        <ele>956.16</ele>
        <time>2026-04-11T14:39:59Z</time>
      </trkpt>
      <trkpt lat="44.14644" lon="-73.73221">
        <ele>956.69</ele>
        <time>2026-04-11T14:40:04Z</time>
      </trkpt>
      <trkpt lat="44.14645" lon="-73.73221">
        <ele>957.21</ele>
        <time>2026-04-11T14:40:10Z</time>
      </trkpt>
      <trkpt lat="44.14647" lon="-73.73221">
        <ele>958.26</ele>
        <time>2026-04-11T14:40:15Z</time>
      </trkpt>
      <trkpt lat="44.14647" lon="-73.73222">
        <ele>958.36</ele>
        <time>2026-04-11T14:40:16Z</time>
      </trkpt>
      <trkpt lat="44.14648" lon="-73.73222">
        <ele>958.9</ele>
        <time>2026-04-11T14:40:20Z</time>
      </trkpt>
      <trkpt lat="44.14651" lon="-73.73222">
        <ele>959.58</ele>
        <time>2026-04-11T14:40:24Z</time>
      </trkpt>
      <trkpt lat="44.14652" lon="-73.73223">
        <ele>959.87</ele>
        <time>2026-04-11T14:40:25Z</time>
      </trkpt>
      <trkpt lat="44.14653" lon="-73.73225">
        <ele>960.21</ele>
        <time>2026-04-11T14:40:30Z</time>
      </trkpt>
      <trkpt lat="44.14655" lon="-73.7323">
        <ele>961.1</ele>
        <time>2026-04-11T14:40:37Z</time>
      </trkpt>
      <trkpt lat="44.14656" lon="-73.73231">
        <ele>961.5</ele>
        <time>2026-04-11T14:40:38Z</time>
      </trkpt>
      <trkpt lat="44.14657" lon="-73.73232">
        <ele>961.81</ele>
        <time>2026-04-11T14:40:43Z</time>
      </trkpt>
      <trkpt lat="44.14657" lon="-73.73231">
        <ele>961.82</ele>
        <time>2026-04-11T14:40:48Z</time>
      </trkpt>
      <trkpt lat="44.14659" lon="-73.73231">
        <ele>961.95</ele>
        <time>2026-04-11T14:40:52Z</time>
      </trkpt>
      <trkpt lat="44.1466" lon="-73.73231">
        <ele>961.95</ele>
        <time>2026-04-11T14:40:54Z</time>
      </trkpt>
      <trkpt lat="44.14662" lon="-73.7323">
        <ele>961.84</ele>
        <time>2026-04-11T14:40:58Z</time>
      </trkpt>
      <trkpt lat="44.14663" lon="-73.73232">
        <ele>962.01</ele>
        <time>2026-04-11T14:41:01Z</time>
      </trkpt>
      <trkpt lat="44.14662" lon="-73.73232">
        <ele>962.0</ele>
        <time>2026-04-11T14:41:05Z</time>
      </trkpt>
      <trkpt lat="44.14662" lon="-73.73234">
        <ele>962.0</ele>
        <time>2026-04-11T14:41:07Z</time>
      </trkpt>
      <trkpt lat="44.14663" lon="-73.73236">
        <ele>962.1</ele>
        <time>2026-04-11T14:41:09Z</time>
      </trkpt>
      <trkpt lat="44.14666" lon="-73.73238">
        <ele>962.6</ele>
        <time>2026-04-11T14:41:12Z</time>
      </trkpt>
      <trkpt lat="44.14669" lon="-73.7324">
        <ele>962.67</ele>
        <time>2026-04-11T14:41:17Z</time>
      </trkpt>
      <trkpt lat="44.14674" lon="-73.7324">
        <ele>962.13</ele>
        <time>2026-04-11T14:41:22Z</time>
      </trkpt>
      <trkpt lat="44.14675" lon="-73.73239">
        <ele>961.91</ele>
        <time>2026-04-11T14:41:24Z</time>
      </trkpt>
      <trkpt lat="44.14679" lon="-73.73242">
        <ele>962.14</ele>
        <time>2026-04-11T14:41:31Z</time>
      </trkpt>
      <trkpt lat="44.1468" lon="-73.73249">
        <ele>962.89</ele>
        <time>2026-04-11T14:41:38Z</time>
      </trkpt>
      <trkpt lat="44.14681" lon="-73.73253">
        <ele>962.85</ele>
        <time>2026-04-11T14:41:42Z</time>
      </trkpt>
      <trkpt lat="44.14683" lon="-73.73255">
        <ele>962.87</ele>
        <time>2026-04-11T14:41:46Z</time>
      </trkpt>
      <trkpt lat="44.14684" lon="-73.73256">
        <ele>962.92</ele>
        <time>2026-04-11T14:41:48Z</time>
      </trkpt>
      <trkpt lat="44.14685" lon="-73.73257">
        <ele>962.98</ele>
        <time>2026-04-11T14:41:54Z</time>
      </trkpt>
      <trkpt lat="44.14687" lon="-73.73258">
        <ele>963.2</ele>
        <time>2026-04-11T14:41:59Z</time>
      </trkpt>
      <trkpt lat="44.14687" lon="-73.73259">
        <ele>963.2</ele>
        <time>2026-04-11T14:42:01Z</time>
      </trkpt>
      <trkpt lat="44.14693" lon="-73.73262">
        <ele>963.59</ele>
        <time>2026-04-11T14:42:10Z</time>
      </trkpt>
      <trkpt lat="44.147" lon="-73.73261">
        <ele>964.52</ele>
        <time>2026-04-11T14:42:19Z</time>
      </trkpt>
      <trkpt lat="44.14703" lon="-73.7326">
        <ele>964.92</ele>
        <time>2026-04-11T14:42:23Z</time>
      </trkpt>
      <trkpt lat="44.14707" lon="-73.7326">
        <ele>965.68</ele>
        <time>2026-04-11T14:42:28Z</time>
      </trkpt>
      <trkpt lat="44.14707" lon="-73.7326">
        <ele>965.68</ele>
        <time>2026-04-11T14:42:29Z</time>
      </trkpt>
      <trkpt lat="44.14712" lon="-73.73258">
        <ele>966.81</ele>
        <time>2026-04-11T14:42:36Z</time>
      </trkpt>
      <trkpt lat="44.14712" lon="-73.73259">
        <ele>966.79</ele>
        <time>2026-04-11T14:42:38Z</time>
      </trkpt>
      <trkpt lat="44.14713" lon="-73.7326">
        <ele>966.92</ele>
        <time>2026-04-11T14:42:41Z</time>
      </trkpt>
      <trkpt lat="44.14715" lon="-73.7326">
        <ele>967.14</ele>
        <time>2026-04-11T14:42:45Z</time>
      </trkpt>
      <trkpt lat="44.14716" lon="-73.7326">
        <ele>967.25</ele>
        <time>2026-04-11T14:42:47Z</time>
      </trkpt>
      <trkpt lat="44.14723" lon="-73.73259">
        <ele>968.2</ele>
        <time>2026-04-11T14:42:55Z</time>
      </trkpt>
      <trkpt lat="44.14724" lon="-73.73259">
        <ele>968.42</ele>
        <time>2026-04-11T14:42:56Z</time>
      </trkpt>
      <trkpt lat="44.14728" lon="-73.73259">
        <ele>969.29</ele>
        <time>2026-04-11T14:43:04Z</time>
      </trkpt>
      <trkpt lat="44.14728" lon="-73.73259">
        <ele>969.29</ele>
        <time>2026-04-11T14:43:05Z</time>
      </trkpt>
      <trkpt lat="44.14731" lon="-73.7326">
        <ele>969.74</ele>
        <time>2026-04-11T14:43:09Z</time>
      </trkpt>
      <trkpt lat="44.14731" lon="-73.73259">
        <ele>969.95</ele>
        <time>2026-04-11T14:43:11Z</time>
      </trkpt>
      <trkpt lat="44.14732" lon="-73.73261">
        <ele>969.84</ele>
        <time>2026-04-11T14:43:16Z</time>
      </trkpt>
      <trkpt lat="44.14734" lon="-73.7326">
        <ele>970.91</ele>
        <time>2026-04-11T14:43:18Z</time>
      </trkpt>
      <trkpt lat="44.14734" lon="-73.7326">
        <ele>970.91</ele>
        <time>2026-04-11T14:43:21Z</time>
      </trkpt>
      <trkpt lat="44.14736" lon="-73.73262">
        <ele>971.22</ele>
        <time>2026-04-11T14:43:26Z</time>
      </trkpt>
      <trkpt lat="44.14736" lon="-73.73262">
        <ele>971.22</ele>
        <time>2026-04-11T14:43:28Z</time>
      </trkpt>
      <trkpt lat="44.14738" lon="-73.7326">
        <ele>972.6</ele>
        <time>2026-04-11T14:43:34Z</time>
      </trkpt>
      <trkpt lat="44.14738" lon="-73.73259">
        <ele>972.87</ele>
        <time>2026-04-11T14:43:35Z</time>
      </trkpt>
      <trkpt lat="44.14738" lon="-73.73259">
        <ele>972.87</ele>
        <time>2026-04-11T14:43:47Z</time>
      </trkpt>
      <trkpt lat="44.14738" lon="-73.73258">
        <ele>973.09</ele>
        <time>2026-04-11T14:43:50Z</time>
      </trkpt>
      <trkpt lat="44.14738" lon="-73.73258">
        <ele>973.09</ele>
        <time>2026-04-11T14:43:51Z</time>
      </trkpt>
      <trkpt lat="44.14738" lon="-73.73258">
        <ele>973.09</ele>
        <time>2026-04-11T14:43:52Z</time>
      </trkpt>
      <trkpt lat="44.14739" lon="-73.73258">
        <ele>973.52</ele>
        <time>2026-04-11T14:43:53Z</time>
      </trkpt>
      <trkpt lat="44.14739" lon="-73.73258">
        <ele>973.52</ele>
        <time>2026-04-11T14:43:56Z</time>
      </trkpt>
      <trkpt lat="44.1474" lon="-73.73259">
        <ele>973.74</ele>
        <time>2026-04-11T14:43:59Z</time>
      </trkpt>
      <trkpt lat="44.1474" lon="-73.73258">
        <ele>973.95</ele>
        <time>2026-04-11T14:44:01Z</time>
      </trkpt>
      <trkpt lat="44.14739" lon="-73.7326">
        <ele>973.02</ele>
        <time>2026-04-11T14:44:07Z</time>
      </trkpt>
      <trkpt lat="44.1474" lon="-73.7326">
        <ele>973.45</ele>
        <time>2026-04-11T14:44:10Z</time>
      </trkpt>
      <trkpt lat="44.14742" lon="-73.73259">
        <ele>974.47</ele>
        <time>2026-04-11T14:44:15Z</time>
      </trkpt>
      <trkpt lat="44.14743" lon="-73.73256">
        <ele>975.61</ele>
        <time>2026-04-11T14:44:18Z</time>
      </trkpt>
      <trkpt lat="44.14742" lon="-73.73253">
        <ele>975.94</ele>
        <time>2026-04-11T14:44:22Z</time>
      </trkpt>
      <trkpt lat="44.14742" lon="-73.73251">
        <ele>976.43</ele>
        <time>2026-04-11T14:44:25Z</time>
      </trkpt>
      <trkpt lat="44.14741" lon="-73.7325">
        <ele>976.14</ele>
        <time>2026-04-11T14:44:28Z</time>
      </trkpt>
      <trkpt lat="44.14741" lon="-73.7325">
        <ele>976.14</ele>
        <time>2026-04-11T14:44:34Z</time>
      </trkpt>
      <trkpt lat="44.14741" lon="-73.73249">
        <ele>976.46</ele>
        <time>2026-04-11T14:44:40Z</time>
      </trkpt>
      <trkpt lat="44.14741" lon="-73.7325">
        <ele>976.14</ele>
        <time>2026-04-11T14:44:41Z</time>
      </trkpt>
      <trkpt lat="44.14741" lon="-73.7325">
        <ele>976.14</ele>
        <time>2026-04-11T14:44:50Z</time>
      </trkpt>
      <trkpt lat="44.14743" lon="-73.73251">
        <ele>976.95</ele>
        <time>2026-04-11T14:45:13Z</time>
      </trkpt>
      <trkpt lat="44.14743" lon="-73.73251">
        <ele>976.95</ele>
        <time>2026-04-11T14:45:14Z</time>
      </trkpt>
      <trkpt lat="44.14743" lon="-73.73251">
        <ele>976.95</ele>
        <time>2026-04-11T14:45:21Z</time>
      </trkpt>
      <trkpt lat="44.14743" lon="-73.73248">
        <ele>977.87</ele>
        <time>2026-04-11T14:45:31Z</time>
      </trkpt>
      <trkpt lat="44.14743" lon="-73.73245">
        <ele>978.84</ele>
        <time>2026-04-11T14:45:34Z</time>
      </trkpt>
      <trkpt lat="44.14742" lon="-73.73242">
        <ele>979.27</ele>
        <time>2026-04-11T14:45:38Z</time>
      </trkpt>
      <trkpt lat="44.14742" lon="-73.73242">
        <ele>979.27</ele>
        <time>2026-04-11T14:45:39Z</time>
      </trkpt>
      <trkpt lat="44.14743" lon="-73.7324">
        <ele>980.38</ele>
        <time>2026-04-11T14:45:44Z</time>
      </trkpt>
      <trkpt lat="44.14742" lon="-73.73237">
        <ele>980.49</ele>
        <time>2026-04-11T14:45:48Z</time>
      </trkpt>
      <trkpt lat="44.14742" lon="-73.73235">
        <ele>980.92</ele>
        <time>2026-04-11T14:45:51Z</time>
      </trkpt>
      <trkpt lat="44.14741" lon="-73.73235">
        <ele>980.38</ele>
        <time>2026-04-11T14:45:53Z</time>
      </trkpt>
      <trkpt lat="44.1474" lon="-73.73231">
        <ele>980.65</ele>
        <time>2026-04-11T14:46:00Z</time>
      </trkpt>
      <trkpt lat="44.1474" lon="-73.73231">
        <ele>980.65</ele>
        <time>2026-04-11T14:46:03Z</time>
      </trkpt>
      <trkpt lat="44.1474" lon="-73.73229">
        <ele>980.87</ele>
        <time>2026-04-11T14:46:07Z</time>
      </trkpt>
      <trkpt lat="44.1474" lon="-73.73227">
        <ele>981.08</ele>
        <time>2026-04-11T14:46:08Z</time>
      </trkpt>
      <trkpt lat="44.14741" lon="-73.73225">
        <ele>981.86</ele>
        <time>2026-04-11T14:46:12Z</time>
      </trkpt>
      <trkpt lat="44.14741" lon="-73.73223">
        <ele>982.08</ele>
        <time>2026-04-11T14:46:14Z</time>
      </trkpt>
      <trkpt lat="44.14742" lon="-73.73223">
        <ele>982.72</ele>
        <time>2026-04-11T14:46:15Z</time>
      </trkpt>
      <trkpt lat="44.14742" lon="-73.73223">
        <ele>982.72</ele>
        <time>2026-04-11T14:46:16Z</time>
      </trkpt>
      <trkpt lat="44.14742" lon="-73.73225">
        <ele>982.48</ele>
        <time>2026-04-11T14:46:22Z</time>
      </trkpt>
      <trkpt lat="44.14746" lon="-73.73223">
        <ele>985.28</ele>
        <time>2026-04-11T14:46:34Z</time>
      </trkpt>
      <trkpt lat="44.14749" lon="-73.7322">
        <ele>987.59</ele>
        <time>2026-04-11T14:46:40Z</time>
      </trkpt>
      <trkpt lat="44.14749" lon="-73.73219">
        <ele>987.7</ele>
        <time>2026-04-11T14:46:41Z</time>
      </trkpt>
      <trkpt lat="44.14749" lon="-73.73215">
        <ele>988.13</ele>
        <time>2026-04-11T14:46:44Z</time>
      </trkpt>
      <trkpt lat="44.14749" lon="-73.73213">
        <ele>988.35</ele>
        <time>2026-04-11T14:46:49Z</time>
      </trkpt>
      <trkpt lat="44.14749" lon="-73.73213">
        <ele>988.35</ele>
        <time>2026-04-11T14:46:51Z</time>
      </trkpt>
      <trkpt lat="44.1475" lon="-73.73208">
        <ele>989.0</ele>
        <time>2026-04-11T14:46:57Z</time>
      </trkpt>
      <trkpt lat="44.14755" lon="-73.73204">
        <ele>991.18</ele>
        <time>2026-04-11T14:47:04Z</time>
      </trkpt>
      <trkpt lat="44.14756" lon="-73.73203">
        <ele>991.57</ele>
        <time>2026-04-11T14:47:05Z</time>
      </trkpt>
      <trkpt lat="44.14757" lon="-73.73202">
        <ele>991.98</ele>
        <time>2026-04-11T14:47:09Z</time>
      </trkpt>
      <trkpt lat="44.14757" lon="-73.73201">
        <ele>991.95</ele>
        <time>2026-04-11T14:47:12Z</time>
      </trkpt>
      <trkpt lat="44.14757" lon="-73.73198">
        <ele>991.87</ele>
        <time>2026-04-11T14:47:18Z</time>
      </trkpt>
      <trkpt lat="44.14758" lon="-73.73198">
        <ele>992.37</ele>
        <time>2026-04-11T14:47:21Z</time>
      </trkpt>
      <trkpt lat="44.14759" lon="-73.73197">
        <ele>992.87</ele>
        <time>2026-04-11T14:47:24Z</time>
      </trkpt>
      <trkpt lat="44.1476" lon="-73.73195">
        <ele>993.4</ele>
        <time>2026-04-11T14:47:30Z</time>
      </trkpt>
      <trkpt lat="44.14761" lon="-73.73194">
        <ele>993.89</ele>
        <time>2026-04-11T14:47:35Z</time>
      </trkpt>
      <trkpt lat="44.14762" lon="-73.73193">
        <ele>994.32</ele>
        <time>2026-04-11T14:47:39Z</time>
      </trkpt>
      <trkpt lat="44.14761" lon="-73.73195">
        <ele>993.95</ele>
        <time>2026-04-11T14:47:45Z</time>
      </trkpt>
      <trkpt lat="44.14762" lon="-73.73195">
        <ele>994.5</ele>
        <time>2026-04-11T14:47:46Z</time>
      </trkpt>
      <trkpt lat="44.14763" lon="-73.73194">
        <ele>994.97</ele>
        <time>2026-04-11T14:47:49Z</time>
      </trkpt>
      <trkpt lat="44.14762" lon="-73.73194">
        <ele>994.43</ele>
        <time>2026-04-11T14:47:52Z</time>
      </trkpt>
      <trkpt lat="44.14762" lon="-73.73194">
        <ele>994.43</ele>
        <time>2026-04-11T14:47:56Z</time>
      </trkpt>
      <trkpt lat="44.14763" lon="-73.73196">
        <ele>995.09</ele>
        <time>2026-04-11T14:48:00Z</time>
      </trkpt>
      <trkpt lat="44.14762" lon="-73.73194">
        <ele>994.43</ele>
        <time>2026-04-11T14:48:10Z</time>
      </trkpt>
      <trkpt lat="44.14764" lon="-73.73197">
        <ele>995.7</ele>
        <time>2026-04-11T14:48:13Z</time>
      </trkpt>
      <trkpt lat="44.14764" lon="-73.73197">
        <ele>995.7</ele>
        <time>2026-04-11T14:48:14Z</time>
      </trkpt>
      <trkpt lat="44.14764" lon="-73.73198">
        <ele>995.76</ele>
        <time>2026-04-11T14:48:15Z</time>
      </trkpt>
      <trkpt lat="44.14764" lon="-73.73198">
        <ele>995.76</ele>
        <time>2026-04-11T14:48:16Z</time>
      </trkpt>
      <trkpt lat="44.14766" lon="-73.73205">
        <ele>997.41</ele>
        <time>2026-04-11T14:48:25Z</time>
      </trkpt>
      <trkpt lat="44.14766" lon="-73.73205">
        <ele>997.41</ele>
        <time>2026-04-11T14:48:27Z</time>
      </trkpt>
      <trkpt lat="44.14768" lon="-73.73207">
        <ele>998.68</ele>
        <time>2026-04-11T14:48:31Z</time>
      </trkpt>
      <trkpt lat="44.14771" lon="-73.73204">
        <ele>1000.34</ele>
        <time>2026-04-11T14:48:39Z</time>
      </trkpt>
      <trkpt lat="44.14771" lon="-73.73204">
        <ele>1000.34</ele>
        <time>2026-04-11T14:48:44Z</time>
      </trkpt>
      <trkpt lat="44.14771" lon="-73.73204">
        <ele>1000.34</ele>
        <time>2026-04-11T14:48:48Z</time>
      </trkpt>
      <trkpt lat="44.14771" lon="-73.73205">
        <ele>1000.34</ele>
        <time>2026-04-11T14:48:49Z</time>
      </trkpt>
      <trkpt lat="44.14771" lon="-73.73205">
        <ele>1000.34</ele>
        <time>2026-04-11T14:48:52Z</time>
      </trkpt>
      <trkpt lat="44.14771" lon="-73.73205">
        <ele>1000.34</ele>
        <time>2026-04-11T14:48:54Z</time>
      </trkpt>
      <trkpt lat="44.14775" lon="-73.73211">
        <ele>1002.5</ele>
        <time>2026-04-11T14:49:02Z</time>
      </trkpt>
      <trkpt lat="44.14777" lon="-73.73213">
        <ele>1003.58</ele>
        <time>2026-04-11T14:49:06Z</time>
      </trkpt>
      <trkpt lat="44.14777" lon="-73.73212">
        <ele>1003.58</ele>
        <time>2026-04-11T14:49:10Z</time>
      </trkpt>
      <trkpt lat="44.14781" lon="-73.73217">
        <ele>1005.3</ele>
        <time>2026-04-11T14:49:18Z</time>
      </trkpt>
      <trkpt lat="44.14784" lon="-73.73218">
        <ele>1006.82</ele>
        <time>2026-04-11T14:49:23Z</time>
      </trkpt>
      <trkpt lat="44.14788" lon="-73.73218">
        <ele>1008.82</ele>
        <time>2026-04-11T14:49:31Z</time>
      </trkpt>
      <trkpt lat="44.14788" lon="-73.73218">
        <ele>1008.82</ele>
        <time>2026-04-11T14:49:33Z</time>
      </trkpt>
      <trkpt lat="44.1479" lon="-73.73219">
        <ele>1009.52</ele>
        <time>2026-04-11T14:49:38Z</time>
      </trkpt>
      <trkpt lat="44.14793" lon="-73.73219">
        <ele>1010.7</ele>
        <time>2026-04-11T14:49:45Z</time>
      </trkpt>
      <trkpt lat="44.14794" lon="-73.73219">
        <ele>1011.09</ele>
        <time>2026-04-11T14:49:46Z</time>
      </trkpt>
      <trkpt lat="44.14794" lon="-73.7322">
        <ele>1011.07</ele>
        <time>2026-04-11T14:49:58Z</time>
      </trkpt>
      <trkpt lat="44.14794" lon="-73.7322">
        <ele>1011.07</ele>
        <time>2026-04-11T14:49:59Z</time>
      </trkpt>
      <trkpt lat="44.14794" lon="-73.73219">
        <ele>1011.09</ele>
        <time>2026-04-11T14:50:04Z</time>
      </trkpt>
      <trkpt lat="44.14794" lon="-73.7322">
        <ele>1011.07</ele>
        <time>2026-04-11T14:50:10Z</time>
      </trkpt>
      <trkpt lat="44.14794" lon="-73.73219">
        <ele>1011.09</ele>
        <time>2026-04-11T14:50:17Z</time>
      </trkpt>
      <trkpt lat="44.14794" lon="-73.73219">
        <ele>1011.09</ele>
        <time>2026-04-11T14:50:19Z</time>
      </trkpt>
      <trkpt lat="44.14794" lon="-73.73219">
        <ele>1011.09</ele>
        <time>2026-04-11T14:50:21Z</time>
      </trkpt>
      <trkpt lat="44.14794" lon="-73.73219">
        <ele>1011.09</ele>
        <time>2026-04-11T14:50:23Z</time>
      </trkpt>
      <trkpt lat="44.14794" lon="-73.73218">
        <ele>1011.12</ele>
        <time>2026-04-11T14:50:26Z</time>
      </trkpt>
      <trkpt lat="44.14794" lon="-73.73219">
        <ele>1011.09</ele>
        <time>2026-04-11T14:50:27Z</time>
      </trkpt>
      <trkpt lat="44.14795" lon="-73.73218">
        <ele>1011.5</ele>
        <time>2026-04-11T14:50:31Z</time>
      </trkpt>
      <trkpt lat="44.14795" lon="-73.73218">
        <ele>1011.5</ele>
        <time>2026-04-11T14:50:32Z</time>
      </trkpt>
      <trkpt lat="44.14797" lon="-73.73215">
        <ele>1012.23</ele>
        <time>2026-04-11T14:50:38Z</time>
      </trkpt>
      <trkpt lat="44.14798" lon="-73.73215">
        <ele>1012.55</ele>
        <time>2026-04-11T14:50:42Z</time>
      </trkpt>
      <trkpt lat="44.14799" lon="-73.73215">
        <ele>1012.88</ele>
        <time>2026-04-11T14:50:45Z</time>
      </trkpt>
      <trkpt lat="44.14799" lon="-73.73215">
        <ele>1012.88</ele>
        <time>2026-04-11T14:50:50Z</time>
      </trkpt>
      <trkpt lat="44.14802" lon="-73.73216">
        <ele>1013.85</ele>
        <time>2026-04-11T14:50:54Z</time>
      </trkpt>
      <trkpt lat="44.14803" lon="-73.73216">
        <ele>1014.17</ele>
        <time>2026-04-11T14:50:56Z</time>
      </trkpt>
      <trkpt lat="44.14804" lon="-73.73216">
        <ele>1014.5</ele>
        <time>2026-04-11T14:50:57Z</time>
      </trkpt>
      <trkpt lat="44.14807" lon="-73.73213">
        <ele>1015.62</ele>
        <time>2026-04-11T14:51:02Z</time>
      </trkpt>
      <trkpt lat="44.14807" lon="-73.73213">
        <ele>1015.62</ele>
        <time>2026-04-11T14:51:03Z</time>
      </trkpt>
      <trkpt lat="44.14809" lon="-73.7321">
        <ele>1016.69</ele>
        <time>2026-04-11T14:51:07Z</time>
      </trkpt>
      <trkpt lat="44.14811" lon="-73.73206">
        <ele>1017.66</ele>
        <time>2026-04-11T14:51:11Z</time>
      </trkpt>
      <trkpt lat="44.14812" lon="-73.73206">
        <ele>1018.01</ele>
        <time>2026-04-11T14:51:14Z</time>
      </trkpt>
      <trkpt lat="44.14814" lon="-73.73205">
        <ele>1018.72</ele>
        <time>2026-04-11T14:51:18Z</time>
      </trkpt>
      <trkpt lat="44.14815" lon="-73.73205">
        <ele>1019.06</ele>
        <time>2026-04-11T14:51:21Z</time>
      </trkpt>
      <trkpt lat="44.14817" lon="-73.73205">
        <ele>1019.67</ele>
        <time>2026-04-11T14:51:23Z</time>
      </trkpt>
      <trkpt lat="44.14819" lon="-73.73203">
        <ele>1020.36</ele>
        <time>2026-04-11T14:51:26Z</time>
      </trkpt>
      <trkpt lat="44.14819" lon="-73.732">
        <ele>1020.36</ele>
        <time>2026-04-11T14:51:34Z</time>
      </trkpt>
      <trkpt lat="44.14821" lon="-73.73198">
        <ele>1021.0</ele>
        <time>2026-04-11T14:51:42Z</time>
      </trkpt>
      <trkpt lat="44.14821" lon="-73.73197">
        <ele>1021.0</ele>
        <time>2026-04-11T14:51:44Z</time>
      </trkpt>
      <trkpt lat="44.14824" lon="-73.73194">
        <ele>1021.98</ele>
        <time>2026-04-11T14:51:50Z</time>
      </trkpt>
      <trkpt lat="44.14824" lon="-73.73194">
        <ele>1021.98</ele>
        <time>2026-04-11T14:51:51Z</time>
      </trkpt>
      <trkpt lat="44.14824" lon="-73.7319">
        <ele>1021.98</ele>
        <time>2026-04-11T14:51:57Z</time>
      </trkpt>
      <trkpt lat="44.14825" lon="-73.73191">
        <ele>1022.3</ele>
        <time>2026-04-11T14:52:01Z</time>
      </trkpt>
      <trkpt lat="44.14827" lon="-73.7319">
        <ele>1022.95</ele>
        <time>2026-04-11T14:52:06Z</time>
      </trkpt>
      <trkpt lat="44.14827" lon="-73.73191">
        <ele>1022.95</ele>
        <time>2026-04-11T14:52:09Z</time>
      </trkpt>
      <trkpt lat="44.14829" lon="-73.73191">
        <ele>1023.6</ele>
        <time>2026-04-11T14:52:15Z</time>
      </trkpt>
      <trkpt lat="44.14831" lon="-73.73192">
        <ele>1024.24</ele>
        <time>2026-04-11T14:52:18Z</time>
      </trkpt>
      <trkpt lat="44.14831" lon="-73.73193">
        <ele>1024.24</ele>
        <time>2026-04-11T14:52:19Z</time>
      </trkpt>
      <trkpt lat="44.14832" lon="-73.73194">
        <ele>1024.57</ele>
        <time>2026-04-11T14:52:24Z</time>
      </trkpt>
      <trkpt lat="44.14837" lon="-73.73194">
        <ele>1026.19</ele>
        <time>2026-04-11T14:52:32Z</time>
      </trkpt>
      <trkpt lat="44.1484" lon="-73.7319">
        <ele>1027.16</ele>
        <time>2026-04-11T14:52:45Z</time>
      </trkpt>
      <trkpt lat="44.14841" lon="-73.73188">
        <ele>1027.48</ele>
        <time>2026-04-11T14:52:48Z</time>
      </trkpt>
      <trkpt lat="44.14842" lon="-73.73186">
        <ele>1027.81</ele>
        <time>2026-04-11T14:52:52Z</time>
      </trkpt>
      <trkpt lat="44.14845" lon="-73.73185">
        <ele>1028.78</ele>
        <time>2026-04-11T14:53:01Z</time>
      </trkpt>
      <trkpt lat="44.14848" lon="-73.73184">
        <ele>1029.75</ele>
        <time>2026-04-11T14:53:05Z</time>
      </trkpt>
      <trkpt lat="44.1485" lon="-73.73182">
        <ele>1030.4</ele>
        <time>2026-04-11T14:53:09Z</time>
      </trkpt>
      <trkpt lat="44.14851" lon="-73.7318">
        <ele>1030.72</ele>
        <time>2026-04-11T14:53:14Z</time>
      </trkpt>
      <trkpt lat="44.14851" lon="-73.7318">
        <ele>1030.72</ele>
        <time>2026-04-11T14:53:16Z</time>
      </trkpt>
      <trkpt lat="44.14852" lon="-73.73177">
        <ele>1031.03</ele>
        <time>2026-04-11T14:53:22Z</time>
      </trkpt>
      <trkpt lat="44.14852" lon="-73.73177">
        <ele>1031.03</ele>
        <time>2026-04-11T14:53:23Z</time>
      </trkpt>
      <trkpt lat="44.14852" lon="-73.73176">
        <ele>1031.03</ele>
        <time>2026-04-11T14:53:28Z</time>
      </trkpt>
      <trkpt lat="44.14852" lon="-73.73175">
        <ele>1031.03</ele>
        <time>2026-04-11T14:53:29Z</time>
      </trkpt>
      <trkpt lat="44.14854" lon="-73.73172">
        <ele>1031.56</ele>
        <time>2026-04-11T14:53:37Z</time>
      </trkpt>
      <trkpt lat="44.14854" lon="-73.73172">
        <ele>1031.56</ele>
        <time>2026-04-11T14:53:39Z</time>
      </trkpt>
      <trkpt lat="44.14857" lon="-73.73172">
        <ele>1032.35</ele>
        <time>2026-04-11T14:53:45Z</time>
      </trkpt>
      <trkpt lat="44.14858" lon="-73.73173">
        <ele>1032.54</ele>
        <time>2026-04-11T14:53:50Z</time>
      </trkpt>
      <trkpt lat="44.14858" lon="-73.73173">
        <ele>1032.54</ele>
        <time>2026-04-11T14:53:51Z</time>
      </trkpt>
      <trkpt lat="44.14861" lon="-73.73172">
        <ele>1033.39</ele>
        <time>2026-04-11T14:53:56Z</time>
      </trkpt>
      <trkpt lat="44.14862" lon="-73.73171">
        <ele>1033.77</ele>
        <time>2026-04-11T14:54:00Z</time>
      </trkpt>
      <trkpt lat="44.14863" lon="-73.73171">
        <ele>1034.04</ele>
        <time>2026-04-11T14:54:02Z</time>
      </trkpt>
      <trkpt lat="44.14863" lon="-73.73169">
        <ele>1034.21</ele>
        <time>2026-04-11T14:54:04Z</time>
      </trkpt>
      <trkpt lat="44.14863" lon="-73.73169">
        <ele>1034.21</ele>
        <time>2026-04-11T14:54:09Z</time>
      </trkpt>
      <trkpt lat="44.14866" lon="-73.73169">
        <ele>1034.94</ele>
        <time>2026-04-11T14:54:38Z</time>
      </trkpt>
      <trkpt lat="44.14869" lon="-73.73166">
        <ele>1035.77</ele>
        <time>2026-04-11T14:54:42Z</time>
      </trkpt>
      <trkpt lat="44.14871" lon="-73.73163">
        <ele>1036.6</ele>
        <time>2026-04-11T14:54:46Z</time>
      </trkpt>
      <trkpt lat="44.14871" lon="-73.7316">
        <ele>1036.92</ele>
        <time>2026-04-11T14:54:50Z</time>
      </trkpt>
      <trkpt lat="44.14872" lon="-73.73157">
        <ele>1037.54</ele>
        <time>2026-04-11T14:54:53Z</time>
      </trkpt>
      <trkpt lat="44.14872" lon="-73.73156">
        <ele>1037.55</ele>
        <time>2026-04-11T14:54:54Z</time>
      </trkpt>
      <trkpt lat="44.14872" lon="-73.73157">
        <ele>1037.54</ele>
        <time>2026-04-11T14:55:00Z</time>
      </trkpt>
      <trkpt lat="44.14873" lon="-73.73156">
        <ele>1037.9</ele>
        <time>2026-04-11T14:55:03Z</time>
      </trkpt>
      <trkpt lat="44.14875" lon="-73.73153">
        <ele>1038.74</ele>
        <time>2026-04-11T14:55:08Z</time>
      </trkpt>
      <trkpt lat="44.14876" lon="-73.7315">
        <ele>1039.31</ele>
        <time>2026-04-11T14:55:11Z</time>
      </trkpt>
      <trkpt lat="44.14876" lon="-73.73147">
        <ele>1039.43</ele>
        <time>2026-04-11T14:55:15Z</time>
      </trkpt>
      <trkpt lat="44.14877" lon="-73.73147">
        <ele>1039.86</ele>
        <time>2026-04-11T14:55:16Z</time>
      </trkpt>
      <trkpt lat="44.14877" lon="-73.73146">
        <ele>1039.86</ele>
        <time>2026-04-11T14:55:17Z</time>
      </trkpt>
      <trkpt lat="44.14878" lon="-73.73143">
        <ele>1040.3</ele>
        <time>2026-04-11T14:55:22Z</time>
      </trkpt>
      <trkpt lat="44.14879" lon="-73.7314">
        <ele>1040.73</ele>
        <time>2026-04-11T14:55:28Z</time>
      </trkpt>
      <trkpt lat="44.1488" lon="-73.73137">
        <ele>1041.12</ele>
        <time>2026-04-11T14:55:31Z</time>
      </trkpt>
      <trkpt lat="44.1488" lon="-73.73137">
        <ele>1041.12</ele>
        <time>2026-04-11T14:55:33Z</time>
      </trkpt>
      <trkpt lat="44.1488" lon="-73.73136">
        <ele>1041.12</ele>
        <time>2026-04-11T14:55:34Z</time>
      </trkpt>
      <trkpt lat="44.14881" lon="-73.73134">
        <ele>1041.44</ele>
        <time>2026-04-11T14:55:38Z</time>
      </trkpt>
      <trkpt lat="44.14882" lon="-73.73131">
        <ele>1041.77</ele>
        <time>2026-04-11T14:55:42Z</time>
      </trkpt>
      <trkpt lat="44.14883" lon="-73.73127">
        <ele>1041.91</ele>
        <time>2026-04-11T14:55:48Z</time>
      </trkpt>
      <trkpt lat="44.14883" lon="-73.73126">
        <ele>1041.84</ele>
        <time>2026-04-11T14:55:50Z</time>
      </trkpt>
      <trkpt lat="44.14886" lon="-73.73123">
        <ele>1042.84</ele>
        <time>2026-04-11T14:55:56Z</time>
      </trkpt>
      <trkpt lat="44.14886" lon="-73.73123">
        <ele>1042.84</ele>
        <time>2026-04-11T14:55:57Z</time>
      </trkpt>
      <trkpt lat="44.14888" lon="-73.73123">
        <ele>1043.64</ele>
        <time>2026-04-11T14:56:02Z</time>
      </trkpt>
      <trkpt lat="44.14888" lon="-73.73123">
        <ele>1043.64</ele>
        <time>2026-04-11T14:56:04Z</time>
      </trkpt>
      <trkpt lat="44.14888" lon="-73.73123">
        <ele>1043.64</ele>
        <time>2026-04-11T14:56:07Z</time>
      </trkpt>
      <trkpt lat="44.1489" lon="-73.73121">
        <ele>1044.47</ele>
        <time>2026-04-11T14:56:11Z</time>
      </trkpt>
      <trkpt lat="44.14891" lon="-73.73121">
        <ele>1044.9</ele>
        <time>2026-04-11T14:56:15Z</time>
      </trkpt>
      <trkpt lat="44.14894" lon="-73.7312">
        <ele>1046.21</ele>
        <time>2026-04-11T14:56:19Z</time>
      </trkpt>
      <trkpt lat="44.14894" lon="-73.7312">
        <ele>1046.21</ele>
        <time>2026-04-11T14:56:20Z</time>
      </trkpt>
      <trkpt lat="44.14895" lon="-73.7312">
        <ele>1046.64</ele>
        <time>2026-04-11T14:56:28Z</time>
      </trkpt>
      <trkpt lat="44.14895" lon="-73.73118">
        <ele>1046.64</ele>
        <time>2026-04-11T14:56:30Z</time>
      </trkpt>
      <trkpt lat="44.14896" lon="-73.73117">
        <ele>1047.07</ele>
        <time>2026-04-11T14:56:33Z</time>
      </trkpt>
      <trkpt lat="44.14898" lon="-73.73119">
        <ele>1047.94</ele>
        <time>2026-04-11T14:56:35Z</time>
      </trkpt>
      <trkpt lat="44.14899" lon="-73.73118">
        <ele>1048.32</ele>
        <time>2026-04-11T14:56:37Z</time>
      </trkpt>
      <trkpt lat="44.149" lon="-73.73117">
        <ele>1048.75</ele>
        <time>2026-04-11T14:56:39Z</time>
      </trkpt>
      <trkpt lat="44.149" lon="-73.73117">
        <ele>1048.75</ele>
        <time>2026-04-11T14:56:44Z</time>
      </trkpt>
      <trkpt lat="44.14901" lon="-73.73117">
        <ele>1049.15</ele>
        <time>2026-04-11T14:56:51Z</time>
      </trkpt>
      <trkpt lat="44.14902" lon="-73.73117">
        <ele>1049.55</ele>
        <time>2026-04-11T14:56:53Z</time>
      </trkpt>
      <trkpt lat="44.14903" lon="-73.73116">
        <ele>1050.07</ele>
        <time>2026-04-11T14:56:55Z</time>
      </trkpt>
      <trkpt lat="44.14903" lon="-73.73113">
        <ele>1050.41</ele>
        <time>2026-04-11T14:56:58Z</time>
      </trkpt>
      <trkpt lat="44.14903" lon="-73.73113">
        <ele>1050.41</ele>
        <time>2026-04-11T14:56:59Z</time>
      </trkpt>
      <trkpt lat="44.14903" lon="-73.73109">
        <ele>1050.85</ele>
        <time>2026-04-11T14:57:04Z</time>
      </trkpt>
      <trkpt lat="44.14904" lon="-73.73107">
        <ele>1051.6</ele>
        <time>2026-04-11T14:57:07Z</time>
      </trkpt>
      <trkpt lat="44.14905" lon="-73.73104">
        <ele>1052.47</ele>
        <time>2026-04-11T14:57:11Z</time>
      </trkpt>
      <trkpt lat="44.14904" lon="-73.73106">
        <ele>1051.71</ele>
        <time>2026-04-11T14:57:22Z</time>
      </trkpt>
      <trkpt lat="44.14906" lon="-73.73102">
        <ele>1053.22</ele>
        <time>2026-04-11T14:57:28Z</time>
      </trkpt>
      <trkpt lat="44.14906" lon="-73.73101">
        <ele>1053.24</ele>
        <time>2026-04-11T14:57:29Z</time>
      </trkpt>
      <trkpt lat="44.14907" lon="-73.73099">
        <ele>1053.78</ele>
        <time>2026-04-11T14:57:33Z</time>
      </trkpt>
      <trkpt lat="44.14906" lon="-73.731">
        <ele>1053.24</ele>
        <time>2026-04-11T14:57:36Z</time>
      </trkpt>
      <trkpt lat="44.14905" lon="-73.73098">
        <ele>1052.7</ele>
        <time>2026-04-11T14:57:44Z</time>
      </trkpt>
      <trkpt lat="44.14905" lon="-73.73098">
        <ele>1052.7</ele>
        <time>2026-04-11T14:57:47Z</time>
      </trkpt>
      <trkpt lat="44.14905" lon="-73.73095">
        <ele>1052.7</ele>
        <time>2026-04-11T14:57:53Z</time>
      </trkpt>
      <trkpt lat="44.14905" lon="-73.73095">
        <ele>1052.7</ele>
        <time>2026-04-11T14:57:56Z</time>
      </trkpt>
      <trkpt lat="44.14909" lon="-73.73096">
        <ele>1054.8</ele>
        <time>2026-04-11T14:58:33Z</time>
      </trkpt>
      <trkpt lat="44.1491" lon="-73.73094">
        <ele>1055.36</ele>
        <time>2026-04-11T14:58:36Z</time>
      </trkpt>
      <trkpt lat="44.1491" lon="-73.73091">
        <ele>1055.57</ele>
        <time>2026-04-11T14:58:39Z</time>
      </trkpt>
      <trkpt lat="44.1491" lon="-73.7309">
        <ele>1055.68</ele>
        <time>2026-04-11T14:58:40Z</time>
      </trkpt>
      <trkpt lat="44.14912" lon="-73.73087">
        <ele>1057.08</ele>
        <time>2026-04-11T14:58:45Z</time>
      </trkpt>
      <trkpt lat="44.14914" lon="-73.73084">
        <ele>1058.49</ele>
        <time>2026-04-11T14:58:49Z</time>
      </trkpt>
      <trkpt lat="44.14915" lon="-73.73082">
        <ele>1059.1</ele>
        <time>2026-04-11T14:58:53Z</time>
      </trkpt>
      <trkpt lat="44.14917" lon="-73.73079">
        <ele>1060.12</ele>
        <time>2026-04-11T14:58:58Z</time>
      </trkpt>
      <trkpt lat="44.14917" lon="-73.73079">
        <ele>1060.12</ele>
        <time>2026-04-11T14:58:59Z</time>
      </trkpt>
      <trkpt lat="44.14917" lon="-73.73073">
        <ele>1060.15</ele>
        <time>2026-04-11T14:59:04Z</time>
      </trkpt>
      <trkpt lat="44.14917" lon="-73.73073">
        <ele>1060.15</ele>
        <time>2026-04-11T14:59:06Z</time>
      </trkpt>
      <trkpt lat="44.14917" lon="-73.73073">
        <ele>1060.15</ele>
        <time>2026-04-11T14:59:11Z</time>
      </trkpt>
      <trkpt lat="44.14918" lon="-73.73073">
        <ele>1060.59</ele>
        <time>2026-04-11T14:59:38Z</time>
      </trkpt>
      <trkpt lat="44.1492" lon="-73.73072">
        <ele>1061.52</ele>
        <time>2026-04-11T14:59:43Z</time>
      </trkpt>
      <trkpt lat="44.14921" lon="-73.73071">
        <ele>1062.03</ele>
        <time>2026-04-11T14:59:45Z</time>
      </trkpt>
      <trkpt lat="44.14922" lon="-73.73071">
        <ele>1062.5</ele>
        <time>2026-04-11T14:59:46Z</time>
      </trkpt>
      <trkpt lat="44.14922" lon="-73.73071">
        <ele>1062.5</ele>
        <time>2026-04-11T14:59:47Z</time>
      </trkpt>
      <trkpt lat="44.14922" lon="-73.73071">
        <ele>1062.5</ele>
        <time>2026-04-11T14:59:48Z</time>
      </trkpt>
      <trkpt lat="44.14923" lon="-73.7307">
        <ele>1063.04</ele>
        <time>2026-04-11T14:59:50Z</time>
      </trkpt>
      <trkpt lat="44.14925" lon="-73.73069">
        <ele>1064.09</ele>
        <time>2026-04-11T14:59:54Z</time>
      </trkpt>
      <trkpt lat="44.14926" lon="-73.73068">
        <ele>1064.69</ele>
        <time>2026-04-11T14:59:55Z</time>
      </trkpt>
      <trkpt lat="44.14927" lon="-73.73063">
        <ele>1065.49</ele>
        <time>2026-04-11T15:00:01Z</time>
      </trkpt>
      <trkpt lat="44.14927" lon="-73.7306">
        <ele>1065.52</ele>
        <time>2026-04-11T15:00:04Z</time>
      </trkpt>
      <trkpt lat="44.14927" lon="-73.73061">
        <ele>1065.51</ele>
        <time>2026-04-11T15:00:08Z</time>
      </trkpt>
      <trkpt lat="44.14927" lon="-73.73061">
        <ele>1065.51</ele>
        <time>2026-04-11T15:00:10Z</time>
      </trkpt>
      <trkpt lat="44.14928" lon="-73.73061">
        <ele>1065.99</ele>
        <time>2026-04-11T15:00:21Z</time>
      </trkpt>
      <trkpt lat="44.14928" lon="-73.7306">
        <ele>1066.01</ele>
        <time>2026-04-11T15:00:23Z</time>
      </trkpt>
      <trkpt lat="44.14929" lon="-73.73056">
        <ele>1066.64</ele>
        <time>2026-04-11T15:00:29Z</time>
      </trkpt>
      <trkpt lat="44.1493" lon="-73.73055">
        <ele>1067.26</ele>
        <time>2026-04-11T15:00:31Z</time>
      </trkpt>
      <trkpt lat="44.14933" lon="-73.73054">
        <ele>1068.99</ele>
        <time>2026-04-11T15:00:39Z</time>
      </trkpt>
      <trkpt lat="44.14934" lon="-73.73053">
        <ele>1069.64</ele>
        <time>2026-04-11T15:00:42Z</time>
      </trkpt>
      <trkpt lat="44.14937" lon="-73.73052">
        <ele>1071.05</ele>
        <time>2026-04-11T15:00:47Z</time>
      </trkpt>
      <trkpt lat="44.14938" lon="-73.73051">
        <ele>1071.55</ele>
        <time>2026-04-11T15:00:50Z</time>
      </trkpt>
      <trkpt lat="44.14939" lon="-73.73049">
        <ele>1072.24</ele>
        <time>2026-04-11T15:00:53Z</time>
      </trkpt>
      <trkpt lat="44.14938" lon="-73.73048">
        <ele>1071.98</ele>
        <time>2026-04-11T15:00:55Z</time>
      </trkpt>
      <trkpt lat="44.14938" lon="-73.73048">
        <ele>1071.98</ele>
        <time>2026-04-11T15:01:03Z</time>
      </trkpt>
      <trkpt lat="44.14939" lon="-73.73045">
        <ele>1072.79</ele>
        <time>2026-04-11T15:01:05Z</time>
      </trkpt>
      <trkpt lat="44.1494" lon="-73.7304">
        <ele>1073.76</ele>
        <time>2026-04-11T15:01:13Z</time>
      </trkpt>
      <trkpt lat="44.14941" lon="-73.73038">
        <ele>1074.41</ele>
        <time>2026-04-11T15:01:16Z</time>
      </trkpt>
      <trkpt lat="44.14941" lon="-73.73037">
        <ele>1074.52</ele>
        <time>2026-04-11T15:01:17Z</time>
      </trkpt>
      <trkpt lat="44.14942" lon="-73.73034">
        <ele>1075.27</ele>
        <time>2026-04-11T15:01:22Z</time>
      </trkpt>
      <trkpt lat="44.14943" lon="-73.73032">
        <ele>1075.92</ele>
        <time>2026-04-11T15:01:25Z</time>
      </trkpt>
      <trkpt lat="44.14944" lon="-73.73029">
        <ele>1076.68</ele>
        <time>2026-04-11T15:01:28Z</time>
      </trkpt>
      <trkpt lat="44.14944" lon="-73.73028">
        <ele>1076.78</ele>
        <time>2026-04-11T15:01:31Z</time>
      </trkpt>
      <trkpt lat="44.14947" lon="-73.73023">
        <ele>1077.97</ele>
        <time>2026-04-11T15:01:38Z</time>
      </trkpt>
      <trkpt lat="44.14948" lon="-73.73022">
        <ele>1078.39</ele>
        <time>2026-04-11T15:01:40Z</time>
      </trkpt>
      <trkpt lat="44.14949" lon="-73.73021">
        <ele>1078.84</ele>
        <time>2026-04-11T15:01:43Z</time>
      </trkpt>
      <trkpt lat="44.1495" lon="-73.73016">
        <ele>1079.67</ele>
        <time>2026-04-11T15:01:48Z</time>
      </trkpt>
      <trkpt lat="44.1495" lon="-73.73011">
        <ele>1080.21</ele>
        <time>2026-04-11T15:01:54Z</time>
      </trkpt>
      <trkpt lat="44.14951" lon="-73.73011">
        <ele>1080.64</ele>
        <time>2026-04-11T15:01:56Z</time>
      </trkpt>
      <trkpt lat="44.14954" lon="-73.73009">
        <ele>1082.12</ele>
        <time>2026-04-11T15:02:02Z</time>
      </trkpt>
      <trkpt lat="44.14954" lon="-73.73009">
        <ele>1082.12</ele>
        <time>2026-04-11T15:02:04Z</time>
      </trkpt>
      <trkpt lat="44.14959" lon="-73.73005">
        <ele>1084.18</ele>
        <time>2026-04-11T15:02:11Z</time>
      </trkpt>
      <trkpt lat="44.14959" lon="-73.73004">
        <ele>1084.28</ele>
        <time>2026-04-11T15:02:12Z</time>
      </trkpt>
      <trkpt lat="44.14963" lon="-73.73003">
        <ele>1085.68</ele>
        <time>2026-04-11T15:02:19Z</time>
      </trkpt>
      <trkpt lat="44.14964" lon="-73.73002">
        <ele>1086.01</ele>
        <time>2026-04-11T15:02:20Z</time>
      </trkpt>
      <trkpt lat="44.14964" lon="-73.73002">
        <ele>1086.01</ele>
        <time>2026-04-11T15:02:21Z</time>
      </trkpt>
      <trkpt lat="44.14966" lon="-73.73002">
        <ele>1086.44</ele>
        <time>2026-04-11T15:02:28Z</time>
      </trkpt>
      <trkpt lat="44.14967" lon="-73.73004">
        <ele>1086.44</ele>
        <time>2026-04-11T15:02:31Z</time>
      </trkpt>
      <trkpt lat="44.14971" lon="-73.73005">
        <ele>1087.2</ele>
        <time>2026-04-11T15:02:36Z</time>
      </trkpt>
      <trkpt lat="44.14976" lon="-73.73006">
        <ele>1087.76</ele>
        <time>2026-04-11T15:02:46Z</time>
      </trkpt>
      <trkpt lat="44.14979" lon="-73.73006">
        <ele>1088.08</ele>
        <time>2026-04-11T15:02:55Z</time>
      </trkpt>
      <trkpt lat="44.1498" lon="-73.73006">
        <ele>1088.19</ele>
        <time>2026-04-11T15:02:56Z</time>
      </trkpt>
      <trkpt lat="44.14986" lon="-73.73005">
        <ele>1088.68</ele>
        <time>2026-04-11T15:03:06Z</time>
      </trkpt>
      <trkpt lat="44.14988" lon="-73.73004">
        <ele>1088.97</ele>
        <time>2026-04-11T15:03:09Z</time>
      </trkpt>
      <trkpt lat="44.14992" lon="-73.73004">
        <ele>1089.0</ele>
        <time>2026-04-11T15:03:15Z</time>
      </trkpt>
      <trkpt lat="44.14992" lon="-73.73003">
        <ele>1089.22</ele>
        <time>2026-04-11T15:03:26Z</time>
      </trkpt>
      <trkpt lat="44.14991" lon="-73.73004">
        <ele>1089.11</ele>
        <time>2026-04-11T15:03:36Z</time>
      </trkpt>
      <trkpt lat="44.1499" lon="-73.73004">
        <ele>1089.09</ele>
        <time>2026-04-11T15:03:42Z</time>
      </trkpt>
      <trkpt lat="44.14989" lon="-73.73003">
        <ele>1089.22</ele>
        <time>2026-04-11T15:03:50Z</time>
      </trkpt>
      <trkpt lat="44.14989" lon="-73.73004">
        <ele>1089.03</ele>
        <time>2026-04-11T15:03:54Z</time>
      </trkpt>
      <trkpt lat="44.14989" lon="-73.73004">
        <ele>1089.03</ele>
        <time>2026-04-11T15:03:57Z</time>
      </trkpt>
      <trkpt lat="44.14988" lon="-73.73005">
        <ele>1088.78</ele>
        <time>2026-04-11T15:04:05Z</time>
      </trkpt>
      <trkpt lat="44.14989" lon="-73.73008">
        <ele>1088.25</ele>
        <time>2026-04-11T15:04:11Z</time>
      </trkpt>
      <trkpt lat="44.14989" lon="-73.73009">
        <ele>1088.05</ele>
        <time>2026-04-11T15:04:16Z</time>
      </trkpt>
      <trkpt lat="44.14989" lon="-73.73008">
        <ele>1088.25</ele>
        <time>2026-04-11T15:04:19Z</time>
      </trkpt>
      <trkpt lat="44.1499" lon="-73.73008">
        <ele>1088.26</ele>
        <time>2026-04-11T15:04:23Z</time>
      </trkpt>
      <trkpt lat="44.14989" lon="-73.73009">
        <ele>1088.05</ele>
        <time>2026-04-11T15:04:30Z</time>
      </trkpt>
      <trkpt lat="44.1499" lon="-73.73009">
        <ele>1088.05</ele>
        <time>2026-04-11T15:04:42Z</time>
      </trkpt>
      <trkpt lat="44.14991" lon="-73.73008">
        <ele>1088.24</ele>
        <time>2026-04-11T15:04:52Z</time>
      </trkpt>
      <trkpt lat="44.1499" lon="-73.73007">
        <ele>1088.47</ele>
        <time>2026-04-11T15:04:57Z</time>
      </trkpt>
      <trkpt lat="44.1499" lon="-73.73005">
        <ele>1088.88</ele>
        <time>2026-04-11T15:04:59Z</time>
      </trkpt>
      <trkpt lat="44.14991" lon="-73.73006">
        <ele>1088.68</ele>
        <time>2026-04-11T15:05:06Z</time>
      </trkpt>
      <trkpt lat="44.14991" lon="-73.73006">
        <ele>1088.68</ele>
        <time>2026-04-11T15:05:16Z</time>
      </trkpt>
      <trkpt lat="44.14993" lon="-73.73004">
        <ele>1088.89</ele>
        <time>2026-04-11T15:05:25Z</time>
      </trkpt>
      <trkpt lat="44.14992" lon="-73.73005">
        <ele>1088.78</ele>
        <time>2026-04-11T15:05:36Z</time>
      </trkpt>
      <trkpt lat="44.14992" lon="-73.73004">
        <ele>1089.0</ele>
        <time>2026-04-11T15:05:45Z</time>
      </trkpt>
      <trkpt lat="44.14993" lon="-73.73005">
        <ele>1088.68</ele>
        <time>2026-04-11T15:05:54Z</time>
      </trkpt>
      <trkpt lat="44.14994" lon="-73.73004">
        <ele>1088.78</ele>
        <time>2026-04-11T15:06:03Z</time>
      </trkpt>
      <trkpt lat="44.14994" lon="-73.73005">
        <ele>1088.57</ele>
        <time>2026-04-11T15:06:14Z</time>
      </trkpt>
      <trkpt lat="44.14994" lon="-73.73005">
        <ele>1088.57</ele>
        <time>2026-04-11T15:06:15Z</time>
      </trkpt>
      <trkpt lat="44.14995" lon="-73.73005">
        <ele>1088.46</ele>
        <time>2026-04-11T15:06:29Z</time>
      </trkpt>
      <trkpt lat="44.14993" lon="-73.73004">
        <ele>1088.89</ele>
        <time>2026-04-11T15:06:37Z</time>
      </trkpt>
      <trkpt lat="44.14993" lon="-73.73004">
        <ele>1088.89</ele>
        <time>2026-04-11T15:06:39Z</time>
      </trkpt>
      <trkpt lat="44.14993" lon="-73.73004">
        <ele>1088.89</ele>
        <time>2026-04-11T15:06:48Z</time>
      </trkpt>
      <trkpt lat="44.14991" lon="-73.73007">
        <ele>1088.46</ele>
        <time>2026-04-11T15:06:56Z</time>
      </trkpt>
      <trkpt lat="44.14991" lon="-73.73007">
        <ele>1088.46</ele>
        <time>2026-04-11T15:07:07Z</time>
      </trkpt>
      <trkpt lat="44.14991" lon="-73.73007">
        <ele>1088.46</ele>
        <time>2026-04-11T15:07:18Z</time>
      </trkpt>
      <trkpt lat="44.14991" lon="-73.73007">
        <ele>1088.46</ele>
        <time>2026-04-11T15:07:30Z</time>
      </trkpt>
      <trkpt lat="44.1499" lon="-73.73007">
        <ele>1088.47</ele>
        <time>2026-04-11T15:07:49Z</time>
      </trkpt>
      <trkpt lat="44.14989" lon="-73.73008">
        <ele>1088.25</ele>
        <time>2026-04-11T15:07:52Z</time>
      </trkpt>
      <trkpt lat="44.1499" lon="-73.73005">
        <ele>1088.88</ele>
        <time>2026-04-11T15:07:59Z</time>
      </trkpt>
      <trkpt lat="44.1499" lon="-73.73006">
        <ele>1088.68</ele>
        <time>2026-04-11T15:08:07Z</time>
      </trkpt>
      <trkpt lat="44.1499" lon="-73.73005">
        <ele>1088.88</ele>
        <time>2026-04-11T15:08:11Z</time>
      </trkpt>
      <trkpt lat="44.14991" lon="-73.73005">
        <ele>1088.89</ele>
        <time>2026-04-11T15:08:17Z</time>
      </trkpt>
      <trkpt lat="44.14991" lon="-73.73005">
        <ele>1088.89</ele>
        <time>2026-04-11T15:08:29Z</time>
      </trkpt>
      <trkpt lat="44.14989" lon="-73.73006">
        <ele>1088.64</ele>
        <time>2026-04-11T15:08:37Z</time>
      </trkpt>
      <trkpt lat="44.14991" lon="-73.73007">
        <ele>1088.46</ele>
        <time>2026-04-11T15:08:45Z</time>
      </trkpt>
      <trkpt lat="44.14992" lon="-73.73006">
        <ele>1088.57</ele>
        <time>2026-04-11T15:08:54Z</time>
      </trkpt>
      <trkpt lat="44.14992" lon="-73.73005">
        <ele>1088.78</ele>
        <time>2026-04-11T15:09:04Z</time>
      </trkpt>
      <trkpt lat="44.14991" lon="-73.73005">
        <ele>1088.89</ele>
        <time>2026-04-11T15:09:10Z</time>
      </trkpt>
      <trkpt lat="44.1499" lon="-73.73006">
        <ele>1088.68</ele>
        <time>2026-04-11T15:09:14Z</time>
      </trkpt>
      <trkpt lat="44.14991" lon="-73.73006">
        <ele>1088.68</ele>
        <time>2026-04-11T15:09:22Z</time>
      </trkpt>
      <trkpt lat="44.1499" lon="-73.73003">
        <ele>1089.3</ele>
        <time>2026-04-11T15:09:29Z</time>
      </trkpt>
      <trkpt lat="44.1499" lon="-73.73002">
        <ele>1089.51</ele>
        <time>2026-04-11T15:09:33Z</time>
      </trkpt>
      <trkpt lat="44.14991" lon="-73.73002">
        <ele>1089.54</ele>
        <time>2026-04-11T15:09:35Z</time>
      </trkpt>
      <trkpt lat="44.14991" lon="-73.73003">
        <ele>1089.32</ele>
        <time>2026-04-11T15:09:39Z</time>
      </trkpt>
      <trkpt lat="44.14991" lon="-73.73004">
        <ele>1089.11</ele>
        <time>2026-04-11T15:09:42Z</time>
      </trkpt>
      <trkpt lat="44.14991" lon="-73.73003">
        <ele>1089.32</ele>
        <time>2026-04-11T15:09:46Z</time>
      </trkpt>
      <trkpt lat="44.14991" lon="-73.73003">
        <ele>1089.32</ele>
        <time>2026-04-11T15:09:58Z</time>
      </trkpt>
      <trkpt lat="44.14991" lon="-73.73004">
        <ele>1089.11</ele>
        <time>2026-04-11T15:10:11Z</time>
      </trkpt>
      <trkpt lat="44.14992" lon="-73.73004">
        <ele>1089.0</ele>
        <time>2026-04-11T15:10:20Z</time>
      </trkpt>
      <trkpt lat="44.14995" lon="-73.73002">
        <ele>1089.11</ele>
        <time>2026-04-11T15:10:28Z</time>
      </trkpt>
      <trkpt lat="44.14998" lon="-73.72997">
        <ele>1090.19</ele>
        <time>2026-04-11T15:10:36Z</time>
      </trkpt>
      <trkpt lat="44.15" lon="-73.72996">
        <ele>1090.3</ele>
        <time>2026-04-11T15:10:40Z</time>
      </trkpt>
      <trkpt lat="44.15" lon="-73.72996">
        <ele>1090.3</ele>
        <time>2026-04-11T15:10:41Z</time>
      </trkpt>
      <trkpt lat="44.15001" lon="-73.72996">
        <ele>1090.14</ele>
        <time>2026-04-11T15:10:42Z</time>
      </trkpt>
      <trkpt lat="44.15001" lon="-73.72995">
        <ele>1090.45</ele>
        <time>2026-04-11T15:10:43Z</time>
      </trkpt>
      <trkpt lat="44.15005" lon="-73.72989">
        <ele>1091.48</ele>
        <time>2026-04-11T15:10:50Z</time>
      </trkpt>
      <trkpt lat="44.1501" lon="-73.72983">
        <ele>1092.35</ele>
        <time>2026-04-11T15:10:56Z</time>
      </trkpt>
      <trkpt lat="44.15012" lon="-73.7298">
        <ele>1092.89</ele>
        <time>2026-04-11T15:10:59Z</time>
      </trkpt>
      <trkpt lat="44.15013" lon="-73.72977">
        <ele>1093.64</ele>
        <time>2026-04-11T15:11:03Z</time>
      </trkpt>
      <trkpt lat="44.15015" lon="-73.72977">
        <ele>1093.21</ele>
        <time>2026-04-11T15:11:06Z</time>
      </trkpt>
      <trkpt lat="44.15016" lon="-73.72975">
        <ele>1093.64</ele>
        <time>2026-04-11T15:11:10Z</time>
      </trkpt>
      <trkpt lat="44.15018" lon="-73.72971">
        <ele>1094.38</ele>
        <time>2026-04-11T15:11:15Z</time>
      </trkpt>
      <trkpt lat="44.15018" lon="-73.72968">
        <ele>1095.05</ele>
        <time>2026-04-11T15:11:18Z</time>
      </trkpt>
      <trkpt lat="44.1502" lon="-73.72964">
        <ele>1095.3</ele>
        <time>2026-04-11T15:11:22Z</time>
      </trkpt>
      <trkpt lat="44.15023" lon="-73.72959">
        <ele>1095.4</ele>
        <time>2026-04-11T15:11:29Z</time>
      </trkpt>
      <trkpt lat="44.15023" lon="-73.72959">
        <ele>1095.4</ele>
        <time>2026-04-11T15:11:30Z</time>
      </trkpt>
      <trkpt lat="44.15025" lon="-73.72957">
        <ele>1095.19</ele>
        <time>2026-04-11T15:11:33Z</time>
      </trkpt>
      <trkpt lat="44.15026" lon="-73.72956">
        <ele>1095.08</ele>
        <time>2026-04-11T15:11:37Z</time>
      </trkpt>
      <trkpt lat="44.15026" lon="-73.72953">
        <ele>1095.65</ele>
        <time>2026-04-11T15:11:40Z</time>
      </trkpt>
      <trkpt lat="44.15026" lon="-73.72952">
        <ele>1095.76</ele>
        <time>2026-04-11T15:11:44Z</time>
      </trkpt>
      <trkpt lat="44.15027" lon="-73.72948">
        <ele>1095.87</ele>
        <time>2026-04-11T15:11:52Z</time>
      </trkpt>
      <trkpt lat="44.15029" lon="-73.72945">
        <ele>1095.67</ele>
        <time>2026-04-11T15:11:58Z</time>
      </trkpt>
      <trkpt lat="44.15029" lon="-73.72945">
        <ele>1095.67</ele>
        <time>2026-04-11T15:11:59Z</time>
      </trkpt>
      <trkpt lat="44.15031" lon="-73.7294">
        <ele>1095.78</ele>
        <time>2026-04-11T15:12:06Z</time>
      </trkpt>
      <trkpt lat="44.15032" lon="-73.72935">
        <ele>1096.11</ele>
        <time>2026-04-11T15:12:10Z</time>
      </trkpt>
      <trkpt lat="44.15032" lon="-73.72933">
        <ele>1096.32</ele>
        <time>2026-04-11T15:12:12Z</time>
      </trkpt>
      <trkpt lat="44.15031" lon="-73.7293">
        <ele>1096.86</ele>
        <time>2026-04-11T15:12:18Z</time>
      </trkpt>
      <trkpt lat="44.15031" lon="-73.72929">
        <ele>1096.97</ele>
        <time>2026-04-11T15:12:20Z</time>
      </trkpt>
      <trkpt lat="44.15031" lon="-73.72928">
        <ele>1097.08</ele>
        <time>2026-04-11T15:12:27Z</time>
      </trkpt>
      <trkpt lat="44.1503" lon="-73.72928">
        <ele>1097.3</ele>
        <time>2026-04-11T15:12:29Z</time>
      </trkpt>
      <trkpt lat="44.15031" lon="-73.72926">
        <ele>1097.3</ele>
        <time>2026-04-11T15:12:36Z</time>
      </trkpt>
      <trkpt lat="44.15032" lon="-73.72923">
        <ele>1097.55</ele>
        <time>2026-04-11T15:12:42Z</time>
      </trkpt>
      <trkpt lat="44.15033" lon="-73.72922">
        <ele>1097.54</ele>
        <time>2026-04-11T15:12:43Z</time>
      </trkpt>
      <trkpt lat="44.15036" lon="-73.72917">
        <ele>1098.04</ele>
        <time>2026-04-11T15:12:48Z</time>
      </trkpt>
      <trkpt lat="44.15036" lon="-73.72917">
        <ele>1098.04</ele>
        <time>2026-04-11T15:12:50Z</time>
      </trkpt>
      <trkpt lat="44.15038" lon="-73.72914">
        <ele>1097.82</ele>
        <time>2026-04-11T15:12:57Z</time>
      </trkpt>
      <trkpt lat="44.15039" lon="-73.72914">
        <ele>1097.64</ele>
        <time>2026-04-11T15:12:59Z</time>
      </trkpt>
      <trkpt lat="44.15039" lon="-73.72914">
        <ele>1097.64</ele>
        <time>2026-04-11T15:13:02Z</time>
      </trkpt>
      <trkpt lat="44.1504" lon="-73.72913">
        <ele>1097.49</ele>
        <time>2026-04-11T15:13:08Z</time>
      </trkpt>
      <trkpt lat="44.1504" lon="-73.72913">
        <ele>1097.49</ele>
        <time>2026-04-11T15:13:10Z</time>
      </trkpt>
      <trkpt lat="44.15039" lon="-73.72913">
        <ele>1097.66</ele>
        <time>2026-04-11T15:13:11Z</time>
      </trkpt>
      <trkpt lat="44.15039" lon="-73.72912">
        <ele>1097.68</ele>
        <time>2026-04-11T15:13:18Z</time>
      </trkpt>
      <trkpt lat="44.15038" lon="-73.72913">
        <ele>1097.83</ele>
        <time>2026-04-11T15:13:26Z</time>
      </trkpt>
      <trkpt lat="44.15039" lon="-73.72912">
        <ele>1097.68</ele>
        <time>2026-04-11T15:13:28Z</time>
      </trkpt>
      <trkpt lat="44.15041" lon="-73.7291">
        <ele>1097.45</ele>
        <time>2026-04-11T15:13:36Z</time>
      </trkpt>
      <trkpt lat="44.15041" lon="-73.7291">
        <ele>1097.45</ele>
        <time>2026-04-11T15:13:37Z</time>
      </trkpt>
      <trkpt lat="44.15041" lon="-73.72909">
        <ele>1097.5</ele>
        <time>2026-04-11T15:13:50Z</time>
      </trkpt>
      <trkpt lat="44.15041" lon="-73.72909">
        <ele>1097.5</ele>
        <time>2026-04-11T15:14:03Z</time>
      </trkpt>
      <trkpt lat="44.15041" lon="-73.72908">
        <ele>1097.54</ele>
        <time>2026-04-11T15:14:05Z</time>
      </trkpt>
      <trkpt lat="44.1504" lon="-73.72911">
        <ele>1097.56</ele>
        <time>2026-04-11T15:14:15Z</time>
      </trkpt>
      <trkpt lat="44.15042" lon="-73.72911">
        <ele>1097.26</ele>
        <time>2026-04-11T15:14:22Z</time>
      </trkpt>
      <trkpt lat="44.15042" lon="-73.72911">
        <ele>1097.26</ele>
        <time>2026-04-11T15:14:25Z</time>
      </trkpt>
      <trkpt lat="44.15043" lon="-73.72911">
        <ele>1097.11</ele>
        <time>2026-04-11T15:14:26Z</time>
      </trkpt>
      <trkpt lat="44.15043" lon="-73.72913">
        <ele>1096.97</ele>
        <time>2026-04-11T15:14:37Z</time>
      </trkpt>
      <trkpt lat="44.1504" lon="-73.72912">
        <ele>1097.52</ele>
        <time>2026-04-11T15:14:47Z</time>
      </trkpt>
      <trkpt lat="44.1504" lon="-73.72911">
        <ele>1097.56</ele>
        <time>2026-04-11T15:14:57Z</time>
      </trkpt>
      <trkpt lat="44.1504" lon="-73.7291">
        <ele>1097.59</ele>
        <time>2026-04-11T15:15:00Z</time>
      </trkpt>
      <trkpt lat="44.15041" lon="-73.72912">
        <ele>1097.36</ele>
        <time>2026-04-11T15:15:08Z</time>
      </trkpt>
      <trkpt lat="44.15041" lon="-73.72913">
        <ele>1097.31</ele>
        <time>2026-04-11T15:15:15Z</time>
      </trkpt>
      <trkpt lat="44.15041" lon="-73.72912">
        <ele>1097.36</ele>
        <time>2026-04-11T15:15:22Z</time>
      </trkpt>
      <trkpt lat="44.15041" lon="-73.72911">
        <ele>1097.41</ele>
        <time>2026-04-11T15:15:36Z</time>
      </trkpt>
      <trkpt lat="44.15041" lon="-73.7291">
        <ele>1097.45</ele>
        <time>2026-04-11T15:15:45Z</time>
      </trkpt>
      <trkpt lat="44.15041" lon="-73.72911">
        <ele>1097.41</ele>
        <time>2026-04-11T15:15:55Z</time>
      </trkpt>
      <trkpt lat="44.15042" lon="-73.72911">
        <ele>1097.26</ele>
        <time>2026-04-11T15:16:04Z</time>
      </trkpt>
      <trkpt lat="44.15042" lon="-73.72911">
        <ele>1097.26</ele>
        <time>2026-04-11T15:16:05Z</time>
      </trkpt>
      <trkpt lat="44.15042" lon="-73.72912">
        <ele>1097.2</ele>
        <time>2026-04-11T15:16:06Z</time>
      </trkpt>
      <trkpt lat="44.15043" lon="-73.72912">
        <ele>1097.04</ele>
        <time>2026-04-11T15:16:08Z</time>
      </trkpt>
      <trkpt lat="44.15043" lon="-73.72912">
        <ele>1097.04</ele>
        <time>2026-04-11T15:16:17Z</time>
      </trkpt>
      <trkpt lat="44.15044" lon="-73.72912">
        <ele>1096.88</ele>
        <time>2026-04-11T15:16:27Z</time>
      </trkpt>
      <trkpt lat="44.15043" lon="-73.72912">
        <ele>1097.04</ele>
        <time>2026-04-11T15:16:38Z</time>
      </trkpt>
      <trkpt lat="44.15043" lon="-73.72912">
        <ele>1097.04</ele>
        <time>2026-04-11T15:16:46Z</time>
      </trkpt>
      <trkpt lat="44.15043" lon="-73.72911">
        <ele>1097.11</ele>
        <time>2026-04-11T15:16:54Z</time>
      </trkpt>
      <trkpt lat="44.15043" lon="-73.72911">
        <ele>1097.11</ele>
        <time>2026-04-11T15:16:55Z</time>
      </trkpt>
      <trkpt lat="44.15043" lon="-73.7291">
        <ele>1097.18</ele>
        <time>2026-04-11T15:17:06Z</time>
      </trkpt>
      <trkpt lat="44.15043" lon="-73.72909">
        <ele>1097.25</ele>
        <time>2026-04-11T15:17:15Z</time>
      </trkpt>
      <trkpt lat="44.15044" lon="-73.72909">
        <ele>1097.12</ele>
        <time>2026-04-11T15:17:18Z</time>
      </trkpt>
      <trkpt lat="44.15049" lon="-73.72912">
        <ele>1096.21</ele>
        <time>2026-04-11T15:17:24Z</time>
      </trkpt>
      <trkpt lat="44.15056" lon="-73.72911">
        <ele>1095.56</ele>
        <time>2026-04-11T15:17:32Z</time>
      </trkpt>
      <trkpt lat="44.15063" lon="-73.72905">
        <ele>1095.2</ele>
        <time>2026-04-11T15:17:40Z</time>
      </trkpt>
      <trkpt lat="44.15069" lon="-73.72897">
        <ele>1095.45</ele>
        <time>2026-04-11T15:17:48Z</time>
      </trkpt>
      <trkpt lat="44.15078" lon="-73.72891">
        <ele>1095.9</ele>
        <time>2026-04-11T15:17:57Z</time>
      </trkpt>
      <trkpt lat="44.15082" lon="-73.72885">
        <ele>1096.3</ele>
        <time>2026-04-11T15:18:05Z</time>
      </trkpt>
      <trkpt lat="44.15084" lon="-73.7288">
        <ele>1096.96</ele>
        <time>2026-04-11T15:18:12Z</time>
      </trkpt>
      <trkpt lat="44.15084" lon="-73.72879">
        <ele>1096.94</ele>
        <time>2026-04-11T15:18:13Z</time>
      </trkpt>
      <trkpt lat="44.15086" lon="-73.72877">
        <ele>1096.8</ele>
        <time>2026-04-11T15:18:16Z</time>
      </trkpt>
      <trkpt lat="44.15086" lon="-73.72876">
        <ele>1096.72</ele>
        <time>2026-04-11T15:18:18Z</time>
      </trkpt>
      <trkpt lat="44.15087" lon="-73.72876">
        <ele>1096.76</ele>
        <time>2026-04-11T15:18:20Z</time>
      </trkpt>
      <trkpt lat="44.15088" lon="-73.72875">
        <ele>1096.75</ele>
        <time>2026-04-11T15:18:22Z</time>
      </trkpt>
      <trkpt lat="44.15091" lon="-73.72871">
        <ele>1096.84</ele>
        <time>2026-04-11T15:18:28Z</time>
      </trkpt>
      <trkpt lat="44.15092" lon="-73.72871">
        <ele>1096.94</ele>
        <time>2026-04-11T15:18:29Z</time>
      </trkpt>
      <trkpt lat="44.15092" lon="-73.7287">
        <ele>1096.97</ele>
        <time>2026-04-11T15:18:30Z</time>
      </trkpt>
      <trkpt lat="44.15092" lon="-73.72867">
        <ele>1097.28</ele>
        <time>2026-04-11T15:18:33Z</time>
      </trkpt>
      <trkpt lat="44.15092" lon="-73.72865">
        <ele>1097.48</ele>
        <time>2026-04-11T15:18:37Z</time>
      </trkpt>
      <trkpt lat="44.15093" lon="-73.72864">
        <ele>1097.73</ele>
        <time>2026-04-11T15:18:40Z</time>
      </trkpt>
      <trkpt lat="44.15097" lon="-73.7286">
        <ele>1098.59</ele>
        <time>2026-04-11T15:18:49Z</time>
      </trkpt>
      <trkpt lat="44.15098" lon="-73.72859">
        <ele>1098.85</ele>
        <time>2026-04-11T15:18:56Z</time>
      </trkpt>
      <trkpt lat="44.15099" lon="-73.72858">
        <ele>1099.16</ele>
        <time>2026-04-11T15:18:57Z</time>
      </trkpt>
      <trkpt lat="44.15099" lon="-73.72856">
        <ele>1099.46</ele>
        <time>2026-04-11T15:19:02Z</time>
      </trkpt>
      <trkpt lat="44.151" lon="-73.72855">
        <ele>1099.86</ele>
        <time>2026-04-11T15:19:05Z</time>
      </trkpt>
      <trkpt lat="44.15101" lon="-73.72851">
        <ele>1100.9</ele>
        <time>2026-04-11T15:19:13Z</time>
      </trkpt>
      <trkpt lat="44.15101" lon="-73.7285">
        <ele>1101.11</ele>
        <time>2026-04-11T15:19:16Z</time>
      </trkpt>
      <trkpt lat="44.151" lon="-73.72847">
        <ele>1101.34</ele>
        <time>2026-04-11T15:19:19Z</time>
      </trkpt>
      <trkpt lat="44.15099" lon="-73.72842">
        <ele>1101.88</ele>
        <time>2026-04-11T15:19:25Z</time>
      </trkpt>
      <trkpt lat="44.15099" lon="-73.7284">
        <ele>1102.24</ele>
        <time>2026-04-11T15:19:28Z</time>
      </trkpt>
      <trkpt lat="44.151" lon="-73.72839">
        <ele>1102.9</ele>
        <time>2026-04-11T15:19:35Z</time>
      </trkpt>
      <trkpt lat="44.151" lon="-73.72837">
        <ele>1103.29</ele>
        <time>2026-04-11T15:19:47Z</time>
      </trkpt>
      <trkpt lat="44.151" lon="-73.72837">
        <ele>1103.29</ele>
        <time>2026-04-11T15:19:58Z</time>
      </trkpt>
      <trkpt lat="44.151" lon="-73.72836">
        <ele>1103.48</ele>
        <time>2026-04-11T15:20:08Z</time>
      </trkpt>
      <trkpt lat="44.151" lon="-73.72837">
        <ele>1103.29</ele>
        <time>2026-04-11T15:20:16Z</time>
      </trkpt>
      <trkpt lat="44.15099" lon="-73.72837">
        <ele>1102.79</ele>
        <time>2026-04-11T15:20:26Z</time>
      </trkpt>
      <trkpt lat="44.15099" lon="-73.72838">
        <ele>1102.61</ele>
        <time>2026-04-11T15:20:35Z</time>
      </trkpt>
      <trkpt lat="44.15099" lon="-73.72837">
        <ele>1102.79</ele>
        <time>2026-04-11T15:20:38Z</time>
      </trkpt>
      <trkpt lat="44.15099" lon="-73.72837">
        <ele>1102.79</ele>
        <time>2026-04-11T15:20:45Z</time>
      </trkpt>
      <trkpt lat="44.15101" lon="-73.72835">
        <ele>1104.2</ele>
        <time>2026-04-11T15:20:53Z</time>
      </trkpt>
      <trkpt lat="44.15101" lon="-73.72835">
        <ele>1104.2</ele>
        <time>2026-04-11T15:20:57Z</time>
      </trkpt>
      <trkpt lat="44.15101" lon="-73.72834">
        <ele>1104.4</ele>
        <time>2026-04-11T15:21:02Z</time>
      </trkpt>
      <trkpt lat="44.15101" lon="-73.72832">
        <ele>1104.81</ele>
        <time>2026-04-11T15:21:10Z</time>
      </trkpt>
      <trkpt lat="44.15101" lon="-73.72832">
        <ele>1104.81</ele>
        <time>2026-04-11T15:21:11Z</time>
      </trkpt>
      <trkpt lat="44.15101" lon="-73.72831">
        <ele>1105.02</ele>
        <time>2026-04-11T15:21:13Z</time>
      </trkpt>
      <trkpt lat="44.15102" lon="-73.72831">
        <ele>1105.58</ele>
        <time>2026-04-11T15:21:21Z</time>
      </trkpt>
      <trkpt lat="44.15102" lon="-73.7283">
        <ele>1105.8</ele>
        <time>2026-04-11T15:21:22Z</time>
      </trkpt>
      <trkpt lat="44.15102" lon="-73.72831">
        <ele>1105.58</ele>
        <time>2026-04-11T15:21:23Z</time>
      </trkpt>
      <trkpt lat="44.15103" lon="-73.72831">
        <ele>1106.12</ele>
        <time>2026-04-11T15:21:28Z</time>
      </trkpt>
      <trkpt lat="44.15103" lon="-73.72831">
        <ele>1106.12</ele>
        <time>2026-04-11T15:21:29Z</time>
      </trkpt>
      <trkpt lat="44.15106" lon="-73.72832">
        <ele>1107.53</ele>
        <time>2026-04-11T15:21:38Z</time>
      </trkpt>
      <trkpt lat="44.15108" lon="-73.72832">
        <ele>1108.61</ele>
        <time>2026-04-11T15:21:43Z</time>
      </trkpt>
      <trkpt lat="44.15109" lon="-73.72831">
        <ele>1109.36</ele>
        <time>2026-04-11T15:21:46Z</time>
      </trkpt>
      <trkpt lat="44.1511" lon="-73.7283">
        <ele>1110.12</ele>
        <time>2026-04-11T15:21:48Z</time>
      </trkpt>
      <trkpt lat="44.15111" lon="-73.7283">
        <ele>1110.66</ele>
        <time>2026-04-11T15:21:51Z</time>
      </trkpt>
      <trkpt lat="44.15112" lon="-73.7283">
        <ele>1110.97</ele>
        <time>2026-04-11T15:21:53Z</time>
      </trkpt>
      <trkpt lat="44.15114" lon="-73.7283">
        <ele>1111.54</ele>
        <time>2026-04-11T15:21:57Z</time>
      </trkpt>
      <trkpt lat="44.15115" lon="-73.7283">
        <ele>1111.83</ele>
        <time>2026-04-11T15:21:58Z</time>
      </trkpt>
      <trkpt lat="44.15117" lon="-73.72831">
        <ele>1112.25</ele>
        <time>2026-04-11T15:22:01Z</time>
      </trkpt>
      <trkpt lat="44.15118" lon="-73.72832">
        <ele>1112.41</ele>
        <time>2026-04-11T15:22:04Z</time>
      </trkpt>
      <trkpt lat="44.1512" lon="-73.72831">
        <ele>1113.14</ele>
        <time>2026-04-11T15:22:11Z</time>
      </trkpt>
      <trkpt lat="44.1512" lon="-73.72831">
        <ele>1113.14</ele>
        <time>2026-04-11T15:22:12Z</time>
      </trkpt>
      <trkpt lat="44.1512" lon="-73.72832">
        <ele>1113.03</ele>
        <time>2026-04-11T15:22:21Z</time>
      </trkpt>
      <trkpt lat="44.15121" lon="-73.7283">
        <ele>1113.52</ele>
        <time>2026-04-11T15:22:26Z</time>
      </trkpt>
      <trkpt lat="44.15121" lon="-73.72828">
        <ele>1113.75</ele>
        <time>2026-04-11T15:22:29Z</time>
      </trkpt>
      <trkpt lat="44.15119" lon="-73.72825">
        <ele>1113.59</ele>
        <time>2026-04-11T15:22:34Z</time>
      </trkpt>
      <trkpt lat="44.15119" lon="-73.72823">
        <ele>1113.8</ele>
        <time>2026-04-11T15:22:36Z</time>
      </trkpt>
      <trkpt lat="44.15119" lon="-73.7282">
        <ele>1114.08</ele>
        <time>2026-04-11T15:22:44Z</time>
      </trkpt>
      <trkpt lat="44.15119" lon="-73.7282">
        <ele>1114.08</ele>
        <time>2026-04-11T15:22:46Z</time>
      </trkpt>
      <trkpt lat="44.15119" lon="-73.72815">
        <ele>1114.54</ele>
        <time>2026-04-11T15:22:55Z</time>
      </trkpt>
      <trkpt lat="44.15119" lon="-73.72816">
        <ele>1114.45</ele>
        <time>2026-04-11T15:22:56Z</time>
      </trkpt>
      <trkpt lat="44.15119" lon="-73.72816">
        <ele>1114.45</ele>
        <time>2026-04-11T15:23:05Z</time>
      </trkpt>
      <trkpt lat="44.1512" lon="-73.72812">
        <ele>1115.17</ele>
        <time>2026-04-11T15:25:06Z</time>
      </trkpt>
      <trkpt lat="44.15121" lon="-73.7281">
        <ele>1115.72</ele>
        <time>2026-04-11T15:25:08Z</time>
      </trkpt>
      <trkpt lat="44.15122" lon="-73.72802">
        <ele>1116.6</ele>
        <time>2026-04-11T15:25:16Z</time>
      </trkpt>
      <trkpt lat="44.15123" lon="-73.72801">
        <ele>1116.99</ele>
        <time>2026-04-11T15:25:18Z</time>
      </trkpt>
      <trkpt lat="44.15124" lon="-73.72801">
        <ele>1117.37</ele>
        <time>2026-04-11T15:25:21Z</time>
      </trkpt>
      <trkpt lat="44.15124" lon="-73.72801">
        <ele>1117.37</ele>
        <time>2026-04-11T15:25:23Z</time>
      </trkpt>
      <trkpt lat="44.15125" lon="-73.728">
        <ele>1117.8</ele>
        <time>2026-04-11T15:25:27Z</time>
      </trkpt>
      <trkpt lat="44.15126" lon="-73.72798">
        <ele>1118.32</ele>
        <time>2026-04-11T15:25:30Z</time>
      </trkpt>
      <trkpt lat="44.15128" lon="-73.72796">
        <ele>1119.3</ele>
        <time>2026-04-11T15:25:34Z</time>
      </trkpt>
      <trkpt lat="44.15129" lon="-73.72795">
        <ele>1119.74</ele>
        <time>2026-04-11T15:25:37Z</time>
      </trkpt>
      <trkpt lat="44.1513" lon="-73.72795">
        <ele>1120.13</ele>
        <time>2026-04-11T15:25:38Z</time>
      </trkpt>
      <trkpt lat="44.15132" lon="-73.7279">
        <ele>1120.94</ele>
        <time>2026-04-11T15:25:47Z</time>
      </trkpt>
      <trkpt lat="44.15133" lon="-73.7279">
        <ele>1121.34</ele>
        <time>2026-04-11T15:25:48Z</time>
      </trkpt>
      <trkpt lat="44.15134" lon="-73.72787">
        <ele>1121.89</ele>
        <time>2026-04-11T15:25:54Z</time>
      </trkpt>
      <trkpt lat="44.15135" lon="-73.72786">
        <ele>1122.32</ele>
        <time>2026-04-11T15:25:58Z</time>
      </trkpt>
      <trkpt lat="44.15138" lon="-73.72783">
        <ele>1123.62</ele>
        <time>2026-04-11T15:26:03Z</time>
      </trkpt>
      <trkpt lat="44.15138" lon="-73.72783">
        <ele>1123.62</ele>
        <time>2026-04-11T15:26:05Z</time>
      </trkpt>
      <trkpt lat="44.15141" lon="-73.7278">
        <ele>1124.86</ele>
        <time>2026-04-11T15:26:12Z</time>
      </trkpt>
      <trkpt lat="44.15143" lon="-73.72775">
        <ele>1125.78</ele>
        <time>2026-04-11T15:26:22Z</time>
      </trkpt>
      <trkpt lat="44.15145" lon="-73.72773">
        <ele>1126.64</ele>
        <time>2026-04-11T15:26:29Z</time>
      </trkpt>
      <trkpt lat="44.15145" lon="-73.72772">
        <ele>1126.64</ele>
        <time>2026-04-11T15:26:30Z</time>
      </trkpt>
      <trkpt lat="44.15147" lon="-73.72767">
        <ele>1127.5</ele>
        <time>2026-04-11T15:26:39Z</time>
      </trkpt>
      <trkpt lat="44.15149" lon="-73.72764">
        <ele>1128.28</ele>
        <time>2026-04-11T15:26:43Z</time>
      </trkpt>
      <trkpt lat="44.15149" lon="-73.72762">
        <ele>1128.28</ele>
        <time>2026-04-11T15:26:47Z</time>
      </trkpt>
      <trkpt lat="44.15151" lon="-73.72761">
        <ele>1128.92</ele>
        <time>2026-04-11T15:26:51Z</time>
      </trkpt>
      <trkpt lat="44.15153" lon="-73.72758">
        <ele>1129.57</ele>
        <time>2026-04-11T15:26:55Z</time>
      </trkpt>
      <trkpt lat="44.15155" lon="-73.72754">
        <ele>1130.22</ele>
        <time>2026-04-11T15:27:00Z</time>
      </trkpt>
      <trkpt lat="44.15157" lon="-73.72751">
        <ele>1130.87</ele>
        <time>2026-04-11T15:27:04Z</time>
      </trkpt>
      <trkpt lat="44.15158" lon="-73.72748">
        <ele>1131.26</ele>
        <time>2026-04-11T15:27:08Z</time>
      </trkpt>
      <trkpt lat="44.15159" lon="-73.72746">
        <ele>1131.69</ele>
        <time>2026-04-11T15:27:13Z</time>
      </trkpt>
      <trkpt lat="44.15161" lon="-73.72742">
        <ele>1132.55</ele>
        <time>2026-04-11T15:27:17Z</time>
      </trkpt>
      <trkpt lat="44.15162" lon="-73.7274">
        <ele>1132.98</ele>
        <time>2026-04-11T15:27:21Z</time>
      </trkpt>
      <trkpt lat="44.15164" lon="-73.72737">
        <ele>1133.85</ele>
        <time>2026-04-11T15:27:26Z</time>
      </trkpt>
      <trkpt lat="44.15164" lon="-73.72737">
        <ele>1133.85</ele>
        <time>2026-04-11T15:27:29Z</time>
      </trkpt>
      <trkpt lat="44.15167" lon="-73.72734">
        <ele>1135.14</ele>
        <time>2026-04-11T15:27:36Z</time>
      </trkpt>
      <trkpt lat="44.15168" lon="-73.72734">
        <ele>1135.58</ele>
        <time>2026-04-11T15:27:38Z</time>
      </trkpt>
      <trkpt lat="44.15169" lon="-73.72732">
        <ele>1136.01</ele>
        <time>2026-04-11T15:27:44Z</time>
      </trkpt>
      <trkpt lat="44.1517" lon="-73.72731">
        <ele>1136.44</ele>
        <time>2026-04-11T15:27:46Z</time>
      </trkpt>
      <trkpt lat="44.15171" lon="-73.72729">
        <ele>1136.87</ele>
        <time>2026-04-11T15:27:50Z</time>
      </trkpt>
      <trkpt lat="44.15171" lon="-73.72729">
        <ele>1136.87</ele>
        <time>2026-04-11T15:27:52Z</time>
      </trkpt>
      <trkpt lat="44.15171" lon="-73.72728">
        <ele>1136.87</ele>
        <time>2026-04-11T15:28:00Z</time>
      </trkpt>
      <trkpt lat="44.15171" lon="-73.72728">
        <ele>1136.87</ele>
        <time>2026-04-11T15:28:06Z</time>
      </trkpt>
      <trkpt lat="44.15173" lon="-73.72729">
        <ele>1137.74</ele>
        <time>2026-04-11T15:28:11Z</time>
      </trkpt>
      <trkpt lat="44.15173" lon="-73.72729">
        <ele>1137.74</ele>
        <time>2026-04-11T15:28:12Z</time>
      </trkpt>
      <trkpt lat="44.15177" lon="-73.72733">
        <ele>1139.44</ele>
        <time>2026-04-11T15:28:19Z</time>
      </trkpt>
      <trkpt lat="44.15177" lon="-73.72733">
        <ele>1139.44</ele>
        <time>2026-04-11T15:28:20Z</time>
      </trkpt>
      <trkpt lat="44.15179" lon="-73.72739">
        <ele>1140.06</ele>
        <time>2026-04-11T15:28:28Z</time>
      </trkpt>
      <trkpt lat="44.15179" lon="-73.7274">
        <ele>1140.02</ele>
        <time>2026-04-11T15:28:29Z</time>
      </trkpt>
      <trkpt lat="44.1518" lon="-73.72741">
        <ele>1140.29</ele>
        <time>2026-04-11T15:28:31Z</time>
      </trkpt>
      <trkpt lat="44.15182" lon="-73.72741">
        <ele>1140.94</ele>
        <time>2026-04-11T15:28:35Z</time>
      </trkpt>
      <trkpt lat="44.15184" lon="-73.72741">
        <ele>1141.59</ele>
        <time>2026-04-11T15:28:37Z</time>
      </trkpt>
      <trkpt lat="44.15185" lon="-73.72741">
        <ele>1141.91</ele>
        <time>2026-04-11T15:28:39Z</time>
      </trkpt>
      <trkpt lat="44.15185" lon="-73.7274">
        <ele>1142.02</ele>
        <time>2026-04-11T15:28:40Z</time>
      </trkpt>
      <trkpt lat="44.15188" lon="-73.72736">
        <ele>1143.73</ele>
        <time>2026-04-11T15:28:45Z</time>
      </trkpt>
      <trkpt lat="44.15187" lon="-73.72732">
        <ele>1143.73</ele>
        <time>2026-04-11T15:28:48Z</time>
      </trkpt>
      <trkpt lat="44.15189" lon="-73.7273">
        <ele>1144.71</ele>
        <time>2026-04-11T15:28:52Z</time>
      </trkpt>
      <trkpt lat="44.1519" lon="-73.72728">
        <ele>1145.28</ele>
        <time>2026-04-11T15:28:54Z</time>
      </trkpt>
      <trkpt lat="44.15192" lon="-73.72727">
        <ele>1146.3</ele>
        <time>2026-04-11T15:29:01Z</time>
      </trkpt>
      <trkpt lat="44.15193" lon="-73.72725">
        <ele>1146.97</ele>
        <time>2026-04-11T15:29:05Z</time>
      </trkpt>
      <trkpt lat="44.15194" lon="-73.72722">
        <ele>1147.76</ele>
        <time>2026-04-11T15:29:08Z</time>
      </trkpt>
      <trkpt lat="44.15194" lon="-73.72719">
        <ele>1147.76</ele>
        <time>2026-04-11T15:29:11Z</time>
      </trkpt>
      <trkpt lat="44.15194" lon="-73.72714">
        <ele>1147.76</ele>
        <time>2026-04-11T15:29:18Z</time>
      </trkpt>
      <trkpt lat="44.15196" lon="-73.72705">
        <ele>1147.96</ele>
        <time>2026-04-11T15:29:28Z</time>
      </trkpt>
      <trkpt lat="44.152" lon="-73.72702">
        <ele>1149.63</ele>
        <time>2026-04-11T15:29:34Z</time>
      </trkpt>
      <trkpt lat="44.15203" lon="-73.727">
        <ele>1150.82</ele>
        <time>2026-04-11T15:29:38Z</time>
      </trkpt>
      <trkpt lat="44.15204" lon="-73.72699">
        <ele>1151.16</ele>
        <time>2026-04-11T15:29:40Z</time>
      </trkpt>
      <trkpt lat="44.15206" lon="-73.72701">
        <ele>1152.73</ele>
        <time>2026-04-11T15:29:45Z</time>
      </trkpt>
      <trkpt lat="44.15207" lon="-73.72701">
        <ele>1153.3</ele>
        <time>2026-04-11T15:29:46Z</time>
      </trkpt>
      <trkpt lat="44.1521" lon="-73.72702">
        <ele>1155.16</ele>
        <time>2026-04-11T15:29:52Z</time>
      </trkpt>
      <trkpt lat="44.15209" lon="-73.72701">
        <ele>1154.44</ele>
        <time>2026-04-11T15:29:54Z</time>
      </trkpt>
      <trkpt lat="44.15208" lon="-73.72701">
        <ele>1153.87</ele>
        <time>2026-04-11T15:29:56Z</time>
      </trkpt>
      <trkpt lat="44.15207" lon="-73.72701">
        <ele>1153.3</ele>
        <time>2026-04-11T15:29:57Z</time>
      </trkpt>
      <trkpt lat="44.15207" lon="-73.72701">
        <ele>1153.3</ele>
        <time>2026-04-11T15:30:07Z</time>
      </trkpt>
      <trkpt lat="44.15211" lon="-73.727">
        <ele>1155.46</ele>
        <time>2026-04-11T15:30:17Z</time>
      </trkpt>
      <trkpt lat="44.15212" lon="-73.72699">
        <ele>1155.92</ele>
        <time>2026-04-11T15:30:19Z</time>
      </trkpt>
      <trkpt lat="44.15213" lon="-73.72699">
        <ele>1156.51</ele>
        <time>2026-04-11T15:30:21Z</time>
      </trkpt>
      <trkpt lat="44.15216" lon="-73.72697">
        <ele>1157.83</ele>
        <time>2026-04-11T15:30:26Z</time>
      </trkpt>
      <trkpt lat="44.15216" lon="-73.72698">
        <ele>1157.9</ele>
        <time>2026-04-11T15:30:31Z</time>
      </trkpt>
      <trkpt lat="44.15216" lon="-73.72698">
        <ele>1157.9</ele>
        <time>2026-04-11T15:30:33Z</time>
      </trkpt>
      <trkpt lat="44.15218" lon="-73.72697">
        <ele>1158.85</ele>
        <time>2026-04-11T15:30:39Z</time>
      </trkpt>
      <trkpt lat="44.1522" lon="-73.72696">
        <ele>1159.84</ele>
        <time>2026-04-11T15:30:43Z</time>
      </trkpt>
      <trkpt lat="44.15221" lon="-73.72695">
        <ele>1160.35</ele>
        <time>2026-04-11T15:30:51Z</time>
      </trkpt>
      <trkpt lat="44.15221" lon="-73.72694">
        <ele>1160.29</ele>
        <time>2026-04-11T15:30:52Z</time>
      </trkpt>
      <trkpt lat="44.15222" lon="-73.72694">
        <ele>1160.83</ele>
        <time>2026-04-11T15:30:56Z</time>
      </trkpt>
      <trkpt lat="44.15223" lon="-73.72692">
        <ele>1160.84</ele>
        <time>2026-04-11T15:30:59Z</time>
      </trkpt>
      <trkpt lat="44.15223" lon="-73.72692">
        <ele>1160.84</ele>
        <time>2026-04-11T15:31:00Z</time>
      </trkpt>
      <trkpt lat="44.15226" lon="-73.72693">
        <ele>1161.32</ele>
        <time>2026-04-11T15:31:06Z</time>
      </trkpt>
      <trkpt lat="44.15226" lon="-73.72693">
        <ele>1161.32</ele>
        <time>2026-04-11T15:31:07Z</time>
      </trkpt>
      <trkpt lat="44.1523" lon="-73.72691">
        <ele>1161.78</ele>
        <time>2026-04-11T15:31:11Z</time>
      </trkpt>
      <trkpt lat="44.15231" lon="-73.72689">
        <ele>1161.92</ele>
        <time>2026-04-11T15:31:13Z</time>
      </trkpt>
      <trkpt lat="44.15234" lon="-73.72686">
        <ele>1161.48</ele>
        <time>2026-04-11T15:31:18Z</time>
      </trkpt>
      <trkpt lat="44.15236" lon="-73.72686">
        <ele>1161.07</ele>
        <time>2026-04-11T15:31:23Z</time>
      </trkpt>
      <trkpt lat="44.15237" lon="-73.72686">
        <ele>1160.86</ele>
        <time>2026-04-11T15:31:25Z</time>
      </trkpt>
      <trkpt lat="44.15246" lon="-73.72687">
        <ele>1159.63</ele>
        <time>2026-04-11T15:31:34Z</time>
      </trkpt>
      <trkpt lat="44.15247" lon="-73.72686">
        <ele>1159.41</ele>
        <time>2026-04-11T15:31:35Z</time>
      </trkpt>
      <trkpt lat="44.15254" lon="-73.72686">
        <ele>1158.66</ele>
        <time>2026-04-11T15:31:42Z</time>
      </trkpt>
      <trkpt lat="44.15255" lon="-73.72687">
        <ele>1158.66</ele>
        <time>2026-04-11T15:31:44Z</time>
      </trkpt>
      <trkpt lat="44.1526" lon="-73.7269">
        <ele>1158.4</ele>
        <time>2026-04-11T15:31:51Z</time>
      </trkpt>
      <trkpt lat="44.15261" lon="-73.7269">
        <ele>1158.23</ele>
        <time>2026-04-11T15:31:53Z</time>
      </trkpt>
      <trkpt lat="44.15264" lon="-73.72692">
        <ele>1157.85</ele>
        <time>2026-04-11T15:31:57Z</time>
      </trkpt>
      <trkpt lat="44.15269" lon="-73.72693">
        <ele>1157.05</ele>
        <time>2026-04-11T15:32:02Z</time>
      </trkpt>
      <trkpt lat="44.1527" lon="-73.72694">
        <ele>1157.16</ele>
        <time>2026-04-11T15:32:03Z</time>
      </trkpt>
      <trkpt lat="44.15276" lon="-73.72694">
        <ele>1157.81</ele>
        <time>2026-04-11T15:32:10Z</time>
      </trkpt>
      <trkpt lat="44.15279" lon="-73.72691">
        <ele>1158.21</ele>
        <time>2026-04-11T15:32:13Z</time>
      </trkpt>
      <trkpt lat="44.15279" lon="-73.72691">
        <ele>1158.21</ele>
        <time>2026-04-11T15:32:21Z</time>
      </trkpt>
      <trkpt lat="44.15284" lon="-73.72688">
        <ele>1158.88</ele>
        <time>2026-04-11T15:32:33Z</time>
      </trkpt>
      <trkpt lat="44.15288" lon="-73.72688">
        <ele>1159.62</ele>
        <time>2026-04-11T15:32:39Z</time>
      </trkpt>
      <trkpt lat="44.15288" lon="-73.72689">
        <ele>1159.72</ele>
        <time>2026-04-11T15:32:48Z</time>
      </trkpt>
      <trkpt lat="44.15289" lon="-73.72689">
        <ele>1160.05</ele>
        <time>2026-04-11T15:32:49Z</time>
      </trkpt>
      <trkpt lat="44.15291" lon="-73.72691">
        <ele>1160.91</ele>
        <time>2026-04-11T15:32:53Z</time>
      </trkpt>
      <trkpt lat="44.15291" lon="-73.72692">
        <ele>1161.02</ele>
        <time>2026-04-11T15:32:58Z</time>
      </trkpt>
      <trkpt lat="44.15291" lon="-73.72693">
        <ele>1161.13</ele>
        <time>2026-04-11T15:33:00Z</time>
      </trkpt>
      <trkpt lat="44.15292" lon="-73.72694">
        <ele>1161.56</ele>
        <time>2026-04-11T15:33:03Z</time>
      </trkpt>
      <trkpt lat="44.15294" lon="-73.72694">
        <ele>1162.21</ele>
        <time>2026-04-11T15:33:05Z</time>
      </trkpt>
      <trkpt lat="44.15296" lon="-73.72697">
        <ele>1162.9</ele>
        <time>2026-04-11T15:33:08Z</time>
      </trkpt>
      <trkpt lat="44.15298" lon="-73.72698">
        <ele>1163.62</ele>
        <time>2026-04-11T15:33:11Z</time>
      </trkpt>
      <trkpt lat="44.15301" lon="-73.72699">
        <ele>1164.77</ele>
        <time>2026-04-11T15:33:16Z</time>
      </trkpt>
      <trkpt lat="44.15302" lon="-73.72699">
        <ele>1165.15</ele>
        <time>2026-04-11T15:33:18Z</time>
      </trkpt>
      <trkpt lat="44.15303" lon="-73.727">
        <ele>1165.61</ele>
        <time>2026-04-11T15:33:21Z</time>
      </trkpt>
      <trkpt lat="44.15303" lon="-73.727">
        <ele>1165.61</ele>
        <time>2026-04-11T15:33:23Z</time>
      </trkpt>
      <trkpt lat="44.15303" lon="-73.72701">
        <ele>1165.68</ele>
        <time>2026-04-11T15:33:33Z</time>
      </trkpt>
      <trkpt lat="44.15305" lon="-73.72701">
        <ele>1166.49</ele>
        <time>2026-04-11T15:33:36Z</time>
      </trkpt>
      <trkpt lat="44.15307" lon="-73.727">
        <ele>1167.13</ele>
        <time>2026-04-11T15:33:42Z</time>
      </trkpt>
      <trkpt lat="44.15309" lon="-73.72701">
        <ele>1167.93</ele>
        <time>2026-04-11T15:33:48Z</time>
      </trkpt>
      <trkpt lat="44.1531" lon="-73.72701">
        <ele>1168.29</ele>
        <time>2026-04-11T15:33:51Z</time>
      </trkpt>
      <trkpt lat="44.15309" lon="-73.72702">
        <ele>1168.0</ele>
        <time>2026-04-11T15:34:00Z</time>
      </trkpt>
      <trkpt lat="44.1531" lon="-73.72703">
        <ele>1168.4</ele>
        <time>2026-04-11T15:34:03Z</time>
      </trkpt>
      <trkpt lat="44.1531" lon="-73.72703">
        <ele>1168.4</ele>
        <time>2026-04-11T15:34:05Z</time>
      </trkpt>
      <trkpt lat="44.15311" lon="-73.72701">
        <ele>1168.64</ele>
        <time>2026-04-11T15:34:09Z</time>
      </trkpt>
      <trkpt lat="44.15311" lon="-73.727">
        <ele>1168.6</ele>
        <time>2026-04-11T15:34:13Z</time>
      </trkpt>
      <trkpt lat="44.1531" lon="-73.72697">
        <ele>1168.06</ele>
        <time>2026-04-11T15:34:23Z</time>
      </trkpt>
      <trkpt lat="44.1531" lon="-73.72692">
        <ele>1167.92</ele>
        <time>2026-04-11T15:34:30Z</time>
      </trkpt>
      <trkpt lat="44.1531" lon="-73.7269">
        <ele>1167.92</ele>
        <time>2026-04-11T15:34:31Z</time>
      </trkpt>
      <trkpt lat="44.15311" lon="-73.72685">
        <ele>1168.33</ele>
        <time>2026-04-11T15:34:36Z</time>
      </trkpt>
      <trkpt lat="44.15312" lon="-73.72682">
        <ele>1168.44</ele>
        <time>2026-04-11T15:34:39Z</time>
      </trkpt>
      <trkpt lat="44.15313" lon="-73.72679">
        <ele>1168.55</ele>
        <time>2026-04-11T15:34:43Z</time>
      </trkpt>
      <trkpt lat="44.15313" lon="-73.72676">
        <ele>1168.22</ele>
        <time>2026-04-11T15:34:48Z</time>
      </trkpt>
      <trkpt lat="44.15313" lon="-73.72675">
        <ele>1168.12</ele>
        <time>2026-04-11T15:34:49Z</time>
      </trkpt>
      <trkpt lat="44.15315" lon="-73.72665">
        <ele>1167.52</ele>
        <time>2026-04-11T15:34:56Z</time>
      </trkpt>
      <trkpt lat="44.15315" lon="-73.72662">
        <ele>1166.55</ele>
        <time>2026-04-11T15:34:58Z</time>
      </trkpt>
      <trkpt lat="44.15316" lon="-73.72661">
        <ele>1166.55</ele>
        <time>2026-04-11T15:35:03Z</time>
      </trkpt>
      <trkpt lat="44.15316" lon="-73.72658">
        <ele>1165.58</ele>
        <time>2026-04-11T15:35:14Z</time>
      </trkpt>
      <trkpt lat="44.15316" lon="-73.72658">
        <ele>1165.58</ele>
        <time>2026-04-11T15:35:20Z</time>
      </trkpt>
      <trkpt lat="44.15316" lon="-73.72657">
        <ele>1165.25</ele>
        <time>2026-04-11T15:35:25Z</time>
      </trkpt>
      <trkpt lat="44.15316" lon="-73.72656">
        <ele>1164.93</ele>
        <time>2026-04-11T15:35:31Z</time>
      </trkpt>
      <trkpt lat="44.15316" lon="-73.72656">
        <ele>1164.93</ele>
        <time>2026-04-11T15:35:34Z</time>
      </trkpt>
      <trkpt lat="44.15316" lon="-73.72656">
        <ele>1164.93</ele>
        <time>2026-04-11T15:35:35Z</time>
      </trkpt>
      <trkpt lat="44.15316" lon="-73.72655">
        <ele>1164.6</ele>
        <time>2026-04-11T15:35:41Z</time>
      </trkpt>
      <trkpt lat="44.15316" lon="-73.72654">
        <ele>1164.28</ele>
        <time>2026-04-11T15:35:43Z</time>
      </trkpt>
      <trkpt lat="44.15316" lon="-73.72653">
        <ele>1163.96</ele>
        <time>2026-04-11T15:35:54Z</time>
      </trkpt>
      <trkpt lat="44.15316" lon="-73.72655">
        <ele>1164.6</ele>
        <time>2026-04-11T15:36:04Z</time>
      </trkpt>
      <trkpt lat="44.15315" lon="-73.72652">
        <ele>1163.31</ele>
        <time>2026-04-11T15:36:12Z</time>
      </trkpt>
      <trkpt lat="44.15314" lon="-73.72653">
        <ele>1163.35</ele>
        <time>2026-04-11T15:36:18Z</time>
      </trkpt>
      <trkpt lat="44.15314" lon="-73.72652">
        <ele>1163.04</ele>
        <time>2026-04-11T15:36:22Z</time>
      </trkpt>
      <trkpt lat="44.15314" lon="-73.72652">
        <ele>1163.04</ele>
        <time>2026-04-11T15:36:34Z</time>
      </trkpt>
      <trkpt lat="44.15314" lon="-73.72652">
        <ele>1163.04</ele>
        <time>2026-04-11T15:36:35Z</time>
      </trkpt>
      <trkpt lat="44.15314" lon="-73.72653">
        <ele>1163.35</ele>
        <time>2026-04-11T15:36:51Z</time>
      </trkpt>
      <trkpt lat="44.15314" lon="-73.72649">
        <ele>1162.09</ele>
        <time>2026-04-11T15:37:00Z</time>
      </trkpt>
      <trkpt lat="44.15315" lon="-73.7265">
        <ele>1162.66</ele>
        <time>2026-04-11T15:37:12Z</time>
      </trkpt>
      <trkpt lat="44.15316" lon="-73.72652">
        <ele>1163.63</ele>
        <time>2026-04-11T15:37:23Z</time>
      </trkpt>
      <trkpt lat="44.15316" lon="-73.72652">
        <ele>1163.63</ele>
        <time>2026-04-11T15:37:30Z</time>
      </trkpt>
      <trkpt lat="44.15316" lon="-73.72651">
        <ele>1163.31</ele>
        <time>2026-04-11T15:37:32Z</time>
      </trkpt>
      <trkpt lat="44.15316" lon="-73.72652">
        <ele>1163.63</ele>
        <time>2026-04-11T15:37:38Z</time>
      </trkpt>
      <trkpt lat="44.15316" lon="-73.72652">
        <ele>1163.63</ele>
        <time>2026-04-11T15:37:58Z</time>
      </trkpt>
      <trkpt lat="44.15316" lon="-73.72652">
        <ele>1163.63</ele>
        <time>2026-04-11T15:38:09Z</time>
      </trkpt>
      <trkpt lat="44.15316" lon="-73.72653">
        <ele>1163.96</ele>
        <time>2026-04-11T15:38:14Z</time>
      </trkpt>
      <trkpt lat="44.15316" lon="-73.72652">
        <ele>1163.63</ele>
        <time>2026-04-11T15:38:19Z</time>
      </trkpt>
      <trkpt lat="44.15315" lon="-73.72652">
        <ele>1163.31</ele>
        <time>2026-04-11T15:38:31Z</time>
      </trkpt>
      <trkpt lat="44.15318" lon="-73.72653">
        <ele>1164.6</ele>
        <time>2026-04-11T15:38:44Z</time>
      </trkpt>
      <trkpt lat="44.15317" lon="-73.72652">
        <ele>1163.96</ele>
        <time>2026-04-11T15:38:50Z</time>
      </trkpt>
      <trkpt lat="44.15316" lon="-73.72652">
        <ele>1163.63</ele>
        <time>2026-04-11T15:38:54Z</time>
      </trkpt>
      <trkpt lat="44.15315" lon="-73.72652">
        <ele>1163.31</ele>
        <time>2026-04-11T15:38:56Z</time>
      </trkpt>
      <trkpt lat="44.15316" lon="-73.72652">
        <ele>1163.63</ele>
        <time>2026-04-11T15:38:58Z</time>
      </trkpt>
      <trkpt lat="44.15317" lon="-73.72653">
        <ele>1164.28</ele>
        <time>2026-04-11T15:39:05Z</time>
      </trkpt>
      <trkpt lat="44.15317" lon="-73.72653">
        <ele>1164.28</ele>
        <time>2026-04-11T15:39:12Z</time>
      </trkpt>
      <trkpt lat="44.15317" lon="-73.72652">
        <ele>1163.96</ele>
        <time>2026-04-11T15:39:35Z</time>
      </trkpt>
      <trkpt lat="44.15316" lon="-73.72652">
        <ele>1163.63</ele>
        <time>2026-04-11T15:39:45Z</time>
      </trkpt>
      <trkpt lat="44.15315" lon="-73.72653">
        <ele>1163.63</ele>
        <time>2026-04-11T15:40:01Z</time>
      </trkpt>
      <trkpt lat="44.15316" lon="-73.72653">
        <ele>1163.96</ele>
        <time>2026-04-11T15:40:10Z</time>
      </trkpt>
      <trkpt lat="44.15315" lon="-73.72653">
        <ele>1163.63</ele>
        <time>2026-04-11T15:40:11Z</time>
      </trkpt>
      <trkpt lat="44.15316" lon="-73.72653">
        <ele>1163.96</ele>
        <time>2026-04-11T15:40:17Z</time>
      </trkpt>
      <trkpt lat="44.15316" lon="-73.72652">
        <ele>1163.63</ele>
        <time>2026-04-11T15:40:20Z</time>
      </trkpt>
      <trkpt lat="44.15316" lon="-73.72653">
        <ele>1163.96</ele>
        <time>2026-04-11T15:40:30Z</time>
      </trkpt>
      <trkpt lat="44.15315" lon="-73.72651">
        <ele>1162.98</ele>
        <time>2026-04-11T15:40:44Z</time>
      </trkpt>
      <trkpt lat="44.15316" lon="-73.72652">
        <ele>1163.63</ele>
        <time>2026-04-11T15:40:53Z</time>
      </trkpt>
      <trkpt lat="44.15317" lon="-73.72652">
        <ele>1163.96</ele>
        <time>2026-04-11T15:40:54Z</time>
      </trkpt>
      <trkpt lat="44.15318" lon="-73.72653">
        <ele>1164.6</ele>
        <time>2026-04-11T15:41:04Z</time>
      </trkpt>
      <trkpt lat="44.15317" lon="-73.72653">
        <ele>1164.28</ele>
        <time>2026-04-11T15:41:13Z</time>
      </trkpt>
      <trkpt lat="44.15317" lon="-73.72651">
        <ele>1163.63</ele>
        <time>2026-04-11T15:41:19Z</time>
      </trkpt>
      <trkpt lat="44.15316" lon="-73.72653">
        <ele>1163.96</ele>
        <time>2026-04-11T15:41:31Z</time>
      </trkpt>
      <trkpt lat="44.15316" lon="-73.72652">
        <ele>1163.63</ele>
        <time>2026-04-11T15:41:40Z</time>
      </trkpt>
      <trkpt lat="44.15317" lon="-73.72652">
        <ele>1163.96</ele>
        <time>2026-04-11T15:41:49Z</time>
      </trkpt>
      <trkpt lat="44.15316" lon="-73.72652">
        <ele>1163.63</ele>
        <time>2026-04-11T15:42:01Z</time>
      </trkpt>
      <trkpt lat="44.15315" lon="-73.72652">
        <ele>1163.31</ele>
        <time>2026-04-11T15:42:13Z</time>
      </trkpt>
      <trkpt lat="44.15315" lon="-73.72652">
        <ele>1163.31</ele>
        <time>2026-04-11T15:42:14Z</time>
      </trkpt>
      <trkpt lat="44.15315" lon="-73.72652">
        <ele>1163.31</ele>
        <time>2026-04-11T15:42:16Z</time>
      </trkpt>
      <trkpt lat="44.15316" lon="-73.72652">
        <ele>1163.63</ele>
        <time>2026-04-11T15:42:25Z</time>
      </trkpt>
      <trkpt lat="44.15317" lon="-73.72653">
        <ele>1164.28</ele>
        <time>2026-04-11T15:42:33Z</time>
      </trkpt>
      <trkpt lat="44.15316" lon="-73.72653">
        <ele>1163.96</ele>
        <time>2026-04-11T15:42:36Z</time>
      </trkpt>
      <trkpt lat="44.15316" lon="-73.72655">
        <ele>1164.6</ele>
        <time>2026-04-11T15:42:44Z</time>
      </trkpt>
      <trkpt lat="44.15316" lon="-73.72655">
        <ele>1164.6</ele>
        <time>2026-04-11T15:42:47Z</time>
      </trkpt>
      <trkpt lat="44.15315" lon="-73.72654">
        <ele>1163.96</ele>
        <time>2026-04-11T15:42:54Z</time>
      </trkpt>
      <trkpt lat="44.15314" lon="-73.72655">
        <ele>1163.98</ele>
        <time>2026-04-11T15:43:02Z</time>
      </trkpt>
      <trkpt lat="44.15314" lon="-73.72655">
        <ele>1163.98</ele>
        <time>2026-04-11T15:43:11Z</time>
      </trkpt>
      <trkpt lat="44.15314" lon="-73.72656">
        <ele>1164.29</ele>
        <time>2026-04-11T15:43:14Z</time>
      </trkpt>
      <trkpt lat="44.15314" lon="-73.72657">
        <ele>1164.61</ele>
        <time>2026-04-11T15:43:15Z</time>
      </trkpt>
      <trkpt lat="44.15314" lon="-73.72658">
        <ele>1164.92</ele>
        <time>2026-04-11T15:43:16Z</time>
      </trkpt>
      <trkpt lat="44.15313" lon="-73.72659">
        <ele>1164.89</ele>
        <time>2026-04-11T15:43:21Z</time>
      </trkpt>
      <trkpt lat="44.15314" lon="-73.72658">
        <ele>1164.92</ele>
        <time>2026-04-11T15:43:31Z</time>
      </trkpt>
      <trkpt lat="44.15314" lon="-73.72656">
        <ele>1164.29</ele>
        <time>2026-04-11T15:43:40Z</time>
      </trkpt>
      <trkpt lat="44.15315" lon="-73.72662">
        <ele>1166.55</ele>
        <time>2026-04-11T15:43:48Z</time>
      </trkpt>
      <trkpt lat="44.15313" lon="-73.72673">
        <ele>1167.9</ele>
        <time>2026-04-11T15:43:56Z</time>
      </trkpt>
      <trkpt lat="44.15313" lon="-73.72674">
        <ele>1168.01</ele>
        <time>2026-04-11T15:43:57Z</time>
      </trkpt>
      <trkpt lat="44.15313" lon="-73.72677">
        <ele>1168.33</ele>
        <time>2026-04-11T15:44:01Z</time>
      </trkpt>
      <trkpt lat="44.15313" lon="-73.72679">
        <ele>1168.55</ele>
        <time>2026-04-11T15:44:03Z</time>
      </trkpt>
      <trkpt lat="44.15313" lon="-73.7268">
        <ele>1168.66</ele>
        <time>2026-04-11T15:44:04Z</time>
      </trkpt>
      <trkpt lat="44.15312" lon="-73.72683">
        <ele>1168.55</ele>
        <time>2026-04-11T15:44:07Z</time>
      </trkpt>
      <trkpt lat="44.1531" lon="-73.72687">
        <ele>1167.92</ele>
        <time>2026-04-11T15:44:11Z</time>
      </trkpt>
      <trkpt lat="44.1531" lon="-73.72687">
        <ele>1167.92</ele>
        <time>2026-04-11T15:44:12Z</time>
      </trkpt>
      <trkpt lat="44.15309" lon="-73.7269">
        <ele>1167.49</ele>
        <time>2026-04-11T15:44:16Z</time>
      </trkpt>
      <trkpt lat="44.15309" lon="-73.72692">
        <ele>1167.49</ele>
        <time>2026-04-11T15:44:18Z</time>
      </trkpt>
      <trkpt lat="44.1531" lon="-73.72695">
        <ele>1167.95</ele>
        <time>2026-04-11T15:44:22Z</time>
      </trkpt>
      <trkpt lat="44.1531" lon="-73.72697">
        <ele>1168.06</ele>
        <time>2026-04-11T15:44:27Z</time>
      </trkpt>
      <trkpt lat="44.1531" lon="-73.727">
        <ele>1168.23</ele>
        <time>2026-04-11T15:44:31Z</time>
      </trkpt>
      <trkpt lat="44.15312" lon="-73.72704">
        <ele>1169.06</ele>
        <time>2026-04-11T15:44:37Z</time>
      </trkpt>
      <trkpt lat="44.15313" lon="-73.72705">
        <ele>1169.27</ele>
        <time>2026-04-11T15:44:39Z</time>
      </trkpt>
      <trkpt lat="44.15314" lon="-73.72704">
        <ele>1169.7</ele>
        <time>2026-04-11T15:44:46Z</time>
      </trkpt>
      <trkpt lat="44.15315" lon="-73.72704">
        <ele>1170.03</ele>
        <time>2026-04-11T15:44:57Z</time>
      </trkpt>
      <trkpt lat="44.15315" lon="-73.72704">
        <ele>1170.03</ele>
        <time>2026-04-11T15:45:07Z</time>
      </trkpt>
      <trkpt lat="44.15316" lon="-73.72704">
        <ele>1170.35</ele>
        <time>2026-04-11T15:45:16Z</time>
      </trkpt>
      <trkpt lat="44.15316" lon="-73.72703">
        <ele>1170.38</ele>
        <time>2026-04-11T15:45:17Z</time>
      </trkpt>
      <trkpt lat="44.15315" lon="-73.72703">
        <ele>1170.06</ele>
        <time>2026-04-11T15:45:25Z</time>
      </trkpt>
      <trkpt lat="44.15315" lon="-73.72702">
        <ele>1170.06</ele>
        <time>2026-04-11T15:45:33Z</time>
      </trkpt>
      <trkpt lat="44.15314" lon="-73.72702">
        <ele>1169.72</ele>
        <time>2026-04-11T15:45:35Z</time>
      </trkpt>
      <trkpt lat="44.15313" lon="-73.72705">
        <ele>1169.27</ele>
        <time>2026-04-11T15:45:42Z</time>
      </trkpt>
      <trkpt lat="44.15313" lon="-73.72705">
        <ele>1169.27</ele>
        <time>2026-04-11T15:45:43Z</time>
      </trkpt>
      <trkpt lat="44.15314" lon="-73.72705">
        <ele>1169.6</ele>
        <time>2026-04-11T15:45:44Z</time>
      </trkpt>
      <trkpt lat="44.15314" lon="-73.72706">
        <ele>1169.49</ele>
        <time>2026-04-11T15:45:46Z</time>
      </trkpt>
      <trkpt lat="44.15315" lon="-73.72705">
        <ele>1169.92</ele>
        <time>2026-04-11T15:45:57Z</time>
      </trkpt>
      <trkpt lat="44.15314" lon="-73.72705">
        <ele>1169.6</ele>
        <time>2026-04-11T15:46:09Z</time>
      </trkpt>
      <trkpt lat="44.15312" lon="-73.72707">
        <ele>1168.73</ele>
        <time>2026-04-11T15:46:17Z</time>
      </trkpt>
      <trkpt lat="44.15315" lon="-73.72706">
        <ele>1169.81</ele>
        <time>2026-04-11T15:46:29Z</time>
      </trkpt>
      <trkpt lat="44.15313" lon="-73.72707">
        <ele>1169.06</ele>
        <time>2026-04-11T15:46:41Z</time>
      </trkpt>
      <trkpt lat="44.15314" lon="-73.72705">
        <ele>1169.6</ele>
        <time>2026-04-11T15:46:47Z</time>
      </trkpt>
      <trkpt lat="44.15315" lon="-73.72704">
        <ele>1170.03</ele>
        <time>2026-04-11T15:46:54Z</time>
      </trkpt>
      <trkpt lat="44.15314" lon="-73.72706">
        <ele>1169.49</ele>
        <time>2026-04-11T15:47:01Z</time>
      </trkpt>
      <trkpt lat="44.15314" lon="-73.72705">
        <ele>1169.6</ele>
        <time>2026-04-11T15:47:09Z</time>
      </trkpt>
      <trkpt lat="44.15315" lon="-73.72702">
        <ele>1170.06</ele>
        <time>2026-04-11T15:47:16Z</time>
      </trkpt>
      <trkpt lat="44.15316" lon="-73.72701">
        <ele>1170.38</ele>
        <time>2026-04-11T15:47:17Z</time>
      </trkpt>
      <trkpt lat="44.15318" lon="-73.72702">
        <ele>1171.03</ele>
        <time>2026-04-11T15:47:23Z</time>
      </trkpt>
      <trkpt lat="44.15318" lon="-73.72702">
        <ele>1171.03</ele>
        <time>2026-04-11T15:47:26Z</time>
      </trkpt>
      <trkpt lat="44.1532" lon="-73.72702">
        <ele>1171.68</ele>
        <time>2026-04-11T15:47:31Z</time>
      </trkpt>
      <trkpt lat="44.15322" lon="-73.72702">
        <ele>1172.33</ele>
        <time>2026-04-11T15:47:34Z</time>
      </trkpt>
      <trkpt lat="44.15322" lon="-73.72701">
        <ele>1172.33</ele>
        <time>2026-04-11T15:47:35Z</time>
      </trkpt>
      <trkpt lat="44.15322" lon="-73.72701">
        <ele>1172.33</ele>
        <time>2026-04-11T15:47:37Z</time>
      </trkpt>
      <trkpt lat="44.15324" lon="-73.72696">
        <ele>1172.98</ele>
        <time>2026-04-11T15:47:42Z</time>
      </trkpt>
      <trkpt lat="44.15324" lon="-73.72696">
        <ele>1172.98</ele>
        <time>2026-04-11T15:47:43Z</time>
      </trkpt>
      <trkpt lat="44.15325" lon="-73.72693">
        <ele>1173.3</ele>
        <time>2026-04-11T15:47:48Z</time>
      </trkpt>
      <trkpt lat="44.15327" lon="-73.7269">
        <ele>1173.95</ele>
        <time>2026-04-11T15:47:52Z</time>
      </trkpt>
      <trkpt lat="44.15327" lon="-73.72689">
        <ele>1173.95</ele>
        <time>2026-04-11T15:47:53Z</time>
      </trkpt>
      <trkpt lat="44.15328" lon="-73.72688">
        <ele>1174.27</ele>
        <time>2026-04-11T15:48:00Z</time>
      </trkpt>
      <trkpt lat="44.15329" lon="-73.72687">
        <ele>1174.6</ele>
        <time>2026-04-11T15:48:03Z</time>
      </trkpt>
      <trkpt lat="44.15333" lon="-73.72685">
        <ele>1175.89</ele>
        <time>2026-04-11T15:48:08Z</time>
      </trkpt>
      <trkpt lat="44.15334" lon="-73.72684">
        <ele>1176.29</ele>
        <time>2026-04-11T15:48:10Z</time>
      </trkpt>
      <trkpt lat="44.15334" lon="-73.72683">
        <ele>1176.29</ele>
        <time>2026-04-11T15:48:13Z</time>
      </trkpt>
      <trkpt lat="44.15334" lon="-73.72683">
        <ele>1176.29</ele>
        <time>2026-04-11T15:48:19Z</time>
      </trkpt>
      <trkpt lat="44.15334" lon="-73.72683">
        <ele>1176.29</ele>
        <time>2026-04-11T15:48:20Z</time>
      </trkpt>
      <trkpt lat="44.15336" lon="-73.72684">
        <ele>1177.15</ele>
        <time>2026-04-11T15:48:24Z</time>
      </trkpt>
      <trkpt lat="44.15337" lon="-73.72685">
        <ele>1177.58</ele>
        <time>2026-04-11T15:48:29Z</time>
      </trkpt>
      <trkpt lat="44.15339" lon="-73.72686">
        <ele>1178.45</ele>
        <time>2026-04-11T15:48:35Z</time>
      </trkpt>
      <trkpt lat="44.15341" lon="-73.72687">
        <ele>1179.31</ele>
        <time>2026-04-11T15:48:39Z</time>
      </trkpt>
      <trkpt lat="44.15341" lon="-73.72688">
        <ele>1179.31</ele>
        <time>2026-04-11T15:48:42Z</time>
      </trkpt>
      <trkpt lat="44.15346" lon="-73.72688">
        <ele>1182.21</ele>
        <time>2026-04-11T15:48:50Z</time>
      </trkpt>
      <trkpt lat="44.15346" lon="-73.72688">
        <ele>1182.21</ele>
        <time>2026-04-11T15:48:58Z</time>
      </trkpt>
      <trkpt lat="44.15347" lon="-73.72686">
        <ele>1182.86</ele>
        <time>2026-04-11T15:49:05Z</time>
      </trkpt>
      <trkpt lat="44.15346" lon="-73.72682">
        <ele>1182.08</ele>
        <time>2026-04-11T15:49:10Z</time>
      </trkpt>
      <trkpt lat="44.15346" lon="-73.72681">
        <ele>1182.04</ele>
        <time>2026-04-11T15:49:13Z</time>
      </trkpt>
      <trkpt lat="44.15345" lon="-73.72676">
        <ele>1181.3</ele>
        <time>2026-04-11T15:49:23Z</time>
      </trkpt>
      <trkpt lat="44.15344" lon="-73.72675">
        <ele>1180.56</ele>
        <time>2026-04-11T15:49:36Z</time>
      </trkpt>
      <trkpt lat="44.15344" lon="-73.72675">
        <ele>1180.56</ele>
        <time>2026-04-11T15:49:40Z</time>
      </trkpt>
      <trkpt lat="44.15344" lon="-73.72675">
        <ele>1180.56</ele>
        <time>2026-04-11T15:49:44Z</time>
      </trkpt>
      <trkpt lat="44.15346" lon="-73.72674">
        <ele>1181.42</ele>
        <time>2026-04-11T15:49:49Z</time>
      </trkpt>
      <trkpt lat="44.15346" lon="-73.72673">
        <ele>1181.21</ele>
        <time>2026-04-11T15:49:52Z</time>
      </trkpt>
      <trkpt lat="44.15346" lon="-73.72674">
        <ele>1181.42</ele>
        <time>2026-04-11T15:49:55Z</time>
      </trkpt>
      <trkpt lat="44.1535" lon="-73.72676">
        <ele>1184.01</ele>
        <time>2026-04-11T15:50:00Z</time>
      </trkpt>
      <trkpt lat="44.15353" lon="-73.72678">
        <ele>1185.84</ele>
        <time>2026-04-11T15:50:07Z</time>
      </trkpt>
      <trkpt lat="44.15353" lon="-73.72679">
        <ele>1185.95</ele>
        <time>2026-04-11T15:50:08Z</time>
      </trkpt>
      <trkpt lat="44.15356" lon="-73.72682">
        <ele>1187.9</ele>
        <time>2026-04-11T15:50:14Z</time>
      </trkpt>
      <trkpt lat="44.15357" lon="-73.72682">
        <ele>1188.44</ele>
        <time>2026-04-11T15:50:17Z</time>
      </trkpt>
      <trkpt lat="44.15361" lon="-73.72683">
        <ele>1190.7</ele>
        <time>2026-04-11T15:50:26Z</time>
      </trkpt>
      <trkpt lat="44.15362" lon="-73.72683">
        <ele>1191.07</ele>
        <time>2026-04-11T15:50:27Z</time>
      </trkpt>
      <trkpt lat="44.15365" lon="-73.72682">
        <ele>1192.06</ele>
        <time>2026-04-11T15:50:31Z</time>
      </trkpt>
      <trkpt lat="44.15368" lon="-73.72684">
        <ele>1193.2</ele>
        <time>2026-04-11T15:50:36Z</time>
      </trkpt>
      <trkpt lat="44.15368" lon="-73.72684">
        <ele>1193.2</ele>
        <time>2026-04-11T15:50:37Z</time>
      </trkpt>
      <trkpt lat="44.15369" lon="-73.72684">
        <ele>1193.54</ele>
        <time>2026-04-11T15:50:39Z</time>
      </trkpt>
      <trkpt lat="44.15371" lon="-73.72682">
        <ele>1194.23</ele>
        <time>2026-04-11T15:50:43Z</time>
      </trkpt>
      <trkpt lat="44.15373" lon="-73.72683">
        <ele>1194.92</ele>
        <time>2026-04-11T15:50:46Z</time>
      </trkpt>
      <trkpt lat="44.15374" lon="-73.72685">
        <ele>1195.18</ele>
        <time>2026-04-11T15:50:49Z</time>
      </trkpt>
      <trkpt lat="44.15379" lon="-73.72687">
        <ele>1196.61</ele>
        <time>2026-04-11T15:50:55Z</time>
      </trkpt>
      <trkpt lat="44.15384" lon="-73.72688">
        <ele>1197.97</ele>
        <time>2026-04-11T15:51:03Z</time>
      </trkpt>
      <trkpt lat="44.15384" lon="-73.72688">
        <ele>1197.97</ele>
        <time>2026-04-11T15:51:04Z</time>
      </trkpt>
      <trkpt lat="44.15384" lon="-73.72688">
        <ele>1197.97</ele>
        <time>2026-04-11T15:51:05Z</time>
      </trkpt>
      <trkpt lat="44.15388" lon="-73.7269">
        <ele>1198.72</ele>
        <time>2026-04-11T15:51:11Z</time>
      </trkpt>
      <trkpt lat="44.15395" lon="-73.72689">
        <ele>1200.5</ele>
        <time>2026-04-11T15:51:20Z</time>
      </trkpt>
      <trkpt lat="44.15397" lon="-73.72688">
        <ele>1201.14</ele>
        <time>2026-04-11T15:51:26Z</time>
      </trkpt>
      <trkpt lat="44.154" lon="-73.72687">
        <ele>1201.81</ele>
        <time>2026-04-11T15:51:30Z</time>
      </trkpt>
      <trkpt lat="44.15401" lon="-73.72687">
        <ele>1201.92</ele>
        <time>2026-04-11T15:51:31Z</time>
      </trkpt>
      <trkpt lat="44.15404" lon="-73.72686">
        <ele>1202.46</ele>
        <time>2026-04-11T15:51:37Z</time>
      </trkpt>
      <trkpt lat="44.15405" lon="-73.72686">
        <ele>1202.56</ele>
        <time>2026-04-11T15:51:38Z</time>
      </trkpt>
      <trkpt lat="44.15405" lon="-73.72686">
        <ele>1202.56</ele>
        <time>2026-04-11T15:51:39Z</time>
      </trkpt>
      <trkpt lat="44.15407" lon="-73.72685">
        <ele>1203.0</ele>
        <time>2026-04-11T15:51:43Z</time>
      </trkpt>
      <trkpt lat="44.15409" lon="-73.72681">
        <ele>1204.25</ele>
        <time>2026-04-11T15:51:47Z</time>
      </trkpt>
      <trkpt lat="44.15409" lon="-73.72679">
        <ele>1204.68</ele>
        <time>2026-04-11T15:51:49Z</time>
      </trkpt>
      <trkpt lat="44.15411" lon="-73.72674">
        <ele>1206.06</ele>
        <time>2026-04-11T15:51:55Z</time>
      </trkpt>
      <trkpt lat="44.15412" lon="-73.72673">
        <ele>1206.46</ele>
        <time>2026-04-11T15:51:56Z</time>
      </trkpt>
      <trkpt lat="44.15413" lon="-73.72673">
        <ele>1206.71</ele>
        <time>2026-04-11T15:52:02Z</time>
      </trkpt>
      <trkpt lat="44.15414" lon="-73.72673">
        <ele>1206.96</ele>
        <time>2026-04-11T15:52:03Z</time>
      </trkpt>
      <trkpt lat="44.15416" lon="-73.72672">
        <ele>1207.67</ele>
        <time>2026-04-11T15:52:06Z</time>
      </trkpt>
      <trkpt lat="44.15416" lon="-73.72672">
        <ele>1207.67</ele>
        <time>2026-04-11T15:52:07Z</time>
      </trkpt>
      <trkpt lat="44.15418" lon="-73.72671">
        <ele>1208.21</ele>
        <time>2026-04-11T15:52:16Z</time>
      </trkpt>
      <trkpt lat="44.15419" lon="-73.72671">
        <ele>1208.32</ele>
        <time>2026-04-11T15:52:21Z</time>
      </trkpt>
      <trkpt lat="44.1542" lon="-73.72671">
        <ele>1208.42</ele>
        <time>2026-04-11T15:52:22Z</time>
      </trkpt>
      <trkpt lat="44.15419" lon="-73.72671">
        <ele>1208.32</ele>
        <time>2026-04-11T15:52:30Z</time>
      </trkpt>
      <trkpt lat="44.15419" lon="-73.72671">
        <ele>1208.32</ele>
        <time>2026-04-11T15:52:32Z</time>
      </trkpt>
      <trkpt lat="44.15416" lon="-73.7267">
        <ele>1208.09</ele>
        <time>2026-04-11T15:52:43Z</time>
      </trkpt>
      <trkpt lat="44.15416" lon="-73.72669">
        <ele>1208.3</ele>
        <time>2026-04-11T15:52:45Z</time>
      </trkpt>
      <trkpt lat="44.15416" lon="-73.72669">
        <ele>1208.3</ele>
        <time>2026-04-11T15:52:48Z</time>
      </trkpt>
      <trkpt lat="44.15419" lon="-73.7267">
        <ele>1208.53</ele>
        <time>2026-04-11T15:52:54Z</time>
      </trkpt>
      <trkpt lat="44.15417" lon="-73.7267">
        <ele>1208.32</ele>
        <time>2026-04-11T15:53:05Z</time>
      </trkpt>
      <trkpt lat="44.15417" lon="-73.7267">
        <ele>1208.32</ele>
        <time>2026-04-11T15:53:08Z</time>
      </trkpt>
      <trkpt lat="44.15418" lon="-73.72671">
        <ele>1208.21</ele>
        <time>2026-04-11T15:53:39Z</time>
      </trkpt>
      <trkpt lat="44.15419" lon="-73.72671">
        <ele>1208.32</ele>
        <time>2026-04-11T15:53:43Z</time>
      </trkpt>
      <trkpt lat="44.15418" lon="-73.72671">
        <ele>1208.21</ele>
        <time>2026-04-11T15:53:44Z</time>
      </trkpt>
      <trkpt lat="44.15421" lon="-73.72669">
        <ele>1208.96</ele>
        <time>2026-04-11T15:53:52Z</time>
      </trkpt>
      <trkpt lat="44.15422" lon="-73.72669">
        <ele>1209.07</ele>
        <time>2026-04-11T15:53:53Z</time>
      </trkpt>
      <trkpt lat="44.15424" lon="-73.72667">
        <ele>1209.72</ele>
        <time>2026-04-11T15:53:57Z</time>
      </trkpt>
      <trkpt lat="44.15424" lon="-73.72666">
        <ele>1209.86</ele>
        <time>2026-04-11T15:53:58Z</time>
      </trkpt>
      <trkpt lat="44.15425" lon="-73.72663">
        <ele>1210.3</ele>
        <time>2026-04-11T15:54:01Z</time>
      </trkpt>
      <trkpt lat="44.15427" lon="-73.72661">
        <ele>1210.8</ele>
        <time>2026-04-11T15:54:05Z</time>
      </trkpt>
      <trkpt lat="44.15428" lon="-73.72656">
        <ele>1211.6</ele>
        <time>2026-04-11T15:54:08Z</time>
      </trkpt>
      <trkpt lat="44.1543" lon="-73.72655">
        <ele>1212.14</ele>
        <time>2026-04-11T15:54:11Z</time>
      </trkpt>
      <trkpt lat="44.15432" lon="-73.72654">
        <ele>1212.68</ele>
        <time>2026-04-11T15:54:14Z</time>
      </trkpt>
      <trkpt lat="44.15434" lon="-73.72652">
        <ele>1213.33</ele>
        <time>2026-04-11T15:54:16Z</time>
      </trkpt>
      <trkpt lat="44.15439" lon="-73.72649">
        <ele>1213.91</ele>
        <time>2026-04-11T15:54:20Z</time>
      </trkpt>
      <trkpt lat="44.1544" lon="-73.72648">
        <ele>1214.01</ele>
        <time>2026-04-11T15:54:22Z</time>
      </trkpt>
      <trkpt lat="44.15443" lon="-73.72645">
        <ele>1214.29</ele>
        <time>2026-04-11T15:54:26Z</time>
      </trkpt>
      <trkpt lat="44.15444" lon="-73.72643">
        <ele>1214.53</ele>
        <time>2026-04-11T15:54:28Z</time>
      </trkpt>
      <trkpt lat="44.15445" lon="-73.72634">
        <ele>1215.59</ele>
        <time>2026-04-11T15:54:33Z</time>
      </trkpt>
      <trkpt lat="44.15445" lon="-73.7263">
        <ele>1216.02</ele>
        <time>2026-04-11T15:54:36Z</time>
      </trkpt>
      <trkpt lat="44.15446" lon="-73.72629">
        <ele>1216.24</ele>
        <time>2026-04-11T15:54:39Z</time>
      </trkpt>
      <trkpt lat="44.15449" lon="-73.72627">
        <ele>1216.78</ele>
        <time>2026-04-11T15:54:43Z</time>
      </trkpt>
      <trkpt lat="44.1545" lon="-73.72627">
        <ele>1216.88</ele>
        <time>2026-04-11T15:54:44Z</time>
      </trkpt>
      <trkpt lat="44.15451" lon="-73.72627">
        <ele>1216.99</ele>
        <time>2026-04-11T15:54:47Z</time>
      </trkpt>
      <trkpt lat="44.15451" lon="-73.72627">
        <ele>1216.99</ele>
        <time>2026-04-11T15:54:51Z</time>
      </trkpt>
      <trkpt lat="44.15459" lon="-73.72627">
        <ele>1217.45</ele>
        <time>2026-04-11T15:54:58Z</time>
      </trkpt>
      <trkpt lat="44.15468" lon="-73.72622">
        <ele>1218.65</ele>
        <time>2026-04-11T15:55:07Z</time>
      </trkpt>
      <trkpt lat="44.1547" lon="-73.7262">
        <ele>1219.08</ele>
        <time>2026-04-11T15:55:10Z</time>
      </trkpt>
      <trkpt lat="44.15471" lon="-73.72617">
        <ele>1219.73</ele>
        <time>2026-04-11T15:55:14Z</time>
      </trkpt>
      <trkpt lat="44.15472" lon="-73.72615">
        <ele>1220.16</ele>
        <time>2026-04-11T15:55:17Z</time>
      </trkpt>
      <trkpt lat="44.15474" lon="-73.7261">
        <ele>1221.26</ele>
        <time>2026-04-11T15:55:23Z</time>
      </trkpt>
      <trkpt lat="44.15475" lon="-73.72605">
        <ele>1222.52</ele>
        <time>2026-04-11T15:55:27Z</time>
      </trkpt>
      <trkpt lat="44.15475" lon="-73.72604">
        <ele>1222.77</ele>
        <time>2026-04-11T15:55:28Z</time>
      </trkpt>
      <trkpt lat="44.15478" lon="-73.72598">
        <ele>1224.61</ele>
        <time>2026-04-11T15:55:36Z</time>
      </trkpt>
      <trkpt lat="44.15477" lon="-73.72599">
        <ele>1224.28</ele>
        <time>2026-04-11T15:55:42Z</time>
      </trkpt>
      <trkpt lat="44.15477" lon="-73.72599">
        <ele>1224.28</ele>
        <time>2026-04-11T15:55:46Z</time>
      </trkpt>
      <trkpt lat="44.15479" lon="-73.72596">
        <ele>1225.17</ele>
        <time>2026-04-11T15:55:56Z</time>
      </trkpt>
      <trkpt lat="44.15481" lon="-73.72597">
        <ele>1225.02</ele>
        <time>2026-04-11T15:56:05Z</time>
      </trkpt>
      <trkpt lat="44.15483" lon="-73.72591">
        <ele>1226.52</ele>
        <time>2026-04-11T15:56:11Z</time>
      </trkpt>
      <trkpt lat="44.15483" lon="-73.7259">
        <ele>1226.84</ele>
        <time>2026-04-11T15:56:12Z</time>
      </trkpt>
      <trkpt lat="44.15485" lon="-73.72587">
        <ele>1227.81</ele>
        <time>2026-04-11T15:56:16Z</time>
      </trkpt>
      <trkpt lat="44.15486" lon="-73.72586">
        <ele>1228.14</ele>
        <time>2026-04-11T15:56:19Z</time>
      </trkpt>
      <trkpt lat="44.15487" lon="-73.72584">
        <ele>1228.78</ele>
        <time>2026-04-11T15:56:21Z</time>
      </trkpt>
      <trkpt lat="44.15488" lon="-73.72579">
        <ele>1229.94</ele>
        <time>2026-04-11T15:56:26Z</time>
      </trkpt>
      <trkpt lat="44.15488" lon="-73.72579">
        <ele>1229.94</ele>
        <time>2026-04-11T15:56:27Z</time>
      </trkpt>
      <trkpt lat="44.15489" lon="-73.72575">
        <ele>1230.8</ele>
        <time>2026-04-11T15:56:31Z</time>
      </trkpt>
      <trkpt lat="44.1549" lon="-73.72572">
        <ele>1231.65</ele>
        <time>2026-04-11T15:56:36Z</time>
      </trkpt>
      <trkpt lat="44.1549" lon="-73.7257">
        <ele>1232.28</ele>
        <time>2026-04-11T15:56:37Z</time>
      </trkpt>
      <trkpt lat="44.15491" lon="-73.72566">
        <ele>1233.62</ele>
        <time>2026-04-11T15:56:44Z</time>
      </trkpt>
      <trkpt lat="44.15491" lon="-73.72562">
        <ele>1234.61</ele>
        <time>2026-04-11T15:56:52Z</time>
      </trkpt>
      <trkpt lat="44.1549" lon="-73.72561">
        <ele>1234.74</ele>
        <time>2026-04-11T15:56:57Z</time>
      </trkpt>
      <trkpt lat="44.15491" lon="-73.72563">
        <ele>1234.39</ele>
        <time>2026-04-11T15:57:08Z</time>
      </trkpt>
      <trkpt lat="44.15492" lon="-73.72563">
        <ele>1234.39</ele>
        <time>2026-04-11T15:57:16Z</time>
      </trkpt>
      <trkpt lat="44.15492" lon="-73.72562">
        <ele>1234.61</ele>
        <time>2026-04-11T15:57:18Z</time>
      </trkpt>
      <trkpt lat="44.15494" lon="-73.7256">
        <ele>1235.04</ele>
        <time>2026-04-11T15:57:23Z</time>
      </trkpt>
      <trkpt lat="44.15496" lon="-73.7256">
        <ele>1235.04</ele>
        <time>2026-04-11T15:57:26Z</time>
      </trkpt>
      <trkpt lat="44.15498" lon="-73.72558">
        <ele>1235.47</ele>
        <time>2026-04-11T15:57:30Z</time>
      </trkpt>
      <trkpt lat="44.15499" lon="-73.72557">
        <ele>1235.69</ele>
        <time>2026-04-11T15:57:31Z</time>
      </trkpt>
      <trkpt lat="44.15501" lon="-73.72552">
        <ele>1237.15</ele>
        <time>2026-04-11T15:57:35Z</time>
      </trkpt>
      <trkpt lat="44.15502" lon="-73.72551">
        <ele>1237.48</ele>
        <time>2026-04-11T15:57:36Z</time>
      </trkpt>
      <trkpt lat="44.15503" lon="-73.72548">
        <ele>1238.45</ele>
        <time>2026-04-11T15:57:41Z</time>
      </trkpt>
      <trkpt lat="44.15503" lon="-73.72547">
        <ele>1238.77</ele>
        <time>2026-04-11T15:57:44Z</time>
      </trkpt>
      <trkpt lat="44.15503" lon="-73.72546">
        <ele>1239.06</ele>
        <time>2026-04-11T15:57:45Z</time>
      </trkpt>
      <trkpt lat="44.15503" lon="-73.72545">
        <ele>1239.28</ele>
        <time>2026-04-11T15:57:50Z</time>
      </trkpt>
      <trkpt lat="44.15504" lon="-73.72544">
        <ele>1239.5</ele>
        <time>2026-04-11T15:57:54Z</time>
      </trkpt>
      <trkpt lat="44.15505" lon="-73.72541">
        <ele>1240.14</ele>
        <time>2026-04-11T15:57:59Z</time>
      </trkpt>
      <trkpt lat="44.15505" lon="-73.72541">
        <ele>1240.14</ele>
        <time>2026-04-11T15:58:00Z</time>
      </trkpt>
      <trkpt lat="44.15505" lon="-73.72539">
        <ele>1240.58</ele>
        <time>2026-04-11T15:58:02Z</time>
      </trkpt>
      <trkpt lat="44.15505" lon="-73.72536">
        <ele>1241.22</ele>
        <time>2026-04-11T15:58:07Z</time>
      </trkpt>
      <trkpt lat="44.15506" lon="-73.72533">
        <ele>1241.87</ele>
        <time>2026-04-11T15:58:11Z</time>
      </trkpt>
      <trkpt lat="44.15507" lon="-73.72531">
        <ele>1242.3</ele>
        <time>2026-04-11T15:58:16Z</time>
      </trkpt>
      <trkpt lat="44.15507" lon="-73.7253">
        <ele>1242.52</ele>
        <time>2026-04-11T15:58:20Z</time>
      </trkpt>
      <trkpt lat="44.15507" lon="-73.72528">
        <ele>1242.95</ele>
        <time>2026-04-11T15:58:22Z</time>
      </trkpt>
      <trkpt lat="44.15507" lon="-73.72522">
        <ele>1244.25</ele>
        <time>2026-04-11T15:58:27Z</time>
      </trkpt>
      <trkpt lat="44.15508" lon="-73.72518">
        <ele>1245.1</ele>
        <time>2026-04-11T15:58:31Z</time>
      </trkpt>
      <trkpt lat="44.15508" lon="-73.72517">
        <ele>1245.31</ele>
        <time>2026-04-11T15:58:33Z</time>
      </trkpt>
      <trkpt lat="44.15507" lon="-73.72513">
        <ele>1246.05</ele>
        <time>2026-04-11T15:58:39Z</time>
      </trkpt>
      <trkpt lat="44.15508" lon="-73.72513">
        <ele>1246.11</ele>
        <time>2026-04-11T15:58:44Z</time>
      </trkpt>
      <trkpt lat="44.1551" lon="-73.72512">
        <ele>1246.46</ele>
        <time>2026-04-11T15:58:48Z</time>
      </trkpt>
      <trkpt lat="44.15514" lon="-73.72506">
        <ele>1248.22</ele>
        <time>2026-04-11T15:58:57Z</time>
      </trkpt>
      <trkpt lat="44.15514" lon="-73.72506">
        <ele>1248.22</ele>
        <time>2026-04-11T15:58:58Z</time>
      </trkpt>
      <trkpt lat="44.15515" lon="-73.72501">
        <ele>1249.4</ele>
        <time>2026-04-11T15:59:04Z</time>
      </trkpt>
      <trkpt lat="44.15515" lon="-73.72501">
        <ele>1249.4</ele>
        <time>2026-04-11T15:59:05Z</time>
      </trkpt>
      <trkpt lat="44.15516" lon="-73.72497">
        <ele>1250.38</ele>
        <time>2026-04-11T15:59:11Z</time>
      </trkpt>
      <trkpt lat="44.15516" lon="-73.72495">
        <ele>1250.81</ele>
        <time>2026-04-11T15:59:15Z</time>
      </trkpt>
      <trkpt lat="44.15515" lon="-73.72496">
        <ele>1250.48</ele>
        <time>2026-04-11T15:59:20Z</time>
      </trkpt>
      <trkpt lat="44.15517" lon="-73.72494">
        <ele>1251.13</ele>
        <time>2026-04-11T15:59:26Z</time>
      </trkpt>
      <trkpt lat="44.15519" lon="-73.72492">
        <ele>1251.78</ele>
        <time>2026-04-11T15:59:29Z</time>
      </trkpt>
      <trkpt lat="44.1552" lon="-73.72491">
        <ele>1252.1</ele>
        <time>2026-04-11T15:59:31Z</time>
      </trkpt>
      <trkpt lat="44.1552" lon="-73.72489">
        <ele>1252.54</ele>
        <time>2026-04-11T15:59:35Z</time>
      </trkpt>
      <trkpt lat="44.15517" lon="-73.72489">
        <ele>1252.21</ele>
        <time>2026-04-11T15:59:46Z</time>
      </trkpt>
      <trkpt lat="44.15517" lon="-73.72489">
        <ele>1252.21</ele>
        <time>2026-04-11T15:59:47Z</time>
      </trkpt>
      <trkpt lat="44.15523" lon="-73.72486">
        <ele>1253.51</ele>
        <time>2026-04-11T15:59:55Z</time>
      </trkpt>
      <trkpt lat="44.15524" lon="-73.72483">
        <ele>1254.26</ele>
        <time>2026-04-11T15:59:58Z</time>
      </trkpt>
      <trkpt lat="44.15526" lon="-73.72478">
        <ele>1255.94</ele>
        <time>2026-04-11T16:00:02Z</time>
      </trkpt>
      <trkpt lat="44.15528" lon="-73.72475">
        <ele>1257.1</ele>
        <time>2026-04-11T16:00:07Z</time>
      </trkpt>
      <trkpt lat="44.1553" lon="-73.72472">
        <ele>1258.05</ele>
        <time>2026-04-11T16:00:10Z</time>
      </trkpt>
      <trkpt lat="44.1553" lon="-73.72471">
        <ele>1258.3</ele>
        <time>2026-04-11T16:00:11Z</time>
      </trkpt>
      <trkpt lat="44.1553" lon="-73.72467">
        <ele>1259.26</ele>
        <time>2026-04-11T16:00:15Z</time>
      </trkpt>
      <trkpt lat="44.1553" lon="-73.72466">
        <ele>1259.51</ele>
        <time>2026-04-11T16:00:19Z</time>
      </trkpt>
      <trkpt lat="44.15529" lon="-73.72467">
        <ele>1259.2</ele>
        <time>2026-04-11T16:00:21Z</time>
      </trkpt>
      <trkpt lat="44.15529" lon="-73.72465">
        <ele>1259.66</ele>
        <time>2026-04-11T16:00:26Z</time>
      </trkpt>
      <trkpt lat="44.15531" lon="-73.72461">
        <ele>1260.98</ele>
        <time>2026-04-11T16:00:31Z</time>
      </trkpt>
      <trkpt lat="44.15531" lon="-73.72459">
        <ele>1261.63</ele>
        <time>2026-04-11T16:00:33Z</time>
      </trkpt>
      <trkpt lat="44.15531" lon="-73.72458">
        <ele>1261.96</ele>
        <time>2026-04-11T16:00:39Z</time>
      </trkpt>
      <trkpt lat="44.15532" lon="-73.72454">
        <ele>1263.36</ele>
        <time>2026-04-11T16:00:47Z</time>
      </trkpt>
      <trkpt lat="44.15533" lon="-73.72452">
        <ele>1264.22</ele>
        <time>2026-04-11T16:00:50Z</time>
      </trkpt>
      <trkpt lat="44.15534" lon="-73.72451">
        <ele>1264.74</ele>
        <time>2026-04-11T16:00:53Z</time>
      </trkpt>
      <trkpt lat="44.15535" lon="-73.72453">
        <ele>1264.07</ele>
        <time>2026-04-11T16:01:00Z</time>
      </trkpt>
      <trkpt lat="44.15537" lon="-73.72452">
        <ele>1264.73</ele>
        <time>2026-04-11T16:01:03Z</time>
      </trkpt>
      <trkpt lat="44.15538" lon="-73.7245">
        <ele>1265.56</ele>
        <time>2026-04-11T16:01:06Z</time>
      </trkpt>
      <trkpt lat="44.1554" lon="-73.72449">
        <ele>1265.87</ele>
        <time>2026-04-11T16:01:09Z</time>
      </trkpt>
      <trkpt lat="44.15542" lon="-73.72444">
        <ele>1267.63</ele>
        <time>2026-04-11T16:01:17Z</time>
      </trkpt>
      <trkpt lat="44.15542" lon="-73.72443">
        <ele>1268.02</ele>
        <time>2026-04-11T16:01:18Z</time>
      </trkpt>
      <trkpt lat="44.15542" lon="-73.72441">
        <ele>1268.78</ele>
        <time>2026-04-11T16:01:23Z</time>
      </trkpt>
      <trkpt lat="44.15543" lon="-73.7244">
        <ele>1269.11</ele>
        <time>2026-04-11T16:01:24Z</time>
      </trkpt>
      <trkpt lat="44.15543" lon="-73.72438">
        <ele>1269.89</ele>
        <time>2026-04-11T16:01:27Z</time>
      </trkpt>
      <trkpt lat="44.15546" lon="-73.72435">
        <ele>1271.04</ele>
        <time>2026-04-11T16:01:33Z</time>
      </trkpt>
      <trkpt lat="44.15546" lon="-73.72435">
        <ele>1271.04</ele>
        <time>2026-04-11T16:01:35Z</time>
      </trkpt>
      <trkpt lat="44.15547" lon="-73.72433">
        <ele>1271.41</ele>
        <time>2026-04-11T16:01:37Z</time>
      </trkpt>
      <trkpt lat="44.15548" lon="-73.7243">
        <ele>1272.04</ele>
        <time>2026-04-11T16:01:43Z</time>
      </trkpt>
      <trkpt lat="44.15549" lon="-73.72429">
        <ele>1272.24</ele>
        <time>2026-04-11T16:01:44Z</time>
      </trkpt>
      <trkpt lat="44.15552" lon="-73.72427">
        <ele>1272.7</ele>
        <time>2026-04-11T16:01:49Z</time>
      </trkpt>
      <trkpt lat="44.15555" lon="-73.72423">
        <ele>1273.32</ele>
        <time>2026-04-11T16:01:55Z</time>
      </trkpt>
      <trkpt lat="44.15556" lon="-73.72414">
        <ele>1274.53</ele>
        <time>2026-04-11T16:02:05Z</time>
      </trkpt>
      <trkpt lat="44.15555" lon="-73.72413">
        <ele>1274.77</ele>
        <time>2026-04-11T16:02:12Z</time>
      </trkpt>
      <trkpt lat="44.15553" lon="-73.72418">
        <ele>1273.86</ele>
        <time>2026-04-11T16:02:23Z</time>
      </trkpt>
      <trkpt lat="44.15553" lon="-73.72417">
        <ele>1273.96</ele>
        <time>2026-04-11T16:02:33Z</time>
      </trkpt>
      <trkpt lat="44.15555" lon="-73.72418">
        <ele>1273.86</ele>
        <time>2026-04-11T16:02:40Z</time>
      </trkpt>
      <trkpt lat="44.15555" lon="-73.72418">
        <ele>1273.86</ele>
        <time>2026-04-11T16:02:41Z</time>
      </trkpt>
      <trkpt lat="44.15556" lon="-73.72415">
        <ele>1274.31</ele>
        <time>2026-04-11T16:02:47Z</time>
      </trkpt>
      <trkpt lat="44.15557" lon="-73.72414">
        <ele>1274.42</ele>
        <time>2026-04-11T16:02:49Z</time>
      </trkpt>
      <trkpt lat="44.15557" lon="-73.72413">
        <ele>1274.64</ele>
        <time>2026-04-11T16:02:50Z</time>
      </trkpt>
      <trkpt lat="44.15556" lon="-73.72405">
        <ele>1276.22</ele>
        <time>2026-04-11T16:02:57Z</time>
      </trkpt>
      <trkpt lat="44.15555" lon="-73.72399">
        <ele>1276.74</ele>
        <time>2026-04-11T16:03:02Z</time>
      </trkpt>
      <trkpt lat="44.15555" lon="-73.72397">
        <ele>1276.81</ele>
        <time>2026-04-11T16:03:05Z</time>
      </trkpt>
      <trkpt lat="44.15556" lon="-73.72396">
        <ele>1277.02</ele>
        <time>2026-04-11T16:03:10Z</time>
      </trkpt>
      <trkpt lat="44.15557" lon="-73.72396">
        <ele>1277.07</ele>
        <time>2026-04-11T16:03:13Z</time>
      </trkpt>
      <trkpt lat="44.15563" lon="-73.72398">
        <ele>1277.03</ele>
        <time>2026-04-11T16:03:22Z</time>
      </trkpt>
      <trkpt lat="44.15565" lon="-73.72398">
        <ele>1277.03</ele>
        <time>2026-04-11T16:03:24Z</time>
      </trkpt>
      <trkpt lat="44.15568" lon="-73.724">
        <ele>1276.53</ele>
        <time>2026-04-11T16:03:30Z</time>
      </trkpt>
      <trkpt lat="44.15569" lon="-73.72403">
        <ele>1275.72</ele>
        <time>2026-04-11T16:03:37Z</time>
      </trkpt>
      <trkpt lat="44.15569" lon="-73.72403">
        <ele>1275.72</ele>
        <time>2026-04-11T16:03:39Z</time>
      </trkpt>
      <trkpt lat="44.1557" lon="-73.72405">
        <ele>1275.11</ele>
        <time>2026-04-11T16:03:45Z</time>
      </trkpt>
      <trkpt lat="44.1557" lon="-73.72405">
        <ele>1275.11</ele>
        <time>2026-04-11T16:03:49Z</time>
      </trkpt>
      <trkpt lat="44.1557" lon="-73.72406">
        <ele>1274.83</ele>
        <time>2026-04-11T16:03:52Z</time>
      </trkpt>
      <trkpt lat="44.15571" lon="-73.72406">
        <ele>1274.74</ele>
        <time>2026-04-11T16:03:54Z</time>
      </trkpt>
      <trkpt lat="44.15571" lon="-73.72406">
        <ele>1274.74</ele>
        <time>2026-04-11T16:03:56Z</time>
      </trkpt>
      <trkpt lat="44.15575" lon="-73.72408">
        <ele>1273.67</ele>
        <time>2026-04-11T16:04:02Z</time>
      </trkpt>
      <trkpt lat="44.15574" lon="-73.72404">
        <ele>1275.11</ele>
        <time>2026-04-11T16:04:09Z</time>
      </trkpt>
      <trkpt lat="44.15575" lon="-73.72401">
        <ele>1275.88</ele>
        <time>2026-04-11T16:04:21Z</time>
      </trkpt>
      <trkpt lat="44.15577" lon="-73.72406">
        <ele>1273.82</ele>
        <time>2026-04-11T16:04:30Z</time>
      </trkpt>
      <trkpt lat="44.15576" lon="-73.72407">
        <ele>1273.72</ele>
        <time>2026-04-11T16:04:39Z</time>
      </trkpt>
      <trkpt lat="44.15575" lon="-73.72407">
        <ele>1273.93</ele>
        <time>2026-04-11T16:04:40Z</time>
      </trkpt>
      <trkpt lat="44.15575" lon="-73.72408">
        <ele>1273.67</ele>
        <time>2026-04-11T16:04:45Z</time>
      </trkpt>
      <trkpt lat="44.15575" lon="-73.72407">
        <ele>1273.93</ele>
        <time>2026-04-11T16:04:48Z</time>
      </trkpt>
      <trkpt lat="44.15576" lon="-73.72407">
        <ele>1273.72</ele>
        <time>2026-04-11T16:05:26Z</time>
      </trkpt>
      <trkpt lat="44.15577" lon="-73.72408">
        <ele>1273.24</ele>
        <time>2026-04-11T16:05:34Z</time>
      </trkpt>
      <trkpt lat="44.15578" lon="-73.72407">
        <ele>1273.28</ele>
        <time>2026-04-11T16:05:37Z</time>
      </trkpt>
      <trkpt lat="44.15581" lon="-73.72406">
        <ele>1272.96</ele>
        <time>2026-04-11T16:05:43Z</time>
      </trkpt>
      <trkpt lat="44.15582" lon="-73.72404">
        <ele>1273.39</ele>
        <time>2026-04-11T16:05:46Z</time>
      </trkpt>
      <trkpt lat="44.15582" lon="-73.724">
        <ele>1274.69</ele>
        <time>2026-04-11T16:05:50Z</time>
      </trkpt>
      <trkpt lat="44.15582" lon="-73.72399">
        <ele>1275.01</ele>
        <time>2026-04-11T16:05:52Z</time>
      </trkpt>
      <trkpt lat="44.15582" lon="-73.72396">
        <ele>1275.95</ele>
        <time>2026-04-11T16:05:55Z</time>
      </trkpt>
      <trkpt lat="44.15583" lon="-73.72392">
        <ele>1277.04</ele>
        <time>2026-04-11T16:05:59Z</time>
      </trkpt>
      <trkpt lat="44.15584" lon="-73.7239">
        <ele>1277.42</ele>
        <time>2026-04-11T16:06:02Z</time>
      </trkpt>
      <trkpt lat="44.15586" lon="-73.72386">
        <ele>1277.76</ele>
        <time>2026-04-11T16:06:08Z</time>
      </trkpt>
      <trkpt lat="44.15591" lon="-73.72384">
        <ele>1276.57</ele>
        <time>2026-04-11T16:06:17Z</time>
      </trkpt>
      <trkpt lat="44.15595" lon="-73.72382">
        <ele>1275.71</ele>
        <time>2026-04-11T16:06:22Z</time>
      </trkpt>
      <trkpt lat="44.15598" lon="-73.72378">
        <ele>1275.67</ele>
        <time>2026-04-11T16:06:28Z</time>
      </trkpt>
      <trkpt lat="44.156" lon="-73.72375">
        <ele>1275.7</ele>
        <time>2026-04-11T16:06:36Z</time>
      </trkpt>
      <trkpt lat="44.15602" lon="-73.7237">
        <ele>1276.03</ele>
        <time>2026-04-11T16:06:43Z</time>
      </trkpt>
      <trkpt lat="44.15605" lon="-73.72365">
        <ele>1276.14</ele>
        <time>2026-04-11T16:06:52Z</time>
      </trkpt>
      <trkpt lat="44.15608" lon="-73.72364">
        <ele>1275.38</ele>
        <time>2026-04-11T16:06:59Z</time>
      </trkpt>
      <trkpt lat="44.15612" lon="-73.72361">
        <ele>1274.74</ele>
        <time>2026-04-11T16:07:06Z</time>
      </trkpt>
      <trkpt lat="44.15613" lon="-73.72356">
        <ele>1275.49</ele>
        <time>2026-04-11T16:07:15Z</time>
      </trkpt>
      <trkpt lat="44.15613" lon="-73.72353">
        <ele>1276.14</ele>
        <time>2026-04-11T16:07:17Z</time>
      </trkpt>
      <trkpt lat="44.15613" lon="-73.72352">
        <ele>1276.36</ele>
        <time>2026-04-11T16:07:19Z</time>
      </trkpt>
      <trkpt lat="44.15612" lon="-73.72351">
        <ele>1276.8</ele>
        <time>2026-04-11T16:07:24Z</time>
      </trkpt>
      <trkpt lat="44.15612" lon="-73.7235">
        <ele>1276.91</ele>
        <time>2026-04-11T16:07:26Z</time>
      </trkpt>
      <trkpt lat="44.15611" lon="-73.72348">
        <ele>1277.44</ele>
        <time>2026-04-11T16:07:29Z</time>
      </trkpt>
      <trkpt lat="44.1561" lon="-73.72345">
        <ele>1277.98</ele>
        <time>2026-04-11T16:07:32Z</time>
      </trkpt>
      <trkpt lat="44.15609" lon="-73.72343">
        <ele>1278.41</ele>
        <time>2026-04-11T16:07:34Z</time>
      </trkpt>
      <trkpt lat="44.1561" lon="-73.72341">
        <ele>1278.24</ele>
        <time>2026-04-11T16:07:39Z</time>
      </trkpt>
      <trkpt lat="44.15613" lon="-73.72335">
        <ele>1277.56</ele>
        <time>2026-04-11T16:07:46Z</time>
      </trkpt>
      <trkpt lat="44.15613" lon="-73.72331">
        <ele>1277.84</ele>
        <time>2026-04-11T16:07:51Z</time>
      </trkpt>
      <trkpt lat="44.15614" lon="-73.7233">
        <ele>1277.74</ele>
        <time>2026-04-11T16:07:52Z</time>
      </trkpt>
      <trkpt lat="44.15614" lon="-73.72327">
        <ele>1278.06</ele>
        <time>2026-04-11T16:07:54Z</time>
      </trkpt>
      <trkpt lat="44.15615" lon="-73.72324">
        <ele>1278.16</ele>
        <time>2026-04-11T16:07:58Z</time>
      </trkpt>
      <trkpt lat="44.15615" lon="-73.72322">
        <ele>1278.03</ele>
        <time>2026-04-11T16:07:59Z</time>
      </trkpt>
      <trkpt lat="44.15614" lon="-73.72319">
        <ele>1278.0</ele>
        <time>2026-04-11T16:08:01Z</time>
      </trkpt>
      <trkpt lat="44.15612" lon="-73.7231">
        <ele>1276.96</ele>
        <time>2026-04-11T16:08:10Z</time>
      </trkpt>
      <trkpt lat="44.15615" lon="-73.72303">
        <ele>1275.98</ele>
        <time>2026-04-11T16:08:17Z</time>
      </trkpt>
      <trkpt lat="44.15616" lon="-73.72301">
        <ele>1275.8</ele>
        <time>2026-04-11T16:08:21Z</time>
      </trkpt>
      <trkpt lat="44.15619" lon="-73.72299">
        <ele>1276.04</ele>
        <time>2026-04-11T16:08:25Z</time>
      </trkpt>
      <trkpt lat="44.15622" lon="-73.72296">
        <ele>1276.14</ele>
        <time>2026-04-11T16:08:34Z</time>
      </trkpt>
      <trkpt lat="44.15624" lon="-73.72294">
        <ele>1276.14</ele>
        <time>2026-04-11T16:08:39Z</time>
      </trkpt>
      <trkpt lat="44.15625" lon="-73.72294">
        <ele>1276.25</ele>
        <time>2026-04-11T16:08:41Z</time>
      </trkpt>
      <trkpt lat="44.15628" lon="-73.72299">
        <ele>1276.88</ele>
        <time>2026-04-11T16:08:50Z</time>
      </trkpt>
      <trkpt lat="44.15631" lon="-73.72299">
        <ele>1276.85</ele>
        <time>2026-04-11T16:08:53Z</time>
      </trkpt>
      <trkpt lat="44.15632" lon="-73.72298">
        <ele>1276.74</ele>
        <time>2026-04-11T16:08:56Z</time>
      </trkpt>
      <trkpt lat="44.15632" lon="-73.72297">
        <ele>1276.74</ele>
        <time>2026-04-11T16:08:57Z</time>
      </trkpt>
      <trkpt lat="44.15636" lon="-73.72291">
        <ele>1276.13</ele>
        <time>2026-04-11T16:09:06Z</time>
      </trkpt>
      <trkpt lat="44.15637" lon="-73.72291">
        <ele>1276.09</ele>
        <time>2026-04-11T16:09:08Z</time>
      </trkpt>
      <trkpt lat="44.15641" lon="-73.72291">
        <ele>1276.0</ele>
        <time>2026-04-11T16:09:14Z</time>
      </trkpt>
      <trkpt lat="44.15648" lon="-73.72287">
        <ele>1276.0</ele>
        <time>2026-04-11T16:09:23Z</time>
      </trkpt>
      <trkpt lat="44.15653" lon="-73.72281">
        <ele>1275.82</ele>
        <time>2026-04-11T16:09:31Z</time>
      </trkpt>
      <trkpt lat="44.15653" lon="-73.7228">
        <ele>1275.87</ele>
        <time>2026-04-11T16:09:32Z</time>
      </trkpt>
      <trkpt lat="44.15654" lon="-73.72276">
        <ele>1276.0</ele>
        <time>2026-04-11T16:09:36Z</time>
      </trkpt>
      <trkpt lat="44.15655" lon="-73.72273">
        <ele>1276.0</ele>
        <time>2026-04-11T16:09:39Z</time>
      </trkpt>
      <trkpt lat="44.1566" lon="-73.72265">
        <ele>1276.0</ele>
        <time>2026-04-11T16:09:48Z</time>
      </trkpt>
      <trkpt lat="44.15667" lon="-73.72259">
        <ele>1275.97</ele>
        <time>2026-04-11T16:09:57Z</time>
      </trkpt>
      <trkpt lat="44.15671" lon="-73.7225">
        <ele>1276.47</ele>
        <time>2026-04-11T16:10:06Z</time>
      </trkpt>
      <trkpt lat="44.15675" lon="-73.72239">
        <ele>1276.9</ele>
        <time>2026-04-11T16:10:16Z</time>
      </trkpt>
      <trkpt lat="44.15679" lon="-73.7223">
        <ele>1276.89</ele>
        <time>2026-04-11T16:10:24Z</time>
      </trkpt>
      <trkpt lat="44.1568" lon="-73.72223">
        <ele>1276.49</ele>
        <time>2026-04-11T16:10:30Z</time>
      </trkpt>
      <trkpt lat="44.15682" lon="-73.7222">
        <ele>1276.5</ele>
        <time>2026-04-11T16:10:34Z</time>
      </trkpt>
      <trkpt lat="44.15687" lon="-73.72212">
        <ele>1276.2</ele>
        <time>2026-04-11T16:10:42Z</time>
      </trkpt>
      <trkpt lat="44.15691" lon="-73.72202">
        <ele>1276.63</ele>
        <time>2026-04-11T16:10:50Z</time>
      </trkpt>
      <trkpt lat="44.15695" lon="-73.72197">
        <ele>1277.04</ele>
        <time>2026-04-11T16:10:57Z</time>
      </trkpt>
      <trkpt lat="44.15698" lon="-73.72192">
        <ele>1277.49</ele>
        <time>2026-04-11T16:11:03Z</time>
      </trkpt>
      <trkpt lat="44.15701" lon="-73.7219">
        <ele>1278.05</ele>
        <time>2026-04-11T16:11:07Z</time>
      </trkpt>
      <trkpt lat="44.15702" lon="-73.7219">
        <ele>1278.21</ele>
        <time>2026-04-11T16:11:08Z</time>
      </trkpt>
      <trkpt lat="44.15708" lon="-73.72187">
        <ele>1278.34</ele>
        <time>2026-04-11T16:11:15Z</time>
      </trkpt>
      <trkpt lat="44.15712" lon="-73.72186">
        <ele>1278.02</ele>
        <time>2026-04-11T16:11:22Z</time>
      </trkpt>
      <trkpt lat="44.15713" lon="-73.72185">
        <ele>1278.04</ele>
        <time>2026-04-11T16:11:23Z</time>
      </trkpt>
      <trkpt lat="44.15716" lon="-73.72181">
        <ele>1278.9</ele>
        <time>2026-04-11T16:11:31Z</time>
      </trkpt>
      <trkpt lat="44.15716" lon="-73.7218">
        <ele>1279.12</ele>
        <time>2026-04-11T16:11:34Z</time>
      </trkpt>
      <trkpt lat="44.15717" lon="-73.72177">
        <ele>1279.77</ele>
        <time>2026-04-11T16:11:39Z</time>
      </trkpt>
      <trkpt lat="44.15717" lon="-73.72177">
        <ele>1279.77</ele>
        <time>2026-04-11T16:11:41Z</time>
      </trkpt>
      <trkpt lat="44.15717" lon="-73.72177">
        <ele>1279.77</ele>
        <time>2026-04-11T16:11:47Z</time>
      </trkpt>
      <trkpt lat="44.15718" lon="-73.72175">
        <ele>1280.15</ele>
        <time>2026-04-11T16:12:52Z</time>
      </trkpt>
      <trkpt lat="44.15718" lon="-73.72174">
        <ele>1280.32</ele>
        <time>2026-04-11T16:12:54Z</time>
      </trkpt>
      <trkpt lat="44.15718" lon="-73.72173">
        <ele>1280.49</ele>
        <time>2026-04-11T16:12:56Z</time>
      </trkpt>
      <trkpt lat="44.15719" lon="-73.72172">
        <ele>1280.7</ele>
        <time>2026-04-11T16:13:00Z</time>
      </trkpt>
      <trkpt lat="44.15719" lon="-73.72171">
        <ele>1280.88</ele>
        <time>2026-04-11T16:13:01Z</time>
      </trkpt>
      <trkpt lat="44.15718" lon="-73.72171">
        <ele>1280.82</ele>
        <time>2026-04-11T16:13:03Z</time>
      </trkpt>
      <trkpt lat="44.15718" lon="-73.7217">
        <ele>1280.99</ele>
        <time>2026-04-11T16:13:07Z</time>
      </trkpt>
      <trkpt lat="44.15719" lon="-73.72169">
        <ele>1281.24</ele>
        <time>2026-04-11T16:13:10Z</time>
      </trkpt>
      <trkpt lat="44.15719" lon="-73.72167">
        <ele>1281.59</ele>
        <time>2026-04-11T16:13:15Z</time>
      </trkpt>
      <trkpt lat="44.1572" lon="-73.72165">
        <ele>1282.08</ele>
        <time>2026-04-11T16:13:22Z</time>
      </trkpt>
      <trkpt lat="44.1572" lon="-73.72164">
        <ele>1282.27</ele>
        <time>2026-04-11T16:13:23Z</time>
      </trkpt>
      <trkpt lat="44.1572" lon="-73.72164">
        <ele>1282.27</ele>
        <time>2026-04-11T16:13:27Z</time>
      </trkpt>
      <trkpt lat="44.1572" lon="-73.72163">
        <ele>1282.46</ele>
        <time>2026-04-11T16:13:30Z</time>
      </trkpt>
      <trkpt lat="44.1572" lon="-73.72161">
        <ele>1282.84</ele>
        <time>2026-04-11T16:13:33Z</time>
      </trkpt>
      <trkpt lat="44.1572" lon="-73.72161">
        <ele>1282.84</ele>
        <time>2026-04-11T16:13:37Z</time>
      </trkpt>
      <trkpt lat="44.1572" lon="-73.7216">
        <ele>1283.03</ele>
        <time>2026-04-11T16:13:39Z</time>
      </trkpt>
      <trkpt lat="44.15719" lon="-73.72159">
        <ele>1283.02</ele>
        <time>2026-04-11T16:13:41Z</time>
      </trkpt>
      <trkpt lat="44.15719" lon="-73.72155">
        <ele>1283.47</ele>
        <time>2026-04-11T16:13:49Z</time>
      </trkpt>
      <trkpt lat="44.15719" lon="-73.72153">
        <ele>1283.61</ele>
        <time>2026-04-11T16:13:55Z</time>
      </trkpt>
      <trkpt lat="44.15719" lon="-73.72153">
        <ele>1283.61</ele>
        <time>2026-04-11T16:13:56Z</time>
      </trkpt>
      <trkpt lat="44.15719" lon="-73.72152">
        <ele>1283.68</ele>
        <time>2026-04-11T16:14:07Z</time>
      </trkpt>
      <trkpt lat="44.15719" lon="-73.72148">
        <ele>1283.97</ele>
        <time>2026-04-11T16:14:11Z</time>
      </trkpt>
      <trkpt lat="44.15721" lon="-73.72147">
        <ele>1284.71</ele>
        <time>2026-04-11T16:14:14Z</time>
      </trkpt>
      <trkpt lat="44.15724" lon="-73.72142">
        <ele>1285.98</ele>
        <time>2026-04-11T16:14:21Z</time>
      </trkpt>
      <trkpt lat="44.15726" lon="-73.72139">
        <ele>1286.8</ele>
        <time>2026-04-11T16:14:31Z</time>
      </trkpt>
      <trkpt lat="44.15731" lon="-73.72136">
        <ele>1288.18</ele>
        <time>2026-04-11T16:14:38Z</time>
      </trkpt>
      <trkpt lat="44.15736" lon="-73.72134">
        <ele>1289.27</ele>
        <time>2026-04-11T16:14:46Z</time>
      </trkpt>
      <trkpt lat="44.15741" lon="-73.72131">
        <ele>1290.73</ele>
        <time>2026-04-11T16:14:53Z</time>
      </trkpt>
      <trkpt lat="44.15743" lon="-73.72129">
        <ele>1291.31</ele>
        <time>2026-04-11T16:14:56Z</time>
      </trkpt>
      <trkpt lat="44.15746" lon="-73.72128">
        <ele>1291.74</ele>
        <time>2026-04-11T16:15:00Z</time>
      </trkpt>
      <trkpt lat="44.15748" lon="-73.72127">
        <ele>1292.07</ele>
        <time>2026-04-11T16:15:03Z</time>
      </trkpt>
      <trkpt lat="44.15754" lon="-73.72125">
        <ele>1292.72</ele>
        <time>2026-04-11T16:15:10Z</time>
      </trkpt>
      <trkpt lat="44.15756" lon="-73.72123">
        <ele>1293.18</ele>
        <time>2026-04-11T16:15:17Z</time>
      </trkpt>
      <trkpt lat="44.15757" lon="-73.72122">
        <ele>1293.45</ele>
        <time>2026-04-11T16:15:18Z</time>
      </trkpt>
      <trkpt lat="44.15761" lon="-73.72121">
        <ele>1293.85</ele>
        <time>2026-04-11T16:15:23Z</time>
      </trkpt>
      <trkpt lat="44.15764" lon="-73.72121">
        <ele>1293.83</ele>
        <time>2026-04-11T16:15:28Z</time>
      </trkpt>
      <trkpt lat="44.15766" lon="-73.72119">
        <ele>1294.15</ele>
        <time>2026-04-11T16:15:31Z</time>
      </trkpt>
      <trkpt lat="44.15767" lon="-73.72116">
        <ele>1294.47</ele>
        <time>2026-04-11T16:15:37Z</time>
      </trkpt>
      <trkpt lat="44.15768" lon="-73.72115">
        <ele>1294.58</ele>
        <time>2026-04-11T16:15:39Z</time>
      </trkpt>
      <trkpt lat="44.15769" lon="-73.72115">
        <ele>1294.56</ele>
        <time>2026-04-11T16:15:41Z</time>
      </trkpt>
      <trkpt lat="44.15771" lon="-73.72114">
        <ele>1294.6</ele>
        <time>2026-04-11T16:15:48Z</time>
      </trkpt>
      <trkpt lat="44.15771" lon="-73.72114">
        <ele>1294.6</ele>
        <time>2026-04-11T16:15:53Z</time>
      </trkpt>
      <trkpt lat="44.1577" lon="-73.72115">
        <ele>1294.51</ele>
        <time>2026-04-11T16:15:58Z</time>
      </trkpt>
      <trkpt lat="44.15771" lon="-73.72114">
        <ele>1294.6</ele>
        <time>2026-04-11T16:16:14Z</time>
      </trkpt>
      <trkpt lat="44.15771" lon="-73.72113">
        <ele>1294.74</ele>
        <time>2026-04-11T16:16:22Z</time>
      </trkpt>
      <trkpt lat="44.15771" lon="-73.72113">
        <ele>1294.74</ele>
        <time>2026-04-11T16:16:23Z</time>
      </trkpt>
      <trkpt lat="44.15772" lon="-73.72112">
        <ele>1294.87</ele>
        <time>2026-04-11T16:16:25Z</time>
      </trkpt>
      <trkpt lat="44.15773" lon="-73.7211">
        <ele>1295.18</ele>
        <time>2026-04-11T16:16:27Z</time>
      </trkpt>
      <trkpt lat="44.15775" lon="-73.72107">
        <ele>1295.75</ele>
        <time>2026-04-11T16:16:33Z</time>
      </trkpt>
      <trkpt lat="44.15776" lon="-73.72107">
        <ele>1295.8</ele>
        <time>2026-04-11T16:16:34Z</time>
      </trkpt>
      <trkpt lat="44.15779" lon="-73.72107">
        <ele>1295.95</ele>
        <time>2026-04-11T16:16:41Z</time>
      </trkpt>
      <trkpt lat="44.15782" lon="-73.72106">
        <ele>1296.36</ele>
        <time>2026-04-11T16:16:47Z</time>
      </trkpt>
      <trkpt lat="44.15782" lon="-73.72106">
        <ele>1296.36</ele>
        <time>2026-04-11T16:16:48Z</time>
      </trkpt>
      <trkpt lat="44.15783" lon="-73.72108">
        <ele>1295.86</ele>
        <time>2026-04-11T16:16:57Z</time>
      </trkpt>
      <trkpt lat="44.15784" lon="-73.72107">
        <ele>1296.19</ele>
        <time>2026-04-11T16:17:00Z</time>
      </trkpt>
      <trkpt lat="44.15785" lon="-73.72107">
        <ele>1296.23</ele>
        <time>2026-04-11T16:17:02Z</time>
      </trkpt>
      <trkpt lat="44.15785" lon="-73.72107">
        <ele>1296.23</ele>
        <time>2026-04-11T16:17:05Z</time>
      </trkpt>
      <trkpt lat="44.15787" lon="-73.72107">
        <ele>1296.33</ele>
        <time>2026-04-11T16:17:09Z</time>
      </trkpt>
      <trkpt lat="44.15787" lon="-73.72108">
        <ele>1296.01</ele>
        <time>2026-04-11T16:17:14Z</time>
      </trkpt>
      <trkpt lat="44.15789" lon="-73.72104">
        <ele>1297.52</ele>
        <time>2026-04-11T16:17:19Z</time>
      </trkpt>
      <trkpt lat="44.15789" lon="-73.72101">
        <ele>1298.32</ele>
        <time>2026-04-11T16:17:22Z</time>
      </trkpt>
      <trkpt lat="44.1579" lon="-73.72101">
        <ele>1298.44</ele>
        <time>2026-04-11T16:17:23Z</time>
      </trkpt>
      <trkpt lat="44.15793" lon="-73.72099">
        <ele>1299.15</ele>
        <time>2026-04-11T16:17:28Z</time>
      </trkpt>
      <trkpt lat="44.15799" lon="-73.72095">
        <ele>1300.7</ele>
        <time>2026-04-11T16:17:34Z</time>
      </trkpt>
      <trkpt lat="44.158" lon="-73.72093">
        <ele>1301.29</ele>
        <time>2026-04-11T16:17:36Z</time>
      </trkpt>
      <trkpt lat="44.158" lon="-73.72092">
        <ele>1301.46</ele>
        <time>2026-04-11T16:17:38Z</time>
      </trkpt>
      <trkpt lat="44.15803" lon="-73.72091">
        <ele>1301.9</ele>
        <time>2026-04-11T16:17:42Z</time>
      </trkpt>
      <trkpt lat="44.15809" lon="-73.72086">
        <ele>1302.98</ele>
        <time>2026-04-11T16:17:50Z</time>
      </trkpt>
      <trkpt lat="44.15816" lon="-73.72084">
        <ele>1303.97</ele>
        <time>2026-04-11T16:18:00Z</time>
      </trkpt>
      <trkpt lat="44.15821" lon="-73.7208">
        <ele>1305.63</ele>
        <time>2026-04-11T16:18:08Z</time>
      </trkpt>
      <trkpt lat="44.15823" lon="-73.72079">
        <ele>1306.23</ele>
        <time>2026-04-11T16:18:12Z</time>
      </trkpt>
      <trkpt lat="44.15826" lon="-73.72076">
        <ele>1307.58</ele>
        <time>2026-04-11T16:18:18Z</time>
      </trkpt>
      <trkpt lat="44.15827" lon="-73.72076">
        <ele>1307.69</ele>
        <time>2026-04-11T16:18:24Z</time>
      </trkpt>
      <trkpt lat="44.15827" lon="-73.72076">
        <ele>1307.69</ele>
        <time>2026-04-11T16:18:28Z</time>
      </trkpt>
      <trkpt lat="44.15827" lon="-73.72075">
        <ele>1308.02</ele>
        <time>2026-04-11T16:18:29Z</time>
      </trkpt>
      <trkpt lat="44.15828" lon="-73.72071">
        <ele>1308.9</ele>
        <time>2026-04-11T16:18:35Z</time>
      </trkpt>
      <trkpt lat="44.15828" lon="-73.7207">
        <ele>1309.05</ele>
        <time>2026-04-11T16:18:38Z</time>
      </trkpt>
      <trkpt lat="44.15829" lon="-73.72069">
        <ele>1309.37</ele>
        <time>2026-04-11T16:18:41Z</time>
      </trkpt>
      <trkpt lat="44.15831" lon="-73.72066">
        <ele>1310.27</ele>
        <time>2026-04-11T16:18:46Z</time>
      </trkpt>
      <trkpt lat="44.15837" lon="-73.72067">
        <ele>1311.32</ele>
        <time>2026-04-11T16:18:55Z</time>
      </trkpt>
      <trkpt lat="44.15841" lon="-73.72067">
        <ele>1312.18</ele>
        <time>2026-04-11T16:19:00Z</time>
      </trkpt>
      <trkpt lat="44.15842" lon="-73.72066">
        <ele>1312.62</ele>
        <time>2026-04-11T16:19:02Z</time>
      </trkpt>
      <trkpt lat="44.15843" lon="-73.72065">
        <ele>1313.05</ele>
        <time>2026-04-11T16:19:06Z</time>
      </trkpt>
      <trkpt lat="44.15844" lon="-73.72065">
        <ele>1313.26</ele>
        <time>2026-04-11T16:19:10Z</time>
      </trkpt>
      <trkpt lat="44.15845" lon="-73.72065">
        <ele>1313.47</ele>
        <time>2026-04-11T16:19:16Z</time>
      </trkpt>
      <trkpt lat="44.15846" lon="-73.72064">
        <ele>1313.91</ele>
        <time>2026-04-11T16:19:20Z</time>
      </trkpt>
      <trkpt lat="44.15846" lon="-73.72064">
        <ele>1313.91</ele>
        <time>2026-04-11T16:19:22Z</time>
      </trkpt>
      <trkpt lat="44.15849" lon="-73.72063">
        <ele>1314.78</ele>
        <time>2026-04-11T16:19:28Z</time>
      </trkpt>
      <trkpt lat="44.15849" lon="-73.72063">
        <ele>1314.78</ele>
        <time>2026-04-11T16:19:29Z</time>
      </trkpt>
      <trkpt lat="44.15851" lon="-73.72063">
        <ele>1315.21</ele>
        <time>2026-04-11T16:19:33Z</time>
      </trkpt>
      <trkpt lat="44.15852" lon="-73.72064">
        <ele>1315.21</ele>
        <time>2026-04-11T16:19:36Z</time>
      </trkpt>
      <trkpt lat="44.15852" lon="-73.72064">
        <ele>1315.21</ele>
        <time>2026-04-11T16:19:37Z</time>
      </trkpt>
      <trkpt lat="44.15852" lon="-73.72064">
        <ele>1315.21</ele>
        <time>2026-04-11T16:19:42Z</time>
      </trkpt>
      <trkpt lat="44.15852" lon="-73.72063">
        <ele>1315.43</ele>
        <time>2026-04-11T16:19:46Z</time>
      </trkpt>
      <trkpt lat="44.15853" lon="-73.72063">
        <ele>1315.66</ele>
        <time>2026-04-11T16:19:47Z</time>
      </trkpt>
      <trkpt lat="44.15855" lon="-73.72064">
        <ele>1315.89</ele>
        <time>2026-04-11T16:19:54Z</time>
      </trkpt>
      <trkpt lat="44.15856" lon="-73.72064">
        <ele>1316.11</ele>
        <time>2026-04-11T16:20:03Z</time>
      </trkpt>
      <trkpt lat="44.15855" lon="-73.72064">
        <ele>1315.89</ele>
        <time>2026-04-11T16:20:07Z</time>
      </trkpt>
      <trkpt lat="44.15856" lon="-73.72064">
        <ele>1316.11</ele>
        <time>2026-04-11T16:20:12Z</time>
      </trkpt>
      <trkpt lat="44.15857" lon="-73.72063">
        <ele>1316.61</ele>
        <time>2026-04-11T16:20:14Z</time>
      </trkpt>
      <trkpt lat="44.15858" lon="-73.72063">
        <ele>1316.85</ele>
        <time>2026-04-11T16:20:15Z</time>
      </trkpt>
      <trkpt lat="44.15859" lon="-73.72062">
        <ele>1317.39</ele>
        <time>2026-04-11T16:20:20Z</time>
      </trkpt>
      <trkpt lat="44.15859" lon="-73.72061">
        <ele>1317.69</ele>
        <time>2026-04-11T16:20:22Z</time>
      </trkpt>
      <trkpt lat="44.1586" lon="-73.72062">
        <ele>1317.64</ele>
        <time>2026-04-11T16:20:23Z</time>
      </trkpt>
      <trkpt lat="44.15861" lon="-73.72061">
        <ele>1318.21</ele>
        <time>2026-04-11T16:20:25Z</time>
      </trkpt>
      <trkpt lat="44.15862" lon="-73.72062">
        <ele>1318.13</ele>
        <time>2026-04-11T16:20:28Z</time>
      </trkpt>
      <trkpt lat="44.15863" lon="-73.72062">
        <ele>1318.38</ele>
        <time>2026-04-11T16:20:31Z</time>
      </trkpt>
      <trkpt lat="44.15863" lon="-73.72061">
        <ele>1318.73</ele>
        <time>2026-04-11T16:20:36Z</time>
      </trkpt>
      <trkpt lat="44.15864" lon="-73.72057">
        <ele>1320.42</ele>
        <time>2026-04-11T16:20:40Z</time>
      </trkpt>
      <trkpt lat="44.15865" lon="-73.72055">
        <ele>1321.38</ele>
        <time>2026-04-11T16:20:44Z</time>
      </trkpt>
      <trkpt lat="44.15865" lon="-73.72055">
        <ele>1321.38</ele>
        <time>2026-04-11T16:20:47Z</time>
      </trkpt>
      <trkpt lat="44.15866" lon="-73.72053">
        <ele>1322.14</ele>
        <time>2026-04-11T16:20:54Z</time>
      </trkpt>
      <trkpt lat="44.15866" lon="-73.72052">
        <ele>1322.35</ele>
        <time>2026-04-11T16:20:56Z</time>
      </trkpt>
      <trkpt lat="44.15866" lon="-73.72052">
        <ele>1322.35</ele>
        <time>2026-04-11T16:21:00Z</time>
      </trkpt>
      <trkpt lat="44.15866" lon="-73.72052">
        <ele>1322.35</ele>
        <time>2026-04-11T16:21:01Z</time>
      </trkpt>
      <trkpt lat="44.15865" lon="-73.72052">
        <ele>1322.03</ele>
        <time>2026-04-11T16:21:02Z</time>
      </trkpt>
      <trkpt lat="44.15865" lon="-73.72052">
        <ele>1322.03</ele>
        <time>2026-04-11T16:21:04Z</time>
      </trkpt>
      <trkpt lat="44.15866" lon="-73.72051">
        <ele>1322.57</ele>
        <time>2026-04-11T16:21:08Z</time>
      </trkpt>
      <trkpt lat="44.15867" lon="-73.72051">
        <ele>1322.89</ele>
        <time>2026-04-11T16:21:10Z</time>
      </trkpt>
      <trkpt lat="44.15869" lon="-73.72051">
        <ele>1323.54</ele>
        <time>2026-04-11T16:21:15Z</time>
      </trkpt>
      <trkpt lat="44.1587" lon="-73.72052">
        <ele>1323.65</ele>
        <time>2026-04-11T16:21:20Z</time>
      </trkpt>
      <trkpt lat="44.15872" lon="-73.72052">
        <ele>1324.26</ele>
        <time>2026-04-11T16:21:23Z</time>
      </trkpt>
      <trkpt lat="44.15873" lon="-73.72051">
        <ele>1324.83</ele>
        <time>2026-04-11T16:21:26Z</time>
      </trkpt>
      <trkpt lat="44.15873" lon="-73.72049">
        <ele>1325.39</ele>
        <time>2026-04-11T16:21:32Z</time>
      </trkpt>
      <trkpt lat="44.15874" lon="-73.72051">
        <ele>1325.15</ele>
        <time>2026-04-11T16:21:37Z</time>
      </trkpt>
      <trkpt lat="44.15875" lon="-73.72051">
        <ele>1325.48</ele>
        <time>2026-04-11T16:21:41Z</time>
      </trkpt>
      <trkpt lat="44.15876" lon="-73.72049">
        <ele>1326.49</ele>
        <time>2026-04-11T16:21:43Z</time>
      </trkpt>
      <trkpt lat="44.15877" lon="-73.72045">
        <ele>1328.14</ele>
        <time>2026-04-11T16:21:48Z</time>
      </trkpt>
      <trkpt lat="44.15878" lon="-73.72042">
        <ele>1329.22</ele>
        <time>2026-04-11T16:21:55Z</time>
      </trkpt>
      <trkpt lat="44.15878" lon="-73.7204">
        <ele>1329.66</ele>
        <time>2026-04-11T16:21:57Z</time>
      </trkpt>
      <trkpt lat="44.15878" lon="-73.72036">
        <ele>1330.5</ele>
        <time>2026-04-11T16:22:02Z</time>
      </trkpt>
      <trkpt lat="44.15877" lon="-73.72034">
        <ele>1330.43</ele>
        <time>2026-04-11T16:22:07Z</time>
      </trkpt>
      <trkpt lat="44.15877" lon="-73.72033">
        <ele>1330.61</ele>
        <time>2026-04-11T16:22:09Z</time>
      </trkpt>
      <trkpt lat="44.1588" lon="-73.72029">
        <ele>1332.9</ele>
        <time>2026-04-11T16:22:16Z</time>
      </trkpt>
      <trkpt lat="44.15881" lon="-73.72028">
        <ele>1333.54</ele>
        <time>2026-04-11T16:22:19Z</time>
      </trkpt>
      <trkpt lat="44.15882" lon="-73.72026">
        <ele>1334.07</ele>
        <time>2026-04-11T16:22:25Z</time>
      </trkpt>
      <trkpt lat="44.15882" lon="-73.72024">
        <ele>1334.13</ele>
        <time>2026-04-11T16:22:29Z</time>
      </trkpt>
      <trkpt lat="44.15884" lon="-73.72021">
        <ele>1335.23</ele>
        <time>2026-04-11T16:22:33Z</time>
      </trkpt>
      <trkpt lat="44.15884" lon="-73.7202">
        <ele>1335.28</ele>
        <time>2026-04-11T16:22:35Z</time>
      </trkpt>
      <trkpt lat="44.15884" lon="-73.72018">
        <ele>1335.39</ele>
        <time>2026-04-11T16:22:41Z</time>
      </trkpt>
      <trkpt lat="44.15884" lon="-73.72018">
        <ele>1335.39</ele>
        <time>2026-04-11T16:22:42Z</time>
      </trkpt>
      <trkpt lat="44.15883" lon="-73.72016">
        <ele>1334.92</ele>
        <time>2026-04-11T16:22:50Z</time>
      </trkpt>
      <trkpt lat="44.15883" lon="-73.72018">
        <ele>1334.84</ele>
        <time>2026-04-11T16:22:55Z</time>
      </trkpt>
      <trkpt lat="44.15885" lon="-73.72017">
        <ele>1336.0</ele>
        <time>2026-04-11T16:23:00Z</time>
      </trkpt>
      <trkpt lat="44.15885" lon="-73.72016">
        <ele>1336.06</ele>
        <time>2026-04-11T16:23:05Z</time>
      </trkpt>
      <trkpt lat="44.15886" lon="-73.72016">
        <ele>1336.63</ele>
        <time>2026-04-11T16:23:07Z</time>
      </trkpt>
      <trkpt lat="44.15888" lon="-73.72015">
        <ele>1337.86</ele>
        <time>2026-04-11T16:23:13Z</time>
      </trkpt>
      <trkpt lat="44.15889" lon="-73.72014">
        <ele>1338.55</ele>
        <time>2026-04-11T16:23:14Z</time>
      </trkpt>
      <trkpt lat="44.1589" lon="-73.72013">
        <ele>1339.2</ele>
        <time>2026-04-11T16:23:20Z</time>
      </trkpt>
      <trkpt lat="44.1589" lon="-73.72012">
        <ele>1339.3</ele>
        <time>2026-04-11T16:23:23Z</time>
      </trkpt>
      <trkpt lat="44.15891" lon="-73.7201">
        <ele>1340.06</ele>
        <time>2026-04-11T16:23:26Z</time>
      </trkpt>
      <trkpt lat="44.15892" lon="-73.72009">
        <ele>1340.68</ele>
        <time>2026-04-11T16:23:28Z</time>
      </trkpt>
      <trkpt lat="44.15892" lon="-73.72007">
        <ele>1340.68</ele>
        <time>2026-04-11T16:23:33Z</time>
      </trkpt>
      <trkpt lat="44.15892" lon="-73.72007">
        <ele>1340.68</ele>
        <time>2026-04-11T16:23:36Z</time>
      </trkpt>
      <trkpt lat="44.15891" lon="-73.72008">
        <ele>1340.14</ele>
        <time>2026-04-11T16:23:43Z</time>
      </trkpt>
      <trkpt lat="44.15891" lon="-73.72008">
        <ele>1340.14</ele>
        <time>2026-04-11T16:23:45Z</time>
      </trkpt>
      <trkpt lat="44.1589" lon="-73.72005">
        <ele>1339.6</ele>
        <time>2026-04-11T16:23:58Z</time>
      </trkpt>
      <trkpt lat="44.1589" lon="-73.72005">
        <ele>1339.6</ele>
        <time>2026-04-11T16:24:05Z</time>
      </trkpt>
      <trkpt lat="44.15892" lon="-73.72006">
        <ele>1340.68</ele>
        <time>2026-04-11T16:24:47Z</time>
      </trkpt>
      <trkpt lat="44.15892" lon="-73.72006">
        <ele>1340.68</ele>
        <time>2026-04-11T16:24:48Z</time>
      </trkpt>
      <trkpt lat="44.15892" lon="-73.72006">
        <ele>1340.68</ele>
        <time>2026-04-11T16:25:04Z</time>
      </trkpt>
      <trkpt lat="44.15893" lon="-73.72005">
        <ele>1341.22</ele>
        <time>2026-04-11T16:25:10Z</time>
      </trkpt>
      <trkpt lat="44.15894" lon="-73.72005">
        <ele>1341.76</ele>
        <time>2026-04-11T16:25:14Z</time>
      </trkpt>
      <trkpt lat="44.15894" lon="-73.72005">
        <ele>1341.76</ele>
        <time>2026-04-11T16:25:17Z</time>
      </trkpt>
      <trkpt lat="44.15895" lon="-73.72006">
        <ele>1342.3</ele>
        <time>2026-04-11T16:25:20Z</time>
      </trkpt>
      <trkpt lat="44.15896" lon="-73.72007">
        <ele>1342.84</ele>
        <time>2026-04-11T16:25:22Z</time>
      </trkpt>
      <trkpt lat="44.15896" lon="-73.72007">
        <ele>1342.84</ele>
        <time>2026-04-11T16:25:23Z</time>
      </trkpt>
      <trkpt lat="44.15896" lon="-73.72007">
        <ele>1342.84</ele>
        <time>2026-04-11T16:25:28Z</time>
      </trkpt>
      <trkpt lat="44.15898" lon="-73.72007">
        <ele>1343.92</ele>
        <time>2026-04-11T16:25:33Z</time>
      </trkpt>
      <trkpt lat="44.15899" lon="-73.72007">
        <ele>1344.48</ele>
        <time>2026-04-11T16:25:40Z</time>
      </trkpt>
      <trkpt lat="44.15899" lon="-73.72007">
        <ele>1344.48</ele>
        <time>2026-04-11T16:25:41Z</time>
      </trkpt>
      <trkpt lat="44.15901" lon="-73.72007">
        <ele>1345.62</ele>
        <time>2026-04-11T16:25:46Z</time>
      </trkpt>
      <trkpt lat="44.159" lon="-73.72006">
        <ele>1345.07</ele>
        <time>2026-04-11T16:25:48Z</time>
      </trkpt>
      <trkpt lat="44.15902" lon="-73.72005">
        <ele>1346.27</ele>
        <time>2026-04-11T16:25:54Z</time>
      </trkpt>
      <trkpt lat="44.15902" lon="-73.72005">
        <ele>1346.27</ele>
        <time>2026-04-11T16:25:55Z</time>
      </trkpt>
      <trkpt lat="44.15904" lon="-73.72004">
        <ele>1347.52</ele>
        <time>2026-04-11T16:26:00Z</time>
      </trkpt>
      <trkpt lat="44.15904" lon="-73.72003">
        <ele>1347.59</ele>
        <time>2026-04-11T16:26:01Z</time>
      </trkpt>
      <trkpt lat="44.15904" lon="-73.72003">
        <ele>1347.59</ele>
        <time>2026-04-11T16:26:02Z</time>
      </trkpt>
      <trkpt lat="44.15905" lon="-73.72004">
        <ele>1348.12</ele>
        <time>2026-04-11T16:26:06Z</time>
      </trkpt>
      <trkpt lat="44.15907" lon="-73.72006">
        <ele>1349.12</ele>
        <time>2026-04-11T16:26:09Z</time>
      </trkpt>
      <trkpt lat="44.15906" lon="-73.72006">
        <ele>1348.54</ele>
        <time>2026-04-11T16:26:12Z</time>
      </trkpt>
      <trkpt lat="44.15906" lon="-73.72006">
        <ele>1348.54</ele>
        <time>2026-04-11T16:26:16Z</time>
      </trkpt>
      <trkpt lat="44.15907" lon="-73.72005">
        <ele>1349.22</ele>
        <time>2026-04-11T16:26:20Z</time>
      </trkpt>
      <trkpt lat="44.15908" lon="-73.72005">
        <ele>1349.84</ele>
        <time>2026-04-11T16:26:23Z</time>
      </trkpt>
      <trkpt lat="44.15909" lon="-73.72004">
        <ele>1350.6</ele>
        <time>2026-04-11T16:26:26Z</time>
      </trkpt>
      <trkpt lat="44.15911" lon="-73.72003">
        <ele>1352.0</ele>
        <time>2026-04-11T16:26:28Z</time>
      </trkpt>
      <trkpt lat="44.15911" lon="-73.72003">
        <ele>1352.0</ele>
        <time>2026-04-11T16:26:29Z</time>
      </trkpt>
      <trkpt lat="44.15911" lon="-73.72002">
        <ele>1352.11</ele>
        <time>2026-04-11T16:26:30Z</time>
      </trkpt>
      <trkpt lat="44.15911" lon="-73.72001">
        <ele>1352.22</ele>
        <time>2026-04-11T16:26:34Z</time>
      </trkpt>
      <trkpt lat="44.15911" lon="-73.72001">
        <ele>1352.22</ele>
        <time>2026-04-11T16:26:36Z</time>
      </trkpt>
      <trkpt lat="44.15911" lon="-73.72001">
        <ele>1352.22</ele>
        <time>2026-04-11T16:26:38Z</time>
      </trkpt>
      <trkpt lat="44.15912" lon="-73.72">
        <ele>1352.98</ele>
        <time>2026-04-11T16:26:41Z</time>
      </trkpt>
      <trkpt lat="44.15912" lon="-73.72">
        <ele>1352.98</ele>
        <time>2026-04-11T16:26:42Z</time>
      </trkpt>
      <trkpt lat="44.15913" lon="-73.71999">
        <ele>1353.62</ele>
        <time>2026-04-11T16:26:44Z</time>
      </trkpt>
      <trkpt lat="44.15913" lon="-73.71998">
        <ele>1353.62</ele>
        <time>2026-04-11T16:26:45Z</time>
      </trkpt>
      <trkpt lat="44.15914" lon="-73.71997">
        <ele>1354.27</ele>
        <time>2026-04-11T16:26:50Z</time>
      </trkpt>
      <trkpt lat="44.15915" lon="-73.71996">
        <ele>1354.92</ele>
        <time>2026-04-11T16:26:51Z</time>
      </trkpt>
      <trkpt lat="44.15914" lon="-73.71996">
        <ele>1354.27</ele>
        <time>2026-04-11T16:26:57Z</time>
      </trkpt>
      <trkpt lat="44.15915" lon="-73.71997">
        <ele>1354.92</ele>
        <time>2026-04-11T16:27:05Z</time>
      </trkpt>
      <trkpt lat="44.15916" lon="-73.71997">
        <ele>1355.57</ele>
        <time>2026-04-11T16:27:07Z</time>
      </trkpt>
      <trkpt lat="44.15917" lon="-73.71997">
        <ele>1356.22</ele>
        <time>2026-04-11T16:27:10Z</time>
      </trkpt>
      <trkpt lat="44.15917" lon="-73.71997">
        <ele>1356.22</ele>
        <time>2026-04-11T16:27:12Z</time>
      </trkpt>
      <trkpt lat="44.15919" lon="-73.71997">
        <ele>1357.51</ele>
        <time>2026-04-11T16:27:20Z</time>
      </trkpt>
      <trkpt lat="44.15921" lon="-73.71996">
        <ele>1358.81</ele>
        <time>2026-04-11T16:27:27Z</time>
      </trkpt>
      <trkpt lat="44.15922" lon="-73.71995">
        <ele>1359.46</ele>
        <time>2026-04-11T16:27:28Z</time>
      </trkpt>
      <trkpt lat="44.15923" lon="-73.71994">
        <ele>1360.1</ele>
        <time>2026-04-11T16:27:33Z</time>
      </trkpt>
      <trkpt lat="44.15922" lon="-73.71994">
        <ele>1359.46</ele>
        <time>2026-04-11T16:27:36Z</time>
      </trkpt>
      <trkpt lat="44.15922" lon="-73.71994">
        <ele>1359.46</ele>
        <time>2026-04-11T16:27:40Z</time>
      </trkpt>
      <trkpt lat="44.15923" lon="-73.71993">
        <ele>1360.1</ele>
        <time>2026-04-11T16:27:52Z</time>
      </trkpt>
      <trkpt lat="44.15923" lon="-73.71994">
        <ele>1360.1</ele>
        <time>2026-04-11T16:27:54Z</time>
      </trkpt>
      <trkpt lat="44.15925" lon="-73.71994">
        <ele>1361.4</ele>
        <time>2026-04-11T16:27:57Z</time>
      </trkpt>
      <trkpt lat="44.15926" lon="-73.71992">
        <ele>1362.05</ele>
        <time>2026-04-11T16:28:00Z</time>
      </trkpt>
      <trkpt lat="44.15927" lon="-73.71991">
        <ele>1362.7</ele>
        <time>2026-04-11T16:28:02Z</time>
      </trkpt>
      <trkpt lat="44.15928" lon="-73.7199">
        <ele>1363.26</ele>
        <time>2026-04-11T16:28:06Z</time>
      </trkpt>
      <trkpt lat="44.15928" lon="-73.7199">
        <ele>1363.26</ele>
        <time>2026-04-11T16:28:07Z</time>
      </trkpt>
      <trkpt lat="44.15929" lon="-73.71991">
        <ele>1363.99</ele>
        <time>2026-04-11T16:28:14Z</time>
      </trkpt>
      <trkpt lat="44.15932" lon="-73.71992">
        <ele>1365.94</ele>
        <time>2026-04-11T16:28:20Z</time>
      </trkpt>
      <trkpt lat="44.15932" lon="-73.71992">
        <ele>1365.94</ele>
        <time>2026-04-11T16:28:21Z</time>
      </trkpt>
      <trkpt lat="44.15933" lon="-73.71992">
        <ele>1366.58</ele>
        <time>2026-04-11T16:28:25Z</time>
      </trkpt>
      <trkpt lat="44.15934" lon="-73.71993">
        <ele>1367.23</ele>
        <time>2026-04-11T16:28:27Z</time>
      </trkpt>
      <trkpt lat="44.15935" lon="-73.71992">
        <ele>1367.88</ele>
        <time>2026-04-11T16:28:33Z</time>
      </trkpt>
      <trkpt lat="44.15936" lon="-73.71991">
        <ele>1368.44</ele>
        <time>2026-04-11T16:28:45Z</time>
      </trkpt>
      <trkpt lat="44.15937" lon="-73.71989">
        <ele>1368.79</ele>
        <time>2026-04-11T16:28:50Z</time>
      </trkpt>
      <trkpt lat="44.15937" lon="-73.71988">
        <ele>1368.68</ele>
        <time>2026-04-11T16:28:52Z</time>
      </trkpt>
      <trkpt lat="44.15939" lon="-73.71986">
        <ele>1369.55</ele>
        <time>2026-04-11T16:28:55Z</time>
      </trkpt>
      <trkpt lat="44.1594" lon="-73.71987">
        <ele>1370.2</ele>
        <time>2026-04-11T16:29:00Z</time>
      </trkpt>
      <trkpt lat="44.1594" lon="-73.71988">
        <ele>1370.3</ele>
        <time>2026-04-11T16:29:01Z</time>
      </trkpt>
      <trkpt lat="44.15942" lon="-73.71991">
        <ele>1371.66</ele>
        <time>2026-04-11T16:29:08Z</time>
      </trkpt>
      <trkpt lat="44.15942" lon="-73.71991">
        <ele>1371.66</ele>
        <time>2026-04-11T16:29:09Z</time>
      </trkpt>
      <trkpt lat="44.15945" lon="-73.71994">
        <ele>1372.89</ele>
        <time>2026-04-11T16:29:15Z</time>
      </trkpt>
      <trkpt lat="44.15945" lon="-73.71995">
        <ele>1372.78</ele>
        <time>2026-04-11T16:29:16Z</time>
      </trkpt>
      <trkpt lat="44.15947" lon="-73.71995">
        <ele>1373.64</ele>
        <time>2026-04-11T16:29:23Z</time>
      </trkpt>
      <trkpt lat="44.15948" lon="-73.71997">
        <ele>1373.86</ele>
        <time>2026-04-11T16:29:28Z</time>
      </trkpt>
      <trkpt lat="44.15949" lon="-73.71997">
        <ele>1374.29</ele>
        <time>2026-04-11T16:29:30Z</time>
      </trkpt>
      <trkpt lat="44.15952" lon="-73.71998">
        <ele>1375.48</ele>
        <time>2026-04-11T16:29:36Z</time>
      </trkpt>
      <trkpt lat="44.15952" lon="-73.71998">
        <ele>1375.48</ele>
        <time>2026-04-11T16:29:39Z</time>
      </trkpt>
      <trkpt lat="44.15953" lon="-73.71997">
        <ele>1376.02</ele>
        <time>2026-04-11T16:29:41Z</time>
      </trkpt>
      <trkpt lat="44.15955" lon="-73.71996">
        <ele>1376.93</ele>
        <time>2026-04-11T16:29:48Z</time>
      </trkpt>
      <trkpt lat="44.15954" lon="-73.71998">
        <ele>1376.34</ele>
        <time>2026-04-11T16:29:56Z</time>
      </trkpt>
      <trkpt lat="44.15956" lon="-73.71996">
        <ele>1377.32</ele>
        <time>2026-04-11T16:30:18Z</time>
      </trkpt>
      <trkpt lat="44.15958" lon="-73.71995">
        <ele>1378.15</ele>
        <time>2026-04-11T16:30:22Z</time>
      </trkpt>
      <trkpt lat="44.15961" lon="-73.71994">
        <ele>1379.29</ele>
        <time>2026-04-11T16:30:27Z</time>
      </trkpt>
      <trkpt lat="44.15963" lon="-73.7199">
        <ele>1380.01</ele>
        <time>2026-04-11T16:30:33Z</time>
      </trkpt>
      <trkpt lat="44.15963" lon="-73.71989">
        <ele>1380.01</ele>
        <time>2026-04-11T16:30:34Z</time>
      </trkpt>
      <trkpt lat="44.15963" lon="-73.71988">
        <ele>1380.01</ele>
        <time>2026-04-11T16:30:37Z</time>
      </trkpt>
      <trkpt lat="44.15966" lon="-73.71988">
        <ele>1380.89</ele>
        <time>2026-04-11T16:30:42Z</time>
      </trkpt>
      <trkpt lat="44.15968" lon="-73.71991">
        <ele>1381.62</ele>
        <time>2026-04-11T16:30:48Z</time>
      </trkpt>
      <trkpt lat="44.1597" lon="-73.71994">
        <ele>1382.01</ele>
        <time>2026-04-11T16:30:53Z</time>
      </trkpt>
      <trkpt lat="44.15974" lon="-73.71997">
        <ele>1382.71</ele>
        <time>2026-04-11T16:30:58Z</time>
      </trkpt>
      <trkpt lat="44.15977" lon="-73.71996">
        <ele>1383.46</ele>
        <time>2026-04-11T16:31:02Z</time>
      </trkpt>
      <trkpt lat="44.15978" lon="-73.71995">
        <ele>1383.79</ele>
        <time>2026-04-11T16:31:04Z</time>
      </trkpt>
      <trkpt lat="44.1598" lon="-73.71995">
        <ele>1384.22</ele>
        <time>2026-04-11T16:31:09Z</time>
      </trkpt>
      <trkpt lat="44.15981" lon="-73.71995">
        <ele>1384.44</ele>
        <time>2026-04-11T16:31:10Z</time>
      </trkpt>
      <trkpt lat="44.15984" lon="-73.71996">
        <ele>1384.86</ele>
        <time>2026-04-11T16:31:14Z</time>
      </trkpt>
      <trkpt lat="44.15985" lon="-73.71997">
        <ele>1384.96</ele>
        <time>2026-04-11T16:31:19Z</time>
      </trkpt>
      <trkpt lat="44.15987" lon="-73.72001">
        <ele>1385.02</ele>
        <time>2026-04-11T16:31:26Z</time>
      </trkpt>
      <trkpt lat="44.15991" lon="-73.72004">
        <ele>1385.2</ele>
        <time>2026-04-11T16:31:33Z</time>
      </trkpt>
      <trkpt lat="44.15993" lon="-73.72004">
        <ele>1385.73</ele>
        <time>2026-04-11T16:31:35Z</time>
      </trkpt>
      <trkpt lat="44.16" lon="-73.72004">
        <ele>1387.57</ele>
        <time>2026-04-11T16:31:45Z</time>
      </trkpt>
      <trkpt lat="44.16008" lon="-73.72005">
        <ele>1389.65</ele>
        <time>2026-04-11T16:31:55Z</time>
      </trkpt>
      <trkpt lat="44.16011" lon="-73.72004">
        <ele>1390.46</ele>
        <time>2026-04-11T16:32:02Z</time>
      </trkpt>
      <trkpt lat="44.16015" lon="-73.72006">
        <ele>1391.64</ele>
        <time>2026-04-11T16:32:08Z</time>
      </trkpt>
      <trkpt lat="44.16017" lon="-73.72007">
        <ele>1392.3</ele>
        <time>2026-04-11T16:32:10Z</time>
      </trkpt>
      <trkpt lat="44.16021" lon="-73.72009">
        <ele>1393.5</ele>
        <time>2026-04-11T16:32:17Z</time>
      </trkpt>
      <trkpt lat="44.16025" lon="-73.72007">
        <ele>1393.99</ele>
        <time>2026-04-11T16:32:23Z</time>
      </trkpt>
      <trkpt lat="44.16027" lon="-73.72008">
        <ele>1394.57</ele>
        <time>2026-04-11T16:32:26Z</time>
      </trkpt>
      <trkpt lat="44.16028" lon="-73.72008">
        <ele>1394.76</ele>
        <time>2026-04-11T16:32:28Z</time>
      </trkpt>
      <trkpt lat="44.16028" lon="-73.72009">
        <ele>1394.97</ele>
        <time>2026-04-11T16:32:32Z</time>
      </trkpt>
      <trkpt lat="44.16029" lon="-73.72009">
        <ele>1395.08</ele>
        <time>2026-04-11T16:32:33Z</time>
      </trkpt>
      <trkpt lat="44.1603" lon="-73.72009">
        <ele>1395.19</ele>
        <time>2026-04-11T16:32:34Z</time>
      </trkpt>
      <trkpt lat="44.16034" lon="-73.72009">
        <ele>1395.63</ele>
        <time>2026-04-11T16:32:42Z</time>
      </trkpt>
      <trkpt lat="44.16035" lon="-73.72008">
        <ele>1395.61</ele>
        <time>2026-04-11T16:32:43Z</time>
      </trkpt>
      <trkpt lat="44.16039" lon="-73.72004">
        <ele>1395.64</ele>
        <time>2026-04-11T16:32:49Z</time>
      </trkpt>
      <trkpt lat="44.16039" lon="-73.72003">
        <ele>1395.54</ele>
        <time>2026-04-11T16:32:50Z</time>
      </trkpt>
      <trkpt lat="44.1604" lon="-73.72003">
        <ele>1395.64</ele>
        <time>2026-04-11T16:32:51Z</time>
      </trkpt>
      <trkpt lat="44.1604" lon="-73.72003">
        <ele>1395.64</ele>
        <time>2026-04-11T16:32:53Z</time>
      </trkpt>
      <trkpt lat="44.16043" lon="-73.72003">
        <ele>1395.97</ele>
        <time>2026-04-11T16:32:57Z</time>
      </trkpt>
      <trkpt lat="44.16045" lon="-73.72003">
        <ele>1396.18</ele>
        <time>2026-04-11T16:33:01Z</time>
      </trkpt>
      <trkpt lat="44.16047" lon="-73.72004">
        <ele>1396.51</ele>
        <time>2026-04-11T16:33:04Z</time>
      </trkpt>
      <trkpt lat="44.16047" lon="-73.72004">
        <ele>1396.51</ele>
        <time>2026-04-11T16:33:05Z</time>
      </trkpt>
      <trkpt lat="44.16051" lon="-73.72002">
        <ele>1396.72</ele>
        <time>2026-04-11T16:33:16Z</time>
      </trkpt>
      <trkpt lat="44.16051" lon="-73.72001">
        <ele>1396.62</ele>
        <time>2026-04-11T16:33:17Z</time>
      </trkpt>
      <trkpt lat="44.16055" lon="-73.72001">
        <ele>1397.05</ele>
        <time>2026-04-11T16:33:22Z</time>
      </trkpt>
      <trkpt lat="44.16056" lon="-73.72002">
        <ele>1397.27</ele>
        <time>2026-04-11T16:33:24Z</time>
      </trkpt>
      <trkpt lat="44.16061" lon="-73.72002">
        <ele>1397.93</ele>
        <time>2026-04-11T16:33:31Z</time>
      </trkpt>
      <trkpt lat="44.16062" lon="-73.72002">
        <ele>1398.06</ele>
        <time>2026-04-11T16:33:32Z</time>
      </trkpt>
      <trkpt lat="44.16065" lon="-73.72002">
        <ele>1398.47</ele>
        <time>2026-04-11T16:33:38Z</time>
      </trkpt>
      <trkpt lat="44.16066" lon="-73.72004">
        <ele>1399.12</ele>
        <time>2026-04-11T16:33:42Z</time>
      </trkpt>
      <trkpt lat="44.16067" lon="-73.72004">
        <ele>1399.34</ele>
        <time>2026-04-11T16:33:44Z</time>
      </trkpt>
      <trkpt lat="44.1607" lon="-73.72005">
        <ele>1400.2</ele>
        <time>2026-04-11T16:33:49Z</time>
      </trkpt>
      <trkpt lat="44.1607" lon="-73.72007">
        <ele>1400.63</ele>
        <time>2026-04-11T16:33:53Z</time>
      </trkpt>
      <trkpt lat="44.16075" lon="-73.72007">
        <ele>1401.74</ele>
        <time>2026-04-11T16:34:01Z</time>
      </trkpt>
      <trkpt lat="44.1608" lon="-73.7201">
        <ele>1404.1</ele>
        <time>2026-04-11T16:34:08Z</time>
      </trkpt>
      <trkpt lat="44.16089" lon="-73.72011">
        <ele>1406.41</ele>
        <time>2026-04-11T16:34:19Z</time>
      </trkpt>
      <trkpt lat="44.16093" lon="-73.72013">
        <ele>1408.08</ele>
        <time>2026-04-11T16:34:26Z</time>
      </trkpt>
      <trkpt lat="44.16093" lon="-73.72013">
        <ele>1408.08</ele>
        <time>2026-04-11T16:34:27Z</time>
      </trkpt>
      <trkpt lat="44.161" lon="-73.72015">
        <ele>1410.4</ele>
        <time>2026-04-11T16:34:35Z</time>
      </trkpt>
      <trkpt lat="44.16107" lon="-73.72018">
        <ele>1412.66</ele>
        <time>2026-04-11T16:34:43Z</time>
      </trkpt>
      <trkpt lat="44.1611" lon="-73.72019">
        <ele>1412.99</ele>
        <time>2026-04-11T16:34:47Z</time>
      </trkpt>
      <trkpt lat="44.16111" lon="-73.72019">
        <ele>1413.0</ele>
        <time>2026-04-11T16:34:49Z</time>
      </trkpt>
      <trkpt lat="44.16112" lon="-73.72021">
        <ele>1412.83</ele>
        <time>2026-04-11T16:34:51Z</time>
      </trkpt>
      <trkpt lat="44.16114" lon="-73.72024">
        <ele>1412.56</ele>
        <time>2026-04-11T16:34:57Z</time>
      </trkpt>
      <trkpt lat="44.16115" lon="-73.72025">
        <ele>1412.45</ele>
        <time>2026-04-11T16:34:58Z</time>
      </trkpt>
      <trkpt lat="44.16115" lon="-73.72027">
        <ele>1412.54</ele>
        <time>2026-04-11T16:35:06Z</time>
      </trkpt>
      <trkpt lat="44.16115" lon="-73.72025">
        <ele>1412.45</ele>
        <time>2026-04-11T16:35:08Z</time>
      </trkpt>
      <trkpt lat="44.16115" lon="-73.72026">
        <ele>1412.5</ele>
        <time>2026-04-11T16:35:14Z</time>
      </trkpt>
      <trkpt lat="44.16116" lon="-73.72024">
        <ele>1412.26</ele>
        <time>2026-04-11T16:35:46Z</time>
      </trkpt>
      <trkpt lat="44.16116" lon="-73.72022">
        <ele>1412.14</ele>
        <time>2026-04-11T16:35:59Z</time>
      </trkpt>
      <trkpt lat="44.16116" lon="-73.72024">
        <ele>1412.26</ele>
        <time>2026-04-11T16:36:08Z</time>
      </trkpt>
      <trkpt lat="44.16116" lon="-73.72025">
        <ele>1412.31</ele>
        <time>2026-04-11T16:36:16Z</time>
      </trkpt>
      <trkpt lat="44.16116" lon="-73.72024">
        <ele>1412.26</ele>
        <time>2026-04-11T16:36:23Z</time>
      </trkpt>
      <trkpt lat="44.16117" lon="-73.72024">
        <ele>1412.1</ele>
        <time>2026-04-11T16:36:51Z</time>
      </trkpt>
      <trkpt lat="44.16117" lon="-73.72021">
        <ele>1411.9</ele>
        <time>2026-04-11T16:37:00Z</time>
      </trkpt>
      <trkpt lat="44.16116" lon="-73.72018">
        <ele>1411.64</ele>
        <time>2026-04-11T16:37:07Z</time>
      </trkpt>
      <trkpt lat="44.16115" lon="-73.72018">
        <ele>1411.85</ele>
        <time>2026-04-11T16:37:08Z</time>
      </trkpt>
      <trkpt lat="44.16112" lon="-73.72018">
        <ele>1412.48</ele>
        <time>2026-04-11T16:37:15Z</time>
      </trkpt>
      <trkpt lat="44.16111" lon="-73.72019">
        <ele>1413.0</ele>
        <time>2026-04-11T16:37:19Z</time>
      </trkpt>
      <trkpt lat="44.16111" lon="-73.7202">
        <ele>1413.0</ele>
        <time>2026-04-11T16:37:22Z</time>
      </trkpt>
      <trkpt lat="44.16111" lon="-73.72021">
        <ele>1413.0</ele>
        <time>2026-04-11T16:37:29Z</time>
      </trkpt>
      <trkpt lat="44.16112" lon="-73.72021">
        <ele>1412.83</ele>
        <time>2026-04-11T16:37:36Z</time>
      </trkpt>
      <trkpt lat="44.16112" lon="-73.72021">
        <ele>1412.83</ele>
        <time>2026-04-11T16:37:50Z</time>
      </trkpt>
      <trkpt lat="44.16112" lon="-73.7202">
        <ele>1412.82</ele>
        <time>2026-04-11T16:37:51Z</time>
      </trkpt>
      <trkpt lat="44.16112" lon="-73.7202">
        <ele>1412.82</ele>
        <time>2026-04-11T16:37:52Z</time>
      </trkpt>
      <trkpt lat="44.16112" lon="-73.72022">
        <ele>1412.84</ele>
        <time>2026-04-11T16:37:54Z</time>
      </trkpt>
      <trkpt lat="44.16112" lon="-73.72021">
        <ele>1412.83</ele>
        <time>2026-04-11T16:38:07Z</time>
      </trkpt>
      <trkpt lat="44.16112" lon="-73.72021">
        <ele>1412.83</ele>
        <time>2026-04-11T16:38:15Z</time>
      </trkpt>
      <trkpt lat="44.16112" lon="-73.72022">
        <ele>1412.84</ele>
        <time>2026-04-11T16:38:28Z</time>
      </trkpt>
      <trkpt lat="44.16112" lon="-73.72022">
        <ele>1412.84</ele>
        <time>2026-04-11T16:38:40Z</time>
      </trkpt>
      <trkpt lat="44.16112" lon="-73.72022">
        <ele>1412.84</ele>
        <time>2026-04-11T16:38:43Z</time>
      </trkpt>
      <trkpt lat="44.16112" lon="-73.72022">
        <ele>1412.84</ele>
        <time>2026-04-11T16:38:51Z</time>
      </trkpt>
      <trkpt lat="44.16112" lon="-73.72024">
        <ele>1412.86</ele>
        <time>2026-04-11T16:39:08Z</time>
      </trkpt>
      <trkpt lat="44.16113" lon="-73.72022">
        <ele>1412.67</ele>
        <time>2026-04-11T16:39:12Z</time>
      </trkpt>
      <trkpt lat="44.16113" lon="-73.72021">
        <ele>1412.65</ele>
        <time>2026-04-11T16:39:17Z</time>
      </trkpt>
      <trkpt lat="44.16112" lon="-73.72021">
        <ele>1412.83</ele>
        <time>2026-04-11T16:39:30Z</time>
      </trkpt>
      <trkpt lat="44.16111" lon="-73.72022">
        <ele>1413.0</ele>
        <time>2026-04-11T16:39:47Z</time>
      </trkpt>
      <trkpt lat="44.16111" lon="-73.72022">
        <ele>1413.0</ele>
        <time>2026-04-11T16:39:58Z</time>
      </trkpt>
      <trkpt lat="44.16112" lon="-73.72022">
        <ele>1412.84</ele>
        <time>2026-04-11T16:40:36Z</time>
      </trkpt>
      <trkpt lat="44.16111" lon="-73.72022">
        <ele>1413.0</ele>
        <time>2026-04-11T16:40:46Z</time>
      </trkpt>
      <trkpt lat="44.16111" lon="-73.72022">
        <ele>1413.0</ele>
        <time>2026-04-11T16:41:10Z</time>
      </trkpt>
      <trkpt lat="44.1611" lon="-73.72022">
        <ele>1412.95</ele>
        <time>2026-04-11T16:41:11Z</time>
      </trkpt>
      <trkpt lat="44.16111" lon="-73.7202">
        <ele>1413.0</ele>
        <time>2026-04-11T16:41:22Z</time>
      </trkpt>
      <trkpt lat="44.16111" lon="-73.72021">
        <ele>1413.0</ele>
        <time>2026-04-11T16:41:33Z</time>
      </trkpt>
      <trkpt lat="44.16112" lon="-73.72021">
        <ele>1412.83</ele>
        <time>2026-04-11T16:41:40Z</time>
      </trkpt>
      <trkpt lat="44.16112" lon="-73.72019">
        <ele>1412.81</ele>
        <time>2026-04-11T16:41:48Z</time>
      </trkpt>
      <trkpt lat="44.16112" lon="-73.7202">
        <ele>1412.82</ele>
        <time>2026-04-11T16:41:55Z</time>
      </trkpt>
      <trkpt lat="44.16112" lon="-73.72019">
        <ele>1412.81</ele>
        <time>2026-04-11T16:41:56Z</time>
      </trkpt>
      <trkpt lat="44.16112" lon="-73.72019">
        <ele>1412.81</ele>
        <time>2026-04-11T16:41:59Z</time>
      </trkpt>
      <trkpt lat="44.16112" lon="-73.72019">
        <ele>1412.81</ele>
        <time>2026-04-11T16:42:04Z</time>
      </trkpt>
      <trkpt lat="44.16112" lon="-73.7202">
        <ele>1412.82</ele>
        <time>2026-04-11T16:42:36Z</time>
      </trkpt>
      <trkpt lat="44.16112" lon="-73.7202">
        <ele>1412.82</ele>
        <time>2026-04-11T16:42:40Z</time>
      </trkpt>
      <trkpt lat="44.16111" lon="-73.72021">
        <ele>1413.0</ele>
        <time>2026-04-11T16:42:49Z</time>
      </trkpt>
      <trkpt lat="44.16111" lon="-73.72022">
        <ele>1413.0</ele>
        <time>2026-04-11T16:43:04Z</time>
      </trkpt>
      <trkpt lat="44.16112" lon="-73.72019">
        <ele>1412.81</ele>
        <time>2026-04-11T16:43:17Z</time>
      </trkpt>
      <trkpt lat="44.16112" lon="-73.72021">
        <ele>1412.83</ele>
        <time>2026-04-11T16:43:41Z</time>
      </trkpt>
      <trkpt lat="44.16113" lon="-73.72022">
        <ele>1412.67</ele>
        <time>2026-04-11T16:43:49Z</time>
      </trkpt>
      <trkpt lat="44.16113" lon="-73.72022">
        <ele>1412.67</ele>
        <time>2026-04-11T16:43:50Z</time>
      </trkpt>
      <trkpt lat="44.16113" lon="-73.72022">
        <ele>1412.67</ele>
        <time>2026-04-11T16:44:00Z</time>
      </trkpt>
      <trkpt lat="44.16113" lon="-73.7202">
        <ele>1412.62</ele>
        <time>2026-04-11T16:44:49Z</time>
      </trkpt>
      <trkpt lat="44.16113" lon="-73.72019">
        <ele>1412.6</ele>
        <time>2026-04-11T16:44:56Z</time>
      </trkpt>
      <trkpt lat="44.16113" lon="-73.72018">
        <ele>1412.27</ele>
        <time>2026-04-11T16:44:59Z</time>
      </trkpt>
      <trkpt lat="44.16113" lon="-73.72019">
        <ele>1412.6</ele>
        <time>2026-04-11T16:45:04Z</time>
      </trkpt>
      <trkpt lat="44.16113" lon="-73.72018">
        <ele>1412.27</ele>
        <time>2026-04-11T16:46:44Z</time>
      </trkpt>
      <trkpt lat="44.16113" lon="-73.72018">
        <ele>1412.27</ele>
        <time>2026-04-11T16:46:46Z</time>
      </trkpt>
      <trkpt lat="44.16111" lon="-73.72016">
        <ele>1411.37</ele>
        <time>2026-04-11T16:46:53Z</time>
      </trkpt>
      <trkpt lat="44.16106" lon="-73.72014">
        <ele>1410.07</ele>
        <time>2026-04-11T16:47:02Z</time>
      </trkpt>
      <trkpt lat="44.16105" lon="-73.72014">
        <ele>1410.07</ele>
        <time>2026-04-11T16:47:03Z</time>
      </trkpt>
      <trkpt lat="44.16103" lon="-73.72013">
        <ele>1409.42</ele>
        <time>2026-04-11T16:47:07Z</time>
      </trkpt>
      <trkpt lat="44.16098" lon="-73.72011">
        <ele>1407.63</ele>
        <time>2026-04-11T16:47:13Z</time>
      </trkpt>
      <trkpt lat="44.16097" lon="-73.72011">
        <ele>1407.51</ele>
        <time>2026-04-11T16:47:14Z</time>
      </trkpt>
      <trkpt lat="44.16092" lon="-73.72008">
        <ele>1405.13</ele>
        <time>2026-04-11T16:47:22Z</time>
      </trkpt>
      <trkpt lat="44.16084" lon="-73.72008">
        <ele>1404.38</ele>
        <time>2026-04-11T16:47:32Z</time>
      </trkpt>
      <trkpt lat="44.16082" lon="-73.72008">
        <ele>1403.95</ele>
        <time>2026-04-11T16:47:35Z</time>
      </trkpt>
      <trkpt lat="44.16076" lon="-73.72006">
        <ele>1401.7</ele>
        <time>2026-04-11T16:47:41Z</time>
      </trkpt>
      <trkpt lat="44.1607" lon="-73.72004">
        <ele>1399.98</ele>
        <time>2026-04-11T16:47:50Z</time>
      </trkpt>
      <trkpt lat="44.16065" lon="-73.72001">
        <ele>1398.26</ele>
        <time>2026-04-11T16:47:59Z</time>
      </trkpt>
      <trkpt lat="44.16065" lon="-73.72">
        <ele>1398.04</ele>
        <time>2026-04-11T16:48:00Z</time>
      </trkpt>
      <trkpt lat="44.16059" lon="-73.72001">
        <ele>1397.52</ele>
        <time>2026-04-11T16:48:06Z</time>
      </trkpt>
      <trkpt lat="44.16057" lon="-73.72001">
        <ele>1397.28</ele>
        <time>2026-04-11T16:48:09Z</time>
      </trkpt>
      <trkpt lat="44.16054" lon="-73.71999">
        <ele>1396.62</ele>
        <time>2026-04-11T16:48:15Z</time>
      </trkpt>
      <trkpt lat="44.1605" lon="-73.72002">
        <ele>1396.62</ele>
        <time>2026-04-11T16:48:22Z</time>
      </trkpt>
      <trkpt lat="44.1605" lon="-73.72002">
        <ele>1396.62</ele>
        <time>2026-04-11T16:48:23Z</time>
      </trkpt>
      <trkpt lat="44.16049" lon="-73.72002">
        <ele>1396.51</ele>
        <time>2026-04-11T16:48:26Z</time>
      </trkpt>
      <trkpt lat="44.16046" lon="-73.72002">
        <ele>1396.18</ele>
        <time>2026-04-11T16:48:31Z</time>
      </trkpt>
      <trkpt lat="44.16044" lon="-73.72001">
        <ele>1395.86</ele>
        <time>2026-04-11T16:48:33Z</time>
      </trkpt>
      <trkpt lat="44.1604" lon="-73.72001">
        <ele>1395.43</ele>
        <time>2026-04-11T16:48:37Z</time>
      </trkpt>
      <trkpt lat="44.16037" lon="-73.72004">
        <ele>1395.43</ele>
        <time>2026-04-11T16:48:42Z</time>
      </trkpt>
      <trkpt lat="44.16031" lon="-73.72006">
        <ele>1394.77</ele>
        <time>2026-04-11T16:48:49Z</time>
      </trkpt>
      <trkpt lat="44.1603" lon="-73.72006">
        <ele>1394.62</ele>
        <time>2026-04-11T16:48:51Z</time>
      </trkpt>
      <trkpt lat="44.16025" lon="-73.72005">
        <ele>1393.62</ele>
        <time>2026-04-11T16:48:58Z</time>
      </trkpt>
      <trkpt lat="44.16023" lon="-73.72006">
        <ele>1393.45</ele>
        <time>2026-04-11T16:49:01Z</time>
      </trkpt>
      <trkpt lat="44.16022" lon="-73.72006">
        <ele>1393.27</ele>
        <time>2026-04-11T16:49:02Z</time>
      </trkpt>
      <trkpt lat="44.16015" lon="-73.72001">
        <ele>1391.31</ele>
        <time>2026-04-11T16:49:10Z</time>
      </trkpt>
      <trkpt lat="44.16013" lon="-73.72001">
        <ele>1390.85</ele>
        <time>2026-04-11T16:49:13Z</time>
      </trkpt>
      <trkpt lat="44.16009" lon="-73.72002">
        <ele>1389.94</ele>
        <time>2026-04-11T16:49:17Z</time>
      </trkpt>
      <trkpt lat="44.16006" lon="-73.72003">
        <ele>1389.18</ele>
        <time>2026-04-11T16:49:19Z</time>
      </trkpt>
      <trkpt lat="44.15998" lon="-73.72003">
        <ele>1387.17</ele>
        <time>2026-04-11T16:49:28Z</time>
      </trkpt>
      <trkpt lat="44.15995" lon="-73.72002">
        <ele>1386.59</ele>
        <time>2026-04-11T16:49:31Z</time>
      </trkpt>
      <trkpt lat="44.1599" lon="-73.72">
        <ele>1385.84</ele>
        <time>2026-04-11T16:49:37Z</time>
      </trkpt>
      <trkpt lat="44.15989" lon="-73.71997">
        <ele>1385.68</ele>
        <time>2026-04-11T16:49:41Z</time>
      </trkpt>
      <trkpt lat="44.15986" lon="-73.71995">
        <ele>1385.25</ele>
        <time>2026-04-11T16:49:46Z</time>
      </trkpt>
      <trkpt lat="44.15986" lon="-73.71995">
        <ele>1385.25</ele>
        <time>2026-04-11T16:49:47Z</time>
      </trkpt>
      <trkpt lat="44.15981" lon="-73.71994">
        <ele>1384.54</ele>
        <time>2026-04-11T16:49:54Z</time>
      </trkpt>
      <trkpt lat="44.1598" lon="-73.71993">
        <ele>1384.44</ele>
        <time>2026-04-11T16:49:55Z</time>
      </trkpt>
      <trkpt lat="44.15975" lon="-73.71994">
        <ele>1383.25</ele>
        <time>2026-04-11T16:50:03Z</time>
      </trkpt>
      <trkpt lat="44.15973" lon="-73.71992">
        <ele>1383.03</ele>
        <time>2026-04-11T16:50:08Z</time>
      </trkpt>
      <trkpt lat="44.15971" lon="-73.7199">
        <ele>1382.53</ele>
        <time>2026-04-11T16:50:12Z</time>
      </trkpt>
      <trkpt lat="44.15968" lon="-73.71986">
        <ele>1381.35</ele>
        <time>2026-04-11T16:50:22Z</time>
      </trkpt>
      <trkpt lat="44.15966" lon="-73.71986">
        <ele>1380.82</ele>
        <time>2026-04-11T16:50:32Z</time>
      </trkpt>
      <trkpt lat="44.15965" lon="-73.71987">
        <ele>1380.57</ele>
        <time>2026-04-11T16:50:34Z</time>
      </trkpt>
      <trkpt lat="44.15962" lon="-73.71991">
        <ele>1379.69</ele>
        <time>2026-04-11T16:50:39Z</time>
      </trkpt>
      <trkpt lat="44.15962" lon="-73.71992">
        <ele>1379.67</ele>
        <time>2026-04-11T16:50:46Z</time>
      </trkpt>
      <trkpt lat="44.15958" lon="-73.71993">
        <ele>1378.26</ele>
        <time>2026-04-11T16:50:59Z</time>
      </trkpt>
      <trkpt lat="44.15957" lon="-73.71994">
        <ele>1377.84</ele>
        <time>2026-04-11T16:51:01Z</time>
      </trkpt>
      <trkpt lat="44.15957" lon="-73.71994">
        <ele>1377.84</ele>
        <time>2026-04-11T16:51:08Z</time>
      </trkpt>
      <trkpt lat="44.15956" lon="-73.71994">
        <ele>1377.48</ele>
        <time>2026-04-11T16:51:09Z</time>
      </trkpt>
      <trkpt lat="44.15957" lon="-73.71994">
        <ele>1377.84</ele>
        <time>2026-04-11T16:51:11Z</time>
      </trkpt>
      <trkpt lat="44.15955" lon="-73.71994">
        <ele>1377.12</ele>
        <time>2026-04-11T16:51:23Z</time>
      </trkpt>
      <trkpt lat="44.15953" lon="-73.71996">
        <ele>1376.13</ele>
        <time>2026-04-11T16:51:46Z</time>
      </trkpt>
      <trkpt lat="44.15951" lon="-73.71996">
        <ele>1375.26</ele>
        <time>2026-04-11T16:51:51Z</time>
      </trkpt>
      <trkpt lat="44.1595" lon="-73.71995">
        <ele>1374.94</ele>
        <time>2026-04-11T16:52:02Z</time>
      </trkpt>
      <trkpt lat="44.1595" lon="-73.71994">
        <ele>1375.05</ele>
        <time>2026-04-11T16:52:04Z</time>
      </trkpt>
      <trkpt lat="44.1595" lon="-73.71994">
        <ele>1375.05</ele>
        <time>2026-04-11T16:52:06Z</time>
      </trkpt>
      <trkpt lat="44.1595" lon="-73.71994">
        <ele>1375.05</ele>
        <time>2026-04-11T16:52:09Z</time>
      </trkpt>
      <trkpt lat="44.15949" lon="-73.71994">
        <ele>1374.62</ele>
        <time>2026-04-11T16:52:15Z</time>
      </trkpt>
      <trkpt lat="44.15947" lon="-73.71993">
        <ele>1373.86</ele>
        <time>2026-04-11T16:52:19Z</time>
      </trkpt>
      <trkpt lat="44.15947" lon="-73.71992">
        <ele>1373.97</ele>
        <time>2026-04-11T16:52:21Z</time>
      </trkpt>
      <trkpt lat="44.15944" lon="-73.71988">
        <ele>1372.46</ele>
        <time>2026-04-11T16:52:26Z</time>
      </trkpt>
      <trkpt lat="44.15942" lon="-73.71985">
        <ele>1371.06</ele>
        <time>2026-04-11T16:52:29Z</time>
      </trkpt>
      <trkpt lat="44.1594" lon="-73.71986">
        <ele>1370.09</ele>
        <time>2026-04-11T16:52:33Z</time>
      </trkpt>
      <trkpt lat="44.15939" lon="-73.71987">
        <ele>1369.66</ele>
        <time>2026-04-11T16:52:35Z</time>
      </trkpt>
      <trkpt lat="44.15938" lon="-73.71988">
        <ele>1369.22</ele>
        <time>2026-04-11T16:52:44Z</time>
      </trkpt>
      <trkpt lat="44.15937" lon="-73.71988">
        <ele>1368.68</ele>
        <time>2026-04-11T16:52:55Z</time>
      </trkpt>
      <trkpt lat="44.15936" lon="-73.7199">
        <ele>1368.36</ele>
        <time>2026-04-11T16:53:03Z</time>
      </trkpt>
      <trkpt lat="44.15937" lon="-73.7199">
        <ele>1368.9</ele>
        <time>2026-04-11T16:53:10Z</time>
      </trkpt>
      <trkpt lat="44.15936" lon="-73.71991">
        <ele>1368.44</ele>
        <time>2026-04-11T16:53:17Z</time>
      </trkpt>
      <trkpt lat="44.15937" lon="-73.7199">
        <ele>1368.9</ele>
        <time>2026-04-11T16:53:27Z</time>
      </trkpt>
      <trkpt lat="44.15936" lon="-73.7199">
        <ele>1368.36</ele>
        <time>2026-04-11T16:53:34Z</time>
      </trkpt>
      <trkpt lat="44.15936" lon="-73.71991">
        <ele>1368.44</ele>
        <time>2026-04-11T16:53:36Z</time>
      </trkpt>
      <trkpt lat="44.15933" lon="-73.7199">
        <ele>1366.5</ele>
        <time>2026-04-11T16:53:45Z</time>
      </trkpt>
      <trkpt lat="44.15931" lon="-73.7199">
        <ele>1365.21</ele>
        <time>2026-04-11T16:53:48Z</time>
      </trkpt>
      <trkpt lat="44.15931" lon="-73.71988">
        <ele>1364.99</ele>
        <time>2026-04-11T16:53:54Z</time>
      </trkpt>
      <trkpt lat="44.15931" lon="-73.71988">
        <ele>1364.99</ele>
        <time>2026-04-11T16:53:56Z</time>
      </trkpt>
      <trkpt lat="44.15928" lon="-73.71988">
        <ele>1363.05</ele>
        <time>2026-04-11T16:54:01Z</time>
      </trkpt>
      <trkpt lat="44.15928" lon="-73.71988">
        <ele>1363.05</ele>
        <time>2026-04-11T16:54:02Z</time>
      </trkpt>
      <trkpt lat="44.15927" lon="-73.71989">
        <ele>1362.51</ele>
        <time>2026-04-11T16:54:07Z</time>
      </trkpt>
      <trkpt lat="44.15927" lon="-73.71989">
        <ele>1362.51</ele>
        <time>2026-04-11T16:54:08Z</time>
      </trkpt>
      <trkpt lat="44.15926" lon="-73.71992">
        <ele>1362.05</ele>
        <time>2026-04-11T16:54:12Z</time>
      </trkpt>
      <trkpt lat="44.15926" lon="-73.71992">
        <ele>1362.05</ele>
        <time>2026-04-11T16:54:13Z</time>
      </trkpt>
      <trkpt lat="44.15924" lon="-73.71993">
        <ele>1360.75</ele>
        <time>2026-04-11T16:54:21Z</time>
      </trkpt>
      <trkpt lat="44.15924" lon="-73.71994">
        <ele>1360.75</ele>
        <time>2026-04-11T16:54:22Z</time>
      </trkpt>
      <trkpt lat="44.15924" lon="-73.71994">
        <ele>1360.75</ele>
        <time>2026-04-11T16:54:28Z</time>
      </trkpt>
      <trkpt lat="44.15922" lon="-73.71994">
        <ele>1359.46</ele>
        <time>2026-04-11T16:54:30Z</time>
      </trkpt>
      <trkpt lat="44.1592" lon="-73.71995">
        <ele>1358.16</ele>
        <time>2026-04-11T16:54:36Z</time>
      </trkpt>
      <trkpt lat="44.1592" lon="-73.71995">
        <ele>1358.16</ele>
        <time>2026-04-11T16:54:44Z</time>
      </trkpt>
      <trkpt lat="44.1592" lon="-73.71995">
        <ele>1358.16</ele>
        <time>2026-04-11T16:54:47Z</time>
      </trkpt>
      <trkpt lat="44.15919" lon="-73.71994">
        <ele>1357.51</ele>
        <time>2026-04-11T16:54:53Z</time>
      </trkpt>
      <trkpt lat="44.15918" lon="-73.71992">
        <ele>1356.86</ele>
        <time>2026-04-11T16:55:02Z</time>
      </trkpt>
      <trkpt lat="44.15917" lon="-73.71992">
        <ele>1356.22</ele>
        <time>2026-04-11T16:55:08Z</time>
      </trkpt>
      <trkpt lat="44.15917" lon="-73.71992">
        <ele>1356.22</ele>
        <time>2026-04-11T16:55:18Z</time>
      </trkpt>
      <trkpt lat="44.15915" lon="-73.71996">
        <ele>1354.92</ele>
        <time>2026-04-11T16:55:29Z</time>
      </trkpt>
      <trkpt lat="44.15915" lon="-73.71996">
        <ele>1354.92</ele>
        <time>2026-04-11T16:55:35Z</time>
      </trkpt>
      <trkpt lat="44.15914" lon="-73.71997">
        <ele>1354.27</ele>
        <time>2026-04-11T16:55:36Z</time>
      </trkpt>
      <trkpt lat="44.15913" lon="-73.71997">
        <ele>1353.62</ele>
        <time>2026-04-11T16:55:38Z</time>
      </trkpt>
      <trkpt lat="44.15912" lon="-73.71998">
        <ele>1352.98</ele>
        <time>2026-04-11T16:55:46Z</time>
      </trkpt>
      <trkpt lat="44.15912" lon="-73.72001">
        <ele>1352.87</ele>
        <time>2026-04-11T16:55:49Z</time>
      </trkpt>
      <trkpt lat="44.15912" lon="-73.72002">
        <ele>1352.76</ele>
        <time>2026-04-11T16:55:51Z</time>
      </trkpt>
      <trkpt lat="44.15912" lon="-73.72004">
        <ele>1352.54</ele>
        <time>2026-04-11T16:55:53Z</time>
      </trkpt>
      <trkpt lat="44.15912" lon="-73.72004">
        <ele>1352.54</ele>
        <time>2026-04-11T16:55:59Z</time>
      </trkpt>
      <trkpt lat="44.15912" lon="-73.72004">
        <ele>1352.54</ele>
        <time>2026-04-11T16:56:27Z</time>
      </trkpt>
      <trkpt lat="44.15912" lon="-73.72004">
        <ele>1352.54</ele>
        <time>2026-04-11T16:56:28Z</time>
      </trkpt>
      <trkpt lat="44.15911" lon="-73.72005">
        <ele>1351.79</ele>
        <time>2026-04-11T16:56:29Z</time>
      </trkpt>
      <trkpt lat="44.15912" lon="-73.72004">
        <ele>1352.54</ele>
        <time>2026-04-11T16:56:33Z</time>
      </trkpt>
      <trkpt lat="44.1591" lon="-73.72003">
        <ele>1351.36</ele>
        <time>2026-04-11T16:56:40Z</time>
      </trkpt>
      <trkpt lat="44.1591" lon="-73.72004">
        <ele>1351.25</ele>
        <time>2026-04-11T16:56:45Z</time>
      </trkpt>
      <trkpt lat="44.1591" lon="-73.72004">
        <ele>1351.25</ele>
        <time>2026-04-11T16:56:47Z</time>
      </trkpt>
      <trkpt lat="44.15909" lon="-73.72004">
        <ele>1350.6</ele>
        <time>2026-04-11T16:56:49Z</time>
      </trkpt>
      <trkpt lat="44.15909" lon="-73.72003">
        <ele>1350.71</ele>
        <time>2026-04-11T16:56:51Z</time>
      </trkpt>
      <trkpt lat="44.15909" lon="-73.72003">
        <ele>1350.71</ele>
        <time>2026-04-11T16:56:57Z</time>
      </trkpt>
      <trkpt lat="44.15908" lon="-73.72004">
        <ele>1349.95</ele>
        <time>2026-04-11T16:57:10Z</time>
      </trkpt>
      <trkpt lat="44.15909" lon="-73.72004">
        <ele>1350.6</ele>
        <time>2026-04-11T16:57:13Z</time>
      </trkpt>
      <trkpt lat="44.15908" lon="-73.72003">
        <ele>1350.06</ele>
        <time>2026-04-11T16:57:18Z</time>
      </trkpt>
      <trkpt lat="44.15907" lon="-73.72002">
        <ele>1349.53</ele>
        <time>2026-04-11T16:57:25Z</time>
      </trkpt>
      <trkpt lat="44.15906" lon="-73.72001">
        <ele>1349.0</ele>
        <time>2026-04-11T16:57:31Z</time>
      </trkpt>
      <trkpt lat="44.15906" lon="-73.72">
        <ele>1349.09</ele>
        <time>2026-04-11T16:57:34Z</time>
      </trkpt>
      <trkpt lat="44.15906" lon="-73.72">
        <ele>1349.09</ele>
        <time>2026-04-11T16:57:36Z</time>
      </trkpt>
      <trkpt lat="44.15904" lon="-73.71999">
        <ele>1347.79</ele>
        <time>2026-04-11T16:57:41Z</time>
      </trkpt>
      <trkpt lat="44.15902" lon="-73.71998">
        <ele>1346.5</ele>
        <time>2026-04-11T16:57:45Z</time>
      </trkpt>
      <trkpt lat="44.15902" lon="-73.71998">
        <ele>1346.5</ele>
        <time>2026-04-11T16:57:47Z</time>
      </trkpt>
      <trkpt lat="44.15902" lon="-73.71998">
        <ele>1346.5</ele>
        <time>2026-04-11T16:57:48Z</time>
      </trkpt>
      <trkpt lat="44.15902" lon="-73.71998">
        <ele>1346.5</ele>
        <time>2026-04-11T16:57:50Z</time>
      </trkpt>
      <trkpt lat="44.15902" lon="-73.71998">
        <ele>1346.5</ele>
        <time>2026-04-11T16:58:05Z</time>
      </trkpt>
      <trkpt lat="44.15901" lon="-73.72">
        <ele>1345.85</ele>
        <time>2026-04-11T16:58:16Z</time>
      </trkpt>
      <trkpt lat="44.15901" lon="-73.72">
        <ele>1345.85</ele>
        <time>2026-04-11T16:58:18Z</time>
      </trkpt>
      <trkpt lat="44.15901" lon="-73.72004">
        <ele>1345.71</ele>
        <time>2026-04-11T16:58:28Z</time>
      </trkpt>
      <trkpt lat="44.15901" lon="-73.72003">
        <ele>1345.75</ele>
        <time>2026-04-11T16:58:38Z</time>
      </trkpt>
      <trkpt lat="44.15901" lon="-73.72007">
        <ele>1345.62</ele>
        <time>2026-04-11T16:58:51Z</time>
      </trkpt>
      <trkpt lat="44.15901" lon="-73.72007">
        <ele>1345.62</ele>
        <time>2026-04-11T16:58:53Z</time>
      </trkpt>
      <trkpt lat="44.15901" lon="-73.72007">
        <ele>1345.62</ele>
        <time>2026-04-11T16:58:58Z</time>
      </trkpt>
      <trkpt lat="44.15901" lon="-73.72007">
        <ele>1345.62</ele>
        <time>2026-04-11T16:59:07Z</time>
      </trkpt>
      <trkpt lat="44.159" lon="-73.72007">
        <ele>1345.05</ele>
        <time>2026-04-11T16:59:12Z</time>
      </trkpt>
      <trkpt lat="44.159" lon="-73.72007">
        <ele>1345.05</ele>
        <time>2026-04-11T16:59:14Z</time>
      </trkpt>
      <trkpt lat="44.159" lon="-73.72006">
        <ele>1345.07</ele>
        <time>2026-04-11T16:59:21Z</time>
      </trkpt>
      <trkpt lat="44.15899" lon="-73.72006">
        <ele>1344.49</ele>
        <time>2026-04-11T16:59:29Z</time>
      </trkpt>
      <trkpt lat="44.15899" lon="-73.72006">
        <ele>1344.49</ele>
        <time>2026-04-11T16:59:30Z</time>
      </trkpt>
      <trkpt lat="44.15898" lon="-73.72005">
        <ele>1343.92</ele>
        <time>2026-04-11T16:59:39Z</time>
      </trkpt>
      <trkpt lat="44.15898" lon="-73.72005">
        <ele>1343.92</ele>
        <time>2026-04-11T16:59:45Z</time>
      </trkpt>
      <trkpt lat="44.15898" lon="-73.72004">
        <ele>1343.92</ele>
        <time>2026-04-11T16:59:55Z</time>
      </trkpt>
      <trkpt lat="44.15897" lon="-73.72003">
        <ele>1343.38</ele>
        <time>2026-04-11T17:00:02Z</time>
      </trkpt>
      <trkpt lat="44.15897" lon="-73.72003">
        <ele>1343.38</ele>
        <time>2026-04-11T17:00:03Z</time>
      </trkpt>
      <trkpt lat="44.15895" lon="-73.72001">
        <ele>1342.3</ele>
        <time>2026-04-11T17:00:08Z</time>
      </trkpt>
      <trkpt lat="44.15894" lon="-73.72">
        <ele>1341.76</ele>
        <time>2026-04-11T17:00:10Z</time>
      </trkpt>
      <trkpt lat="44.15894" lon="-73.72001">
        <ele>1341.76</ele>
        <time>2026-04-11T17:00:17Z</time>
      </trkpt>
      <trkpt lat="44.15894" lon="-73.72001">
        <ele>1341.76</ele>
        <time>2026-04-11T17:00:24Z</time>
      </trkpt>
      <trkpt lat="44.15894" lon="-73.72001">
        <ele>1341.76</ele>
        <time>2026-04-11T17:01:29Z</time>
      </trkpt>
      <trkpt lat="44.15894" lon="-73.72001">
        <ele>1341.76</ele>
        <time>2026-04-11T17:01:32Z</time>
      </trkpt>
      <trkpt lat="44.15893" lon="-73.72002">
        <ele>1341.22</ele>
        <time>2026-04-11T17:02:12Z</time>
      </trkpt>
      <trkpt lat="44.15892" lon="-73.72004">
        <ele>1340.68</ele>
        <time>2026-04-11T17:02:22Z</time>
      </trkpt>
      <trkpt lat="44.15892" lon="-73.72004">
        <ele>1340.68</ele>
        <time>2026-04-11T17:02:25Z</time>
      </trkpt>
      <trkpt lat="44.15892" lon="-73.72006">
        <ele>1340.68</ele>
        <time>2026-04-11T17:02:29Z</time>
      </trkpt>
      <trkpt lat="44.15893" lon="-73.72007">
        <ele>1341.22</ele>
        <time>2026-04-11T17:02:31Z</time>
      </trkpt>
      <trkpt lat="44.15893" lon="-73.72009">
        <ele>1341.22</ele>
        <time>2026-04-11T17:02:37Z</time>
      </trkpt>
      <trkpt lat="44.15892" lon="-73.72009">
        <ele>1340.68</ele>
        <time>2026-04-11T17:02:39Z</time>
      </trkpt>
      <trkpt lat="44.15891" lon="-73.7201">
        <ele>1340.06</ele>
        <time>2026-04-11T17:02:44Z</time>
      </trkpt>
      <trkpt lat="44.15891" lon="-73.7201">
        <ele>1340.06</ele>
        <time>2026-04-11T17:02:45Z</time>
      </trkpt>
      <trkpt lat="44.15891" lon="-73.72011">
        <ele>1339.95</ele>
        <time>2026-04-11T17:02:50Z</time>
      </trkpt>
      <trkpt lat="44.1589" lon="-73.72013">
        <ele>1339.2</ele>
        <time>2026-04-11T17:02:57Z</time>
      </trkpt>
      <trkpt lat="44.15889" lon="-73.72014">
        <ele>1338.55</ele>
        <time>2026-04-11T17:03:00Z</time>
      </trkpt>
      <trkpt lat="44.15888" lon="-73.72014">
        <ele>1337.96</ele>
        <time>2026-04-11T17:03:09Z</time>
      </trkpt>
      <trkpt lat="44.15888" lon="-73.72013">
        <ele>1338.06</ele>
        <time>2026-04-11T17:03:21Z</time>
      </trkpt>
      <trkpt lat="44.15887" lon="-73.72012">
        <ele>1337.54</ele>
        <time>2026-04-11T17:03:28Z</time>
      </trkpt>
      <trkpt lat="44.15885" lon="-73.72013">
        <ele>1336.25</ele>
        <time>2026-04-11T17:03:32Z</time>
      </trkpt>
      <trkpt lat="44.15884" lon="-73.72016">
        <ele>1335.49</ele>
        <time>2026-04-11T17:03:39Z</time>
      </trkpt>
      <trkpt lat="44.15884" lon="-73.72018">
        <ele>1335.39</ele>
        <time>2026-04-11T17:03:44Z</time>
      </trkpt>
      <trkpt lat="44.15884" lon="-73.7202">
        <ele>1335.28</ele>
        <time>2026-04-11T17:03:48Z</time>
      </trkpt>
      <trkpt lat="44.15883" lon="-73.7202">
        <ele>1334.76</ele>
        <time>2026-04-11T17:03:52Z</time>
      </trkpt>
      <trkpt lat="44.15883" lon="-73.7202">
        <ele>1334.76</ele>
        <time>2026-04-11T17:03:55Z</time>
      </trkpt>
      <trkpt lat="44.15881" lon="-73.72024">
        <ele>1333.65</ele>
        <time>2026-04-11T17:04:00Z</time>
      </trkpt>
      <trkpt lat="44.15879" lon="-73.72027">
        <ele>1332.66</ele>
        <time>2026-04-11T17:04:08Z</time>
      </trkpt>
      <trkpt lat="44.15879" lon="-73.72034">
        <ele>1331.36</ele>
        <time>2026-04-11T17:04:15Z</time>
      </trkpt>
      <trkpt lat="44.15879" lon="-73.72038">
        <ele>1330.52</ele>
        <time>2026-04-11T17:04:22Z</time>
      </trkpt>
      <trkpt lat="44.15879" lon="-73.72039">
        <ele>1330.3</ele>
        <time>2026-04-11T17:04:25Z</time>
      </trkpt>
      <trkpt lat="44.15878" lon="-73.72042">
        <ele>1329.22</ele>
        <time>2026-04-11T17:04:32Z</time>
      </trkpt>
      <trkpt lat="44.15878" lon="-73.72042">
        <ele>1329.22</ele>
        <time>2026-04-11T17:04:34Z</time>
      </trkpt>
      <trkpt lat="44.15877" lon="-73.72043">
        <ele>1328.58</ele>
        <time>2026-04-11T17:04:41Z</time>
      </trkpt>
      <trkpt lat="44.15876" lon="-73.72044">
        <ele>1327.93</ele>
        <time>2026-04-11T17:04:55Z</time>
      </trkpt>
      <trkpt lat="44.15877" lon="-73.72043">
        <ele>1328.58</ele>
        <time>2026-04-11T17:05:03Z</time>
      </trkpt>
      <trkpt lat="44.15877" lon="-73.72043">
        <ele>1328.58</ele>
        <time>2026-04-11T17:05:10Z</time>
      </trkpt>
      <trkpt lat="44.15876" lon="-73.72044">
        <ele>1327.93</ele>
        <time>2026-04-11T17:05:16Z</time>
      </trkpt>
      <trkpt lat="44.15875" lon="-73.72047">
        <ele>1326.77</ele>
        <time>2026-04-11T17:05:21Z</time>
      </trkpt>
      <trkpt lat="44.15874" lon="-73.72048">
        <ele>1326.06</ele>
        <time>2026-04-11T17:05:22Z</time>
      </trkpt>
      <trkpt lat="44.15873" lon="-73.72048">
        <ele>1325.66</ele>
        <time>2026-04-11T17:05:30Z</time>
      </trkpt>
      <trkpt lat="44.15873" lon="-73.72048">
        <ele>1325.66</ele>
        <time>2026-04-11T17:05:40Z</time>
      </trkpt>
      <trkpt lat="44.15871" lon="-73.72046">
        <ele>1325.34</ele>
        <time>2026-04-11T17:05:47Z</time>
      </trkpt>
      <trkpt lat="44.1587" lon="-73.72045">
        <ele>1325.15</ele>
        <time>2026-04-11T17:05:50Z</time>
      </trkpt>
      <trkpt lat="44.1587" lon="-73.72046">
        <ele>1324.94</ele>
        <time>2026-04-11T17:05:56Z</time>
      </trkpt>
      <trkpt lat="44.15868" lon="-73.72046">
        <ele>1324.29</ele>
        <time>2026-04-11T17:06:03Z</time>
      </trkpt>
      <trkpt lat="44.15867" lon="-73.72046">
        <ele>1323.96</ele>
        <time>2026-04-11T17:06:06Z</time>
      </trkpt>
      <trkpt lat="44.15868" lon="-73.72047">
        <ele>1324.08</ele>
        <time>2026-04-11T17:06:12Z</time>
      </trkpt>
      <trkpt lat="44.15867" lon="-73.72048">
        <ele>1323.54</ele>
        <time>2026-04-11T17:06:16Z</time>
      </trkpt>
      <trkpt lat="44.15866" lon="-73.72049">
        <ele>1323.0</ele>
        <time>2026-04-11T17:06:19Z</time>
      </trkpt>
      <trkpt lat="44.15864" lon="-73.72051">
        <ele>1321.92</ele>
        <time>2026-04-11T17:06:27Z</time>
      </trkpt>
      <trkpt lat="44.15864" lon="-73.72051">
        <ele>1321.92</ele>
        <time>2026-04-11T17:06:36Z</time>
      </trkpt>
      <trkpt lat="44.15864" lon="-73.72051">
        <ele>1321.92</ele>
        <time>2026-04-11T17:06:43Z</time>
      </trkpt>
      <trkpt lat="44.15863" lon="-73.72052">
        <ele>1321.38</ele>
        <time>2026-04-11T17:07:29Z</time>
      </trkpt>
      <trkpt lat="44.15862" lon="-73.72051">
        <ele>1321.27</ele>
        <time>2026-04-11T17:07:36Z</time>
      </trkpt>
      <trkpt lat="44.15861" lon="-73.72051">
        <ele>1320.94</ele>
        <time>2026-04-11T17:07:42Z</time>
      </trkpt>
      <trkpt lat="44.1586" lon="-73.72051">
        <ele>1320.56</ele>
        <time>2026-04-11T17:07:45Z</time>
      </trkpt>
      <trkpt lat="44.15859" lon="-73.72053">
        <ele>1319.81</ele>
        <time>2026-04-11T17:07:51Z</time>
      </trkpt>
      <trkpt lat="44.15859" lon="-73.72053">
        <ele>1319.81</ele>
        <time>2026-04-11T17:07:52Z</time>
      </trkpt>
      <trkpt lat="44.15859" lon="-73.72057">
        <ele>1318.88</ele>
        <time>2026-04-11T17:07:59Z</time>
      </trkpt>
      <trkpt lat="44.15856" lon="-73.72057">
        <ele>1317.96</ele>
        <time>2026-04-11T17:08:05Z</time>
      </trkpt>
      <trkpt lat="44.15853" lon="-73.72057">
        <ele>1317.04</ele>
        <time>2026-04-11T17:08:09Z</time>
      </trkpt>
      <trkpt lat="44.15853" lon="-73.72057">
        <ele>1317.04</ele>
        <time>2026-04-11T17:08:10Z</time>
      </trkpt>
      <trkpt lat="44.1585" lon="-73.72056">
        <ele>1316.5</ele>
        <time>2026-04-11T17:08:14Z</time>
      </trkpt>
      <trkpt lat="44.15849" lon="-73.72057">
        <ele>1316.07</ele>
        <time>2026-04-11T17:08:16Z</time>
      </trkpt>
      <trkpt lat="44.15848" lon="-73.72057">
        <ele>1315.86</ele>
        <time>2026-04-11T17:08:17Z</time>
      </trkpt>
      <trkpt lat="44.15845" lon="-73.72059">
        <ele>1314.78</ele>
        <time>2026-04-11T17:08:24Z</time>
      </trkpt>
      <trkpt lat="44.15844" lon="-73.7206">
        <ele>1314.34</ele>
        <time>2026-04-11T17:08:25Z</time>
      </trkpt>
      <trkpt lat="44.15841" lon="-73.72061">
        <ele>1313.41</ele>
        <time>2026-04-11T17:08:30Z</time>
      </trkpt>
      <trkpt lat="44.15838" lon="-73.72061">
        <ele>1312.63</ele>
        <time>2026-04-11T17:08:33Z</time>
      </trkpt>
      <trkpt lat="44.15835" lon="-73.7206">
        <ele>1311.97</ele>
        <time>2026-04-11T17:08:36Z</time>
      </trkpt>
      <trkpt lat="44.1583" lon="-73.72064">
        <ele>1310.37</ele>
        <time>2026-04-11T17:08:41Z</time>
      </trkpt>
      <trkpt lat="44.15829" lon="-73.72066">
        <ele>1309.87</ele>
        <time>2026-04-11T17:08:44Z</time>
      </trkpt>
      <trkpt lat="44.15829" lon="-73.72066">
        <ele>1309.87</ele>
        <time>2026-04-11T17:08:50Z</time>
      </trkpt>
      <trkpt lat="44.15827" lon="-73.72067">
        <ele>1309.32</ele>
        <time>2026-04-11T17:08:56Z</time>
      </trkpt>
      <trkpt lat="44.15827" lon="-73.72067">
        <ele>1309.32</ele>
        <time>2026-04-11T17:08:58Z</time>
      </trkpt>
      <trkpt lat="44.15827" lon="-73.72071">
        <ele>1308.75</ele>
        <time>2026-04-11T17:09:03Z</time>
      </trkpt>
      <trkpt lat="44.15827" lon="-73.72072">
        <ele>1308.61</ele>
        <time>2026-04-11T17:09:04Z</time>
      </trkpt>
      <trkpt lat="44.15826" lon="-73.72073">
        <ele>1308.35</ele>
        <time>2026-04-11T17:09:07Z</time>
      </trkpt>
      <trkpt lat="44.15824" lon="-73.72076">
        <ele>1307.36</ele>
        <time>2026-04-11T17:09:12Z</time>
      </trkpt>
      <trkpt lat="44.15821" lon="-73.72078">
        <ele>1306.2</ele>
        <time>2026-04-11T17:09:14Z</time>
      </trkpt>
      <trkpt lat="44.15815" lon="-73.72082">
        <ele>1304.31</ele>
        <time>2026-04-11T17:09:20Z</time>
      </trkpt>
      <trkpt lat="44.1581" lon="-73.72085">
        <ele>1303.21</ele>
        <time>2026-04-11T17:09:26Z</time>
      </trkpt>
      <trkpt lat="44.15802" lon="-73.7209">
        <ele>1301.9</ele>
        <time>2026-04-11T17:09:35Z</time>
      </trkpt>
      <trkpt lat="44.15795" lon="-73.72096">
        <ele>1300.04</ele>
        <time>2026-04-11T17:09:44Z</time>
      </trkpt>
      <trkpt lat="44.15792" lon="-73.72097">
        <ele>1299.34</ele>
        <time>2026-04-11T17:09:48Z</time>
      </trkpt>
      <trkpt lat="44.15789" lon="-73.72099">
        <ele>1298.59</ele>
        <time>2026-04-11T17:09:53Z</time>
      </trkpt>
      <trkpt lat="44.1579" lon="-73.721">
        <ele>1298.58</ele>
        <time>2026-04-11T17:09:56Z</time>
      </trkpt>
      <trkpt lat="44.15789" lon="-73.721">
        <ele>1298.45</ele>
        <time>2026-04-11T17:09:58Z</time>
      </trkpt>
      <trkpt lat="44.1579" lon="-73.721">
        <ele>1298.58</ele>
        <time>2026-04-11T17:10:01Z</time>
      </trkpt>
      <trkpt lat="44.1579" lon="-73.72101">
        <ele>1298.44</ele>
        <time>2026-04-11T17:10:06Z</time>
      </trkpt>
      <trkpt lat="44.15789" lon="-73.72102">
        <ele>1298.16</ele>
        <time>2026-04-11T17:10:09Z</time>
      </trkpt>
      <trkpt lat="44.15789" lon="-73.72102">
        <ele>1298.16</ele>
        <time>2026-04-11T17:10:10Z</time>
      </trkpt>
      <trkpt lat="44.15789" lon="-73.72102">
        <ele>1298.16</ele>
        <time>2026-04-11T17:10:14Z</time>
      </trkpt>
      <trkpt lat="44.15789" lon="-73.72102">
        <ele>1298.16</ele>
        <time>2026-04-11T17:10:18Z</time>
      </trkpt>
      <trkpt lat="44.15788" lon="-73.72102">
        <ele>1298.06</ele>
        <time>2026-04-11T17:10:19Z</time>
      </trkpt>
      <trkpt lat="44.15787" lon="-73.72103">
        <ele>1297.62</ele>
        <time>2026-04-11T17:10:21Z</time>
      </trkpt>
      <trkpt lat="44.15785" lon="-73.72101">
        <ele>1297.87</ele>
        <time>2026-04-11T17:10:31Z</time>
      </trkpt>
      <trkpt lat="44.15786" lon="-73.72102">
        <ele>1297.84</ele>
        <time>2026-04-11T17:10:34Z</time>
      </trkpt>
      <trkpt lat="44.15786" lon="-73.72103">
        <ele>1297.53</ele>
        <time>2026-04-11T17:10:39Z</time>
      </trkpt>
      <trkpt lat="44.15782" lon="-73.72102">
        <ele>1297.42</ele>
        <time>2026-04-11T17:10:46Z</time>
      </trkpt>
      <trkpt lat="44.1578" lon="-73.72103">
        <ele>1296.96</ele>
        <time>2026-04-11T17:10:49Z</time>
      </trkpt>
      <trkpt lat="44.15776" lon="-73.72105">
        <ele>1296.19</ele>
        <time>2026-04-11T17:10:53Z</time>
      </trkpt>
      <trkpt lat="44.15773" lon="-73.72108">
        <ele>1295.5</ele>
        <time>2026-04-11T17:10:58Z</time>
      </trkpt>
      <trkpt lat="44.15773" lon="-73.72108">
        <ele>1295.5</ele>
        <time>2026-04-11T17:11:00Z</time>
      </trkpt>
      <trkpt lat="44.1577" lon="-73.72111">
        <ele>1295.01</ele>
        <time>2026-04-11T17:11:06Z</time>
      </trkpt>
      <trkpt lat="44.1577" lon="-73.72112">
        <ele>1294.89</ele>
        <time>2026-04-11T17:11:07Z</time>
      </trkpt>
      <trkpt lat="44.15769" lon="-73.72114">
        <ele>1294.67</ele>
        <time>2026-04-11T17:11:11Z</time>
      </trkpt>
      <trkpt lat="44.15765" lon="-73.72119">
        <ele>1294.15</ele>
        <time>2026-04-11T17:11:17Z</time>
      </trkpt>
      <trkpt lat="44.15764" lon="-73.72119">
        <ele>1294.15</ele>
        <time>2026-04-11T17:11:18Z</time>
      </trkpt>
      <trkpt lat="44.15757" lon="-73.72121">
        <ele>1293.64</ele>
        <time>2026-04-11T17:11:25Z</time>
      </trkpt>
      <trkpt lat="44.15747" lon="-73.72124">
        <ele>1292.28</ele>
        <time>2026-04-11T17:11:35Z</time>
      </trkpt>
      <trkpt lat="44.15742" lon="-73.72127">
        <ele>1291.42</ele>
        <time>2026-04-11T17:11:40Z</time>
      </trkpt>
      <trkpt lat="44.15737" lon="-73.72131">
        <ele>1289.96</ele>
        <time>2026-04-11T17:11:45Z</time>
      </trkpt>
      <trkpt lat="44.15729" lon="-73.72135">
        <ele>1287.66</ele>
        <time>2026-04-11T17:11:54Z</time>
      </trkpt>
      <trkpt lat="44.15725" lon="-73.72139">
        <ele>1286.58</ele>
        <time>2026-04-11T17:12:01Z</time>
      </trkpt>
      <trkpt lat="44.15724" lon="-73.7214">
        <ele>1286.24</ele>
        <time>2026-04-11T17:12:03Z</time>
      </trkpt>
      <trkpt lat="44.15724" lon="-73.72141">
        <ele>1286.11</ele>
        <time>2026-04-11T17:12:04Z</time>
      </trkpt>
      <trkpt lat="44.15722" lon="-73.72141">
        <ele>1285.68</ele>
        <time>2026-04-11T17:12:11Z</time>
      </trkpt>
      <trkpt lat="44.15721" lon="-73.72142">
        <ele>1285.18</ele>
        <time>2026-04-11T17:12:13Z</time>
      </trkpt>
      <trkpt lat="44.1572" lon="-73.72144">
        <ele>1284.62</ele>
        <time>2026-04-11T17:12:16Z</time>
      </trkpt>
      <trkpt lat="44.1572" lon="-73.72145">
        <ele>1284.54</ele>
        <time>2026-04-11T17:12:20Z</time>
      </trkpt>
      <trkpt lat="44.1572" lon="-73.72145">
        <ele>1284.54</ele>
        <time>2026-04-11T17:12:32Z</time>
      </trkpt>
      <trkpt lat="44.1572" lon="-73.72145">
        <ele>1284.54</ele>
        <time>2026-04-11T17:12:33Z</time>
      </trkpt>
      <trkpt lat="44.1572" lon="-73.72147">
        <ele>1284.37</ele>
        <time>2026-04-11T17:12:34Z</time>
      </trkpt>
      <trkpt lat="44.15719" lon="-73.72149">
        <ele>1283.9</ele>
        <time>2026-04-11T17:12:41Z</time>
      </trkpt>
      <trkpt lat="44.15719" lon="-73.7215">
        <ele>1283.83</ele>
        <time>2026-04-11T17:12:43Z</time>
      </trkpt>
      <trkpt lat="44.1572" lon="-73.72152">
        <ele>1283.96</ele>
        <time>2026-04-11T17:12:46Z</time>
      </trkpt>
      <trkpt lat="44.15721" lon="-73.72154">
        <ele>1284.06</ele>
        <time>2026-04-11T17:12:50Z</time>
      </trkpt>
      <trkpt lat="44.15721" lon="-73.72155">
        <ele>1283.96</ele>
        <time>2026-04-11T17:12:53Z</time>
      </trkpt>
      <trkpt lat="44.15721" lon="-73.72157">
        <ele>1283.77</ele>
        <time>2026-04-11T17:12:57Z</time>
      </trkpt>
      <trkpt lat="44.15721" lon="-73.7216">
        <ele>1283.21</ele>
        <time>2026-04-11T17:13:00Z</time>
      </trkpt>
      <trkpt lat="44.1572" lon="-73.72162">
        <ele>1282.65</ele>
        <time>2026-04-11T17:13:02Z</time>
      </trkpt>
      <trkpt lat="44.1572" lon="-73.72163">
        <ele>1282.46</ele>
        <time>2026-04-11T17:13:03Z</time>
      </trkpt>
      <trkpt lat="44.15718" lon="-73.72167">
        <ele>1281.49</ele>
        <time>2026-04-11T17:13:08Z</time>
      </trkpt>
      <trkpt lat="44.15718" lon="-73.72168">
        <ele>1281.32</ele>
        <time>2026-04-11T17:13:12Z</time>
      </trkpt>
      <trkpt lat="44.15718" lon="-73.72171">
        <ele>1280.82</ele>
        <time>2026-04-11T17:13:16Z</time>
      </trkpt>
      <trkpt lat="44.15717" lon="-73.72174">
        <ele>1280.3</ele>
        <time>2026-04-11T17:13:20Z</time>
      </trkpt>
      <trkpt lat="44.15716" lon="-73.72175">
        <ele>1280.13</ele>
        <time>2026-04-11T17:13:21Z</time>
      </trkpt>
      <trkpt lat="44.15715" lon="-73.72178">
        <ele>1279.55</ele>
        <time>2026-04-11T17:13:25Z</time>
      </trkpt>
      <trkpt lat="44.15715" lon="-73.72179">
        <ele>1279.34</ele>
        <time>2026-04-11T17:13:27Z</time>
      </trkpt>
      <trkpt lat="44.15715" lon="-73.7218">
        <ele>1279.12</ele>
        <time>2026-04-11T17:13:28Z</time>
      </trkpt>
      <trkpt lat="44.15714" lon="-73.72184">
        <ele>1278.26</ele>
        <time>2026-04-11T17:13:31Z</time>
      </trkpt>
      <trkpt lat="44.15709" lon="-73.72186">
        <ele>1278.34</ele>
        <time>2026-04-11T17:13:35Z</time>
      </trkpt>
      <trkpt lat="44.157" lon="-73.7219">
        <ele>1277.89</ele>
        <time>2026-04-11T17:13:42Z</time>
      </trkpt>
      <trkpt lat="44.15695" lon="-73.72195">
        <ele>1277.06</ele>
        <time>2026-04-11T17:13:48Z</time>
      </trkpt>
      <trkpt lat="44.15691" lon="-73.72205">
        <ele>1276.63</ele>
        <time>2026-04-11T17:13:56Z</time>
      </trkpt>
      <trkpt lat="44.15685" lon="-73.72215">
        <ele>1276.22</ele>
        <time>2026-04-11T17:14:06Z</time>
      </trkpt>
      <trkpt lat="44.15679" lon="-73.72224">
        <ele>1276.46</ele>
        <time>2026-04-11T17:14:14Z</time>
      </trkpt>
      <trkpt lat="44.15677" lon="-73.72233">
        <ele>1276.98</ele>
        <time>2026-04-11T17:14:21Z</time>
      </trkpt>
      <trkpt lat="44.15672" lon="-73.72243">
        <ele>1276.58</ele>
        <time>2026-04-11T17:14:30Z</time>
      </trkpt>
      <trkpt lat="44.15671" lon="-73.72248">
        <ele>1276.47</ele>
        <time>2026-04-11T17:14:37Z</time>
      </trkpt>
      <trkpt lat="44.15668" lon="-73.72255">
        <ele>1275.99</ele>
        <time>2026-04-11T17:14:44Z</time>
      </trkpt>
      <trkpt lat="44.15661" lon="-73.72261">
        <ele>1276.0</ele>
        <time>2026-04-11T17:14:53Z</time>
      </trkpt>
      <trkpt lat="44.15655" lon="-73.7227">
        <ele>1276.0</ele>
        <time>2026-04-11T17:15:01Z</time>
      </trkpt>
      <trkpt lat="44.15654" lon="-73.72275">
        <ele>1276.0</ele>
        <time>2026-04-11T17:15:05Z</time>
      </trkpt>
      <trkpt lat="44.15654" lon="-73.72277">
        <ele>1276.0</ele>
        <time>2026-04-11T17:15:07Z</time>
      </trkpt>
      <trkpt lat="44.15654" lon="-73.72281">
        <ele>1275.78</ele>
        <time>2026-04-11T17:15:10Z</time>
      </trkpt>
      <trkpt lat="44.15651" lon="-73.72286">
        <ele>1275.73</ele>
        <time>2026-04-11T17:15:16Z</time>
      </trkpt>
      <trkpt lat="44.15649" lon="-73.72287">
        <ele>1275.91</ele>
        <time>2026-04-11T17:15:18Z</time>
      </trkpt>
      <trkpt lat="44.1564" lon="-73.7229">
        <ele>1276.0</ele>
        <time>2026-04-11T17:15:28Z</time>
      </trkpt>
      <trkpt lat="44.15639" lon="-73.72289">
        <ele>1276.0</ele>
        <time>2026-04-11T17:15:34Z</time>
      </trkpt>
      <trkpt lat="44.15637" lon="-73.7229">
        <ele>1276.07</ele>
        <time>2026-04-11T17:15:37Z</time>
      </trkpt>
      <trkpt lat="44.15634" lon="-73.72292">
        <ele>1276.28</ele>
        <time>2026-04-11T17:15:40Z</time>
      </trkpt>
      <trkpt lat="44.15633" lon="-73.72294">
        <ele>1276.48</ele>
        <time>2026-04-11T17:15:43Z</time>
      </trkpt>
      <trkpt lat="44.15632" lon="-73.72295">
        <ele>1276.64</ele>
        <time>2026-04-11T17:15:44Z</time>
      </trkpt>
      <trkpt lat="44.15631" lon="-73.72296">
        <ele>1276.82</ele>
        <time>2026-04-11T17:15:46Z</time>
      </trkpt>
      <trkpt lat="44.15628" lon="-73.72299">
        <ele>1276.88</ele>
        <time>2026-04-11T17:15:53Z</time>
      </trkpt>
      <trkpt lat="44.15627" lon="-73.723">
        <ele>1276.83</ele>
        <time>2026-04-11T17:15:54Z</time>
      </trkpt>
      <trkpt lat="44.15623" lon="-73.72306">
        <ele>1276.99</ele>
        <time>2026-04-11T17:16:02Z</time>
      </trkpt>
      <trkpt lat="44.15622" lon="-73.72306">
        <ele>1276.99</ele>
        <time>2026-04-11T17:16:03Z</time>
      </trkpt>
      <trkpt lat="44.15617" lon="-73.72307">
        <ele>1276.75</ele>
        <time>2026-04-11T17:16:12Z</time>
      </trkpt>
      <trkpt lat="44.15615" lon="-73.72308">
        <ele>1276.73</ele>
        <time>2026-04-11T17:16:15Z</time>
      </trkpt>
      <trkpt lat="44.15613" lon="-73.72309">
        <ele>1276.8</ele>
        <time>2026-04-11T17:16:18Z</time>
      </trkpt>
      <trkpt lat="44.15612" lon="-73.72312">
        <ele>1277.35</ele>
        <time>2026-04-11T17:16:21Z</time>
      </trkpt>
      <trkpt lat="44.15614" lon="-73.7232">
        <ele>1278.07</ele>
        <time>2026-04-11T17:16:28Z</time>
      </trkpt>
      <trkpt lat="44.15615" lon="-73.72324">
        <ele>1278.16</ele>
        <time>2026-04-11T17:16:32Z</time>
      </trkpt>
      <trkpt lat="44.15614" lon="-73.7233">
        <ele>1277.74</ele>
        <time>2026-04-11T17:16:37Z</time>
      </trkpt>
      <trkpt lat="44.15609" lon="-73.7234">
        <ele>1278.46</ele>
        <time>2026-04-11T17:16:48Z</time>
      </trkpt>
      <trkpt lat="44.1561" lon="-73.72345">
        <ele>1277.98</ele>
        <time>2026-04-11T17:16:58Z</time>
      </trkpt>
      <trkpt lat="44.1561" lon="-73.72344">
        <ele>1278.09</ele>
        <time>2026-04-11T17:16:59Z</time>
      </trkpt>
      <trkpt lat="44.1561" lon="-73.72345">
        <ele>1277.98</ele>
        <time>2026-04-11T17:17:04Z</time>
      </trkpt>
      <trkpt lat="44.15611" lon="-73.72347">
        <ele>1277.55</ele>
        <time>2026-04-11T17:17:07Z</time>
      </trkpt>
      <trkpt lat="44.1561" lon="-73.7235">
        <ele>1277.44</ele>
        <time>2026-04-11T17:17:16Z</time>
      </trkpt>
      <trkpt lat="44.15609" lon="-73.72352">
        <ele>1277.43</ele>
        <time>2026-04-11T17:17:30Z</time>
      </trkpt>
      <trkpt lat="44.15609" lon="-73.72353">
        <ele>1277.24</ele>
        <time>2026-04-11T17:17:31Z</time>
      </trkpt>
      <trkpt lat="44.1561" lon="-73.72355">
        <ele>1276.6</ele>
        <time>2026-04-11T17:17:37Z</time>
      </trkpt>
      <trkpt lat="44.1561" lon="-73.72356">
        <ele>1276.4</ele>
        <time>2026-04-11T17:17:39Z</time>
      </trkpt>
      <trkpt lat="44.15608" lon="-73.7236">
        <ele>1276.21</ele>
        <time>2026-04-11T17:17:45Z</time>
      </trkpt>
      <trkpt lat="44.15606" lon="-73.72362">
        <ele>1276.46</ele>
        <time>2026-04-11T17:17:52Z</time>
      </trkpt>
      <trkpt lat="44.15605" lon="-73.72362">
        <ele>1276.79</ele>
        <time>2026-04-11T17:17:55Z</time>
      </trkpt>
      <trkpt lat="44.15602" lon="-73.72364">
        <ele>1277.33</ele>
        <time>2026-04-11T17:17:58Z</time>
      </trkpt>
      <trkpt lat="44.15602" lon="-73.72364">
        <ele>1277.33</ele>
        <time>2026-04-11T17:17:59Z</time>
      </trkpt>
      <trkpt lat="44.15601" lon="-73.72366">
        <ele>1277.27</ele>
        <time>2026-04-11T17:18:06Z</time>
      </trkpt>
      <trkpt lat="44.15599" lon="-73.72371">
        <ele>1277.08</ele>
        <time>2026-04-11T17:18:13Z</time>
      </trkpt>
      <trkpt lat="44.15599" lon="-73.72372">
        <ele>1276.83</ele>
        <time>2026-04-11T17:18:14Z</time>
      </trkpt>
      <trkpt lat="44.15598" lon="-73.72374">
        <ele>1276.72</ele>
        <time>2026-04-11T17:18:19Z</time>
      </trkpt>
      <trkpt lat="44.15597" lon="-73.72375">
        <ele>1276.83</ele>
        <time>2026-04-11T17:18:21Z</time>
      </trkpt>
      <trkpt lat="44.15596" lon="-73.72376">
        <ele>1276.93</ele>
        <time>2026-04-11T17:18:26Z</time>
      </trkpt>
      <trkpt lat="44.15596" lon="-73.72376">
        <ele>1276.93</ele>
        <time>2026-04-11T17:18:27Z</time>
      </trkpt>
      <trkpt lat="44.15596" lon="-73.72377">
        <ele>1276.64</ele>
        <time>2026-04-11T17:18:42Z</time>
      </trkpt>
      <trkpt lat="44.15593" lon="-73.72379">
        <ele>1277.07</ele>
        <time>2026-04-11T17:18:47Z</time>
      </trkpt>
      <trkpt lat="44.15592" lon="-73.7238">
        <ele>1277.11</ele>
        <time>2026-04-11T17:18:50Z</time>
      </trkpt>
      <trkpt lat="44.15587" lon="-73.72382">
        <ele>1278.3</ele>
        <time>2026-04-11T17:18:56Z</time>
      </trkpt>
      <trkpt lat="44.15586" lon="-73.72383">
        <ele>1278.41</ele>
        <time>2026-04-11T17:18:57Z</time>
      </trkpt>
      <trkpt lat="44.15581" lon="-73.72391">
        <ele>1277.63</ele>
        <time>2026-04-11T17:19:06Z</time>
      </trkpt>
      <trkpt lat="44.15581" lon="-73.72397">
        <ele>1275.84</ele>
        <time>2026-04-11T17:19:14Z</time>
      </trkpt>
      <trkpt lat="44.15581" lon="-73.72396">
        <ele>1276.14</ele>
        <time>2026-04-11T17:19:17Z</time>
      </trkpt>
      <trkpt lat="44.15581" lon="-73.72398">
        <ele>1275.55</ele>
        <time>2026-04-11T17:19:20Z</time>
      </trkpt>
      <trkpt lat="44.1558" lon="-73.724">
        <ele>1275.12</ele>
        <time>2026-04-11T17:19:23Z</time>
      </trkpt>
      <trkpt lat="44.1558" lon="-73.72401">
        <ele>1274.8</ele>
        <time>2026-04-11T17:19:29Z</time>
      </trkpt>
      <trkpt lat="44.15578" lon="-73.72402">
        <ele>1274.9</ele>
        <time>2026-04-11T17:19:36Z</time>
      </trkpt>
      <trkpt lat="44.15576" lon="-73.72403">
        <ele>1275.01</ele>
        <time>2026-04-11T17:19:41Z</time>
      </trkpt>
      <trkpt lat="44.15574" lon="-73.72404">
        <ele>1275.11</ele>
        <time>2026-04-11T17:19:44Z</time>
      </trkpt>
      <trkpt lat="44.1557" lon="-73.72401">
        <ele>1276.21</ele>
        <time>2026-04-11T17:19:50Z</time>
      </trkpt>
      <trkpt lat="44.1557" lon="-73.724">
        <ele>1276.49</ele>
        <time>2026-04-11T17:19:51Z</time>
      </trkpt>
      <trkpt lat="44.15569" lon="-73.72399">
        <ele>1276.77</ele>
        <time>2026-04-11T17:19:53Z</time>
      </trkpt>
      <trkpt lat="44.15567" lon="-73.72398">
        <ele>1277.03</ele>
        <time>2026-04-11T17:19:56Z</time>
      </trkpt>
      <trkpt lat="44.15564" lon="-73.72396">
        <ele>1277.42</ele>
        <time>2026-04-11T17:19:59Z</time>
      </trkpt>
      <trkpt lat="44.1556" lon="-73.72395">
        <ele>1277.33</ele>
        <time>2026-04-11T17:20:03Z</time>
      </trkpt>
      <trkpt lat="44.15556" lon="-73.72395">
        <ele>1277.03</ele>
        <time>2026-04-11T17:20:07Z</time>
      </trkpt>
      <trkpt lat="44.15555" lon="-73.72397">
        <ele>1276.81</ele>
        <time>2026-04-11T17:20:10Z</time>
      </trkpt>
      <trkpt lat="44.15555" lon="-73.72398">
        <ele>1276.82</ele>
        <time>2026-04-11T17:20:11Z</time>
      </trkpt>
      <trkpt lat="44.15555" lon="-73.72401">
        <ele>1276.55</ele>
        <time>2026-04-11T17:20:14Z</time>
      </trkpt>
      <trkpt lat="44.15555" lon="-73.72402">
        <ele>1276.45</ele>
        <time>2026-04-11T17:20:15Z</time>
      </trkpt>
      <trkpt lat="44.15556" lon="-73.7241">
        <ele>1275.39</ele>
        <time>2026-04-11T17:20:22Z</time>
      </trkpt>
      <trkpt lat="44.15555" lon="-73.72415">
        <ele>1274.35</ele>
        <time>2026-04-11T17:20:27Z</time>
      </trkpt>
      <trkpt lat="44.15554" lon="-73.72419">
        <ele>1273.75</ele>
        <time>2026-04-11T17:20:30Z</time>
      </trkpt>
      <trkpt lat="44.15549" lon="-73.72424">
        <ele>1273.21</ele>
        <time>2026-04-11T17:20:37Z</time>
      </trkpt>
      <trkpt lat="44.15548" lon="-73.72425">
        <ele>1273.1</ele>
        <time>2026-04-11T17:20:40Z</time>
      </trkpt>
      <trkpt lat="44.15547" lon="-73.72428">
        <ele>1272.53</ele>
        <time>2026-04-11T17:20:46Z</time>
      </trkpt>
      <trkpt lat="44.15546" lon="-73.72429">
        <ele>1272.31</ele>
        <time>2026-04-11T17:20:48Z</time>
      </trkpt>
      <trkpt lat="44.15545" lon="-73.7243">
        <ele>1272.04</ele>
        <time>2026-04-11T17:20:50Z</time>
      </trkpt>
      <trkpt lat="44.15543" lon="-73.72433">
        <ele>1271.39</ele>
        <time>2026-04-11T17:20:58Z</time>
      </trkpt>
      <trkpt lat="44.15541" lon="-73.72436">
        <ele>1270.7</ele>
        <time>2026-04-11T17:21:06Z</time>
      </trkpt>
      <trkpt lat="44.15542" lon="-73.72436">
        <ele>1270.69</ele>
        <time>2026-04-11T17:21:07Z</time>
      </trkpt>
      <trkpt lat="44.15542" lon="-73.72439">
        <ele>1269.54</ele>
        <time>2026-04-11T17:21:11Z</time>
      </trkpt>
      <trkpt lat="44.15542" lon="-73.72441">
        <ele>1268.78</ele>
        <time>2026-04-11T17:21:15Z</time>
      </trkpt>
      <trkpt lat="44.15542" lon="-73.72441">
        <ele>1268.78</ele>
        <time>2026-04-11T17:21:16Z</time>
      </trkpt>
      <trkpt lat="44.15539" lon="-73.72444">
        <ele>1267.94</ele>
        <time>2026-04-11T17:21:23Z</time>
      </trkpt>
      <trkpt lat="44.15539" lon="-73.72445">
        <ele>1267.56</ele>
        <time>2026-04-11T17:21:24Z</time>
      </trkpt>
      <trkpt lat="44.15536" lon="-73.72448">
        <ele>1266.28</ele>
        <time>2026-04-11T17:21:30Z</time>
      </trkpt>
      <trkpt lat="44.15536" lon="-73.72449">
        <ele>1265.86</ele>
        <time>2026-04-11T17:21:32Z</time>
      </trkpt>
      <trkpt lat="44.15535" lon="-73.7245">
        <ele>1265.29</ele>
        <time>2026-04-11T17:21:36Z</time>
      </trkpt>
      <trkpt lat="44.15534" lon="-73.72451">
        <ele>1264.74</ele>
        <time>2026-04-11T17:21:41Z</time>
      </trkpt>
      <trkpt lat="44.15534" lon="-73.72451">
        <ele>1264.74</ele>
        <time>2026-04-11T17:21:42Z</time>
      </trkpt>
      <trkpt lat="44.15532" lon="-73.72453">
        <ele>1263.72</ele>
        <time>2026-04-11T17:21:49Z</time>
      </trkpt>
      <trkpt lat="44.15531" lon="-73.72457">
        <ele>1262.28</ele>
        <time>2026-04-11T17:21:53Z</time>
      </trkpt>
      <trkpt lat="44.1553" lon="-73.7246">
        <ele>1261.2</ele>
        <time>2026-04-11T17:21:57Z</time>
      </trkpt>
      <trkpt lat="44.1553" lon="-73.72462">
        <ele>1260.55</ele>
        <time>2026-04-11T17:21:59Z</time>
      </trkpt>
      <trkpt lat="44.15529" lon="-73.72463">
        <ele>1260.12</ele>
        <time>2026-04-11T17:22:01Z</time>
      </trkpt>
      <trkpt lat="44.15528" lon="-73.72469">
        <ele>1258.7</ele>
        <time>2026-04-11T17:22:09Z</time>
      </trkpt>
      <trkpt lat="44.15528" lon="-73.72469">
        <ele>1258.7</ele>
        <time>2026-04-11T17:22:10Z</time>
      </trkpt>
      <trkpt lat="44.15526" lon="-73.72474">
        <ele>1257.23</ele>
        <time>2026-04-11T17:22:17Z</time>
      </trkpt>
      <trkpt lat="44.15525" lon="-73.72476">
        <ele>1256.48</ele>
        <time>2026-04-11T17:22:19Z</time>
      </trkpt>
      <trkpt lat="44.15523" lon="-73.7248">
        <ele>1254.96</ele>
        <time>2026-04-11T17:22:24Z</time>
      </trkpt>
      <trkpt lat="44.15521" lon="-73.72486">
        <ele>1253.29</ele>
        <time>2026-04-11T17:22:29Z</time>
      </trkpt>
      <trkpt lat="44.1552" lon="-73.72489">
        <ele>1252.54</ele>
        <time>2026-04-11T17:22:32Z</time>
      </trkpt>
      <trkpt lat="44.15516" lon="-73.72493">
        <ele>1251.24</ele>
        <time>2026-04-11T17:22:38Z</time>
      </trkpt>
      <trkpt lat="44.15516" lon="-73.72495">
        <ele>1250.81</ele>
        <time>2026-04-11T17:22:41Z</time>
      </trkpt>
      <trkpt lat="44.15516" lon="-73.72495">
        <ele>1250.81</ele>
        <time>2026-04-11T17:22:45Z</time>
      </trkpt>
      <trkpt lat="44.15514" lon="-73.72497">
        <ele>1250.16</ele>
        <time>2026-04-11T17:22:53Z</time>
      </trkpt>
      <trkpt lat="44.15514" lon="-73.72498">
        <ele>1249.94</ele>
        <time>2026-04-11T17:22:54Z</time>
      </trkpt>
      <trkpt lat="44.15514" lon="-73.725">
        <ele>1249.51</ele>
        <time>2026-04-11T17:22:57Z</time>
      </trkpt>
      <trkpt lat="44.15513" lon="-73.72503">
        <ele>1248.76</ele>
        <time>2026-04-11T17:22:59Z</time>
      </trkpt>
      <trkpt lat="44.15513" lon="-73.72506">
        <ele>1248.11</ele>
        <time>2026-04-11T17:23:02Z</time>
      </trkpt>
      <trkpt lat="44.15512" lon="-73.72507">
        <ele>1247.78</ele>
        <time>2026-04-11T17:23:03Z</time>
      </trkpt>
      <trkpt lat="44.15507" lon="-73.72513">
        <ele>1246.05</ele>
        <time>2026-04-11T17:23:11Z</time>
      </trkpt>
      <trkpt lat="44.15506" lon="-73.72516">
        <ele>1245.45</ele>
        <time>2026-04-11T17:23:20Z</time>
      </trkpt>
      <trkpt lat="44.15506" lon="-73.72519">
        <ele>1244.9</ele>
        <time>2026-04-11T17:23:24Z</time>
      </trkpt>
      <trkpt lat="44.15506" lon="-73.72522">
        <ele>1244.25</ele>
        <time>2026-04-11T17:23:27Z</time>
      </trkpt>
      <trkpt lat="44.15505" lon="-73.72524">
        <ele>1243.82</ele>
        <time>2026-04-11T17:23:29Z</time>
      </trkpt>
      <trkpt lat="44.15505" lon="-73.7253">
        <ele>1242.52</ele>
        <time>2026-04-11T17:23:35Z</time>
      </trkpt>
      <trkpt lat="44.15504" lon="-73.72531">
        <ele>1242.3</ele>
        <time>2026-04-11T17:23:37Z</time>
      </trkpt>
      <trkpt lat="44.15503" lon="-73.72533">
        <ele>1241.87</ele>
        <time>2026-04-11T17:23:42Z</time>
      </trkpt>
      <trkpt lat="44.15503" lon="-73.72533">
        <ele>1241.87</ele>
        <time>2026-04-11T17:23:45Z</time>
      </trkpt>
      <trkpt lat="44.15503" lon="-73.72533">
        <ele>1241.87</ele>
        <time>2026-04-11T17:23:53Z</time>
      </trkpt>
      <trkpt lat="44.15503" lon="-73.72533">
        <ele>1241.87</ele>
        <time>2026-04-11T17:24:00Z</time>
      </trkpt>
      <trkpt lat="44.15503" lon="-73.72534">
        <ele>1241.66</ele>
        <time>2026-04-11T17:24:02Z</time>
      </trkpt>
      <trkpt lat="44.15503" lon="-73.72536">
        <ele>1241.22</ele>
        <time>2026-04-11T17:24:05Z</time>
      </trkpt>
      <trkpt lat="44.15504" lon="-73.72536">
        <ele>1241.22</ele>
        <time>2026-04-11T17:24:07Z</time>
      </trkpt>
      <trkpt lat="44.15504" lon="-73.72538">
        <ele>1240.79</ele>
        <time>2026-04-11T17:24:12Z</time>
      </trkpt>
      <trkpt lat="44.15504" lon="-73.72538">
        <ele>1240.79</ele>
        <time>2026-04-11T17:24:13Z</time>
      </trkpt>
      <trkpt lat="44.15505" lon="-73.72541">
        <ele>1240.14</ele>
        <time>2026-04-11T17:24:18Z</time>
      </trkpt>
      <trkpt lat="44.15504" lon="-73.72541">
        <ele>1240.14</ele>
        <time>2026-04-11T17:24:20Z</time>
      </trkpt>
      <trkpt lat="44.15503" lon="-73.72543">
        <ele>1239.71</ele>
        <time>2026-04-11T17:24:24Z</time>
      </trkpt>
      <trkpt lat="44.15502" lon="-73.72548">
        <ele>1238.45</ele>
        <time>2026-04-11T17:24:29Z</time>
      </trkpt>
      <trkpt lat="44.15501" lon="-73.72549">
        <ele>1238.12</ele>
        <time>2026-04-11T17:24:30Z</time>
      </trkpt>
      <trkpt lat="44.15499" lon="-73.72552">
        <ele>1237.11</ele>
        <time>2026-04-11T17:24:34Z</time>
      </trkpt>
      <trkpt lat="44.15496" lon="-73.72555">
        <ele>1236.15</ele>
        <time>2026-04-11T17:24:38Z</time>
      </trkpt>
      <trkpt lat="44.15493" lon="-73.72559">
        <ele>1235.26</ele>
        <time>2026-04-11T17:24:44Z</time>
      </trkpt>
      <trkpt lat="44.15492" lon="-73.72561">
        <ele>1234.82</ele>
        <time>2026-04-11T17:24:48Z</time>
      </trkpt>
      <trkpt lat="44.15492" lon="-73.72562">
        <ele>1234.61</ele>
        <time>2026-04-11T17:24:49Z</time>
      </trkpt>
      <trkpt lat="44.15492" lon="-73.72564">
        <ele>1234.18</ele>
        <time>2026-04-11T17:24:51Z</time>
      </trkpt>
      <trkpt lat="44.15491" lon="-73.72567">
        <ele>1233.29</ele>
        <time>2026-04-11T17:24:56Z</time>
      </trkpt>
      <trkpt lat="44.15491" lon="-73.72567">
        <ele>1233.29</ele>
        <time>2026-04-11T17:24:59Z</time>
      </trkpt>
      <trkpt lat="44.15489" lon="-73.72569">
        <ele>1232.54</ele>
        <time>2026-04-11T17:25:14Z</time>
      </trkpt>
      <trkpt lat="44.15489" lon="-73.7257">
        <ele>1232.24</ele>
        <time>2026-04-11T17:25:17Z</time>
      </trkpt>
      <trkpt lat="44.15488" lon="-73.72571">
        <ele>1231.9</ele>
        <time>2026-04-11T17:25:20Z</time>
      </trkpt>
      <trkpt lat="44.15488" lon="-73.72573">
        <ele>1231.31</ele>
        <time>2026-04-11T17:25:22Z</time>
      </trkpt>
      <trkpt lat="44.15487" lon="-73.72578">
        <ele>1230.15</ele>
        <time>2026-04-11T17:25:26Z</time>
      </trkpt>
      <trkpt lat="44.15487" lon="-73.72581">
        <ele>1229.5</ele>
        <time>2026-04-11T17:25:30Z</time>
      </trkpt>
      <trkpt lat="44.15484" lon="-73.72585">
        <ele>1228.46</ele>
        <time>2026-04-11T17:25:37Z</time>
      </trkpt>
      <trkpt lat="44.15484" lon="-73.72585">
        <ele>1228.46</ele>
        <time>2026-04-11T17:25:38Z</time>
      </trkpt>
      <trkpt lat="44.15483" lon="-73.72588">
        <ele>1227.49</ele>
        <time>2026-04-11T17:25:45Z</time>
      </trkpt>
      <trkpt lat="44.15482" lon="-73.72591">
        <ele>1226.52</ele>
        <time>2026-04-11T17:25:48Z</time>
      </trkpt>
      <trkpt lat="44.1548" lon="-73.72595">
        <ele>1225.44</ele>
        <time>2026-04-11T17:25:51Z</time>
      </trkpt>
      <trkpt lat="44.1548" lon="-73.72595">
        <ele>1225.44</ele>
        <time>2026-04-11T17:25:52Z</time>
      </trkpt>
      <trkpt lat="44.15479" lon="-73.72596">
        <ele>1225.17</ele>
        <time>2026-04-11T17:25:54Z</time>
      </trkpt>
      <trkpt lat="44.15477" lon="-73.72602">
        <ele>1223.48</ele>
        <time>2026-04-11T17:25:59Z</time>
      </trkpt>
      <trkpt lat="44.15477" lon="-73.72603">
        <ele>1223.2</ele>
        <time>2026-04-11T17:26:00Z</time>
      </trkpt>
      <trkpt lat="44.15475" lon="-73.72606">
        <ele>1222.27</ele>
        <time>2026-04-11T17:26:06Z</time>
      </trkpt>
      <trkpt lat="44.15475" lon="-73.72608">
        <ele>1221.77</ele>
        <time>2026-04-11T17:26:08Z</time>
      </trkpt>
      <trkpt lat="44.15473" lon="-73.72611">
        <ele>1221.03</ele>
        <time>2026-04-11T17:26:12Z</time>
      </trkpt>
      <trkpt lat="44.1547" lon="-73.72616">
        <ele>1219.94</ele>
        <time>2026-04-11T17:26:18Z</time>
      </trkpt>
      <trkpt lat="44.15469" lon="-73.72617">
        <ele>1219.73</ele>
        <time>2026-04-11T17:26:19Z</time>
      </trkpt>
      <trkpt lat="44.15468" lon="-73.72619">
        <ele>1219.3</ele>
        <time>2026-04-11T17:26:28Z</time>
      </trkpt>
      <trkpt lat="44.15465" lon="-73.72621">
        <ele>1218.86</ele>
        <time>2026-04-11T17:26:33Z</time>
      </trkpt>
      <trkpt lat="44.15462" lon="-73.72623">
        <ele>1218.36</ele>
        <time>2026-04-11T17:26:37Z</time>
      </trkpt>
      <trkpt lat="44.15456" lon="-73.72623">
        <ele>1217.89</ele>
        <time>2026-04-11T17:26:43Z</time>
      </trkpt>
      <trkpt lat="44.15454" lon="-73.72623">
        <ele>1217.74</ele>
        <time>2026-04-11T17:26:45Z</time>
      </trkpt>
      <trkpt lat="44.15449" lon="-73.72627">
        <ele>1216.78</ele>
        <time>2026-04-11T17:26:52Z</time>
      </trkpt>
      <trkpt lat="44.15448" lon="-73.72629">
        <ele>1216.45</ele>
        <time>2026-04-11T17:26:53Z</time>
      </trkpt>
      <trkpt lat="44.15448" lon="-73.72635">
        <ele>1215.8</ele>
        <time>2026-04-11T17:26:57Z</time>
      </trkpt>
      <trkpt lat="44.15447" lon="-73.7264">
        <ele>1215.12</ele>
        <time>2026-04-11T17:27:04Z</time>
      </trkpt>
      <trkpt lat="44.15447" lon="-73.72642">
        <ele>1214.85</ele>
        <time>2026-04-11T17:27:16Z</time>
      </trkpt>
      <trkpt lat="44.15444" lon="-73.72644">
        <ele>1214.43</ele>
        <time>2026-04-11T17:27:23Z</time>
      </trkpt>
      <trkpt lat="44.15442" lon="-73.72646">
        <ele>1214.17</ele>
        <time>2026-04-11T17:27:26Z</time>
      </trkpt>
      <trkpt lat="44.15438" lon="-73.72649">
        <ele>1213.91</ele>
        <time>2026-04-11T17:27:30Z</time>
      </trkpt>
      <trkpt lat="44.15432" lon="-73.72655">
        <ele>1212.57</ele>
        <time>2026-04-11T17:27:37Z</time>
      </trkpt>
      <trkpt lat="44.1543" lon="-73.72658">
        <ele>1211.79</ele>
        <time>2026-04-11T17:27:40Z</time>
      </trkpt>
      <trkpt lat="44.15428" lon="-73.7266">
        <ele>1211.11</ele>
        <time>2026-04-11T17:27:42Z</time>
      </trkpt>
      <trkpt lat="44.15427" lon="-73.7266">
        <ele>1210.92</ele>
        <time>2026-04-11T17:27:44Z</time>
      </trkpt>
      <trkpt lat="44.15426" lon="-73.72661">
        <ele>1210.62</ele>
        <time>2026-04-11T17:27:47Z</time>
      </trkpt>
      <trkpt lat="44.15426" lon="-73.72662">
        <ele>1210.52</ele>
        <time>2026-04-11T17:27:49Z</time>
      </trkpt>
      <trkpt lat="44.15425" lon="-73.72663">
        <ele>1210.3</ele>
        <time>2026-04-11T17:27:52Z</time>
      </trkpt>
      <trkpt lat="44.15424" lon="-73.72666">
        <ele>1209.86</ele>
        <time>2026-04-11T17:27:56Z</time>
      </trkpt>
      <trkpt lat="44.15423" lon="-73.72666">
        <ele>1209.76</ele>
        <time>2026-04-11T17:28:00Z</time>
      </trkpt>
      <trkpt lat="44.1542" lon="-73.72668">
        <ele>1209.07</ele>
        <time>2026-04-11T17:28:06Z</time>
      </trkpt>
      <trkpt lat="44.15419" lon="-73.72668">
        <ele>1208.96</ele>
        <time>2026-04-11T17:28:09Z</time>
      </trkpt>
      <trkpt lat="44.15419" lon="-73.72669">
        <ele>1208.75</ele>
        <time>2026-04-11T17:28:10Z</time>
      </trkpt>
      <trkpt lat="44.15417" lon="-73.7267">
        <ele>1208.32</ele>
        <time>2026-04-11T17:28:17Z</time>
      </trkpt>
      <trkpt lat="44.15417" lon="-73.7267">
        <ele>1208.32</ele>
        <time>2026-04-11T17:28:21Z</time>
      </trkpt>
      <trkpt lat="44.15416" lon="-73.7267">
        <ele>1208.09</ele>
        <time>2026-04-11T17:28:25Z</time>
      </trkpt>
      <trkpt lat="44.15413" lon="-73.72673">
        <ele>1206.71</ele>
        <time>2026-04-11T17:28:29Z</time>
      </trkpt>
      <trkpt lat="44.15412" lon="-73.72674">
        <ele>1206.3</ele>
        <time>2026-04-11T17:28:30Z</time>
      </trkpt>
      <trkpt lat="44.1541" lon="-73.72677">
        <ele>1205.33</ele>
        <time>2026-04-11T17:28:35Z</time>
      </trkpt>
      <trkpt lat="44.15409" lon="-73.72681">
        <ele>1204.25</ele>
        <time>2026-04-11T17:28:39Z</time>
      </trkpt>
      <trkpt lat="44.15409" lon="-73.72681">
        <ele>1204.25</ele>
        <time>2026-04-11T17:28:40Z</time>
      </trkpt>
      <trkpt lat="44.15409" lon="-73.7268">
        <ele>1204.46</ele>
        <time>2026-04-11T17:28:41Z</time>
      </trkpt>
      <trkpt lat="44.15406" lon="-73.7268">
        <ele>1203.88</ele>
        <time>2026-04-11T17:28:45Z</time>
      </trkpt>
      <trkpt lat="44.15403" lon="-73.72682">
        <ele>1203.05</ele>
        <time>2026-04-11T17:28:48Z</time>
      </trkpt>
      <trkpt lat="44.15402" lon="-73.72684">
        <ele>1202.6</ele>
        <time>2026-04-11T17:28:50Z</time>
      </trkpt>
      <trkpt lat="44.15399" lon="-73.72687">
        <ele>1201.7</ele>
        <time>2026-04-11T17:28:57Z</time>
      </trkpt>
      <trkpt lat="44.15397" lon="-73.7269">
        <ele>1200.71</ele>
        <time>2026-04-11T17:29:02Z</time>
      </trkpt>
      <trkpt lat="44.15395" lon="-73.7269">
        <ele>1200.28</ele>
        <time>2026-04-11T17:29:04Z</time>
      </trkpt>
      <trkpt lat="44.15394" lon="-73.7269">
        <ele>1200.06</ele>
        <time>2026-04-11T17:29:05Z</time>
      </trkpt>
      <trkpt lat="44.15393" lon="-73.7269">
        <ele>1199.85</ele>
        <time>2026-04-11T17:29:06Z</time>
      </trkpt>
      <trkpt lat="44.15386" lon="-73.72687">
        <ele>1198.73</ele>
        <time>2026-04-11T17:29:13Z</time>
      </trkpt>
      <trkpt lat="44.15378" lon="-73.72685">
        <ele>1196.49</ele>
        <time>2026-04-11T17:29:22Z</time>
      </trkpt>
      <trkpt lat="44.15378" lon="-73.72684">
        <ele>1196.58</ele>
        <time>2026-04-11T17:29:23Z</time>
      </trkpt>
      <trkpt lat="44.15376" lon="-73.72682">
        <ele>1196.03</ele>
        <time>2026-04-11T17:29:28Z</time>
      </trkpt>
      <trkpt lat="44.15373" lon="-73.72682">
        <ele>1194.95</ele>
        <time>2026-04-11T17:29:31Z</time>
      </trkpt>
      <trkpt lat="44.15371" lon="-73.72682">
        <ele>1194.23</ele>
        <time>2026-04-11T17:29:34Z</time>
      </trkpt>
      <trkpt lat="44.15367" lon="-73.72682">
        <ele>1192.78</ele>
        <time>2026-04-11T17:29:40Z</time>
      </trkpt>
      <trkpt lat="44.15365" lon="-73.72683">
        <ele>1192.12</ele>
        <time>2026-04-11T17:29:44Z</time>
      </trkpt>
      <trkpt lat="44.15362" lon="-73.72682">
        <ele>1190.98</ele>
        <time>2026-04-11T17:29:49Z</time>
      </trkpt>
      <trkpt lat="44.15361" lon="-73.72682">
        <ele>1190.6</ele>
        <time>2026-04-11T17:29:50Z</time>
      </trkpt>
      <trkpt lat="44.15359" lon="-73.72678">
        <ele>1189.08</ele>
        <time>2026-04-11T17:29:55Z</time>
      </trkpt>
      <trkpt lat="44.15357" lon="-73.72678">
        <ele>1188.0</ele>
        <time>2026-04-11T17:29:59Z</time>
      </trkpt>
      <trkpt lat="44.15352" lon="-73.72678">
        <ele>1185.3</ele>
        <time>2026-04-11T17:30:08Z</time>
      </trkpt>
      <trkpt lat="44.15352" lon="-73.72675">
        <ele>1184.88</ele>
        <time>2026-04-11T17:30:18Z</time>
      </trkpt>
      <trkpt lat="44.1535" lon="-73.72674">
        <ele>1183.58</ele>
        <time>2026-04-11T17:30:27Z</time>
      </trkpt>
      <trkpt lat="44.15349" lon="-73.72672">
        <ele>1182.61</ele>
        <time>2026-04-11T17:30:36Z</time>
      </trkpt>
      <trkpt lat="44.15349" lon="-73.72673">
        <ele>1182.83</ele>
        <time>2026-04-11T17:30:37Z</time>
      </trkpt>
      <trkpt lat="44.15349" lon="-73.72674">
        <ele>1183.04</ele>
        <time>2026-04-11T17:30:41Z</time>
      </trkpt>
      <trkpt lat="44.15348" lon="-73.72676">
        <ele>1182.92</ele>
        <time>2026-04-11T17:30:44Z</time>
      </trkpt>
      <trkpt lat="44.15349" lon="-73.7268">
        <ele>1183.76</ele>
        <time>2026-04-11T17:30:48Z</time>
      </trkpt>
      <trkpt lat="44.1535" lon="-73.72682">
        <ele>1184.52</ele>
        <time>2026-04-11T17:30:51Z</time>
      </trkpt>
      <trkpt lat="44.15349" lon="-73.72683">
        <ele>1183.99</ele>
        <time>2026-04-11T17:30:57Z</time>
      </trkpt>
      <trkpt lat="44.15349" lon="-73.72684">
        <ele>1184.06</ele>
        <time>2026-04-11T17:30:58Z</time>
      </trkpt>
      <trkpt lat="44.15346" lon="-73.72686">
        <ele>1182.21</ele>
        <time>2026-04-11T17:31:05Z</time>
      </trkpt>
      <trkpt lat="44.15345" lon="-73.72687">
        <ele>1181.56</ele>
        <time>2026-04-11T17:31:09Z</time>
      </trkpt>
      <trkpt lat="44.15344" lon="-73.72687">
        <ele>1180.91</ele>
        <time>2026-04-11T17:31:14Z</time>
      </trkpt>
      <trkpt lat="44.15343" lon="-73.72687">
        <ele>1180.26</ele>
        <time>2026-04-11T17:31:15Z</time>
      </trkpt>
      <trkpt lat="44.15342" lon="-73.72686">
        <ele>1179.74</ele>
        <time>2026-04-11T17:31:20Z</time>
      </trkpt>
      <trkpt lat="44.15342" lon="-73.72685">
        <ele>1179.74</ele>
        <time>2026-04-11T17:31:23Z</time>
      </trkpt>
      <trkpt lat="44.15339" lon="-73.72683">
        <ele>1178.45</ele>
        <time>2026-04-11T17:31:29Z</time>
      </trkpt>
      <trkpt lat="44.15338" lon="-73.72683">
        <ele>1178.02</ele>
        <time>2026-04-11T17:31:32Z</time>
      </trkpt>
      <trkpt lat="44.15337" lon="-73.72684">
        <ele>1177.58</ele>
        <time>2026-04-11T17:31:33Z</time>
      </trkpt>
      <trkpt lat="44.15335" lon="-73.72685">
        <ele>1176.72</ele>
        <time>2026-04-11T17:31:36Z</time>
      </trkpt>
      <trkpt lat="44.15333" lon="-73.72687">
        <ele>1175.89</ele>
        <time>2026-04-11T17:31:42Z</time>
      </trkpt>
      <trkpt lat="44.15332" lon="-73.72687">
        <ele>1175.57</ele>
        <time>2026-04-11T17:31:45Z</time>
      </trkpt>
      <trkpt lat="44.15331" lon="-73.72688">
        <ele>1175.24</ele>
        <time>2026-04-11T17:31:48Z</time>
      </trkpt>
      <trkpt lat="44.15329" lon="-73.72692">
        <ele>1174.6</ele>
        <time>2026-04-11T17:31:53Z</time>
      </trkpt>
      <trkpt lat="44.15329" lon="-73.72693">
        <ele>1174.6</ele>
        <time>2026-04-11T17:31:54Z</time>
      </trkpt>
      <trkpt lat="44.15327" lon="-73.72696">
        <ele>1173.95</ele>
        <time>2026-04-11T17:31:59Z</time>
      </trkpt>
      <trkpt lat="44.15327" lon="-73.72697">
        <ele>1173.95</ele>
        <time>2026-04-11T17:32:01Z</time>
      </trkpt>
      <trkpt lat="44.15326" lon="-73.72699">
        <ele>1173.62</ele>
        <time>2026-04-11T17:32:07Z</time>
      </trkpt>
      <trkpt lat="44.15325" lon="-73.72699">
        <ele>1173.3</ele>
        <time>2026-04-11T17:32:11Z</time>
      </trkpt>
      <trkpt lat="44.15323" lon="-73.72699">
        <ele>1172.65</ele>
        <time>2026-04-11T17:32:17Z</time>
      </trkpt>
      <trkpt lat="44.15322" lon="-73.72699">
        <ele>1172.33</ele>
        <time>2026-04-11T17:32:19Z</time>
      </trkpt>
      <trkpt lat="44.15319" lon="-73.72698">
        <ele>1171.36</ele>
        <time>2026-04-11T17:32:24Z</time>
      </trkpt>
      <trkpt lat="44.15317" lon="-73.727">
        <ele>1170.71</ele>
        <time>2026-04-11T17:32:30Z</time>
      </trkpt>
      <trkpt lat="44.15316" lon="-73.727">
        <ele>1170.38</ele>
        <time>2026-04-11T17:32:35Z</time>
      </trkpt>
      <trkpt lat="44.15315" lon="-73.72699">
        <ele>1170.06</ele>
        <time>2026-04-11T17:32:37Z</time>
      </trkpt>
      <trkpt lat="44.15314" lon="-73.72699">
        <ele>1169.69</ele>
        <time>2026-04-11T17:32:39Z</time>
      </trkpt>
      <trkpt lat="44.15313" lon="-73.72698">
        <ele>1169.29</ele>
        <time>2026-04-11T17:32:41Z</time>
      </trkpt>
      <trkpt lat="44.15313" lon="-73.72697">
        <ele>1169.27</ele>
        <time>2026-04-11T17:32:50Z</time>
      </trkpt>
      <trkpt lat="44.15312" lon="-73.72697">
        <ele>1168.87</ele>
        <time>2026-04-11T17:32:51Z</time>
      </trkpt>
      <trkpt lat="44.15312" lon="-73.72698">
        <ele>1168.9</ele>
        <time>2026-04-11T17:32:52Z</time>
      </trkpt>
      <trkpt lat="44.15308" lon="-73.72698">
        <ele>1167.34</ele>
        <time>2026-04-11T17:32:56Z</time>
      </trkpt>
      <trkpt lat="44.15307" lon="-73.72698">
        <ele>1166.95</ele>
        <time>2026-04-11T17:32:59Z</time>
      </trkpt>
      <trkpt lat="44.15304" lon="-73.72696">
        <ele>1165.64</ele>
        <time>2026-04-11T17:33:04Z</time>
      </trkpt>
      <trkpt lat="44.15302" lon="-73.72695">
        <ele>1164.88</ele>
        <time>2026-04-11T17:33:07Z</time>
      </trkpt>
      <trkpt lat="44.153" lon="-73.72693">
        <ele>1164.11</ele>
        <time>2026-04-11T17:33:11Z</time>
      </trkpt>
      <trkpt lat="44.15299" lon="-73.72691">
        <ele>1163.61</ele>
        <time>2026-04-11T17:33:16Z</time>
      </trkpt>
      <trkpt lat="44.15297" lon="-73.72689">
        <ele>1162.68</ele>
        <time>2026-04-11T17:33:24Z</time>
      </trkpt>
      <trkpt lat="44.15297" lon="-73.7269">
        <ele>1162.78</ele>
        <time>2026-04-11T17:33:25Z</time>
      </trkpt>
      <trkpt lat="44.15296" lon="-73.7269">
        <ele>1162.42</ele>
        <time>2026-04-11T17:33:28Z</time>
      </trkpt>
      <trkpt lat="44.15293" lon="-73.72688">
        <ele>1161.24</ele>
        <time>2026-04-11T17:33:32Z</time>
      </trkpt>
      <trkpt lat="44.15293" lon="-73.72687">
        <ele>1161.13</ele>
        <time>2026-04-11T17:33:34Z</time>
      </trkpt>
      <trkpt lat="44.1529" lon="-73.72688">
        <ele>1160.26</ele>
        <time>2026-04-11T17:33:37Z</time>
      </trkpt>
      <trkpt lat="44.15289" lon="-73.72689">
        <ele>1160.05</ele>
        <time>2026-04-11T17:33:38Z</time>
      </trkpt>
      <trkpt lat="44.15283" lon="-73.72694">
        <ele>1159.1</ele>
        <time>2026-04-11T17:33:43Z</time>
      </trkpt>
      <trkpt lat="44.15281" lon="-73.72696">
        <ele>1158.81</ele>
        <time>2026-04-11T17:33:49Z</time>
      </trkpt>
      <trkpt lat="44.15279" lon="-73.72696">
        <ele>1158.41</ele>
        <time>2026-04-11T17:33:55Z</time>
      </trkpt>
      <trkpt lat="44.15277" lon="-73.72695">
        <ele>1157.98</ele>
        <time>2026-04-11T17:33:58Z</time>
      </trkpt>
      <trkpt lat="44.15269" lon="-73.72692">
        <ele>1157.05</ele>
        <time>2026-04-11T17:34:03Z</time>
      </trkpt>
      <trkpt lat="44.15267" lon="-73.7269">
        <ele>1157.25</ele>
        <time>2026-04-11T17:34:06Z</time>
      </trkpt>
      <trkpt lat="44.15266" lon="-73.7269">
        <ele>1157.41</ele>
        <time>2026-04-11T17:34:07Z</time>
      </trkpt>
      <trkpt lat="44.15262" lon="-73.72687">
        <ele>1157.84</ele>
        <time>2026-04-11T17:34:14Z</time>
      </trkpt>
      <trkpt lat="44.1526" lon="-73.72687">
        <ele>1158.1</ele>
        <time>2026-04-11T17:34:16Z</time>
      </trkpt>
      <trkpt lat="44.15252" lon="-73.72687">
        <ele>1158.98</ele>
        <time>2026-04-11T17:34:24Z</time>
      </trkpt>
      <trkpt lat="44.15247" lon="-73.72688">
        <ele>1159.63</ele>
        <time>2026-04-11T17:34:32Z</time>
      </trkpt>
      <trkpt lat="44.1524" lon="-73.72687">
        <ele>1160.34</ele>
        <time>2026-04-11T17:34:41Z</time>
      </trkpt>
      <trkpt lat="44.15236" lon="-73.7269">
        <ele>1161.28</ele>
        <time>2026-04-11T17:34:48Z</time>
      </trkpt>
      <trkpt lat="44.15232" lon="-73.72694">
        <ele>1161.94</ele>
        <time>2026-04-11T17:34:57Z</time>
      </trkpt>
      <trkpt lat="44.15231" lon="-73.72695">
        <ele>1161.95</ele>
        <time>2026-04-11T17:34:59Z</time>
      </trkpt>
      <trkpt lat="44.15229" lon="-73.72696">
        <ele>1161.73</ele>
        <time>2026-04-11T17:35:06Z</time>
      </trkpt>
      <trkpt lat="44.1523" lon="-73.72696">
        <ele>1161.84</ele>
        <time>2026-04-11T17:35:14Z</time>
      </trkpt>
      <trkpt lat="44.1523" lon="-73.72695">
        <ele>1161.84</ele>
        <time>2026-04-11T17:35:15Z</time>
      </trkpt>
      <trkpt lat="44.1523" lon="-73.72694">
        <ele>1161.83</ele>
        <time>2026-04-11T17:35:17Z</time>
      </trkpt>
      <trkpt lat="44.15231" lon="-73.72693">
        <ele>1161.94</ele>
        <time>2026-04-11T17:35:18Z</time>
      </trkpt>
      <trkpt lat="44.15229" lon="-73.72692">
        <ele>1161.66</ele>
        <time>2026-04-11T17:35:23Z</time>
      </trkpt>
      <trkpt lat="44.15228" lon="-73.72692">
        <ele>1161.52</ele>
        <time>2026-04-11T17:35:25Z</time>
      </trkpt>
      <trkpt lat="44.15227" lon="-73.72692">
        <ele>1161.39</ele>
        <time>2026-04-11T17:35:28Z</time>
      </trkpt>
      <trkpt lat="44.15226" lon="-73.72694">
        <ele>1161.38</ele>
        <time>2026-04-11T17:35:33Z</time>
      </trkpt>
      <trkpt lat="44.15226" lon="-73.72694">
        <ele>1161.38</ele>
        <time>2026-04-11T17:35:38Z</time>
      </trkpt>
      <trkpt lat="44.15226" lon="-73.72695">
        <ele>1161.41</ele>
        <time>2026-04-11T17:35:40Z</time>
      </trkpt>
      <trkpt lat="44.15224" lon="-73.72698">
        <ele>1161.19</ele>
        <time>2026-04-11T17:35:48Z</time>
      </trkpt>
      <trkpt lat="44.15224" lon="-73.72697">
        <ele>1161.19</ele>
        <time>2026-04-11T17:35:49Z</time>
      </trkpt>
      <trkpt lat="44.15224" lon="-73.72698">
        <ele>1161.19</ele>
        <time>2026-04-11T17:35:51Z</time>
      </trkpt>
      <trkpt lat="44.15219" lon="-73.72699">
        <ele>1159.43</ele>
        <time>2026-04-11T17:35:58Z</time>
      </trkpt>
      <trkpt lat="44.15218" lon="-73.727">
        <ele>1158.99</ele>
        <time>2026-04-11T17:35:59Z</time>
      </trkpt>
      <trkpt lat="44.15215" lon="-73.72702">
        <ele>1157.74</ele>
        <time>2026-04-11T17:36:03Z</time>
      </trkpt>
      <trkpt lat="44.15212" lon="-73.72703">
        <ele>1156.4</ele>
        <time>2026-04-11T17:36:07Z</time>
      </trkpt>
      <trkpt lat="44.15211" lon="-73.72703">
        <ele>1155.85</ele>
        <time>2026-04-11T17:36:09Z</time>
      </trkpt>
      <trkpt lat="44.15209" lon="-73.72703">
        <ele>1154.75</ele>
        <time>2026-04-11T17:36:13Z</time>
      </trkpt>
      <trkpt lat="44.15206" lon="-73.72703">
        <ele>1153.11</ele>
        <time>2026-04-11T17:36:16Z</time>
      </trkpt>
      <trkpt lat="44.15205" lon="-73.72704">
        <ele>1152.7</ele>
        <time>2026-04-11T17:36:18Z</time>
      </trkpt>
      <trkpt lat="44.15202" lon="-73.72705">
        <ele>1151.11</ele>
        <time>2026-04-11T17:36:21Z</time>
      </trkpt>
      <trkpt lat="44.15199" lon="-73.72709">
        <ele>1149.75</ele>
        <time>2026-04-11T17:36:24Z</time>
      </trkpt>
      <trkpt lat="44.15197" lon="-73.72712">
        <ele>1149.03</ele>
        <time>2026-04-11T17:36:26Z</time>
      </trkpt>
      <trkpt lat="44.15198" lon="-73.72717">
        <ele>1149.54</ele>
        <time>2026-04-11T17:36:31Z</time>
      </trkpt>
      <trkpt lat="44.15198" lon="-73.72724">
        <ele>1149.34</ele>
        <time>2026-04-11T17:36:40Z</time>
      </trkpt>
      <trkpt lat="44.15193" lon="-73.72731">
        <ele>1146.42</ele>
        <time>2026-04-11T17:36:49Z</time>
      </trkpt>
      <trkpt lat="44.15193" lon="-73.72733">
        <ele>1146.21</ele>
        <time>2026-04-11T17:36:50Z</time>
      </trkpt>
      <trkpt lat="44.15189" lon="-73.72739">
        <ele>1143.84</ele>
        <time>2026-04-11T17:36:57Z</time>
      </trkpt>
      <trkpt lat="44.15189" lon="-73.7274">
        <ele>1143.73</ele>
        <time>2026-04-11T17:36:58Z</time>
      </trkpt>
      <trkpt lat="44.15187" lon="-73.72742">
        <ele>1142.65</ele>
        <time>2026-04-11T17:37:07Z</time>
      </trkpt>
      <trkpt lat="44.15186" lon="-73.72741">
        <ele>1142.32</ele>
        <time>2026-04-11T17:37:12Z</time>
      </trkpt>
      <trkpt lat="44.15185" lon="-73.72739">
        <ele>1142.12</ele>
        <time>2026-04-11T17:37:16Z</time>
      </trkpt>
      <trkpt lat="44.15183" lon="-73.72735">
        <ele>1141.77</ele>
        <time>2026-04-11T17:37:20Z</time>
      </trkpt>
      <trkpt lat="44.15181" lon="-73.7273">
        <ele>1141.19</ele>
        <time>2026-04-11T17:37:24Z</time>
      </trkpt>
      <trkpt lat="44.1518" lon="-73.72729">
        <ele>1140.76</ele>
        <time>2026-04-11T17:37:27Z</time>
      </trkpt>
      <trkpt lat="44.15178" lon="-73.72726">
        <ele>1139.9</ele>
        <time>2026-04-11T17:37:32Z</time>
      </trkpt>
      <trkpt lat="44.15178" lon="-73.72725">
        <ele>1139.9</ele>
        <time>2026-04-11T17:37:34Z</time>
      </trkpt>
      <trkpt lat="44.15177" lon="-73.72726">
        <ele>1139.46</ele>
        <time>2026-04-11T17:37:36Z</time>
      </trkpt>
      <trkpt lat="44.15175" lon="-73.72729">
        <ele>1138.6</ele>
        <time>2026-04-11T17:37:41Z</time>
      </trkpt>
      <trkpt lat="44.15174" lon="-73.72731">
        <ele>1138.17</ele>
        <time>2026-04-11T17:37:52Z</time>
      </trkpt>
      <trkpt lat="44.15173" lon="-73.72732">
        <ele>1137.74</ele>
        <time>2026-04-11T17:37:55Z</time>
      </trkpt>
      <trkpt lat="44.15171" lon="-73.72735">
        <ele>1136.87</ele>
        <time>2026-04-11T17:38:00Z</time>
      </trkpt>
      <trkpt lat="44.1517" lon="-73.72735">
        <ele>1136.44</ele>
        <time>2026-04-11T17:38:07Z</time>
      </trkpt>
      <trkpt lat="44.15168" lon="-73.72737">
        <ele>1135.58</ele>
        <time>2026-04-11T17:38:15Z</time>
      </trkpt>
      <trkpt lat="44.15168" lon="-73.72737">
        <ele>1135.58</ele>
        <time>2026-04-11T17:38:16Z</time>
      </trkpt>
      <trkpt lat="44.15167" lon="-73.72739">
        <ele>1135.14</ele>
        <time>2026-04-11T17:38:18Z</time>
      </trkpt>
      <trkpt lat="44.15165" lon="-73.72741">
        <ele>1134.28</ele>
        <time>2026-04-11T17:38:22Z</time>
      </trkpt>
      <trkpt lat="44.15164" lon="-73.72742">
        <ele>1133.85</ele>
        <time>2026-04-11T17:38:24Z</time>
      </trkpt>
      <trkpt lat="44.15162" lon="-73.72747">
        <ele>1132.98</ele>
        <time>2026-04-11T17:38:29Z</time>
      </trkpt>
      <trkpt lat="44.15161" lon="-73.7275">
        <ele>1132.55</ele>
        <time>2026-04-11T17:38:32Z</time>
      </trkpt>
      <trkpt lat="44.15159" lon="-73.72752">
        <ele>1131.65</ele>
        <time>2026-04-11T17:38:34Z</time>
      </trkpt>
      <trkpt lat="44.15155" lon="-73.72759">
        <ele>1130.22</ele>
        <time>2026-04-11T17:38:40Z</time>
      </trkpt>
      <trkpt lat="44.15153" lon="-73.72765">
        <ele>1129.57</ele>
        <time>2026-04-11T17:38:48Z</time>
      </trkpt>
      <trkpt lat="44.15152" lon="-73.72766">
        <ele>1129.25</ele>
        <time>2026-04-11T17:38:50Z</time>
      </trkpt>
      <trkpt lat="44.1515" lon="-73.72767">
        <ele>1128.6</ele>
        <time>2026-04-11T17:38:53Z</time>
      </trkpt>
      <trkpt lat="44.15147" lon="-73.7277">
        <ele>1127.5</ele>
        <time>2026-04-11T17:38:57Z</time>
      </trkpt>
      <trkpt lat="44.15147" lon="-73.7277">
        <ele>1127.5</ele>
        <time>2026-04-11T17:38:58Z</time>
      </trkpt>
      <trkpt lat="44.15143" lon="-73.72779">
        <ele>1125.72</ele>
        <time>2026-04-11T17:39:07Z</time>
      </trkpt>
      <trkpt lat="44.15142" lon="-73.7278">
        <ele>1125.26</ele>
        <time>2026-04-11T17:39:09Z</time>
      </trkpt>
      <trkpt lat="44.15141" lon="-73.72783">
        <ele>1124.78</ele>
        <time>2026-04-11T17:39:13Z</time>
      </trkpt>
      <trkpt lat="44.15141" lon="-73.72783">
        <ele>1124.78</ele>
        <time>2026-04-11T17:39:14Z</time>
      </trkpt>
      <trkpt lat="44.1514" lon="-73.72785">
        <ele>1124.39</ele>
        <time>2026-04-11T17:39:17Z</time>
      </trkpt>
      <trkpt lat="44.15138" lon="-73.72787">
        <ele>1123.62</ele>
        <time>2026-04-11T17:39:24Z</time>
      </trkpt>
      <trkpt lat="44.15137" lon="-73.72789">
        <ele>1123.02</ele>
        <time>2026-04-11T17:39:32Z</time>
      </trkpt>
      <trkpt lat="44.15137" lon="-73.72789">
        <ele>1123.02</ele>
        <time>2026-04-11T17:39:33Z</time>
      </trkpt>
      <trkpt lat="44.15135" lon="-73.72791">
        <ele>1122.07</ele>
        <time>2026-04-11T17:39:38Z</time>
      </trkpt>
      <trkpt lat="44.15134" lon="-73.72793">
        <ele>1121.58</ele>
        <time>2026-04-11T17:39:40Z</time>
      </trkpt>
      <trkpt lat="44.1513" lon="-73.72796">
        <ele>1120.12</ele>
        <time>2026-04-11T17:39:45Z</time>
      </trkpt>
      <trkpt lat="44.15129" lon="-73.72798">
        <ele>1119.56</ele>
        <time>2026-04-11T17:39:47Z</time>
      </trkpt>
      <trkpt lat="44.15129" lon="-73.72799">
        <ele>1119.46</ele>
        <time>2026-04-11T17:39:48Z</time>
      </trkpt>
      <trkpt lat="44.15127" lon="-73.728">
        <ele>1118.58</ele>
        <time>2026-04-11T17:39:50Z</time>
      </trkpt>
      <trkpt lat="44.15124" lon="-73.72804">
        <ele>1117.24</ele>
        <time>2026-04-11T17:39:55Z</time>
      </trkpt>
      <trkpt lat="44.15124" lon="-73.72808">
        <ele>1116.91</ele>
        <time>2026-04-11T17:39:57Z</time>
      </trkpt>
      <trkpt lat="44.15124" lon="-73.72811">
        <ele>1116.59</ele>
        <time>2026-04-11T17:39:59Z</time>
      </trkpt>
      <trkpt lat="44.15123" lon="-73.72813">
        <ele>1116.05</ele>
        <time>2026-04-11T17:40:01Z</time>
      </trkpt>
      <trkpt lat="44.15123" lon="-73.72815">
        <ele>1115.83</ele>
        <time>2026-04-11T17:40:07Z</time>
      </trkpt>
      <trkpt lat="44.15122" lon="-73.72817">
        <ele>1115.29</ele>
        <time>2026-04-11T17:40:09Z</time>
      </trkpt>
      <trkpt lat="44.15122" lon="-73.72819">
        <ele>1115.08</ele>
        <time>2026-04-11T17:40:16Z</time>
      </trkpt>
      <trkpt lat="44.15122" lon="-73.7282">
        <ele>1114.97</ele>
        <time>2026-04-11T17:40:20Z</time>
      </trkpt>
      <trkpt lat="44.15122" lon="-73.72821">
        <ele>1114.86</ele>
        <time>2026-04-11T17:40:23Z</time>
      </trkpt>
      <trkpt lat="44.15122" lon="-73.72821">
        <ele>1114.86</ele>
        <time>2026-04-11T17:40:24Z</time>
      </trkpt>
      <trkpt lat="44.15125" lon="-73.72826">
        <ele>1115.19</ele>
        <time>2026-04-11T17:40:31Z</time>
      </trkpt>
      <trkpt lat="44.15124" lon="-73.72828">
        <ele>1114.59</ele>
        <time>2026-04-11T17:40:37Z</time>
      </trkpt>
      <trkpt lat="44.15125" lon="-73.72827">
        <ele>1115.03</ele>
        <time>2026-04-11T17:40:39Z</time>
      </trkpt>
      <trkpt lat="44.15123" lon="-73.72826">
        <ele>1114.58</ele>
        <time>2026-04-11T17:40:49Z</time>
      </trkpt>
      <trkpt lat="44.15122" lon="-73.72826">
        <ele>1114.28</ele>
        <time>2026-04-11T17:40:50Z</time>
      </trkpt>
      <trkpt lat="44.1512" lon="-73.72827">
        <ele>1113.59</ele>
        <time>2026-04-11T17:40:54Z</time>
      </trkpt>
      <trkpt lat="44.15118" lon="-73.72827">
        <ele>1113.09</ele>
        <time>2026-04-11T17:40:58Z</time>
      </trkpt>
      <trkpt lat="44.15117" lon="-73.72828">
        <ele>1112.69</ele>
        <time>2026-04-11T17:41:00Z</time>
      </trkpt>
      <trkpt lat="44.15115" lon="-73.72829">
        <ele>1112.0</ele>
        <time>2026-04-11T17:41:07Z</time>
      </trkpt>
      <trkpt lat="44.15114" lon="-73.7283">
        <ele>1111.54</ele>
        <time>2026-04-11T17:41:15Z</time>
      </trkpt>
      <trkpt lat="44.15113" lon="-73.7283">
        <ele>1111.26</ele>
        <time>2026-04-11T17:41:17Z</time>
      </trkpt>
      <trkpt lat="44.15113" lon="-73.72829">
        <ele>1111.45</ele>
        <time>2026-04-11T17:41:22Z</time>
      </trkpt>
      <trkpt lat="44.15111" lon="-73.72829">
        <ele>1110.88</ele>
        <time>2026-04-11T17:41:25Z</time>
      </trkpt>
      <trkpt lat="44.1511" lon="-73.72831">
        <ele>1109.9</ele>
        <time>2026-04-11T17:41:34Z</time>
      </trkpt>
      <trkpt lat="44.1511" lon="-73.72831">
        <ele>1109.9</ele>
        <time>2026-04-11T17:41:35Z</time>
      </trkpt>
      <trkpt lat="44.1511" lon="-73.72831">
        <ele>1109.9</ele>
        <time>2026-04-11T17:41:36Z</time>
      </trkpt>
      <trkpt lat="44.15109" lon="-73.72831">
        <ele>1109.36</ele>
        <time>2026-04-11T17:41:38Z</time>
      </trkpt>
      <trkpt lat="44.15108" lon="-73.72831">
        <ele>1108.82</ele>
        <time>2026-04-11T17:41:41Z</time>
      </trkpt>
      <trkpt lat="44.15107" lon="-73.72832">
        <ele>1108.07</ele>
        <time>2026-04-11T17:41:43Z</time>
      </trkpt>
      <trkpt lat="44.15106" lon="-73.72831">
        <ele>1107.74</ele>
        <time>2026-04-11T17:41:46Z</time>
      </trkpt>
      <trkpt lat="44.15106" lon="-73.72829">
        <ele>1108.18</ele>
        <time>2026-04-11T17:41:52Z</time>
      </trkpt>
      <trkpt lat="44.15106" lon="-73.72829">
        <ele>1108.18</ele>
        <time>2026-04-11T17:41:55Z</time>
      </trkpt>
      <trkpt lat="44.15106" lon="-73.7283">
        <ele>1107.96</ele>
        <time>2026-04-11T17:41:57Z</time>
      </trkpt>
      <trkpt lat="44.15106" lon="-73.72831">
        <ele>1107.74</ele>
        <time>2026-04-11T17:42:00Z</time>
      </trkpt>
      <trkpt lat="44.15105" lon="-73.72833">
        <ele>1106.77</ele>
        <time>2026-04-11T17:42:10Z</time>
      </trkpt>
      <trkpt lat="44.15104" lon="-73.72839">
        <ele>1104.94</ele>
        <time>2026-04-11T17:42:19Z</time>
      </trkpt>
      <trkpt lat="44.15105" lon="-73.72841">
        <ele>1105.04</ele>
        <time>2026-04-11T17:42:21Z</time>
      </trkpt>
      <trkpt lat="44.15105" lon="-73.72845">
        <ele>1104.0</ele>
        <time>2026-04-11T17:42:27Z</time>
      </trkpt>
      <trkpt lat="44.15105" lon="-73.72846">
        <ele>1103.71</ele>
        <time>2026-04-11T17:42:28Z</time>
      </trkpt>
      <trkpt lat="44.15104" lon="-73.72846">
        <ele>1103.25</ele>
        <time>2026-04-11T17:42:29Z</time>
      </trkpt>
      <trkpt lat="44.15103" lon="-73.72848">
        <ele>1102.31</ele>
        <time>2026-04-11T17:42:34Z</time>
      </trkpt>
      <trkpt lat="44.15103" lon="-73.7285">
        <ele>1101.82</ele>
        <time>2026-04-11T17:42:37Z</time>
      </trkpt>
      <trkpt lat="44.15102" lon="-73.72856">
        <ele>1100.14</ele>
        <time>2026-04-11T17:42:45Z</time>
      </trkpt>
      <trkpt lat="44.15102" lon="-73.72856">
        <ele>1100.14</ele>
        <time>2026-04-11T17:42:48Z</time>
      </trkpt>
      <trkpt lat="44.15101" lon="-73.72858">
        <ele>1099.52</ele>
        <time>2026-04-11T17:42:53Z</time>
      </trkpt>
      <trkpt lat="44.15099" lon="-73.72862">
        <ele>1098.6</ele>
        <time>2026-04-11T17:42:58Z</time>
      </trkpt>
      <trkpt lat="44.15095" lon="-73.72867">
        <ele>1097.62</ele>
        <time>2026-04-11T17:43:06Z</time>
      </trkpt>
      <trkpt lat="44.15095" lon="-73.72872">
        <ele>1097.17</ele>
        <time>2026-04-11T17:43:12Z</time>
      </trkpt>
      <trkpt lat="44.15093" lon="-73.72873">
        <ele>1097.02</ele>
        <time>2026-04-11T17:43:14Z</time>
      </trkpt>
      <trkpt lat="44.15092" lon="-73.72873">
        <ele>1096.95</ele>
        <time>2026-04-11T17:43:15Z</time>
      </trkpt>
      <trkpt lat="44.15089" lon="-73.72876">
        <ele>1096.85</ele>
        <time>2026-04-11T17:43:19Z</time>
      </trkpt>
      <trkpt lat="44.15088" lon="-73.72878">
        <ele>1096.91</ele>
        <time>2026-04-11T17:43:21Z</time>
      </trkpt>
      <trkpt lat="44.15086" lon="-73.72882">
        <ele>1096.67</ele>
        <time>2026-04-11T17:43:23Z</time>
      </trkpt>
      <trkpt lat="44.15086" lon="-73.72886">
        <ele>1096.11</ele>
        <time>2026-04-11T17:43:27Z</time>
      </trkpt>
      <trkpt lat="44.15082" lon="-73.7289">
        <ele>1095.9</ele>
        <time>2026-04-11T17:43:35Z</time>
      </trkpt>
      <trkpt lat="44.15074" lon="-73.72895">
        <ele>1095.99</ele>
        <time>2026-04-11T17:43:44Z</time>
      </trkpt>
      <trkpt lat="44.15069" lon="-73.72901">
        <ele>1095.17</ele>
        <time>2026-04-11T17:43:49Z</time>
      </trkpt>
      <trkpt lat="44.15068" lon="-73.72902">
        <ele>1095.06</ele>
        <time>2026-04-11T17:43:51Z</time>
      </trkpt>
      <trkpt lat="44.15061" lon="-73.72907">
        <ele>1095.41</ele>
        <time>2026-04-11T17:43:59Z</time>
      </trkpt>
      <trkpt lat="44.15056" lon="-73.72909">
        <ele>1095.78</ele>
        <time>2026-04-11T17:44:07Z</time>
      </trkpt>
      <trkpt lat="44.15048" lon="-73.7291">
        <ele>1096.54</ele>
        <time>2026-04-11T17:44:17Z</time>
      </trkpt>
      <trkpt lat="44.15046" lon="-73.7291">
        <ele>1096.76</ele>
        <time>2026-04-11T17:44:23Z</time>
      </trkpt>
      <trkpt lat="44.15045" lon="-73.7291">
        <ele>1096.9</ele>
        <time>2026-04-11T17:44:24Z</time>
      </trkpt>
      <trkpt lat="44.15044" lon="-73.72911">
        <ele>1096.96</ele>
        <time>2026-04-11T17:44:26Z</time>
      </trkpt>
      <trkpt lat="44.1504" lon="-73.72912">
        <ele>1097.52</ele>
        <time>2026-04-11T17:44:31Z</time>
      </trkpt>
      <trkpt lat="44.15039" lon="-73.72912">
        <ele>1097.68</ele>
        <time>2026-04-11T17:44:32Z</time>
      </trkpt>
      <trkpt lat="44.15036" lon="-73.72916">
        <ele>1098.1</ele>
        <time>2026-04-11T17:44:36Z</time>
      </trkpt>
      <trkpt lat="44.15034" lon="-73.72918">
        <ele>1098.09</ele>
        <time>2026-04-11T17:44:40Z</time>
      </trkpt>
      <trkpt lat="44.15031" lon="-73.72921">
        <ele>1098.02</ele>
        <time>2026-04-11T17:44:45Z</time>
      </trkpt>
      <trkpt lat="44.1503" lon="-73.72923">
        <ele>1097.91</ele>
        <time>2026-04-11T17:44:48Z</time>
      </trkpt>
      <trkpt lat="44.15029" lon="-73.72924">
        <ele>1097.97</ele>
        <time>2026-04-11T17:44:49Z</time>
      </trkpt>
      <trkpt lat="44.15029" lon="-73.72925">
        <ele>1097.85</ele>
        <time>2026-04-11T17:44:50Z</time>
      </trkpt>
      <trkpt lat="44.15028" lon="-73.72928">
        <ele>1097.73</ele>
        <time>2026-04-11T17:44:53Z</time>
      </trkpt>
      <trkpt lat="44.15027" lon="-73.72932">
        <ele>1097.57</ele>
        <time>2026-04-11T17:44:57Z</time>
      </trkpt>
      <trkpt lat="44.15027" lon="-73.72933">
        <ele>1097.47</ele>
        <time>2026-04-11T17:44:58Z</time>
      </trkpt>
      <trkpt lat="44.15028" lon="-73.72937">
        <ele>1096.76</ele>
        <time>2026-04-11T17:45:03Z</time>
      </trkpt>
      <trkpt lat="44.15028" lon="-73.7294">
        <ele>1096.43</ele>
        <time>2026-04-11T17:45:06Z</time>
      </trkpt>
      <trkpt lat="44.15027" lon="-73.72942">
        <ele>1096.52</ele>
        <time>2026-04-11T17:45:11Z</time>
      </trkpt>
      <trkpt lat="44.15026" lon="-73.72943">
        <ele>1096.73</ele>
        <time>2026-04-11T17:45:14Z</time>
      </trkpt>
      <trkpt lat="44.15024" lon="-73.72947">
        <ele>1096.95</ele>
        <time>2026-04-11T17:45:21Z</time>
      </trkpt>
      <trkpt lat="44.15024" lon="-73.72947">
        <ele>1096.95</ele>
        <time>2026-04-11T17:45:24Z</time>
      </trkpt>
      <trkpt lat="44.15023" lon="-73.72952">
        <ele>1096.73</ele>
        <time>2026-04-11T17:45:32Z</time>
      </trkpt>
      <trkpt lat="44.15023" lon="-73.72952">
        <ele>1096.73</ele>
        <time>2026-04-11T17:45:33Z</time>
      </trkpt>
      <trkpt lat="44.15021" lon="-73.72955">
        <ele>1096.92</ele>
        <time>2026-04-11T17:45:38Z</time>
      </trkpt>
      <trkpt lat="44.1502" lon="-73.72956">
        <ele>1097.02</ele>
        <time>2026-04-11T17:45:40Z</time>
      </trkpt>
      <trkpt lat="44.15017" lon="-73.72964">
        <ele>1096.25</ele>
        <time>2026-04-11T17:45:48Z</time>
      </trkpt>
      <trkpt lat="44.15017" lon="-73.72966">
        <ele>1095.78</ele>
        <time>2026-04-11T17:45:50Z</time>
      </trkpt>
      <trkpt lat="44.15016" lon="-73.7297">
        <ele>1095.09</ele>
        <time>2026-04-11T17:45:56Z</time>
      </trkpt>
      <trkpt lat="44.15016" lon="-73.72971">
        <ele>1094.84</ele>
        <time>2026-04-11T17:45:57Z</time>
      </trkpt>
      <trkpt lat="44.15012" lon="-73.72982">
        <ele>1092.24</ele>
        <time>2026-04-11T17:46:07Z</time>
      </trkpt>
      <trkpt lat="44.15005" lon="-73.7299">
        <ele>1091.16</ele>
        <time>2026-04-11T17:46:15Z</time>
      </trkpt>
      <trkpt lat="44.14997" lon="-73.72998">
        <ele>1089.97</ele>
        <time>2026-04-11T17:46:25Z</time>
      </trkpt>
      <trkpt lat="44.14993" lon="-73.73001">
        <ele>1089.54</ele>
        <time>2026-04-11T17:46:30Z</time>
      </trkpt>
      <trkpt lat="44.1499" lon="-73.73001">
        <ele>1089.71</ele>
        <time>2026-04-11T17:46:35Z</time>
      </trkpt>
      <trkpt lat="44.14988" lon="-73.73">
        <ele>1089.7</ele>
        <time>2026-04-11T17:46:38Z</time>
      </trkpt>
      <trkpt lat="44.14984" lon="-73.73001">
        <ele>1089.13</ele>
        <time>2026-04-11T17:46:45Z</time>
      </trkpt>
      <trkpt lat="44.14983" lon="-73.73001">
        <ele>1089.04</ele>
        <time>2026-04-11T17:46:46Z</time>
      </trkpt>
      <trkpt lat="44.14979" lon="-73.73001">
        <ele>1088.62</ele>
        <time>2026-04-11T17:46:53Z</time>
      </trkpt>
      <trkpt lat="44.14977" lon="-73.73">
        <ele>1088.52</ele>
        <time>2026-04-11T17:46:55Z</time>
      </trkpt>
      <trkpt lat="44.14969" lon="-73.72999">
        <ele>1087.48</ele>
        <time>2026-04-11T17:47:02Z</time>
      </trkpt>
      <trkpt lat="44.14964" lon="-73.73002">
        <ele>1086.01</ele>
        <time>2026-04-11T17:47:08Z</time>
      </trkpt>
      <trkpt lat="44.14962" lon="-73.73003">
        <ele>1085.36</ele>
        <time>2026-04-11T17:47:11Z</time>
      </trkpt>
      <trkpt lat="44.14961" lon="-73.73004">
        <ele>1084.93</ele>
        <time>2026-04-11T17:47:13Z</time>
      </trkpt>
      <trkpt lat="44.14959" lon="-73.73005">
        <ele>1084.18</ele>
        <time>2026-04-11T17:47:16Z</time>
      </trkpt>
      <trkpt lat="44.14959" lon="-73.73006">
        <ele>1084.07</ele>
        <time>2026-04-11T17:47:19Z</time>
      </trkpt>
      <trkpt lat="44.14957" lon="-73.73007">
        <ele>1083.31</ele>
        <time>2026-04-11T17:47:28Z</time>
      </trkpt>
      <trkpt lat="44.14955" lon="-73.73009">
        <ele>1082.45</ele>
        <time>2026-04-11T17:47:31Z</time>
      </trkpt>
      <trkpt lat="44.14952" lon="-73.73014">
        <ele>1080.75</ele>
        <time>2026-04-11T17:47:36Z</time>
      </trkpt>
      <trkpt lat="44.14951" lon="-73.73018">
        <ele>1079.89</ele>
        <time>2026-04-11T17:47:39Z</time>
      </trkpt>
      <trkpt lat="44.14949" lon="-73.73022">
        <ele>1078.78</ele>
        <time>2026-04-11T17:47:42Z</time>
      </trkpt>
      <trkpt lat="44.14946" lon="-73.73026">
        <ele>1077.54</ele>
        <time>2026-04-11T17:47:47Z</time>
      </trkpt>
      <trkpt lat="44.14946" lon="-73.73029">
        <ele>1077.37</ele>
        <time>2026-04-11T17:47:49Z</time>
      </trkpt>
      <trkpt lat="44.14943" lon="-73.73037">
        <ele>1075.38</ele>
        <time>2026-04-11T17:47:57Z</time>
      </trkpt>
      <trkpt lat="44.14941" lon="-73.73046">
        <ele>1073.54</ele>
        <time>2026-04-11T17:48:06Z</time>
      </trkpt>
      <trkpt lat="44.14939" lon="-73.73049">
        <ele>1072.24</ele>
        <time>2026-04-11T17:48:12Z</time>
      </trkpt>
      <trkpt lat="44.14938" lon="-73.7305">
        <ele>1071.69</ele>
        <time>2026-04-11T17:48:13Z</time>
      </trkpt>
      <trkpt lat="44.14939" lon="-73.73049">
        <ele>1072.24</ele>
        <time>2026-04-11T17:48:14Z</time>
      </trkpt>
      <trkpt lat="44.1494" lon="-73.7305">
        <ele>1072.47</ele>
        <time>2026-04-11T17:48:17Z</time>
      </trkpt>
      <trkpt lat="44.1494" lon="-73.7305">
        <ele>1072.47</ele>
        <time>2026-04-11T17:48:20Z</time>
      </trkpt>
      <trkpt lat="44.14941" lon="-73.7305">
        <ele>1072.86</ele>
        <time>2026-04-11T17:48:56Z</time>
      </trkpt>
      <trkpt lat="44.14939" lon="-73.73049">
        <ele>1072.24</ele>
        <time>2026-04-11T17:49:05Z</time>
      </trkpt>
      <trkpt lat="44.1494" lon="-73.7305">
        <ele>1072.47</ele>
        <time>2026-04-11T17:49:15Z</time>
      </trkpt>
      <trkpt lat="44.1494" lon="-73.73049">
        <ele>1072.64</ele>
        <time>2026-04-11T17:49:28Z</time>
      </trkpt>
      <trkpt lat="44.1494" lon="-73.7305">
        <ele>1072.47</ele>
        <time>2026-04-11T17:49:35Z</time>
      </trkpt>
      <trkpt lat="44.1494" lon="-73.73049">
        <ele>1072.64</ele>
        <time>2026-04-11T17:49:53Z</time>
      </trkpt>
      <trkpt lat="44.14939" lon="-73.73049">
        <ele>1072.24</ele>
        <time>2026-04-11T17:49:57Z</time>
      </trkpt>
      <trkpt lat="44.14939" lon="-73.73049">
        <ele>1072.24</ele>
        <time>2026-04-11T17:50:02Z</time>
      </trkpt>
      <trkpt lat="44.14939" lon="-73.73048">
        <ele>1072.39</ele>
        <time>2026-04-11T17:50:08Z</time>
      </trkpt>
      <trkpt lat="44.14939" lon="-73.73048">
        <ele>1072.39</ele>
        <time>2026-04-11T17:50:11Z</time>
      </trkpt>
      <trkpt lat="44.1494" lon="-73.73049">
        <ele>1072.64</ele>
        <time>2026-04-11T17:50:16Z</time>
      </trkpt>
      <trkpt lat="44.1494" lon="-73.7305">
        <ele>1072.47</ele>
        <time>2026-04-11T17:50:24Z</time>
      </trkpt>
      <trkpt lat="44.1494" lon="-73.73049">
        <ele>1072.64</ele>
        <time>2026-04-11T17:50:35Z</time>
      </trkpt>
      <trkpt lat="44.14941" lon="-73.73049">
        <ele>1073.04</ele>
        <time>2026-04-11T17:50:49Z</time>
      </trkpt>
      <trkpt lat="44.14941" lon="-73.73049">
        <ele>1073.04</ele>
        <time>2026-04-11T17:50:56Z</time>
      </trkpt>
      <trkpt lat="44.14941" lon="-73.73049">
        <ele>1073.04</ele>
        <time>2026-04-11T17:50:59Z</time>
      </trkpt>
      <trkpt lat="44.14941" lon="-73.73049">
        <ele>1073.04</ele>
        <time>2026-04-11T17:51:00Z</time>
      </trkpt>
      <trkpt lat="44.14941" lon="-73.73049">
        <ele>1073.04</ele>
        <time>2026-04-11T17:51:01Z</time>
      </trkpt>
      <trkpt lat="44.14941" lon="-73.73049">
        <ele>1073.04</ele>
        <time>2026-04-11T17:51:02Z</time>
      </trkpt>
      <trkpt lat="44.1494" lon="-73.7305">
        <ele>1072.47</ele>
        <time>2026-04-11T17:51:04Z</time>
      </trkpt>
      <trkpt lat="44.14943" lon="-73.7305">
        <ele>1073.64</ele>
        <time>2026-04-11T17:52:05Z</time>
      </trkpt>
      <trkpt lat="44.14943" lon="-73.73051">
        <ele>1073.44</ele>
        <time>2026-04-11T17:52:20Z</time>
      </trkpt>
      <trkpt lat="44.14943" lon="-73.73051">
        <ele>1073.44</ele>
        <time>2026-04-11T17:52:24Z</time>
      </trkpt>
      <trkpt lat="44.14943" lon="-73.7305">
        <ele>1073.64</ele>
        <time>2026-04-11T17:52:31Z</time>
      </trkpt>
      <trkpt lat="44.14943" lon="-73.73051">
        <ele>1073.44</ele>
        <time>2026-04-11T17:52:46Z</time>
      </trkpt>
      <trkpt lat="44.14943" lon="-73.73051">
        <ele>1073.44</ele>
        <time>2026-04-11T17:52:52Z</time>
      </trkpt>
      <trkpt lat="44.14943" lon="-73.73052">
        <ele>1073.24</ele>
        <time>2026-04-11T17:52:59Z</time>
      </trkpt>
      <trkpt lat="44.14944" lon="-73.73051">
        <ele>1073.82</ele>
        <time>2026-04-11T17:53:09Z</time>
      </trkpt>
      <trkpt lat="44.14943" lon="-73.73049">
        <ele>1073.84</ele>
        <time>2026-04-11T17:53:22Z</time>
      </trkpt>
      <trkpt lat="44.14944" lon="-73.7305">
        <ele>1074.03</ele>
        <time>2026-04-11T17:53:38Z</time>
      </trkpt>
      <trkpt lat="44.14941" lon="-73.73049">
        <ele>1073.04</ele>
        <time>2026-04-11T17:54:06Z</time>
      </trkpt>
      <trkpt lat="44.14941" lon="-73.73049">
        <ele>1073.04</ele>
        <time>2026-04-11T17:54:07Z</time>
      </trkpt>
      <trkpt lat="44.14941" lon="-73.7305">
        <ele>1072.86</ele>
        <time>2026-04-11T17:54:13Z</time>
      </trkpt>
      <trkpt lat="44.14941" lon="-73.7305">
        <ele>1072.86</ele>
        <time>2026-04-11T17:54:18Z</time>
      </trkpt>
      <trkpt lat="44.14941" lon="-73.7305">
        <ele>1072.86</ele>
        <time>2026-04-11T17:54:21Z</time>
      </trkpt>
      <trkpt lat="44.14943" lon="-73.7305">
        <ele>1073.64</ele>
        <time>2026-04-11T17:54:35Z</time>
      </trkpt>
      <trkpt lat="44.14943" lon="-73.7305">
        <ele>1073.64</ele>
        <time>2026-04-11T17:54:41Z</time>
      </trkpt>
      <trkpt lat="44.14943" lon="-73.7305">
        <ele>1073.64</ele>
        <time>2026-04-11T17:54:47Z</time>
      </trkpt>
      <trkpt lat="44.14943" lon="-73.7305">
        <ele>1073.64</ele>
        <time>2026-04-11T17:54:50Z</time>
      </trkpt>
      <trkpt lat="44.14943" lon="-73.7305">
        <ele>1073.64</ele>
        <time>2026-04-11T17:54:53Z</time>
      </trkpt>
      <trkpt lat="44.14943" lon="-73.7305">
        <ele>1073.64</ele>
        <time>2026-04-11T17:54:57Z</time>
      </trkpt>
      <trkpt lat="44.14942" lon="-73.73051">
        <ele>1073.06</ele>
        <time>2026-04-11T17:55:03Z</time>
      </trkpt>
      <trkpt lat="44.14941" lon="-73.7305">
        <ele>1072.86</ele>
        <time>2026-04-11T17:55:13Z</time>
      </trkpt>
      <trkpt lat="44.14941" lon="-73.7305">
        <ele>1072.86</ele>
        <time>2026-04-11T18:00:01Z</time>
      </trkpt>
      <trkpt lat="44.14941" lon="-73.7305">
        <ele>1072.86</ele>
        <time>2026-04-11T18:00:02Z</time>
      </trkpt>
      <trkpt lat="44.14942" lon="-73.73049">
        <ele>1073.44</ele>
        <time>2026-04-11T18:00:06Z</time>
      </trkpt>
      <trkpt lat="44.14941" lon="-73.73051">
        <ele>1072.68</ele>
        <time>2026-04-11T18:00:08Z</time>
      </trkpt>
      <trkpt lat="44.14939" lon="-73.73052">
        <ele>1071.78</ele>
        <time>2026-04-11T18:00:12Z</time>
      </trkpt>
      <trkpt lat="44.14938" lon="-73.73052">
        <ele>1071.41</ele>
        <time>2026-04-11T18:00:16Z</time>
      </trkpt>
      <trkpt lat="44.14937" lon="-73.73053">
        <ele>1070.92</ele>
        <time>2026-04-11T18:00:24Z</time>
      </trkpt>
      <trkpt lat="44.14936" lon="-73.73054">
        <ele>1070.45</ele>
        <time>2026-04-11T18:00:26Z</time>
      </trkpt>
      <trkpt lat="44.14933" lon="-73.73056">
        <ele>1068.78</ele>
        <time>2026-04-11T18:00:31Z</time>
      </trkpt>
      <trkpt lat="44.1493" lon="-73.73058">
        <ele>1067.08</ele>
        <time>2026-04-11T18:00:35Z</time>
      </trkpt>
      <trkpt lat="44.14929" lon="-73.7306">
        <ele>1066.5</ele>
        <time>2026-04-11T18:00:37Z</time>
      </trkpt>
      <trkpt lat="44.14928" lon="-73.73063">
        <ele>1065.94</ele>
        <time>2026-04-11T18:00:40Z</time>
      </trkpt>
      <trkpt lat="44.14928" lon="-73.73068">
        <ele>1065.47</ele>
        <time>2026-04-11T18:00:44Z</time>
      </trkpt>
      <trkpt lat="44.14925" lon="-73.73072">
        <ele>1063.8</ele>
        <time>2026-04-11T18:00:50Z</time>
      </trkpt>
      <trkpt lat="44.14923" lon="-73.73072">
        <ele>1062.89</ele>
        <time>2026-04-11T18:00:52Z</time>
      </trkpt>
      <trkpt lat="44.14921" lon="-73.73072">
        <ele>1061.98</ele>
        <time>2026-04-11T18:00:56Z</time>
      </trkpt>
      <trkpt lat="44.14919" lon="-73.73077">
        <ele>1060.93</ele>
        <time>2026-04-11T18:01:00Z</time>
      </trkpt>
      <trkpt lat="44.14917" lon="-73.73081">
        <ele>1060.12</ele>
        <time>2026-04-11T18:01:04Z</time>
      </trkpt>
      <trkpt lat="44.14916" lon="-73.73085">
        <ele>1059.46</ele>
        <time>2026-04-11T18:01:08Z</time>
      </trkpt>
      <trkpt lat="44.14915" lon="-73.73086">
        <ele>1058.81</ele>
        <time>2026-04-11T18:01:09Z</time>
      </trkpt>
      <trkpt lat="44.14911" lon="-73.73094">
        <ele>1055.88</ele>
        <time>2026-04-11T18:01:16Z</time>
      </trkpt>
      <trkpt lat="44.14911" lon="-73.73096">
        <ele>1055.8</ele>
        <time>2026-04-11T18:01:18Z</time>
      </trkpt>
      <trkpt lat="44.1491" lon="-73.73098">
        <ele>1055.24</ele>
        <time>2026-04-11T18:01:21Z</time>
      </trkpt>
      <trkpt lat="44.14909" lon="-73.73099">
        <ele>1054.74</ele>
        <time>2026-04-11T18:01:23Z</time>
      </trkpt>
      <trkpt lat="44.14906" lon="-73.73102">
        <ele>1053.22</ele>
        <time>2026-04-11T18:01:28Z</time>
      </trkpt>
      <trkpt lat="44.14906" lon="-73.73104">
        <ele>1053.01</ele>
        <time>2026-04-11T18:01:31Z</time>
      </trkpt>
      <trkpt lat="44.14905" lon="-73.73105">
        <ele>1052.36</ele>
        <time>2026-04-11T18:01:32Z</time>
      </trkpt>
      <trkpt lat="44.14904" lon="-73.73111">
        <ele>1051.17</ele>
        <time>2026-04-11T18:01:39Z</time>
      </trkpt>
      <trkpt lat="44.14904" lon="-73.73114">
        <ele>1050.77</ele>
        <time>2026-04-11T18:01:43Z</time>
      </trkpt>
      <trkpt lat="44.14902" lon="-73.73114">
        <ele>1049.82</ele>
        <time>2026-04-11T18:01:45Z</time>
      </trkpt>
      <trkpt lat="44.14901" lon="-73.73115">
        <ele>1049.28</ele>
        <time>2026-04-11T18:01:48Z</time>
      </trkpt>
      <trkpt lat="44.149" lon="-73.73117">
        <ele>1048.75</ele>
        <time>2026-04-11T18:01:51Z</time>
      </trkpt>
      <trkpt lat="44.14898" lon="-73.73117">
        <ele>1047.94</ele>
        <time>2026-04-11T18:02:00Z</time>
      </trkpt>
      <trkpt lat="44.14898" lon="-73.73115">
        <ele>1047.94</ele>
        <time>2026-04-11T18:02:08Z</time>
      </trkpt>
      <trkpt lat="44.14897" lon="-73.73116">
        <ele>1047.5</ele>
        <time>2026-04-11T18:02:13Z</time>
      </trkpt>
      <trkpt lat="44.14897" lon="-73.73117">
        <ele>1047.5</ele>
        <time>2026-04-11T18:02:18Z</time>
      </trkpt>
      <trkpt lat="44.14896" lon="-73.73117">
        <ele>1047.07</ele>
        <time>2026-04-11T18:02:19Z</time>
      </trkpt>
      <trkpt lat="44.14894" lon="-73.73118">
        <ele>1046.21</ele>
        <time>2026-04-11T18:02:24Z</time>
      </trkpt>
      <trkpt lat="44.14893" lon="-73.73118">
        <ele>1045.78</ele>
        <time>2026-04-11T18:02:26Z</time>
      </trkpt>
      <trkpt lat="44.14891" lon="-73.73118">
        <ele>1044.91</ele>
        <time>2026-04-11T18:02:31Z</time>
      </trkpt>
      <trkpt lat="44.14889" lon="-73.7312">
        <ele>1044.05</ele>
        <time>2026-04-11T18:02:35Z</time>
      </trkpt>
      <trkpt lat="44.14886" lon="-73.73121">
        <ele>1042.77</ele>
        <time>2026-04-11T18:02:40Z</time>
      </trkpt>
      <trkpt lat="44.14885" lon="-73.73123">
        <ele>1042.44</ele>
        <time>2026-04-11T18:02:43Z</time>
      </trkpt>
      <trkpt lat="44.14883" lon="-73.73127">
        <ele>1041.91</ele>
        <time>2026-04-11T18:02:47Z</time>
      </trkpt>
      <trkpt lat="44.14883" lon="-73.7313">
        <ele>1042.09</ele>
        <time>2026-04-11T18:02:50Z</time>
      </trkpt>
      <trkpt lat="44.1488" lon="-73.73137">
        <ele>1041.12</ele>
        <time>2026-04-11T18:02:58Z</time>
      </trkpt>
      <trkpt lat="44.14879" lon="-73.73138">
        <ele>1040.72</ele>
        <time>2026-04-11T18:02:59Z</time>
      </trkpt>
      <trkpt lat="44.14878" lon="-73.73142">
        <ele>1040.3</ele>
        <time>2026-04-11T18:03:04Z</time>
      </trkpt>
      <trkpt lat="44.14878" lon="-73.73145">
        <ele>1040.3</ele>
        <time>2026-04-11T18:03:06Z</time>
      </trkpt>
      <trkpt lat="44.14878" lon="-73.73146">
        <ele>1040.3</ele>
        <time>2026-04-11T18:03:07Z</time>
      </trkpt>
      <trkpt lat="44.14875" lon="-73.73152">
        <ele>1038.79</ele>
        <time>2026-04-11T18:03:16Z</time>
      </trkpt>
      <trkpt lat="44.14874" lon="-73.73155">
        <ele>1038.28</ele>
        <time>2026-04-11T18:03:20Z</time>
      </trkpt>
      <trkpt lat="44.14873" lon="-73.73159">
        <ele>1037.68</ele>
        <time>2026-04-11T18:03:25Z</time>
      </trkpt>
      <trkpt lat="44.14872" lon="-73.73162">
        <ele>1037.03</ele>
        <time>2026-04-11T18:03:28Z</time>
      </trkpt>
      <trkpt lat="44.1487" lon="-73.73164">
        <ele>1036.2</ele>
        <time>2026-04-11T18:03:31Z</time>
      </trkpt>
      <trkpt lat="44.14869" lon="-73.73165">
        <ele>1035.86</ele>
        <time>2026-04-11T18:03:32Z</time>
      </trkpt>
      <trkpt lat="44.14867" lon="-73.73166">
        <ele>1035.32</ele>
        <time>2026-04-11T18:03:35Z</time>
      </trkpt>
      <trkpt lat="44.14864" lon="-73.73168">
        <ele>1034.52</ele>
        <time>2026-04-11T18:03:40Z</time>
      </trkpt>
      <trkpt lat="44.14863" lon="-73.73169">
        <ele>1034.21</ele>
        <time>2026-04-11T18:03:42Z</time>
      </trkpt>
      <trkpt lat="44.14861" lon="-73.7317">
        <ele>1033.61</ele>
        <time>2026-04-11T18:03:47Z</time>
      </trkpt>
      <trkpt lat="44.1486" lon="-73.7317">
        <ele>1033.32</ele>
        <time>2026-04-11T18:03:48Z</time>
      </trkpt>
      <trkpt lat="44.14859" lon="-73.73169">
        <ele>1033.12</ele>
        <time>2026-04-11T18:03:52Z</time>
      </trkpt>
      <trkpt lat="44.14858" lon="-73.73169">
        <ele>1032.82</ele>
        <time>2026-04-11T18:03:54Z</time>
      </trkpt>
      <trkpt lat="44.14857" lon="-73.73169">
        <ele>1032.53</ele>
        <time>2026-04-11T18:03:55Z</time>
      </trkpt>
      <trkpt lat="44.14857" lon="-73.7317">
        <ele>1032.47</ele>
        <time>2026-04-11T18:03:57Z</time>
      </trkpt>
      <trkpt lat="44.14856" lon="-73.73171">
        <ele>1032.13</ele>
        <time>2026-04-11T18:03:59Z</time>
      </trkpt>
      <trkpt lat="44.14855" lon="-73.73172">
        <ele>1031.82</ele>
        <time>2026-04-11T18:04:03Z</time>
      </trkpt>
      <trkpt lat="44.14855" lon="-73.73172">
        <ele>1031.82</ele>
        <time>2026-04-11T18:04:04Z</time>
      </trkpt>
      <trkpt lat="44.14854" lon="-73.73173">
        <ele>1031.54</ele>
        <time>2026-04-11T18:04:19Z</time>
      </trkpt>
      <trkpt lat="44.14853" lon="-73.73173">
        <ele>1031.29</ele>
        <time>2026-04-11T18:04:20Z</time>
      </trkpt>
      <trkpt lat="44.14853" lon="-73.73173">
        <ele>1031.29</ele>
        <time>2026-04-11T18:04:22Z</time>
      </trkpt>
      <trkpt lat="44.14852" lon="-73.73174">
        <ele>1031.04</ele>
        <time>2026-04-11T18:04:31Z</time>
      </trkpt>
      <trkpt lat="44.14853" lon="-73.73177">
        <ele>1031.25</ele>
        <time>2026-04-11T18:04:38Z</time>
      </trkpt>
      <trkpt lat="44.14853" lon="-73.73178">
        <ele>1031.25</ele>
        <time>2026-04-11T18:04:39Z</time>
      </trkpt>
      <trkpt lat="44.14852" lon="-73.73181">
        <ele>1031.03</ele>
        <time>2026-04-11T18:04:43Z</time>
      </trkpt>
      <trkpt lat="44.14852" lon="-73.73181">
        <ele>1031.03</ele>
        <time>2026-04-11T18:04:45Z</time>
      </trkpt>
      <trkpt lat="44.1485" lon="-73.73182">
        <ele>1030.4</ele>
        <time>2026-04-11T18:04:47Z</time>
      </trkpt>
      <trkpt lat="44.14846" lon="-73.73182">
        <ele>1029.1</ele>
        <time>2026-04-11T18:04:52Z</time>
      </trkpt>
      <trkpt lat="44.14845" lon="-73.73182">
        <ele>1028.78</ele>
        <time>2026-04-11T18:04:54Z</time>
      </trkpt>
      <trkpt lat="44.14841" lon="-73.73187">
        <ele>1027.48</ele>
        <time>2026-04-11T18:05:01Z</time>
      </trkpt>
      <trkpt lat="44.14839" lon="-73.7319">
        <ele>1026.84</ele>
        <time>2026-04-11T18:05:05Z</time>
      </trkpt>
      <trkpt lat="44.14837" lon="-73.73191">
        <ele>1026.19</ele>
        <time>2026-04-11T18:05:09Z</time>
      </trkpt>
      <trkpt lat="44.14835" lon="-73.73191">
        <ele>1025.54</ele>
        <time>2026-04-11T18:05:12Z</time>
      </trkpt>
      <trkpt lat="44.14835" lon="-73.7319">
        <ele>1025.54</ele>
        <time>2026-04-11T18:05:16Z</time>
      </trkpt>
      <trkpt lat="44.14831" lon="-73.73188">
        <ele>1024.24</ele>
        <time>2026-04-11T18:05:25Z</time>
      </trkpt>
      <trkpt lat="44.1483" lon="-73.73187">
        <ele>1023.92</ele>
        <time>2026-04-11T18:05:28Z</time>
      </trkpt>
      <trkpt lat="44.14828" lon="-73.73186">
        <ele>1023.27</ele>
        <time>2026-04-11T18:05:36Z</time>
      </trkpt>
      <trkpt lat="44.14828" lon="-73.73186">
        <ele>1023.27</ele>
        <time>2026-04-11T18:05:40Z</time>
      </trkpt>
      <trkpt lat="44.14826" lon="-73.73187">
        <ele>1022.62</ele>
        <time>2026-04-11T18:05:45Z</time>
      </trkpt>
      <trkpt lat="44.14824" lon="-73.7319">
        <ele>1021.98</ele>
        <time>2026-04-11T18:05:51Z</time>
      </trkpt>
      <trkpt lat="44.14823" lon="-73.73193">
        <ele>1021.65</ele>
        <time>2026-04-11T18:05:54Z</time>
      </trkpt>
      <trkpt lat="44.14822" lon="-73.73196">
        <ele>1021.33</ele>
        <time>2026-04-11T18:05:58Z</time>
      </trkpt>
      <trkpt lat="44.14821" lon="-73.73196">
        <ele>1021.0</ele>
        <time>2026-04-11T18:06:00Z</time>
      </trkpt>
      <trkpt lat="44.14821" lon="-73.73198">
        <ele>1021.0</ele>
        <time>2026-04-11T18:06:02Z</time>
      </trkpt>
      <trkpt lat="44.1482" lon="-73.73199">
        <ele>1020.68</ele>
        <time>2026-04-11T18:06:04Z</time>
      </trkpt>
      <trkpt lat="44.14813" lon="-73.73202">
        <ele>1018.41</ele>
        <time>2026-04-11T18:06:10Z</time>
      </trkpt>
      <trkpt lat="44.14811" lon="-73.73205">
        <ele>1017.71</ele>
        <time>2026-04-11T18:06:12Z</time>
      </trkpt>
      <trkpt lat="44.14809" lon="-73.7321">
        <ele>1016.69</ele>
        <time>2026-04-11T18:06:18Z</time>
      </trkpt>
      <trkpt lat="44.14808" lon="-73.73211">
        <ele>1016.21</ele>
        <time>2026-04-11T18:06:20Z</time>
      </trkpt>
      <trkpt lat="44.14804" lon="-73.73213">
        <ele>1014.5</ele>
        <time>2026-04-11T18:06:26Z</time>
      </trkpt>
      <trkpt lat="44.14804" lon="-73.73213">
        <ele>1014.5</ele>
        <time>2026-04-11T18:06:27Z</time>
      </trkpt>
      <trkpt lat="44.14801" lon="-73.73212">
        <ele>1013.63</ele>
        <time>2026-04-11T18:06:31Z</time>
      </trkpt>
      <trkpt lat="44.14799" lon="-73.73212">
        <ele>1012.98</ele>
        <time>2026-04-11T18:06:35Z</time>
      </trkpt>
      <trkpt lat="44.14798" lon="-73.73212">
        <ele>1012.66</ele>
        <time>2026-04-11T18:06:38Z</time>
      </trkpt>
      <trkpt lat="44.14797" lon="-73.73212">
        <ele>1012.33</ele>
        <time>2026-04-11T18:06:44Z</time>
      </trkpt>
      <trkpt lat="44.14797" lon="-73.73213">
        <ele>1012.23</ele>
        <time>2026-04-11T18:06:48Z</time>
      </trkpt>
      <trkpt lat="44.14796" lon="-73.73214">
        <ele>1011.9</ele>
        <time>2026-04-11T18:06:52Z</time>
      </trkpt>
      <trkpt lat="44.14796" lon="-73.73214">
        <ele>1011.9</ele>
        <time>2026-04-11T18:06:56Z</time>
      </trkpt>
      <trkpt lat="44.14795" lon="-73.73214">
        <ele>1011.56</ele>
        <time>2026-04-11T18:07:00Z</time>
      </trkpt>
      <trkpt lat="44.14794" lon="-73.73215">
        <ele>1011.2</ele>
        <time>2026-04-11T18:07:05Z</time>
      </trkpt>
      <trkpt lat="44.14792" lon="-73.73215">
        <ele>1010.51</ele>
        <time>2026-04-11T18:07:08Z</time>
      </trkpt>
      <trkpt lat="44.1479" lon="-73.73214">
        <ele>1009.88</ele>
        <time>2026-04-11T18:07:13Z</time>
      </trkpt>
      <trkpt lat="44.14786" lon="-73.73213">
        <ele>1008.44</ele>
        <time>2026-04-11T18:07:18Z</time>
      </trkpt>
      <trkpt lat="44.14782" lon="-73.73211">
        <ele>1006.28</ele>
        <time>2026-04-11T18:07:24Z</time>
      </trkpt>
      <trkpt lat="44.1478" lon="-73.73209">
        <ele>1005.2</ele>
        <time>2026-04-11T18:07:28Z</time>
      </trkpt>
      <trkpt lat="44.14778" lon="-73.73208">
        <ele>1004.12</ele>
        <time>2026-04-11T18:07:30Z</time>
      </trkpt>
      <trkpt lat="44.14775" lon="-73.73203">
        <ele>1002.42</ele>
        <time>2026-04-11T18:07:36Z</time>
      </trkpt>
      <trkpt lat="44.14774" lon="-73.73203">
        <ele>1001.88</ele>
        <time>2026-04-11T18:07:37Z</time>
      </trkpt>
      <trkpt lat="44.1477" lon="-73.73205">
        <ele>999.8</ele>
        <time>2026-04-11T18:07:45Z</time>
      </trkpt>
      <trkpt lat="44.14769" lon="-73.73205">
        <ele>999.26</ele>
        <time>2026-04-11T18:07:46Z</time>
      </trkpt>
      <trkpt lat="44.14768" lon="-73.73203">
        <ele>998.59</ele>
        <time>2026-04-11T18:07:54Z</time>
      </trkpt>
      <trkpt lat="44.14767" lon="-73.73202">
        <ele>997.86</ele>
        <time>2026-04-11T18:07:57Z</time>
      </trkpt>
      <trkpt lat="44.14767" lon="-73.732">
        <ele>997.68</ele>
        <time>2026-04-11T18:08:01Z</time>
      </trkpt>
      <trkpt lat="44.14767" lon="-73.73196">
        <ele>997.32</ele>
        <time>2026-04-11T18:08:08Z</time>
      </trkpt>
      <trkpt lat="44.14766" lon="-73.73195">
        <ele>996.68</ele>
        <time>2026-04-11T18:08:13Z</time>
      </trkpt>
      <trkpt lat="44.14766" lon="-73.73195">
        <ele>996.68</ele>
        <time>2026-04-11T18:08:15Z</time>
      </trkpt>
      <trkpt lat="44.14766" lon="-73.73195">
        <ele>996.68</ele>
        <time>2026-04-11T18:08:16Z</time>
      </trkpt>
      <trkpt lat="44.14766" lon="-73.73194">
        <ele>996.59</ele>
        <time>2026-04-11T18:08:19Z</time>
      </trkpt>
      <trkpt lat="44.14766" lon="-73.73194">
        <ele>996.59</ele>
        <time>2026-04-11T18:08:20Z</time>
      </trkpt>
      <trkpt lat="44.14765" lon="-73.73194">
        <ele>996.05</ele>
        <time>2026-04-11T18:08:25Z</time>
      </trkpt>
      <trkpt lat="44.14764" lon="-73.73193">
        <ele>995.4</ele>
        <time>2026-04-11T18:08:27Z</time>
      </trkpt>
      <trkpt lat="44.14762" lon="-73.73193">
        <ele>994.32</ele>
        <time>2026-04-11T18:08:33Z</time>
      </trkpt>
      <trkpt lat="44.14761" lon="-73.73193">
        <ele>993.78</ele>
        <time>2026-04-11T18:08:35Z</time>
      </trkpt>
      <trkpt lat="44.14758" lon="-73.73198">
        <ele>992.37</ele>
        <time>2026-04-11T18:08:43Z</time>
      </trkpt>
      <trkpt lat="44.14758" lon="-73.73202">
        <ele>992.43</ele>
        <time>2026-04-11T18:08:51Z</time>
      </trkpt>
      <trkpt lat="44.14757" lon="-73.73201">
        <ele>991.95</ele>
        <time>2026-04-11T18:08:58Z</time>
      </trkpt>
      <trkpt lat="44.14756" lon="-73.73201">
        <ele>991.49</ele>
        <time>2026-04-11T18:09:01Z</time>
      </trkpt>
      <trkpt lat="44.14754" lon="-73.73202">
        <ele>990.62</ele>
        <time>2026-04-11T18:09:04Z</time>
      </trkpt>
      <trkpt lat="44.14754" lon="-73.73203">
        <ele>990.68</ele>
        <time>2026-04-11T18:09:05Z</time>
      </trkpt>
      <trkpt lat="44.14749" lon="-73.7321">
        <ele>988.35</ele>
        <time>2026-04-11T18:09:12Z</time>
      </trkpt>
      <trkpt lat="44.14749" lon="-73.73217">
        <ele>987.92</ele>
        <time>2026-04-11T18:09:18Z</time>
      </trkpt>
      <trkpt lat="44.14748" lon="-73.73218">
        <ele>987.16</ele>
        <time>2026-04-11T18:09:21Z</time>
      </trkpt>
      <trkpt lat="44.14748" lon="-73.73219">
        <ele>987.05</ele>
        <time>2026-04-11T18:09:22Z</time>
      </trkpt>
      <trkpt lat="44.14744" lon="-73.73221">
        <ele>984.24</ele>
        <time>2026-04-11T18:09:29Z</time>
      </trkpt>
      <trkpt lat="44.14743" lon="-73.73222">
        <ele>983.49</ele>
        <time>2026-04-11T18:09:30Z</time>
      </trkpt>
      <trkpt lat="44.14743" lon="-73.73225">
        <ele>983.09</ele>
        <time>2026-04-11T18:09:36Z</time>
      </trkpt>
      <trkpt lat="44.14742" lon="-73.73227">
        <ele>982.23</ele>
        <time>2026-04-11T18:09:38Z</time>
      </trkpt>
      <trkpt lat="44.14742" lon="-73.73228">
        <ele>982.11</ele>
        <time>2026-04-11T18:09:39Z</time>
      </trkpt>
      <trkpt lat="44.14743" lon="-73.73231">
        <ele>982.28</ele>
        <time>2026-04-11T18:09:42Z</time>
      </trkpt>
      <trkpt lat="44.14744" lon="-73.73233">
        <ele>982.43</ele>
        <time>2026-04-11T18:09:46Z</time>
      </trkpt>
      <trkpt lat="44.14744" lon="-73.73233">
        <ele>982.43</ele>
        <time>2026-04-11T18:09:47Z</time>
      </trkpt>
      <trkpt lat="44.14743" lon="-73.73234">
        <ele>981.68</ele>
        <time>2026-04-11T18:09:52Z</time>
      </trkpt>
      <trkpt lat="44.14743" lon="-73.73235">
        <ele>981.46</ele>
        <time>2026-04-11T18:09:53Z</time>
      </trkpt>
      <trkpt lat="44.14744" lon="-73.73239">
        <ele>981.14</ele>
        <time>2026-04-11T18:09:59Z</time>
      </trkpt>
      <trkpt lat="44.14744" lon="-73.7324">
        <ele>980.92</ele>
        <time>2026-04-11T18:10:00Z</time>
      </trkpt>
      <trkpt lat="44.14744" lon="-73.73241">
        <ele>980.68</ele>
        <time>2026-04-11T18:10:02Z</time>
      </trkpt>
      <trkpt lat="44.14745" lon="-73.73245">
        <ele>979.92</ele>
        <time>2026-04-11T18:10:08Z</time>
      </trkpt>
      <trkpt lat="44.14745" lon="-73.73246">
        <ele>979.6</ele>
        <time>2026-04-11T18:10:11Z</time>
      </trkpt>
      <trkpt lat="44.14744" lon="-73.73247">
        <ele>978.73</ele>
        <time>2026-04-11T18:10:14Z</time>
      </trkpt>
      <trkpt lat="44.14744" lon="-73.73249">
        <ele>978.08</ele>
        <time>2026-04-11T18:10:24Z</time>
      </trkpt>
      <trkpt lat="44.14744" lon="-73.73249">
        <ele>978.08</ele>
        <time>2026-04-11T18:10:26Z</time>
      </trkpt>
      <trkpt lat="44.14743" lon="-73.73251">
        <ele>976.95</ele>
        <time>2026-04-11T18:10:32Z</time>
      </trkpt>
      <trkpt lat="44.14742" lon="-73.73251">
        <ele>976.43</ele>
        <time>2026-04-11T18:10:35Z</time>
      </trkpt>
      <trkpt lat="44.14743" lon="-73.73252">
        <ele>976.68</ele>
        <time>2026-04-11T18:10:38Z</time>
      </trkpt>
      <trkpt lat="44.14743" lon="-73.73253">
        <ele>976.41</ele>
        <time>2026-04-11T18:10:40Z</time>
      </trkpt>
      <trkpt lat="44.14743" lon="-73.73255">
        <ele>975.88</ele>
        <time>2026-04-11T18:10:46Z</time>
      </trkpt>
      <trkpt lat="44.14744" lon="-73.73257">
        <ele>975.72</ele>
        <time>2026-04-11T18:10:59Z</time>
      </trkpt>
      <trkpt lat="44.14743" lon="-73.73259">
        <ele>974.8</ele>
        <time>2026-04-11T18:11:06Z</time>
      </trkpt>
      <trkpt lat="44.14743" lon="-73.73258">
        <ele>975.07</ele>
        <time>2026-04-11T18:11:09Z</time>
      </trkpt>
      <trkpt lat="44.14742" lon="-73.73257">
        <ele>974.96</ele>
        <time>2026-04-11T18:11:12Z</time>
      </trkpt>
      <trkpt lat="44.14742" lon="-73.73255">
        <ele>975.45</ele>
        <time>2026-04-11T18:11:17Z</time>
      </trkpt>
      <trkpt lat="44.14741" lon="-73.73254">
        <ele>975.25</ele>
        <time>2026-04-11T18:11:19Z</time>
      </trkpt>
      <trkpt lat="44.14741" lon="-73.73254">
        <ele>975.25</ele>
        <time>2026-04-11T18:11:28Z</time>
      </trkpt>
      <trkpt lat="44.1474" lon="-73.73255">
        <ele>974.6</ele>
        <time>2026-04-11T18:11:35Z</time>
      </trkpt>
      <trkpt lat="44.14739" lon="-73.73256">
        <ele>973.95</ele>
        <time>2026-04-11T18:11:38Z</time>
      </trkpt>
      <trkpt lat="44.1474" lon="-73.73256">
        <ele>974.38</ele>
        <time>2026-04-11T18:11:39Z</time>
      </trkpt>
      <trkpt lat="44.1474" lon="-73.73256">
        <ele>974.38</ele>
        <time>2026-04-11T18:11:43Z</time>
      </trkpt>
      <trkpt lat="44.14739" lon="-73.73256">
        <ele>973.95</ele>
        <time>2026-04-11T18:11:44Z</time>
      </trkpt>
      <trkpt lat="44.14738" lon="-73.73257">
        <ele>973.3</ele>
        <time>2026-04-11T18:11:51Z</time>
      </trkpt>
      <trkpt lat="44.14738" lon="-73.73257">
        <ele>973.3</ele>
        <time>2026-04-11T18:11:52Z</time>
      </trkpt>
      <trkpt lat="44.14736" lon="-73.73257">
        <ele>972.44</ele>
        <time>2026-04-11T18:11:57Z</time>
      </trkpt>
      <trkpt lat="44.14735" lon="-73.73255">
        <ele>972.44</ele>
        <time>2026-04-11T18:12:05Z</time>
      </trkpt>
      <trkpt lat="44.14734" lon="-73.73255">
        <ele>972.01</ele>
        <time>2026-04-11T18:12:10Z</time>
      </trkpt>
      <trkpt lat="44.14731" lon="-73.73254">
        <ele>971.0</ele>
        <time>2026-04-11T18:12:16Z</time>
      </trkpt>
      <trkpt lat="44.14729" lon="-73.73254">
        <ele>970.45</ele>
        <time>2026-04-11T18:12:20Z</time>
      </trkpt>
      <trkpt lat="44.14726" lon="-73.73254">
        <ele>969.62</ele>
        <time>2026-04-11T18:12:24Z</time>
      </trkpt>
      <trkpt lat="44.14725" lon="-73.73255">
        <ele>969.2</ele>
        <time>2026-04-11T18:12:25Z</time>
      </trkpt>
      <trkpt lat="44.14716" lon="-73.73256">
        <ele>967.44</ele>
        <time>2026-04-11T18:12:33Z</time>
      </trkpt>
      <trkpt lat="44.14715" lon="-73.73257">
        <ele>967.27</ele>
        <time>2026-04-11T18:12:36Z</time>
      </trkpt>
      <trkpt lat="44.14712" lon="-73.73255">
        <ele>966.84</ele>
        <time>2026-04-11T18:12:43Z</time>
      </trkpt>
      <trkpt lat="44.14712" lon="-73.73254">
        <ele>966.85</ele>
        <time>2026-04-11T18:12:44Z</time>
      </trkpt>
      <trkpt lat="44.14709" lon="-73.73254">
        <ele>966.39</ele>
        <time>2026-04-11T18:12:47Z</time>
      </trkpt>
      <trkpt lat="44.14706" lon="-73.73254">
        <ele>965.92</ele>
        <time>2026-04-11T18:12:51Z</time>
      </trkpt>
      <trkpt lat="44.14703" lon="-73.73255">
        <ele>965.35</ele>
        <time>2026-04-11T18:12:54Z</time>
      </trkpt>
      <trkpt lat="44.14699" lon="-73.73256">
        <ele>964.67</ele>
        <time>2026-04-11T18:12:59Z</time>
      </trkpt>
      <trkpt lat="44.14697" lon="-73.73257">
        <ele>964.34</ele>
        <time>2026-04-11T18:13:01Z</time>
      </trkpt>
      <trkpt lat="44.1469" lon="-73.73256">
        <ele>963.52</ele>
        <time>2026-04-11T18:13:08Z</time>
      </trkpt>
      <trkpt lat="44.14689" lon="-73.73256">
        <ele>963.41</ele>
        <time>2026-04-11T18:13:09Z</time>
      </trkpt>
      <trkpt lat="44.14684" lon="-73.73257">
        <ele>962.9</ele>
        <time>2026-04-11T18:13:17Z</time>
      </trkpt>
      <trkpt lat="44.14681" lon="-73.73254">
        <ele>962.8</ele>
        <time>2026-04-11T18:13:26Z</time>
      </trkpt>
      <trkpt lat="44.1468" lon="-73.73251">
        <ele>962.94</ele>
        <time>2026-04-11T18:13:34Z</time>
      </trkpt>
      <trkpt lat="44.1468" lon="-73.7325">
        <ele>963.0</ele>
        <time>2026-04-11T18:13:35Z</time>
      </trkpt>
      <trkpt lat="44.14681" lon="-73.73249">
        <ele>962.89</ele>
        <time>2026-04-11T18:13:36Z</time>
      </trkpt>
      <trkpt lat="44.14681" lon="-73.73246">
        <ele>962.57</ele>
        <time>2026-04-11T18:13:38Z</time>
      </trkpt>
      <trkpt lat="44.14679" lon="-73.7324">
        <ele>961.92</ele>
        <time>2026-04-11T18:13:43Z</time>
      </trkpt>
      <trkpt lat="44.14679" lon="-73.73239">
        <ele>961.81</ele>
        <time>2026-04-11T18:13:44Z</time>
      </trkpt>
      <trkpt lat="44.14672" lon="-73.73236">
        <ele>961.91</ele>
        <time>2026-04-11T18:13:52Z</time>
      </trkpt>
      <trkpt lat="44.14668" lon="-73.73235">
        <ele>962.24</ele>
        <time>2026-04-11T18:13:56Z</time>
      </trkpt>
      <trkpt lat="44.14665" lon="-73.73233">
        <ele>962.1</ele>
        <time>2026-04-11T18:14:01Z</time>
      </trkpt>
      <trkpt lat="44.14664" lon="-73.73232">
        <ele>962.02</ele>
        <time>2026-04-11T18:14:03Z</time>
      </trkpt>
      <trkpt lat="44.14661" lon="-73.73229">
        <ele>961.73</ele>
        <time>2026-04-11T18:14:09Z</time>
      </trkpt>
      <trkpt lat="44.1466" lon="-73.73228">
        <ele>961.62</ele>
        <time>2026-04-11T18:14:12Z</time>
      </trkpt>
      <trkpt lat="44.14659" lon="-73.73226">
        <ele>961.41</ele>
        <time>2026-04-11T18:14:17Z</time>
      </trkpt>
      <trkpt lat="44.14658" lon="-73.73225">
        <ele>961.3</ele>
        <time>2026-04-11T18:14:20Z</time>
      </trkpt>
      <trkpt lat="44.14658" lon="-73.73225">
        <ele>961.3</ele>
        <time>2026-04-11T18:14:22Z</time>
      </trkpt>
      <trkpt lat="44.14656" lon="-73.73222">
        <ele>960.65</ele>
        <time>2026-04-11T18:14:25Z</time>
      </trkpt>
      <trkpt lat="44.14654" lon="-73.73219">
        <ele>959.7</ele>
        <time>2026-04-11T18:14:29Z</time>
      </trkpt>
      <trkpt lat="44.1465" lon="-73.73218">
        <ele>958.85</ele>
        <time>2026-04-11T18:14:34Z</time>
      </trkpt>
      <trkpt lat="44.14647" lon="-73.7322">
        <ele>958.17</ele>
        <time>2026-04-11T18:14:40Z</time>
      </trkpt>
      <trkpt lat="44.14646" lon="-73.7322">
        <ele>957.66</ele>
        <time>2026-04-11T18:14:44Z</time>
      </trkpt>
      <trkpt lat="44.14647" lon="-73.73219">
        <ele>958.08</ele>
        <time>2026-04-11T18:14:47Z</time>
      </trkpt>
      <trkpt lat="44.14643" lon="-73.7322">
        <ele>956.11</ele>
        <time>2026-04-11T18:14:54Z</time>
      </trkpt>
      <trkpt lat="44.14643" lon="-73.73221">
        <ele>956.16</ele>
        <time>2026-04-11T18:14:56Z</time>
      </trkpt>
      <trkpt lat="44.14642" lon="-73.7322">
        <ele>955.6</ele>
        <time>2026-04-11T18:14:59Z</time>
      </trkpt>
      <trkpt lat="44.1464" lon="-73.73221">
        <ele>954.58</ele>
        <time>2026-04-11T18:15:01Z</time>
      </trkpt>
      <trkpt lat="44.14638" lon="-73.73222">
        <ele>953.52</ele>
        <time>2026-04-11T18:15:06Z</time>
      </trkpt>
      <trkpt lat="44.14638" lon="-73.73221">
        <ele>953.52</ele>
        <time>2026-04-11T18:15:09Z</time>
      </trkpt>
      <trkpt lat="44.14637" lon="-73.73221">
        <ele>952.98</ele>
        <time>2026-04-11T18:15:10Z</time>
      </trkpt>
      <trkpt lat="44.14637" lon="-73.73221">
        <ele>952.98</ele>
        <time>2026-04-11T18:15:18Z</time>
      </trkpt>
      <trkpt lat="44.14637" lon="-73.73221">
        <ele>952.98</ele>
        <time>2026-04-11T18:15:19Z</time>
      </trkpt>
      <trkpt lat="44.14635" lon="-73.73223">
        <ele>951.86</ele>
        <time>2026-04-11T18:15:24Z</time>
      </trkpt>
      <trkpt lat="44.14635" lon="-73.73225">
        <ele>951.77</ele>
        <time>2026-04-11T18:15:26Z</time>
      </trkpt>
      <trkpt lat="44.14635" lon="-73.73225">
        <ele>951.77</ele>
        <time>2026-04-11T18:15:29Z</time>
      </trkpt>
      <trkpt lat="44.14634" lon="-73.73226">
        <ele>951.14</ele>
        <time>2026-04-11T18:15:31Z</time>
      </trkpt>
      <trkpt lat="44.14633" lon="-73.73226">
        <ele>950.56</ele>
        <time>2026-04-11T18:15:32Z</time>
      </trkpt>
      <trkpt lat="44.14632" lon="-73.73229">
        <ele>949.74</ele>
        <time>2026-04-11T18:15:38Z</time>
      </trkpt>
      <trkpt lat="44.14632" lon="-73.73229">
        <ele>949.74</ele>
        <time>2026-04-11T18:15:42Z</time>
      </trkpt>
      <trkpt lat="44.14632" lon="-73.73231">
        <ele>949.57</ele>
        <time>2026-04-11T18:15:45Z</time>
      </trkpt>
      <trkpt lat="44.14632" lon="-73.73231">
        <ele>949.57</ele>
        <time>2026-04-11T18:15:46Z</time>
      </trkpt>
      <trkpt lat="44.14632" lon="-73.73231">
        <ele>949.57</ele>
        <time>2026-04-11T18:15:57Z</time>
      </trkpt>
      <trkpt lat="44.14632" lon="-73.7323">
        <ele>949.66</ele>
        <time>2026-04-11T18:15:58Z</time>
      </trkpt>
      <trkpt lat="44.14632" lon="-73.73231">
        <ele>949.57</ele>
        <time>2026-04-11T18:16:06Z</time>
      </trkpt>
      <trkpt lat="44.14629" lon="-73.73232">
        <ele>947.6</ele>
        <time>2026-04-11T18:16:13Z</time>
      </trkpt>
      <trkpt lat="44.1463" lon="-73.73232">
        <ele>948.18</ele>
        <time>2026-04-11T18:16:14Z</time>
      </trkpt>
      <trkpt lat="44.14629" lon="-73.73233">
        <ele>947.5</ele>
        <time>2026-04-11T18:16:19Z</time>
      </trkpt>
      <trkpt lat="44.14627" lon="-73.73233">
        <ele>946.42</ele>
        <time>2026-04-11T18:16:23Z</time>
      </trkpt>
      <trkpt lat="44.14627" lon="-73.73232">
        <ele>946.52</ele>
        <time>2026-04-11T18:16:28Z</time>
      </trkpt>
      <trkpt lat="44.14627" lon="-73.73234">
        <ele>946.31</ele>
        <time>2026-04-11T18:16:39Z</time>
      </trkpt>
      <trkpt lat="44.14625" lon="-73.73234">
        <ele>945.23</ele>
        <time>2026-04-11T18:16:48Z</time>
      </trkpt>
      <trkpt lat="44.14623" lon="-73.73235">
        <ele>944.04</ele>
        <time>2026-04-11T18:16:55Z</time>
      </trkpt>
      <trkpt lat="44.14623" lon="-73.73236">
        <ele>943.93</ele>
        <time>2026-04-11T18:16:58Z</time>
      </trkpt>
      <trkpt lat="44.1462" lon="-73.73239">
        <ele>942.03</ele>
        <time>2026-04-11T18:17:03Z</time>
      </trkpt>
      <trkpt lat="44.1462" lon="-73.7324">
        <ele>941.92</ele>
        <time>2026-04-11T18:17:04Z</time>
      </trkpt>
      <trkpt lat="44.14617" lon="-73.73243">
        <ele>940.39</ele>
        <time>2026-04-11T18:17:15Z</time>
      </trkpt>
      <trkpt lat="44.14616" lon="-73.73244">
        <ele>939.93</ele>
        <time>2026-04-11T18:17:17Z</time>
      </trkpt>
      <trkpt lat="44.14612" lon="-73.73247">
        <ele>938.32</ele>
        <time>2026-04-11T18:17:23Z</time>
      </trkpt>
      <trkpt lat="44.14608" lon="-73.73247">
        <ele>937.33</ele>
        <time>2026-04-11T18:17:31Z</time>
      </trkpt>
      <trkpt lat="44.14605" lon="-73.73247">
        <ele>936.68</ele>
        <time>2026-04-11T18:17:35Z</time>
      </trkpt>
      <trkpt lat="44.14602" lon="-73.73249">
        <ele>936.03</ele>
        <time>2026-04-11T18:17:41Z</time>
      </trkpt>
      <trkpt lat="44.14601" lon="-73.73249">
        <ele>935.73</ele>
        <time>2026-04-11T18:17:42Z</time>
      </trkpt>
      <trkpt lat="44.146" lon="-73.7325">
        <ele>935.4</ele>
        <time>2026-04-11T18:17:46Z</time>
      </trkpt>
      <trkpt lat="44.14601" lon="-73.7325">
        <ele>935.72</ele>
        <time>2026-04-11T18:17:49Z</time>
      </trkpt>
      <trkpt lat="44.14601" lon="-73.73252">
        <ele>935.53</ele>
        <time>2026-04-11T18:18:02Z</time>
      </trkpt>
      <trkpt lat="44.14601" lon="-73.73253">
        <ele>935.43</ele>
        <time>2026-04-11T18:18:13Z</time>
      </trkpt>
      <trkpt lat="44.14601" lon="-73.73253">
        <ele>935.43</ele>
        <time>2026-04-11T18:18:16Z</time>
      </trkpt>
      <trkpt lat="44.146" lon="-73.73252">
        <ele>935.23</ele>
        <time>2026-04-11T18:18:17Z</time>
      </trkpt>
      <trkpt lat="44.146" lon="-73.73252">
        <ele>935.23</ele>
        <time>2026-04-11T18:18:18Z</time>
      </trkpt>
      <trkpt lat="44.146" lon="-73.73252">
        <ele>935.23</ele>
        <time>2026-04-11T18:18:20Z</time>
      </trkpt>
      <trkpt lat="44.146" lon="-73.73251">
        <ele>935.31</ele>
        <time>2026-04-11T18:18:22Z</time>
      </trkpt>
      <trkpt lat="44.14596" lon="-73.73251">
        <ele>934.06</ele>
        <time>2026-04-11T18:18:31Z</time>
      </trkpt>
      <trkpt lat="44.14591" lon="-73.73255">
        <ele>932.74</ele>
        <time>2026-04-11T18:18:38Z</time>
      </trkpt>
      <trkpt lat="44.14589" lon="-73.73257">
        <ele>932.32</ele>
        <time>2026-04-11T18:18:40Z</time>
      </trkpt>
      <trkpt lat="44.14583" lon="-73.73264">
        <ele>929.76</ele>
        <time>2026-04-11T18:18:49Z</time>
      </trkpt>
      <trkpt lat="44.14583" lon="-73.73267">
        <ele>929.11</ele>
        <time>2026-04-11T18:18:52Z</time>
      </trkpt>
      <trkpt lat="44.14584" lon="-73.7327">
        <ele>928.9</ele>
        <time>2026-04-11T18:18:56Z</time>
      </trkpt>
      <trkpt lat="44.14585" lon="-73.73271">
        <ele>929.0</ele>
        <time>2026-04-11T18:18:58Z</time>
      </trkpt>
      <trkpt lat="44.14586" lon="-73.7328">
        <ele>927.21</ele>
        <time>2026-04-11T18:19:07Z</time>
      </trkpt>
      <trkpt lat="44.14587" lon="-73.73283">
        <ele>926.72</ele>
        <time>2026-04-11T18:19:15Z</time>
      </trkpt>
      <trkpt lat="44.14585" lon="-73.73285">
        <ele>925.34</ele>
        <time>2026-04-11T18:19:19Z</time>
      </trkpt>
      <trkpt lat="44.14585" lon="-73.73287">
        <ele>924.73</ele>
        <time>2026-04-11T18:19:21Z</time>
      </trkpt>
      <trkpt lat="44.14585" lon="-73.73287">
        <ele>924.73</ele>
        <time>2026-04-11T18:19:22Z</time>
      </trkpt>
      <trkpt lat="44.14585" lon="-73.73288">
        <ele>924.51</ele>
        <time>2026-04-11T18:19:23Z</time>
      </trkpt>
      <trkpt lat="44.14584" lon="-73.73293">
        <ele>923.0</ele>
        <time>2026-04-11T18:19:27Z</time>
      </trkpt>
      <trkpt lat="44.14583" lon="-73.73296">
        <ele>921.89</ele>
        <time>2026-04-11T18:19:31Z</time>
      </trkpt>
      <trkpt lat="44.14584" lon="-73.73297">
        <ele>922.06</ele>
        <time>2026-04-11T18:19:33Z</time>
      </trkpt>
      <trkpt lat="44.14584" lon="-73.733">
        <ele>921.09</ele>
        <time>2026-04-11T18:19:38Z</time>
      </trkpt>
      <trkpt lat="44.14583" lon="-73.73304">
        <ele>919.35</ele>
        <time>2026-04-11T18:19:42Z</time>
      </trkpt>
      <trkpt lat="44.14582" lon="-73.73308">
        <ele>917.9</ele>
        <time>2026-04-11T18:19:47Z</time>
      </trkpt>
      <trkpt lat="44.14581" lon="-73.73309">
        <ele>917.25</ele>
        <time>2026-04-11T18:19:51Z</time>
      </trkpt>
      <trkpt lat="44.14581" lon="-73.7331">
        <ele>917.03</ele>
        <time>2026-04-11T18:19:53Z</time>
      </trkpt>
      <trkpt lat="44.1458" lon="-73.73313">
        <ele>915.95</ele>
        <time>2026-04-11T18:19:55Z</time>
      </trkpt>
      <trkpt lat="44.14582" lon="-73.73318">
        <ele>915.69</ele>
        <time>2026-04-11T18:20:01Z</time>
      </trkpt>
      <trkpt lat="44.14583" lon="-73.73318">
        <ele>916.16</ele>
        <time>2026-04-11T18:20:07Z</time>
      </trkpt>
      <trkpt lat="44.14584" lon="-73.73319">
        <ele>916.31</ele>
        <time>2026-04-11T18:20:08Z</time>
      </trkpt>
      <trkpt lat="44.14583" lon="-73.73323">
        <ele>915.06</ele>
        <time>2026-04-11T18:20:15Z</time>
      </trkpt>
      <trkpt lat="44.14583" lon="-73.73323">
        <ele>915.06</ele>
        <time>2026-04-11T18:20:16Z</time>
      </trkpt>
      <trkpt lat="44.14583" lon="-73.73325">
        <ele>914.51</ele>
        <time>2026-04-11T18:20:22Z</time>
      </trkpt>
      <trkpt lat="44.14586" lon="-73.73329">
        <ele>914.42</ele>
        <time>2026-04-11T18:20:27Z</time>
      </trkpt>
      <trkpt lat="44.14585" lon="-73.7333">
        <ele>913.74</ele>
        <time>2026-04-11T18:20:30Z</time>
      </trkpt>
      <trkpt lat="44.14585" lon="-73.7333">
        <ele>913.74</ele>
        <time>2026-04-11T18:20:31Z</time>
      </trkpt>
      <trkpt lat="44.14586" lon="-73.73331">
        <ele>913.84</ele>
        <time>2026-04-11T18:20:33Z</time>
      </trkpt>
      <trkpt lat="44.14587" lon="-73.73332">
        <ele>913.96</ele>
        <time>2026-04-11T18:20:35Z</time>
      </trkpt>
      <trkpt lat="44.14588" lon="-73.73332">
        <ele>914.38</ele>
        <time>2026-04-11T18:20:37Z</time>
      </trkpt>
      <trkpt lat="44.14589" lon="-73.73334">
        <ele>914.15</ele>
        <time>2026-04-11T18:20:44Z</time>
      </trkpt>
      <trkpt lat="44.1459" lon="-73.73335">
        <ele>914.19</ele>
        <time>2026-04-11T18:20:49Z</time>
      </trkpt>
      <trkpt lat="44.14591" lon="-73.73335">
        <ele>914.68</ele>
        <time>2026-04-11T18:20:51Z</time>
      </trkpt>
      <trkpt lat="44.14592" lon="-73.73336">
        <ele>914.82</ele>
        <time>2026-04-11T18:20:55Z</time>
      </trkpt>
      <trkpt lat="44.14591" lon="-73.73337">
        <ele>913.92</ele>
        <time>2026-04-11T18:20:57Z</time>
      </trkpt>
      <trkpt lat="44.1459" lon="-73.73337">
        <ele>913.36</ele>
        <time>2026-04-11T18:21:01Z</time>
      </trkpt>
      <trkpt lat="44.1459" lon="-73.73338">
        <ele>912.94</ele>
        <time>2026-04-11T18:21:03Z</time>
      </trkpt>
      <trkpt lat="44.1459" lon="-73.73341">
        <ele>911.7</ele>
        <time>2026-04-11T18:21:11Z</time>
      </trkpt>
      <trkpt lat="44.14591" lon="-73.73341">
        <ele>912.4</ele>
        <time>2026-04-11T18:21:15Z</time>
      </trkpt>
      <trkpt lat="44.14591" lon="-73.73341">
        <ele>912.4</ele>
        <time>2026-04-11T18:21:17Z</time>
      </trkpt>
      <trkpt lat="44.14591" lon="-73.73342">
        <ele>912.02</ele>
        <time>2026-04-11T18:21:20Z</time>
      </trkpt>
      <trkpt lat="44.1459" lon="-73.73342">
        <ele>911.29</ele>
        <time>2026-04-11T18:21:24Z</time>
      </trkpt>
      <trkpt lat="44.1459" lon="-73.73342">
        <ele>911.29</ele>
        <time>2026-04-11T18:21:28Z</time>
      </trkpt>
      <trkpt lat="44.14591" lon="-73.73343">
        <ele>911.5</ele>
        <time>2026-04-11T18:21:30Z</time>
      </trkpt>
      <trkpt lat="44.1459" lon="-73.73343">
        <ele>910.74</ele>
        <time>2026-04-11T18:21:33Z</time>
      </trkpt>
      <trkpt lat="44.14589" lon="-73.73343">
        <ele>909.99</ele>
        <time>2026-04-11T18:21:35Z</time>
      </trkpt>
      <trkpt lat="44.14587" lon="-73.73344">
        <ele>907.8</ele>
        <time>2026-04-11T18:21:41Z</time>
      </trkpt>
      <trkpt lat="44.14587" lon="-73.73344">
        <ele>907.8</ele>
        <time>2026-04-11T18:21:46Z</time>
      </trkpt>
      <trkpt lat="44.14584" lon="-73.73345">
        <ele>904.93</ele>
        <time>2026-04-11T18:21:52Z</time>
      </trkpt>
      <trkpt lat="44.14584" lon="-73.73345">
        <ele>904.93</ele>
        <time>2026-04-11T18:21:54Z</time>
      </trkpt>
      <trkpt lat="44.14586" lon="-73.73343">
        <ele>907.74</ele>
        <time>2026-04-11T18:22:00Z</time>
      </trkpt>
      <trkpt lat="44.14582" lon="-73.7334">
        <ele>906.63</ele>
        <time>2026-04-11T18:22:10Z</time>
      </trkpt>
      <trkpt lat="44.14579" lon="-73.73338">
        <ele>905.47</ele>
        <time>2026-04-11T18:22:15Z</time>
      </trkpt>
      <trkpt lat="44.14578" lon="-73.73338">
        <ele>904.66</ele>
        <time>2026-04-11T18:22:16Z</time>
      </trkpt>
      <trkpt lat="44.14578" lon="-73.73338">
        <ele>904.66</ele>
        <time>2026-04-11T18:22:17Z</time>
      </trkpt>
      <trkpt lat="44.14576" lon="-73.73338">
        <ele>903.04</ele>
        <time>2026-04-11T18:22:21Z</time>
      </trkpt>
      <trkpt lat="44.14576" lon="-73.7334">
        <ele>901.91</ele>
        <time>2026-04-11T18:22:23Z</time>
      </trkpt>
      <trkpt lat="44.14575" lon="-73.73342">
        <ele>900.03</ele>
        <time>2026-04-11T18:22:26Z</time>
      </trkpt>
      <trkpt lat="44.14575" lon="-73.73341">
        <ele>900.58</ele>
        <time>2026-04-11T18:22:30Z</time>
      </trkpt>
      <trkpt lat="44.14574" lon="-73.7334">
        <ele>900.37</ele>
        <time>2026-04-11T18:22:35Z</time>
      </trkpt>
      <trkpt lat="44.14574" lon="-73.73339">
        <ele>900.91</ele>
        <time>2026-04-11T18:22:37Z</time>
      </trkpt>
      <trkpt lat="44.14572" lon="-73.7334">
        <ele>899.54</ele>
        <time>2026-04-11T18:22:41Z</time>
      </trkpt>
      <trkpt lat="44.14571" lon="-73.7334">
        <ele>899.13</ele>
        <time>2026-04-11T18:22:43Z</time>
      </trkpt>
      <trkpt lat="44.14569" lon="-73.73341">
        <ele>897.93</ele>
        <time>2026-04-11T18:22:48Z</time>
      </trkpt>
      <trkpt lat="44.14568" lon="-73.73343">
        <ele>896.9</ele>
        <time>2026-04-11T18:22:51Z</time>
      </trkpt>
      <trkpt lat="44.14568" lon="-73.73349">
        <ele>894.96</ele>
        <time>2026-04-11T18:22:59Z</time>
      </trkpt>
      <trkpt lat="44.1457" lon="-73.73351">
        <ele>894.96</ele>
        <time>2026-04-11T18:23:05Z</time>
      </trkpt>
      <trkpt lat="44.1457" lon="-73.7335">
        <ele>895.28</ele>
        <time>2026-04-11T18:23:09Z</time>
      </trkpt>
      <trkpt lat="44.14572" lon="-73.73351">
        <ele>895.6</ele>
        <time>2026-04-11T18:23:13Z</time>
      </trkpt>
      <trkpt lat="44.14572" lon="-73.73351">
        <ele>895.6</ele>
        <time>2026-04-11T18:23:14Z</time>
      </trkpt>
      <trkpt lat="44.14574" lon="-73.73354">
        <ele>895.51</ele>
        <time>2026-04-11T18:23:22Z</time>
      </trkpt>
      <trkpt lat="44.14575" lon="-73.73356">
        <ele>895.41</ele>
        <time>2026-04-11T18:23:31Z</time>
      </trkpt>
      <trkpt lat="44.14574" lon="-73.73356">
        <ele>895.08</ele>
        <time>2026-04-11T18:23:39Z</time>
      </trkpt>
      <trkpt lat="44.14574" lon="-73.73356">
        <ele>895.08</ele>
        <time>2026-04-11T18:23:42Z</time>
      </trkpt>
      <trkpt lat="44.14573" lon="-73.73356">
        <ele>894.76</ele>
        <time>2026-04-11T18:23:50Z</time>
      </trkpt>
      <trkpt lat="44.14574" lon="-73.73358">
        <ele>894.65</ele>
        <time>2026-04-11T18:24:01Z</time>
      </trkpt>
      <trkpt lat="44.14574" lon="-73.73358">
        <ele>894.65</ele>
        <time>2026-04-11T18:24:12Z</time>
      </trkpt>
      <trkpt lat="44.14574" lon="-73.73358">
        <ele>894.65</ele>
        <time>2026-04-11T18:24:13Z</time>
      </trkpt>
      <trkpt lat="44.14574" lon="-73.73359">
        <ele>894.43</ele>
        <time>2026-04-11T18:24:14Z</time>
      </trkpt>
      <trkpt lat="44.14575" lon="-73.73359">
        <ele>894.7</ele>
        <time>2026-04-11T18:24:15Z</time>
      </trkpt>
      <trkpt lat="44.14577" lon="-73.73359">
        <ele>895.23</ele>
        <time>2026-04-11T18:24:24Z</time>
      </trkpt>
      <trkpt lat="44.14576" lon="-73.73362">
        <ele>894.22</ele>
        <time>2026-04-11T18:24:34Z</time>
      </trkpt>
      <trkpt lat="44.14576" lon="-73.73362">
        <ele>894.22</ele>
        <time>2026-04-11T18:24:36Z</time>
      </trkpt>
      <trkpt lat="44.14576" lon="-73.73365">
        <ele>893.58</ele>
        <time>2026-04-11T18:24:43Z</time>
      </trkpt>
      <trkpt lat="44.14576" lon="-73.73365">
        <ele>893.58</ele>
        <time>2026-04-11T18:24:44Z</time>
      </trkpt>
      <trkpt lat="44.14577" lon="-73.73368">
        <ele>893.14</ele>
        <time>2026-04-11T18:24:51Z</time>
      </trkpt>
      <trkpt lat="44.14576" lon="-73.73368">
        <ele>892.93</ele>
        <time>2026-04-11T18:24:52Z</time>
      </trkpt>
      <trkpt lat="44.14576" lon="-73.73367">
        <ele>893.14</ele>
        <time>2026-04-11T18:24:54Z</time>
      </trkpt>
      <trkpt lat="44.14574" lon="-73.73366">
        <ele>892.92</ele>
        <time>2026-04-11T18:25:00Z</time>
      </trkpt>
      <trkpt lat="44.14572" lon="-73.73366">
        <ele>892.27</ele>
        <time>2026-04-11T18:25:08Z</time>
      </trkpt>
      <trkpt lat="44.14572" lon="-73.73367">
        <ele>892.06</ele>
        <time>2026-04-11T18:25:10Z</time>
      </trkpt>
      <trkpt lat="44.14567" lon="-73.73372">
        <ele>889.18</ele>
        <time>2026-04-11T18:25:19Z</time>
      </trkpt>
      <trkpt lat="44.14566" lon="-73.73372">
        <ele>888.86</ele>
        <time>2026-04-11T18:25:23Z</time>
      </trkpt>
      <trkpt lat="44.14566" lon="-73.73372">
        <ele>888.86</ele>
        <time>2026-04-11T18:25:26Z</time>
      </trkpt>
      <trkpt lat="44.14566" lon="-73.73371">
        <ele>889.18</ele>
        <time>2026-04-11T18:25:28Z</time>
      </trkpt>
      <trkpt lat="44.14564" lon="-73.73368">
        <ele>889.25</ele>
        <time>2026-04-11T18:25:33Z</time>
      </trkpt>
      <trkpt lat="44.14562" lon="-73.73367">
        <ele>888.82</ele>
        <time>2026-04-11T18:25:36Z</time>
      </trkpt>
      <trkpt lat="44.1456" lon="-73.73367">
        <ele>888.17</ele>
        <time>2026-04-11T18:25:38Z</time>
      </trkpt>
      <trkpt lat="44.14558" lon="-73.73366">
        <ele>887.74</ele>
        <time>2026-04-11T18:25:44Z</time>
      </trkpt>
      <trkpt lat="44.14558" lon="-73.73366">
        <ele>887.74</ele>
        <time>2026-04-11T18:25:46Z</time>
      </trkpt>
      <trkpt lat="44.14553" lon="-73.73365">
        <ele>886.49</ele>
        <time>2026-04-11T18:25:55Z</time>
      </trkpt>
      <trkpt lat="44.14549" lon="-73.73365">
        <ele>885.45</ele>
        <time>2026-04-11T18:26:02Z</time>
      </trkpt>
      <trkpt lat="44.14549" lon="-73.73365">
        <ele>885.45</ele>
        <time>2026-04-11T18:26:03Z</time>
      </trkpt>
      <trkpt lat="44.14548" lon="-73.73365">
        <ele>885.19</ele>
        <time>2026-04-11T18:26:04Z</time>
      </trkpt>
      <trkpt lat="44.14547" lon="-73.73365">
        <ele>884.92</ele>
        <time>2026-04-11T18:26:06Z</time>
      </trkpt>
      <trkpt lat="44.14545" lon="-73.73366">
        <ele>884.07</ele>
        <time>2026-04-11T18:26:09Z</time>
      </trkpt>
      <trkpt lat="44.14545" lon="-73.73367">
        <ele>883.76</ele>
        <time>2026-04-11T18:26:10Z</time>
      </trkpt>
      <trkpt lat="44.14545" lon="-73.73372">
        <ele>882.32</ele>
        <time>2026-04-11T18:26:18Z</time>
      </trkpt>
      <trkpt lat="44.14545" lon="-73.73374">
        <ele>881.83</ele>
        <time>2026-04-11T18:26:20Z</time>
      </trkpt>
      <trkpt lat="44.14546" lon="-73.73376">
        <ele>881.68</ele>
        <time>2026-04-11T18:26:25Z</time>
      </trkpt>
      <trkpt lat="44.14548" lon="-73.73378">
        <ele>881.75</ele>
        <time>2026-04-11T18:26:29Z</time>
      </trkpt>
      <trkpt lat="44.14553" lon="-73.73385">
        <ele>880.97</ele>
        <time>2026-04-11T18:26:36Z</time>
      </trkpt>
      <trkpt lat="44.14555" lon="-73.7339">
        <ele>880.4</ele>
        <time>2026-04-11T18:26:41Z</time>
      </trkpt>
      <trkpt lat="44.14556" lon="-73.73391">
        <ele>880.46</ele>
        <time>2026-04-11T18:26:43Z</time>
      </trkpt>
      <trkpt lat="44.14555" lon="-73.73392">
        <ele>879.75</ele>
        <time>2026-04-11T18:26:52Z</time>
      </trkpt>
      <trkpt lat="44.14555" lon="-73.73392">
        <ele>879.75</ele>
        <time>2026-04-11T18:26:53Z</time>
      </trkpt>
      <trkpt lat="44.14555" lon="-73.73392">
        <ele>879.75</ele>
        <time>2026-04-11T18:26:54Z</time>
      </trkpt>
      <trkpt lat="44.14553" lon="-73.73391">
        <ele>879.21</ele>
        <time>2026-04-11T18:26:58Z</time>
      </trkpt>
      <trkpt lat="44.14551" lon="-73.73391">
        <ele>878.35</ele>
        <time>2026-04-11T18:27:02Z</time>
      </trkpt>
      <trkpt lat="44.1455" lon="-73.73391">
        <ele>877.92</ele>
        <time>2026-04-11T18:27:05Z</time>
      </trkpt>
      <trkpt lat="44.14547" lon="-73.73391">
        <ele>876.62</ele>
        <time>2026-04-11T18:27:09Z</time>
      </trkpt>
      <trkpt lat="44.14545" lon="-73.73391">
        <ele>875.83</ele>
        <time>2026-04-11T18:27:12Z</time>
      </trkpt>
      <trkpt lat="44.14542" lon="-73.73391">
        <ele>874.71</ele>
        <time>2026-04-11T18:27:16Z</time>
      </trkpt>
      <trkpt lat="44.1454" lon="-73.73393">
        <ele>873.02</ele>
        <time>2026-04-11T18:27:22Z</time>
      </trkpt>
      <trkpt lat="44.1454" lon="-73.73393">
        <ele>873.02</ele>
        <time>2026-04-11T18:27:23Z</time>
      </trkpt>
      <trkpt lat="44.1454" lon="-73.73394">
        <ele>872.55</ele>
        <time>2026-04-11T18:27:24Z</time>
      </trkpt>
      <trkpt lat="44.14542" lon="-73.73398">
        <ele>871.74</ele>
        <time>2026-04-11T18:27:29Z</time>
      </trkpt>
      <trkpt lat="44.14543" lon="-73.734">
        <ele>871.28</ele>
        <time>2026-04-11T18:27:32Z</time>
      </trkpt>
      <trkpt lat="44.14546" lon="-73.73405">
        <ele>870.83</ele>
        <time>2026-04-11T18:27:40Z</time>
      </trkpt>
      <trkpt lat="44.14546" lon="-73.73406">
        <ele>870.39</ele>
        <time>2026-04-11T18:27:41Z</time>
      </trkpt>
      <trkpt lat="44.1455" lon="-73.73412">
        <ele>869.22</ele>
        <time>2026-04-11T18:27:48Z</time>
      </trkpt>
      <trkpt lat="44.14551" lon="-73.73414">
        <ele>868.85</ele>
        <time>2026-04-11T18:27:50Z</time>
      </trkpt>
      <trkpt lat="44.14554" lon="-73.73419">
        <ele>868.27</ele>
        <time>2026-04-11T18:27:57Z</time>
      </trkpt>
      <trkpt lat="44.14556" lon="-73.73424">
        <ele>866.52</ele>
        <time>2026-04-11T18:28:03Z</time>
      </trkpt>
      <trkpt lat="44.14556" lon="-73.73425">
        <ele>865.88</ele>
        <time>2026-04-11T18:28:05Z</time>
      </trkpt>
      <trkpt lat="44.14557" lon="-73.73428">
        <ele>864.25</ele>
        <time>2026-04-11T18:28:08Z</time>
      </trkpt>
      <trkpt lat="44.14557" lon="-73.73431">
        <ele>861.81</ele>
        <time>2026-04-11T18:28:13Z</time>
      </trkpt>
      <trkpt lat="44.14558" lon="-73.73432">
        <ele>861.86</ele>
        <time>2026-04-11T18:28:15Z</time>
      </trkpt>
      <trkpt lat="44.14559" lon="-73.73436">
        <ele>859.79</ele>
        <time>2026-04-11T18:28:20Z</time>
      </trkpt>
      <trkpt lat="44.1456" lon="-73.73438">
        <ele>859.35</ele>
        <time>2026-04-11T18:28:24Z</time>
      </trkpt>
      <trkpt lat="44.14559" lon="-73.73439">
        <ele>857.72</ele>
        <time>2026-04-11T18:28:29Z</time>
      </trkpt>
      <trkpt lat="44.14558" lon="-73.73439">
        <ele>856.8</ele>
        <time>2026-04-11T18:28:37Z</time>
      </trkpt>
      <trkpt lat="44.14556" lon="-73.73436">
        <ele>856.9</ele>
        <time>2026-04-11T18:28:45Z</time>
      </trkpt>
      <trkpt lat="44.14554" lon="-73.73434">
        <ele>856.97</ele>
        <time>2026-04-11T18:28:48Z</time>
      </trkpt>
      <trkpt lat="44.14553" lon="-73.73433">
        <ele>857.1</ele>
        <time>2026-04-11T18:28:49Z</time>
      </trkpt>
      <trkpt lat="44.14545" lon="-73.73432">
        <ele>852.27</ele>
        <time>2026-04-11T18:28:57Z</time>
      </trkpt>
      <trkpt lat="44.14542" lon="-73.73431">
        <ele>850.97</ele>
        <time>2026-04-11T18:29:01Z</time>
      </trkpt>
      <trkpt lat="44.14542" lon="-73.7343">
        <ele>851.52</ele>
        <time>2026-04-11T18:29:06Z</time>
      </trkpt>
      <trkpt lat="44.14541" lon="-73.73427">
        <ele>852.43</ele>
        <time>2026-04-11T18:29:17Z</time>
      </trkpt>
      <trkpt lat="44.14535" lon="-73.73427">
        <ele>848.44</ele>
        <time>2026-04-11T18:29:25Z</time>
      </trkpt>
      <trkpt lat="44.14529" lon="-73.73428">
        <ele>844.76</ele>
        <time>2026-04-11T18:29:35Z</time>
      </trkpt>
      <trkpt lat="44.1453" lon="-73.7343">
        <ele>844.44</ele>
        <time>2026-04-11T18:29:39Z</time>
      </trkpt>
      <trkpt lat="44.14531" lon="-73.73433">
        <ele>843.68</ele>
        <time>2026-04-11T18:29:44Z</time>
      </trkpt>
      <trkpt lat="44.14531" lon="-73.73434">
        <ele>843.25</ele>
        <time>2026-04-11T18:29:45Z</time>
      </trkpt>
      <trkpt lat="44.14534" lon="-73.7344">
        <ele>842.45</ele>
        <time>2026-04-11T18:29:54Z</time>
      </trkpt>
      <trkpt lat="44.14534" lon="-73.73441">
        <ele>842.05</ele>
        <time>2026-04-11T18:29:57Z</time>
      </trkpt>
      <trkpt lat="44.14535" lon="-73.73445">
        <ele>840.89</ele>
        <time>2026-04-11T18:30:01Z</time>
      </trkpt>
      <trkpt lat="44.14535" lon="-73.73445">
        <ele>840.89</ele>
        <time>2026-04-11T18:30:02Z</time>
      </trkpt>
      <trkpt lat="44.1454" lon="-73.73454">
        <ele>839.21</ele>
        <time>2026-04-11T18:30:13Z</time>
      </trkpt>
      <trkpt lat="44.1454" lon="-73.73456">
        <ele>838.7</ele>
        <time>2026-04-11T18:30:15Z</time>
      </trkpt>
      <trkpt lat="44.14541" lon="-73.73459">
        <ele>838.32</ele>
        <time>2026-04-11T18:30:20Z</time>
      </trkpt>
      <trkpt lat="44.14541" lon="-73.73459">
        <ele>838.32</ele>
        <time>2026-04-11T18:30:22Z</time>
      </trkpt>
      <trkpt lat="44.14542" lon="-73.73459">
        <ele>838.69</ele>
        <time>2026-04-11T18:30:26Z</time>
      </trkpt>
      <trkpt lat="44.14544" lon="-73.73462">
        <ele>838.54</ele>
        <time>2026-04-11T18:30:31Z</time>
      </trkpt>
      <trkpt lat="44.14546" lon="-73.73468">
        <ele>837.27</ele>
        <time>2026-04-11T18:30:39Z</time>
      </trkpt>
      <trkpt lat="44.14546" lon="-73.73469">
        <ele>836.95</ele>
        <time>2026-04-11T18:30:40Z</time>
      </trkpt>
      <trkpt lat="44.14546" lon="-73.73474">
        <ele>835.51</ele>
        <time>2026-04-11T18:30:48Z</time>
      </trkpt>
      <trkpt lat="44.14546" lon="-73.73474">
        <ele>835.51</ele>
        <time>2026-04-11T18:30:50Z</time>
      </trkpt>
      <trkpt lat="44.14548" lon="-73.73475">
        <ele>835.9</ele>
        <time>2026-04-11T18:30:58Z</time>
      </trkpt>
      <trkpt lat="44.14548" lon="-73.73474">
        <ele>836.13</ele>
        <time>2026-04-11T18:30:59Z</time>
      </trkpt>
      <trkpt lat="44.14546" lon="-73.73473">
        <ele>835.73</ele>
        <time>2026-04-11T18:31:03Z</time>
      </trkpt>
      <trkpt lat="44.14543" lon="-73.73472">
        <ele>835.0</ele>
        <time>2026-04-11T18:31:07Z</time>
      </trkpt>
      <trkpt lat="44.14543" lon="-73.73472">
        <ele>835.0</ele>
        <time>2026-04-11T18:31:08Z</time>
      </trkpt>
      <trkpt lat="44.14536" lon="-73.73471">
        <ele>833.06</ele>
        <time>2026-04-11T18:31:18Z</time>
      </trkpt>
      <trkpt lat="44.14536" lon="-73.73474">
        <ele>832.09</ele>
        <time>2026-04-11T18:31:22Z</time>
      </trkpt>
      <trkpt lat="44.14537" lon="-73.73477">
        <ele>831.44</ele>
        <time>2026-04-11T18:31:26Z</time>
      </trkpt>
      <trkpt lat="44.14539" lon="-73.73479">
        <ele>831.6</ele>
        <time>2026-04-11T18:31:30Z</time>
      </trkpt>
      <trkpt lat="44.1454" lon="-73.73481">
        <ele>831.42</ele>
        <time>2026-04-11T18:31:34Z</time>
      </trkpt>
      <trkpt lat="44.14542" lon="-73.73483">
        <ele>831.65</ele>
        <time>2026-04-11T18:31:37Z</time>
      </trkpt>
      <trkpt lat="44.14545" lon="-73.73487">
        <ele>831.65</ele>
        <time>2026-04-11T18:31:44Z</time>
      </trkpt>
      <trkpt lat="44.14545" lon="-73.73487">
        <ele>831.65</ele>
        <time>2026-04-11T18:31:45Z</time>
      </trkpt>
      <trkpt lat="44.14545" lon="-73.73488">
        <ele>831.33</ele>
        <time>2026-04-11T18:31:54Z</time>
      </trkpt>
      <trkpt lat="44.14545" lon="-73.7349">
        <ele>830.68</ele>
        <time>2026-04-11T18:32:02Z</time>
      </trkpt>
      <trkpt lat="44.14545" lon="-73.73491">
        <ele>830.36</ele>
        <time>2026-04-11T18:32:03Z</time>
      </trkpt>
      <trkpt lat="44.14547" lon="-73.73495">
        <ele>829.88</ele>
        <time>2026-04-11T18:32:11Z</time>
      </trkpt>
      <trkpt lat="44.14546" lon="-73.73495">
        <ele>829.49</ele>
        <time>2026-04-11T18:32:12Z</time>
      </trkpt>
      <trkpt lat="44.14548" lon="-73.73498">
        <ele>829.34</ele>
        <time>2026-04-11T18:32:23Z</time>
      </trkpt>
      <trkpt lat="44.1455" lon="-73.73498">
        <ele>830.16</ele>
        <time>2026-04-11T18:32:32Z</time>
      </trkpt>
      <trkpt lat="44.1455" lon="-73.73499">
        <ele>829.88</ele>
        <time>2026-04-11T18:32:45Z</time>
      </trkpt>
      <trkpt lat="44.1455" lon="-73.73499">
        <ele>829.88</ele>
        <time>2026-04-11T18:32:53Z</time>
      </trkpt>
      <trkpt lat="44.1455" lon="-73.73499">
        <ele>829.88</ele>
        <time>2026-04-11T18:32:57Z</time>
      </trkpt>
      <trkpt lat="44.14552" lon="-73.73502">
        <ele>829.82</ele>
        <time>2026-04-11T18:33:05Z</time>
      </trkpt>
      <trkpt lat="44.14555" lon="-73.73501">
        <ele>831.44</ele>
        <time>2026-04-11T18:33:12Z</time>
      </trkpt>
      <trkpt lat="44.14555" lon="-73.73502">
        <ele>831.11</ele>
        <time>2026-04-11T18:33:13Z</time>
      </trkpt>
      <trkpt lat="44.14554" lon="-73.73502">
        <ele>830.68</ele>
        <time>2026-04-11T18:33:21Z</time>
      </trkpt>
      <trkpt lat="44.14554" lon="-73.73503">
        <ele>830.36</ele>
        <time>2026-04-11T18:33:26Z</time>
      </trkpt>
      <trkpt lat="44.14554" lon="-73.73504">
        <ele>830.03</ele>
        <time>2026-04-11T18:33:33Z</time>
      </trkpt>
      <trkpt lat="44.14554" lon="-73.73506">
        <ele>829.38</ele>
        <time>2026-04-11T18:33:41Z</time>
      </trkpt>
      <trkpt lat="44.14554" lon="-73.73506">
        <ele>829.38</ele>
        <time>2026-04-11T18:33:43Z</time>
      </trkpt>
      <trkpt lat="44.14555" lon="-73.73506">
        <ele>829.82</ele>
        <time>2026-04-11T18:33:48Z</time>
      </trkpt>
      <trkpt lat="44.14553" lon="-73.73508">
        <ele>828.3</ele>
        <time>2026-04-11T18:33:53Z</time>
      </trkpt>
      <trkpt lat="44.14553" lon="-73.73509">
        <ele>827.98</ele>
        <time>2026-04-11T18:33:56Z</time>
      </trkpt>
      <trkpt lat="44.14553" lon="-73.7351">
        <ele>827.63</ele>
        <time>2026-04-11T18:33:59Z</time>
      </trkpt>
      <trkpt lat="44.14554" lon="-73.73511">
        <ele>827.73</ele>
        <time>2026-04-11T18:34:01Z</time>
      </trkpt>
      <trkpt lat="44.14554" lon="-73.73512">
        <ele>827.39</ele>
        <time>2026-04-11T18:34:08Z</time>
      </trkpt>
      <trkpt lat="44.14554" lon="-73.73513">
        <ele>827.05</ele>
        <time>2026-04-11T18:34:10Z</time>
      </trkpt>
      <trkpt lat="44.14554" lon="-73.73514">
        <ele>826.71</ele>
        <time>2026-04-11T18:34:13Z</time>
      </trkpt>
      <trkpt lat="44.14554" lon="-73.73514">
        <ele>826.71</ele>
        <time>2026-04-11T18:34:14Z</time>
      </trkpt>
      <trkpt lat="44.14554" lon="-73.73515">
        <ele>826.36</ele>
        <time>2026-04-11T18:34:17Z</time>
      </trkpt>
      <trkpt lat="44.14555" lon="-73.73516">
        <ele>826.53</ele>
        <time>2026-04-11T18:34:20Z</time>
      </trkpt>
      <trkpt lat="44.14559" lon="-73.73517">
        <ele>827.61</ele>
        <time>2026-04-11T18:34:27Z</time>
      </trkpt>
      <trkpt lat="44.14559" lon="-73.73517">
        <ele>827.61</ele>
        <time>2026-04-11T18:34:30Z</time>
      </trkpt>
      <trkpt lat="44.14559" lon="-73.73518">
        <ele>827.28</ele>
        <time>2026-04-11T18:34:34Z</time>
      </trkpt>
      <trkpt lat="44.14561" lon="-73.73519">
        <ele>827.59</ele>
        <time>2026-04-11T18:34:40Z</time>
      </trkpt>
      <trkpt lat="44.14561" lon="-73.73521">
        <ele>826.85</ele>
        <time>2026-04-11T18:34:44Z</time>
      </trkpt>
      <trkpt lat="44.1456" lon="-73.73524">
        <ele>825.36</ele>
        <time>2026-04-11T18:34:51Z</time>
      </trkpt>
      <trkpt lat="44.1456" lon="-73.73523">
        <ele>825.74</ele>
        <time>2026-04-11T18:34:59Z</time>
      </trkpt>
      <trkpt lat="44.1456" lon="-73.73523">
        <ele>825.74</ele>
        <time>2026-04-11T18:35:03Z</time>
      </trkpt>
      <trkpt lat="44.14559" lon="-73.73525">
        <ele>824.58</ele>
        <time>2026-04-11T18:35:07Z</time>
      </trkpt>
      <trkpt lat="44.14559" lon="-73.73529">
        <ele>822.93</ele>
        <time>2026-04-11T18:35:14Z</time>
      </trkpt>
      <trkpt lat="44.14559" lon="-73.73529">
        <ele>822.93</ele>
        <time>2026-04-11T18:35:15Z</time>
      </trkpt>
      <trkpt lat="44.1456" lon="-73.7353">
        <ele>822.95</ele>
        <time>2026-04-11T18:35:21Z</time>
      </trkpt>
      <trkpt lat="44.14561" lon="-73.7353">
        <ele>823.43</ele>
        <time>2026-04-11T18:35:24Z</time>
      </trkpt>
      <trkpt lat="44.14562" lon="-73.73533">
        <ele>822.75</ele>
        <time>2026-04-11T18:35:34Z</time>
      </trkpt>
      <trkpt lat="44.14562" lon="-73.73535">
        <ele>821.97</ele>
        <time>2026-04-11T18:35:37Z</time>
      </trkpt>
      <trkpt lat="44.14563" lon="-73.73534">
        <ele>822.94</ele>
        <time>2026-04-11T18:35:43Z</time>
      </trkpt>
      <trkpt lat="44.14564" lon="-73.73533">
        <ele>823.86</ele>
        <time>2026-04-11T18:35:45Z</time>
      </trkpt>
      <trkpt lat="44.14568" lon="-73.73536">
        <ele>824.37</ele>
        <time>2026-04-11T18:35:54Z</time>
      </trkpt>
      <trkpt lat="44.14568" lon="-73.73538">
        <ele>823.58</ele>
        <time>2026-04-11T18:36:02Z</time>
      </trkpt>
      <trkpt lat="44.14568" lon="-73.73534">
        <ele>825.02</ele>
        <time>2026-04-11T18:36:12Z</time>
      </trkpt>
      <trkpt lat="44.14569" lon="-73.73536">
        <ele>824.69</ele>
        <time>2026-04-11T18:36:19Z</time>
      </trkpt>
      <trkpt lat="44.14569" lon="-73.73537">
        <ele>824.37</ele>
        <time>2026-04-11T18:36:20Z</time>
      </trkpt>
      <trkpt lat="44.14569" lon="-73.73539">
        <ele>823.49</ele>
        <time>2026-04-11T18:36:26Z</time>
      </trkpt>
      <trkpt lat="44.14568" lon="-73.73541">
        <ele>822.19</ele>
        <time>2026-04-11T18:36:29Z</time>
      </trkpt>
      <trkpt lat="44.14567" lon="-73.73542">
        <ele>821.28</ele>
        <time>2026-04-11T18:36:35Z</time>
      </trkpt>
      <trkpt lat="44.14567" lon="-73.73543">
        <ele>820.79</ele>
        <time>2026-04-11T18:36:37Z</time>
      </trkpt>
      <trkpt lat="44.14568" lon="-73.73545">
        <ele>820.32</ele>
        <time>2026-04-11T18:36:45Z</time>
      </trkpt>
      <trkpt lat="44.14567" lon="-73.73545">
        <ele>819.81</ele>
        <time>2026-04-11T18:36:54Z</time>
      </trkpt>
      <trkpt lat="44.14568" lon="-73.73546">
        <ele>819.86</ele>
        <time>2026-04-11T18:36:58Z</time>
      </trkpt>
      <trkpt lat="44.14568" lon="-73.73546">
        <ele>819.86</ele>
        <time>2026-04-11T18:37:06Z</time>
      </trkpt>
      <trkpt lat="44.14566" lon="-73.7355">
        <ele>816.29</ele>
        <time>2026-04-11T18:37:14Z</time>
      </trkpt>
      <trkpt lat="44.14566" lon="-73.73553">
        <ele>814.39</ele>
        <time>2026-04-11T18:37:20Z</time>
      </trkpt>
      <trkpt lat="44.14566" lon="-73.73552">
        <ele>815.02</ele>
        <time>2026-04-11T18:37:23Z</time>
      </trkpt>
      <trkpt lat="44.14566" lon="-73.73553">
        <ele>814.39</ele>
        <time>2026-04-11T18:37:28Z</time>
      </trkpt>
      <trkpt lat="44.14566" lon="-73.73553">
        <ele>814.39</ele>
        <time>2026-04-11T18:37:30Z</time>
      </trkpt>
      <trkpt lat="44.14566" lon="-73.73552">
        <ele>815.02</ele>
        <time>2026-04-11T18:37:32Z</time>
      </trkpt>
      <trkpt lat="44.14567" lon="-73.73558">
        <ele>812.44</ele>
        <time>2026-04-11T18:37:41Z</time>
      </trkpt>
      <trkpt lat="44.14569" lon="-73.73562">
        <ele>811.68</ele>
        <time>2026-04-11T18:37:50Z</time>
      </trkpt>
      <trkpt lat="44.14569" lon="-73.73562">
        <ele>811.68</ele>
        <time>2026-04-11T18:37:51Z</time>
      </trkpt>
      <trkpt lat="44.14567" lon="-73.73564">
        <ele>810.03</ele>
        <time>2026-04-11T18:38:00Z</time>
      </trkpt>
      <trkpt lat="44.14566" lon="-73.73565">
        <ele>809.34</ele>
        <time>2026-04-11T18:38:03Z</time>
      </trkpt>
      <trkpt lat="44.14565" lon="-73.73565">
        <ele>809.02</ele>
        <time>2026-04-11T18:38:05Z</time>
      </trkpt>
      <trkpt lat="44.14565" lon="-73.73566">
        <ele>808.8</ele>
        <time>2026-04-11T18:38:09Z</time>
      </trkpt>
      <trkpt lat="44.14565" lon="-73.73566">
        <ele>808.8</ele>
        <time>2026-04-11T18:38:11Z</time>
      </trkpt>
      <trkpt lat="44.14565" lon="-73.73566">
        <ele>808.8</ele>
        <time>2026-04-11T18:38:13Z</time>
      </trkpt>
      <trkpt lat="44.14565" lon="-73.73567">
        <ele>808.58</ele>
        <time>2026-04-11T18:38:17Z</time>
      </trkpt>
      <trkpt lat="44.14565" lon="-73.73567">
        <ele>808.58</ele>
        <time>2026-04-11T18:38:19Z</time>
      </trkpt>
      <trkpt lat="44.14564" lon="-73.7357">
        <ele>807.75</ele>
        <time>2026-04-11T18:38:22Z</time>
      </trkpt>
      <trkpt lat="44.14562" lon="-73.73571">
        <ele>807.26</ele>
        <time>2026-04-11T18:38:27Z</time>
      </trkpt>
      <trkpt lat="44.14562" lon="-73.7357">
        <ele>807.44</ele>
        <time>2026-04-11T18:38:28Z</time>
      </trkpt>
      <trkpt lat="44.14558" lon="-73.73572">
        <ele>806.55</ele>
        <time>2026-04-11T18:38:37Z</time>
      </trkpt>
      <trkpt lat="44.14558" lon="-73.73573">
        <ele>806.41</ele>
        <time>2026-04-11T18:38:39Z</time>
      </trkpt>
      <trkpt lat="44.14558" lon="-73.73572">
        <ele>806.55</ele>
        <time>2026-04-11T18:38:41Z</time>
      </trkpt>
      <trkpt lat="44.14558" lon="-73.73573">
        <ele>806.41</ele>
        <time>2026-04-11T18:38:47Z</time>
      </trkpt>
      <trkpt lat="44.14558" lon="-73.73574">
        <ele>806.27</ele>
        <time>2026-04-11T18:38:48Z</time>
      </trkpt>
      <trkpt lat="44.14556" lon="-73.73576">
        <ele>805.63</ele>
        <time>2026-04-11T18:38:57Z</time>
      </trkpt>
      <trkpt lat="44.14555" lon="-73.73576">
        <ele>805.52</ele>
        <time>2026-04-11T18:39:04Z</time>
      </trkpt>
      <trkpt lat="44.14554" lon="-73.73577">
        <ele>805.2</ele>
        <time>2026-04-11T18:39:09Z</time>
      </trkpt>
      <trkpt lat="44.14551" lon="-73.7358">
        <ele>804.23</ele>
        <time>2026-04-11T18:39:13Z</time>
      </trkpt>
      <trkpt lat="44.14551" lon="-73.73581">
        <ele>804.01</ele>
        <time>2026-04-11T18:39:15Z</time>
      </trkpt>
      <trkpt lat="44.14548" lon="-73.73586">
        <ele>802.84</ele>
        <time>2026-04-11T18:39:22Z</time>
      </trkpt>
      <trkpt lat="44.14547" lon="-73.73587">
        <ele>802.65</ele>
        <time>2026-04-11T18:39:23Z</time>
      </trkpt>
      <trkpt lat="44.14547" lon="-73.73588">
        <ele>802.53</ele>
        <time>2026-04-11T18:39:26Z</time>
      </trkpt>
      <trkpt lat="44.14546" lon="-73.73591">
        <ele>802.15</ele>
        <time>2026-04-11T18:39:29Z</time>
      </trkpt>
      <trkpt lat="44.14545" lon="-73.73593">
        <ele>801.77</ele>
        <time>2026-04-11T18:39:31Z</time>
      </trkpt>
      <trkpt lat="44.14545" lon="-73.73594">
        <ele>801.56</ele>
        <time>2026-04-11T18:39:33Z</time>
      </trkpt>
      <trkpt lat="44.14544" lon="-73.73594">
        <ele>801.45</ele>
        <time>2026-04-11T18:39:34Z</time>
      </trkpt>
      <trkpt lat="44.14542" lon="-73.73595">
        <ele>801.02</ele>
        <time>2026-04-11T18:39:39Z</time>
      </trkpt>
      <trkpt lat="44.14541" lon="-73.73596">
        <ele>800.69</ele>
        <time>2026-04-11T18:39:43Z</time>
      </trkpt>
      <trkpt lat="44.1454" lon="-73.73597">
        <ele>800.37</ele>
        <time>2026-04-11T18:39:46Z</time>
      </trkpt>
      <trkpt lat="44.14538" lon="-73.73598">
        <ele>799.94</ele>
        <time>2026-04-11T18:39:52Z</time>
      </trkpt>
      <trkpt lat="44.14537" lon="-73.73599">
        <ele>799.61</ele>
        <time>2026-04-11T18:40:00Z</time>
      </trkpt>
      <trkpt lat="44.14536" lon="-73.736">
        <ele>799.31</ele>
        <time>2026-04-11T18:40:01Z</time>
      </trkpt>
      <trkpt lat="44.14536" lon="-73.73602">
        <ele>798.82</ele>
        <time>2026-04-11T18:40:04Z</time>
      </trkpt>
      <trkpt lat="44.1454" lon="-73.73606">
        <ele>797.38</ele>
        <time>2026-04-11T18:40:12Z</time>
      </trkpt>
      <trkpt lat="44.14542" lon="-73.73611">
        <ele>795.05</ele>
        <time>2026-04-11T18:40:21Z</time>
      </trkpt>
      <trkpt lat="44.14545" lon="-73.73615">
        <ele>792.9</ele>
        <time>2026-04-11T18:40:31Z</time>
      </trkpt>
      <trkpt lat="44.14545" lon="-73.73616">
        <ele>792.36</ele>
        <time>2026-04-11T18:40:33Z</time>
      </trkpt>
      <trkpt lat="44.14548" lon="-73.73617">
        <ele>791.7</ele>
        <time>2026-04-11T18:40:38Z</time>
      </trkpt>
      <trkpt lat="44.14551" lon="-73.73617">
        <ele>791.5</ele>
        <time>2026-04-11T18:40:42Z</time>
      </trkpt>
      <trkpt lat="44.14552" lon="-73.73617">
        <ele>791.43</ele>
        <time>2026-04-11T18:40:45Z</time>
      </trkpt>
      <trkpt lat="44.14553" lon="-73.7362">
        <ele>789.5</ele>
        <time>2026-04-11T18:40:52Z</time>
      </trkpt>
      <trkpt lat="44.14552" lon="-73.73622">
        <ele>788.68</ele>
        <time>2026-04-11T18:40:55Z</time>
      </trkpt>
      <trkpt lat="44.14551" lon="-73.73625">
        <ele>787.49</ele>
        <time>2026-04-11T18:41:00Z</time>
      </trkpt>
      <trkpt lat="44.14551" lon="-73.73625">
        <ele>787.49</ele>
        <time>2026-04-11T18:41:01Z</time>
      </trkpt>
      <trkpt lat="44.14553" lon="-73.73627">
        <ele>786.41</ele>
        <time>2026-04-11T18:41:07Z</time>
      </trkpt>
      <trkpt lat="44.14552" lon="-73.73627">
        <ele>786.52</ele>
        <time>2026-04-11T18:41:10Z</time>
      </trkpt>
      <trkpt lat="44.14553" lon="-73.73629">
        <ele>785.55</ele>
        <time>2026-04-11T18:41:14Z</time>
      </trkpt>
      <trkpt lat="44.14553" lon="-73.73629">
        <ele>785.55</ele>
        <time>2026-04-11T18:41:20Z</time>
      </trkpt>
      <trkpt lat="44.14552" lon="-73.73629">
        <ele>785.66</ele>
        <time>2026-04-11T18:41:26Z</time>
      </trkpt>
      <trkpt lat="44.14552" lon="-73.73629">
        <ele>785.66</ele>
        <time>2026-04-11T18:41:33Z</time>
      </trkpt>
      <trkpt lat="44.14552" lon="-73.73629">
        <ele>785.66</ele>
        <time>2026-04-11T18:41:34Z</time>
      </trkpt>
      <trkpt lat="44.14553" lon="-73.7363">
        <ele>785.14</ele>
        <time>2026-04-11T18:41:42Z</time>
      </trkpt>
      <trkpt lat="44.14552" lon="-73.7363">
        <ele>785.25</ele>
        <time>2026-04-11T18:41:45Z</time>
      </trkpt>
      <trkpt lat="44.14551" lon="-73.7363">
        <ele>785.35</ele>
        <time>2026-04-11T18:41:48Z</time>
      </trkpt>
      <trkpt lat="44.14551" lon="-73.73631">
        <ele>784.98</ele>
        <time>2026-04-11T18:41:50Z</time>
      </trkpt>
      <trkpt lat="44.14551" lon="-73.73632">
        <ele>784.6</ele>
        <time>2026-04-11T18:41:58Z</time>
      </trkpt>
      <trkpt lat="44.14551" lon="-73.73632">
        <ele>784.6</ele>
        <time>2026-04-11T18:42:02Z</time>
      </trkpt>
      <trkpt lat="44.1455" lon="-73.73633">
        <ele>784.29</ele>
        <time>2026-04-11T18:42:07Z</time>
      </trkpt>
      <trkpt lat="44.14548" lon="-73.73635">
        <ele>783.6</ele>
        <time>2026-04-11T18:42:17Z</time>
      </trkpt>
      <trkpt lat="44.14548" lon="-73.73635">
        <ele>783.6</ele>
        <time>2026-04-11T18:42:18Z</time>
      </trkpt>
      <trkpt lat="44.14547" lon="-73.73636">
        <ele>783.22</ele>
        <time>2026-04-11T18:42:21Z</time>
      </trkpt>
      <trkpt lat="44.14547" lon="-73.73637">
        <ele>782.8</ele>
        <time>2026-04-11T18:42:26Z</time>
      </trkpt>
      <trkpt lat="44.14547" lon="-73.73638">
        <ele>782.38</ele>
        <time>2026-04-11T18:42:28Z</time>
      </trkpt>
      <trkpt lat="44.14547" lon="-73.73641">
        <ele>781.32</ele>
        <time>2026-04-11T18:42:34Z</time>
      </trkpt>
      <trkpt lat="44.14546" lon="-73.73643">
        <ele>780.65</ele>
        <time>2026-04-11T18:42:38Z</time>
      </trkpt>
      <trkpt lat="44.14541" lon="-73.73647">
        <ele>778.87</ele>
        <time>2026-04-11T18:42:47Z</time>
      </trkpt>
      <trkpt lat="44.14535" lon="-73.7365">
        <ele>777.02</ele>
        <time>2026-04-11T18:42:56Z</time>
      </trkpt>
      <trkpt lat="44.14533" lon="-73.7365">
        <ele>776.85</ele>
        <time>2026-04-11T18:43:01Z</time>
      </trkpt>
      <trkpt lat="44.14531" lon="-73.73651">
        <ele>776.32</ele>
        <time>2026-04-11T18:43:05Z</time>
      </trkpt>
      <trkpt lat="44.14529" lon="-73.73651">
        <ele>776.17</ele>
        <time>2026-04-11T18:43:13Z</time>
      </trkpt>
      <trkpt lat="44.14524" lon="-73.73653">
        <ele>775.21</ele>
        <time>2026-04-11T18:43:20Z</time>
      </trkpt>
      <trkpt lat="44.14523" lon="-73.73654">
        <ele>774.78</ele>
        <time>2026-04-11T18:43:22Z</time>
      </trkpt>
      <trkpt lat="44.14523" lon="-73.73657">
        <ele>773.64</ele>
        <time>2026-04-11T18:43:29Z</time>
      </trkpt>
      <trkpt lat="44.14521" lon="-73.73657">
        <ele>773.43</ele>
        <time>2026-04-11T18:43:35Z</time>
      </trkpt>
      <trkpt lat="44.1452" lon="-73.73659">
        <ele>772.3</ele>
        <time>2026-04-11T18:43:38Z</time>
      </trkpt>
      <trkpt lat="44.14519" lon="-73.7366">
        <ele>771.65</ele>
        <time>2026-04-11T18:43:43Z</time>
      </trkpt>
      <trkpt lat="44.14518" lon="-73.73659">
        <ele>772.03</ele>
        <time>2026-04-11T18:43:47Z</time>
      </trkpt>
      <trkpt lat="44.14517" lon="-73.7366">
        <ele>771.27</ele>
        <time>2026-04-11T18:43:51Z</time>
      </trkpt>
      <trkpt lat="44.14515" lon="-73.7366">
        <ele>770.84</ele>
        <time>2026-04-11T18:43:55Z</time>
      </trkpt>
      <trkpt lat="44.14514" lon="-73.73661">
        <ele>770.08</ele>
        <time>2026-04-11T18:44:00Z</time>
      </trkpt>
      <trkpt lat="44.14511" lon="-73.73662">
        <ele>768.9</ele>
        <time>2026-04-11T18:44:08Z</time>
      </trkpt>
      <trkpt lat="44.14511" lon="-73.73662">
        <ele>768.9</ele>
        <time>2026-04-11T18:44:12Z</time>
      </trkpt>
      <trkpt lat="44.1451" lon="-73.73665">
        <ele>767.06</ele>
        <time>2026-04-11T18:44:17Z</time>
      </trkpt>
      <trkpt lat="44.1451" lon="-73.73665">
        <ele>767.06</ele>
        <time>2026-04-11T18:44:20Z</time>
      </trkpt>
      <trkpt lat="44.14508" lon="-73.73669">
        <ele>764.6</ele>
        <time>2026-04-11T18:44:27Z</time>
      </trkpt>
      <trkpt lat="44.14507" lon="-73.7367">
        <ele>763.96</ele>
        <time>2026-04-11T18:44:29Z</time>
      </trkpt>
      <trkpt lat="44.14507" lon="-73.73671">
        <ele>763.42</ele>
        <time>2026-04-11T18:44:35Z</time>
      </trkpt>
      <trkpt lat="44.14507" lon="-73.73673">
        <ele>762.34</ele>
        <time>2026-04-11T18:44:39Z</time>
      </trkpt>
      <trkpt lat="44.14504" lon="-73.73675">
        <ele>760.93</ele>
        <time>2026-04-11T18:44:46Z</time>
      </trkpt>
      <trkpt lat="44.145" lon="-73.73679">
        <ele>759.0</ele>
        <time>2026-04-11T18:44:54Z</time>
      </trkpt>
      <trkpt lat="44.145" lon="-73.73682">
        <ele>758.03</ele>
        <time>2026-04-11T18:45:02Z</time>
      </trkpt>
      <trkpt lat="44.14499" lon="-73.73683">
        <ele>757.43</ele>
        <time>2026-04-11T18:45:10Z</time>
      </trkpt>
      <trkpt lat="44.14499" lon="-73.73684">
        <ele>757.09</ele>
        <time>2026-04-11T18:45:11Z</time>
      </trkpt>
      <trkpt lat="44.14498" lon="-73.73687">
        <ele>756.2</ele>
        <time>2026-04-11T18:45:18Z</time>
      </trkpt>
      <trkpt lat="44.14498" lon="-73.73687">
        <ele>756.2</ele>
        <time>2026-04-11T18:45:19Z</time>
      </trkpt>
      <trkpt lat="44.14498" lon="-73.73684">
        <ele>756.79</ele>
        <time>2026-04-11T18:45:27Z</time>
      </trkpt>
      <trkpt lat="44.14491" lon="-73.73683">
        <ele>755.25</ele>
        <time>2026-04-11T18:45:33Z</time>
      </trkpt>
      <trkpt lat="44.1449" lon="-73.73683">
        <ele>754.88</ele>
        <time>2026-04-11T18:45:35Z</time>
      </trkpt>
      <trkpt lat="44.14486" lon="-73.73681">
        <ele>754.44</ele>
        <time>2026-04-11T18:45:40Z</time>
      </trkpt>
      <trkpt lat="44.14483" lon="-73.73678">
        <ele>755.18</ele>
        <time>2026-04-11T18:45:43Z</time>
      </trkpt>
      <trkpt lat="44.14476" lon="-73.73676">
        <ele>755.95</ele>
        <time>2026-04-11T18:45:48Z</time>
      </trkpt>
      <trkpt lat="44.14469" lon="-73.73671">
        <ele>759.19</ele>
        <time>2026-04-11T18:45:57Z</time>
      </trkpt>
      <trkpt lat="44.14467" lon="-73.73671">
        <ele>759.19</ele>
        <time>2026-04-11T18:45:59Z</time>
      </trkpt>
      <trkpt lat="44.14463" lon="-73.7367">
        <ele>759.84</ele>
        <time>2026-04-11T18:46:02Z</time>
      </trkpt>
      <trkpt lat="44.1446" lon="-73.7367">
        <ele>759.96</ele>
        <time>2026-04-11T18:46:05Z</time>
      </trkpt>
      <trkpt lat="44.14457" lon="-73.73669">
        <ele>760.65</ele>
        <time>2026-04-11T18:46:07Z</time>
      </trkpt>
      <trkpt lat="44.14453" lon="-73.73667">
        <ele>761.82</ele>
        <time>2026-04-11T18:46:15Z</time>
      </trkpt>
      <trkpt lat="44.14448" lon="-73.73666">
        <ele>762.22</ele>
        <time>2026-04-11T18:46:23Z</time>
      </trkpt>
      <trkpt lat="44.14446" lon="-73.73665">
        <ele>762.54</ele>
        <time>2026-04-11T18:46:25Z</time>
      </trkpt>
      <trkpt lat="44.14442" lon="-73.73664">
        <ele>762.79</ele>
        <time>2026-04-11T18:46:31Z</time>
      </trkpt>
      <trkpt lat="44.14436" lon="-73.73665">
        <ele>762.38</ele>
        <time>2026-04-11T18:46:35Z</time>
      </trkpt>
      <trkpt lat="44.14429" lon="-73.73667">
        <ele>761.88</ele>
        <time>2026-04-11T18:46:39Z</time>
      </trkpt>
      <trkpt lat="44.14426" lon="-73.73669">
        <ele>761.24</ele>
        <time>2026-04-11T18:46:42Z</time>
      </trkpt>
      <trkpt lat="44.14425" lon="-73.7367">
        <ele>760.92</ele>
        <time>2026-04-11T18:46:45Z</time>
      </trkpt>
      <trkpt lat="44.14425" lon="-73.7367">
        <ele>760.92</ele>
        <time>2026-04-11T18:46:47Z</time>
      </trkpt>
      <trkpt lat="44.14423" lon="-73.73671">
        <ele>760.6</ele>
        <time>2026-04-11T18:46:51Z</time>
      </trkpt>
      <trkpt lat="44.14421" lon="-73.73671">
        <ele>760.6</ele>
        <time>2026-04-11T18:46:54Z</time>
      </trkpt>
      <trkpt lat="44.1442" lon="-73.73672">
        <ele>760.27</ele>
        <time>2026-04-11T18:46:57Z</time>
      </trkpt>
      <trkpt lat="44.14419" lon="-73.73673">
        <ele>759.95</ele>
        <time>2026-04-11T18:46:59Z</time>
      </trkpt>
      <trkpt lat="44.14418" lon="-73.73675">
        <ele>759.3</ele>
        <time>2026-04-11T18:47:03Z</time>
      </trkpt>
      <trkpt lat="44.14416" lon="-73.73675">
        <ele>759.3</ele>
        <time>2026-04-11T18:47:04Z</time>
      </trkpt>
      <trkpt lat="44.14414" lon="-73.73676">
        <ele>758.97</ele>
        <time>2026-04-11T18:47:07Z</time>
      </trkpt>
      <trkpt lat="44.14409" lon="-73.73679">
        <ele>757.67</ele>
        <time>2026-04-11T18:47:14Z</time>
      </trkpt>
      <trkpt lat="44.14409" lon="-73.7368">
        <ele>757.24</ele>
        <time>2026-04-11T18:47:15Z</time>
      </trkpt>
      <trkpt lat="44.14408" lon="-73.73685">
        <ele>755.08</ele>
        <time>2026-04-11T18:47:24Z</time>
      </trkpt>
      <trkpt lat="44.14408" lon="-73.73686">
        <ele>754.56</ele>
        <time>2026-04-11T18:47:25Z</time>
      </trkpt>
      <trkpt lat="44.14409" lon="-73.73691">
        <ele>751.86</ele>
        <time>2026-04-11T18:47:30Z</time>
      </trkpt>
      <trkpt lat="44.1441" lon="-73.73695">
        <ele>749.82</ele>
        <time>2026-04-11T18:47:34Z</time>
      </trkpt>
      <trkpt lat="44.14412" lon="-73.73698">
        <ele>748.85</ele>
        <time>2026-04-11T18:47:42Z</time>
      </trkpt>
      <trkpt lat="44.1441" lon="-73.73703">
        <ele>747.23</ele>
        <time>2026-04-11T18:47:53Z</time>
      </trkpt>
      <trkpt lat="44.1441" lon="-73.73703">
        <ele>747.23</ele>
        <time>2026-04-11T18:47:54Z</time>
      </trkpt>
      <trkpt lat="44.14411" lon="-73.73702">
        <ele>747.55</ele>
        <time>2026-04-11T18:47:59Z</time>
      </trkpt>
      <trkpt lat="44.14411" lon="-73.73702">
        <ele>747.55</ele>
        <time>2026-04-11T18:48:02Z</time>
      </trkpt>
      <trkpt lat="44.14411" lon="-73.73703">
        <ele>747.23</ele>
        <time>2026-04-11T18:48:04Z</time>
      </trkpt>
      <trkpt lat="44.14413" lon="-73.73704">
        <ele>746.92</ele>
        <time>2026-04-11T18:48:10Z</time>
      </trkpt>
      <trkpt lat="44.14417" lon="-73.73706">
        <ele>746.22</ele>
        <time>2026-04-11T18:48:14Z</time>
      </trkpt>
      <trkpt lat="44.1442" lon="-73.73707">
        <ele>745.57</ele>
        <time>2026-04-11T18:48:17Z</time>
      </trkpt>
      <trkpt lat="44.14425" lon="-73.73708">
        <ele>744.71</ele>
        <time>2026-04-11T18:48:22Z</time>
      </trkpt>
      <trkpt lat="44.14426" lon="-73.73708">
        <ele>744.6</ele>
        <time>2026-04-11T18:48:23Z</time>
      </trkpt>
      <trkpt lat="44.14429" lon="-73.73709">
        <ele>743.95</ele>
        <time>2026-04-11T18:48:26Z</time>
      </trkpt>
      <trkpt lat="44.14434" lon="-73.7371">
        <ele>743.09</ele>
        <time>2026-04-11T18:48:32Z</time>
      </trkpt>
      <trkpt lat="44.14439" lon="-73.73713">
        <ele>741.17</ele>
        <time>2026-04-11T18:48:39Z</time>
      </trkpt>
      <trkpt lat="44.14439" lon="-73.73713">
        <ele>741.17</ele>
        <time>2026-04-11T18:48:40Z</time>
      </trkpt>
      <trkpt lat="44.14439" lon="-73.73714">
        <ele>740.93</ele>
        <time>2026-04-11T18:48:42Z</time>
      </trkpt>
      <trkpt lat="44.14438" lon="-73.73715">
        <ele>740.87</ele>
        <time>2026-04-11T18:48:44Z</time>
      </trkpt>
      <trkpt lat="44.14437" lon="-73.73716">
        <ele>740.75</ele>
        <time>2026-04-11T18:48:45Z</time>
      </trkpt>
      <trkpt lat="44.14436" lon="-73.73717">
        <ele>740.59</ele>
        <time>2026-04-11T18:48:49Z</time>
      </trkpt>
      <trkpt lat="44.14431" lon="-73.7372">
        <ele>740.52</ele>
        <time>2026-04-11T18:48:59Z</time>
      </trkpt>
      <trkpt lat="44.1443" lon="-73.73721">
        <ele>740.44</ele>
        <time>2026-04-11T18:49:02Z</time>
      </trkpt>
      <trkpt lat="44.14428" lon="-73.73723">
        <ele>740.32</ele>
        <time>2026-04-11T18:49:06Z</time>
      </trkpt>
      <trkpt lat="44.14428" lon="-73.73723">
        <ele>740.32</ele>
        <time>2026-04-11T18:49:07Z</time>
      </trkpt>
      <trkpt lat="44.14425" lon="-73.73725">
        <ele>740.2</ele>
        <time>2026-04-11T18:49:12Z</time>
      </trkpt>
      <trkpt lat="44.14425" lon="-73.73725">
        <ele>740.2</ele>
        <time>2026-04-11T18:49:13Z</time>
      </trkpt>
      <trkpt lat="44.14423" lon="-73.73726">
        <ele>740.09</ele>
        <time>2026-04-11T18:49:15Z</time>
      </trkpt>
      <trkpt lat="44.14423" lon="-73.73727">
        <ele>739.77</ele>
        <time>2026-04-11T18:49:17Z</time>
      </trkpt>
      <trkpt lat="44.14421" lon="-73.73732">
        <ele>738.28</ele>
        <time>2026-04-11T18:49:22Z</time>
      </trkpt>
      <trkpt lat="44.14421" lon="-73.73732">
        <ele>738.28</ele>
        <time>2026-04-11T18:49:24Z</time>
      </trkpt>
      <trkpt lat="44.14417" lon="-73.73734">
        <ele>737.61</ele>
        <time>2026-04-11T18:49:32Z</time>
      </trkpt>
      <trkpt lat="44.14417" lon="-73.73734">
        <ele>737.61</ele>
        <time>2026-04-11T18:49:38Z</time>
      </trkpt>
      <trkpt lat="44.14418" lon="-73.73735">
        <ele>737.01</ele>
        <time>2026-04-11T18:49:47Z</time>
      </trkpt>
      <trkpt lat="44.14414" lon="-73.73737">
        <ele>736.48</ele>
        <time>2026-04-11T18:49:56Z</time>
      </trkpt>
      <trkpt lat="44.14409" lon="-73.73739">
        <ele>736.44</ele>
        <time>2026-04-11T18:50:03Z</time>
      </trkpt>
      <trkpt lat="44.14401" lon="-73.73738">
        <ele>737.67</ele>
        <time>2026-04-11T18:50:10Z</time>
      </trkpt>
      <trkpt lat="44.14395" lon="-73.73738">
        <ele>738.13</ele>
        <time>2026-04-11T18:50:19Z</time>
      </trkpt>
      <trkpt lat="44.14389" lon="-73.73739">
        <ele>738.37</ele>
        <time>2026-04-11T18:50:26Z</time>
      </trkpt>
      <trkpt lat="44.14388" lon="-73.7374">
        <ele>738.16</ele>
        <time>2026-04-11T18:50:27Z</time>
      </trkpt>
      <trkpt lat="44.14383" lon="-73.73742">
        <ele>737.59</ele>
        <time>2026-04-11T18:50:33Z</time>
      </trkpt>
      <trkpt lat="44.14383" lon="-73.73743">
        <ele>737.27</ele>
        <time>2026-04-11T18:50:36Z</time>
      </trkpt>
      <trkpt lat="44.14381" lon="-73.73744">
        <ele>736.94</ele>
        <time>2026-04-11T18:50:38Z</time>
      </trkpt>
      <trkpt lat="44.14379" lon="-73.73745">
        <ele>736.65</ele>
        <time>2026-04-11T18:50:42Z</time>
      </trkpt>
      <trkpt lat="44.14377" lon="-73.73745">
        <ele>736.75</ele>
        <time>2026-04-11T18:50:46Z</time>
      </trkpt>
      <trkpt lat="44.14377" lon="-73.73745">
        <ele>736.75</ele>
        <time>2026-04-11T18:50:49Z</time>
      </trkpt>
      <trkpt lat="44.14375" lon="-73.73747">
        <ele>736.31</ele>
        <time>2026-04-11T18:50:54Z</time>
      </trkpt>
      <trkpt lat="44.14371" lon="-73.7375">
        <ele>735.93</ele>
        <time>2026-04-11T18:50:58Z</time>
      </trkpt>
      <trkpt lat="44.14369" lon="-73.73754">
        <ele>734.7</ele>
        <time>2026-04-11T18:51:01Z</time>
      </trkpt>
      <trkpt lat="44.14365" lon="-73.73754">
        <ele>734.7</ele>
        <time>2026-04-11T18:51:11Z</time>
      </trkpt>
      <trkpt lat="44.14354" lon="-73.73758">
        <ele>733.41</ele>
        <time>2026-04-11T18:51:18Z</time>
      </trkpt>
      <trkpt lat="44.14348" lon="-73.73762">
        <ele>732.28</ele>
        <time>2026-04-11T18:51:25Z</time>
      </trkpt>
      <trkpt lat="44.14346" lon="-73.73764">
        <ele>731.65</ele>
        <time>2026-04-11T18:51:28Z</time>
      </trkpt>
      <trkpt lat="44.14343" lon="-73.73765">
        <ele>731.17</ele>
        <time>2026-04-11T18:51:32Z</time>
      </trkpt>
      <trkpt lat="44.14339" lon="-73.73766">
        <ele>730.82</ele>
        <time>2026-04-11T18:51:37Z</time>
      </trkpt>
      <trkpt lat="44.14335" lon="-73.73767">
        <ele>730.49</ele>
        <time>2026-04-11T18:51:42Z</time>
      </trkpt>
      <trkpt lat="44.14329" lon="-73.73769">
        <ele>729.43</ele>
        <time>2026-04-11T18:51:49Z</time>
      </trkpt>
      <trkpt lat="44.14327" lon="-73.73769">
        <ele>729.21</ele>
        <time>2026-04-11T18:51:57Z</time>
      </trkpt>
      <trkpt lat="44.14322" lon="-73.7377">
        <ele>728.46</ele>
        <time>2026-04-11T18:52:07Z</time>
      </trkpt>
      <trkpt lat="44.14321" lon="-73.7377">
        <ele>728.35</ele>
        <time>2026-04-11T18:52:09Z</time>
      </trkpt>
      <trkpt lat="44.14317" lon="-73.73765">
        <ele>729.0</ele>
        <time>2026-04-11T18:52:17Z</time>
      </trkpt>
      <trkpt lat="44.14316" lon="-73.73765">
        <ele>728.89</ele>
        <time>2026-04-11T18:52:19Z</time>
      </trkpt>
      <trkpt lat="44.14311" lon="-73.73767">
        <ele>727.92</ele>
        <time>2026-04-11T18:52:24Z</time>
      </trkpt>
      <trkpt lat="44.1431" lon="-73.73768">
        <ele>727.59</ele>
        <time>2026-04-11T18:52:25Z</time>
      </trkpt>
      <trkpt lat="44.14305" lon="-73.73771">
        <ele>726.4</ele>
        <time>2026-04-11T18:52:33Z</time>
      </trkpt>
      <trkpt lat="44.143" lon="-73.73771">
        <ele>725.86</ele>
        <time>2026-04-11T18:52:41Z</time>
      </trkpt>
      <trkpt lat="44.14294" lon="-73.73772">
        <ele>725.0</ele>
        <time>2026-04-11T18:52:48Z</time>
      </trkpt>
      <trkpt lat="44.14291" lon="-73.7377">
        <ele>725.11</ele>
        <time>2026-04-11T18:52:55Z</time>
      </trkpt>
      <trkpt lat="44.14288" lon="-73.73769">
        <ele>725.0</ele>
        <time>2026-04-11T18:52:58Z</time>
      </trkpt>
      <trkpt lat="44.14286" lon="-73.73769">
        <ele>724.68</ele>
        <time>2026-04-11T18:53:01Z</time>
      </trkpt>
      <trkpt lat="44.14285" lon="-73.73769">
        <ele>724.47</ele>
        <time>2026-04-11T18:53:02Z</time>
      </trkpt>
      <trkpt lat="44.14281" lon="-73.73768">
        <ele>723.81</ele>
        <time>2026-04-11T18:53:09Z</time>
      </trkpt>
      <trkpt lat="44.14278" lon="-73.73772">
        <ele>722.66</ele>
        <time>2026-04-11T18:53:16Z</time>
      </trkpt>
      <trkpt lat="44.14277" lon="-73.73773">
        <ele>722.39</ele>
        <time>2026-04-11T18:53:22Z</time>
      </trkpt>
      <trkpt lat="44.14276" lon="-73.73773">
        <ele>722.23</ele>
        <time>2026-04-11T18:53:24Z</time>
      </trkpt>
      <trkpt lat="44.14273" lon="-73.73771">
        <ele>722.08</ele>
        <time>2026-04-11T18:53:32Z</time>
      </trkpt>
      <trkpt lat="44.14273" lon="-73.73772">
        <ele>721.91</ele>
        <time>2026-04-11T18:53:33Z</time>
      </trkpt>
      <trkpt lat="44.14271" lon="-73.73774">
        <ele>721.24</ele>
        <time>2026-04-11T18:53:38Z</time>
      </trkpt>
      <trkpt lat="44.14269" lon="-73.73775">
        <ele>720.69</ele>
        <time>2026-04-11T18:53:42Z</time>
      </trkpt>
      <trkpt lat="44.14269" lon="-73.73775">
        <ele>720.69</ele>
        <time>2026-04-11T18:53:44Z</time>
      </trkpt>
      <trkpt lat="44.14263" lon="-73.7378">
        <ele>718.33</ele>
        <time>2026-04-11T18:53:52Z</time>
      </trkpt>
      <trkpt lat="44.14262" lon="-73.73784">
        <ele>717.25</ele>
        <time>2026-04-11T18:53:56Z</time>
      </trkpt>
      <trkpt lat="44.1426" lon="-73.73785">
        <ele>716.6</ele>
        <time>2026-04-11T18:53:59Z</time>
      </trkpt>
      <trkpt lat="44.14259" lon="-73.73786">
        <ele>716.16</ele>
        <time>2026-04-11T18:54:00Z</time>
      </trkpt>
      <trkpt lat="44.14257" lon="-73.73788">
        <ele>715.3</ele>
        <time>2026-04-11T18:54:05Z</time>
      </trkpt>
      <trkpt lat="44.14256" lon="-73.73789">
        <ele>714.87</ele>
        <time>2026-04-11T18:54:07Z</time>
      </trkpt>
      <trkpt lat="44.14254" lon="-73.7379">
        <ele>714.22</ele>
        <time>2026-04-11T18:54:10Z</time>
      </trkpt>
      <trkpt lat="44.14253" lon="-73.73789">
        <ele>714.22</ele>
        <time>2026-04-11T18:54:15Z</time>
      </trkpt>
      <trkpt lat="44.14246" lon="-73.73793">
        <ele>711.69</ele>
        <time>2026-04-11T18:54:23Z</time>
      </trkpt>
      <trkpt lat="44.14243" lon="-73.73796">
        <ele>710.53</ele>
        <time>2026-04-11T18:54:29Z</time>
      </trkpt>
      <trkpt lat="44.14242" lon="-73.73796">
        <ele>710.31</ele>
        <time>2026-04-11T18:54:31Z</time>
      </trkpt>
      <trkpt lat="44.14239" lon="-73.73801">
        <ele>709.21</ele>
        <time>2026-04-11T18:54:39Z</time>
      </trkpt>
      <trkpt lat="44.14237" lon="-73.73803">
        <ele>708.76</ele>
        <time>2026-04-11T18:54:45Z</time>
      </trkpt>
      <trkpt lat="44.14235" lon="-73.73804">
        <ele>708.44</ele>
        <time>2026-04-11T18:54:49Z</time>
      </trkpt>
      <trkpt lat="44.14232" lon="-73.73806">
        <ele>708.01</ele>
        <time>2026-04-11T18:54:54Z</time>
      </trkpt>
      <trkpt lat="44.14232" lon="-73.73807">
        <ele>707.9</ele>
        <time>2026-04-11T18:54:55Z</time>
      </trkpt>
      <trkpt lat="44.14229" lon="-73.73809">
        <ele>707.36</ele>
        <time>2026-04-11T18:54:59Z</time>
      </trkpt>
      <trkpt lat="44.14226" lon="-73.73809">
        <ele>707.04</ele>
        <time>2026-04-11T18:55:04Z</time>
      </trkpt>
      <trkpt lat="44.14225" lon="-73.7381">
        <ele>706.82</ele>
        <time>2026-04-11T18:55:05Z</time>
      </trkpt>
      <trkpt lat="44.14223" lon="-73.73815">
        <ele>706.06</ele>
        <time>2026-04-11T18:55:11Z</time>
      </trkpt>
      <trkpt lat="44.14222" lon="-73.73816">
        <ele>705.87</ele>
        <time>2026-04-11T18:55:13Z</time>
      </trkpt>
      <trkpt lat="44.1422" lon="-73.73825">
        <ele>704.68</ele>
        <time>2026-04-11T18:55:20Z</time>
      </trkpt>
      <trkpt lat="44.14219" lon="-73.73826">
        <ele>704.52</ele>
        <time>2026-04-11T18:55:22Z</time>
      </trkpt>
      <trkpt lat="44.14218" lon="-73.73825">
        <ele>704.49</ele>
        <time>2026-04-11T18:55:24Z</time>
      </trkpt>
      <trkpt lat="44.14217" lon="-73.73825">
        <ele>704.39</ele>
        <time>2026-04-11T18:55:25Z</time>
      </trkpt>
      <trkpt lat="44.14214" lon="-73.73825">
        <ele>704.1</ele>
        <time>2026-04-11T18:55:29Z</time>
      </trkpt>
      <trkpt lat="44.14211" lon="-73.73827">
        <ele>703.72</ele>
        <time>2026-04-11T18:55:38Z</time>
      </trkpt>
      <trkpt lat="44.14209" lon="-73.73829">
        <ele>703.34</ele>
        <time>2026-04-11T18:55:42Z</time>
      </trkpt>
      <trkpt lat="44.14208" lon="-73.73833">
        <ele>702.95</ele>
        <time>2026-04-11T18:55:47Z</time>
      </trkpt>
      <trkpt lat="44.14207" lon="-73.73834">
        <ele>702.69</ele>
        <time>2026-04-11T18:55:49Z</time>
      </trkpt>
      <trkpt lat="44.14206" lon="-73.73834">
        <ele>702.48</ele>
        <time>2026-04-11T18:55:55Z</time>
      </trkpt>
      <trkpt lat="44.14205" lon="-73.73835">
        <ele>702.25</ele>
        <time>2026-04-11T18:55:57Z</time>
      </trkpt>
      <trkpt lat="44.14202" lon="-73.73839">
        <ele>701.7</ele>
        <time>2026-04-11T18:56:01Z</time>
      </trkpt>
      <trkpt lat="44.14199" lon="-73.73843">
        <ele>700.96</ele>
        <time>2026-04-11T18:56:05Z</time>
      </trkpt>
      <trkpt lat="44.14198" lon="-73.73847">
        <ele>700.59</ele>
        <time>2026-04-11T18:56:09Z</time>
      </trkpt>
      <trkpt lat="44.14198" lon="-73.73852">
        <ele>700.38</ele>
        <time>2026-04-11T18:56:13Z</time>
      </trkpt>
      <trkpt lat="44.14196" lon="-73.73857">
        <ele>700.17</ele>
        <time>2026-04-11T18:56:22Z</time>
      </trkpt>
      <trkpt lat="44.14195" lon="-73.73857">
        <ele>700.06</ele>
        <time>2026-04-11T18:56:27Z</time>
      </trkpt>
      <trkpt lat="44.14194" lon="-73.73859">
        <ele>699.9</ele>
        <time>2026-04-11T18:56:29Z</time>
      </trkpt>
      <trkpt lat="44.14194" lon="-73.7386">
        <ele>699.9</ele>
        <time>2026-04-11T18:56:32Z</time>
      </trkpt>
      <trkpt lat="44.14195" lon="-73.73863">
        <ele>699.86</ele>
        <time>2026-04-11T18:56:37Z</time>
      </trkpt>
      <trkpt lat="44.14195" lon="-73.73869">
        <ele>699.21</ele>
        <time>2026-04-11T18:56:43Z</time>
      </trkpt>
      <trkpt lat="44.14196" lon="-73.73873">
        <ele>698.88</ele>
        <time>2026-04-11T18:56:46Z</time>
      </trkpt>
      <trkpt lat="44.14199" lon="-73.73881">
        <ele>698.42</ele>
        <time>2026-04-11T18:56:55Z</time>
      </trkpt>
      <trkpt lat="44.14203" lon="-73.7389">
        <ele>698.73</ele>
        <time>2026-04-11T18:57:05Z</time>
      </trkpt>
      <trkpt lat="44.14204" lon="-73.73894">
        <ele>698.45</ele>
        <time>2026-04-11T18:57:10Z</time>
      </trkpt>
      <trkpt lat="44.14205" lon="-73.73899">
        <ele>697.91</ele>
        <time>2026-04-11T18:57:15Z</time>
      </trkpt>
      <trkpt lat="44.14204" lon="-73.73906">
        <ele>697.15</ele>
        <time>2026-04-11T18:57:21Z</time>
      </trkpt>
      <trkpt lat="44.14203" lon="-73.73909">
        <ele>696.75</ele>
        <time>2026-04-11T18:57:24Z</time>
      </trkpt>
      <trkpt lat="44.14202" lon="-73.73912">
        <ele>696.32</ele>
        <time>2026-04-11T18:57:27Z</time>
      </trkpt>
      <trkpt lat="44.14202" lon="-73.73914">
        <ele>696.1</ele>
        <time>2026-04-11T18:57:30Z</time>
      </trkpt>
      <trkpt lat="44.14202" lon="-73.73913">
        <ele>696.21</ele>
        <time>2026-04-11T18:57:32Z</time>
      </trkpt>
      <trkpt lat="44.14201" lon="-73.73918">
        <ele>695.61</ele>
        <time>2026-04-11T18:57:42Z</time>
      </trkpt>
      <trkpt lat="44.14202" lon="-73.7392">
        <ele>695.52</ele>
        <time>2026-04-11T18:57:49Z</time>
      </trkpt>
      <trkpt lat="44.14202" lon="-73.73923">
        <ele>695.26</ele>
        <time>2026-04-11T18:57:56Z</time>
      </trkpt>
      <trkpt lat="44.14202" lon="-73.73924">
        <ele>695.17</ele>
        <time>2026-04-11T18:57:58Z</time>
      </trkpt>
      <trkpt lat="44.14201" lon="-73.73926">
        <ele>695.0</ele>
        <time>2026-04-11T18:58:00Z</time>
      </trkpt>
      <trkpt lat="44.14204" lon="-73.73928">
        <ele>695.03</ele>
        <time>2026-04-11T18:58:05Z</time>
      </trkpt>
      <trkpt lat="44.14205" lon="-73.73927">
        <ele>695.14</ele>
        <time>2026-04-11T18:58:12Z</time>
      </trkpt>
      <trkpt lat="44.14204" lon="-73.7393">
        <ele>695.03</ele>
        <time>2026-04-11T18:58:18Z</time>
      </trkpt>
      <trkpt lat="44.14204" lon="-73.73932">
        <ele>695.03</ele>
        <time>2026-04-11T18:58:20Z</time>
      </trkpt>
      <trkpt lat="44.14201" lon="-73.7394">
        <ele>695.0</ele>
        <time>2026-04-11T18:58:27Z</time>
      </trkpt>
      <trkpt lat="44.14195" lon="-73.73941">
        <ele>695.0</ele>
        <time>2026-04-11T18:58:34Z</time>
      </trkpt>
      <trkpt lat="44.14194" lon="-73.73941">
        <ele>695.0</ele>
        <time>2026-04-11T18:58:35Z</time>
      </trkpt>
      <trkpt lat="44.14188" lon="-73.73947">
        <ele>694.72</ele>
        <time>2026-04-11T18:58:45Z</time>
      </trkpt>
      <trkpt lat="44.14186" lon="-73.73951">
        <ele>694.29</ele>
        <time>2026-04-11T18:58:49Z</time>
      </trkpt>
      <trkpt lat="44.14184" lon="-73.73953">
        <ele>694.7</ele>
        <time>2026-04-11T18:58:52Z</time>
      </trkpt>
      <trkpt lat="44.14184" lon="-73.73954">
        <ele>694.58</ele>
        <time>2026-04-11T18:58:54Z</time>
      </trkpt>
      <trkpt lat="44.14183" lon="-73.73955">
        <ele>694.93</ele>
        <time>2026-04-11T18:59:00Z</time>
      </trkpt>
      <trkpt lat="44.14182" lon="-73.73955">
        <ele>695.49</ele>
        <time>2026-04-11T18:59:03Z</time>
      </trkpt>
      <trkpt lat="44.14181" lon="-73.73954">
        <ele>696.21</ele>
        <time>2026-04-11T18:59:05Z</time>
      </trkpt>
      <trkpt lat="44.14178" lon="-73.73952">
        <ele>697.78</ele>
        <time>2026-04-11T18:59:10Z</time>
      </trkpt>
      <trkpt lat="44.14178" lon="-73.7395">
        <ele>697.66</ele>
        <time>2026-04-11T18:59:13Z</time>
      </trkpt>
      <trkpt lat="44.14178" lon="-73.73951">
        <ele>697.72</ele>
        <time>2026-04-11T18:59:15Z</time>
      </trkpt>
      <trkpt lat="44.14175" lon="-73.73948">
        <ele>698.52</ele>
        <time>2026-04-11T18:59:23Z</time>
      </trkpt>
      <trkpt lat="44.14168" lon="-73.73948">
        <ele>699.57</ele>
        <time>2026-04-11T18:59:31Z</time>
      </trkpt>
      <trkpt lat="44.14166" lon="-73.73948">
        <ele>699.81</ele>
        <time>2026-04-11T18:59:32Z</time>
      </trkpt>
      <trkpt lat="44.14162" lon="-73.7395">
        <ele>700.4</ele>
        <time>2026-04-11T18:59:36Z</time>
      </trkpt>
      <trkpt lat="44.14157" lon="-73.7395">
        <ele>700.62</ele>
        <time>2026-04-11T18:59:40Z</time>
      </trkpt>
      <trkpt lat="44.14152" lon="-73.73954">
        <ele>700.98</ele>
        <time>2026-04-11T18:59:48Z</time>
      </trkpt>
      <trkpt lat="44.14152" lon="-73.73954">
        <ele>700.98</ele>
        <time>2026-04-11T18:59:58Z</time>
      </trkpt>
      <trkpt lat="44.14152" lon="-73.73951">
        <ele>700.88</ele>
        <time>2026-04-11T19:00:02Z</time>
      </trkpt>
      <trkpt lat="44.14151" lon="-73.73947">
        <ele>700.78</ele>
        <time>2026-04-11T19:00:06Z</time>
      </trkpt>
      <trkpt lat="44.14147" lon="-73.73943">
        <ele>700.84</ele>
        <time>2026-04-11T19:00:12Z</time>
      </trkpt>
      <trkpt lat="44.14145" lon="-73.73943">
        <ele>700.84</ele>
        <time>2026-04-11T19:00:14Z</time>
      </trkpt>
      <trkpt lat="44.14143" lon="-73.73944">
        <ele>700.95</ele>
        <time>2026-04-11T19:00:17Z</time>
      </trkpt>
      <trkpt lat="44.14141" lon="-73.73944">
        <ele>700.95</ele>
        <time>2026-04-11T19:00:23Z</time>
      </trkpt>
      <trkpt lat="44.14136" lon="-73.73939">
        <ele>699.97</ele>
        <time>2026-04-11T19:00:32Z</time>
      </trkpt>
      <trkpt lat="44.14129" lon="-73.73935">
        <ele>698.71</ele>
        <time>2026-04-11T19:00:42Z</time>
      </trkpt>
      <trkpt lat="44.14128" lon="-73.73934">
        <ele>698.21</ele>
        <time>2026-04-11T19:00:44Z</time>
      </trkpt>
      <trkpt lat="44.14127" lon="-73.7393">
        <ele>697.62</ele>
        <time>2026-04-11T19:00:51Z</time>
      </trkpt>
      <trkpt lat="44.14127" lon="-73.73927">
        <ele>697.48</ele>
        <time>2026-04-11T19:00:55Z</time>
      </trkpt>
      <trkpt lat="44.14125" lon="-73.73923">
        <ele>696.53</ele>
        <time>2026-04-11T19:00:59Z</time>
      </trkpt>
      <trkpt lat="44.14124" lon="-73.73922">
        <ele>696.19</ele>
        <time>2026-04-11T19:01:01Z</time>
      </trkpt>
      <trkpt lat="44.14118" lon="-73.7392">
        <ele>694.66</ele>
        <time>2026-04-11T19:01:08Z</time>
      </trkpt>
      <trkpt lat="44.14116" lon="-73.73918">
        <ele>694.06</ele>
        <time>2026-04-11T19:01:12Z</time>
      </trkpt>
      <trkpt lat="44.14113" lon="-73.73916">
        <ele>693.39</ele>
        <time>2026-04-11T19:01:16Z</time>
      </trkpt>
      <trkpt lat="44.14107" lon="-73.73916">
        <ele>692.56</ele>
        <time>2026-04-11T19:01:23Z</time>
      </trkpt>
      <trkpt lat="44.14104" lon="-73.73914">
        <ele>692.23</ele>
        <time>2026-04-11T19:01:31Z</time>
      </trkpt>
      <trkpt lat="44.14102" lon="-73.73915">
        <ele>692.02</ele>
        <time>2026-04-11T19:01:36Z</time>
      </trkpt>
      <trkpt lat="44.14102" lon="-73.73915">
        <ele>692.02</ele>
        <time>2026-04-11T19:01:40Z</time>
      </trkpt>
      <trkpt lat="44.14101" lon="-73.73915">
        <ele>691.83</ele>
        <time>2026-04-11T19:01:44Z</time>
      </trkpt>
      <trkpt lat="44.14098" lon="-73.73915">
        <ele>691.24</ele>
        <time>2026-04-11T19:01:50Z</time>
      </trkpt>
      <trkpt lat="44.14094" lon="-73.73914">
        <ele>690.55</ele>
        <time>2026-04-11T19:01:55Z</time>
      </trkpt>
      <trkpt lat="44.1409" lon="-73.73912">
        <ele>689.66</ele>
        <time>2026-04-11T19:02:00Z</time>
      </trkpt>
      <trkpt lat="44.14087" lon="-73.73906">
        <ele>689.19</ele>
        <time>2026-04-11T19:02:10Z</time>
      </trkpt>
      <trkpt lat="44.14087" lon="-73.73906">
        <ele>689.19</ele>
        <time>2026-04-11T19:02:14Z</time>
      </trkpt>
      <trkpt lat="44.14086" lon="-73.73903">
        <ele>688.86</ele>
        <time>2026-04-11T19:02:19Z</time>
      </trkpt>
      <trkpt lat="44.14079" lon="-73.73894">
        <ele>686.15</ele>
        <time>2026-04-11T19:02:29Z</time>
      </trkpt>
      <trkpt lat="44.14072" lon="-73.7389">
        <ele>683.65</ele>
        <time>2026-04-11T19:02:41Z</time>
      </trkpt>
      <trkpt lat="44.14069" lon="-73.73887">
        <ele>682.7</ele>
        <time>2026-04-11T19:02:48Z</time>
      </trkpt>
      <trkpt lat="44.14068" lon="-73.73885">
        <ele>682.27</ele>
        <time>2026-04-11T19:02:50Z</time>
      </trkpt>
      <trkpt lat="44.14065" lon="-73.73881">
        <ele>681.19</ele>
        <time>2026-04-11T19:02:59Z</time>
      </trkpt>
      <trkpt lat="44.14065" lon="-73.7388">
        <ele>681.08</ele>
        <time>2026-04-11T19:03:00Z</time>
      </trkpt>
      <trkpt lat="44.14064" lon="-73.73879">
        <ele>680.53</ele>
        <time>2026-04-11T19:03:05Z</time>
      </trkpt>
      <trkpt lat="44.14063" lon="-73.73877">
        <ele>679.56</ele>
        <time>2026-04-11T19:03:08Z</time>
      </trkpt>
      <trkpt lat="44.14063" lon="-73.73875">
        <ele>678.91</ele>
        <time>2026-04-11T19:03:11Z</time>
      </trkpt>
      <trkpt lat="44.14062" lon="-73.73871">
        <ele>677.29</ele>
        <time>2026-04-11T19:03:15Z</time>
      </trkpt>
      <trkpt lat="44.14062" lon="-73.73869">
        <ele>676.39</ele>
        <time>2026-04-11T19:03:16Z</time>
      </trkpt>
      <trkpt lat="44.14062" lon="-73.73868">
        <ele>675.89</ele>
        <time>2026-04-11T19:03:17Z</time>
      </trkpt>
      <trkpt lat="44.1406" lon="-73.7386">
        <ele>671.54</ele>
        <time>2026-04-11T19:03:27Z</time>
      </trkpt>
      <trkpt lat="44.14059" lon="-73.7386">
        <ele>671.34</ele>
        <time>2026-04-11T19:03:29Z</time>
      </trkpt>
      <trkpt lat="44.1406" lon="-73.73858">
        <ele>670.79</ele>
        <time>2026-04-11T19:03:36Z</time>
      </trkpt>
      <trkpt lat="44.14059" lon="-73.73858">
        <ele>670.61</ele>
        <time>2026-04-11T19:03:38Z</time>
      </trkpt>
      <trkpt lat="44.14059" lon="-73.73857">
        <ele>670.25</ele>
        <time>2026-04-11T19:03:40Z</time>
      </trkpt>
      <trkpt lat="44.14059" lon="-73.73856">
        <ele>669.88</ele>
        <time>2026-04-11T19:03:49Z</time>
      </trkpt>
      <trkpt lat="44.14058" lon="-73.73856">
        <ele>669.73</ele>
        <time>2026-04-11T19:03:50Z</time>
      </trkpt>
      <trkpt lat="44.14056" lon="-73.73853">
        <ele>668.43</ele>
        <time>2026-04-11T19:03:55Z</time>
      </trkpt>
      <trkpt lat="44.14056" lon="-73.73853">
        <ele>668.43</ele>
        <time>2026-04-11T19:03:57Z</time>
      </trkpt>
      <trkpt lat="44.14054" lon="-73.73851">
        <ele>667.82</ele>
        <time>2026-04-11T19:04:02Z</time>
      </trkpt>
      <trkpt lat="44.14055" lon="-73.73849">
        <ele>667.92</ele>
        <time>2026-04-11T19:04:06Z</time>
      </trkpt>
      <trkpt lat="44.14056" lon="-73.73845">
        <ele>668.05</ele>
        <time>2026-04-11T19:04:16Z</time>
      </trkpt>
      <trkpt lat="44.14057" lon="-73.73845">
        <ele>668.16</ele>
        <time>2026-04-11T19:04:22Z</time>
      </trkpt>
      <trkpt lat="44.14057" lon="-73.73846">
        <ele>668.16</ele>
        <time>2026-04-11T19:04:24Z</time>
      </trkpt>
      <trkpt lat="44.14056" lon="-73.73846">
        <ele>668.05</ele>
        <time>2026-04-11T19:04:26Z</time>
      </trkpt>
      <trkpt lat="44.14056" lon="-73.73846">
        <ele>668.05</ele>
        <time>2026-04-11T19:04:28Z</time>
      </trkpt>
      <trkpt lat="44.14056" lon="-73.73846">
        <ele>668.05</ele>
        <time>2026-04-11T19:04:30Z</time>
      </trkpt>
      <trkpt lat="44.14055" lon="-73.73847">
        <ele>667.91</ele>
        <time>2026-04-11T19:04:35Z</time>
      </trkpt>
      <trkpt lat="44.14052" lon="-73.73848">
        <ele>667.46</ele>
        <time>2026-04-11T19:04:43Z</time>
      </trkpt>
      <trkpt lat="44.14051" lon="-73.73847">
        <ele>667.25</ele>
        <time>2026-04-11T19:04:48Z</time>
      </trkpt>
      <trkpt lat="44.14049" lon="-73.73847">
        <ele>666.92</ele>
        <time>2026-04-11T19:04:51Z</time>
      </trkpt>
      <trkpt lat="44.14049" lon="-73.73846">
        <ele>666.84</ele>
        <time>2026-04-11T19:04:53Z</time>
      </trkpt>
      <trkpt lat="44.14048" lon="-73.73844">
        <ele>666.49</ele>
        <time>2026-04-11T19:04:59Z</time>
      </trkpt>
      <trkpt lat="44.14047" lon="-73.73844">
        <ele>666.29</ele>
        <time>2026-04-11T19:05:00Z</time>
      </trkpt>
      <trkpt lat="44.14047" lon="-73.73845">
        <ele>666.39</ele>
        <time>2026-04-11T19:05:08Z</time>
      </trkpt>
      <trkpt lat="44.14047" lon="-73.73845">
        <ele>666.39</ele>
        <time>2026-04-11T19:05:17Z</time>
      </trkpt>
      <trkpt lat="44.14045" lon="-73.73845">
        <ele>665.7</ele>
        <time>2026-04-11T19:05:19Z</time>
      </trkpt>
      <trkpt lat="44.14043" lon="-73.73846">
        <ele>664.94</ele>
        <time>2026-04-11T19:05:23Z</time>
      </trkpt>
      <trkpt lat="44.14043" lon="-73.73846">
        <ele>664.94</ele>
        <time>2026-04-11T19:05:24Z</time>
      </trkpt>
      <trkpt lat="44.14043" lon="-73.73846">
        <ele>664.94</ele>
        <time>2026-04-11T19:05:26Z</time>
      </trkpt>
      <trkpt lat="44.14042" lon="-73.73845">
        <ele>664.4</ele>
        <time>2026-04-11T19:05:29Z</time>
      </trkpt>
      <trkpt lat="44.1404" lon="-73.73844">
        <ele>663.43</ele>
        <time>2026-04-11T19:05:31Z</time>
      </trkpt>
      <trkpt lat="44.14038" lon="-73.73843">
        <ele>662.46</ele>
        <time>2026-04-11T19:05:33Z</time>
      </trkpt>
      <trkpt lat="44.14033" lon="-73.73841">
        <ele>661.21</ele>
        <time>2026-04-11T19:05:41Z</time>
      </trkpt>
      <trkpt lat="44.14033" lon="-73.7384">
        <ele>661.53</ele>
        <time>2026-04-11T19:05:42Z</time>
      </trkpt>
      <trkpt lat="44.1403" lon="-73.73838">
        <ele>661.21</ele>
        <time>2026-04-11T19:05:51Z</time>
      </trkpt>
      <trkpt lat="44.1403" lon="-73.73838">
        <ele>661.21</ele>
        <time>2026-04-11T19:06:01Z</time>
      </trkpt>
      <trkpt lat="44.14031" lon="-73.73838">
        <ele>661.53</ele>
        <time>2026-04-11T19:06:03Z</time>
      </trkpt>
      <trkpt lat="44.14029" lon="-73.73839">
        <ele>660.56</ele>
        <time>2026-04-11T19:06:10Z</time>
      </trkpt>
      <trkpt lat="44.14028" lon="-73.73839">
        <ele>660.24</ele>
        <time>2026-04-11T19:06:11Z</time>
      </trkpt>
      <trkpt lat="44.14029" lon="-73.73842">
        <ele>659.59</ele>
        <time>2026-04-11T19:06:18Z</time>
      </trkpt>
      <trkpt lat="44.14024" lon="-73.73845">
        <ele>658.75</ele>
        <time>2026-04-11T19:06:28Z</time>
      </trkpt>
      <trkpt lat="44.14024" lon="-73.73846">
        <ele>658.81</ele>
        <time>2026-04-11T19:06:30Z</time>
      </trkpt>
      <trkpt lat="44.14025" lon="-73.73845">
        <ele>658.88</ele>
        <time>2026-04-11T19:06:32Z</time>
      </trkpt>
      <trkpt lat="44.14023" lon="-73.73842">
        <ele>658.68</ele>
        <time>2026-04-11T19:06:40Z</time>
      </trkpt>
      <trkpt lat="44.14022" lon="-73.73845">
        <ele>658.47</ele>
        <time>2026-04-11T19:06:47Z</time>
      </trkpt>
      <trkpt lat="44.14022" lon="-73.73845">
        <ele>658.47</ele>
        <time>2026-04-11T19:06:48Z</time>
      </trkpt>
      <trkpt lat="44.14019" lon="-73.73846">
        <ele>658.07</ele>
        <time>2026-04-11T19:06:59Z</time>
      </trkpt>
      <trkpt lat="44.14022" lon="-73.73844">
        <ele>658.43</ele>
        <time>2026-04-11T19:07:09Z</time>
      </trkpt>
      <trkpt lat="44.14022" lon="-73.73842">
        <ele>658.57</ele>
        <time>2026-04-11T19:07:12Z</time>
      </trkpt>
      <trkpt lat="44.14021" lon="-73.73841">
        <ele>658.78</ele>
        <time>2026-04-11T19:07:16Z</time>
      </trkpt>
      <trkpt lat="44.14021" lon="-73.73841">
        <ele>658.78</ele>
        <time>2026-04-11T19:07:17Z</time>
      </trkpt>
      <trkpt lat="44.1402" lon="-73.73845">
        <ele>658.2</ele>
        <time>2026-04-11T19:07:25Z</time>
      </trkpt>
      <trkpt lat="44.1402" lon="-73.73847">
        <ele>658.24</ele>
        <time>2026-04-11T19:07:31Z</time>
      </trkpt>
      <trkpt lat="44.1402" lon="-73.73845">
        <ele>658.2</ele>
        <time>2026-04-11T19:07:33Z</time>
      </trkpt>
      <trkpt lat="44.14019" lon="-73.73843">
        <ele>658.05</ele>
        <time>2026-04-11T19:07:35Z</time>
      </trkpt>
      <trkpt lat="44.14018" lon="-73.7384">
        <ele>658.77</ele>
        <time>2026-04-11T19:07:46Z</time>
      </trkpt>
      <trkpt lat="44.14019" lon="-73.7384">
        <ele>658.89</ele>
        <time>2026-04-11T19:07:50Z</time>
      </trkpt>
      <trkpt lat="44.14018" lon="-73.73843">
        <ele>657.94</ele>
        <time>2026-04-11T19:07:56Z</time>
      </trkpt>
      <trkpt lat="44.14017" lon="-73.73845">
        <ele>657.79</ele>
        <time>2026-04-11T19:07:59Z</time>
      </trkpt>
      <trkpt lat="44.14016" lon="-73.73846">
        <ele>657.63</ele>
        <time>2026-04-11T19:08:01Z</time>
      </trkpt>
      <trkpt lat="44.14015" lon="-73.73847">
        <ele>657.44</ele>
        <time>2026-04-11T19:08:08Z</time>
      </trkpt>
      <trkpt lat="44.14013" lon="-73.73848">
        <ele>657.06</ele>
        <time>2026-04-11T19:08:10Z</time>
      </trkpt>
      <trkpt lat="44.14011" lon="-73.7385">
        <ele>656.54</ele>
        <time>2026-04-11T19:08:14Z</time>
      </trkpt>
      <trkpt lat="44.1401" lon="-73.73851">
        <ele>656.24</ele>
        <time>2026-04-11T19:08:16Z</time>
      </trkpt>
      <trkpt lat="44.14008" lon="-73.73852">
        <ele>655.45</ele>
        <time>2026-04-11T19:08:23Z</time>
      </trkpt>
      <trkpt lat="44.14008" lon="-73.73852">
        <ele>655.45</ele>
        <time>2026-04-11T19:08:24Z</time>
      </trkpt>
      <trkpt lat="44.14007" lon="-73.73852">
        <ele>655.02</ele>
        <time>2026-04-11T19:08:31Z</time>
      </trkpt>
      <trkpt lat="44.14007" lon="-73.73853">
        <ele>654.99</ele>
        <time>2026-04-11T19:08:32Z</time>
      </trkpt>
      <trkpt lat="44.14004" lon="-73.73856">
        <ele>653.47</ele>
        <time>2026-04-11T19:08:41Z</time>
      </trkpt>
      <trkpt lat="44.14004" lon="-73.73855">
        <ele>653.53</ele>
        <time>2026-04-11T19:08:44Z</time>
      </trkpt>
      <trkpt lat="44.14002" lon="-73.73853">
        <ele>652.77</ele>
        <time>2026-04-11T19:08:47Z</time>
      </trkpt>
      <trkpt lat="44.14001" lon="-73.73854">
        <ele>652.23</ele>
        <time>2026-04-11T19:08:49Z</time>
      </trkpt>
      <trkpt lat="44.13998" lon="-73.73854">
        <ele>650.64</ele>
        <time>2026-04-11T19:08:56Z</time>
      </trkpt>
      <trkpt lat="44.13998" lon="-73.73855">
        <ele>650.51</ele>
        <time>2026-04-11T19:08:59Z</time>
      </trkpt>
      <trkpt lat="44.13996" lon="-73.73856">
        <ele>649.2</ele>
        <time>2026-04-11T19:09:08Z</time>
      </trkpt>
      <trkpt lat="44.13996" lon="-73.73857">
        <ele>649.04</ele>
        <time>2026-04-11T19:09:14Z</time>
      </trkpt>
      <trkpt lat="44.13996" lon="-73.73857">
        <ele>649.04</ele>
        <time>2026-04-11T19:09:16Z</time>
      </trkpt>
      <trkpt lat="44.13991" lon="-73.73855">
        <ele>646.47</ele>
        <time>2026-04-11T19:09:25Z</time>
      </trkpt>
      <trkpt lat="44.13991" lon="-73.73855">
        <ele>646.47</ele>
        <time>2026-04-11T19:09:26Z</time>
      </trkpt>
      <trkpt lat="44.13992" lon="-73.73855">
        <ele>647.05</ele>
        <time>2026-04-11T19:09:32Z</time>
      </trkpt>
      <trkpt lat="44.13993" lon="-73.73856">
        <ele>647.43</ele>
        <time>2026-04-11T19:09:36Z</time>
      </trkpt>
      <trkpt lat="44.1399" lon="-73.73858">
        <ele>645.25</ele>
        <time>2026-04-11T19:09:44Z</time>
      </trkpt>
      <trkpt lat="44.1399" lon="-73.73858">
        <ele>645.25</ele>
        <time>2026-04-11T19:09:45Z</time>
      </trkpt>
      <trkpt lat="44.13986" lon="-73.73861">
        <ele>641.96</ele>
        <time>2026-04-11T19:09:53Z</time>
      </trkpt>
      <trkpt lat="44.13985" lon="-73.73864">
        <ele>640.66</ele>
        <time>2026-04-11T19:09:58Z</time>
      </trkpt>
      <trkpt lat="44.13984" lon="-73.73864">
        <ele>640.01</ele>
        <time>2026-04-11T19:10:05Z</time>
      </trkpt>
      <trkpt lat="44.13983" lon="-73.73864">
        <ele>639.36</ele>
        <time>2026-04-11T19:10:07Z</time>
      </trkpt>
      <trkpt lat="44.13979" lon="-73.73865">
        <ele>637.51</ele>
        <time>2026-04-11T19:10:15Z</time>
      </trkpt>
      <trkpt lat="44.13979" lon="-73.73864">
        <ele>637.76</ele>
        <time>2026-04-11T19:10:18Z</time>
      </trkpt>
      <trkpt lat="44.13979" lon="-73.73863">
        <ele>638.0</ele>
        <time>2026-04-11T19:10:19Z</time>
      </trkpt>
      <trkpt lat="44.13978" lon="-73.73863">
        <ele>637.76</ele>
        <time>2026-04-11T19:10:22Z</time>
      </trkpt>
      <trkpt lat="44.13979" lon="-73.73864">
        <ele>637.76</ele>
        <time>2026-04-11T19:10:24Z</time>
      </trkpt>
      <trkpt lat="44.13979" lon="-73.73864">
        <ele>637.76</ele>
        <time>2026-04-11T19:10:25Z</time>
      </trkpt>
      <trkpt lat="44.13979" lon="-73.73864">
        <ele>637.76</ele>
        <time>2026-04-11T19:10:27Z</time>
      </trkpt>
      <trkpt lat="44.13977" lon="-73.73865">
        <ele>636.99</ele>
        <time>2026-04-11T19:10:33Z</time>
      </trkpt>
      <trkpt lat="44.13977" lon="-73.73865">
        <ele>636.99</ele>
        <time>2026-04-11T19:10:34Z</time>
      </trkpt>
      <trkpt lat="44.13975" lon="-73.73866">
        <ele>636.17</ele>
        <time>2026-04-11T19:10:39Z</time>
      </trkpt>
      <trkpt lat="44.13975" lon="-73.73868">
        <ele>635.59</ele>
        <time>2026-04-11T19:10:42Z</time>
      </trkpt>
      <trkpt lat="44.13976" lon="-73.7387">
        <ele>635.33</ele>
        <time>2026-04-11T19:10:46Z</time>
      </trkpt>
      <trkpt lat="44.13977" lon="-73.73869">
        <ele>635.92</ele>
        <time>2026-04-11T19:10:50Z</time>
      </trkpt>
      <trkpt lat="44.13977" lon="-73.73869">
        <ele>635.92</ele>
        <time>2026-04-11T19:10:54Z</time>
      </trkpt>
      <trkpt lat="44.13975" lon="-73.7387">
        <ele>635.01</ele>
        <time>2026-04-11T19:10:59Z</time>
      </trkpt>
      <trkpt lat="44.13974" lon="-73.7387">
        <ele>634.69</ele>
        <time>2026-04-11T19:11:02Z</time>
      </trkpt>
      <trkpt lat="44.13975" lon="-73.7387">
        <ele>635.01</ele>
        <time>2026-04-11T19:11:11Z</time>
      </trkpt>
      <trkpt lat="44.13975" lon="-73.73871">
        <ele>634.76</ele>
        <time>2026-04-11T19:11:15Z</time>
      </trkpt>
      <trkpt lat="44.13972" lon="-73.73873">
        <ele>633.35</ele>
        <time>2026-04-11T19:11:18Z</time>
      </trkpt>
      <trkpt lat="44.13971" lon="-73.73873">
        <ele>633.0</ele>
        <time>2026-04-11T19:11:20Z</time>
      </trkpt>
      <trkpt lat="44.13967" lon="-73.73874">
        <ele>631.3</ele>
        <time>2026-04-11T19:11:26Z</time>
      </trkpt>
      <trkpt lat="44.13965" lon="-73.73875">
        <ele>630.27</ele>
        <time>2026-04-11T19:11:29Z</time>
      </trkpt>
      <trkpt lat="44.13965" lon="-73.73875">
        <ele>630.27</ele>
        <time>2026-04-11T19:11:31Z</time>
      </trkpt>
      <trkpt lat="44.13963" lon="-73.73877">
        <ele>628.87</ele>
        <time>2026-04-11T19:11:36Z</time>
      </trkpt>
      <trkpt lat="44.13959" lon="-73.73879">
        <ele>626.98</ele>
        <time>2026-04-11T19:11:39Z</time>
      </trkpt>
      <trkpt lat="44.13954" lon="-73.73878">
        <ele>625.96</ele>
        <time>2026-04-11T19:11:44Z</time>
      </trkpt>
      <trkpt lat="44.13953" lon="-73.73878">
        <ele>625.8</ele>
        <time>2026-04-11T19:11:45Z</time>
      </trkpt>
      <trkpt lat="44.13949" lon="-73.73877">
        <ele>625.91</ele>
        <time>2026-04-11T19:11:50Z</time>
      </trkpt>
      <trkpt lat="44.13948" lon="-73.73876">
        <ele>626.34</ele>
        <time>2026-04-11T19:11:52Z</time>
      </trkpt>
      <trkpt lat="44.13949" lon="-73.73873">
        <ele>628.07</ele>
        <time>2026-04-11T19:11:57Z</time>
      </trkpt>
      <trkpt lat="44.13947" lon="-73.73873">
        <ele>627.86</ele>
        <time>2026-04-11T19:12:01Z</time>
      </trkpt>
      <trkpt lat="44.13942" lon="-73.73876">
        <ele>625.43</ele>
        <time>2026-04-11T19:12:10Z</time>
      </trkpt>
      <trkpt lat="44.13941" lon="-73.73873">
        <ele>626.84</ele>
        <time>2026-04-11T19:12:16Z</time>
      </trkpt>
      <trkpt lat="44.1394" lon="-73.73872">
        <ele>627.16</ele>
        <time>2026-04-11T19:12:18Z</time>
      </trkpt>
      <trkpt lat="44.13937" lon="-73.7387">
        <ele>627.58</ele>
        <time>2026-04-11T19:12:23Z</time>
      </trkpt>
      <trkpt lat="44.13934" lon="-73.73869">
        <ele>627.59</ele>
        <time>2026-04-11T19:12:26Z</time>
      </trkpt>
      <trkpt lat="44.13933" lon="-73.73868">
        <ele>627.98</ele>
        <time>2026-04-11T19:12:27Z</time>
      </trkpt>
      <trkpt lat="44.13928" lon="-73.73866">
        <ele>628.22</ele>
        <time>2026-04-11T19:12:36Z</time>
      </trkpt>
      <trkpt lat="44.13922" lon="-73.7386">
        <ele>630.01</ele>
        <time>2026-04-11T19:12:46Z</time>
      </trkpt>
      <trkpt lat="44.1392" lon="-73.73859">
        <ele>630.13</ele>
        <time>2026-04-11T19:12:48Z</time>
      </trkpt>
      <trkpt lat="44.13914" lon="-73.73858">
        <ele>629.43</ele>
        <time>2026-04-11T19:12:56Z</time>
      </trkpt>
      <trkpt lat="44.13911" lon="-73.73855">
        <ele>629.76</ele>
        <time>2026-04-11T19:13:04Z</time>
      </trkpt>
      <trkpt lat="44.13909" lon="-73.73849">
        <ele>631.27</ele>
        <time>2026-04-11T19:13:12Z</time>
      </trkpt>
      <trkpt lat="44.13908" lon="-73.73849">
        <ele>631.05</ele>
        <time>2026-04-11T19:13:14Z</time>
      </trkpt>
      <trkpt lat="44.13907" lon="-73.73849">
        <ele>630.84</ele>
        <time>2026-04-11T19:13:19Z</time>
      </trkpt>
      <trkpt lat="44.13906" lon="-73.7385">
        <ele>630.3</ele>
        <time>2026-04-11T19:13:22Z</time>
      </trkpt>
      <trkpt lat="44.13905" lon="-73.7385">
        <ele>630.08</ele>
        <time>2026-04-11T19:13:24Z</time>
      </trkpt>
      <trkpt lat="44.13902" lon="-73.7385">
        <ele>629.43</ele>
        <time>2026-04-11T19:13:30Z</time>
      </trkpt>
      <trkpt lat="44.13901" lon="-73.7385">
        <ele>629.22</ele>
        <time>2026-04-11T19:13:32Z</time>
      </trkpt>
      <trkpt lat="44.139" lon="-73.7385">
        <ele>629.0</ele>
        <time>2026-04-11T19:13:35Z</time>
      </trkpt>
      <trkpt lat="44.13896" lon="-73.7385">
        <ele>627.9</ele>
        <time>2026-04-11T19:13:41Z</time>
      </trkpt>
      <trkpt lat="44.13893" lon="-73.7385">
        <ele>626.93</ele>
        <time>2026-04-11T19:13:47Z</time>
      </trkpt>
      <trkpt lat="44.13891" lon="-73.73849">
        <ele>626.61</ele>
        <time>2026-04-11T19:13:51Z</time>
      </trkpt>
      <trkpt lat="44.13891" lon="-73.73848">
        <ele>626.93</ele>
        <time>2026-04-11T19:13:52Z</time>
      </trkpt>
      <trkpt lat="44.13888" lon="-73.73846">
        <ele>626.57</ele>
        <time>2026-04-11T19:14:00Z</time>
      </trkpt>
      <trkpt lat="44.13888" lon="-73.73845">
        <ele>626.91</ele>
        <time>2026-04-11T19:14:04Z</time>
      </trkpt>
      <trkpt lat="44.13889" lon="-73.73846">
        <ele>626.93</ele>
        <time>2026-04-11T19:14:10Z</time>
      </trkpt>
      <trkpt lat="44.1389" lon="-73.73846">
        <ele>627.26</ele>
        <time>2026-04-11T19:14:11Z</time>
      </trkpt>
      <trkpt lat="44.1389" lon="-73.73846">
        <ele>627.26</ele>
        <time>2026-04-11T19:14:12Z</time>
      </trkpt>
      <trkpt lat="44.13887" lon="-73.73848">
        <ele>625.52</ele>
        <time>2026-04-11T19:14:19Z</time>
      </trkpt>
      <trkpt lat="44.13886" lon="-73.73848">
        <ele>625.13</ele>
        <time>2026-04-11T19:14:20Z</time>
      </trkpt>
      <trkpt lat="44.13885" lon="-73.73851">
        <ele>623.63</ele>
        <time>2026-04-11T19:14:26Z</time>
      </trkpt>
      <trkpt lat="44.13885" lon="-73.73853">
        <ele>622.88</ele>
        <time>2026-04-11T19:14:28Z</time>
      </trkpt>
      <trkpt lat="44.13885" lon="-73.73855">
        <ele>622.1</ele>
        <time>2026-04-11T19:14:33Z</time>
      </trkpt>
      <trkpt lat="44.13885" lon="-73.73855">
        <ele>622.1</ele>
        <time>2026-04-11T19:14:34Z</time>
      </trkpt>
      <trkpt lat="44.13886" lon="-73.73856">
        <ele>622.1</ele>
        <time>2026-04-11T19:14:35Z</time>
      </trkpt>
      <trkpt lat="44.13886" lon="-73.73857">
        <ele>621.7</ele>
        <time>2026-04-11T19:14:37Z</time>
      </trkpt>
      <trkpt lat="44.13888" lon="-73.7386">
        <ele>621.18</ele>
        <time>2026-04-11T19:14:45Z</time>
      </trkpt>
      <trkpt lat="44.13887" lon="-73.73866">
        <ele>618.28</ele>
        <time>2026-04-11T19:14:55Z</time>
      </trkpt>
      <trkpt lat="44.13886" lon="-73.73868">
        <ele>617.09</ele>
        <time>2026-04-11T19:15:03Z</time>
      </trkpt>
      <trkpt lat="44.13886" lon="-73.73869">
        <ele>616.66</ele>
        <time>2026-04-11T19:15:04Z</time>
      </trkpt>
      <trkpt lat="44.13888" lon="-73.73873">
        <ele>615.86</ele>
        <time>2026-04-11T19:15:09Z</time>
      </trkpt>
      <trkpt lat="44.1389" lon="-73.73872">
        <ele>616.81</ele>
        <time>2026-04-11T19:15:18Z</time>
      </trkpt>
      <trkpt lat="44.13889" lon="-73.7387">
        <ele>617.2</ele>
        <time>2026-04-11T19:15:23Z</time>
      </trkpt>
      <trkpt lat="44.13891" lon="-73.73876">
        <ele>615.72</ele>
        <time>2026-04-11T19:15:28Z</time>
      </trkpt>
      <trkpt lat="44.13891" lon="-73.73877">
        <ele>615.37</ele>
        <time>2026-04-11T19:15:29Z</time>
      </trkpt>
      <trkpt lat="44.13889" lon="-73.73884">
        <ele>612.14</ele>
        <time>2026-04-11T19:15:37Z</time>
      </trkpt>
      <trkpt lat="44.13889" lon="-73.73888">
        <ele>610.41</ele>
        <time>2026-04-11T19:15:48Z</time>
      </trkpt>
      <trkpt lat="44.13889" lon="-73.73888">
        <ele>610.41</ele>
        <time>2026-04-11T19:15:51Z</time>
      </trkpt>
      <trkpt lat="44.13888" lon="-73.73889">
        <ele>609.65</ele>
        <time>2026-04-11T19:15:57Z</time>
      </trkpt>
      <trkpt lat="44.13888" lon="-73.73889">
        <ele>609.65</ele>
        <time>2026-04-11T19:15:58Z</time>
      </trkpt>
      <trkpt lat="44.13886" lon="-73.73891">
        <ele>607.92</ele>
        <time>2026-04-11T19:16:09Z</time>
      </trkpt>
      <trkpt lat="44.13884" lon="-73.73889">
        <ele>608.36</ele>
        <time>2026-04-11T19:16:16Z</time>
      </trkpt>
      <trkpt lat="44.13884" lon="-73.73889">
        <ele>608.36</ele>
        <time>2026-04-11T19:16:19Z</time>
      </trkpt>
      <trkpt lat="44.13884" lon="-73.73889">
        <ele>608.36</ele>
        <time>2026-04-11T19:16:23Z</time>
      </trkpt>
      <trkpt lat="44.13883" lon="-73.7389">
        <ele>607.49</ele>
        <time>2026-04-11T19:16:28Z</time>
      </trkpt>
      <trkpt lat="44.1388" lon="-73.73888">
        <ele>607.5</ele>
        <time>2026-04-11T19:16:35Z</time>
      </trkpt>
      <trkpt lat="44.1388" lon="-73.73888">
        <ele>607.5</ele>
        <time>2026-04-11T19:16:36Z</time>
      </trkpt>
      <trkpt lat="44.1388" lon="-73.7389">
        <ele>606.52</ele>
        <time>2026-04-11T19:16:44Z</time>
      </trkpt>
      <trkpt lat="44.13878" lon="-73.73891">
        <ele>605.37</ele>
        <time>2026-04-11T19:16:45Z</time>
      </trkpt>
      <trkpt lat="44.13876" lon="-73.73892">
        <ele>604.28</ele>
        <time>2026-04-11T19:16:49Z</time>
      </trkpt>
      <trkpt lat="44.13874" lon="-73.73892">
        <ele>603.7</ele>
        <time>2026-04-11T19:16:53Z</time>
      </trkpt>
      <trkpt lat="44.13873" lon="-73.73891">
        <ele>603.88</ele>
        <time>2026-04-11T19:17:02Z</time>
      </trkpt>
      <trkpt lat="44.13871" lon="-73.73891">
        <ele>603.28</ele>
        <time>2026-04-11T19:17:08Z</time>
      </trkpt>
      <trkpt lat="44.13871" lon="-73.73891">
        <ele>603.28</ele>
        <time>2026-04-11T19:17:11Z</time>
      </trkpt>
      <trkpt lat="44.1387" lon="-73.7389">
        <ele>603.36</ele>
        <time>2026-04-11T19:17:14Z</time>
      </trkpt>
      <trkpt lat="44.13869" lon="-73.73889">
        <ele>603.36</ele>
        <time>2026-04-11T19:17:21Z</time>
      </trkpt>
      <trkpt lat="44.13867" lon="-73.73891">
        <ele>601.63</ele>
        <time>2026-04-11T19:17:28Z</time>
      </trkpt>
      <trkpt lat="44.13865" lon="-73.73892">
        <ele>600.34</ele>
        <time>2026-04-11T19:17:32Z</time>
      </trkpt>
      <trkpt lat="44.13863" lon="-73.73892">
        <ele>599.47</ele>
        <time>2026-04-11T19:17:40Z</time>
      </trkpt>
      <trkpt lat="44.13862" lon="-73.73892">
        <ele>599.04</ele>
        <time>2026-04-11T19:17:41Z</time>
      </trkpt>
      <trkpt lat="44.13861" lon="-73.73893">
        <ele>598.16</ele>
        <time>2026-04-11T19:17:46Z</time>
      </trkpt>
      <trkpt lat="44.1386" lon="-73.73893">
        <ele>597.62</ele>
        <time>2026-04-11T19:17:50Z</time>
      </trkpt>
      <trkpt lat="44.13855" lon="-73.73891">
        <ele>595.79</ele>
        <time>2026-04-11T19:17:59Z</time>
      </trkpt>
      <trkpt lat="44.13851" lon="-73.7389">
        <ele>594.15</ele>
        <time>2026-04-11T19:18:08Z</time>
      </trkpt>
      <trkpt lat="44.13848" lon="-73.73889">
        <ele>593.29</ele>
        <time>2026-04-11T19:18:17Z</time>
      </trkpt>
      <trkpt lat="44.13847" lon="-73.7389">
        <ele>592.42</ele>
        <time>2026-04-11T19:18:20Z</time>
      </trkpt>
      <trkpt lat="44.13847" lon="-73.73891">
        <ele>591.99</ele>
        <time>2026-04-11T19:18:25Z</time>
      </trkpt>
      <trkpt lat="44.13845" lon="-73.73891">
        <ele>591.13</ele>
        <time>2026-04-11T19:18:28Z</time>
      </trkpt>
      <trkpt lat="44.13843" lon="-73.73889">
        <ele>591.13</ele>
        <time>2026-04-11T19:18:33Z</time>
      </trkpt>
      <trkpt lat="44.13843" lon="-73.73888">
        <ele>591.56</ele>
        <time>2026-04-11T19:18:34Z</time>
      </trkpt>
      <trkpt lat="44.13838" lon="-73.73887">
        <ele>589.73</ele>
        <time>2026-04-11T19:18:41Z</time>
      </trkpt>
      <trkpt lat="44.13834" lon="-73.73884">
        <ele>588.91</ele>
        <time>2026-04-11T19:18:48Z</time>
      </trkpt>
      <trkpt lat="44.1383" lon="-73.73883">
        <ele>587.83</ele>
        <time>2026-04-11T19:18:58Z</time>
      </trkpt>
      <trkpt lat="44.1383" lon="-73.73883">
        <ele>587.83</ele>
        <time>2026-04-11T19:18:59Z</time>
      </trkpt>
      <trkpt lat="44.13831" lon="-73.73881">
        <ele>588.8</ele>
        <time>2026-04-11T19:19:03Z</time>
      </trkpt>
      <trkpt lat="44.13831" lon="-73.73882">
        <ele>588.48</ele>
        <time>2026-04-11T19:19:07Z</time>
      </trkpt>
      <trkpt lat="44.13827" lon="-73.73882">
        <ele>587.18</ele>
        <time>2026-04-11T19:19:14Z</time>
      </trkpt>
      <trkpt lat="44.13826" lon="-73.73884">
        <ele>586.21</ele>
        <time>2026-04-11T19:19:16Z</time>
      </trkpt>
      <trkpt lat="44.13825" lon="-73.73886">
        <ele>585.24</ele>
        <time>2026-04-11T19:19:21Z</time>
      </trkpt>
      <trkpt lat="44.13825" lon="-73.73886">
        <ele>585.24</ele>
        <time>2026-04-11T19:19:22Z</time>
      </trkpt>
      <trkpt lat="44.13824" lon="-73.73888">
        <ele>584.26</ele>
        <time>2026-04-11T19:19:25Z</time>
      </trkpt>
      <trkpt lat="44.13824" lon="-73.7389">
        <ele>583.62</ele>
        <time>2026-04-11T19:19:29Z</time>
      </trkpt>
      <trkpt lat="44.13823" lon="-73.73894">
        <ele>581.93</ele>
        <time>2026-04-11T19:19:33Z</time>
      </trkpt>
      <trkpt lat="44.13822" lon="-73.73895">
        <ele>581.2</ele>
        <time>2026-04-11T19:19:35Z</time>
      </trkpt>
      <trkpt lat="44.13822" lon="-73.73896">
        <ele>580.85</ele>
        <time>2026-04-11T19:19:36Z</time>
      </trkpt>
      <trkpt lat="44.13821" lon="-73.73898">
        <ele>579.73</ele>
        <time>2026-04-11T19:19:40Z</time>
      </trkpt>
      <trkpt lat="44.13821" lon="-73.73898">
        <ele>579.73</ele>
        <time>2026-04-11T19:19:41Z</time>
      </trkpt>
      <trkpt lat="44.13821" lon="-73.73898">
        <ele>579.73</ele>
        <time>2026-04-11T19:19:51Z</time>
      </trkpt>
      <trkpt lat="44.13821" lon="-73.73896">
        <ele>580.45</ele>
        <time>2026-04-11T19:19:57Z</time>
      </trkpt>
      <trkpt lat="44.13822" lon="-73.73894">
        <ele>581.55</ele>
        <time>2026-04-11T19:20:01Z</time>
      </trkpt>
      <trkpt lat="44.13824" lon="-73.73894">
        <ele>582.32</ele>
        <time>2026-04-11T19:20:10Z</time>
      </trkpt>
      <trkpt lat="44.13823" lon="-73.73896">
        <ele>581.26</ele>
        <time>2026-04-11T19:20:21Z</time>
      </trkpt>
      <trkpt lat="44.13821" lon="-73.73897">
        <ele>580.09</ele>
        <time>2026-04-11T19:20:27Z</time>
      </trkpt>
      <trkpt lat="44.13822" lon="-73.73898">
        <ele>580.16</ele>
        <time>2026-04-11T19:20:30Z</time>
      </trkpt>
      <trkpt lat="44.13826" lon="-73.73901">
        <ele>580.76</ele>
        <time>2026-04-11T19:20:36Z</time>
      </trkpt>
      <trkpt lat="44.13827" lon="-73.73901">
        <ele>581.12</ele>
        <time>2026-04-11T19:20:37Z</time>
      </trkpt>
      <trkpt lat="44.13828" lon="-73.73902">
        <ele>581.2</ele>
        <time>2026-04-11T19:20:38Z</time>
      </trkpt>
      <trkpt lat="44.13829" lon="-73.73908">
        <ele>579.94</ele>
        <time>2026-04-11T19:20:48Z</time>
      </trkpt>
      <trkpt lat="44.13829" lon="-73.73909">
        <ele>579.61</ele>
        <time>2026-04-11T19:20:50Z</time>
      </trkpt>
      <trkpt lat="44.13833" lon="-73.73913">
        <ele>580.04</ele>
        <time>2026-04-11T19:20:56Z</time>
      </trkpt>
      <trkpt lat="44.13834" lon="-73.73915">
        <ele>579.82</ele>
        <time>2026-04-11T19:21:00Z</time>
      </trkpt>
      <trkpt lat="44.13835" lon="-73.73916">
        <ele>579.92</ele>
        <time>2026-04-11T19:21:05Z</time>
      </trkpt>
      <trkpt lat="44.13836" lon="-73.73921">
        <ele>578.75</ele>
        <time>2026-04-11T19:21:11Z</time>
      </trkpt>
      <trkpt lat="44.13838" lon="-73.7392">
        <ele>579.94</ele>
        <time>2026-04-11T19:21:20Z</time>
      </trkpt>
      <trkpt lat="44.13838" lon="-73.73919">
        <ele>580.26</ele>
        <time>2026-04-11T19:21:24Z</time>
      </trkpt>
      <trkpt lat="44.13837" lon="-73.73916">
        <ele>580.77</ele>
        <time>2026-04-11T19:21:30Z</time>
      </trkpt>
      <trkpt lat="44.13836" lon="-73.73915">
        <ele>580.64</ele>
        <time>2026-04-11T19:21:39Z</time>
      </trkpt>
      <trkpt lat="44.13834" lon="-73.73914">
        <ele>580.13</ele>
        <time>2026-04-11T19:21:42Z</time>
      </trkpt>
      <trkpt lat="44.13832" lon="-73.73912">
        <ele>579.94</ele>
        <time>2026-04-11T19:21:47Z</time>
      </trkpt>
      <trkpt lat="44.1383" lon="-73.73913">
        <ele>578.75</ele>
        <time>2026-04-11T19:21:52Z</time>
      </trkpt>
      <trkpt lat="44.13826" lon="-73.73912">
        <ele>577.34</ele>
        <time>2026-04-11T19:21:56Z</time>
      </trkpt>
      <trkpt lat="44.13822" lon="-73.73913">
        <ele>575.07</ele>
        <time>2026-04-11T19:22:01Z</time>
      </trkpt>
      <trkpt lat="44.1382" lon="-73.73913">
        <ele>573.99</ele>
        <time>2026-04-11T19:22:04Z</time>
      </trkpt>
      <trkpt lat="44.13818" lon="-73.73912">
        <ele>573.23</ele>
        <time>2026-04-11T19:22:06Z</time>
      </trkpt>
      <trkpt lat="44.13816" lon="-73.7391">
        <ele>572.8</ele>
        <time>2026-04-11T19:22:13Z</time>
      </trkpt>
      <trkpt lat="44.13816" lon="-73.7391">
        <ele>572.8</ele>
        <time>2026-04-11T19:22:14Z</time>
      </trkpt>
      <trkpt lat="44.13814" lon="-73.73912">
        <ele>571.16</ele>
        <time>2026-04-11T19:22:18Z</time>
      </trkpt>
      <trkpt lat="44.13812" lon="-73.73913">
        <ele>569.97</ele>
        <time>2026-04-11T19:22:22Z</time>
      </trkpt>
      <trkpt lat="44.13812" lon="-73.73915">
        <ele>569.32</ele>
        <time>2026-04-11T19:22:26Z</time>
      </trkpt>
      <trkpt lat="44.13813" lon="-73.73922">
        <ele>567.49</ele>
        <time>2026-04-11T19:22:31Z</time>
      </trkpt>
      <trkpt lat="44.13814" lon="-73.73926">
        <ele>566.62</ele>
        <time>2026-04-11T19:22:36Z</time>
      </trkpt>
      <trkpt lat="44.13815" lon="-73.73928">
        <ele>566.41</ele>
        <time>2026-04-11T19:22:38Z</time>
      </trkpt>
      <trkpt lat="44.13816" lon="-73.7393">
        <ele>566.19</ele>
        <time>2026-04-11T19:22:41Z</time>
      </trkpt>
      <trkpt lat="44.13818" lon="-73.73931">
        <ele>566.73</ele>
        <time>2026-04-11T19:22:43Z</time>
      </trkpt>
      <trkpt lat="44.13819" lon="-73.73934">
        <ele>566.19</ele>
        <time>2026-04-11T19:22:46Z</time>
      </trkpt>
      <trkpt lat="44.13819" lon="-73.73934">
        <ele>566.19</ele>
        <time>2026-04-11T19:22:47Z</time>
      </trkpt>
      <trkpt lat="44.13821" lon="-73.73937">
        <ele>565.95</ele>
        <time>2026-04-11T19:22:55Z</time>
      </trkpt>
      <trkpt lat="44.13821" lon="-73.73938">
        <ele>565.56</ele>
        <time>2026-04-11T19:22:56Z</time>
      </trkpt>
      <trkpt lat="44.13821" lon="-73.73943">
        <ele>563.58</ele>
        <time>2026-04-11T19:23:04Z</time>
      </trkpt>
      <trkpt lat="44.13822" lon="-73.73944">
        <ele>563.51</ele>
        <time>2026-04-11T19:23:06Z</time>
      </trkpt>
      <trkpt lat="44.13825" lon="-73.7395">
        <ele>562.54</ele>
        <time>2026-04-11T19:23:13Z</time>
      </trkpt>
      <trkpt lat="44.13825" lon="-73.73951">
        <ele>562.21</ele>
        <time>2026-04-11T19:23:14Z</time>
      </trkpt>
      <trkpt lat="44.13826" lon="-73.73955">
        <ele>561.31</ele>
        <time>2026-04-11T19:23:19Z</time>
      </trkpt>
      <trkpt lat="44.13827" lon="-73.7396">
        <ele>560.37</ele>
        <time>2026-04-11T19:23:24Z</time>
      </trkpt>
      <trkpt lat="44.13828" lon="-73.73963">
        <ele>559.84</ele>
        <time>2026-04-11T19:23:26Z</time>
      </trkpt>
      <trkpt lat="44.13832" lon="-73.73971">
        <ele>559.1</ele>
        <time>2026-04-11T19:23:33Z</time>
      </trkpt>
      <trkpt lat="44.13834" lon="-73.73972">
        <ele>559.19</ele>
        <time>2026-04-11T19:23:37Z</time>
      </trkpt>
      <trkpt lat="44.13835" lon="-73.73974">
        <ele>559.13</ele>
        <time>2026-04-11T19:23:40Z</time>
      </trkpt>
      <trkpt lat="44.13836" lon="-73.73978">
        <ele>558.77</ele>
        <time>2026-04-11T19:23:44Z</time>
      </trkpt>
      <trkpt lat="44.13839" lon="-73.73984">
        <ele>558.55</ele>
        <time>2026-04-11T19:23:49Z</time>
      </trkpt>
      <trkpt lat="44.13841" lon="-73.7399">
        <ele>558.22</ele>
        <time>2026-04-11T19:23:53Z</time>
      </trkpt>
      <trkpt lat="44.13843" lon="-73.73995">
        <ele>557.54</ele>
        <time>2026-04-11T19:23:57Z</time>
      </trkpt>
      <trkpt lat="44.13846" lon="-73.74001">
        <ele>557.03</ele>
        <time>2026-04-11T19:24:02Z</time>
      </trkpt>
      <trkpt lat="44.13847" lon="-73.74004">
        <ele>557.02</ele>
        <time>2026-04-11T19:24:05Z</time>
      </trkpt>
      <trkpt lat="44.13849" lon="-73.74006">
        <ele>556.75</ele>
        <time>2026-04-11T19:24:10Z</time>
      </trkpt>
      <trkpt lat="44.13853" lon="-73.7401">
        <ele>556.03</ele>
        <time>2026-04-11T19:24:14Z</time>
      </trkpt>
      <trkpt lat="44.13857" lon="-73.74017">
        <ele>555.26</ele>
        <time>2026-04-11T19:24:23Z</time>
      </trkpt>
      <trkpt lat="44.13858" lon="-73.74019">
        <ele>554.95</ele>
        <time>2026-04-11T19:24:25Z</time>
      </trkpt>
      <trkpt lat="44.13859" lon="-73.74021">
        <ele>554.73</ele>
        <time>2026-04-11T19:24:29Z</time>
      </trkpt>
      <trkpt lat="44.1386" lon="-73.74025">
        <ele>554.3</ele>
        <time>2026-04-11T19:24:33Z</time>
      </trkpt>
      <trkpt lat="44.13861" lon="-73.74026">
        <ele>554.19</ele>
        <time>2026-04-11T19:24:35Z</time>
      </trkpt>
      <trkpt lat="44.13864" lon="-73.7403">
        <ele>553.76</ele>
        <time>2026-04-11T19:24:42Z</time>
      </trkpt>
      <trkpt lat="44.13864" lon="-73.7403">
        <ele>553.76</ele>
        <time>2026-04-11T19:24:43Z</time>
      </trkpt>
      <trkpt lat="44.13865" lon="-73.74032">
        <ele>553.54</ele>
        <time>2026-04-11T19:24:46Z</time>
      </trkpt>
      <trkpt lat="44.13869" lon="-73.74038">
        <ele>552.81</ele>
        <time>2026-04-11T19:24:53Z</time>
      </trkpt>
      <trkpt lat="44.13872" lon="-73.74041">
        <ele>551.89</ele>
        <time>2026-04-11T19:25:01Z</time>
      </trkpt>
      <trkpt lat="44.13873" lon="-73.74042">
        <ele>551.49</ele>
        <time>2026-04-11T19:25:07Z</time>
      </trkpt>
      <trkpt lat="44.13873" lon="-73.74043">
        <ele>551.25</ele>
        <time>2026-04-11T19:25:10Z</time>
      </trkpt>
      <trkpt lat="44.13877" lon="-73.74048">
        <ele>548.94</ele>
        <time>2026-04-11T19:25:19Z</time>
      </trkpt>
      <trkpt lat="44.13877" lon="-73.74049">
        <ele>548.57</ele>
        <time>2026-04-11T19:25:20Z</time>
      </trkpt>
      <trkpt lat="44.13878" lon="-73.74054">
        <ele>546.32</ele>
        <time>2026-04-11T19:25:28Z</time>
      </trkpt>
      <trkpt lat="44.13879" lon="-73.74058">
        <ele>544.22</ele>
        <time>2026-04-11T19:25:33Z</time>
      </trkpt>
      <trkpt lat="44.13879" lon="-73.74059">
        <ele>543.78</ele>
        <time>2026-04-11T19:25:38Z</time>
      </trkpt>
      <trkpt lat="44.13881" lon="-73.7406">
        <ele>542.71</ele>
        <time>2026-04-11T19:25:45Z</time>
      </trkpt>
      <trkpt lat="44.13881" lon="-73.74061">
        <ele>542.29</ele>
        <time>2026-04-11T19:25:47Z</time>
      </trkpt>
      <trkpt lat="44.13881" lon="-73.74062">
        <ele>541.88</ele>
        <time>2026-04-11T19:25:50Z</time>
      </trkpt>
      <trkpt lat="44.13883" lon="-73.74064">
        <ele>540.59</ele>
        <time>2026-04-11T19:25:55Z</time>
      </trkpt>
      <trkpt lat="44.13885" lon="-73.74065">
        <ele>539.79</ele>
        <time>2026-04-11T19:26:02Z</time>
      </trkpt>
      <trkpt lat="44.13885" lon="-73.74065">
        <ele>539.79</ele>
        <time>2026-04-11T19:26:03Z</time>
      </trkpt>
      <trkpt lat="44.13887" lon="-73.74066">
        <ele>539.13</ele>
        <time>2026-04-11T19:26:06Z</time>
      </trkpt>
      <trkpt lat="44.13888" lon="-73.74066">
        <ele>538.92</ele>
        <time>2026-04-11T19:26:14Z</time>
      </trkpt>
      <trkpt lat="44.1389" lon="-73.7407">
        <ele>538.17</ele>
        <time>2026-04-11T19:26:21Z</time>
      </trkpt>
      <trkpt lat="44.1389" lon="-73.74069">
        <ele>538.4</ele>
        <time>2026-04-11T19:26:23Z</time>
      </trkpt>
      <trkpt lat="44.13891" lon="-73.74071">
        <ele>538.2</ele>
        <time>2026-04-11T19:26:30Z</time>
      </trkpt>
      <trkpt lat="44.13892" lon="-73.74072">
        <ele>538.2</ele>
        <time>2026-04-11T19:26:33Z</time>
      </trkpt>
      <trkpt lat="44.13893" lon="-73.74074">
        <ele>537.91</ele>
        <time>2026-04-11T19:26:36Z</time>
      </trkpt>
      <trkpt lat="44.13895" lon="-73.74076">
        <ele>537.7</ele>
        <time>2026-04-11T19:26:41Z</time>
      </trkpt>
      <trkpt lat="44.13895" lon="-73.74079">
        <ele>536.72</ele>
        <time>2026-04-11T19:26:48Z</time>
      </trkpt>
      <trkpt lat="44.13895" lon="-73.7408">
        <ele>536.4</ele>
        <time>2026-04-11T19:26:49Z</time>
      </trkpt>
      <trkpt lat="44.13894" lon="-73.74084">
        <ele>534.89</ele>
        <time>2026-04-11T19:26:54Z</time>
      </trkpt>
      <trkpt lat="44.13895" lon="-73.74089">
        <ele>533.48</ele>
        <time>2026-04-11T19:27:01Z</time>
      </trkpt>
      <trkpt lat="44.13893" lon="-73.74093">
        <ele>531.78</ele>
        <time>2026-04-11T19:27:10Z</time>
      </trkpt>
      <trkpt lat="44.13893" lon="-73.74094">
        <ele>531.5</ele>
        <time>2026-04-11T19:27:13Z</time>
      </trkpt>
      <trkpt lat="44.13893" lon="-73.74095">
        <ele>531.22</ele>
        <time>2026-04-11T19:27:15Z</time>
      </trkpt>
      <trkpt lat="44.13894" lon="-73.74097">
        <ele>530.94</ele>
        <time>2026-04-11T19:27:20Z</time>
      </trkpt>
      <trkpt lat="44.13893" lon="-73.74098">
        <ele>530.4</ele>
        <time>2026-04-11T19:27:23Z</time>
      </trkpt>
      <trkpt lat="44.13893" lon="-73.741">
        <ele>529.84</ele>
        <time>2026-04-11T19:27:25Z</time>
      </trkpt>
      <trkpt lat="44.13892" lon="-73.74103">
        <ele>528.72</ele>
        <time>2026-04-11T19:27:30Z</time>
      </trkpt>
      <trkpt lat="44.13892" lon="-73.74105">
        <ele>528.21</ele>
        <time>2026-04-11T19:27:32Z</time>
      </trkpt>
      <trkpt lat="44.13892" lon="-73.74111">
        <ele>526.7</ele>
        <time>2026-04-11T19:27:39Z</time>
      </trkpt>
      <trkpt lat="44.13891" lon="-73.74114">
        <ele>525.35</ele>
        <time>2026-04-11T19:27:43Z</time>
      </trkpt>
      <trkpt lat="44.13891" lon="-73.74115">
        <ele>524.97</ele>
        <time>2026-04-11T19:27:47Z</time>
      </trkpt>
      <trkpt lat="44.1389" lon="-73.74119">
        <ele>523.04</ele>
        <time>2026-04-11T19:27:53Z</time>
      </trkpt>
      <trkpt lat="44.1389" lon="-73.7412">
        <ele>522.63</ele>
        <time>2026-04-11T19:27:54Z</time>
      </trkpt>
      <trkpt lat="44.13895" lon="-73.74118">
        <ele>525.33</ele>
        <time>2026-04-11T19:28:01Z</time>
      </trkpt>
      <trkpt lat="44.13897" lon="-73.7412">
        <ele>525.59</ele>
        <time>2026-04-11T19:28:11Z</time>
      </trkpt>
      <trkpt lat="44.13892" lon="-73.74124">
        <ele>522.3</ele>
        <time>2026-04-11T19:28:20Z</time>
      </trkpt>
      <trkpt lat="44.13894" lon="-73.74129">
        <ele>521.32</ele>
        <time>2026-04-11T19:28:25Z</time>
      </trkpt>
      <trkpt lat="44.13894" lon="-73.74129">
        <ele>521.32</ele>
        <time>2026-04-11T19:28:27Z</time>
      </trkpt>
      <trkpt lat="44.13894" lon="-73.74131">
        <ele>520.87</ele>
        <time>2026-04-11T19:28:29Z</time>
      </trkpt>
      <trkpt lat="44.13894" lon="-73.74132">
        <ele>520.71</ele>
        <time>2026-04-11T19:28:32Z</time>
      </trkpt>
      <trkpt lat="44.13892" lon="-73.74134">
        <ele>520.04</ele>
        <time>2026-04-11T19:28:37Z</time>
      </trkpt>
      <trkpt lat="44.13891" lon="-73.74135">
        <ele>519.74</ele>
        <time>2026-04-11T19:28:39Z</time>
      </trkpt>
      <trkpt lat="44.1389" lon="-73.74139">
        <ele>519.11</ele>
        <time>2026-04-11T19:28:44Z</time>
      </trkpt>
      <trkpt lat="44.13889" lon="-73.74143">
        <ele>518.57</ele>
        <time>2026-04-11T19:28:48Z</time>
      </trkpt>
      <trkpt lat="44.13889" lon="-73.74149">
        <ele>518.02</ele>
        <time>2026-04-11T19:28:54Z</time>
      </trkpt>
      <trkpt lat="44.13889" lon="-73.74153">
        <ele>518.02</ele>
        <time>2026-04-11T19:28:58Z</time>
      </trkpt>
      <trkpt lat="44.13889" lon="-73.74157">
        <ele>518.01</ele>
        <time>2026-04-11T19:29:01Z</time>
      </trkpt>
      <trkpt lat="44.13888" lon="-73.74164">
        <ele>517.29</ele>
        <time>2026-04-11T19:29:06Z</time>
      </trkpt>
      <trkpt lat="44.13889" lon="-73.74171">
        <ele>516.54</ele>
        <time>2026-04-11T19:29:13Z</time>
      </trkpt>
      <trkpt lat="44.13889" lon="-73.74173">
        <ele>516.33</ele>
        <time>2026-04-11T19:29:15Z</time>
      </trkpt>
      <trkpt lat="44.13888" lon="-73.74183">
        <ele>514.47</ele>
        <time>2026-04-11T19:29:23Z</time>
      </trkpt>
      <trkpt lat="44.13888" lon="-73.74186">
        <ele>513.82</ele>
        <time>2026-04-11T19:29:25Z</time>
      </trkpt>
      <trkpt lat="44.13887" lon="-73.74188">
        <ele>513.39</ele>
        <time>2026-04-11T19:29:28Z</time>
      </trkpt>
      <trkpt lat="44.13887" lon="-73.7419">
        <ele>512.96</ele>
        <time>2026-04-11T19:29:30Z</time>
      </trkpt>
      <trkpt lat="44.13887" lon="-73.74192">
        <ele>512.53</ele>
        <time>2026-04-11T19:29:32Z</time>
      </trkpt>
      <trkpt lat="44.13885" lon="-73.74195">
        <ele>511.91</ele>
        <time>2026-04-11T19:29:37Z</time>
      </trkpt>
      <trkpt lat="44.13884" lon="-73.74198">
        <ele>511.43</ele>
        <time>2026-04-11T19:29:40Z</time>
      </trkpt>
      <trkpt lat="44.13883" lon="-73.74199">
        <ele>511.33</ele>
        <time>2026-04-11T19:29:44Z</time>
      </trkpt>
      <trkpt lat="44.13883" lon="-73.74203">
        <ele>510.74</ele>
        <time>2026-04-11T19:29:49Z</time>
      </trkpt>
      <trkpt lat="44.13882" lon="-73.74204">
        <ele>510.71</ele>
        <time>2026-04-11T19:29:50Z</time>
      </trkpt>
      <trkpt lat="44.13882" lon="-73.74209">
        <ele>510.17</ele>
        <time>2026-04-11T19:29:55Z</time>
      </trkpt>
      <trkpt lat="44.13881" lon="-73.74213">
        <ele>509.85</ele>
        <time>2026-04-11T19:29:58Z</time>
      </trkpt>
      <trkpt lat="44.13881" lon="-73.74214">
        <ele>509.76</ele>
        <time>2026-04-11T19:30:03Z</time>
      </trkpt>
      <trkpt lat="44.13881" lon="-73.74214">
        <ele>509.76</ele>
        <time>2026-04-11T19:30:05Z</time>
      </trkpt>
      <trkpt lat="44.13879" lon="-73.74216">
        <ele>509.74</ele>
        <time>2026-04-11T19:30:09Z</time>
      </trkpt>
      <trkpt lat="44.13876" lon="-73.74221">
        <ele>509.52</ele>
        <time>2026-04-11T19:30:14Z</time>
      </trkpt>
      <trkpt lat="44.13875" lon="-73.7423">
        <ele>508.66</ele>
        <time>2026-04-11T19:30:20Z</time>
      </trkpt>
      <trkpt lat="44.13876" lon="-73.74233">
        <ele>508.23</ele>
        <time>2026-04-11T19:30:22Z</time>
      </trkpt>
      <trkpt lat="44.13879" lon="-73.74244">
        <ele>506.36</ele>
        <time>2026-04-11T19:30:30Z</time>
      </trkpt>
      <trkpt lat="44.13882" lon="-73.74255">
        <ele>503.78</ele>
        <time>2026-04-11T19:30:39Z</time>
      </trkpt>
      <trkpt lat="44.13883" lon="-73.74257">
        <ele>503.21</ele>
        <time>2026-04-11T19:30:41Z</time>
      </trkpt>
      <trkpt lat="44.13885" lon="-73.74262">
        <ele>501.83</ele>
        <time>2026-04-11T19:30:47Z</time>
      </trkpt>
      <trkpt lat="44.13888" lon="-73.74269">
        <ele>500.04</ele>
        <time>2026-04-11T19:30:53Z</time>
      </trkpt>
      <trkpt lat="44.13889" lon="-73.74269">
        <ele>499.97</ele>
        <time>2026-04-11T19:30:54Z</time>
      </trkpt>
      <trkpt lat="44.1389" lon="-73.74271">
        <ele>499.94</ele>
        <time>2026-04-11T19:30:58Z</time>
      </trkpt>
      <trkpt lat="44.13891" lon="-73.74272">
        <ele>499.99</ele>
        <time>2026-04-11T19:31:00Z</time>
      </trkpt>
      <trkpt lat="44.13892" lon="-73.74276">
        <ele>499.59</ele>
        <time>2026-04-11T19:31:05Z</time>
      </trkpt>
      <trkpt lat="44.13893" lon="-73.74277">
        <ele>499.57</ele>
        <time>2026-04-11T19:31:08Z</time>
      </trkpt>
      <trkpt lat="44.13893" lon="-73.74277">
        <ele>499.57</ele>
        <time>2026-04-11T19:31:09Z</time>
      </trkpt>
      <trkpt lat="44.13893" lon="-73.74279">
        <ele>499.18</ele>
        <time>2026-04-11T19:31:13Z</time>
      </trkpt>
      <trkpt lat="44.13893" lon="-73.74279">
        <ele>499.18</ele>
        <time>2026-04-11T19:31:14Z</time>
      </trkpt>
      <trkpt lat="44.13892" lon="-73.7428">
        <ele>498.86</ele>
        <time>2026-04-11T19:31:15Z</time>
      </trkpt>
      <trkpt lat="44.13892" lon="-73.7428">
        <ele>498.86</ele>
        <time>2026-04-11T19:31:17Z</time>
      </trkpt>
      <trkpt lat="44.1389" lon="-73.74284">
        <ele>497.78</ele>
        <time>2026-04-11T19:31:22Z</time>
      </trkpt>
      <trkpt lat="44.1389" lon="-73.74286">
        <ele>497.34</ele>
        <time>2026-04-11T19:31:25Z</time>
      </trkpt>
      <trkpt lat="44.13888" lon="-73.7429">
        <ele>496.43</ele>
        <time>2026-04-11T19:31:31Z</time>
      </trkpt>
      <trkpt lat="44.13887" lon="-73.74292">
        <ele>496.02</ele>
        <time>2026-04-11T19:31:33Z</time>
      </trkpt>
      <trkpt lat="44.13885" lon="-73.74299">
        <ele>494.42</ele>
        <time>2026-04-11T19:31:40Z</time>
      </trkpt>
      <trkpt lat="44.13884" lon="-73.74302">
        <ele>493.77</ele>
        <time>2026-04-11T19:31:42Z</time>
      </trkpt>
      <trkpt lat="44.1388" lon="-73.74307">
        <ele>492.68</ele>
        <time>2026-04-11T19:31:48Z</time>
      </trkpt>
      <trkpt lat="44.1388" lon="-73.74307">
        <ele>492.68</ele>
        <time>2026-04-11T19:31:49Z</time>
      </trkpt>
      <trkpt lat="44.13873" lon="-73.74311">
        <ele>491.82</ele>
        <time>2026-04-11T19:31:58Z</time>
      </trkpt>
      <trkpt lat="44.13872" lon="-73.74313">
        <ele>491.39</ele>
        <time>2026-04-11T19:32:00Z</time>
      </trkpt>
      <trkpt lat="44.13865" lon="-73.74315">
        <ele>490.98</ele>
        <time>2026-04-11T19:32:07Z</time>
      </trkpt>
      <trkpt lat="44.13864" lon="-73.74315">
        <ele>490.98</ele>
        <time>2026-04-11T19:32:08Z</time>
      </trkpt>
      <trkpt lat="44.13855" lon="-73.74315">
        <ele>490.98</ele>
        <time>2026-04-11T19:32:17Z</time>
      </trkpt>
      <trkpt lat="44.13852" lon="-73.74319">
        <ele>490.55</ele>
        <time>2026-04-11T19:32:23Z</time>
      </trkpt>
      <trkpt lat="44.13851" lon="-73.74321">
        <ele>490.33</ele>
        <time>2026-04-11T19:32:25Z</time>
      </trkpt>
      <trkpt lat="44.13851" lon="-73.74326">
        <ele>490.0</ele>
        <time>2026-04-11T19:32:29Z</time>
      </trkpt>
      <trkpt lat="44.1385" lon="-73.74328">
        <ele>490.0</ele>
        <time>2026-04-11T19:32:31Z</time>
      </trkpt>
    </trkseg>
  </trk>
</gpx>
