<?xml version="1.0"?>
<gpx xmlns="http://www.topografix.com/GPX/1/1" xmlns:xsi="http://www.w3.org/2001/XMLSchema-instance" version="1.1" creator="AllTrails.com" xsi:schemaLocation="http://www.topografix.com/GPX/1/1 http://www.topografix.com/GPX/1/1/gpx.xsd">
  <metadata>
    <name><![CDATA[Elizabethtown Hiking]]></name>
    <desc><![CDATA[]]></desc>
    <link href="http://www.alltrails.com">
      <text>AllTrails, LLC</text>
    </link>
    <bounds minlat="44.14668" minlon="-73.70544" maxlat="44.16001" maxlon="-73.6268"/>
  </metadata>
  <trk>
    <name><![CDATA[Elizabethtown Hiking]]></name>
    <src>AllTrails</src>
    <trkseg>
      <trkpt lat="44.15379" lon="-73.6438">
        <ele>553.27</ele>
        <time>2026-07-05T11:57:36Z</time>
      </trkpt>
      <trkpt lat="44.15379" lon="-73.64381">
        <ele>553.8</ele>
        <time>2026-07-05T11:57:41Z</time>
      </trkpt>
      <trkpt lat="44.15379" lon="-73.64383">
        <ele>554.86</ele>
        <time>2026-07-05T11:57:44Z</time>
      </trkpt>
      <trkpt lat="44.15379" lon="-73.64385">
        <ele>555.93</ele>
        <time>2026-07-05T11:57:47Z</time>
      </trkpt>
      <trkpt lat="44.1538" lon="-73.64386">
        <ele>556.4</ele>
        <time>2026-07-05T11:57:48Z</time>
      </trkpt>
      <trkpt lat="44.1538" lon="-73.64388">
        <ele>557.48</ele>
        <time>2026-07-05T11:57:52Z</time>
      </trkpt>
      <trkpt lat="44.1538" lon="-73.64389">
        <ele>558.0</ele>
        <time>2026-07-05T11:57:53Z</time>
      </trkpt>
      <trkpt lat="44.1538" lon="-73.64392">
        <ele>558.98</ele>
        <time>2026-07-05T11:57:56Z</time>
      </trkpt>
      <trkpt lat="44.15381" lon="-73.64392">
        <ele>558.91</ele>
        <time>2026-07-05T11:57:58Z</time>
      </trkpt>
      <trkpt lat="44.15382" lon="-73.64394">
        <ele>559.54</ele>
        <time>2026-07-05T11:58:03Z</time>
      </trkpt>
      <trkpt lat="44.15384" lon="-73.64396">
        <ele>560.19</ele>
        <time>2026-07-05T11:58:05Z</time>
      </trkpt>
      <trkpt lat="44.15385" lon="-73.644">
        <ele>561.48</ele>
        <time>2026-07-05T11:58:10Z</time>
      </trkpt>
      <trkpt lat="44.15388" lon="-73.64398">
        <ele>560.94</ele>
        <time>2026-07-05T11:58:14Z</time>
      </trkpt>
      <trkpt lat="44.15389" lon="-73.64399">
        <ele>561.16</ele>
        <time>2026-07-05T11:58:16Z</time>
      </trkpt>
      <trkpt lat="44.15391" lon="-73.64403">
        <ele>561.71</ele>
        <time>2026-07-05T11:58:21Z</time>
      </trkpt>
      <trkpt lat="44.15392" lon="-73.64404">
        <ele>561.8</ele>
        <time>2026-07-05T11:58:23Z</time>
      </trkpt>
      <trkpt lat="44.15394" lon="-73.64408">
        <ele>562.6</ele>
        <time>2026-07-05T11:58:29Z</time>
      </trkpt>
      <trkpt lat="44.15398" lon="-73.64413">
        <ele>563.23</ele>
        <time>2026-07-05T11:58:38Z</time>
      </trkpt>
      <trkpt lat="44.15399" lon="-73.64415">
        <ele>563.53</ele>
        <time>2026-07-05T11:58:41Z</time>
      </trkpt>
      <trkpt lat="44.154" lon="-73.64419">
        <ele>564.25</ele>
        <time>2026-07-05T11:58:45Z</time>
      </trkpt>
      <trkpt lat="44.154" lon="-73.64421">
        <ele>564.64</ele>
        <time>2026-07-05T11:58:48Z</time>
      </trkpt>
      <trkpt lat="44.154" lon="-73.64422">
        <ele>564.84</ele>
        <time>2026-07-05T11:58:51Z</time>
      </trkpt>
      <trkpt lat="44.154" lon="-73.64423">
        <ele>565.03</ele>
        <time>2026-07-05T11:58:52Z</time>
      </trkpt>
      <trkpt lat="44.154" lon="-73.64428">
        <ele>566.05</ele>
        <time>2026-07-05T11:59:01Z</time>
      </trkpt>
      <trkpt lat="44.15401" lon="-73.64432">
        <ele>566.7</ele>
        <time>2026-07-05T11:59:10Z</time>
      </trkpt>
      <trkpt lat="44.15399" lon="-73.64432">
        <ele>567.13</ele>
        <time>2026-07-05T11:59:12Z</time>
      </trkpt>
      <trkpt lat="44.15397" lon="-73.64434">
        <ele>567.99</ele>
        <time>2026-07-05T11:59:17Z</time>
      </trkpt>
      <trkpt lat="44.15397" lon="-73.64434">
        <ele>567.99</ele>
        <time>2026-07-05T11:59:18Z</time>
      </trkpt>
      <trkpt lat="44.15396" lon="-73.64436">
        <ele>568.64</ele>
        <time>2026-07-05T11:59:21Z</time>
      </trkpt>
      <trkpt lat="44.15395" lon="-73.64438">
        <ele>569.29</ele>
        <time>2026-07-05T11:59:23Z</time>
      </trkpt>
      <trkpt lat="44.15394" lon="-73.64439">
        <ele>569.72</ele>
        <time>2026-07-05T11:59:26Z</time>
      </trkpt>
      <trkpt lat="44.15393" lon="-73.64441">
        <ele>570.37</ele>
        <time>2026-07-05T11:59:28Z</time>
      </trkpt>
      <trkpt lat="44.1539" lon="-73.64445">
        <ele>571.82</ele>
        <time>2026-07-05T11:59:34Z</time>
      </trkpt>
      <trkpt lat="44.1539" lon="-73.64446">
        <ele>571.93</ele>
        <time>2026-07-05T11:59:35Z</time>
      </trkpt>
      <trkpt lat="44.1539" lon="-73.64448">
        <ele>572.14</ele>
        <time>2026-07-05T11:59:38Z</time>
      </trkpt>
      <trkpt lat="44.15389" lon="-73.64452">
        <ele>572.79</ele>
        <time>2026-07-05T11:59:42Z</time>
      </trkpt>
      <trkpt lat="44.15387" lon="-73.64454">
        <ele>573.44</ele>
        <time>2026-07-05T11:59:45Z</time>
      </trkpt>
      <trkpt lat="44.15387" lon="-73.64459">
        <ele>573.98</ele>
        <time>2026-07-05T11:59:51Z</time>
      </trkpt>
      <trkpt lat="44.15385" lon="-73.64468">
        <ele>575.61</ele>
        <time>2026-07-05T11:59:59Z</time>
      </trkpt>
      <trkpt lat="44.15384" lon="-73.64476">
        <ele>576.99</ele>
        <time>2026-07-05T12:00:08Z</time>
      </trkpt>
      <trkpt lat="44.15383" lon="-73.64477">
        <ele>577.42</ele>
        <time>2026-07-05T12:00:15Z</time>
      </trkpt>
      <trkpt lat="44.15382" lon="-73.64478">
        <ele>577.86</ele>
        <time>2026-07-05T12:00:17Z</time>
      </trkpt>
      <trkpt lat="44.15381" lon="-73.64478">
        <ele>578.18</ele>
        <time>2026-07-05T12:00:18Z</time>
      </trkpt>
      <trkpt lat="44.15379" lon="-73.64481">
        <ele>579.08</ele>
        <time>2026-07-05T12:00:22Z</time>
      </trkpt>
      <trkpt lat="44.15378" lon="-73.64481">
        <ele>579.3</ele>
        <time>2026-07-05T12:00:24Z</time>
      </trkpt>
      <trkpt lat="44.15376" lon="-73.6448">
        <ele>579.62</ele>
        <time>2026-07-05T12:00:27Z</time>
      </trkpt>
      <trkpt lat="44.15376" lon="-73.6448">
        <ele>579.62</ele>
        <time>2026-07-05T12:00:29Z</time>
      </trkpt>
      <trkpt lat="44.15373" lon="-73.6448">
        <ele>580.27</ele>
        <time>2026-07-05T12:00:34Z</time>
      </trkpt>
      <trkpt lat="44.15371" lon="-73.64481">
        <ele>580.81</ele>
        <time>2026-07-05T12:00:37Z</time>
      </trkpt>
      <trkpt lat="44.15368" lon="-73.6448">
        <ele>581.1</ele>
        <time>2026-07-05T12:00:43Z</time>
      </trkpt>
      <trkpt lat="44.15368" lon="-73.6448">
        <ele>581.1</ele>
        <time>2026-07-05T12:00:44Z</time>
      </trkpt>
      <trkpt lat="44.15362" lon="-73.64482">
        <ele>581.9</ele>
        <time>2026-07-05T12:00:53Z</time>
      </trkpt>
      <trkpt lat="44.15355" lon="-73.64484">
        <ele>582.18</ele>
        <time>2026-07-05T12:01:03Z</time>
      </trkpt>
      <trkpt lat="44.1535" lon="-73.64485">
        <ele>582.38</ele>
        <time>2026-07-05T12:01:10Z</time>
      </trkpt>
      <trkpt lat="44.15348" lon="-73.64486">
        <ele>582.49</ele>
        <time>2026-07-05T12:01:12Z</time>
      </trkpt>
      <trkpt lat="44.15343" lon="-73.64488">
        <ele>582.7</ele>
        <time>2026-07-05T12:01:19Z</time>
      </trkpt>
      <trkpt lat="44.15341" lon="-73.64489">
        <ele>582.58</ele>
        <time>2026-07-05T12:01:22Z</time>
      </trkpt>
      <trkpt lat="44.15336" lon="-73.64491">
        <ele>582.34</ele>
        <time>2026-07-05T12:01:29Z</time>
      </trkpt>
      <trkpt lat="44.15335" lon="-73.64491">
        <ele>582.23</ele>
        <time>2026-07-05T12:01:30Z</time>
      </trkpt>
      <trkpt lat="44.15333" lon="-73.64496">
        <ele>583.05</ele>
        <time>2026-07-05T12:01:36Z</time>
      </trkpt>
      <trkpt lat="44.15332" lon="-73.64499">
        <ele>583.48</ele>
        <time>2026-07-05T12:01:38Z</time>
      </trkpt>
      <trkpt lat="44.15331" lon="-73.64503">
        <ele>583.9</ele>
        <time>2026-07-05T12:01:44Z</time>
      </trkpt>
      <trkpt lat="44.1533" lon="-73.64504">
        <ele>583.87</ele>
        <time>2026-07-05T12:01:46Z</time>
      </trkpt>
      <trkpt lat="44.15327" lon="-73.64506">
        <ele>583.72</ele>
        <time>2026-07-05T12:01:50Z</time>
      </trkpt>
      <trkpt lat="44.15326" lon="-73.64506">
        <ele>583.58</ele>
        <time>2026-07-05T12:01:54Z</time>
      </trkpt>
      <trkpt lat="44.15324" lon="-73.64506">
        <ele>583.26</ele>
        <time>2026-07-05T12:02:06Z</time>
      </trkpt>
      <trkpt lat="44.15325" lon="-73.64506">
        <ele>583.43</ele>
        <time>2026-07-05T12:02:07Z</time>
      </trkpt>
      <trkpt lat="44.15325" lon="-73.64507">
        <ele>583.64</ele>
        <time>2026-07-05T12:02:17Z</time>
      </trkpt>
      <trkpt lat="44.15325" lon="-73.64513">
        <ele>584.46</ele>
        <time>2026-07-05T12:02:25Z</time>
      </trkpt>
      <trkpt lat="44.15325" lon="-73.64514">
        <ele>584.56</ele>
        <time>2026-07-05T12:02:26Z</time>
      </trkpt>
      <trkpt lat="44.15322" lon="-73.64522">
        <ele>584.79</ele>
        <time>2026-07-05T12:02:34Z</time>
      </trkpt>
      <trkpt lat="44.1532" lon="-73.64526">
        <ele>584.84</ele>
        <time>2026-07-05T12:02:38Z</time>
      </trkpt>
      <trkpt lat="44.15318" lon="-73.6453">
        <ele>584.76</ele>
        <time>2026-07-05T12:02:42Z</time>
      </trkpt>
      <trkpt lat="44.15313" lon="-73.64542">
        <ele>584.52</ele>
        <time>2026-07-05T12:02:53Z</time>
      </trkpt>
      <trkpt lat="44.15308" lon="-73.64549">
        <ele>583.74</ele>
        <time>2026-07-05T12:03:01Z</time>
      </trkpt>
      <trkpt lat="44.15303" lon="-73.64554">
        <ele>582.73</ele>
        <time>2026-07-05T12:03:09Z</time>
      </trkpt>
      <trkpt lat="44.15298" lon="-73.6456">
        <ele>581.52</ele>
        <time>2026-07-05T12:03:18Z</time>
      </trkpt>
      <trkpt lat="44.15297" lon="-73.64561">
        <ele>581.39</ele>
        <time>2026-07-05T12:03:23Z</time>
      </trkpt>
      <trkpt lat="44.15295" lon="-73.64563">
        <ele>581.02</ele>
        <time>2026-07-05T12:03:26Z</time>
      </trkpt>
      <trkpt lat="44.15295" lon="-73.64571">
        <ele>582.11</ele>
        <time>2026-07-05T12:03:32Z</time>
      </trkpt>
      <trkpt lat="44.15295" lon="-73.64573">
        <ele>582.32</ele>
        <time>2026-07-05T12:03:34Z</time>
      </trkpt>
      <trkpt lat="44.15294" lon="-73.64576">
        <ele>582.27</ele>
        <time>2026-07-05T12:03:36Z</time>
      </trkpt>
      <trkpt lat="44.15293" lon="-73.64582">
        <ele>582.74</ele>
        <time>2026-07-05T12:03:44Z</time>
      </trkpt>
      <trkpt lat="44.15292" lon="-73.64588">
        <ele>583.08</ele>
        <time>2026-07-05T12:03:48Z</time>
      </trkpt>
      <trkpt lat="44.1529" lon="-73.64595">
        <ele>583.5</ele>
        <time>2026-07-05T12:03:53Z</time>
      </trkpt>
      <trkpt lat="44.15288" lon="-73.64609">
        <ele>583.92</ele>
        <time>2026-07-05T12:04:02Z</time>
      </trkpt>
      <trkpt lat="44.15286" lon="-73.6462">
        <ele>584.0</ele>
        <time>2026-07-05T12:04:12Z</time>
      </trkpt>
      <trkpt lat="44.15283" lon="-73.64631">
        <ele>583.44</ele>
        <time>2026-07-05T12:04:21Z</time>
      </trkpt>
      <trkpt lat="44.1528" lon="-73.64642">
        <ele>583.42</ele>
        <time>2026-07-05T12:04:30Z</time>
      </trkpt>
      <trkpt lat="44.15275" lon="-73.64654">
        <ele>583.3</ele>
        <time>2026-07-05T12:04:39Z</time>
      </trkpt>
      <trkpt lat="44.15273" lon="-73.64659">
        <ele>583.52</ele>
        <time>2026-07-05T12:04:43Z</time>
      </trkpt>
      <trkpt lat="44.15271" lon="-73.64664">
        <ele>583.73</ele>
        <time>2026-07-05T12:04:48Z</time>
      </trkpt>
      <trkpt lat="44.15267" lon="-73.64669">
        <ele>584.16</ele>
        <time>2026-07-05T12:04:56Z</time>
      </trkpt>
      <trkpt lat="44.15266" lon="-73.64672">
        <ele>584.27</ele>
        <time>2026-07-05T12:05:00Z</time>
      </trkpt>
      <trkpt lat="44.15264" lon="-73.64676">
        <ele>584.48</ele>
        <time>2026-07-05T12:05:05Z</time>
      </trkpt>
      <trkpt lat="44.15263" lon="-73.64677">
        <ele>584.48</ele>
        <time>2026-07-05T12:05:16Z</time>
      </trkpt>
      <trkpt lat="44.15265" lon="-73.64678">
        <ele>584.16</ele>
        <time>2026-07-05T12:05:32Z</time>
      </trkpt>
      <trkpt lat="44.15267" lon="-73.64682">
        <ele>583.51</ele>
        <time>2026-07-05T12:05:40Z</time>
      </trkpt>
      <trkpt lat="44.15267" lon="-73.64687">
        <ele>583.16</ele>
        <time>2026-07-05T12:05:45Z</time>
      </trkpt>
      <trkpt lat="44.15267" lon="-73.64688">
        <ele>583.16</ele>
        <time>2026-07-05T12:05:46Z</time>
      </trkpt>
      <trkpt lat="44.15267" lon="-73.64689">
        <ele>583.16</ele>
        <time>2026-07-05T12:05:47Z</time>
      </trkpt>
      <trkpt lat="44.15267" lon="-73.64698">
        <ele>582.84</ele>
        <time>2026-07-05T12:05:56Z</time>
      </trkpt>
      <trkpt lat="44.15267" lon="-73.64703">
        <ele>582.39</ele>
        <time>2026-07-05T12:06:00Z</time>
      </trkpt>
      <trkpt lat="44.15266" lon="-73.64714">
        <ele>581.54</ele>
        <time>2026-07-05T12:06:06Z</time>
      </trkpt>
      <trkpt lat="44.15265" lon="-73.64717">
        <ele>581.76</ele>
        <time>2026-07-05T12:06:10Z</time>
      </trkpt>
      <trkpt lat="44.15264" lon="-73.64723">
        <ele>581.89</ele>
        <time>2026-07-05T12:06:14Z</time>
      </trkpt>
      <trkpt lat="44.15263" lon="-73.64727">
        <ele>581.68</ele>
        <time>2026-07-05T12:06:18Z</time>
      </trkpt>
      <trkpt lat="44.15263" lon="-73.64729">
        <ele>581.46</ele>
        <time>2026-07-05T12:06:20Z</time>
      </trkpt>
      <trkpt lat="44.15263" lon="-73.64733">
        <ele>581.03</ele>
        <time>2026-07-05T12:06:23Z</time>
      </trkpt>
      <trkpt lat="44.15258" lon="-73.6474">
        <ele>581.61</ele>
        <time>2026-07-05T12:06:30Z</time>
      </trkpt>
      <trkpt lat="44.15258" lon="-73.64742">
        <ele>581.53</ele>
        <time>2026-07-05T12:06:31Z</time>
      </trkpt>
      <trkpt lat="44.15257" lon="-73.64749">
        <ele>581.76</ele>
        <time>2026-07-05T12:06:36Z</time>
      </trkpt>
      <trkpt lat="44.15257" lon="-73.64756">
        <ele>581.08</ele>
        <time>2026-07-05T12:06:40Z</time>
      </trkpt>
      <trkpt lat="44.15258" lon="-73.64759">
        <ele>580.44</ele>
        <time>2026-07-05T12:06:44Z</time>
      </trkpt>
      <trkpt lat="44.15258" lon="-73.64762">
        <ele>580.11</ele>
        <time>2026-07-05T12:06:47Z</time>
      </trkpt>
      <trkpt lat="44.15258" lon="-73.64768">
        <ele>579.46</ele>
        <time>2026-07-05T12:06:53Z</time>
      </trkpt>
      <trkpt lat="44.15258" lon="-73.64769">
        <ele>579.36</ele>
        <time>2026-07-05T12:06:54Z</time>
      </trkpt>
      <trkpt lat="44.15258" lon="-73.64778">
        <ele>578.38</ele>
        <time>2026-07-05T12:07:02Z</time>
      </trkpt>
      <trkpt lat="44.15257" lon="-73.64784">
        <ele>578.06</ele>
        <time>2026-07-05T12:07:07Z</time>
      </trkpt>
      <trkpt lat="44.15258" lon="-73.64787">
        <ele>577.41</ele>
        <time>2026-07-05T12:07:10Z</time>
      </trkpt>
      <trkpt lat="44.15259" lon="-73.64793">
        <ele>576.46</ele>
        <time>2026-07-05T12:07:15Z</time>
      </trkpt>
      <trkpt lat="44.1526" lon="-73.64794">
        <ele>576.01</ele>
        <time>2026-07-05T12:07:17Z</time>
      </trkpt>
      <trkpt lat="44.15261" lon="-73.64801">
        <ele>575.34</ele>
        <time>2026-07-05T12:07:23Z</time>
      </trkpt>
      <trkpt lat="44.15261" lon="-73.64802">
        <ele>575.32</ele>
        <time>2026-07-05T12:07:25Z</time>
      </trkpt>
      <trkpt lat="44.15262" lon="-73.64814">
        <ele>574.82</ele>
        <time>2026-07-05T12:07:34Z</time>
      </trkpt>
      <trkpt lat="44.15263" lon="-73.64821">
        <ele>574.65</ele>
        <time>2026-07-05T12:07:42Z</time>
      </trkpt>
      <trkpt lat="44.15263" lon="-73.6483">
        <ele>574.79</ele>
        <time>2026-07-05T12:07:50Z</time>
      </trkpt>
      <trkpt lat="44.15263" lon="-73.64836">
        <ele>574.79</ele>
        <time>2026-07-05T12:07:55Z</time>
      </trkpt>
      <trkpt lat="44.15263" lon="-73.64839">
        <ele>574.79</ele>
        <time>2026-07-05T12:07:57Z</time>
      </trkpt>
      <trkpt lat="44.15263" lon="-73.64843">
        <ele>574.79</ele>
        <time>2026-07-05T12:08:01Z</time>
      </trkpt>
      <trkpt lat="44.15262" lon="-73.64847">
        <ele>575.11</ele>
        <time>2026-07-05T12:08:05Z</time>
      </trkpt>
      <trkpt lat="44.15263" lon="-73.64858">
        <ele>574.79</ele>
        <time>2026-07-05T12:08:12Z</time>
      </trkpt>
      <trkpt lat="44.15265" lon="-73.64863">
        <ele>574.14</ele>
        <time>2026-07-05T12:08:17Z</time>
      </trkpt>
      <trkpt lat="44.15263" lon="-73.64868">
        <ele>574.79</ele>
        <time>2026-07-05T12:08:21Z</time>
      </trkpt>
      <trkpt lat="44.15264" lon="-73.6487">
        <ele>574.46</ele>
        <time>2026-07-05T12:08:23Z</time>
      </trkpt>
      <trkpt lat="44.15264" lon="-73.64871">
        <ele>574.46</ele>
        <time>2026-07-05T12:08:24Z</time>
      </trkpt>
      <trkpt lat="44.15264" lon="-73.64876">
        <ele>574.46</ele>
        <time>2026-07-05T12:08:28Z</time>
      </trkpt>
      <trkpt lat="44.15263" lon="-73.64884">
        <ele>574.79</ele>
        <time>2026-07-05T12:08:36Z</time>
      </trkpt>
      <trkpt lat="44.15262" lon="-73.64891">
        <ele>575.11</ele>
        <time>2026-07-05T12:08:42Z</time>
      </trkpt>
      <trkpt lat="44.15263" lon="-73.64902">
        <ele>574.79</ele>
        <time>2026-07-05T12:08:50Z</time>
      </trkpt>
      <trkpt lat="44.15264" lon="-73.6491">
        <ele>574.46</ele>
        <time>2026-07-05T12:08:58Z</time>
      </trkpt>
      <trkpt lat="44.15263" lon="-73.64918">
        <ele>574.79</ele>
        <time>2026-07-05T12:09:05Z</time>
      </trkpt>
      <trkpt lat="44.15263" lon="-73.64926">
        <ele>574.8</ele>
        <time>2026-07-05T12:09:12Z</time>
      </trkpt>
      <trkpt lat="44.15263" lon="-73.64936">
        <ele>575.79</ele>
        <time>2026-07-05T12:09:19Z</time>
      </trkpt>
      <trkpt lat="44.15263" lon="-73.64937">
        <ele>575.79</ele>
        <time>2026-07-05T12:09:20Z</time>
      </trkpt>
      <trkpt lat="44.15264" lon="-73.64944">
        <ele>575.46</ele>
        <time>2026-07-05T12:09:27Z</time>
      </trkpt>
      <trkpt lat="44.15267" lon="-73.64955">
        <ele>575.35</ele>
        <time>2026-07-05T12:09:35Z</time>
      </trkpt>
      <trkpt lat="44.15268" lon="-73.64958">
        <ele>575.14</ele>
        <time>2026-07-05T12:09:38Z</time>
      </trkpt>
      <trkpt lat="44.15267" lon="-73.6496">
        <ele>575.44</ele>
        <time>2026-07-05T12:09:39Z</time>
      </trkpt>
      <trkpt lat="44.15267" lon="-73.64964">
        <ele>575.49</ele>
        <time>2026-07-05T12:09:42Z</time>
      </trkpt>
      <trkpt lat="44.15265" lon="-73.64974">
        <ele>576.33</ele>
        <time>2026-07-05T12:09:50Z</time>
      </trkpt>
      <trkpt lat="44.15264" lon="-73.64976">
        <ele>576.87</ele>
        <time>2026-07-05T12:09:52Z</time>
      </trkpt>
      <trkpt lat="44.15265" lon="-73.64984">
        <ele>577.14</ele>
        <time>2026-07-05T12:09:58Z</time>
      </trkpt>
      <trkpt lat="44.15264" lon="-73.64987">
        <ele>577.46</ele>
        <time>2026-07-05T12:10:01Z</time>
      </trkpt>
      <trkpt lat="44.15263" lon="-73.6499">
        <ele>577.79</ele>
        <time>2026-07-05T12:10:03Z</time>
      </trkpt>
      <trkpt lat="44.15263" lon="-73.64992">
        <ele>577.79</ele>
        <time>2026-07-05T12:10:05Z</time>
      </trkpt>
      <trkpt lat="44.15262" lon="-73.65001">
        <ele>578.22</ele>
        <time>2026-07-05T12:10:12Z</time>
      </trkpt>
      <trkpt lat="44.15263" lon="-73.65009">
        <ele>578.76</ele>
        <time>2026-07-05T12:10:18Z</time>
      </trkpt>
      <trkpt lat="44.15264" lon="-73.65017">
        <ele>578.46</ele>
        <time>2026-07-05T12:10:24Z</time>
      </trkpt>
      <trkpt lat="44.15264" lon="-73.65018">
        <ele>578.46</ele>
        <time>2026-07-05T12:10:25Z</time>
      </trkpt>
      <trkpt lat="44.15264" lon="-73.6502">
        <ele>578.54</ele>
        <time>2026-07-05T12:10:27Z</time>
      </trkpt>
      <trkpt lat="44.15263" lon="-73.65026">
        <ele>579.27</ele>
        <time>2026-07-05T12:10:32Z</time>
      </trkpt>
      <trkpt lat="44.15263" lon="-73.6503">
        <ele>579.48</ele>
        <time>2026-07-05T12:10:35Z</time>
      </trkpt>
      <trkpt lat="44.15262" lon="-73.65034">
        <ele>580.01</ele>
        <time>2026-07-05T12:10:38Z</time>
      </trkpt>
      <trkpt lat="44.15261" lon="-73.65042">
        <ele>580.44</ele>
        <time>2026-07-05T12:10:42Z</time>
      </trkpt>
      <trkpt lat="44.15261" lon="-73.65046">
        <ele>580.44</ele>
        <time>2026-07-05T12:10:45Z</time>
      </trkpt>
      <trkpt lat="44.1526" lon="-73.65053">
        <ele>580.76</ele>
        <time>2026-07-05T12:10:50Z</time>
      </trkpt>
      <trkpt lat="44.1526" lon="-73.65055">
        <ele>580.76</ele>
        <time>2026-07-05T12:10:53Z</time>
      </trkpt>
      <trkpt lat="44.15259" lon="-73.65063">
        <ele>581.08</ele>
        <time>2026-07-05T12:11:01Z</time>
      </trkpt>
      <trkpt lat="44.15258" lon="-73.65064">
        <ele>581.41</ele>
        <time>2026-07-05T12:11:02Z</time>
      </trkpt>
      <trkpt lat="44.15256" lon="-73.6507">
        <ele>582.06</ele>
        <time>2026-07-05T12:11:08Z</time>
      </trkpt>
      <trkpt lat="44.15251" lon="-73.65082">
        <ele>583.68</ele>
        <time>2026-07-05T12:11:18Z</time>
      </trkpt>
      <trkpt lat="44.15251" lon="-73.65087">
        <ele>583.68</ele>
        <time>2026-07-05T12:11:24Z</time>
      </trkpt>
      <trkpt lat="44.1525" lon="-73.65089">
        <ele>584.0</ele>
        <time>2026-07-05T12:11:28Z</time>
      </trkpt>
      <trkpt lat="44.15247" lon="-73.65098">
        <ele>584.06</ele>
        <time>2026-07-05T12:11:36Z</time>
      </trkpt>
      <trkpt lat="44.15246" lon="-73.65106">
        <ele>583.86</ele>
        <time>2026-07-05T12:11:42Z</time>
      </trkpt>
      <trkpt lat="44.15247" lon="-73.65109">
        <ele>583.65</ele>
        <time>2026-07-05T12:11:44Z</time>
      </trkpt>
      <trkpt lat="44.15247" lon="-73.65118">
        <ele>583.65</ele>
        <time>2026-07-05T12:11:51Z</time>
      </trkpt>
      <trkpt lat="44.15246" lon="-73.65128">
        <ele>583.51</ele>
        <time>2026-07-05T12:11:58Z</time>
      </trkpt>
      <trkpt lat="44.15246" lon="-73.65128">
        <ele>583.51</ele>
        <time>2026-07-05T12:12:00Z</time>
      </trkpt>
      <trkpt lat="44.15246" lon="-73.65129">
        <ele>583.46</ele>
        <time>2026-07-05T12:12:01Z</time>
      </trkpt>
      <trkpt lat="44.15243" lon="-73.65137">
        <ele>583.76</ele>
        <time>2026-07-05T12:12:08Z</time>
      </trkpt>
      <trkpt lat="44.15242" lon="-73.65141">
        <ele>583.9</ele>
        <time>2026-07-05T12:12:11Z</time>
      </trkpt>
      <trkpt lat="44.15242" lon="-73.65147">
        <ele>583.98</ele>
        <time>2026-07-05T12:12:15Z</time>
      </trkpt>
      <trkpt lat="44.15244" lon="-73.65151">
        <ele>584.0</ele>
        <time>2026-07-05T12:12:20Z</time>
      </trkpt>
      <trkpt lat="44.15246" lon="-73.65154">
        <ele>584.0</ele>
        <time>2026-07-05T12:12:22Z</time>
      </trkpt>
      <trkpt lat="44.15252" lon="-73.65158">
        <ele>584.06</ele>
        <time>2026-07-05T12:12:28Z</time>
      </trkpt>
      <trkpt lat="44.15253" lon="-73.65158">
        <ele>584.06</ele>
        <time>2026-07-05T12:12:29Z</time>
      </trkpt>
      <trkpt lat="44.15257" lon="-73.65162">
        <ele>584.5</ele>
        <time>2026-07-05T12:12:34Z</time>
      </trkpt>
      <trkpt lat="44.15258" lon="-73.65164">
        <ele>584.71</ele>
        <time>2026-07-05T12:12:36Z</time>
      </trkpt>
      <trkpt lat="44.15265" lon="-73.6517">
        <ele>584.74</ele>
        <time>2026-07-05T12:12:43Z</time>
      </trkpt>
      <trkpt lat="44.15266" lon="-73.65172">
        <ele>584.85</ele>
        <time>2026-07-05T12:12:45Z</time>
      </trkpt>
      <trkpt lat="44.15271" lon="-73.65175">
        <ele>584.63</ele>
        <time>2026-07-05T12:12:51Z</time>
      </trkpt>
      <trkpt lat="44.15278" lon="-73.65181">
        <ele>584.54</ele>
        <time>2026-07-05T12:12:59Z</time>
      </trkpt>
      <trkpt lat="44.15282" lon="-73.65183">
        <ele>584.66</ele>
        <time>2026-07-05T12:13:03Z</time>
      </trkpt>
      <trkpt lat="44.15284" lon="-73.65186">
        <ele>585.12</ele>
        <time>2026-07-05T12:13:06Z</time>
      </trkpt>
      <trkpt lat="44.15288" lon="-73.65191">
        <ele>585.52</ele>
        <time>2026-07-05T12:13:12Z</time>
      </trkpt>
      <trkpt lat="44.15289" lon="-73.65192">
        <ele>585.52</ele>
        <time>2026-07-05T12:13:13Z</time>
      </trkpt>
      <trkpt lat="44.15295" lon="-73.65198">
        <ele>585.85</ele>
        <time>2026-07-05T12:13:21Z</time>
      </trkpt>
      <trkpt lat="44.15295" lon="-73.652">
        <ele>586.26</ele>
        <time>2026-07-05T12:13:23Z</time>
      </trkpt>
      <trkpt lat="44.15297" lon="-73.65201">
        <ele>586.36</ele>
        <time>2026-07-05T12:13:28Z</time>
      </trkpt>
      <trkpt lat="44.15301" lon="-73.65205">
        <ele>586.63</ele>
        <time>2026-07-05T12:13:35Z</time>
      </trkpt>
      <trkpt lat="44.15307" lon="-73.65212">
        <ele>586.9</ele>
        <time>2026-07-05T12:13:42Z</time>
      </trkpt>
      <trkpt lat="44.15312" lon="-73.6522">
        <ele>588.52</ele>
        <time>2026-07-05T12:13:50Z</time>
      </trkpt>
      <trkpt lat="44.15317" lon="-73.65228">
        <ele>589.62</ele>
        <time>2026-07-05T12:13:57Z</time>
      </trkpt>
      <trkpt lat="44.15321" lon="-73.65232">
        <ele>590.11</ele>
        <time>2026-07-05T12:14:03Z</time>
      </trkpt>
      <trkpt lat="44.15323" lon="-73.65234">
        <ele>590.54</ele>
        <time>2026-07-05T12:14:06Z</time>
      </trkpt>
      <trkpt lat="44.15328" lon="-73.65238">
        <ele>591.83</ele>
        <time>2026-07-05T12:14:12Z</time>
      </trkpt>
      <trkpt lat="44.15329" lon="-73.65239">
        <ele>592.16</ele>
        <time>2026-07-05T12:14:13Z</time>
      </trkpt>
      <trkpt lat="44.15332" lon="-73.65243">
        <ele>593.38</ele>
        <time>2026-07-05T12:14:19Z</time>
      </trkpt>
      <trkpt lat="44.15337" lon="-73.65247">
        <ele>594.75</ele>
        <time>2026-07-05T12:14:26Z</time>
      </trkpt>
      <trkpt lat="44.15337" lon="-73.65247">
        <ele>594.75</ele>
        <time>2026-07-05T12:14:27Z</time>
      </trkpt>
      <trkpt lat="44.15341" lon="-73.65249">
        <ele>595.61</ele>
        <time>2026-07-05T12:14:31Z</time>
      </trkpt>
      <trkpt lat="44.15342" lon="-73.6525">
        <ele>595.94</ele>
        <time>2026-07-05T12:14:33Z</time>
      </trkpt>
      <trkpt lat="44.15343" lon="-73.6525">
        <ele>596.04</ele>
        <time>2026-07-05T12:14:34Z</time>
      </trkpt>
      <trkpt lat="44.15347" lon="-73.65251">
        <ele>596.69</ele>
        <time>2026-07-05T12:14:40Z</time>
      </trkpt>
      <trkpt lat="44.15348" lon="-73.65251">
        <ele>596.8</ele>
        <time>2026-07-05T12:14:41Z</time>
      </trkpt>
      <trkpt lat="44.15352" lon="-73.65253">
        <ele>597.65</ele>
        <time>2026-07-05T12:14:47Z</time>
      </trkpt>
      <trkpt lat="44.15353" lon="-73.65253">
        <ele>597.69</ele>
        <time>2026-07-05T12:14:49Z</time>
      </trkpt>
      <trkpt lat="44.15355" lon="-73.65255">
        <ele>598.26</ele>
        <time>2026-07-05T12:14:53Z</time>
      </trkpt>
      <trkpt lat="44.15357" lon="-73.65255">
        <ele>598.38</ele>
        <time>2026-07-05T12:14:57Z</time>
      </trkpt>
      <trkpt lat="44.15359" lon="-73.65255">
        <ele>598.5</ele>
        <time>2026-07-05T12:15:01Z</time>
      </trkpt>
      <trkpt lat="44.15361" lon="-73.65257">
        <ele>599.26</ele>
        <time>2026-07-05T12:15:04Z</time>
      </trkpt>
      <trkpt lat="44.15362" lon="-73.65257">
        <ele>599.29</ele>
        <time>2026-07-05T12:15:05Z</time>
      </trkpt>
      <trkpt lat="44.15366" lon="-73.65259">
        <ele>599.93</ele>
        <time>2026-07-05T12:15:11Z</time>
      </trkpt>
      <trkpt lat="44.15366" lon="-73.6526">
        <ele>600.24</ele>
        <time>2026-07-05T12:15:12Z</time>
      </trkpt>
      <trkpt lat="44.1537" lon="-73.65261">
        <ele>600.56</ele>
        <time>2026-07-05T12:15:19Z</time>
      </trkpt>
      <trkpt lat="44.15371" lon="-73.65261">
        <ele>600.63</ele>
        <time>2026-07-05T12:15:20Z</time>
      </trkpt>
      <trkpt lat="44.15374" lon="-73.6526">
        <ele>600.63</ele>
        <time>2026-07-05T12:15:27Z</time>
      </trkpt>
      <trkpt lat="44.15375" lon="-73.65258">
        <ele>600.16</ele>
        <time>2026-07-05T12:15:33Z</time>
      </trkpt>
      <trkpt lat="44.15375" lon="-73.65258">
        <ele>600.16</ele>
        <time>2026-07-05T12:15:38Z</time>
      </trkpt>
      <trkpt lat="44.15379" lon="-73.6526">
        <ele>601.17</ele>
        <time>2026-07-05T12:15:46Z</time>
      </trkpt>
      <trkpt lat="44.15379" lon="-73.6526">
        <ele>601.17</ele>
        <time>2026-07-05T12:15:47Z</time>
      </trkpt>
      <trkpt lat="44.1538" lon="-73.6526">
        <ele>601.24</ele>
        <time>2026-07-05T12:15:49Z</time>
      </trkpt>
      <trkpt lat="44.15383" lon="-73.6526">
        <ele>601.24</ele>
        <time>2026-07-05T12:15:54Z</time>
      </trkpt>
      <trkpt lat="44.15384" lon="-73.6526">
        <ele>601.24</ele>
        <time>2026-07-05T12:15:55Z</time>
      </trkpt>
      <trkpt lat="44.15389" lon="-73.6526">
        <ele>601.24</ele>
        <time>2026-07-05T12:16:03Z</time>
      </trkpt>
      <trkpt lat="44.15391" lon="-73.65263">
        <ele>602.12</ele>
        <time>2026-07-05T12:16:10Z</time>
      </trkpt>
      <trkpt lat="44.15393" lon="-73.65265">
        <ele>602.58</ele>
        <time>2026-07-05T12:16:14Z</time>
      </trkpt>
      <trkpt lat="44.15394" lon="-73.65264">
        <ele>602.25</ele>
        <time>2026-07-05T12:16:16Z</time>
      </trkpt>
      <trkpt lat="44.15396" lon="-73.65267">
        <ele>602.87</ele>
        <time>2026-07-05T12:16:24Z</time>
      </trkpt>
      <trkpt lat="44.15396" lon="-73.6527">
        <ele>603.71</ele>
        <time>2026-07-05T12:16:27Z</time>
      </trkpt>
      <trkpt lat="44.15398" lon="-73.65272">
        <ele>604.14</ele>
        <time>2026-07-05T12:16:30Z</time>
      </trkpt>
      <trkpt lat="44.15402" lon="-73.65275">
        <ele>604.68</ele>
        <time>2026-07-05T12:16:37Z</time>
      </trkpt>
      <trkpt lat="44.15403" lon="-73.65276">
        <ele>604.9</ele>
        <time>2026-07-05T12:16:39Z</time>
      </trkpt>
      <trkpt lat="44.15406" lon="-73.65283">
        <ele>606.37</ele>
        <time>2026-07-05T12:16:46Z</time>
      </trkpt>
      <trkpt lat="44.15407" lon="-73.65285">
        <ele>606.64</ele>
        <time>2026-07-05T12:16:49Z</time>
      </trkpt>
      <trkpt lat="44.15408" lon="-73.65287">
        <ele>606.86</ele>
        <time>2026-07-05T12:16:54Z</time>
      </trkpt>
      <trkpt lat="44.15408" lon="-73.65286">
        <ele>606.65</ele>
        <time>2026-07-05T12:16:56Z</time>
      </trkpt>
      <trkpt lat="44.15407" lon="-73.65286">
        <ele>606.86</ele>
        <time>2026-07-05T12:17:01Z</time>
      </trkpt>
      <trkpt lat="44.15405" lon="-73.65291">
        <ele>608.69</ele>
        <time>2026-07-05T12:17:08Z</time>
      </trkpt>
      <trkpt lat="44.15405" lon="-73.65291">
        <ele>608.69</ele>
        <time>2026-07-05T12:17:09Z</time>
      </trkpt>
      <trkpt lat="44.15405" lon="-73.65293">
        <ele>609.28</ele>
        <time>2026-07-05T12:17:11Z</time>
      </trkpt>
      <trkpt lat="44.15404" lon="-73.65298">
        <ele>610.8</ele>
        <time>2026-07-05T12:17:17Z</time>
      </trkpt>
      <trkpt lat="44.15404" lon="-73.65298">
        <ele>610.8</ele>
        <time>2026-07-05T12:17:18Z</time>
      </trkpt>
      <trkpt lat="44.15404" lon="-73.65303">
        <ele>612.08</ele>
        <time>2026-07-05T12:17:30Z</time>
      </trkpt>
      <trkpt lat="44.15403" lon="-73.65302">
        <ele>612.0</ele>
        <time>2026-07-05T12:17:37Z</time>
      </trkpt>
      <trkpt lat="44.15403" lon="-73.65302">
        <ele>612.0</ele>
        <time>2026-07-05T12:17:38Z</time>
      </trkpt>
      <trkpt lat="44.15404" lon="-73.65307">
        <ele>613.15</ele>
        <time>2026-07-05T12:17:44Z</time>
      </trkpt>
      <trkpt lat="44.15404" lon="-73.65309">
        <ele>613.72</ele>
        <time>2026-07-05T12:17:46Z</time>
      </trkpt>
      <trkpt lat="44.15404" lon="-73.65312">
        <ele>614.57</ele>
        <time>2026-07-05T12:17:51Z</time>
      </trkpt>
      <trkpt lat="44.15404" lon="-73.65313">
        <ele>614.85</ele>
        <time>2026-07-05T12:17:52Z</time>
      </trkpt>
      <trkpt lat="44.15403" lon="-73.65314">
        <ele>615.25</ele>
        <time>2026-07-05T12:17:57Z</time>
      </trkpt>
      <trkpt lat="44.15403" lon="-73.65314">
        <ele>615.25</ele>
        <time>2026-07-05T12:17:59Z</time>
      </trkpt>
      <trkpt lat="44.15402" lon="-73.65313">
        <ele>615.11</ele>
        <time>2026-07-05T12:18:07Z</time>
      </trkpt>
      <trkpt lat="44.15402" lon="-73.65313">
        <ele>615.11</ele>
        <time>2026-07-05T12:18:08Z</time>
      </trkpt>
      <trkpt lat="44.154" lon="-73.65315">
        <ele>615.86</ele>
        <time>2026-07-05T12:18:14Z</time>
      </trkpt>
      <trkpt lat="44.15399" lon="-73.65318">
        <ele>616.91</ele>
        <time>2026-07-05T12:18:18Z</time>
      </trkpt>
      <trkpt lat="44.15399" lon="-73.65318">
        <ele>616.91</ele>
        <time>2026-07-05T12:18:19Z</time>
      </trkpt>
      <trkpt lat="44.15399" lon="-73.65319">
        <ele>617.22</ele>
        <time>2026-07-05T12:18:20Z</time>
      </trkpt>
      <trkpt lat="44.15398" lon="-73.65321">
        <ele>618.04</ele>
        <time>2026-07-05T12:18:24Z</time>
      </trkpt>
      <trkpt lat="44.15398" lon="-73.65322">
        <ele>618.36</ele>
        <time>2026-07-05T12:18:27Z</time>
      </trkpt>
      <trkpt lat="44.15397" lon="-73.65322">
        <ele>618.58</ele>
        <time>2026-07-05T12:18:30Z</time>
      </trkpt>
      <trkpt lat="44.15396" lon="-73.65322">
        <ele>618.79</ele>
        <time>2026-07-05T12:18:33Z</time>
      </trkpt>
      <trkpt lat="44.15395" lon="-73.65322">
        <ele>619.01</ele>
        <time>2026-07-05T12:18:35Z</time>
      </trkpt>
      <trkpt lat="44.15395" lon="-73.65323">
        <ele>619.33</ele>
        <time>2026-07-05T12:18:36Z</time>
      </trkpt>
      <trkpt lat="44.15392" lon="-73.65324">
        <ele>620.3</ele>
        <time>2026-07-05T12:18:41Z</time>
      </trkpt>
      <trkpt lat="44.15391" lon="-73.65324">
        <ele>620.52</ele>
        <time>2026-07-05T12:18:44Z</time>
      </trkpt>
      <trkpt lat="44.1539" lon="-73.65326">
        <ele>621.57</ele>
        <time>2026-07-05T12:18:47Z</time>
      </trkpt>
      <trkpt lat="44.15387" lon="-73.65328">
        <ele>622.99</ele>
        <time>2026-07-05T12:18:53Z</time>
      </trkpt>
      <trkpt lat="44.15387" lon="-73.65328">
        <ele>622.99</ele>
        <time>2026-07-05T12:18:54Z</time>
      </trkpt>
      <trkpt lat="44.15383" lon="-73.65329">
        <ele>624.1</ele>
        <time>2026-07-05T12:19:02Z</time>
      </trkpt>
      <trkpt lat="44.15382" lon="-73.65329">
        <ele>624.27</ele>
        <time>2026-07-05T12:19:04Z</time>
      </trkpt>
      <trkpt lat="44.15375" lon="-73.65329">
        <ele>625.16</ele>
        <time>2026-07-05T12:19:16Z</time>
      </trkpt>
      <trkpt lat="44.15373" lon="-73.65328">
        <ele>624.84</ele>
        <time>2026-07-05T12:19:28Z</time>
      </trkpt>
      <trkpt lat="44.15373" lon="-73.65328">
        <ele>624.84</ele>
        <time>2026-07-05T12:19:29Z</time>
      </trkpt>
      <trkpt lat="44.15371" lon="-73.65326">
        <ele>623.97</ele>
        <time>2026-07-05T12:19:35Z</time>
      </trkpt>
      <trkpt lat="44.15371" lon="-73.65325">
        <ele>623.43</ele>
        <time>2026-07-05T12:19:37Z</time>
      </trkpt>
      <trkpt lat="44.15371" lon="-73.65325">
        <ele>623.43</ele>
        <time>2026-07-05T12:19:38Z</time>
      </trkpt>
      <trkpt lat="44.15371" lon="-73.65325">
        <ele>623.43</ele>
        <time>2026-07-05T12:19:39Z</time>
      </trkpt>
      <trkpt lat="44.1537" lon="-73.65325">
        <ele>623.5</ele>
        <time>2026-07-05T12:19:43Z</time>
      </trkpt>
      <trkpt lat="44.15369" lon="-73.65324">
        <ele>622.97</ele>
        <time>2026-07-05T12:19:46Z</time>
      </trkpt>
      <trkpt lat="44.15369" lon="-73.65323">
        <ele>622.52</ele>
        <time>2026-07-05T12:19:48Z</time>
      </trkpt>
      <trkpt lat="44.15369" lon="-73.65322">
        <ele>622.07</ele>
        <time>2026-07-05T12:19:49Z</time>
      </trkpt>
      <trkpt lat="44.15369" lon="-73.65322">
        <ele>622.07</ele>
        <time>2026-07-05T12:19:50Z</time>
      </trkpt>
      <trkpt lat="44.15369" lon="-73.65321">
        <ele>621.62</ele>
        <time>2026-07-05T12:19:55Z</time>
      </trkpt>
      <trkpt lat="44.1537" lon="-73.65323">
        <ele>622.53</ele>
        <time>2026-07-05T12:20:00Z</time>
      </trkpt>
      <trkpt lat="44.1537" lon="-73.65327">
        <ele>624.59</ele>
        <time>2026-07-05T12:20:05Z</time>
      </trkpt>
      <trkpt lat="44.1537" lon="-73.6533">
        <ele>626.23</ele>
        <time>2026-07-05T12:20:09Z</time>
      </trkpt>
      <trkpt lat="44.1537" lon="-73.6533">
        <ele>626.23</ele>
        <time>2026-07-05T12:20:10Z</time>
      </trkpt>
      <trkpt lat="44.15371" lon="-73.6533">
        <ele>626.13</ele>
        <time>2026-07-05T12:20:22Z</time>
      </trkpt>
      <trkpt lat="44.15371" lon="-73.6533">
        <ele>626.13</ele>
        <time>2026-07-05T12:20:24Z</time>
      </trkpt>
      <trkpt lat="44.1537" lon="-73.65327">
        <ele>624.59</ele>
        <time>2026-07-05T12:20:38Z</time>
      </trkpt>
      <trkpt lat="44.1537" lon="-73.65328">
        <ele>625.14</ele>
        <time>2026-07-05T12:20:39Z</time>
      </trkpt>
      <trkpt lat="44.15368" lon="-73.65335">
        <ele>629.16</ele>
        <time>2026-07-05T12:20:45Z</time>
      </trkpt>
      <trkpt lat="44.15366" lon="-73.65339">
        <ele>631.53</ele>
        <time>2026-07-05T12:20:49Z</time>
      </trkpt>
      <trkpt lat="44.15363" lon="-73.65344">
        <ele>634.4</ele>
        <time>2026-07-05T12:20:55Z</time>
      </trkpt>
      <trkpt lat="44.15363" lon="-73.65343">
        <ele>633.97</ele>
        <time>2026-07-05T12:20:57Z</time>
      </trkpt>
      <trkpt lat="44.15361" lon="-73.65345">
        <ele>635.04</ele>
        <time>2026-07-05T12:21:00Z</time>
      </trkpt>
      <trkpt lat="44.1536" lon="-73.65348">
        <ele>636.34</ele>
        <time>2026-07-05T12:21:04Z</time>
      </trkpt>
      <trkpt lat="44.15358" lon="-73.65348">
        <ele>636.34</ele>
        <time>2026-07-05T12:21:07Z</time>
      </trkpt>
      <trkpt lat="44.15356" lon="-73.6535">
        <ele>637.2</ele>
        <time>2026-07-05T12:21:12Z</time>
      </trkpt>
      <trkpt lat="44.15354" lon="-73.65352">
        <ele>638.06</ele>
        <time>2026-07-05T12:21:17Z</time>
      </trkpt>
      <trkpt lat="44.15352" lon="-73.65353">
        <ele>638.5</ele>
        <time>2026-07-05T12:21:20Z</time>
      </trkpt>
      <trkpt lat="44.1535" lon="-73.65354">
        <ele>638.93</ele>
        <time>2026-07-05T12:21:25Z</time>
      </trkpt>
      <trkpt lat="44.15347" lon="-73.65355">
        <ele>639.36</ele>
        <time>2026-07-05T12:21:29Z</time>
      </trkpt>
      <trkpt lat="44.15346" lon="-73.65356">
        <ele>639.79</ele>
        <time>2026-07-05T12:21:31Z</time>
      </trkpt>
      <trkpt lat="44.15344" lon="-73.65357">
        <ele>640.22</ele>
        <time>2026-07-05T12:21:34Z</time>
      </trkpt>
      <trkpt lat="44.15343" lon="-73.65357">
        <ele>640.22</ele>
        <time>2026-07-05T12:21:39Z</time>
      </trkpt>
      <trkpt lat="44.15342" lon="-73.65358">
        <ele>640.57</ele>
        <time>2026-07-05T12:21:40Z</time>
      </trkpt>
      <trkpt lat="44.15339" lon="-73.65362">
        <ele>642.03</ele>
        <time>2026-07-05T12:21:47Z</time>
      </trkpt>
      <trkpt lat="44.15338" lon="-73.65365">
        <ele>643.39</ele>
        <time>2026-07-05T12:21:54Z</time>
      </trkpt>
      <trkpt lat="44.15337" lon="-73.65366">
        <ele>643.83</ele>
        <time>2026-07-05T12:21:56Z</time>
      </trkpt>
      <trkpt lat="44.15337" lon="-73.65368">
        <ele>644.82</ele>
        <time>2026-07-05T12:22:01Z</time>
      </trkpt>
      <trkpt lat="44.15336" lon="-73.65371">
        <ele>646.27</ele>
        <time>2026-07-05T12:22:05Z</time>
      </trkpt>
      <trkpt lat="44.15336" lon="-73.65371">
        <ele>646.27</ele>
        <time>2026-07-05T12:22:08Z</time>
      </trkpt>
      <trkpt lat="44.15337" lon="-73.65373">
        <ele>647.14</ele>
        <time>2026-07-05T12:22:14Z</time>
      </trkpt>
      <trkpt lat="44.15337" lon="-73.65374">
        <ele>647.57</ele>
        <time>2026-07-05T12:22:15Z</time>
      </trkpt>
      <trkpt lat="44.15336" lon="-73.65379">
        <ele>649.73</ele>
        <time>2026-07-05T12:22:23Z</time>
      </trkpt>
      <trkpt lat="44.15336" lon="-73.6538">
        <ele>650.12</ele>
        <time>2026-07-05T12:22:24Z</time>
      </trkpt>
      <trkpt lat="44.15336" lon="-73.65383">
        <ele>651.09</ele>
        <time>2026-07-05T12:22:30Z</time>
      </trkpt>
      <trkpt lat="44.15336" lon="-73.65385">
        <ele>651.74</ele>
        <time>2026-07-05T12:22:35Z</time>
      </trkpt>
      <trkpt lat="44.15336" lon="-73.65387">
        <ele>652.39</ele>
        <time>2026-07-05T12:22:37Z</time>
      </trkpt>
      <trkpt lat="44.15337" lon="-73.6539">
        <ele>653.31</ele>
        <time>2026-07-05T12:22:42Z</time>
      </trkpt>
      <trkpt lat="44.15337" lon="-73.65392">
        <ele>653.87</ele>
        <time>2026-07-05T12:22:46Z</time>
      </trkpt>
      <trkpt lat="44.15335" lon="-73.65391">
        <ele>653.64</ele>
        <time>2026-07-05T12:22:58Z</time>
      </trkpt>
      <trkpt lat="44.15335" lon="-73.6539">
        <ele>653.34</ele>
        <time>2026-07-05T12:23:02Z</time>
      </trkpt>
      <trkpt lat="44.15335" lon="-73.6539">
        <ele>653.34</ele>
        <time>2026-07-05T12:23:21Z</time>
      </trkpt>
      <trkpt lat="44.15337" lon="-73.65392">
        <ele>653.87</ele>
        <time>2026-07-05T12:23:24Z</time>
      </trkpt>
      <trkpt lat="44.15337" lon="-73.65393">
        <ele>654.16</ele>
        <time>2026-07-05T12:23:26Z</time>
      </trkpt>
      <trkpt lat="44.15336" lon="-73.65394">
        <ele>654.5</ele>
        <time>2026-07-05T12:23:29Z</time>
      </trkpt>
      <trkpt lat="44.15336" lon="-73.65394">
        <ele>654.5</ele>
        <time>2026-07-05T12:23:30Z</time>
      </trkpt>
      <trkpt lat="44.15336" lon="-73.65395">
        <ele>654.79</ele>
        <time>2026-07-05T12:23:34Z</time>
      </trkpt>
      <trkpt lat="44.15337" lon="-73.65395">
        <ele>654.72</ele>
        <time>2026-07-05T12:23:44Z</time>
      </trkpt>
      <trkpt lat="44.15336" lon="-73.65394">
        <ele>654.5</ele>
        <time>2026-07-05T12:23:56Z</time>
      </trkpt>
      <trkpt lat="44.15335" lon="-73.65394">
        <ele>654.56</ele>
        <time>2026-07-05T12:23:58Z</time>
      </trkpt>
      <trkpt lat="44.15332" lon="-73.65395">
        <ele>655.08</ele>
        <time>2026-07-05T12:24:03Z</time>
      </trkpt>
      <trkpt lat="44.15332" lon="-73.65395">
        <ele>655.08</ele>
        <time>2026-07-05T12:24:04Z</time>
      </trkpt>
      <trkpt lat="44.15332" lon="-73.65395">
        <ele>655.08</ele>
        <time>2026-07-05T12:24:05Z</time>
      </trkpt>
      <trkpt lat="44.15327" lon="-73.65398">
        <ele>656.63</ele>
        <time>2026-07-05T12:24:11Z</time>
      </trkpt>
      <trkpt lat="44.15326" lon="-73.65399">
        <ele>657.07</ele>
        <time>2026-07-05T12:24:12Z</time>
      </trkpt>
      <trkpt lat="44.15321" lon="-73.65401">
        <ele>657.46</ele>
        <time>2026-07-05T12:24:18Z</time>
      </trkpt>
      <trkpt lat="44.15319" lon="-73.65402">
        <ele>657.61</ele>
        <time>2026-07-05T12:24:21Z</time>
      </trkpt>
      <trkpt lat="44.15314" lon="-73.65405">
        <ele>658.44</ele>
        <time>2026-07-05T12:24:31Z</time>
      </trkpt>
      <trkpt lat="44.15311" lon="-73.65407">
        <ele>658.54</ele>
        <time>2026-07-05T12:24:35Z</time>
      </trkpt>
      <trkpt lat="44.15309" lon="-73.65409">
        <ele>658.78</ele>
        <time>2026-07-05T12:24:38Z</time>
      </trkpt>
      <trkpt lat="44.15304" lon="-73.65411">
        <ele>657.93</ele>
        <time>2026-07-05T12:24:45Z</time>
      </trkpt>
      <trkpt lat="44.15304" lon="-73.65412">
        <ele>658.47</ele>
        <time>2026-07-05T12:24:50Z</time>
      </trkpt>
      <trkpt lat="44.15305" lon="-73.65412">
        <ele>659.12</ele>
        <time>2026-07-05T12:24:55Z</time>
      </trkpt>
      <trkpt lat="44.15305" lon="-73.65412">
        <ele>659.12</ele>
        <time>2026-07-05T12:24:57Z</time>
      </trkpt>
      <trkpt lat="44.15305" lon="-73.65409">
        <ele>657.5</ele>
        <time>2026-07-05T12:25:06Z</time>
      </trkpt>
      <trkpt lat="44.15305" lon="-73.65409">
        <ele>657.5</ele>
        <time>2026-07-05T12:25:14Z</time>
      </trkpt>
      <trkpt lat="44.15304" lon="-73.65411">
        <ele>657.93</ele>
        <time>2026-07-05T12:25:50Z</time>
      </trkpt>
      <trkpt lat="44.15305" lon="-73.65412">
        <ele>659.12</ele>
        <time>2026-07-05T12:26:04Z</time>
      </trkpt>
      <trkpt lat="44.15303" lon="-73.65413">
        <ele>658.36</ele>
        <time>2026-07-05T12:26:49Z</time>
      </trkpt>
      <trkpt lat="44.15304" lon="-73.65412">
        <ele>658.47</ele>
        <time>2026-07-05T12:26:55Z</time>
      </trkpt>
      <trkpt lat="44.15305" lon="-73.65413">
        <ele>659.66</ele>
        <time>2026-07-05T12:27:04Z</time>
      </trkpt>
      <trkpt lat="44.15305" lon="-73.65412">
        <ele>659.12</ele>
        <time>2026-07-05T12:27:05Z</time>
      </trkpt>
      <trkpt lat="44.15305" lon="-73.65411">
        <ele>658.58</ele>
        <time>2026-07-05T12:27:09Z</time>
      </trkpt>
      <trkpt lat="44.15305" lon="-73.65411">
        <ele>658.58</ele>
        <time>2026-07-05T12:27:11Z</time>
      </trkpt>
      <trkpt lat="44.15303" lon="-73.65414">
        <ele>658.9</ele>
        <time>2026-07-05T12:27:22Z</time>
      </trkpt>
      <trkpt lat="44.15303" lon="-73.65422">
        <ele>661.65</ele>
        <time>2026-07-05T12:27:31Z</time>
      </trkpt>
      <trkpt lat="44.15303" lon="-73.65425">
        <ele>662.39</ele>
        <time>2026-07-05T12:27:35Z</time>
      </trkpt>
      <trkpt lat="44.15301" lon="-73.65429">
        <ele>662.03</ele>
        <time>2026-07-05T12:27:40Z</time>
      </trkpt>
      <trkpt lat="44.15299" lon="-73.65432">
        <ele>661.85</ele>
        <time>2026-07-05T12:27:43Z</time>
      </trkpt>
      <trkpt lat="44.15298" lon="-73.6544">
        <ele>662.89</ele>
        <time>2026-07-05T12:27:50Z</time>
      </trkpt>
      <trkpt lat="44.15298" lon="-73.65444">
        <ele>663.32</ele>
        <time>2026-07-05T12:27:54Z</time>
      </trkpt>
      <trkpt lat="44.15298" lon="-73.65448">
        <ele>663.75</ele>
        <time>2026-07-05T12:27:58Z</time>
      </trkpt>
      <trkpt lat="44.15299" lon="-73.65452">
        <ele>664.4</ele>
        <time>2026-07-05T12:28:03Z</time>
      </trkpt>
      <trkpt lat="44.15297" lon="-73.65456">
        <ele>664.15</ele>
        <time>2026-07-05T12:28:08Z</time>
      </trkpt>
      <trkpt lat="44.15298" lon="-73.65459">
        <ele>664.37</ele>
        <time>2026-07-05T12:28:13Z</time>
      </trkpt>
      <trkpt lat="44.15298" lon="-73.65461">
        <ele>664.37</ele>
        <time>2026-07-05T12:28:15Z</time>
      </trkpt>
      <trkpt lat="44.15298" lon="-73.65461">
        <ele>664.37</ele>
        <time>2026-07-05T12:28:16Z</time>
      </trkpt>
      <trkpt lat="44.15298" lon="-73.65463">
        <ele>664.37</ele>
        <time>2026-07-05T12:28:18Z</time>
      </trkpt>
      <trkpt lat="44.15297" lon="-73.65468">
        <ele>664.19</ele>
        <time>2026-07-05T12:28:22Z</time>
      </trkpt>
      <trkpt lat="44.15296" lon="-73.65469">
        <ele>663.76</ele>
        <time>2026-07-05T12:28:23Z</time>
      </trkpt>
      <trkpt lat="44.15296" lon="-73.65474">
        <ele>663.78</ele>
        <time>2026-07-05T12:28:28Z</time>
      </trkpt>
      <trkpt lat="44.15297" lon="-73.65478">
        <ele>664.28</ele>
        <time>2026-07-05T12:28:32Z</time>
      </trkpt>
      <trkpt lat="44.15299" lon="-73.65485">
        <ele>665.55</ele>
        <time>2026-07-05T12:28:39Z</time>
      </trkpt>
      <trkpt lat="44.15302" lon="-73.65486">
        <ele>666.95</ele>
        <time>2026-07-05T12:28:45Z</time>
      </trkpt>
      <trkpt lat="44.15302" lon="-73.65487">
        <ele>667.06</ele>
        <time>2026-07-05T12:28:48Z</time>
      </trkpt>
      <trkpt lat="44.15304" lon="-73.65489">
        <ele>668.14</ele>
        <time>2026-07-05T12:28:53Z</time>
      </trkpt>
      <trkpt lat="44.15304" lon="-73.6549">
        <ele>668.25</ele>
        <time>2026-07-05T12:28:54Z</time>
      </trkpt>
      <trkpt lat="44.15305" lon="-73.65491">
        <ele>668.81</ele>
        <time>2026-07-05T12:28:57Z</time>
      </trkpt>
      <trkpt lat="44.15307" lon="-73.65493">
        <ele>669.99</ele>
        <time>2026-07-05T12:29:02Z</time>
      </trkpt>
      <trkpt lat="44.15308" lon="-73.65493">
        <ele>670.34</ele>
        <time>2026-07-05T12:29:05Z</time>
      </trkpt>
      <trkpt lat="44.1531" lon="-73.65493">
        <ele>671.05</ele>
        <time>2026-07-05T12:29:09Z</time>
      </trkpt>
      <trkpt lat="44.15313" lon="-73.6549">
        <ele>671.27</ele>
        <time>2026-07-05T12:29:15Z</time>
      </trkpt>
      <trkpt lat="44.15314" lon="-73.65491">
        <ele>671.82</ele>
        <time>2026-07-05T12:29:17Z</time>
      </trkpt>
      <trkpt lat="44.15316" lon="-73.65492">
        <ele>672.68</ele>
        <time>2026-07-05T12:29:24Z</time>
      </trkpt>
      <trkpt lat="44.15319" lon="-73.6549">
        <ele>672.74</ele>
        <time>2026-07-05T12:29:31Z</time>
      </trkpt>
      <trkpt lat="44.1532" lon="-73.65491">
        <ele>673.22</ele>
        <time>2026-07-05T12:29:34Z</time>
      </trkpt>
      <trkpt lat="44.15318" lon="-73.65492">
        <ele>673.14</ele>
        <time>2026-07-05T12:29:39Z</time>
      </trkpt>
      <trkpt lat="44.15316" lon="-73.65494">
        <ele>673.36</ele>
        <time>2026-07-05T12:29:44Z</time>
      </trkpt>
      <trkpt lat="44.15316" lon="-73.65495">
        <ele>673.69</ele>
        <time>2026-07-05T12:29:46Z</time>
      </trkpt>
      <trkpt lat="44.15316" lon="-73.65498">
        <ele>674.71</ele>
        <time>2026-07-05T12:29:52Z</time>
      </trkpt>
      <trkpt lat="44.15316" lon="-73.65501">
        <ele>675.6</ele>
        <time>2026-07-05T12:29:55Z</time>
      </trkpt>
      <trkpt lat="44.15316" lon="-73.65505">
        <ele>676.46</ele>
        <time>2026-07-05T12:29:59Z</time>
      </trkpt>
      <trkpt lat="44.15315" lon="-73.65508">
        <ele>676.79</ele>
        <time>2026-07-05T12:30:03Z</time>
      </trkpt>
      <trkpt lat="44.15316" lon="-73.6551">
        <ele>677.54</ele>
        <time>2026-07-05T12:30:06Z</time>
      </trkpt>
      <trkpt lat="44.15316" lon="-73.65511">
        <ele>677.76</ele>
        <time>2026-07-05T12:30:11Z</time>
      </trkpt>
      <trkpt lat="44.15314" lon="-73.65517">
        <ele>678.25</ele>
        <time>2026-07-05T12:30:19Z</time>
      </trkpt>
      <trkpt lat="44.15315" lon="-73.65521">
        <ele>679.59</ele>
        <time>2026-07-05T12:30:23Z</time>
      </trkpt>
      <trkpt lat="44.15316" lon="-73.65524">
        <ele>680.49</ele>
        <time>2026-07-05T12:30:27Z</time>
      </trkpt>
      <trkpt lat="44.15316" lon="-73.65527">
        <ele>681.1</ele>
        <time>2026-07-05T12:30:30Z</time>
      </trkpt>
      <trkpt lat="44.15317" lon="-73.65531">
        <ele>681.9</ele>
        <time>2026-07-05T12:30:35Z</time>
      </trkpt>
      <trkpt lat="44.15318" lon="-73.65534">
        <ele>682.59</ele>
        <time>2026-07-05T12:30:39Z</time>
      </trkpt>
      <trkpt lat="44.15317" lon="-73.65536">
        <ele>682.57</ele>
        <time>2026-07-05T12:30:43Z</time>
      </trkpt>
      <trkpt lat="44.15314" lon="-73.65541">
        <ele>682.42</ele>
        <time>2026-07-05T12:30:50Z</time>
      </trkpt>
      <trkpt lat="44.15313" lon="-73.65542">
        <ele>682.09</ele>
        <time>2026-07-05T12:30:51Z</time>
      </trkpt>
      <trkpt lat="44.1531" lon="-73.65547">
        <ele>681.51</ele>
        <time>2026-07-05T12:30:58Z</time>
      </trkpt>
      <trkpt lat="44.15309" lon="-73.65547">
        <ele>680.96</ele>
        <time>2026-07-05T12:30:59Z</time>
      </trkpt>
      <trkpt lat="44.15307" lon="-73.65551">
        <ele>680.37</ele>
        <time>2026-07-05T12:31:05Z</time>
      </trkpt>
      <trkpt lat="44.15306" lon="-73.65552">
        <ele>679.89</ele>
        <time>2026-07-05T12:31:07Z</time>
      </trkpt>
      <trkpt lat="44.15306" lon="-73.65551">
        <ele>679.77</ele>
        <time>2026-07-05T12:31:13Z</time>
      </trkpt>
      <trkpt lat="44.15306" lon="-73.65556">
        <ele>680.34</ele>
        <time>2026-07-05T12:31:22Z</time>
      </trkpt>
      <trkpt lat="44.15306" lon="-73.6556">
        <ele>680.79</ele>
        <time>2026-07-05T12:31:27Z</time>
      </trkpt>
      <trkpt lat="44.15305" lon="-73.65562">
        <ele>680.28</ele>
        <time>2026-07-05T12:31:30Z</time>
      </trkpt>
      <trkpt lat="44.15306" lon="-73.65564">
        <ele>681.24</ele>
        <time>2026-07-05T12:31:33Z</time>
      </trkpt>
      <trkpt lat="44.15308" lon="-73.65568">
        <ele>683.63</ele>
        <time>2026-07-05T12:31:38Z</time>
      </trkpt>
      <trkpt lat="44.15307" lon="-73.65573">
        <ele>684.0</ele>
        <time>2026-07-05T12:31:45Z</time>
      </trkpt>
      <trkpt lat="44.15307" lon="-73.65574">
        <ele>684.23</ele>
        <time>2026-07-05T12:31:47Z</time>
      </trkpt>
      <trkpt lat="44.15307" lon="-73.6558">
        <ele>685.43</ele>
        <time>2026-07-05T12:31:53Z</time>
      </trkpt>
      <trkpt lat="44.15307" lon="-73.65581">
        <ele>685.63</ele>
        <time>2026-07-05T12:31:59Z</time>
      </trkpt>
      <trkpt lat="44.15308" lon="-73.65588">
        <ele>687.35</ele>
        <time>2026-07-05T12:32:06Z</time>
      </trkpt>
      <trkpt lat="44.15308" lon="-73.65593">
        <ele>687.88</ele>
        <time>2026-07-05T12:32:10Z</time>
      </trkpt>
      <trkpt lat="44.15307" lon="-73.65597">
        <ele>687.49</ele>
        <time>2026-07-05T12:32:14Z</time>
      </trkpt>
      <trkpt lat="44.15307" lon="-73.65604">
        <ele>688.13</ele>
        <time>2026-07-05T12:32:20Z</time>
      </trkpt>
      <trkpt lat="44.15311" lon="-73.65614">
        <ele>691.07</ele>
        <time>2026-07-05T12:32:28Z</time>
      </trkpt>
      <trkpt lat="44.15317" lon="-73.65621">
        <ele>693.29</ele>
        <time>2026-07-05T12:32:37Z</time>
      </trkpt>
      <trkpt lat="44.15322" lon="-73.65625">
        <ele>693.89</ele>
        <time>2026-07-05T12:32:45Z</time>
      </trkpt>
      <trkpt lat="44.15324" lon="-73.65628">
        <ele>694.0</ele>
        <time>2026-07-05T12:32:49Z</time>
      </trkpt>
      <trkpt lat="44.15325" lon="-73.65629">
        <ele>693.7</ele>
        <time>2026-07-05T12:32:53Z</time>
      </trkpt>
      <trkpt lat="44.15325" lon="-73.65631">
        <ele>693.71</ele>
        <time>2026-07-05T12:32:57Z</time>
      </trkpt>
      <trkpt lat="44.15327" lon="-73.65636">
        <ele>693.27</ele>
        <time>2026-07-05T12:33:01Z</time>
      </trkpt>
      <trkpt lat="44.15327" lon="-73.65637">
        <ele>693.3</ele>
        <time>2026-07-05T12:33:02Z</time>
      </trkpt>
      <trkpt lat="44.15328" lon="-73.65638">
        <ele>693.11</ele>
        <time>2026-07-05T12:33:03Z</time>
      </trkpt>
      <trkpt lat="44.15334" lon="-73.6564">
        <ele>691.72</ele>
        <time>2026-07-05T12:33:10Z</time>
      </trkpt>
      <trkpt lat="44.1534" lon="-73.65643">
        <ele>689.44</ele>
        <time>2026-07-05T12:33:19Z</time>
      </trkpt>
      <trkpt lat="44.1534" lon="-73.65644">
        <ele>689.52</ele>
        <time>2026-07-05T12:33:20Z</time>
      </trkpt>
      <trkpt lat="44.15345" lon="-73.65645">
        <ele>687.62</ele>
        <time>2026-07-05T12:33:26Z</time>
      </trkpt>
      <trkpt lat="44.15347" lon="-73.65646">
        <ele>686.86</ele>
        <time>2026-07-05T12:33:29Z</time>
      </trkpt>
      <trkpt lat="44.15354" lon="-73.65651">
        <ele>684.92</ele>
        <time>2026-07-05T12:33:38Z</time>
      </trkpt>
      <trkpt lat="44.15359" lon="-73.65656">
        <ele>683.8</ele>
        <time>2026-07-05T12:33:47Z</time>
      </trkpt>
      <trkpt lat="44.15362" lon="-73.65657">
        <ele>682.53</ele>
        <time>2026-07-05T12:33:51Z</time>
      </trkpt>
      <trkpt lat="44.15364" lon="-73.65659">
        <ele>682.1</ele>
        <time>2026-07-05T12:33:54Z</time>
      </trkpt>
      <trkpt lat="44.15366" lon="-73.65662">
        <ele>681.88</ele>
        <time>2026-07-05T12:33:58Z</time>
      </trkpt>
      <trkpt lat="44.15371" lon="-73.65666">
        <ele>680.59</ele>
        <time>2026-07-05T12:34:04Z</time>
      </trkpt>
      <trkpt lat="44.15375" lon="-73.65673">
        <ele>679.68</ele>
        <time>2026-07-05T12:34:11Z</time>
      </trkpt>
      <trkpt lat="44.1538" lon="-73.65681">
        <ele>678.41</ele>
        <time>2026-07-05T12:34:18Z</time>
      </trkpt>
      <trkpt lat="44.15381" lon="-73.65683">
        <ele>678.21</ele>
        <time>2026-07-05T12:34:21Z</time>
      </trkpt>
      <trkpt lat="44.15386" lon="-73.65688">
        <ele>676.25</ele>
        <time>2026-07-05T12:34:28Z</time>
      </trkpt>
      <trkpt lat="44.15387" lon="-73.65688">
        <ele>675.82</ele>
        <time>2026-07-05T12:34:31Z</time>
      </trkpt>
      <trkpt lat="44.15388" lon="-73.65689">
        <ele>675.38</ele>
        <time>2026-07-05T12:34:34Z</time>
      </trkpt>
      <trkpt lat="44.15389" lon="-73.65691">
        <ele>674.95</ele>
        <time>2026-07-05T12:34:37Z</time>
      </trkpt>
      <trkpt lat="44.15391" lon="-73.65692">
        <ele>674.09</ele>
        <time>2026-07-05T12:34:40Z</time>
      </trkpt>
      <trkpt lat="44.15392" lon="-73.65694">
        <ele>673.66</ele>
        <time>2026-07-05T12:34:42Z</time>
      </trkpt>
      <trkpt lat="44.15394" lon="-73.65696">
        <ele>672.72</ele>
        <time>2026-07-05T12:34:45Z</time>
      </trkpt>
      <trkpt lat="44.15396" lon="-73.65699">
        <ele>671.81</ele>
        <time>2026-07-05T12:34:47Z</time>
      </trkpt>
      <trkpt lat="44.15398" lon="-73.65699">
        <ele>671.06</ele>
        <time>2026-07-05T12:34:51Z</time>
      </trkpt>
      <trkpt lat="44.15399" lon="-73.65698">
        <ele>670.82</ele>
        <time>2026-07-05T12:34:55Z</time>
      </trkpt>
      <trkpt lat="44.15401" lon="-73.65697">
        <ele>670.38</ele>
        <time>2026-07-05T12:34:58Z</time>
      </trkpt>
      <trkpt lat="44.15403" lon="-73.65693">
        <ele>669.95</ele>
        <time>2026-07-05T12:35:04Z</time>
      </trkpt>
      <trkpt lat="44.15404" lon="-73.65691">
        <ele>669.74</ele>
        <time>2026-07-05T12:35:07Z</time>
      </trkpt>
      <trkpt lat="44.15406" lon="-73.65689">
        <ele>669.3</ele>
        <time>2026-07-05T12:35:13Z</time>
      </trkpt>
      <trkpt lat="44.15406" lon="-73.65688">
        <ele>669.3</ele>
        <time>2026-07-05T12:35:14Z</time>
      </trkpt>
      <trkpt lat="44.15408" lon="-73.65683">
        <ele>668.57</ele>
        <time>2026-07-05T12:35:21Z</time>
      </trkpt>
      <trkpt lat="44.15408" lon="-73.65681">
        <ele>668.36</ele>
        <time>2026-07-05T12:35:24Z</time>
      </trkpt>
      <trkpt lat="44.15408" lon="-73.6568">
        <ele>668.25</ele>
        <time>2026-07-05T12:35:26Z</time>
      </trkpt>
      <trkpt lat="44.15411" lon="-73.65676">
        <ele>666.84</ele>
        <time>2026-07-05T12:35:33Z</time>
      </trkpt>
      <trkpt lat="44.15413" lon="-73.65675">
        <ele>666.19</ele>
        <time>2026-07-05T12:35:35Z</time>
      </trkpt>
      <trkpt lat="44.15417" lon="-73.65673">
        <ele>664.92</ele>
        <time>2026-07-05T12:35:42Z</time>
      </trkpt>
      <trkpt lat="44.15418" lon="-73.65673">
        <ele>664.67</ele>
        <time>2026-07-05T12:35:43Z</time>
      </trkpt>
      <trkpt lat="44.15421" lon="-73.65675">
        <ele>664.02</ele>
        <time>2026-07-05T12:35:49Z</time>
      </trkpt>
      <trkpt lat="44.15423" lon="-73.65675">
        <ele>663.56</ele>
        <time>2026-07-05T12:35:52Z</time>
      </trkpt>
      <trkpt lat="44.15427" lon="-73.65675">
        <ele>662.77</ele>
        <time>2026-07-05T12:35:56Z</time>
      </trkpt>
      <trkpt lat="44.15431" lon="-73.65676">
        <ele>662.46</ele>
        <time>2026-07-05T12:36:00Z</time>
      </trkpt>
      <trkpt lat="44.15433" lon="-73.65677">
        <ele>662.35</ele>
        <time>2026-07-05T12:36:02Z</time>
      </trkpt>
      <trkpt lat="44.1544" lon="-73.65678">
        <ele>661.3</ele>
        <time>2026-07-05T12:36:08Z</time>
      </trkpt>
      <trkpt lat="44.15444" lon="-73.65678">
        <ele>660.53</ele>
        <time>2026-07-05T12:36:11Z</time>
      </trkpt>
      <trkpt lat="44.15446" lon="-73.65681">
        <ele>660.85</ele>
        <time>2026-07-05T12:36:14Z</time>
      </trkpt>
      <trkpt lat="44.15448" lon="-73.65689">
        <ele>662.03</ele>
        <time>2026-07-05T12:36:21Z</time>
      </trkpt>
      <trkpt lat="44.15447" lon="-73.65693">
        <ele>662.57</ele>
        <time>2026-07-05T12:36:26Z</time>
      </trkpt>
      <trkpt lat="44.15447" lon="-73.65695">
        <ele>662.8</ele>
        <time>2026-07-05T12:36:29Z</time>
      </trkpt>
      <trkpt lat="44.15447" lon="-73.65695">
        <ele>662.8</ele>
        <time>2026-07-05T12:36:30Z</time>
      </trkpt>
      <trkpt lat="44.15446" lon="-73.65696">
        <ele>663.03</ele>
        <time>2026-07-05T12:36:31Z</time>
      </trkpt>
      <trkpt lat="44.15445" lon="-73.65698">
        <ele>663.35</ele>
        <time>2026-07-05T12:36:33Z</time>
      </trkpt>
      <trkpt lat="44.15444" lon="-73.65699">
        <ele>663.54</ele>
        <time>2026-07-05T12:36:35Z</time>
      </trkpt>
      <trkpt lat="44.15443" lon="-73.65701">
        <ele>663.86</ele>
        <time>2026-07-05T12:36:38Z</time>
      </trkpt>
      <trkpt lat="44.15442" lon="-73.65702">
        <ele>664.08</ele>
        <time>2026-07-05T12:36:40Z</time>
      </trkpt>
      <trkpt lat="44.1544" lon="-73.65704">
        <ele>664.53</ele>
        <time>2026-07-05T12:36:43Z</time>
      </trkpt>
      <trkpt lat="44.15439" lon="-73.65706">
        <ele>664.94</ele>
        <time>2026-07-05T12:36:46Z</time>
      </trkpt>
      <trkpt lat="44.15439" lon="-73.65707">
        <ele>665.09</ele>
        <time>2026-07-05T12:36:47Z</time>
      </trkpt>
      <trkpt lat="44.15439" lon="-73.65711">
        <ele>665.7</ele>
        <time>2026-07-05T12:36:50Z</time>
      </trkpt>
      <trkpt lat="44.15439" lon="-73.65713">
        <ele>666.0</ele>
        <time>2026-07-05T12:36:53Z</time>
      </trkpt>
      <trkpt lat="44.1544" lon="-73.65716">
        <ele>666.17</ele>
        <time>2026-07-05T12:36:56Z</time>
      </trkpt>
      <trkpt lat="44.1544" lon="-73.65717">
        <ele>666.23</ele>
        <time>2026-07-05T12:36:57Z</time>
      </trkpt>
      <trkpt lat="44.15441" lon="-73.6572">
        <ele>666.48</ele>
        <time>2026-07-05T12:37:00Z</time>
      </trkpt>
      <trkpt lat="44.15441" lon="-73.65722">
        <ele>666.61</ele>
        <time>2026-07-05T12:37:03Z</time>
      </trkpt>
      <trkpt lat="44.15442" lon="-73.65724">
        <ele>666.93</ele>
        <time>2026-07-05T12:37:05Z</time>
      </trkpt>
      <trkpt lat="44.15442" lon="-73.65725">
        <ele>667.04</ele>
        <time>2026-07-05T12:37:06Z</time>
      </trkpt>
      <trkpt lat="44.15444" lon="-73.65728">
        <ele>667.58</ele>
        <time>2026-07-05T12:37:15Z</time>
      </trkpt>
      <trkpt lat="44.15444" lon="-73.6573">
        <ele>667.79</ele>
        <time>2026-07-05T12:37:20Z</time>
      </trkpt>
      <trkpt lat="44.15444" lon="-73.65733">
        <ele>668.12</ele>
        <time>2026-07-05T12:37:24Z</time>
      </trkpt>
      <trkpt lat="44.15443" lon="-73.65734">
        <ele>668.12</ele>
        <time>2026-07-05T12:37:26Z</time>
      </trkpt>
      <trkpt lat="44.15444" lon="-73.65737">
        <ele>668.55</ele>
        <time>2026-07-05T12:37:31Z</time>
      </trkpt>
      <trkpt lat="44.15444" lon="-73.65738">
        <ele>668.66</ele>
        <time>2026-07-05T12:37:32Z</time>
      </trkpt>
      <trkpt lat="44.15447" lon="-73.65741">
        <ele>669.34</ele>
        <time>2026-07-05T12:37:39Z</time>
      </trkpt>
      <trkpt lat="44.15448" lon="-73.65741">
        <ele>669.45</ele>
        <time>2026-07-05T12:37:42Z</time>
      </trkpt>
      <trkpt lat="44.1545" lon="-73.65741">
        <ele>669.67</ele>
        <time>2026-07-05T12:37:45Z</time>
      </trkpt>
      <trkpt lat="44.15451" lon="-73.65742">
        <ele>670.08</ele>
        <time>2026-07-05T12:37:50Z</time>
      </trkpt>
      <trkpt lat="44.15452" lon="-73.65744">
        <ele>670.81</ele>
        <time>2026-07-05T12:37:53Z</time>
      </trkpt>
      <trkpt lat="44.15453" lon="-73.65745">
        <ele>671.27</ele>
        <time>2026-07-05T12:37:55Z</time>
      </trkpt>
      <trkpt lat="44.15452" lon="-73.65745">
        <ele>671.11</ele>
        <time>2026-07-05T12:37:58Z</time>
      </trkpt>
      <trkpt lat="44.15452" lon="-73.65745">
        <ele>671.11</ele>
        <time>2026-07-05T12:38:01Z</time>
      </trkpt>
      <trkpt lat="44.15453" lon="-73.65746">
        <ele>671.58</ele>
        <time>2026-07-05T12:38:11Z</time>
      </trkpt>
      <trkpt lat="44.15454" lon="-73.65746">
        <ele>671.74</ele>
        <time>2026-07-05T12:38:12Z</time>
      </trkpt>
      <trkpt lat="44.15456" lon="-73.65748">
        <ele>672.6</ele>
        <time>2026-07-05T12:38:16Z</time>
      </trkpt>
      <trkpt lat="44.15456" lon="-73.65748">
        <ele>672.6</ele>
        <time>2026-07-05T12:38:19Z</time>
      </trkpt>
      <trkpt lat="44.15456" lon="-73.65748">
        <ele>672.6</ele>
        <time>2026-07-05T12:38:20Z</time>
      </trkpt>
      <trkpt lat="44.15456" lon="-73.6575">
        <ele>673.25</ele>
        <time>2026-07-05T12:38:26Z</time>
      </trkpt>
      <trkpt lat="44.15456" lon="-73.65752">
        <ele>673.9</ele>
        <time>2026-07-05T12:38:29Z</time>
      </trkpt>
      <trkpt lat="44.15456" lon="-73.65752">
        <ele>673.9</ele>
        <time>2026-07-05T12:38:31Z</time>
      </trkpt>
      <trkpt lat="44.15455" lon="-73.65753">
        <ele>674.11</ele>
        <time>2026-07-05T12:38:37Z</time>
      </trkpt>
      <trkpt lat="44.15455" lon="-73.65754">
        <ele>674.44</ele>
        <time>2026-07-05T12:38:39Z</time>
      </trkpt>
      <trkpt lat="44.15453" lon="-73.65756">
        <ele>674.79</ele>
        <time>2026-07-05T12:38:44Z</time>
      </trkpt>
      <trkpt lat="44.15453" lon="-73.65757">
        <ele>675.12</ele>
        <time>2026-07-05T12:38:45Z</time>
      </trkpt>
      <trkpt lat="44.15452" lon="-73.65759">
        <ele>675.55</ele>
        <time>2026-07-05T12:38:49Z</time>
      </trkpt>
      <trkpt lat="44.1545" lon="-73.65762">
        <ele>675.91</ele>
        <time>2026-07-05T12:38:54Z</time>
      </trkpt>
      <trkpt lat="44.15449" lon="-73.65763">
        <ele>676.0</ele>
        <time>2026-07-05T12:38:55Z</time>
      </trkpt>
      <trkpt lat="44.15447" lon="-73.65766">
        <ele>676.54</ele>
        <time>2026-07-05T12:39:00Z</time>
      </trkpt>
      <trkpt lat="44.15446" lon="-73.65767">
        <ele>676.7</ele>
        <time>2026-07-05T12:39:02Z</time>
      </trkpt>
      <trkpt lat="44.15445" lon="-73.65767">
        <ele>676.58</ele>
        <time>2026-07-05T12:39:03Z</time>
      </trkpt>
      <trkpt lat="44.15445" lon="-73.65768">
        <ele>676.9</ele>
        <time>2026-07-05T12:39:04Z</time>
      </trkpt>
      <trkpt lat="44.15445" lon="-73.65769">
        <ele>677.17</ele>
        <time>2026-07-05T12:39:05Z</time>
      </trkpt>
      <trkpt lat="44.15444" lon="-73.6577">
        <ele>677.18</ele>
        <time>2026-07-05T12:39:10Z</time>
      </trkpt>
      <trkpt lat="44.15441" lon="-73.65773">
        <ele>677.03</ele>
        <time>2026-07-05T12:39:24Z</time>
      </trkpt>
      <trkpt lat="44.15441" lon="-73.65771">
        <ele>676.52</ele>
        <time>2026-07-05T12:39:33Z</time>
      </trkpt>
      <trkpt lat="44.15441" lon="-73.65772">
        <ele>676.78</ele>
        <time>2026-07-05T12:39:35Z</time>
      </trkpt>
      <trkpt lat="44.1544" lon="-73.65773">
        <ele>676.76</ele>
        <time>2026-07-05T12:39:37Z</time>
      </trkpt>
      <trkpt lat="44.1544" lon="-73.65774">
        <ele>677.03</ele>
        <time>2026-07-05T12:39:40Z</time>
      </trkpt>
      <trkpt lat="44.15437" lon="-73.65778">
        <ele>677.46</ele>
        <time>2026-07-05T12:39:46Z</time>
      </trkpt>
      <trkpt lat="44.15432" lon="-73.65782">
        <ele>677.18</ele>
        <time>2026-07-05T12:39:54Z</time>
      </trkpt>
      <trkpt lat="44.15428" lon="-73.65787">
        <ele>676.89</ele>
        <time>2026-07-05T12:40:01Z</time>
      </trkpt>
      <trkpt lat="44.15428" lon="-73.65787">
        <ele>676.89</ele>
        <time>2026-07-05T12:40:02Z</time>
      </trkpt>
      <trkpt lat="44.15429" lon="-73.65787">
        <ele>677.32</ele>
        <time>2026-07-05T12:40:11Z</time>
      </trkpt>
      <trkpt lat="44.15428" lon="-73.65788">
        <ele>677.18</ele>
        <time>2026-07-05T12:40:15Z</time>
      </trkpt>
      <trkpt lat="44.15426" lon="-73.65789">
        <ele>676.67</ele>
        <time>2026-07-05T12:40:19Z</time>
      </trkpt>
      <trkpt lat="44.15422" lon="-73.65791">
        <ele>675.59</ele>
        <time>2026-07-05T12:40:25Z</time>
      </trkpt>
      <trkpt lat="44.15419" lon="-73.65794">
        <ele>675.26</ele>
        <time>2026-07-05T12:40:31Z</time>
      </trkpt>
      <trkpt lat="44.15419" lon="-73.65795">
        <ele>675.59</ele>
        <time>2026-07-05T12:40:33Z</time>
      </trkpt>
      <trkpt lat="44.15417" lon="-73.658">
        <ele>675.96</ele>
        <time>2026-07-05T12:40:39Z</time>
      </trkpt>
      <trkpt lat="44.15417" lon="-73.65801">
        <ele>676.18</ele>
        <time>2026-07-05T12:40:40Z</time>
      </trkpt>
      <trkpt lat="44.15416" lon="-73.65803">
        <ele>676.11</ele>
        <time>2026-07-05T12:40:47Z</time>
      </trkpt>
      <trkpt lat="44.15415" lon="-73.65804">
        <ele>675.79</ele>
        <time>2026-07-05T12:40:58Z</time>
      </trkpt>
      <trkpt lat="44.15414" lon="-73.65804">
        <ele>675.27</ele>
        <time>2026-07-05T12:40:59Z</time>
      </trkpt>
      <trkpt lat="44.15413" lon="-73.65804">
        <ele>674.75</ele>
        <time>2026-07-05T12:41:08Z</time>
      </trkpt>
      <trkpt lat="44.15414" lon="-73.65803">
        <ele>675.09</ele>
        <time>2026-07-05T12:41:30Z</time>
      </trkpt>
      <trkpt lat="44.15414" lon="-73.65805">
        <ele>675.46</ele>
        <time>2026-07-05T12:41:36Z</time>
      </trkpt>
      <trkpt lat="44.15416" lon="-73.65804">
        <ele>676.32</ele>
        <time>2026-07-05T12:41:43Z</time>
      </trkpt>
      <trkpt lat="44.15416" lon="-73.65805">
        <ele>676.52</ele>
        <time>2026-07-05T12:44:01Z</time>
      </trkpt>
      <trkpt lat="44.15415" lon="-73.65804">
        <ele>675.79</ele>
        <time>2026-07-05T12:44:05Z</time>
      </trkpt>
      <trkpt lat="44.15416" lon="-73.65804">
        <ele>676.32</ele>
        <time>2026-07-05T12:44:21Z</time>
      </trkpt>
      <trkpt lat="44.15415" lon="-73.65805">
        <ele>675.99</ele>
        <time>2026-07-05T12:45:43Z</time>
      </trkpt>
      <trkpt lat="44.15415" lon="-73.65806">
        <ele>676.2</ele>
        <time>2026-07-05T12:45:47Z</time>
      </trkpt>
      <trkpt lat="44.15415" lon="-73.65806">
        <ele>676.2</ele>
        <time>2026-07-05T12:45:49Z</time>
      </trkpt>
      <trkpt lat="44.15414" lon="-73.65805">
        <ele>675.46</ele>
        <time>2026-07-05T12:45:55Z</time>
      </trkpt>
      <trkpt lat="44.15415" lon="-73.65805">
        <ele>675.99</ele>
        <time>2026-07-05T12:46:50Z</time>
      </trkpt>
      <trkpt lat="44.15415" lon="-73.65804">
        <ele>675.79</ele>
        <time>2026-07-05T12:46:52Z</time>
      </trkpt>
      <trkpt lat="44.15415" lon="-73.65804">
        <ele>675.79</ele>
        <time>2026-07-05T12:46:56Z</time>
      </trkpt>
      <trkpt lat="44.15418" lon="-73.65805">
        <ele>677.59</ele>
        <time>2026-07-05T12:47:02Z</time>
      </trkpt>
      <trkpt lat="44.15422" lon="-73.65807">
        <ele>680.1</ele>
        <time>2026-07-05T12:47:09Z</time>
      </trkpt>
      <trkpt lat="44.15424" lon="-73.65807">
        <ele>681.15</ele>
        <time>2026-07-05T12:47:12Z</time>
      </trkpt>
      <trkpt lat="44.15429" lon="-73.65806">
        <ele>682.74</ele>
        <time>2026-07-05T12:47:17Z</time>
      </trkpt>
      <trkpt lat="44.15437" lon="-73.65804">
        <ele>684.22</ele>
        <time>2026-07-05T12:47:27Z</time>
      </trkpt>
      <trkpt lat="44.15443" lon="-73.65802">
        <ele>685.44</ele>
        <time>2026-07-05T12:47:36Z</time>
      </trkpt>
      <trkpt lat="44.15447" lon="-73.65803">
        <ele>686.52</ele>
        <time>2026-07-05T12:47:43Z</time>
      </trkpt>
      <trkpt lat="44.15448" lon="-73.65803">
        <ele>686.66</ele>
        <time>2026-07-05T12:47:44Z</time>
      </trkpt>
      <trkpt lat="44.15451" lon="-73.65804">
        <ele>687.32</ele>
        <time>2026-07-05T12:47:52Z</time>
      </trkpt>
      <trkpt lat="44.15452" lon="-73.65805">
        <ele>687.68</ele>
        <time>2026-07-05T12:47:54Z</time>
      </trkpt>
      <trkpt lat="44.15456" lon="-73.65811">
        <ele>690.01</ele>
        <time>2026-07-05T12:48:03Z</time>
      </trkpt>
      <trkpt lat="44.1546" lon="-73.65816">
        <ele>692.06</ele>
        <time>2026-07-05T12:48:12Z</time>
      </trkpt>
      <trkpt lat="44.15465" lon="-73.65824">
        <ele>694.98</ele>
        <time>2026-07-05T12:48:21Z</time>
      </trkpt>
      <trkpt lat="44.1547" lon="-73.65833">
        <ele>698.62</ele>
        <time>2026-07-05T12:48:30Z</time>
      </trkpt>
      <trkpt lat="44.15471" lon="-73.65838">
        <ele>699.88</ele>
        <time>2026-07-05T12:48:34Z</time>
      </trkpt>
      <trkpt lat="44.15471" lon="-73.6584">
        <ele>700.31</ele>
        <time>2026-07-05T12:48:37Z</time>
      </trkpt>
      <trkpt lat="44.15471" lon="-73.65842">
        <ele>700.74</ele>
        <time>2026-07-05T12:48:39Z</time>
      </trkpt>
      <trkpt lat="44.15472" lon="-73.65845">
        <ele>701.24</ele>
        <time>2026-07-05T12:48:44Z</time>
      </trkpt>
      <trkpt lat="44.15472" lon="-73.65847">
        <ele>701.46</ele>
        <time>2026-07-05T12:48:46Z</time>
      </trkpt>
      <trkpt lat="44.15473" lon="-73.65852">
        <ele>702.1</ele>
        <time>2026-07-05T12:48:51Z</time>
      </trkpt>
      <trkpt lat="44.15474" lon="-73.65853">
        <ele>702.29</ele>
        <time>2026-07-05T12:48:54Z</time>
      </trkpt>
      <trkpt lat="44.15474" lon="-73.65856">
        <ele>702.55</ele>
        <time>2026-07-05T12:48:58Z</time>
      </trkpt>
      <trkpt lat="44.15474" lon="-73.65859">
        <ele>702.82</ele>
        <time>2026-07-05T12:49:02Z</time>
      </trkpt>
      <trkpt lat="44.15474" lon="-73.6586">
        <ele>702.9</ele>
        <time>2026-07-05T12:49:03Z</time>
      </trkpt>
      <trkpt lat="44.15475" lon="-73.65862">
        <ele>702.96</ele>
        <time>2026-07-05T12:49:06Z</time>
      </trkpt>
      <trkpt lat="44.15475" lon="-73.65864">
        <ele>702.88</ele>
        <time>2026-07-05T12:49:08Z</time>
      </trkpt>
      <trkpt lat="44.15475" lon="-73.65864">
        <ele>702.88</ele>
        <time>2026-07-05T12:49:09Z</time>
      </trkpt>
      <trkpt lat="44.15476" lon="-73.65865">
        <ele>702.92</ele>
        <time>2026-07-05T12:49:13Z</time>
      </trkpt>
      <trkpt lat="44.15476" lon="-73.65866">
        <ele>702.9</ele>
        <time>2026-07-05T12:49:14Z</time>
      </trkpt>
      <trkpt lat="44.15476" lon="-73.65869">
        <ele>702.84</ele>
        <time>2026-07-05T12:49:19Z</time>
      </trkpt>
      <trkpt lat="44.15476" lon="-73.6587">
        <ele>702.82</ele>
        <time>2026-07-05T12:49:22Z</time>
      </trkpt>
      <trkpt lat="44.15477" lon="-73.65872">
        <ele>702.86</ele>
        <time>2026-07-05T12:49:25Z</time>
      </trkpt>
      <trkpt lat="44.15477" lon="-73.65873">
        <ele>702.75</ele>
        <time>2026-07-05T12:49:30Z</time>
      </trkpt>
      <trkpt lat="44.15477" lon="-73.65872">
        <ele>702.86</ele>
        <time>2026-07-05T12:49:35Z</time>
      </trkpt>
      <trkpt lat="44.15478" lon="-73.65873">
        <ele>702.96</ele>
        <time>2026-07-05T12:49:39Z</time>
      </trkpt>
      <trkpt lat="44.15479" lon="-73.65876">
        <ele>702.86</ele>
        <time>2026-07-05T12:49:48Z</time>
      </trkpt>
      <trkpt lat="44.1548" lon="-73.65877">
        <ele>702.96</ele>
        <time>2026-07-05T12:49:54Z</time>
      </trkpt>
      <trkpt lat="44.1548" lon="-73.65877">
        <ele>702.96</ele>
        <time>2026-07-05T12:49:55Z</time>
      </trkpt>
      <trkpt lat="44.15481" lon="-73.65878">
        <ele>703.07</ele>
        <time>2026-07-05T12:50:00Z</time>
      </trkpt>
      <trkpt lat="44.15481" lon="-73.65879">
        <ele>702.96</ele>
        <time>2026-07-05T12:50:02Z</time>
      </trkpt>
      <trkpt lat="44.15482" lon="-73.65879">
        <ele>703.23</ele>
        <time>2026-07-05T12:50:05Z</time>
      </trkpt>
      <trkpt lat="44.15482" lon="-73.65879">
        <ele>703.23</ele>
        <time>2026-07-05T12:50:06Z</time>
      </trkpt>
      <trkpt lat="44.15483" lon="-73.65881">
        <ele>703.39</ele>
        <time>2026-07-05T12:50:09Z</time>
      </trkpt>
      <trkpt lat="44.15484" lon="-73.65881">
        <ele>703.75</ele>
        <time>2026-07-05T12:50:12Z</time>
      </trkpt>
      <trkpt lat="44.15485" lon="-73.6588">
        <ele>704.13</ele>
        <time>2026-07-05T12:50:17Z</time>
      </trkpt>
      <trkpt lat="44.15485" lon="-73.65882">
        <ele>704.08</ele>
        <time>2026-07-05T12:50:37Z</time>
      </trkpt>
      <trkpt lat="44.15486" lon="-73.65882">
        <ele>704.46</ele>
        <time>2026-07-05T12:50:38Z</time>
      </trkpt>
      <trkpt lat="44.15488" lon="-73.65879">
        <ele>705.13</ele>
        <time>2026-07-05T12:50:44Z</time>
      </trkpt>
      <trkpt lat="44.15489" lon="-73.65879">
        <ele>705.45</ele>
        <time>2026-07-05T12:50:45Z</time>
      </trkpt>
      <trkpt lat="44.15491" lon="-73.65877">
        <ele>706.05</ele>
        <time>2026-07-05T12:50:51Z</time>
      </trkpt>
      <trkpt lat="44.15492" lon="-73.65877">
        <ele>706.23</ele>
        <time>2026-07-05T12:51:01Z</time>
      </trkpt>
      <trkpt lat="44.15494" lon="-73.65877">
        <ele>706.6</ele>
        <time>2026-07-05T12:51:13Z</time>
      </trkpt>
      <trkpt lat="44.15494" lon="-73.65876">
        <ele>706.57</ele>
        <time>2026-07-05T12:51:15Z</time>
      </trkpt>
      <trkpt lat="44.15494" lon="-73.65876">
        <ele>706.57</ele>
        <time>2026-07-05T12:51:17Z</time>
      </trkpt>
      <trkpt lat="44.15494" lon="-73.65876">
        <ele>706.57</ele>
        <time>2026-07-05T12:51:19Z</time>
      </trkpt>
      <trkpt lat="44.15494" lon="-73.65876">
        <ele>706.57</ele>
        <time>2026-07-05T12:51:24Z</time>
      </trkpt>
      <trkpt lat="44.15497" lon="-73.65875">
        <ele>707.01</ele>
        <time>2026-07-05T12:51:29Z</time>
      </trkpt>
      <trkpt lat="44.15497" lon="-73.65875">
        <ele>707.01</ele>
        <time>2026-07-05T12:51:30Z</time>
      </trkpt>
      <trkpt lat="44.15502" lon="-73.65876">
        <ele>707.96</ele>
        <time>2026-07-05T12:51:36Z</time>
      </trkpt>
      <trkpt lat="44.15502" lon="-73.65876">
        <ele>707.96</ele>
        <time>2026-07-05T12:51:37Z</time>
      </trkpt>
      <trkpt lat="44.15503" lon="-73.6588">
        <ele>708.72</ele>
        <time>2026-07-05T12:51:42Z</time>
      </trkpt>
      <trkpt lat="44.15503" lon="-73.65881">
        <ele>708.9</ele>
        <time>2026-07-05T12:51:44Z</time>
      </trkpt>
      <trkpt lat="44.15504" lon="-73.65885">
        <ele>709.77</ele>
        <time>2026-07-05T12:51:48Z</time>
      </trkpt>
      <trkpt lat="44.15504" lon="-73.65887">
        <ele>710.11</ele>
        <time>2026-07-05T12:51:52Z</time>
      </trkpt>
      <trkpt lat="44.15505" lon="-73.6589">
        <ele>710.72</ele>
        <time>2026-07-05T12:51:56Z</time>
      </trkpt>
      <trkpt lat="44.15506" lon="-73.65891">
        <ele>711.02</ele>
        <time>2026-07-05T12:51:58Z</time>
      </trkpt>
      <trkpt lat="44.15507" lon="-73.65894">
        <ele>711.73</ele>
        <time>2026-07-05T12:52:02Z</time>
      </trkpt>
      <trkpt lat="44.15506" lon="-73.65897">
        <ele>712.09</ele>
        <time>2026-07-05T12:52:07Z</time>
      </trkpt>
      <trkpt lat="44.15505" lon="-73.65903">
        <ele>712.6</ele>
        <time>2026-07-05T12:52:12Z</time>
      </trkpt>
      <trkpt lat="44.15505" lon="-73.65904">
        <ele>712.71</ele>
        <time>2026-07-05T12:52:13Z</time>
      </trkpt>
      <trkpt lat="44.15506" lon="-73.65905">
        <ele>713.04</ele>
        <time>2026-07-05T12:52:15Z</time>
      </trkpt>
      <trkpt lat="44.15508" lon="-73.65907">
        <ele>713.68</ele>
        <time>2026-07-05T12:52:19Z</time>
      </trkpt>
      <trkpt lat="44.15509" lon="-73.6591">
        <ele>714.5</ele>
        <time>2026-07-05T12:52:24Z</time>
      </trkpt>
      <trkpt lat="44.15511" lon="-73.65914">
        <ele>715.85</ele>
        <time>2026-07-05T12:52:31Z</time>
      </trkpt>
      <trkpt lat="44.15514" lon="-73.65921">
        <ele>717.73</ele>
        <time>2026-07-05T12:52:40Z</time>
      </trkpt>
      <trkpt lat="44.15513" lon="-73.65922">
        <ele>717.62</ele>
        <time>2026-07-05T12:52:42Z</time>
      </trkpt>
      <trkpt lat="44.15513" lon="-73.65927">
        <ele>718.37</ele>
        <time>2026-07-05T12:52:46Z</time>
      </trkpt>
      <trkpt lat="44.15513" lon="-73.65929">
        <ele>718.68</ele>
        <time>2026-07-05T12:52:48Z</time>
      </trkpt>
      <trkpt lat="44.15514" lon="-73.65932">
        <ele>719.53</ele>
        <time>2026-07-05T12:52:53Z</time>
      </trkpt>
      <trkpt lat="44.15515" lon="-73.65933">
        <ele>720.1</ele>
        <time>2026-07-05T12:52:56Z</time>
      </trkpt>
      <trkpt lat="44.15519" lon="-73.65934">
        <ele>721.9</ele>
        <time>2026-07-05T12:53:03Z</time>
      </trkpt>
      <trkpt lat="44.1552" lon="-73.65934">
        <ele>722.22</ele>
        <time>2026-07-05T12:53:05Z</time>
      </trkpt>
      <trkpt lat="44.15523" lon="-73.65935">
        <ele>723.41</ele>
        <time>2026-07-05T12:53:09Z</time>
      </trkpt>
      <trkpt lat="44.15526" lon="-73.65935">
        <ele>724.38</ele>
        <time>2026-07-05T12:53:16Z</time>
      </trkpt>
      <trkpt lat="44.15526" lon="-73.65935">
        <ele>724.38</ele>
        <time>2026-07-05T12:53:17Z</time>
      </trkpt>
      <trkpt lat="44.15528" lon="-73.65936">
        <ele>725.25</ele>
        <time>2026-07-05T12:53:23Z</time>
      </trkpt>
      <trkpt lat="44.15529" lon="-73.65935">
        <ele>725.35</ele>
        <time>2026-07-05T12:53:25Z</time>
      </trkpt>
      <trkpt lat="44.1553" lon="-73.65937">
        <ele>726.11</ele>
        <time>2026-07-05T12:53:31Z</time>
      </trkpt>
      <trkpt lat="44.1553" lon="-73.65938">
        <ele>726.33</ele>
        <time>2026-07-05T12:53:33Z</time>
      </trkpt>
      <trkpt lat="44.1553" lon="-73.65938">
        <ele>726.33</ele>
        <time>2026-07-05T12:53:34Z</time>
      </trkpt>
      <trkpt lat="44.15532" lon="-73.6594">
        <ele>727.41</ele>
        <time>2026-07-05T12:53:41Z</time>
      </trkpt>
      <trkpt lat="44.15532" lon="-73.6594">
        <ele>727.41</ele>
        <time>2026-07-05T12:53:42Z</time>
      </trkpt>
      <trkpt lat="44.15532" lon="-73.65941">
        <ele>727.62</ele>
        <time>2026-07-05T12:53:46Z</time>
      </trkpt>
      <trkpt lat="44.15533" lon="-73.65944">
        <ele>728.6</ele>
        <time>2026-07-05T12:53:50Z</time>
      </trkpt>
      <trkpt lat="44.15535" lon="-73.65947">
        <ele>729.68</ele>
        <time>2026-07-05T12:53:54Z</time>
      </trkpt>
      <trkpt lat="44.15536" lon="-73.65949">
        <ele>730.21</ele>
        <time>2026-07-05T12:53:58Z</time>
      </trkpt>
      <trkpt lat="44.15536" lon="-73.65949">
        <ele>730.21</ele>
        <time>2026-07-05T12:53:59Z</time>
      </trkpt>
      <trkpt lat="44.15536" lon="-73.65949">
        <ele>730.21</ele>
        <time>2026-07-05T12:54:00Z</time>
      </trkpt>
      <trkpt lat="44.15536" lon="-73.65951">
        <ele>730.45</ele>
        <time>2026-07-05T12:54:07Z</time>
      </trkpt>
      <trkpt lat="44.15537" lon="-73.6595">
        <ele>730.59</ele>
        <time>2026-07-05T12:54:21Z</time>
      </trkpt>
      <trkpt lat="44.15536" lon="-73.65953">
        <ele>730.69</ele>
        <time>2026-07-05T12:54:32Z</time>
      </trkpt>
      <trkpt lat="44.15535" lon="-73.65955">
        <ele>730.81</ele>
        <time>2026-07-05T12:54:34Z</time>
      </trkpt>
      <trkpt lat="44.15534" lon="-73.6596">
        <ele>731.48</ele>
        <time>2026-07-05T12:54:41Z</time>
      </trkpt>
      <trkpt lat="44.15534" lon="-73.65961">
        <ele>731.66</ele>
        <time>2026-07-05T12:54:42Z</time>
      </trkpt>
      <trkpt lat="44.15534" lon="-73.65962">
        <ele>731.84</ele>
        <time>2026-07-05T12:54:43Z</time>
      </trkpt>
      <trkpt lat="44.15534" lon="-73.65963">
        <ele>732.02</ele>
        <time>2026-07-05T12:54:44Z</time>
      </trkpt>
      <trkpt lat="44.15534" lon="-73.65964">
        <ele>732.13</ele>
        <time>2026-07-05T12:54:45Z</time>
      </trkpt>
      <trkpt lat="44.15535" lon="-73.65964">
        <ele>732.45</ele>
        <time>2026-07-05T12:54:46Z</time>
      </trkpt>
      <trkpt lat="44.15535" lon="-73.65965">
        <ele>732.56</ele>
        <time>2026-07-05T12:54:47Z</time>
      </trkpt>
      <trkpt lat="44.15537" lon="-73.65966">
        <ele>733.32</ele>
        <time>2026-07-05T12:54:52Z</time>
      </trkpt>
      <trkpt lat="44.15538" lon="-73.65967">
        <ele>733.64</ele>
        <time>2026-07-05T12:54:53Z</time>
      </trkpt>
      <trkpt lat="44.15539" lon="-73.65969">
        <ele>734.08</ele>
        <time>2026-07-05T12:54:56Z</time>
      </trkpt>
      <trkpt lat="44.1554" lon="-73.65969">
        <ele>734.29</ele>
        <time>2026-07-05T12:54:58Z</time>
      </trkpt>
      <trkpt lat="44.15541" lon="-73.65971">
        <ele>734.72</ele>
        <time>2026-07-05T12:55:01Z</time>
      </trkpt>
      <trkpt lat="44.15542" lon="-73.65971">
        <ele>734.94</ele>
        <time>2026-07-05T12:55:04Z</time>
      </trkpt>
      <trkpt lat="44.15545" lon="-73.65976">
        <ele>736.13</ele>
        <time>2026-07-05T12:55:11Z</time>
      </trkpt>
      <trkpt lat="44.15546" lon="-73.65977">
        <ele>736.45</ele>
        <time>2026-07-05T12:55:12Z</time>
      </trkpt>
      <trkpt lat="44.15548" lon="-73.6598">
        <ele>737.36</ele>
        <time>2026-07-05T12:55:17Z</time>
      </trkpt>
      <trkpt lat="44.15549" lon="-73.65982">
        <ele>737.93</ele>
        <time>2026-07-05T12:55:20Z</time>
      </trkpt>
      <trkpt lat="44.1555" lon="-73.65984">
        <ele>738.47</ele>
        <time>2026-07-05T12:55:25Z</time>
      </trkpt>
      <trkpt lat="44.15551" lon="-73.65984">
        <ele>738.8</ele>
        <time>2026-07-05T12:55:27Z</time>
      </trkpt>
      <trkpt lat="44.15549" lon="-73.65985">
        <ele>738.26</ele>
        <time>2026-07-05T12:55:30Z</time>
      </trkpt>
      <trkpt lat="44.15554" lon="-73.65988">
        <ele>740.2</ele>
        <time>2026-07-05T12:55:38Z</time>
      </trkpt>
      <trkpt lat="44.15557" lon="-73.65986">
        <ele>740.64</ele>
        <time>2026-07-05T12:55:42Z</time>
      </trkpt>
      <trkpt lat="44.15559" lon="-73.65985">
        <ele>740.75</ele>
        <time>2026-07-05T12:55:44Z</time>
      </trkpt>
      <trkpt lat="44.1556" lon="-73.65985">
        <ele>740.86</ele>
        <time>2026-07-05T12:55:45Z</time>
      </trkpt>
      <trkpt lat="44.1556" lon="-73.65985">
        <ele>740.86</ele>
        <time>2026-07-05T12:55:46Z</time>
      </trkpt>
      <trkpt lat="44.15564" lon="-73.65989">
        <ele>741.72</ele>
        <time>2026-07-05T12:55:54Z</time>
      </trkpt>
      <trkpt lat="44.1557" lon="-73.65992">
        <ele>743.26</ele>
        <time>2026-07-05T12:56:04Z</time>
      </trkpt>
      <trkpt lat="44.15575" lon="-73.65993">
        <ele>744.37</ele>
        <time>2026-07-05T12:56:11Z</time>
      </trkpt>
      <trkpt lat="44.15578" lon="-73.65995">
        <ele>745.08</ele>
        <time>2026-07-05T12:56:15Z</time>
      </trkpt>
      <trkpt lat="44.1558" lon="-73.65995">
        <ele>745.39</ele>
        <time>2026-07-05T12:56:19Z</time>
      </trkpt>
      <trkpt lat="44.15583" lon="-73.65995">
        <ele>745.87</ele>
        <time>2026-07-05T12:56:23Z</time>
      </trkpt>
      <trkpt lat="44.15584" lon="-73.65996">
        <ele>746.21</ele>
        <time>2026-07-05T12:56:24Z</time>
      </trkpt>
      <trkpt lat="44.15587" lon="-73.66">
        <ele>747.4</ele>
        <time>2026-07-05T12:56:32Z</time>
      </trkpt>
      <trkpt lat="44.15587" lon="-73.66">
        <ele>747.4</ele>
        <time>2026-07-05T12:56:34Z</time>
      </trkpt>
      <trkpt lat="44.15588" lon="-73.66003">
        <ele>747.99</ele>
        <time>2026-07-05T12:56:39Z</time>
      </trkpt>
      <trkpt lat="44.15589" lon="-73.66005">
        <ele>748.48</ele>
        <time>2026-07-05T12:56:43Z</time>
      </trkpt>
      <trkpt lat="44.1559" lon="-73.66008">
        <ele>749.21</ele>
        <time>2026-07-05T12:56:46Z</time>
      </trkpt>
      <trkpt lat="44.15591" lon="-73.66011">
        <ele>749.88</ele>
        <time>2026-07-05T12:56:50Z</time>
      </trkpt>
      <trkpt lat="44.15592" lon="-73.66012">
        <ele>750.19</ele>
        <time>2026-07-05T12:56:52Z</time>
      </trkpt>
      <trkpt lat="44.15595" lon="-73.66016">
        <ele>751.18</ele>
        <time>2026-07-05T12:56:59Z</time>
      </trkpt>
      <trkpt lat="44.15597" lon="-73.66017">
        <ele>751.71</ele>
        <time>2026-07-05T12:57:02Z</time>
      </trkpt>
      <trkpt lat="44.15598" lon="-73.6602">
        <ele>752.49</ele>
        <time>2026-07-05T12:57:07Z</time>
      </trkpt>
      <trkpt lat="44.15597" lon="-73.66021">
        <ele>752.49</ele>
        <time>2026-07-05T12:57:11Z</time>
      </trkpt>
      <trkpt lat="44.15597" lon="-73.66021">
        <ele>752.49</ele>
        <time>2026-07-05T12:57:12Z</time>
      </trkpt>
      <trkpt lat="44.15597" lon="-73.66022">
        <ele>752.7</ele>
        <time>2026-07-05T12:57:22Z</time>
      </trkpt>
      <trkpt lat="44.15597" lon="-73.66023">
        <ele>752.92</ele>
        <time>2026-07-05T12:57:28Z</time>
      </trkpt>
      <trkpt lat="44.15598" lon="-73.66026">
        <ele>753.78</ele>
        <time>2026-07-05T12:57:32Z</time>
      </trkpt>
      <trkpt lat="44.156" lon="-73.66027">
        <ele>754.43</ele>
        <time>2026-07-05T12:57:36Z</time>
      </trkpt>
      <trkpt lat="44.156" lon="-73.66028">
        <ele>754.62</ele>
        <time>2026-07-05T12:57:38Z</time>
      </trkpt>
      <trkpt lat="44.15602" lon="-73.66032">
        <ele>755.5</ele>
        <time>2026-07-05T12:57:44Z</time>
      </trkpt>
      <trkpt lat="44.15601" lon="-73.66037">
        <ele>755.81</ele>
        <time>2026-07-05T12:57:50Z</time>
      </trkpt>
      <trkpt lat="44.15601" lon="-73.66038">
        <ele>756.02</ele>
        <time>2026-07-05T12:57:51Z</time>
      </trkpt>
      <trkpt lat="44.15601" lon="-73.66044">
        <ele>757.32</ele>
        <time>2026-07-05T12:57:58Z</time>
      </trkpt>
      <trkpt lat="44.15601" lon="-73.66046">
        <ele>757.75</ele>
        <time>2026-07-05T12:58:00Z</time>
      </trkpt>
      <trkpt lat="44.15601" lon="-73.6605">
        <ele>758.18</ele>
        <time>2026-07-05T12:58:05Z</time>
      </trkpt>
      <trkpt lat="44.15602" lon="-73.66051">
        <ele>758.55</ele>
        <time>2026-07-05T12:58:06Z</time>
      </trkpt>
      <trkpt lat="44.15603" lon="-73.66052">
        <ele>758.94</ele>
        <time>2026-07-05T12:58:10Z</time>
      </trkpt>
      <trkpt lat="44.15603" lon="-73.66052">
        <ele>758.94</ele>
        <time>2026-07-05T12:58:12Z</time>
      </trkpt>
      <trkpt lat="44.15604" lon="-73.66055">
        <ele>759.62</ele>
        <time>2026-07-05T12:58:17Z</time>
      </trkpt>
      <trkpt lat="44.15604" lon="-73.66056">
        <ele>759.74</ele>
        <time>2026-07-05T12:58:19Z</time>
      </trkpt>
      <trkpt lat="44.15606" lon="-73.66061">
        <ele>760.93</ele>
        <time>2026-07-05T12:58:26Z</time>
      </trkpt>
      <trkpt lat="44.15606" lon="-73.66062">
        <ele>761.04</ele>
        <time>2026-07-05T12:58:28Z</time>
      </trkpt>
      <trkpt lat="44.15606" lon="-73.66064">
        <ele>761.26</ele>
        <time>2026-07-05T12:58:32Z</time>
      </trkpt>
      <trkpt lat="44.15606" lon="-73.66063">
        <ele>761.15</ele>
        <time>2026-07-05T12:58:34Z</time>
      </trkpt>
      <trkpt lat="44.15607" lon="-73.66065">
        <ele>761.7</ele>
        <time>2026-07-05T12:58:52Z</time>
      </trkpt>
      <trkpt lat="44.15607" lon="-73.66067">
        <ele>762.04</ele>
        <time>2026-07-05T12:58:55Z</time>
      </trkpt>
      <trkpt lat="44.15608" lon="-73.66068">
        <ele>762.56</ele>
        <time>2026-07-05T12:58:57Z</time>
      </trkpt>
      <trkpt lat="44.15608" lon="-73.66069">
        <ele>762.74</ele>
        <time>2026-07-05T12:58:59Z</time>
      </trkpt>
      <trkpt lat="44.15607" lon="-73.6607">
        <ele>762.54</ele>
        <time>2026-07-05T12:59:00Z</time>
      </trkpt>
      <trkpt lat="44.15607" lon="-73.6607">
        <ele>762.54</ele>
        <time>2026-07-05T12:59:01Z</time>
      </trkpt>
      <trkpt lat="44.15608" lon="-73.66073">
        <ele>763.46</ele>
        <time>2026-07-05T12:59:09Z</time>
      </trkpt>
      <trkpt lat="44.15607" lon="-73.66074">
        <ele>763.21</ele>
        <time>2026-07-05T12:59:22Z</time>
      </trkpt>
      <trkpt lat="44.15606" lon="-73.66074">
        <ele>762.78</ele>
        <time>2026-07-05T12:59:47Z</time>
      </trkpt>
      <trkpt lat="44.15606" lon="-73.66074">
        <ele>762.78</ele>
        <time>2026-07-05T12:59:49Z</time>
      </trkpt>
      <trkpt lat="44.15606" lon="-73.66073">
        <ele>762.62</ele>
        <time>2026-07-05T12:59:52Z</time>
      </trkpt>
      <trkpt lat="44.15606" lon="-73.66073">
        <ele>762.62</ele>
        <time>2026-07-05T12:59:57Z</time>
      </trkpt>
      <trkpt lat="44.15607" lon="-73.66077">
        <ele>763.54</ele>
        <time>2026-07-05T13:00:07Z</time>
      </trkpt>
      <trkpt lat="44.1561" lon="-73.66077">
        <ele>764.84</ele>
        <time>2026-07-05T13:00:16Z</time>
      </trkpt>
      <trkpt lat="44.15611" lon="-73.66078">
        <ele>765.38</ele>
        <time>2026-07-05T13:00:20Z</time>
      </trkpt>
      <trkpt lat="44.15613" lon="-73.66081">
        <ele>766.51</ele>
        <time>2026-07-05T13:00:23Z</time>
      </trkpt>
      <trkpt lat="44.15613" lon="-73.66082">
        <ele>766.64</ele>
        <time>2026-07-05T13:00:26Z</time>
      </trkpt>
      <trkpt lat="44.15613" lon="-73.66084">
        <ele>766.95</ele>
        <time>2026-07-05T13:00:30Z</time>
      </trkpt>
      <trkpt lat="44.15613" lon="-73.66085">
        <ele>767.14</ele>
        <time>2026-07-05T13:00:32Z</time>
      </trkpt>
      <trkpt lat="44.15613" lon="-73.66085">
        <ele>767.14</ele>
        <time>2026-07-05T13:00:33Z</time>
      </trkpt>
      <trkpt lat="44.15614" lon="-73.66087">
        <ele>767.92</ele>
        <time>2026-07-05T13:00:41Z</time>
      </trkpt>
      <trkpt lat="44.15616" lon="-73.66088">
        <ele>768.85</ele>
        <time>2026-07-05T13:00:44Z</time>
      </trkpt>
      <trkpt lat="44.15617" lon="-73.66089">
        <ele>769.38</ele>
        <time>2026-07-05T13:00:49Z</time>
      </trkpt>
      <trkpt lat="44.15617" lon="-73.6609">
        <ele>769.53</ele>
        <time>2026-07-05T13:00:50Z</time>
      </trkpt>
      <trkpt lat="44.15617" lon="-73.6609">
        <ele>769.53</ele>
        <time>2026-07-05T13:00:52Z</time>
      </trkpt>
      <trkpt lat="44.15619" lon="-73.66092">
        <ele>770.48</ele>
        <time>2026-07-05T13:00:58Z</time>
      </trkpt>
      <trkpt lat="44.15619" lon="-73.66093">
        <ele>770.64</ele>
        <time>2026-07-05T13:01:00Z</time>
      </trkpt>
      <trkpt lat="44.15619" lon="-73.66094">
        <ele>770.84</ele>
        <time>2026-07-05T13:01:05Z</time>
      </trkpt>
      <trkpt lat="44.15619" lon="-73.66097">
        <ele>771.44</ele>
        <time>2026-07-05T13:01:08Z</time>
      </trkpt>
      <trkpt lat="44.15619" lon="-73.66101">
        <ele>772.24</ele>
        <time>2026-07-05T13:01:14Z</time>
      </trkpt>
      <trkpt lat="44.15618" lon="-73.66103">
        <ele>772.1</ele>
        <time>2026-07-05T13:01:17Z</time>
      </trkpt>
      <trkpt lat="44.15618" lon="-73.66103">
        <ele>772.1</ele>
        <time>2026-07-05T13:01:20Z</time>
      </trkpt>
      <trkpt lat="44.15618" lon="-73.66103">
        <ele>772.1</ele>
        <time>2026-07-05T13:01:24Z</time>
      </trkpt>
      <trkpt lat="44.15618" lon="-73.66107">
        <ele>772.53</ele>
        <time>2026-07-05T13:01:29Z</time>
      </trkpt>
      <trkpt lat="44.15618" lon="-73.66108">
        <ele>772.64</ele>
        <time>2026-07-05T13:01:31Z</time>
      </trkpt>
      <trkpt lat="44.15616" lon="-73.66112">
        <ele>772.11</ele>
        <time>2026-07-05T13:01:39Z</time>
      </trkpt>
      <trkpt lat="44.15616" lon="-73.66117">
        <ele>772.11</ele>
        <time>2026-07-05T13:01:43Z</time>
      </trkpt>
      <trkpt lat="44.15616" lon="-73.6612">
        <ele>772.11</ele>
        <time>2026-07-05T13:01:47Z</time>
      </trkpt>
      <trkpt lat="44.15616" lon="-73.66125">
        <ele>772.38</ele>
        <time>2026-07-05T13:01:55Z</time>
      </trkpt>
      <trkpt lat="44.15616" lon="-73.66126">
        <ele>772.43</ele>
        <time>2026-07-05T13:01:56Z</time>
      </trkpt>
      <trkpt lat="44.15616" lon="-73.66127">
        <ele>772.49</ele>
        <time>2026-07-05T13:01:58Z</time>
      </trkpt>
      <trkpt lat="44.15617" lon="-73.66128">
        <ele>773.07</ele>
        <time>2026-07-05T13:02:05Z</time>
      </trkpt>
      <trkpt lat="44.15617" lon="-73.66126">
        <ele>772.93</ele>
        <time>2026-07-05T13:02:27Z</time>
      </trkpt>
      <trkpt lat="44.15616" lon="-73.66126">
        <ele>772.43</ele>
        <time>2026-07-05T13:02:29Z</time>
      </trkpt>
      <trkpt lat="44.15616" lon="-73.66124">
        <ele>772.32</ele>
        <time>2026-07-05T13:02:39Z</time>
      </trkpt>
      <trkpt lat="44.15616" lon="-73.66125">
        <ele>772.38</ele>
        <time>2026-07-05T13:02:40Z</time>
      </trkpt>
      <trkpt lat="44.15616" lon="-73.66125">
        <ele>772.38</ele>
        <time>2026-07-05T13:02:43Z</time>
      </trkpt>
      <trkpt lat="44.15616" lon="-73.66125">
        <ele>772.38</ele>
        <time>2026-07-05T13:02:54Z</time>
      </trkpt>
      <trkpt lat="44.15616" lon="-73.66126">
        <ele>772.43</ele>
        <time>2026-07-05T13:03:11Z</time>
      </trkpt>
      <trkpt lat="44.15616" lon="-73.66126">
        <ele>772.43</ele>
        <time>2026-07-05T13:04:47Z</time>
      </trkpt>
      <trkpt lat="44.15616" lon="-73.66128">
        <ele>772.55</ele>
        <time>2026-07-05T13:04:50Z</time>
      </trkpt>
      <trkpt lat="44.15616" lon="-73.66133">
        <ele>772.81</ele>
        <time>2026-07-05T13:04:55Z</time>
      </trkpt>
      <trkpt lat="44.15617" lon="-73.66134">
        <ele>773.35</ele>
        <time>2026-07-05T13:04:57Z</time>
      </trkpt>
      <trkpt lat="44.15619" lon="-73.66136">
        <ele>774.36</ele>
        <time>2026-07-05T13:05:00Z</time>
      </trkpt>
      <trkpt lat="44.15621" lon="-73.6614">
        <ele>775.34</ele>
        <time>2026-07-05T13:05:06Z</time>
      </trkpt>
      <trkpt lat="44.15621" lon="-73.6614">
        <ele>775.34</ele>
        <time>2026-07-05T13:05:07Z</time>
      </trkpt>
      <trkpt lat="44.15622" lon="-73.66141">
        <ele>775.88</ele>
        <time>2026-07-05T13:05:13Z</time>
      </trkpt>
      <trkpt lat="44.15622" lon="-73.66141">
        <ele>775.88</ele>
        <time>2026-07-05T13:05:14Z</time>
      </trkpt>
      <trkpt lat="44.15622" lon="-73.66142">
        <ele>775.88</ele>
        <time>2026-07-05T13:05:15Z</time>
      </trkpt>
      <trkpt lat="44.15622" lon="-73.6615">
        <ele>775.88</ele>
        <time>2026-07-05T13:05:22Z</time>
      </trkpt>
      <trkpt lat="44.15622" lon="-73.6615">
        <ele>775.88</ele>
        <time>2026-07-05T13:05:23Z</time>
      </trkpt>
      <trkpt lat="44.15624" lon="-73.66152">
        <ele>776.96</ele>
        <time>2026-07-05T13:05:27Z</time>
      </trkpt>
      <trkpt lat="44.15626" lon="-73.66152">
        <ele>778.04</ele>
        <time>2026-07-05T13:05:30Z</time>
      </trkpt>
      <trkpt lat="44.15627" lon="-73.66153">
        <ele>778.58</ele>
        <time>2026-07-05T13:05:34Z</time>
      </trkpt>
      <trkpt lat="44.15627" lon="-73.66153">
        <ele>778.58</ele>
        <time>2026-07-05T13:05:36Z</time>
      </trkpt>
      <trkpt lat="44.15628" lon="-73.66154">
        <ele>779.12</ele>
        <time>2026-07-05T13:05:38Z</time>
      </trkpt>
      <trkpt lat="44.15631" lon="-73.66155">
        <ele>780.59</ele>
        <time>2026-07-05T13:05:44Z</time>
      </trkpt>
      <trkpt lat="44.15634" lon="-73.66157">
        <ele>781.89</ele>
        <time>2026-07-05T13:05:50Z</time>
      </trkpt>
      <trkpt lat="44.15635" lon="-73.66157">
        <ele>782.32</ele>
        <time>2026-07-05T13:05:52Z</time>
      </trkpt>
      <trkpt lat="44.1564" lon="-73.66158">
        <ele>784.48</ele>
        <time>2026-07-05T13:05:58Z</time>
      </trkpt>
      <trkpt lat="44.15644" lon="-73.66157">
        <ele>786.21</ele>
        <time>2026-07-05T13:06:03Z</time>
      </trkpt>
      <trkpt lat="44.15646" lon="-73.66156">
        <ele>787.07</ele>
        <time>2026-07-05T13:06:06Z</time>
      </trkpt>
      <trkpt lat="44.1565" lon="-73.66153">
        <ele>788.8</ele>
        <time>2026-07-05T13:06:12Z</time>
      </trkpt>
      <trkpt lat="44.15651" lon="-73.66151">
        <ele>789.23</ele>
        <time>2026-07-05T13:06:15Z</time>
      </trkpt>
      <trkpt lat="44.15653" lon="-73.66147">
        <ele>790.1</ele>
        <time>2026-07-05T13:06:19Z</time>
      </trkpt>
      <trkpt lat="44.15653" lon="-73.66147">
        <ele>790.1</ele>
        <time>2026-07-05T13:06:23Z</time>
      </trkpt>
      <trkpt lat="44.15654" lon="-73.66147">
        <ele>790.53</ele>
        <time>2026-07-05T13:06:26Z</time>
      </trkpt>
      <trkpt lat="44.15658" lon="-73.66144">
        <ele>792.26</ele>
        <time>2026-07-05T13:06:32Z</time>
      </trkpt>
      <trkpt lat="44.15658" lon="-73.66143">
        <ele>792.26</ele>
        <time>2026-07-05T13:06:35Z</time>
      </trkpt>
      <trkpt lat="44.1566" lon="-73.66142">
        <ele>793.12</ele>
        <time>2026-07-05T13:06:40Z</time>
      </trkpt>
      <trkpt lat="44.1566" lon="-73.66142">
        <ele>793.12</ele>
        <time>2026-07-05T13:06:43Z</time>
      </trkpt>
      <trkpt lat="44.15662" lon="-73.6614">
        <ele>793.98</ele>
        <time>2026-07-05T13:06:50Z</time>
      </trkpt>
      <trkpt lat="44.15663" lon="-73.66139">
        <ele>794.42</ele>
        <time>2026-07-05T13:06:51Z</time>
      </trkpt>
      <trkpt lat="44.15665" lon="-73.66134">
        <ele>795.28</ele>
        <time>2026-07-05T13:06:58Z</time>
      </trkpt>
      <trkpt lat="44.15665" lon="-73.66133">
        <ele>795.28</ele>
        <time>2026-07-05T13:06:59Z</time>
      </trkpt>
      <trkpt lat="44.15665" lon="-73.66131">
        <ele>795.28</ele>
        <time>2026-07-05T13:07:02Z</time>
      </trkpt>
      <trkpt lat="44.15668" lon="-73.66127">
        <ele>796.29</ele>
        <time>2026-07-05T13:07:08Z</time>
      </trkpt>
      <trkpt lat="44.1567" lon="-73.66123">
        <ele>796.72</ele>
        <time>2026-07-05T13:07:12Z</time>
      </trkpt>
      <trkpt lat="44.15672" lon="-73.66118">
        <ele>797.05</ele>
        <time>2026-07-05T13:07:18Z</time>
      </trkpt>
      <trkpt lat="44.15673" lon="-73.66115">
        <ele>797.16</ele>
        <time>2026-07-05T13:07:22Z</time>
      </trkpt>
      <trkpt lat="44.15675" lon="-73.66113">
        <ele>797.8</ele>
        <time>2026-07-05T13:07:26Z</time>
      </trkpt>
      <trkpt lat="44.15675" lon="-73.66112">
        <ele>797.7</ele>
        <time>2026-07-05T13:07:27Z</time>
      </trkpt>
      <trkpt lat="44.15676" lon="-73.66111">
        <ele>798.0</ele>
        <time>2026-07-05T13:07:29Z</time>
      </trkpt>
      <trkpt lat="44.15676" lon="-73.6611">
        <ele>797.78</ele>
        <time>2026-07-05T13:07:31Z</time>
      </trkpt>
      <trkpt lat="44.15677" lon="-73.66109">
        <ele>797.92</ele>
        <time>2026-07-05T13:07:35Z</time>
      </trkpt>
      <trkpt lat="44.15679" lon="-73.66107">
        <ele>798.26</ele>
        <time>2026-07-05T13:07:38Z</time>
      </trkpt>
      <trkpt lat="44.1568" lon="-73.66107">
        <ele>798.63</ele>
        <time>2026-07-05T13:07:40Z</time>
      </trkpt>
      <trkpt lat="44.15681" lon="-73.66106">
        <ele>798.84</ele>
        <time>2026-07-05T13:07:46Z</time>
      </trkpt>
      <trkpt lat="44.15681" lon="-73.66105">
        <ele>798.69</ele>
        <time>2026-07-05T13:07:50Z</time>
      </trkpt>
      <trkpt lat="44.15683" lon="-73.66104">
        <ele>799.34</ele>
        <time>2026-07-05T13:07:56Z</time>
      </trkpt>
      <trkpt lat="44.15683" lon="-73.66104">
        <ele>799.34</ele>
        <time>2026-07-05T13:07:58Z</time>
      </trkpt>
      <trkpt lat="44.15683" lon="-73.66104">
        <ele>799.34</ele>
        <time>2026-07-05T13:08:06Z</time>
      </trkpt>
      <trkpt lat="44.15683" lon="-73.66104">
        <ele>799.34</ele>
        <time>2026-07-05T13:08:08Z</time>
      </trkpt>
      <trkpt lat="44.15682" lon="-73.66105">
        <ele>799.08</ele>
        <time>2026-07-05T13:08:12Z</time>
      </trkpt>
      <trkpt lat="44.15682" lon="-73.66107">
        <ele>799.37</ele>
        <time>2026-07-05T13:08:15Z</time>
      </trkpt>
      <trkpt lat="44.15683" lon="-73.66108">
        <ele>799.88</ele>
        <time>2026-07-05T13:08:16Z</time>
      </trkpt>
      <trkpt lat="44.15683" lon="-73.66108">
        <ele>799.88</ele>
        <time>2026-07-05T13:08:19Z</time>
      </trkpt>
      <trkpt lat="44.15683" lon="-73.6611">
        <ele>800.14</ele>
        <time>2026-07-05T13:08:24Z</time>
      </trkpt>
      <trkpt lat="44.15682" lon="-73.6611">
        <ele>799.81</ele>
        <time>2026-07-05T13:08:26Z</time>
      </trkpt>
      <trkpt lat="44.15684" lon="-73.6611">
        <ele>800.48</ele>
        <time>2026-07-05T13:08:36Z</time>
      </trkpt>
      <trkpt lat="44.15684" lon="-73.66111">
        <ele>800.6</ele>
        <time>2026-07-05T13:08:47Z</time>
      </trkpt>
      <trkpt lat="44.15687" lon="-73.66112">
        <ele>801.78</ele>
        <time>2026-07-05T13:08:52Z</time>
      </trkpt>
      <trkpt lat="44.15688" lon="-73.66112">
        <ele>802.1</ele>
        <time>2026-07-05T13:08:53Z</time>
      </trkpt>
      <trkpt lat="44.1569" lon="-73.66109">
        <ele>802.33</ele>
        <time>2026-07-05T13:08:59Z</time>
      </trkpt>
      <trkpt lat="44.15691" lon="-73.66109">
        <ele>802.66</ele>
        <time>2026-07-05T13:09:01Z</time>
      </trkpt>
      <trkpt lat="44.15693" lon="-73.6611">
        <ele>803.41</ele>
        <time>2026-07-05T13:09:11Z</time>
      </trkpt>
      <trkpt lat="44.15695" lon="-73.66112">
        <ele>804.37</ele>
        <time>2026-07-05T13:09:20Z</time>
      </trkpt>
      <trkpt lat="44.15697" lon="-73.66113">
        <ele>805.24</ele>
        <time>2026-07-05T13:09:26Z</time>
      </trkpt>
      <trkpt lat="44.15697" lon="-73.66113">
        <ele>805.24</ele>
        <time>2026-07-05T13:09:28Z</time>
      </trkpt>
      <trkpt lat="44.15698" lon="-73.66113">
        <ele>805.56</ele>
        <time>2026-07-05T13:09:32Z</time>
      </trkpt>
      <trkpt lat="44.15699" lon="-73.66113">
        <ele>805.88</ele>
        <time>2026-07-05T13:09:34Z</time>
      </trkpt>
      <trkpt lat="44.15699" lon="-73.66113">
        <ele>805.88</ele>
        <time>2026-07-05T13:09:38Z</time>
      </trkpt>
      <trkpt lat="44.157" lon="-73.66113">
        <ele>806.21</ele>
        <time>2026-07-05T13:09:42Z</time>
      </trkpt>
      <trkpt lat="44.15702" lon="-73.66112">
        <ele>806.64</ele>
        <time>2026-07-05T13:09:46Z</time>
      </trkpt>
      <trkpt lat="44.15704" lon="-73.66111">
        <ele>807.07</ele>
        <time>2026-07-05T13:09:50Z</time>
      </trkpt>
      <trkpt lat="44.15706" lon="-73.66111">
        <ele>807.72</ele>
        <time>2026-07-05T13:09:57Z</time>
      </trkpt>
      <trkpt lat="44.15706" lon="-73.6611">
        <ele>807.47</ele>
        <time>2026-07-05T13:09:58Z</time>
      </trkpt>
      <trkpt lat="44.1571" lon="-73.6611">
        <ele>808.72</ele>
        <time>2026-07-05T13:10:07Z</time>
      </trkpt>
      <trkpt lat="44.1571" lon="-73.66111">
        <ele>809.01</ele>
        <time>2026-07-05T13:10:09Z</time>
      </trkpt>
      <trkpt lat="44.15711" lon="-73.66113">
        <ele>809.77</ele>
        <time>2026-07-05T13:10:14Z</time>
      </trkpt>
      <trkpt lat="44.15711" lon="-73.66113">
        <ele>809.77</ele>
        <time>2026-07-05T13:10:20Z</time>
      </trkpt>
      <trkpt lat="44.15713" lon="-73.66113">
        <ele>810.42</ele>
        <time>2026-07-05T13:10:22Z</time>
      </trkpt>
      <trkpt lat="44.15715" lon="-73.66112">
        <ele>810.65</ele>
        <time>2026-07-05T13:10:27Z</time>
      </trkpt>
      <trkpt lat="44.15714" lon="-73.66112">
        <ele>810.43</ele>
        <time>2026-07-05T13:10:30Z</time>
      </trkpt>
      <trkpt lat="44.15716" lon="-73.66115">
        <ele>811.63</ele>
        <time>2026-07-05T13:10:40Z</time>
      </trkpt>
      <trkpt lat="44.15716" lon="-73.66117">
        <ele>812.14</ele>
        <time>2026-07-05T13:10:43Z</time>
      </trkpt>
      <trkpt lat="44.15717" lon="-73.66119">
        <ele>812.95</ele>
        <time>2026-07-05T13:10:47Z</time>
      </trkpt>
      <trkpt lat="44.15718" lon="-73.66121">
        <ele>813.84</ele>
        <time>2026-07-05T13:10:54Z</time>
      </trkpt>
      <trkpt lat="44.15719" lon="-73.66121">
        <ele>814.16</ele>
        <time>2026-07-05T13:10:55Z</time>
      </trkpt>
      <trkpt lat="44.15721" lon="-73.66121">
        <ele>814.81</ele>
        <time>2026-07-05T13:11:02Z</time>
      </trkpt>
      <trkpt lat="44.15721" lon="-73.66121">
        <ele>814.81</ele>
        <time>2026-07-05T13:11:04Z</time>
      </trkpt>
      <trkpt lat="44.15723" lon="-73.66122">
        <ele>815.78</ele>
        <time>2026-07-05T13:11:12Z</time>
      </trkpt>
      <trkpt lat="44.15723" lon="-73.66122">
        <ele>815.78</ele>
        <time>2026-07-05T13:11:14Z</time>
      </trkpt>
      <trkpt lat="44.15724" lon="-73.66124">
        <ele>816.75</ele>
        <time>2026-07-05T13:11:23Z</time>
      </trkpt>
      <trkpt lat="44.15724" lon="-73.66122">
        <ele>816.1</ele>
        <time>2026-07-05T13:11:33Z</time>
      </trkpt>
      <trkpt lat="44.15724" lon="-73.66122">
        <ele>816.1</ele>
        <time>2026-07-05T13:11:36Z</time>
      </trkpt>
      <trkpt lat="44.15725" lon="-73.66126">
        <ele>817.72</ele>
        <time>2026-07-05T13:11:43Z</time>
      </trkpt>
      <trkpt lat="44.15725" lon="-73.66127">
        <ele>818.05</ele>
        <time>2026-07-05T13:11:44Z</time>
      </trkpt>
      <trkpt lat="44.15725" lon="-73.66129">
        <ele>818.7</ele>
        <time>2026-07-05T13:11:47Z</time>
      </trkpt>
      <trkpt lat="44.15727" lon="-73.66132">
        <ele>820.19</ele>
        <time>2026-07-05T13:11:52Z</time>
      </trkpt>
      <trkpt lat="44.15728" lon="-73.66132">
        <ele>820.54</ele>
        <time>2026-07-05T13:11:53Z</time>
      </trkpt>
      <trkpt lat="44.1573" lon="-73.66132">
        <ele>821.25</ele>
        <time>2026-07-05T13:11:56Z</time>
      </trkpt>
      <trkpt lat="44.15731" lon="-73.66131">
        <ele>821.28</ele>
        <time>2026-07-05T13:12:01Z</time>
      </trkpt>
      <trkpt lat="44.15733" lon="-73.6613">
        <ele>821.78</ele>
        <time>2026-07-05T13:12:05Z</time>
      </trkpt>
      <trkpt lat="44.15732" lon="-73.6613">
        <ele>821.34</ele>
        <time>2026-07-05T13:12:08Z</time>
      </trkpt>
      <trkpt lat="44.15732" lon="-73.6613">
        <ele>821.34</ele>
        <time>2026-07-05T13:12:09Z</time>
      </trkpt>
      <trkpt lat="44.15733" lon="-73.6613">
        <ele>821.78</ele>
        <time>2026-07-05T13:12:19Z</time>
      </trkpt>
      <trkpt lat="44.15732" lon="-73.6613">
        <ele>821.34</ele>
        <time>2026-07-05T13:12:30Z</time>
      </trkpt>
      <trkpt lat="44.15733" lon="-73.6613">
        <ele>821.78</ele>
        <time>2026-07-05T13:12:45Z</time>
      </trkpt>
      <trkpt lat="44.15733" lon="-73.66131">
        <ele>822.1</ele>
        <time>2026-07-05T13:12:52Z</time>
      </trkpt>
      <trkpt lat="44.15733" lon="-73.66131">
        <ele>822.1</ele>
        <time>2026-07-05T13:12:54Z</time>
      </trkpt>
      <trkpt lat="44.15733" lon="-73.66131">
        <ele>822.1</ele>
        <time>2026-07-05T13:12:56Z</time>
      </trkpt>
      <trkpt lat="44.15733" lon="-73.66132">
        <ele>822.42</ele>
        <time>2026-07-05T13:13:00Z</time>
      </trkpt>
      <trkpt lat="44.15733" lon="-73.66132">
        <ele>822.42</ele>
        <time>2026-07-05T13:13:02Z</time>
      </trkpt>
      <trkpt lat="44.15733" lon="-73.66132">
        <ele>822.42</ele>
        <time>2026-07-05T13:13:03Z</time>
      </trkpt>
      <trkpt lat="44.15734" lon="-73.66131">
        <ele>822.53</ele>
        <time>2026-07-05T13:13:14Z</time>
      </trkpt>
      <trkpt lat="44.15734" lon="-73.66131">
        <ele>822.53</ele>
        <time>2026-07-05T13:13:20Z</time>
      </trkpt>
      <trkpt lat="44.15734" lon="-73.66132">
        <ele>822.86</ele>
        <time>2026-07-05T13:13:24Z</time>
      </trkpt>
      <trkpt lat="44.15734" lon="-73.66134">
        <ele>823.5</ele>
        <time>2026-07-05T13:13:27Z</time>
      </trkpt>
      <trkpt lat="44.15735" lon="-73.66134">
        <ele>823.94</ele>
        <time>2026-07-05T13:13:30Z</time>
      </trkpt>
      <trkpt lat="44.15736" lon="-73.66136">
        <ele>825.02</ele>
        <time>2026-07-05T13:13:32Z</time>
      </trkpt>
      <trkpt lat="44.15736" lon="-73.66137">
        <ele>825.34</ele>
        <time>2026-07-05T13:13:33Z</time>
      </trkpt>
      <trkpt lat="44.15736" lon="-73.66139">
        <ele>825.98</ele>
        <time>2026-07-05T13:13:36Z</time>
      </trkpt>
      <trkpt lat="44.15736" lon="-73.6614">
        <ele>826.25</ele>
        <time>2026-07-05T13:13:37Z</time>
      </trkpt>
      <trkpt lat="44.15737" lon="-73.66143">
        <ele>827.45</ele>
        <time>2026-07-05T13:13:41Z</time>
      </trkpt>
      <trkpt lat="44.15737" lon="-73.66145">
        <ele>827.97</ele>
        <time>2026-07-05T13:13:44Z</time>
      </trkpt>
      <trkpt lat="44.15737" lon="-73.66146">
        <ele>828.23</ele>
        <time>2026-07-05T13:13:45Z</time>
      </trkpt>
      <trkpt lat="44.15736" lon="-73.66149">
        <ele>828.6</ele>
        <time>2026-07-05T13:13:49Z</time>
      </trkpt>
      <trkpt lat="44.15736" lon="-73.66152">
        <ele>829.08</ele>
        <time>2026-07-05T13:13:53Z</time>
      </trkpt>
      <trkpt lat="44.15734" lon="-73.66156">
        <ele>828.89</ele>
        <time>2026-07-05T13:13:58Z</time>
      </trkpt>
      <trkpt lat="44.15734" lon="-73.66157">
        <ele>829.03</ele>
        <time>2026-07-05T13:13:59Z</time>
      </trkpt>
      <trkpt lat="44.15736" lon="-73.6616">
        <ele>830.38</ele>
        <time>2026-07-05T13:14:02Z</time>
      </trkpt>
      <trkpt lat="44.15736" lon="-73.6616">
        <ele>830.38</ele>
        <time>2026-07-05T13:14:03Z</time>
      </trkpt>
      <trkpt lat="44.15737" lon="-73.66161">
        <ele>830.93</ele>
        <time>2026-07-05T13:14:06Z</time>
      </trkpt>
      <trkpt lat="44.15737" lon="-73.66161">
        <ele>830.93</ele>
        <time>2026-07-05T13:14:16Z</time>
      </trkpt>
      <trkpt lat="44.15736" lon="-73.66158">
        <ele>830.05</ele>
        <time>2026-07-05T13:14:32Z</time>
      </trkpt>
      <trkpt lat="44.15736" lon="-73.66154">
        <ele>829.4</ele>
        <time>2026-07-05T13:14:36Z</time>
      </trkpt>
      <trkpt lat="44.15736" lon="-73.66153">
        <ele>829.24</ele>
        <time>2026-07-05T13:14:38Z</time>
      </trkpt>
      <trkpt lat="44.15736" lon="-73.66151">
        <ele>828.92</ele>
        <time>2026-07-05T13:14:41Z</time>
      </trkpt>
      <trkpt lat="44.15736" lon="-73.6615">
        <ele>828.76</ele>
        <time>2026-07-05T13:14:42Z</time>
      </trkpt>
      <trkpt lat="44.15737" lon="-73.6615">
        <ele>829.11</ele>
        <time>2026-07-05T13:14:47Z</time>
      </trkpt>
      <trkpt lat="44.15738" lon="-73.6615">
        <ele>829.45</ele>
        <time>2026-07-05T13:14:49Z</time>
      </trkpt>
      <trkpt lat="44.15738" lon="-73.6615">
        <ele>829.45</ele>
        <time>2026-07-05T13:14:53Z</time>
      </trkpt>
      <trkpt lat="44.15737" lon="-73.66151">
        <ele>829.28</ele>
        <time>2026-07-05T13:15:13Z</time>
      </trkpt>
      <trkpt lat="44.15736" lon="-73.66152">
        <ele>829.08</ele>
        <time>2026-07-05T13:15:23Z</time>
      </trkpt>
      <trkpt lat="44.15735" lon="-73.66153">
        <ele>828.86</ele>
        <time>2026-07-05T13:15:32Z</time>
      </trkpt>
      <trkpt lat="44.15735" lon="-73.66157">
        <ele>829.46</ele>
        <time>2026-07-05T13:17:23Z</time>
      </trkpt>
      <trkpt lat="44.15735" lon="-73.66159">
        <ele>829.8</ele>
        <time>2026-07-05T13:17:24Z</time>
      </trkpt>
      <trkpt lat="44.15735" lon="-73.66164">
        <ele>830.67</ele>
        <time>2026-07-05T13:17:30Z</time>
      </trkpt>
      <trkpt lat="44.15734" lon="-73.66165">
        <ele>830.5</ele>
        <time>2026-07-05T13:17:31Z</time>
      </trkpt>
      <trkpt lat="44.15734" lon="-73.66169">
        <ele>831.07</ele>
        <time>2026-07-05T13:17:36Z</time>
      </trkpt>
      <trkpt lat="44.15734" lon="-73.66171">
        <ele>831.28</ele>
        <time>2026-07-05T13:17:38Z</time>
      </trkpt>
      <trkpt lat="44.15734" lon="-73.66174">
        <ele>831.61</ele>
        <time>2026-07-05T13:17:42Z</time>
      </trkpt>
      <trkpt lat="44.15734" lon="-73.66175">
        <ele>831.72</ele>
        <time>2026-07-05T13:17:43Z</time>
      </trkpt>
      <trkpt lat="44.15734" lon="-73.66177">
        <ele>831.85</ele>
        <time>2026-07-05T13:17:45Z</time>
      </trkpt>
      <trkpt lat="44.15735" lon="-73.6618">
        <ele>832.31</ele>
        <time>2026-07-05T13:17:48Z</time>
      </trkpt>
      <trkpt lat="44.15737" lon="-73.66183">
        <ele>833.24</ele>
        <time>2026-07-05T13:17:53Z</time>
      </trkpt>
      <trkpt lat="44.15739" lon="-73.66184">
        <ele>834.14</ele>
        <time>2026-07-05T13:17:57Z</time>
      </trkpt>
      <trkpt lat="44.1574" lon="-73.66184">
        <ele>834.56</ele>
        <time>2026-07-05T13:17:59Z</time>
      </trkpt>
      <trkpt lat="44.15741" lon="-73.66185">
        <ele>835.09</ele>
        <time>2026-07-05T13:18:01Z</time>
      </trkpt>
      <trkpt lat="44.15742" lon="-73.66184">
        <ele>835.4</ele>
        <time>2026-07-05T13:18:02Z</time>
      </trkpt>
      <trkpt lat="44.15742" lon="-73.66185">
        <ele>835.52</ele>
        <time>2026-07-05T13:18:05Z</time>
      </trkpt>
      <trkpt lat="44.15744" lon="-73.66186">
        <ele>836.53</ele>
        <time>2026-07-05T13:18:07Z</time>
      </trkpt>
      <trkpt lat="44.15744" lon="-73.66186">
        <ele>836.53</ele>
        <time>2026-07-05T13:18:13Z</time>
      </trkpt>
      <trkpt lat="44.15744" lon="-73.66186">
        <ele>836.53</ele>
        <time>2026-07-05T13:18:23Z</time>
      </trkpt>
      <trkpt lat="44.15747" lon="-73.66185">
        <ele>837.67</ele>
        <time>2026-07-05T13:18:27Z</time>
      </trkpt>
      <trkpt lat="44.15749" lon="-73.66185">
        <ele>838.53</ele>
        <time>2026-07-05T13:18:32Z</time>
      </trkpt>
      <trkpt lat="44.1575" lon="-73.66185">
        <ele>838.96</ele>
        <time>2026-07-05T13:18:33Z</time>
      </trkpt>
      <trkpt lat="44.1575" lon="-73.66185">
        <ele>838.96</ele>
        <time>2026-07-05T13:18:38Z</time>
      </trkpt>
      <trkpt lat="44.15751" lon="-73.66185">
        <ele>839.5</ele>
        <time>2026-07-05T13:18:44Z</time>
      </trkpt>
      <trkpt lat="44.15752" lon="-73.66185">
        <ele>840.03</ele>
        <time>2026-07-05T13:18:45Z</time>
      </trkpt>
      <trkpt lat="44.15754" lon="-73.66185">
        <ele>841.1</ele>
        <time>2026-07-05T13:18:48Z</time>
      </trkpt>
      <trkpt lat="44.15754" lon="-73.66184">
        <ele>840.79</ele>
        <time>2026-07-05T13:18:52Z</time>
      </trkpt>
      <trkpt lat="44.15753" lon="-73.66185">
        <ele>840.57</ele>
        <time>2026-07-05T13:18:56Z</time>
      </trkpt>
      <trkpt lat="44.15754" lon="-73.66184">
        <ele>840.79</ele>
        <time>2026-07-05T13:18:58Z</time>
      </trkpt>
      <trkpt lat="44.15755" lon="-73.66184">
        <ele>841.31</ele>
        <time>2026-07-05T13:19:00Z</time>
      </trkpt>
      <trkpt lat="44.15756" lon="-73.66183">
        <ele>841.46</ele>
        <time>2026-07-05T13:19:02Z</time>
      </trkpt>
      <trkpt lat="44.15758" lon="-73.66181">
        <ele>841.63</ele>
        <time>2026-07-05T13:19:07Z</time>
      </trkpt>
      <trkpt lat="44.15758" lon="-73.6618">
        <ele>841.23</ele>
        <time>2026-07-05T13:19:23Z</time>
      </trkpt>
      <trkpt lat="44.15758" lon="-73.6618">
        <ele>841.23</ele>
        <time>2026-07-05T13:19:33Z</time>
      </trkpt>
      <trkpt lat="44.15759" lon="-73.66179">
        <ele>841.23</ele>
        <time>2026-07-05T13:19:35Z</time>
      </trkpt>
      <trkpt lat="44.15759" lon="-73.66178">
        <ele>840.8</ele>
        <time>2026-07-05T13:19:39Z</time>
      </trkpt>
      <trkpt lat="44.15759" lon="-73.66178">
        <ele>840.8</ele>
        <time>2026-07-05T13:19:41Z</time>
      </trkpt>
      <trkpt lat="44.1576" lon="-73.66177">
        <ele>840.86</ele>
        <time>2026-07-05T13:19:52Z</time>
      </trkpt>
      <trkpt lat="44.1576" lon="-73.66178">
        <ele>841.3</ele>
        <time>2026-07-05T13:19:54Z</time>
      </trkpt>
      <trkpt lat="44.1576" lon="-73.66177">
        <ele>840.86</ele>
        <time>2026-07-05T13:19:58Z</time>
      </trkpt>
      <trkpt lat="44.1576" lon="-73.66177">
        <ele>840.86</ele>
        <time>2026-07-05T13:20:00Z</time>
      </trkpt>
      <trkpt lat="44.1576" lon="-73.66178">
        <ele>841.3</ele>
        <time>2026-07-05T13:20:11Z</time>
      </trkpt>
      <trkpt lat="44.1576" lon="-73.66178">
        <ele>841.3</ele>
        <time>2026-07-05T13:20:19Z</time>
      </trkpt>
      <trkpt lat="44.1576" lon="-73.66178">
        <ele>841.3</ele>
        <time>2026-07-05T13:20:26Z</time>
      </trkpt>
      <trkpt lat="44.15759" lon="-73.66178">
        <ele>840.8</ele>
        <time>2026-07-05T13:20:31Z</time>
      </trkpt>
      <trkpt lat="44.1576" lon="-73.66178">
        <ele>841.3</ele>
        <time>2026-07-05T13:20:36Z</time>
      </trkpt>
      <trkpt lat="44.15761" lon="-73.66177">
        <ele>841.4</ele>
        <time>2026-07-05T13:20:40Z</time>
      </trkpt>
      <trkpt lat="44.15761" lon="-73.66177">
        <ele>841.4</ele>
        <time>2026-07-05T13:20:43Z</time>
      </trkpt>
      <trkpt lat="44.15761" lon="-73.66177">
        <ele>841.4</ele>
        <time>2026-07-05T13:20:58Z</time>
      </trkpt>
      <trkpt lat="44.15763" lon="-73.66179">
        <ele>843.35</ele>
        <time>2026-07-05T13:21:03Z</time>
      </trkpt>
      <trkpt lat="44.15763" lon="-73.66178">
        <ele>842.92</ele>
        <time>2026-07-05T13:21:05Z</time>
      </trkpt>
      <trkpt lat="44.15764" lon="-73.66178">
        <ele>843.46</ele>
        <time>2026-07-05T13:21:12Z</time>
      </trkpt>
      <trkpt lat="44.15766" lon="-73.66177">
        <ele>844.1</ele>
        <time>2026-07-05T13:21:23Z</time>
      </trkpt>
      <trkpt lat="44.15769" lon="-73.66178">
        <ele>846.21</ele>
        <time>2026-07-05T13:21:29Z</time>
      </trkpt>
      <trkpt lat="44.15769" lon="-73.66178">
        <ele>846.21</ele>
        <time>2026-07-05T13:21:30Z</time>
      </trkpt>
      <trkpt lat="44.15769" lon="-73.66179">
        <ele>846.64</ele>
        <time>2026-07-05T13:21:41Z</time>
      </trkpt>
      <trkpt lat="44.15769" lon="-73.66178">
        <ele>846.21</ele>
        <time>2026-07-05T13:21:42Z</time>
      </trkpt>
      <trkpt lat="44.15769" lon="-73.6618">
        <ele>847.07</ele>
        <time>2026-07-05T13:21:50Z</time>
      </trkpt>
      <trkpt lat="44.15768" lon="-73.66185">
        <ele>848.64</ele>
        <time>2026-07-05T13:22:25Z</time>
      </trkpt>
      <trkpt lat="44.15768" lon="-73.66186">
        <ele>849.07</ele>
        <time>2026-07-05T13:22:26Z</time>
      </trkpt>
      <trkpt lat="44.15769" lon="-73.66188">
        <ele>850.53</ele>
        <time>2026-07-05T13:22:29Z</time>
      </trkpt>
      <trkpt lat="44.15769" lon="-73.6619">
        <ele>851.39</ele>
        <time>2026-07-05T13:22:32Z</time>
      </trkpt>
      <trkpt lat="44.15769" lon="-73.66191">
        <ele>851.82</ele>
        <time>2026-07-05T13:22:33Z</time>
      </trkpt>
      <trkpt lat="44.15769" lon="-73.66193">
        <ele>852.69</ele>
        <time>2026-07-05T13:22:36Z</time>
      </trkpt>
      <trkpt lat="44.15768" lon="-73.66196">
        <ele>853.32</ele>
        <time>2026-07-05T13:22:40Z</time>
      </trkpt>
      <trkpt lat="44.15769" lon="-73.66198">
        <ele>854.83</ele>
        <time>2026-07-05T13:22:43Z</time>
      </trkpt>
      <trkpt lat="44.15769" lon="-73.66198">
        <ele>854.83</ele>
        <time>2026-07-05T13:22:47Z</time>
      </trkpt>
      <trkpt lat="44.1577" lon="-73.662">
        <ele>856.26</ele>
        <time>2026-07-05T13:22:51Z</time>
      </trkpt>
      <trkpt lat="44.1577" lon="-73.66201">
        <ele>856.68</ele>
        <time>2026-07-05T13:22:53Z</time>
      </trkpt>
      <trkpt lat="44.15771" lon="-73.66203">
        <ele>858.06</ele>
        <time>2026-07-05T13:22:57Z</time>
      </trkpt>
      <trkpt lat="44.15771" lon="-73.66204">
        <ele>858.43</ele>
        <time>2026-07-05T13:22:59Z</time>
      </trkpt>
      <trkpt lat="44.15773" lon="-73.66206">
        <ele>860.04</ele>
        <time>2026-07-05T13:23:04Z</time>
      </trkpt>
      <trkpt lat="44.15773" lon="-73.66206">
        <ele>860.04</ele>
        <time>2026-07-05T13:23:06Z</time>
      </trkpt>
      <trkpt lat="44.15773" lon="-73.66207">
        <ele>860.32</ele>
        <time>2026-07-05T13:23:11Z</time>
      </trkpt>
      <trkpt lat="44.15773" lon="-73.66207">
        <ele>860.32</ele>
        <time>2026-07-05T13:23:14Z</time>
      </trkpt>
      <trkpt lat="44.15775" lon="-73.66209">
        <ele>861.82</ele>
        <time>2026-07-05T13:23:30Z</time>
      </trkpt>
      <trkpt lat="44.15774" lon="-73.66208">
        <ele>861.08</ele>
        <time>2026-07-05T13:23:36Z</time>
      </trkpt>
      <trkpt lat="44.15773" lon="-73.66207">
        <ele>860.32</ele>
        <time>2026-07-05T13:23:38Z</time>
      </trkpt>
      <trkpt lat="44.15774" lon="-73.66208">
        <ele>861.08</ele>
        <time>2026-07-05T13:24:35Z</time>
      </trkpt>
      <trkpt lat="44.15774" lon="-73.66209">
        <ele>861.34</ele>
        <time>2026-07-05T13:24:39Z</time>
      </trkpt>
      <trkpt lat="44.15774" lon="-73.66208">
        <ele>861.08</ele>
        <time>2026-07-05T13:24:42Z</time>
      </trkpt>
      <trkpt lat="44.15773" lon="-73.66207">
        <ele>860.32</ele>
        <time>2026-07-05T13:24:45Z</time>
      </trkpt>
      <trkpt lat="44.15774" lon="-73.66208">
        <ele>861.08</ele>
        <time>2026-07-05T13:24:46Z</time>
      </trkpt>
      <trkpt lat="44.15777" lon="-73.6621">
        <ele>863.0</ele>
        <time>2026-07-05T13:24:52Z</time>
      </trkpt>
      <trkpt lat="44.15777" lon="-73.66211">
        <ele>863.22</ele>
        <time>2026-07-05T13:24:53Z</time>
      </trkpt>
      <trkpt lat="44.15778" lon="-73.66212">
        <ele>863.89</ele>
        <time>2026-07-05T13:24:56Z</time>
      </trkpt>
      <trkpt lat="44.15779" lon="-73.66214">
        <ele>864.65</ele>
        <time>2026-07-05T13:25:00Z</time>
      </trkpt>
      <trkpt lat="44.1578" lon="-73.66215">
        <ele>865.23</ele>
        <time>2026-07-05T13:25:03Z</time>
      </trkpt>
      <trkpt lat="44.15782" lon="-73.66219">
        <ele>866.77</ele>
        <time>2026-07-05T13:25:07Z</time>
      </trkpt>
      <trkpt lat="44.15782" lon="-73.66219">
        <ele>866.77</ele>
        <time>2026-07-05T13:25:08Z</time>
      </trkpt>
      <trkpt lat="44.15784" lon="-73.66222">
        <ele>868.32</ele>
        <time>2026-07-05T13:25:14Z</time>
      </trkpt>
      <trkpt lat="44.15785" lon="-73.66223">
        <ele>868.9</ele>
        <time>2026-07-05T13:25:16Z</time>
      </trkpt>
      <trkpt lat="44.15785" lon="-73.66223">
        <ele>868.9</ele>
        <time>2026-07-05T13:25:20Z</time>
      </trkpt>
      <trkpt lat="44.15786" lon="-73.66224">
        <ele>869.44</ele>
        <time>2026-07-05T13:25:22Z</time>
      </trkpt>
      <trkpt lat="44.15787" lon="-73.66225">
        <ele>869.98</ele>
        <time>2026-07-05T13:25:25Z</time>
      </trkpt>
      <trkpt lat="44.1579" lon="-73.66228">
        <ele>870.96</ele>
        <time>2026-07-05T13:25:31Z</time>
      </trkpt>
      <trkpt lat="44.15793" lon="-73.66228">
        <ele>871.93</ele>
        <time>2026-07-05T13:25:36Z</time>
      </trkpt>
      <trkpt lat="44.15795" lon="-73.66229">
        <ele>872.58</ele>
        <time>2026-07-05T13:25:39Z</time>
      </trkpt>
      <trkpt lat="44.15796" lon="-73.66229">
        <ele>872.9</ele>
        <time>2026-07-05T13:25:41Z</time>
      </trkpt>
      <trkpt lat="44.15796" lon="-73.66229">
        <ele>872.9</ele>
        <time>2026-07-05T13:25:44Z</time>
      </trkpt>
      <trkpt lat="44.15796" lon="-73.66229">
        <ele>872.9</ele>
        <time>2026-07-05T13:25:49Z</time>
      </trkpt>
      <trkpt lat="44.15798" lon="-73.6623">
        <ele>873.71</ele>
        <time>2026-07-05T13:26:00Z</time>
      </trkpt>
      <trkpt lat="44.158" lon="-73.66232">
        <ele>874.6</ele>
        <time>2026-07-05T13:26:05Z</time>
      </trkpt>
      <trkpt lat="44.15802" lon="-73.66233">
        <ele>875.46</ele>
        <time>2026-07-05T13:26:08Z</time>
      </trkpt>
      <trkpt lat="44.15804" lon="-73.66237">
        <ele>876.33</ele>
        <time>2026-07-05T13:26:13Z</time>
      </trkpt>
      <trkpt lat="44.15805" lon="-73.66237">
        <ele>876.76</ele>
        <time>2026-07-05T13:26:14Z</time>
      </trkpt>
      <trkpt lat="44.1581" lon="-73.66239">
        <ele>878.83</ele>
        <time>2026-07-05T13:26:21Z</time>
      </trkpt>
      <trkpt lat="44.15813" lon="-73.66239">
        <ele>880.06</ele>
        <time>2026-07-05T13:26:26Z</time>
      </trkpt>
      <trkpt lat="44.15814" lon="-73.66239">
        <ele>880.48</ele>
        <time>2026-07-05T13:26:27Z</time>
      </trkpt>
      <trkpt lat="44.15816" lon="-73.66236">
        <ele>880.74</ele>
        <time>2026-07-05T13:26:33Z</time>
      </trkpt>
      <trkpt lat="44.15818" lon="-73.66234">
        <ele>880.96</ele>
        <time>2026-07-05T13:26:35Z</time>
      </trkpt>
      <trkpt lat="44.15818" lon="-73.66233">
        <ele>880.85</ele>
        <time>2026-07-05T13:26:40Z</time>
      </trkpt>
      <trkpt lat="44.1582" lon="-73.66231">
        <ele>881.02</ele>
        <time>2026-07-05T13:26:46Z</time>
      </trkpt>
      <trkpt lat="44.15822" lon="-73.6623">
        <ele>881.23</ele>
        <time>2026-07-05T13:26:49Z</time>
      </trkpt>
      <trkpt lat="44.15822" lon="-73.6623">
        <ele>881.23</ele>
        <time>2026-07-05T13:26:52Z</time>
      </trkpt>
      <trkpt lat="44.15822" lon="-73.66231">
        <ele>881.45</ele>
        <time>2026-07-05T13:26:53Z</time>
      </trkpt>
      <trkpt lat="44.15825" lon="-73.66232">
        <ele>882.26</ele>
        <time>2026-07-05T13:26:59Z</time>
      </trkpt>
      <trkpt lat="44.15826" lon="-73.66233">
        <ele>882.58</ele>
        <time>2026-07-05T13:27:01Z</time>
      </trkpt>
      <trkpt lat="44.15829" lon="-73.6623">
        <ele>882.74</ele>
        <time>2026-07-05T13:27:07Z</time>
      </trkpt>
      <trkpt lat="44.1583" lon="-73.6623">
        <ele>882.96</ele>
        <time>2026-07-05T13:27:09Z</time>
      </trkpt>
      <trkpt lat="44.1583" lon="-73.66231">
        <ele>883.18</ele>
        <time>2026-07-05T13:27:13Z</time>
      </trkpt>
      <trkpt lat="44.15832" lon="-73.66229">
        <ele>883.18</ele>
        <time>2026-07-05T13:27:21Z</time>
      </trkpt>
      <trkpt lat="44.15833" lon="-73.66227">
        <ele>882.96</ele>
        <time>2026-07-05T13:27:23Z</time>
      </trkpt>
      <trkpt lat="44.15834" lon="-73.66223">
        <ele>882.24</ele>
        <time>2026-07-05T13:27:31Z</time>
      </trkpt>
      <trkpt lat="44.15836" lon="-73.6622">
        <ele>881.81</ele>
        <time>2026-07-05T13:27:39Z</time>
      </trkpt>
      <trkpt lat="44.15837" lon="-73.66218">
        <ele>881.48</ele>
        <time>2026-07-05T13:27:44Z</time>
      </trkpt>
      <trkpt lat="44.15838" lon="-73.66217">
        <ele>881.38</ele>
        <time>2026-07-05T13:27:46Z</time>
      </trkpt>
      <trkpt lat="44.15841" lon="-73.66214">
        <ele>881.05</ele>
        <time>2026-07-05T13:27:50Z</time>
      </trkpt>
      <trkpt lat="44.15842" lon="-73.66214">
        <ele>881.16</ele>
        <time>2026-07-05T13:27:52Z</time>
      </trkpt>
      <trkpt lat="44.15843" lon="-73.66213">
        <ele>881.1</ele>
        <time>2026-07-05T13:27:55Z</time>
      </trkpt>
      <trkpt lat="44.15848" lon="-73.66209">
        <ele>880.88</ele>
        <time>2026-07-05T13:28:03Z</time>
      </trkpt>
      <trkpt lat="44.15849" lon="-73.66209">
        <ele>881.1</ele>
        <time>2026-07-05T13:28:04Z</time>
      </trkpt>
      <trkpt lat="44.1585" lon="-73.66208">
        <ele>880.99</ele>
        <time>2026-07-05T13:28:06Z</time>
      </trkpt>
      <trkpt lat="44.15852" lon="-73.66207">
        <ele>881.08</ele>
        <time>2026-07-05T13:28:09Z</time>
      </trkpt>
      <trkpt lat="44.15853" lon="-73.66204">
        <ele>880.22</ele>
        <time>2026-07-05T13:28:14Z</time>
      </trkpt>
      <trkpt lat="44.15853" lon="-73.66204">
        <ele>880.22</ele>
        <time>2026-07-05T13:28:31Z</time>
      </trkpt>
      <trkpt lat="44.15858" lon="-73.66204">
        <ele>880.76</ele>
        <time>2026-07-05T13:28:37Z</time>
      </trkpt>
      <trkpt lat="44.15859" lon="-73.66204">
        <ele>880.87</ele>
        <time>2026-07-05T13:28:39Z</time>
      </trkpt>
      <trkpt lat="44.15864" lon="-73.66207">
        <ele>882.07</ele>
        <time>2026-07-05T13:28:46Z</time>
      </trkpt>
      <trkpt lat="44.15871" lon="-73.66211">
        <ele>883.43</ele>
        <time>2026-07-05T13:28:57Z</time>
      </trkpt>
      <trkpt lat="44.15873" lon="-73.66212">
        <ele>883.97</ele>
        <time>2026-07-05T13:29:00Z</time>
      </trkpt>
      <trkpt lat="44.15875" lon="-73.66212">
        <ele>884.19</ele>
        <time>2026-07-05T13:29:05Z</time>
      </trkpt>
      <trkpt lat="44.1588" lon="-73.66213">
        <ele>885.01</ele>
        <time>2026-07-05T13:29:11Z</time>
      </trkpt>
      <trkpt lat="44.15881" lon="-73.66214">
        <ele>885.35</ele>
        <time>2026-07-05T13:29:12Z</time>
      </trkpt>
      <trkpt lat="44.15882" lon="-73.66215">
        <ele>885.72</ele>
        <time>2026-07-05T13:29:17Z</time>
      </trkpt>
      <trkpt lat="44.15884" lon="-73.66215">
        <ele>885.76</ele>
        <time>2026-07-05T13:29:20Z</time>
      </trkpt>
      <trkpt lat="44.15886" lon="-73.66216">
        <ele>886.21</ele>
        <time>2026-07-05T13:29:23Z</time>
      </trkpt>
      <trkpt lat="44.1589" lon="-73.66218">
        <ele>887.18</ele>
        <time>2026-07-05T13:29:28Z</time>
      </trkpt>
      <trkpt lat="44.1589" lon="-73.66219">
        <ele>887.61</ele>
        <time>2026-07-05T13:29:29Z</time>
      </trkpt>
      <trkpt lat="44.1589" lon="-73.6622">
        <ele>888.04</ele>
        <time>2026-07-05T13:29:34Z</time>
      </trkpt>
      <trkpt lat="44.15891" lon="-73.66222">
        <ele>888.9</ele>
        <time>2026-07-05T13:29:37Z</time>
      </trkpt>
      <trkpt lat="44.15891" lon="-73.66223">
        <ele>889.27</ele>
        <time>2026-07-05T13:29:39Z</time>
      </trkpt>
      <trkpt lat="44.15892" lon="-73.66224">
        <ele>889.64</ele>
        <time>2026-07-05T13:29:42Z</time>
      </trkpt>
      <trkpt lat="44.15892" lon="-73.66224">
        <ele>889.64</ele>
        <time>2026-07-05T13:29:44Z</time>
      </trkpt>
      <trkpt lat="44.15892" lon="-73.66227">
        <ele>890.72</ele>
        <time>2026-07-05T13:29:48Z</time>
      </trkpt>
      <trkpt lat="44.15892" lon="-73.66228">
        <ele>891.08</ele>
        <time>2026-07-05T13:29:49Z</time>
      </trkpt>
      <trkpt lat="44.15892" lon="-73.66228">
        <ele>891.08</ele>
        <time>2026-07-05T13:29:50Z</time>
      </trkpt>
      <trkpt lat="44.15893" lon="-73.66229">
        <ele>891.52</ele>
        <time>2026-07-05T13:29:52Z</time>
      </trkpt>
      <trkpt lat="44.15894" lon="-73.66231">
        <ele>892.37</ele>
        <time>2026-07-05T13:29:55Z</time>
      </trkpt>
      <trkpt lat="44.15894" lon="-73.66232">
        <ele>892.75</ele>
        <time>2026-07-05T13:29:59Z</time>
      </trkpt>
      <trkpt lat="44.15895" lon="-73.66233">
        <ele>893.21</ele>
        <time>2026-07-05T13:30:02Z</time>
      </trkpt>
      <trkpt lat="44.15895" lon="-73.66235">
        <ele>893.93</ele>
        <time>2026-07-05T13:30:07Z</time>
      </trkpt>
      <trkpt lat="44.15897" lon="-73.66237">
        <ele>894.74</ele>
        <time>2026-07-05T13:30:12Z</time>
      </trkpt>
      <trkpt lat="44.15897" lon="-73.66237">
        <ele>894.74</ele>
        <time>2026-07-05T13:30:15Z</time>
      </trkpt>
      <trkpt lat="44.15897" lon="-73.66238">
        <ele>895.08</ele>
        <time>2026-07-05T13:30:23Z</time>
      </trkpt>
      <trkpt lat="44.15897" lon="-73.6624">
        <ele>895.75</ele>
        <time>2026-07-05T13:30:25Z</time>
      </trkpt>
      <trkpt lat="44.15896" lon="-73.66241">
        <ele>896.08</ele>
        <time>2026-07-05T13:30:29Z</time>
      </trkpt>
      <trkpt lat="44.15895" lon="-73.66241">
        <ele>896.08</ele>
        <time>2026-07-05T13:30:31Z</time>
      </trkpt>
      <trkpt lat="44.15895" lon="-73.66242">
        <ele>896.41</ele>
        <time>2026-07-05T13:30:34Z</time>
      </trkpt>
      <trkpt lat="44.15893" lon="-73.66244">
        <ele>897.06</ele>
        <time>2026-07-05T13:30:39Z</time>
      </trkpt>
      <trkpt lat="44.15892" lon="-73.66244">
        <ele>897.06</ele>
        <time>2026-07-05T13:30:40Z</time>
      </trkpt>
      <trkpt lat="44.1589" lon="-73.66248">
        <ele>898.35</ele>
        <time>2026-07-05T13:30:47Z</time>
      </trkpt>
      <trkpt lat="44.1589" lon="-73.66248">
        <ele>898.35</ele>
        <time>2026-07-05T13:30:48Z</time>
      </trkpt>
      <trkpt lat="44.15889" lon="-73.66248">
        <ele>898.35</ele>
        <time>2026-07-05T13:31:01Z</time>
      </trkpt>
      <trkpt lat="44.15889" lon="-73.66252">
        <ele>899.65</ele>
        <time>2026-07-05T13:31:06Z</time>
      </trkpt>
      <trkpt lat="44.15887" lon="-73.66252">
        <ele>899.4</ele>
        <time>2026-07-05T13:31:09Z</time>
      </trkpt>
      <trkpt lat="44.15886" lon="-73.66253">
        <ele>899.56</ele>
        <time>2026-07-05T13:31:11Z</time>
      </trkpt>
      <trkpt lat="44.15886" lon="-73.66253">
        <ele>899.56</ele>
        <time>2026-07-05T13:31:15Z</time>
      </trkpt>
      <trkpt lat="44.15885" lon="-73.66253">
        <ele>899.42</ele>
        <time>2026-07-05T13:31:22Z</time>
      </trkpt>
      <trkpt lat="44.15884" lon="-73.66252">
        <ele>899.01</ele>
        <time>2026-07-05T13:31:33Z</time>
      </trkpt>
      <trkpt lat="44.15884" lon="-73.66252">
        <ele>899.01</ele>
        <time>2026-07-05T13:31:38Z</time>
      </trkpt>
      <trkpt lat="44.15884" lon="-73.66253">
        <ele>899.27</ele>
        <time>2026-07-05T13:31:41Z</time>
      </trkpt>
      <trkpt lat="44.15882" lon="-73.66254">
        <ele>899.23</ele>
        <time>2026-07-05T13:31:45Z</time>
      </trkpt>
      <trkpt lat="44.15882" lon="-73.66257">
        <ele>899.96</ele>
        <time>2026-07-05T13:31:48Z</time>
      </trkpt>
      <trkpt lat="44.15881" lon="-73.66258">
        <ele>900.0</ele>
        <time>2026-07-05T13:31:49Z</time>
      </trkpt>
      <trkpt lat="44.15882" lon="-73.66259">
        <ele>900.45</ele>
        <time>2026-07-05T13:31:51Z</time>
      </trkpt>
      <trkpt lat="44.15881" lon="-73.6626">
        <ele>900.46</ele>
        <time>2026-07-05T13:31:53Z</time>
      </trkpt>
      <trkpt lat="44.15879" lon="-73.66262">
        <ele>900.44</ele>
        <time>2026-07-05T13:31:57Z</time>
      </trkpt>
      <trkpt lat="44.15879" lon="-73.66263">
        <ele>900.64</ele>
        <time>2026-07-05T13:31:59Z</time>
      </trkpt>
      <trkpt lat="44.15879" lon="-73.66264">
        <ele>900.85</ele>
        <time>2026-07-05T13:32:00Z</time>
      </trkpt>
      <trkpt lat="44.15877" lon="-73.66266">
        <ele>900.68</ele>
        <time>2026-07-05T13:32:05Z</time>
      </trkpt>
      <trkpt lat="44.15877" lon="-73.66267">
        <ele>900.87</ele>
        <time>2026-07-05T13:32:06Z</time>
      </trkpt>
      <trkpt lat="44.15877" lon="-73.66268">
        <ele>901.05</ele>
        <time>2026-07-05T13:32:07Z</time>
      </trkpt>
      <trkpt lat="44.15874" lon="-73.66276">
        <ele>902.11</ele>
        <time>2026-07-05T13:32:16Z</time>
      </trkpt>
      <trkpt lat="44.15874" lon="-73.66279">
        <ele>902.75</ele>
        <time>2026-07-05T13:32:19Z</time>
      </trkpt>
      <trkpt lat="44.15874" lon="-73.6628">
        <ele>902.9</ele>
        <time>2026-07-05T13:32:24Z</time>
      </trkpt>
      <trkpt lat="44.15872" lon="-73.66281">
        <ele>902.11</ele>
        <time>2026-07-05T13:32:33Z</time>
      </trkpt>
      <trkpt lat="44.15871" lon="-73.66287">
        <ele>902.34</ele>
        <time>2026-07-05T13:32:40Z</time>
      </trkpt>
      <trkpt lat="44.1587" lon="-73.66292">
        <ele>902.35</ele>
        <time>2026-07-05T13:32:45Z</time>
      </trkpt>
      <trkpt lat="44.15869" lon="-73.66294">
        <ele>902.05</ele>
        <time>2026-07-05T13:32:48Z</time>
      </trkpt>
      <trkpt lat="44.15868" lon="-73.66297">
        <ele>901.8</ele>
        <time>2026-07-05T13:32:53Z</time>
      </trkpt>
      <trkpt lat="44.15867" lon="-73.66303">
        <ele>901.9</ele>
        <time>2026-07-05T13:33:00Z</time>
      </trkpt>
      <trkpt lat="44.15867" lon="-73.66303">
        <ele>901.9</ele>
        <time>2026-07-05T13:33:08Z</time>
      </trkpt>
      <trkpt lat="44.15866" lon="-73.66307">
        <ele>901.72</ele>
        <time>2026-07-05T13:33:18Z</time>
      </trkpt>
      <trkpt lat="44.15867" lon="-73.66308">
        <ele>902.35</ele>
        <time>2026-07-05T13:33:22Z</time>
      </trkpt>
      <trkpt lat="44.15868" lon="-73.66309">
        <ele>903.0</ele>
        <time>2026-07-05T13:33:23Z</time>
      </trkpt>
      <trkpt lat="44.15868" lon="-73.66311">
        <ele>903.16</ele>
        <time>2026-07-05T13:33:25Z</time>
      </trkpt>
      <trkpt lat="44.15869" lon="-73.66311">
        <ele>903.76</ele>
        <time>2026-07-05T13:33:26Z</time>
      </trkpt>
      <trkpt lat="44.15869" lon="-73.66312">
        <ele>903.85</ele>
        <time>2026-07-05T13:33:32Z</time>
      </trkpt>
      <trkpt lat="44.15871" lon="-73.66315">
        <ele>905.34</ele>
        <time>2026-07-05T13:33:38Z</time>
      </trkpt>
      <trkpt lat="44.15872" lon="-73.66316">
        <ele>905.9</ele>
        <time>2026-07-05T13:33:40Z</time>
      </trkpt>
      <trkpt lat="44.15875" lon="-73.6632">
        <ele>907.78</ele>
        <time>2026-07-05T13:33:45Z</time>
      </trkpt>
      <trkpt lat="44.15875" lon="-73.66322">
        <ele>907.89</ele>
        <time>2026-07-05T13:33:47Z</time>
      </trkpt>
      <trkpt lat="44.15875" lon="-73.66323">
        <ele>907.94</ele>
        <time>2026-07-05T13:33:48Z</time>
      </trkpt>
      <trkpt lat="44.15876" lon="-73.66325">
        <ele>908.59</ele>
        <time>2026-07-05T13:33:50Z</time>
      </trkpt>
      <trkpt lat="44.15876" lon="-73.66327">
        <ele>908.46</ele>
        <time>2026-07-05T13:33:52Z</time>
      </trkpt>
      <trkpt lat="44.15877" lon="-73.66329">
        <ele>908.92</ele>
        <time>2026-07-05T13:33:54Z</time>
      </trkpt>
      <trkpt lat="44.15878" lon="-73.66336">
        <ele>909.12</ele>
        <time>2026-07-05T13:34:02Z</time>
      </trkpt>
      <trkpt lat="44.15879" lon="-73.66338">
        <ele>909.66</ele>
        <time>2026-07-05T13:34:12Z</time>
      </trkpt>
      <trkpt lat="44.15882" lon="-73.66343">
        <ele>910.99</ele>
        <time>2026-07-05T13:34:18Z</time>
      </trkpt>
      <trkpt lat="44.15885" lon="-73.66347">
        <ele>912.12</ele>
        <time>2026-07-05T13:34:22Z</time>
      </trkpt>
      <trkpt lat="44.15886" lon="-73.66348">
        <ele>912.57</ele>
        <time>2026-07-05T13:34:24Z</time>
      </trkpt>
      <trkpt lat="44.15886" lon="-73.6635">
        <ele>912.5</ele>
        <time>2026-07-05T13:34:31Z</time>
      </trkpt>
      <trkpt lat="44.15887" lon="-73.6635">
        <ele>913.02</ele>
        <time>2026-07-05T13:34:53Z</time>
      </trkpt>
      <trkpt lat="44.15888" lon="-73.66352">
        <ele>913.52</ele>
        <time>2026-07-05T13:34:56Z</time>
      </trkpt>
      <trkpt lat="44.15892" lon="-73.66356">
        <ele>915.65</ele>
        <time>2026-07-05T13:35:02Z</time>
      </trkpt>
      <trkpt lat="44.15894" lon="-73.66358">
        <ele>916.94</ele>
        <time>2026-07-05T13:35:06Z</time>
      </trkpt>
      <trkpt lat="44.15896" lon="-73.66359">
        <ele>918.26</ele>
        <time>2026-07-05T13:35:08Z</time>
      </trkpt>
      <trkpt lat="44.15897" lon="-73.6636">
        <ele>919.05</ele>
        <time>2026-07-05T13:35:10Z</time>
      </trkpt>
      <trkpt lat="44.15898" lon="-73.66361">
        <ele>919.88</ele>
        <time>2026-07-05T13:35:11Z</time>
      </trkpt>
      <trkpt lat="44.15899" lon="-73.66362">
        <ele>920.01</ele>
        <time>2026-07-05T13:35:13Z</time>
      </trkpt>
      <trkpt lat="44.159" lon="-73.66365">
        <ele>920.08</ele>
        <time>2026-07-05T13:35:16Z</time>
      </trkpt>
      <trkpt lat="44.159" lon="-73.66366">
        <ele>920.11</ele>
        <time>2026-07-05T13:35:17Z</time>
      </trkpt>
      <trkpt lat="44.15903" lon="-73.66369">
        <ele>920.45</ele>
        <time>2026-07-05T13:35:22Z</time>
      </trkpt>
      <trkpt lat="44.15902" lon="-73.66368">
        <ele>920.31</ele>
        <time>2026-07-05T13:35:29Z</time>
      </trkpt>
      <trkpt lat="44.15904" lon="-73.6637">
        <ele>920.61</ele>
        <time>2026-07-05T13:35:38Z</time>
      </trkpt>
      <trkpt lat="44.15906" lon="-73.66372">
        <ele>920.97</ele>
        <time>2026-07-05T13:35:41Z</time>
      </trkpt>
      <trkpt lat="44.15908" lon="-73.66374">
        <ele>921.23</ele>
        <time>2026-07-05T13:35:45Z</time>
      </trkpt>
      <trkpt lat="44.15908" lon="-73.66375">
        <ele>921.34</ele>
        <time>2026-07-05T13:35:46Z</time>
      </trkpt>
      <trkpt lat="44.15909" lon="-73.66378">
        <ele>921.45</ele>
        <time>2026-07-05T13:35:53Z</time>
      </trkpt>
      <trkpt lat="44.15911" lon="-73.66382">
        <ele>921.07</ele>
        <time>2026-07-05T13:36:00Z</time>
      </trkpt>
      <trkpt lat="44.15911" lon="-73.66383">
        <ele>921.0</ele>
        <time>2026-07-05T13:36:01Z</time>
      </trkpt>
      <trkpt lat="44.15914" lon="-73.66388">
        <ele>920.32</ele>
        <time>2026-07-05T13:36:08Z</time>
      </trkpt>
      <trkpt lat="44.15914" lon="-73.66393">
        <ele>919.72</ele>
        <time>2026-07-05T13:36:14Z</time>
      </trkpt>
      <trkpt lat="44.15915" lon="-73.66394">
        <ele>919.53</ele>
        <time>2026-07-05T13:36:16Z</time>
      </trkpt>
      <trkpt lat="44.15917" lon="-73.66402">
        <ele>918.56</ele>
        <time>2026-07-05T13:36:26Z</time>
      </trkpt>
      <trkpt lat="44.15919" lon="-73.66413">
        <ele>917.55</ele>
        <time>2026-07-05T13:36:34Z</time>
      </trkpt>
      <trkpt lat="44.1592" lon="-73.6642">
        <ele>917.0</ele>
        <time>2026-07-05T13:36:42Z</time>
      </trkpt>
      <trkpt lat="44.15922" lon="-73.66426">
        <ele>916.57</ele>
        <time>2026-07-05T13:36:48Z</time>
      </trkpt>
      <trkpt lat="44.15923" lon="-73.66427">
        <ele>916.57</ele>
        <time>2026-07-05T13:36:49Z</time>
      </trkpt>
      <trkpt lat="44.15927" lon="-73.66436">
        <ele>916.11</ele>
        <time>2026-07-05T13:36:59Z</time>
      </trkpt>
      <trkpt lat="44.15933" lon="-73.66441">
        <ele>916.28</ele>
        <time>2026-07-05T13:37:06Z</time>
      </trkpt>
      <trkpt lat="44.15935" lon="-73.66449">
        <ele>915.99</ele>
        <time>2026-07-05T13:37:14Z</time>
      </trkpt>
      <trkpt lat="44.15934" lon="-73.66454">
        <ele>915.87</ele>
        <time>2026-07-05T13:37:18Z</time>
      </trkpt>
      <trkpt lat="44.15933" lon="-73.66458">
        <ele>915.65</ele>
        <time>2026-07-05T13:37:23Z</time>
      </trkpt>
      <trkpt lat="44.15932" lon="-73.6646">
        <ele>915.42</ele>
        <time>2026-07-05T13:37:29Z</time>
      </trkpt>
      <trkpt lat="44.15935" lon="-73.66465">
        <ele>915.74</ele>
        <time>2026-07-05T13:37:36Z</time>
      </trkpt>
      <trkpt lat="44.15938" lon="-73.66472">
        <ele>915.32</ele>
        <time>2026-07-05T13:37:42Z</time>
      </trkpt>
      <trkpt lat="44.15938" lon="-73.66473">
        <ele>915.25</ele>
        <time>2026-07-05T13:37:43Z</time>
      </trkpt>
      <trkpt lat="44.15938" lon="-73.66474">
        <ele>915.17</ele>
        <time>2026-07-05T13:37:44Z</time>
      </trkpt>
      <trkpt lat="44.15937" lon="-73.66479">
        <ele>914.61</ele>
        <time>2026-07-05T13:37:50Z</time>
      </trkpt>
      <trkpt lat="44.15937" lon="-73.66479">
        <ele>914.61</ele>
        <time>2026-07-05T13:37:52Z</time>
      </trkpt>
      <trkpt lat="44.15937" lon="-73.66479">
        <ele>914.61</ele>
        <time>2026-07-05T13:38:12Z</time>
      </trkpt>
      <trkpt lat="44.15938" lon="-73.66487">
        <ele>914.01</ele>
        <time>2026-07-05T13:38:19Z</time>
      </trkpt>
      <trkpt lat="44.15938" lon="-73.66487">
        <ele>914.01</ele>
        <time>2026-07-05T13:38:23Z</time>
      </trkpt>
      <trkpt lat="44.15938" lon="-73.66487">
        <ele>914.01</ele>
        <time>2026-07-05T13:38:26Z</time>
      </trkpt>
      <trkpt lat="44.1594" lon="-73.66492">
        <ele>913.84</ele>
        <time>2026-07-05T13:38:32Z</time>
      </trkpt>
      <trkpt lat="44.15944" lon="-73.66498">
        <ele>914.08</ele>
        <time>2026-07-05T13:38:39Z</time>
      </trkpt>
      <trkpt lat="44.15947" lon="-73.66506">
        <ele>914.18</ele>
        <time>2026-07-05T13:38:47Z</time>
      </trkpt>
      <trkpt lat="44.15947" lon="-73.66507">
        <ele>914.07</ele>
        <time>2026-07-05T13:38:48Z</time>
      </trkpt>
      <trkpt lat="44.15951" lon="-73.66518">
        <ele>913.9</ele>
        <time>2026-07-05T13:38:56Z</time>
      </trkpt>
      <trkpt lat="44.15955" lon="-73.66524">
        <ele>914.26</ele>
        <time>2026-07-05T13:39:03Z</time>
      </trkpt>
      <trkpt lat="44.15959" lon="-73.66526">
        <ele>915.45</ele>
        <time>2026-07-05T13:39:10Z</time>
      </trkpt>
      <trkpt lat="44.15961" lon="-73.6653">
        <ele>915.91</ele>
        <time>2026-07-05T13:39:17Z</time>
      </trkpt>
      <trkpt lat="44.15967" lon="-73.66535">
        <ele>917.0</ele>
        <time>2026-07-05T13:39:26Z</time>
      </trkpt>
      <trkpt lat="44.1597" lon="-73.66536">
        <ele>917.55</ele>
        <time>2026-07-05T13:39:30Z</time>
      </trkpt>
      <trkpt lat="44.15972" lon="-73.66537">
        <ele>917.95</ele>
        <time>2026-07-05T13:39:33Z</time>
      </trkpt>
      <trkpt lat="44.15971" lon="-73.66539">
        <ele>917.89</ele>
        <time>2026-07-05T13:39:35Z</time>
      </trkpt>
      <trkpt lat="44.15971" lon="-73.66541">
        <ele>918.05</ele>
        <time>2026-07-05T13:39:37Z</time>
      </trkpt>
      <trkpt lat="44.15971" lon="-73.66544">
        <ele>918.29</ele>
        <time>2026-07-05T13:39:40Z</time>
      </trkpt>
      <trkpt lat="44.1597" lon="-73.6655">
        <ele>917.94</ele>
        <time>2026-07-05T13:39:48Z</time>
      </trkpt>
      <trkpt lat="44.15968" lon="-73.66553">
        <ele>916.85</ele>
        <time>2026-07-05T13:39:50Z</time>
      </trkpt>
      <trkpt lat="44.15968" lon="-73.66554">
        <ele>916.8</ele>
        <time>2026-07-05T13:39:51Z</time>
      </trkpt>
      <trkpt lat="44.15967" lon="-73.6656">
        <ele>915.91</ele>
        <time>2026-07-05T13:39:57Z</time>
      </trkpt>
      <trkpt lat="44.15967" lon="-73.66569">
        <ele>915.62</ele>
        <time>2026-07-05T13:40:05Z</time>
      </trkpt>
      <trkpt lat="44.15967" lon="-73.6657">
        <ele>915.62</ele>
        <time>2026-07-05T13:40:06Z</time>
      </trkpt>
      <trkpt lat="44.15968" lon="-73.66571">
        <ele>916.26</ele>
        <time>2026-07-05T13:40:07Z</time>
      </trkpt>
      <trkpt lat="44.15971" lon="-73.66574">
        <ele>918.21</ele>
        <time>2026-07-05T13:40:11Z</time>
      </trkpt>
      <trkpt lat="44.15975" lon="-73.66581">
        <ele>920.2</ele>
        <time>2026-07-05T13:40:18Z</time>
      </trkpt>
      <trkpt lat="44.15978" lon="-73.66583">
        <ele>921.5</ele>
        <time>2026-07-05T13:40:22Z</time>
      </trkpt>
      <trkpt lat="44.1598" lon="-73.66584">
        <ele>922.29</ele>
        <time>2026-07-05T13:40:26Z</time>
      </trkpt>
      <trkpt lat="44.15981" lon="-73.66585">
        <ele>922.61</ele>
        <time>2026-07-05T13:40:27Z</time>
      </trkpt>
      <trkpt lat="44.15982" lon="-73.66586">
        <ele>922.8</ele>
        <time>2026-07-05T13:40:30Z</time>
      </trkpt>
      <trkpt lat="44.15983" lon="-73.66585">
        <ele>923.04</ele>
        <time>2026-07-05T13:40:32Z</time>
      </trkpt>
      <trkpt lat="44.15984" lon="-73.66577">
        <ele>923.27</ele>
        <time>2026-07-05T13:40:38Z</time>
      </trkpt>
      <trkpt lat="44.15986" lon="-73.66568">
        <ele>923.17</ele>
        <time>2026-07-05T13:40:45Z</time>
      </trkpt>
      <trkpt lat="44.15984" lon="-73.66558">
        <ele>922.26</ele>
        <time>2026-07-05T13:40:53Z</time>
      </trkpt>
      <trkpt lat="44.15984" lon="-73.66554">
        <ele>921.71</ele>
        <time>2026-07-05T13:40:56Z</time>
      </trkpt>
      <trkpt lat="44.15983" lon="-73.6655">
        <ele>920.9</ele>
        <time>2026-07-05T13:41:01Z</time>
      </trkpt>
      <trkpt lat="44.15984" lon="-73.66551">
        <ele>921.15</ele>
        <time>2026-07-05T13:41:11Z</time>
      </trkpt>
      <trkpt lat="44.15984" lon="-73.66556">
        <ele>922.05</ele>
        <time>2026-07-05T13:41:29Z</time>
      </trkpt>
      <trkpt lat="44.15985" lon="-73.6656">
        <ele>922.48</ele>
        <time>2026-07-05T13:41:32Z</time>
      </trkpt>
      <trkpt lat="44.15985" lon="-73.66564">
        <ele>922.91</ele>
        <time>2026-07-05T13:41:35Z</time>
      </trkpt>
      <trkpt lat="44.15984" lon="-73.66566">
        <ele>923.03</ele>
        <time>2026-07-05T13:41:36Z</time>
      </trkpt>
      <trkpt lat="44.15988" lon="-73.66576">
        <ele>923.7</ele>
        <time>2026-07-05T13:41:44Z</time>
      </trkpt>
      <trkpt lat="44.15989" lon="-73.66579">
        <ele>923.81</ele>
        <time>2026-07-05T13:41:46Z</time>
      </trkpt>
      <trkpt lat="44.15991" lon="-73.66582">
        <ele>923.97</ele>
        <time>2026-07-05T13:41:49Z</time>
      </trkpt>
      <trkpt lat="44.15992" lon="-73.66584">
        <ele>923.94</ele>
        <time>2026-07-05T13:41:51Z</time>
      </trkpt>
      <trkpt lat="44.15993" lon="-73.66587">
        <ele>924.15</ele>
        <time>2026-07-05T13:41:54Z</time>
      </trkpt>
      <trkpt lat="44.15994" lon="-73.66592">
        <ele>924.58</ele>
        <time>2026-07-05T13:41:58Z</time>
      </trkpt>
      <trkpt lat="44.15995" lon="-73.66594">
        <ele>924.46</ele>
        <time>2026-07-05T13:42:00Z</time>
      </trkpt>
      <trkpt lat="44.15997" lon="-73.66601">
        <ele>924.03</ele>
        <time>2026-07-05T13:42:07Z</time>
      </trkpt>
      <trkpt lat="44.15998" lon="-73.66608">
        <ele>923.86</ele>
        <time>2026-07-05T13:42:14Z</time>
      </trkpt>
      <trkpt lat="44.15997" lon="-73.66611">
        <ele>923.68</ele>
        <time>2026-07-05T13:42:16Z</time>
      </trkpt>
      <trkpt lat="44.16001" lon="-73.66618">
        <ele>923.12</ele>
        <time>2026-07-05T13:42:22Z</time>
      </trkpt>
      <trkpt lat="44.16001" lon="-73.66617">
        <ele>923.22</ele>
        <time>2026-07-05T13:42:27Z</time>
      </trkpt>
      <trkpt lat="44.15999" lon="-73.66614">
        <ele>923.58</ele>
        <time>2026-07-05T13:42:33Z</time>
      </trkpt>
      <trkpt lat="44.15999" lon="-73.66614">
        <ele>923.58</ele>
        <time>2026-07-05T13:42:48Z</time>
      </trkpt>
      <trkpt lat="44.15997" lon="-73.66615">
        <ele>923.26</ele>
        <time>2026-07-05T13:42:53Z</time>
      </trkpt>
      <trkpt lat="44.15997" lon="-73.66616">
        <ele>923.15</ele>
        <time>2026-07-05T13:42:54Z</time>
      </trkpt>
      <trkpt lat="44.15994" lon="-73.66618">
        <ele>922.61</ele>
        <time>2026-07-05T13:42:58Z</time>
      </trkpt>
      <trkpt lat="44.15992" lon="-73.66621">
        <ele>922.07</ele>
        <time>2026-07-05T13:43:03Z</time>
      </trkpt>
      <trkpt lat="44.15991" lon="-73.66621">
        <ele>921.96</ele>
        <time>2026-07-05T13:43:04Z</time>
      </trkpt>
      <trkpt lat="44.15989" lon="-73.66627">
        <ele>920.72</ele>
        <time>2026-07-05T13:43:10Z</time>
      </trkpt>
      <trkpt lat="44.15987" lon="-73.66629">
        <ele>919.86</ele>
        <time>2026-07-05T13:43:14Z</time>
      </trkpt>
      <trkpt lat="44.15987" lon="-73.6663">
        <ele>919.71</ele>
        <time>2026-07-05T13:43:21Z</time>
      </trkpt>
      <trkpt lat="44.15986" lon="-73.66631">
        <ele>919.17</ele>
        <time>2026-07-05T13:43:22Z</time>
      </trkpt>
      <trkpt lat="44.15986" lon="-73.66638">
        <ele>917.66</ele>
        <time>2026-07-05T13:43:28Z</time>
      </trkpt>
      <trkpt lat="44.15988" lon="-73.66639">
        <ele>918.09</ele>
        <time>2026-07-05T13:43:33Z</time>
      </trkpt>
      <trkpt lat="44.15989" lon="-73.66639">
        <ele>918.41</ele>
        <time>2026-07-05T13:43:35Z</time>
      </trkpt>
      <trkpt lat="44.15988" lon="-73.66639">
        <ele>918.09</ele>
        <time>2026-07-05T13:43:48Z</time>
      </trkpt>
      <trkpt lat="44.15989" lon="-73.66639">
        <ele>918.41</ele>
        <time>2026-07-05T13:44:34Z</time>
      </trkpt>
      <trkpt lat="44.15989" lon="-73.66639">
        <ele>918.41</ele>
        <time>2026-07-05T13:44:38Z</time>
      </trkpt>
      <trkpt lat="44.15989" lon="-73.66639">
        <ele>918.41</ele>
        <time>2026-07-05T13:44:43Z</time>
      </trkpt>
      <trkpt lat="44.15988" lon="-73.66639">
        <ele>918.09</ele>
        <time>2026-07-05T13:44:51Z</time>
      </trkpt>
      <trkpt lat="44.15988" lon="-73.66638">
        <ele>918.3</ele>
        <time>2026-07-05T13:44:59Z</time>
      </trkpt>
      <trkpt lat="44.15988" lon="-73.66639">
        <ele>918.09</ele>
        <time>2026-07-05T13:45:16Z</time>
      </trkpt>
      <trkpt lat="44.15988" lon="-73.6664">
        <ele>917.87</ele>
        <time>2026-07-05T13:45:44Z</time>
      </trkpt>
      <trkpt lat="44.15988" lon="-73.66639">
        <ele>918.09</ele>
        <time>2026-07-05T13:45:54Z</time>
      </trkpt>
      <trkpt lat="44.15989" lon="-73.66639">
        <ele>918.41</ele>
        <time>2026-07-05T13:46:01Z</time>
      </trkpt>
      <trkpt lat="44.15989" lon="-73.66639">
        <ele>918.41</ele>
        <time>2026-07-05T13:46:08Z</time>
      </trkpt>
      <trkpt lat="44.15988" lon="-73.66639">
        <ele>918.09</ele>
        <time>2026-07-05T13:46:12Z</time>
      </trkpt>
      <trkpt lat="44.15988" lon="-73.66637">
        <ele>918.52</ele>
        <time>2026-07-05T13:46:20Z</time>
      </trkpt>
      <trkpt lat="44.15988" lon="-73.66639">
        <ele>918.09</ele>
        <time>2026-07-05T13:46:24Z</time>
      </trkpt>
      <trkpt lat="44.1599" lon="-73.66642">
        <ele>918.09</ele>
        <time>2026-07-05T13:46:37Z</time>
      </trkpt>
      <trkpt lat="44.15993" lon="-73.66651">
        <ele>916.63</ele>
        <time>2026-07-05T13:46:44Z</time>
      </trkpt>
      <trkpt lat="44.15994" lon="-73.66656">
        <ele>915.66</ele>
        <time>2026-07-05T13:46:49Z</time>
      </trkpt>
      <trkpt lat="44.15993" lon="-73.66661">
        <ele>914.56</ele>
        <time>2026-07-05T13:46:53Z</time>
      </trkpt>
      <trkpt lat="44.15993" lon="-73.66662">
        <ele>914.37</ele>
        <time>2026-07-05T13:46:56Z</time>
      </trkpt>
      <trkpt lat="44.15993" lon="-73.66664">
        <ele>913.99</ele>
        <time>2026-07-05T13:46:59Z</time>
      </trkpt>
      <trkpt lat="44.15992" lon="-73.66666">
        <ele>913.41</ele>
        <time>2026-07-05T13:47:01Z</time>
      </trkpt>
      <trkpt lat="44.15993" lon="-73.66668">
        <ele>913.2</ele>
        <time>2026-07-05T13:47:03Z</time>
      </trkpt>
      <trkpt lat="44.15995" lon="-73.66673">
        <ele>912.55</ele>
        <time>2026-07-05T13:47:07Z</time>
      </trkpt>
      <trkpt lat="44.15997" lon="-73.66675">
        <ele>912.55</ele>
        <time>2026-07-05T13:47:10Z</time>
      </trkpt>
      <trkpt lat="44.16" lon="-73.66678">
        <ele>912.55</ele>
        <time>2026-07-05T13:47:17Z</time>
      </trkpt>
      <trkpt lat="44.16" lon="-73.66679">
        <ele>912.34</ele>
        <time>2026-07-05T13:47:20Z</time>
      </trkpt>
      <trkpt lat="44.16001" lon="-73.6668">
        <ele>912.17</ele>
        <time>2026-07-05T13:47:23Z</time>
      </trkpt>
      <trkpt lat="44.16" lon="-73.66682">
        <ele>911.69</ele>
        <time>2026-07-05T13:47:28Z</time>
      </trkpt>
      <trkpt lat="44.16" lon="-73.66683">
        <ele>911.47</ele>
        <time>2026-07-05T13:47:31Z</time>
      </trkpt>
      <trkpt lat="44.16" lon="-73.66685">
        <ele>911.04</ele>
        <time>2026-07-05T13:47:33Z</time>
      </trkpt>
      <trkpt lat="44.16" lon="-73.66688">
        <ele>910.39</ele>
        <time>2026-07-05T13:47:37Z</time>
      </trkpt>
      <trkpt lat="44.16" lon="-73.6669">
        <ele>909.96</ele>
        <time>2026-07-05T13:47:39Z</time>
      </trkpt>
      <trkpt lat="44.16" lon="-73.6669">
        <ele>909.96</ele>
        <time>2026-07-05T13:47:42Z</time>
      </trkpt>
      <trkpt lat="44.16" lon="-73.66693">
        <ele>909.31</ele>
        <time>2026-07-05T13:47:46Z</time>
      </trkpt>
      <trkpt lat="44.16" lon="-73.66695">
        <ele>908.88</ele>
        <time>2026-07-05T13:47:48Z</time>
      </trkpt>
      <trkpt lat="44.16" lon="-73.66696">
        <ele>908.66</ele>
        <time>2026-07-05T13:47:50Z</time>
      </trkpt>
      <trkpt lat="44.15998" lon="-73.66699">
        <ele>907.8</ele>
        <time>2026-07-05T13:47:57Z</time>
      </trkpt>
      <trkpt lat="44.15996" lon="-73.66706">
        <ele>906.07</ele>
        <time>2026-07-05T13:48:03Z</time>
      </trkpt>
      <trkpt lat="44.15994" lon="-73.66707">
        <ele>905.64</ele>
        <time>2026-07-05T13:48:06Z</time>
      </trkpt>
      <trkpt lat="44.15993" lon="-73.66707">
        <ele>905.53</ele>
        <time>2026-07-05T13:48:11Z</time>
      </trkpt>
      <trkpt lat="44.15991" lon="-73.66708">
        <ele>905.1</ele>
        <time>2026-07-05T13:48:14Z</time>
      </trkpt>
      <trkpt lat="44.15988" lon="-73.6671">
        <ele>903.66</ele>
        <time>2026-07-05T13:48:20Z</time>
      </trkpt>
      <trkpt lat="44.15987" lon="-73.66711">
        <ele>903.13</ele>
        <time>2026-07-05T13:48:22Z</time>
      </trkpt>
      <trkpt lat="44.15983" lon="-73.6671">
        <ele>901.86</ele>
        <time>2026-07-05T13:48:28Z</time>
      </trkpt>
      <trkpt lat="44.15982" lon="-73.66711">
        <ele>901.39</ele>
        <time>2026-07-05T13:48:30Z</time>
      </trkpt>
      <trkpt lat="44.1598" lon="-73.66715">
        <ele>900.14</ele>
        <time>2026-07-05T13:48:35Z</time>
      </trkpt>
      <trkpt lat="44.15979" lon="-73.66718">
        <ele>899.38</ele>
        <time>2026-07-05T13:48:40Z</time>
      </trkpt>
      <trkpt lat="44.15978" lon="-73.66719">
        <ele>898.84</ele>
        <time>2026-07-05T13:48:42Z</time>
      </trkpt>
      <trkpt lat="44.15976" lon="-73.66721">
        <ele>897.76</ele>
        <time>2026-07-05T13:48:46Z</time>
      </trkpt>
      <trkpt lat="44.15974" lon="-73.66724">
        <ele>896.73</ele>
        <time>2026-07-05T13:48:50Z</time>
      </trkpt>
      <trkpt lat="44.15971" lon="-73.66731">
        <ele>895.47</ele>
        <time>2026-07-05T13:48:56Z</time>
      </trkpt>
      <trkpt lat="44.15969" lon="-73.66734">
        <ele>894.7</ele>
        <time>2026-07-05T13:48:59Z</time>
      </trkpt>
      <trkpt lat="44.15963" lon="-73.66741">
        <ele>893.1</ele>
        <time>2026-07-05T13:49:08Z</time>
      </trkpt>
      <trkpt lat="44.15959" lon="-73.66744">
        <ele>893.2</ele>
        <time>2026-07-05T13:49:14Z</time>
      </trkpt>
      <trkpt lat="44.15957" lon="-73.66746">
        <ele>893.42</ele>
        <time>2026-07-05T13:49:17Z</time>
      </trkpt>
      <trkpt lat="44.15956" lon="-73.66746">
        <ele>893.2</ele>
        <time>2026-07-05T13:49:18Z</time>
      </trkpt>
      <trkpt lat="44.15952" lon="-73.6675">
        <ele>893.45</ele>
        <time>2026-07-05T13:49:25Z</time>
      </trkpt>
      <trkpt lat="44.15951" lon="-73.66751">
        <ele>893.48</ele>
        <time>2026-07-05T13:49:26Z</time>
      </trkpt>
      <trkpt lat="44.15949" lon="-73.66754">
        <ele>893.99</ele>
        <time>2026-07-05T13:49:29Z</time>
      </trkpt>
      <trkpt lat="44.15949" lon="-73.6676">
        <ele>896.31</ele>
        <time>2026-07-05T13:49:33Z</time>
      </trkpt>
      <trkpt lat="44.1595" lon="-73.66761">
        <ele>896.91</ele>
        <time>2026-07-05T13:49:34Z</time>
      </trkpt>
      <trkpt lat="44.1595" lon="-73.66767">
        <ele>899.38</ele>
        <time>2026-07-05T13:49:39Z</time>
      </trkpt>
      <trkpt lat="44.15949" lon="-73.66772">
        <ele>901.13</ele>
        <time>2026-07-05T13:49:43Z</time>
      </trkpt>
      <trkpt lat="44.15949" lon="-73.66775">
        <ele>902.11</ele>
        <time>2026-07-05T13:49:45Z</time>
      </trkpt>
      <trkpt lat="44.15946" lon="-73.6678">
        <ele>903.9</ele>
        <time>2026-07-05T13:49:53Z</time>
      </trkpt>
      <trkpt lat="44.15942" lon="-73.66783">
        <ele>904.6</ele>
        <time>2026-07-05T13:50:00Z</time>
      </trkpt>
      <trkpt lat="44.15936" lon="-73.66791">
        <ele>906.3</ele>
        <time>2026-07-05T13:50:09Z</time>
      </trkpt>
      <trkpt lat="44.15931" lon="-73.66799">
        <ele>907.13</ele>
        <time>2026-07-05T13:50:16Z</time>
      </trkpt>
      <trkpt lat="44.15929" lon="-73.66803">
        <ele>907.48</ele>
        <time>2026-07-05T13:50:20Z</time>
      </trkpt>
      <trkpt lat="44.15928" lon="-73.66803">
        <ele>907.56</ele>
        <time>2026-07-05T13:50:22Z</time>
      </trkpt>
      <trkpt lat="44.15924" lon="-73.66803">
        <ele>907.4</ele>
        <time>2026-07-05T13:50:28Z</time>
      </trkpt>
      <trkpt lat="44.15915" lon="-73.66801">
        <ele>904.09</ele>
        <time>2026-07-05T13:50:36Z</time>
      </trkpt>
      <trkpt lat="44.1591" lon="-73.66805">
        <ele>902.33</ele>
        <time>2026-07-05T13:50:45Z</time>
      </trkpt>
      <trkpt lat="44.15904" lon="-73.66814">
        <ele>902.01</ele>
        <time>2026-07-05T13:50:53Z</time>
      </trkpt>
      <trkpt lat="44.15904" lon="-73.66814">
        <ele>902.01</ele>
        <time>2026-07-05T13:50:54Z</time>
      </trkpt>
      <trkpt lat="44.15902" lon="-73.66822">
        <ele>903.82</ele>
        <time>2026-07-05T13:51:01Z</time>
      </trkpt>
      <trkpt lat="44.159" lon="-73.66823">
        <ele>903.29</ele>
        <time>2026-07-05T13:51:04Z</time>
      </trkpt>
      <trkpt lat="44.15899" lon="-73.66825">
        <ele>903.65</ele>
        <time>2026-07-05T13:51:07Z</time>
      </trkpt>
      <trkpt lat="44.15899" lon="-73.66829">
        <ele>904.87</ele>
        <time>2026-07-05T13:51:11Z</time>
      </trkpt>
      <trkpt lat="44.159" lon="-73.66836">
        <ele>906.57</ele>
        <time>2026-07-05T13:51:15Z</time>
      </trkpt>
      <trkpt lat="44.15896" lon="-73.66842">
        <ele>906.21</ele>
        <time>2026-07-05T13:51:22Z</time>
      </trkpt>
      <trkpt lat="44.15891" lon="-73.66849">
        <ele>905.75</ele>
        <time>2026-07-05T13:51:30Z</time>
      </trkpt>
      <trkpt lat="44.15885" lon="-73.66854">
        <ele>905.07</ele>
        <time>2026-07-05T13:51:38Z</time>
      </trkpt>
      <trkpt lat="44.15879" lon="-73.66861">
        <ele>904.7</ele>
        <time>2026-07-05T13:51:47Z</time>
      </trkpt>
      <trkpt lat="44.15874" lon="-73.66863">
        <ele>903.1</ele>
        <time>2026-07-05T13:51:54Z</time>
      </trkpt>
      <trkpt lat="44.15873" lon="-73.66864">
        <ele>902.98</ele>
        <time>2026-07-05T13:51:55Z</time>
      </trkpt>
      <trkpt lat="44.15866" lon="-73.6687">
        <ele>901.48</ele>
        <time>2026-07-05T13:52:03Z</time>
      </trkpt>
      <trkpt lat="44.15865" lon="-73.66871">
        <ele>901.28</ele>
        <time>2026-07-05T13:52:04Z</time>
      </trkpt>
      <trkpt lat="44.15862" lon="-73.66881">
        <ele>902.68</ele>
        <time>2026-07-05T13:52:13Z</time>
      </trkpt>
      <trkpt lat="44.15855" lon="-73.66885">
        <ele>899.58</ele>
        <time>2026-07-05T13:52:22Z</time>
      </trkpt>
      <trkpt lat="44.15854" lon="-73.66886">
        <ele>899.3</ele>
        <time>2026-07-05T13:52:23Z</time>
      </trkpt>
      <trkpt lat="44.15851" lon="-73.66893">
        <ele>899.77</ele>
        <time>2026-07-05T13:52:29Z</time>
      </trkpt>
      <trkpt lat="44.15846" lon="-73.66901">
        <ele>899.65</ele>
        <time>2026-07-05T13:52:38Z</time>
      </trkpt>
      <trkpt lat="44.15846" lon="-73.66903">
        <ele>900.22</ele>
        <time>2026-07-05T13:52:50Z</time>
      </trkpt>
      <trkpt lat="44.15843" lon="-73.66909">
        <ele>900.68</ele>
        <time>2026-07-05T13:52:57Z</time>
      </trkpt>
      <trkpt lat="44.1584" lon="-73.66913">
        <ele>900.02</ele>
        <time>2026-07-05T13:53:03Z</time>
      </trkpt>
      <trkpt lat="44.1584" lon="-73.66916">
        <ele>901.08</ele>
        <time>2026-07-05T13:53:05Z</time>
      </trkpt>
      <trkpt lat="44.15839" lon="-73.66922">
        <ele>902.27</ele>
        <time>2026-07-05T13:53:10Z</time>
      </trkpt>
      <trkpt lat="44.15838" lon="-73.66923">
        <ele>902.07</ele>
        <time>2026-07-05T13:53:11Z</time>
      </trkpt>
      <trkpt lat="44.15838" lon="-73.66924">
        <ele>902.39</ele>
        <time>2026-07-05T13:53:12Z</time>
      </trkpt>
      <trkpt lat="44.15834" lon="-73.66932">
        <ele>902.55</ele>
        <time>2026-07-05T13:53:19Z</time>
      </trkpt>
      <trkpt lat="44.15833" lon="-73.66934">
        <ele>902.55</ele>
        <time>2026-07-05T13:53:21Z</time>
      </trkpt>
      <trkpt lat="44.1583" lon="-73.6694">
        <ele>902.43</ele>
        <time>2026-07-05T13:53:28Z</time>
      </trkpt>
      <trkpt lat="44.15826" lon="-73.66948">
        <ele>902.9</ele>
        <time>2026-07-05T13:53:34Z</time>
      </trkpt>
      <trkpt lat="44.15826" lon="-73.6695">
        <ele>903.51</ele>
        <time>2026-07-05T13:53:35Z</time>
      </trkpt>
      <trkpt lat="44.15826" lon="-73.66953">
        <ele>904.41</ele>
        <time>2026-07-05T13:53:38Z</time>
      </trkpt>
      <trkpt lat="44.15824" lon="-73.66961">
        <ele>905.53</ele>
        <time>2026-07-05T13:53:44Z</time>
      </trkpt>
      <trkpt lat="44.15823" lon="-73.66969">
        <ele>906.22</ele>
        <time>2026-07-05T13:53:52Z</time>
      </trkpt>
      <trkpt lat="44.15822" lon="-73.6697">
        <ele>905.98</ele>
        <time>2026-07-05T13:53:57Z</time>
      </trkpt>
      <trkpt lat="44.15822" lon="-73.66971">
        <ele>906.14</ele>
        <time>2026-07-05T13:54:04Z</time>
      </trkpt>
      <trkpt lat="44.15822" lon="-73.6697">
        <ele>905.98</ele>
        <time>2026-07-05T13:54:30Z</time>
      </trkpt>
      <trkpt lat="44.15816" lon="-73.66973">
        <ele>904.47</ele>
        <time>2026-07-05T13:54:38Z</time>
      </trkpt>
      <trkpt lat="44.15814" lon="-73.66973">
        <ele>903.65</ele>
        <time>2026-07-05T13:54:41Z</time>
      </trkpt>
      <trkpt lat="44.15811" lon="-73.66976">
        <ele>902.52</ele>
        <time>2026-07-05T13:54:46Z</time>
      </trkpt>
      <trkpt lat="44.15808" lon="-73.6698">
        <ele>901.78</ele>
        <time>2026-07-05T13:54:52Z</time>
      </trkpt>
      <trkpt lat="44.15807" lon="-73.6698">
        <ele>901.33</ele>
        <time>2026-07-05T13:54:53Z</time>
      </trkpt>
      <trkpt lat="44.15807" lon="-73.66983">
        <ele>901.62</ele>
        <time>2026-07-05T13:54:55Z</time>
      </trkpt>
      <trkpt lat="44.15806" lon="-73.66988">
        <ele>901.19</ele>
        <time>2026-07-05T13:55:00Z</time>
      </trkpt>
      <trkpt lat="44.15806" lon="-73.66989">
        <ele>901.19</ele>
        <time>2026-07-05T13:55:01Z</time>
      </trkpt>
      <trkpt lat="44.15804" lon="-73.66991">
        <ele>900.16</ele>
        <time>2026-07-05T13:55:04Z</time>
      </trkpt>
      <trkpt lat="44.15803" lon="-73.66992">
        <ele>899.66</ele>
        <time>2026-07-05T13:55:07Z</time>
      </trkpt>
      <trkpt lat="44.158" lon="-73.66994">
        <ele>898.21</ele>
        <time>2026-07-05T13:55:11Z</time>
      </trkpt>
      <trkpt lat="44.15797" lon="-73.66996">
        <ele>896.9</ele>
        <time>2026-07-05T13:55:14Z</time>
      </trkpt>
      <trkpt lat="44.15797" lon="-73.66998">
        <ele>897.1</ele>
        <time>2026-07-05T13:55:16Z</time>
      </trkpt>
      <trkpt lat="44.15798" lon="-73.67002">
        <ele>898.05</ele>
        <time>2026-07-05T13:55:20Z</time>
      </trkpt>
      <trkpt lat="44.15797" lon="-73.67003">
        <ele>897.88</ele>
        <time>2026-07-05T13:55:22Z</time>
      </trkpt>
      <trkpt lat="44.15796" lon="-73.67008">
        <ele>898.6</ele>
        <time>2026-07-05T13:55:28Z</time>
      </trkpt>
      <trkpt lat="44.15796" lon="-73.67009">
        <ele>898.82</ele>
        <time>2026-07-05T13:55:29Z</time>
      </trkpt>
      <trkpt lat="44.1579" lon="-73.67013">
        <ele>897.1</ele>
        <time>2026-07-05T13:55:37Z</time>
      </trkpt>
      <trkpt lat="44.15785" lon="-73.67016">
        <ele>897.18</ele>
        <time>2026-07-05T13:55:46Z</time>
      </trkpt>
      <trkpt lat="44.15783" lon="-73.67016">
        <ele>897.18</ele>
        <time>2026-07-05T13:55:51Z</time>
      </trkpt>
      <trkpt lat="44.15781" lon="-73.67016">
        <ele>897.18</ele>
        <time>2026-07-05T13:55:53Z</time>
      </trkpt>
      <trkpt lat="44.1578" lon="-73.67015">
        <ele>896.86</ele>
        <time>2026-07-05T13:55:55Z</time>
      </trkpt>
      <trkpt lat="44.15779" lon="-73.67016">
        <ele>897.18</ele>
        <time>2026-07-05T13:55:57Z</time>
      </trkpt>
      <trkpt lat="44.15777" lon="-73.67017">
        <ele>897.66</ele>
        <time>2026-07-05T13:56:02Z</time>
      </trkpt>
      <trkpt lat="44.15776" lon="-73.67017">
        <ele>897.86</ele>
        <time>2026-07-05T13:56:11Z</time>
      </trkpt>
      <trkpt lat="44.15775" lon="-73.67017">
        <ele>898.06</ele>
        <time>2026-07-05T13:56:12Z</time>
      </trkpt>
      <trkpt lat="44.15772" lon="-73.67018">
        <ele>899.05</ele>
        <time>2026-07-05T13:56:18Z</time>
      </trkpt>
      <trkpt lat="44.15771" lon="-73.67018">
        <ele>899.26</ele>
        <time>2026-07-05T13:56:19Z</time>
      </trkpt>
      <trkpt lat="44.15766" lon="-73.67019">
        <ele>900.63</ele>
        <time>2026-07-05T13:56:25Z</time>
      </trkpt>
      <trkpt lat="44.15766" lon="-73.67019">
        <ele>900.63</ele>
        <time>2026-07-05T13:56:26Z</time>
      </trkpt>
      <trkpt lat="44.15763" lon="-73.67021">
        <ele>901.57</ele>
        <time>2026-07-05T13:56:31Z</time>
      </trkpt>
      <trkpt lat="44.15762" lon="-73.67022">
        <ele>901.9</ele>
        <time>2026-07-05T13:56:32Z</time>
      </trkpt>
      <trkpt lat="44.15761" lon="-73.67027">
        <ele>902.71</ele>
        <time>2026-07-05T13:56:37Z</time>
      </trkpt>
      <trkpt lat="44.1576" lon="-73.6703">
        <ele>902.94</ele>
        <time>2026-07-05T13:56:40Z</time>
      </trkpt>
      <trkpt lat="44.15759" lon="-73.67029">
        <ele>903.02</ele>
        <time>2026-07-05T13:56:42Z</time>
      </trkpt>
      <trkpt lat="44.1576" lon="-73.67029">
        <ele>902.93</ele>
        <time>2026-07-05T13:56:43Z</time>
      </trkpt>
      <trkpt lat="44.15757" lon="-73.67033">
        <ele>903.11</ele>
        <time>2026-07-05T13:56:50Z</time>
      </trkpt>
      <trkpt lat="44.15751" lon="-73.67037">
        <ele>903.0</ele>
        <time>2026-07-05T13:56:57Z</time>
      </trkpt>
      <trkpt lat="44.15752" lon="-73.67044">
        <ele>902.41</ele>
        <time>2026-07-05T13:57:04Z</time>
      </trkpt>
      <trkpt lat="44.15752" lon="-73.67046">
        <ele>902.24</ele>
        <time>2026-07-05T13:57:05Z</time>
      </trkpt>
      <trkpt lat="44.15751" lon="-73.67049">
        <ele>902.11</ele>
        <time>2026-07-05T13:57:07Z</time>
      </trkpt>
      <trkpt lat="44.15752" lon="-73.67054">
        <ele>902.22</ele>
        <time>2026-07-05T13:57:11Z</time>
      </trkpt>
      <trkpt lat="44.15752" lon="-73.67055">
        <ele>902.22</ele>
        <time>2026-07-05T13:57:12Z</time>
      </trkpt>
      <trkpt lat="44.15753" lon="-73.6706">
        <ele>902.48</ele>
        <time>2026-07-05T13:57:16Z</time>
      </trkpt>
      <trkpt lat="44.15753" lon="-73.67061">
        <ele>902.51</ele>
        <time>2026-07-05T13:57:17Z</time>
      </trkpt>
      <trkpt lat="44.15753" lon="-73.67063">
        <ele>902.58</ele>
        <time>2026-07-05T13:57:18Z</time>
      </trkpt>
      <trkpt lat="44.15754" lon="-73.67071">
        <ele>903.24</ele>
        <time>2026-07-05T13:57:25Z</time>
      </trkpt>
      <trkpt lat="44.15756" lon="-73.67075">
        <ele>903.75</ele>
        <time>2026-07-05T13:57:29Z</time>
      </trkpt>
      <trkpt lat="44.15755" lon="-73.67076">
        <ele>903.75</ele>
        <time>2026-07-05T13:57:31Z</time>
      </trkpt>
      <trkpt lat="44.15755" lon="-73.67077">
        <ele>903.86</ele>
        <time>2026-07-05T13:57:32Z</time>
      </trkpt>
      <trkpt lat="44.15755" lon="-73.67079">
        <ele>904.07</ele>
        <time>2026-07-05T13:57:34Z</time>
      </trkpt>
      <trkpt lat="44.15753" lon="-73.67085">
        <ele>904.63</ele>
        <time>2026-07-05T13:57:41Z</time>
      </trkpt>
      <trkpt lat="44.15751" lon="-73.6709">
        <ele>905.47</ele>
        <time>2026-07-05T13:57:47Z</time>
      </trkpt>
      <trkpt lat="44.1575" lon="-73.67092">
        <ele>905.87</ele>
        <time>2026-07-05T13:57:49Z</time>
      </trkpt>
      <trkpt lat="44.15748" lon="-73.67098">
        <ele>905.85</ele>
        <time>2026-07-05T13:57:57Z</time>
      </trkpt>
      <trkpt lat="44.1575" lon="-73.67103">
        <ele>907.0</ele>
        <time>2026-07-05T13:58:04Z</time>
      </trkpt>
      <trkpt lat="44.15751" lon="-73.67104">
        <ele>906.87</ele>
        <time>2026-07-05T13:58:05Z</time>
      </trkpt>
      <trkpt lat="44.15753" lon="-73.67107">
        <ele>906.5</ele>
        <time>2026-07-05T13:58:10Z</time>
      </trkpt>
      <trkpt lat="44.15755" lon="-73.67109">
        <ele>906.04</ele>
        <time>2026-07-05T13:58:15Z</time>
      </trkpt>
      <trkpt lat="44.15756" lon="-73.6711">
        <ele>905.78</ele>
        <time>2026-07-05T13:58:19Z</time>
      </trkpt>
      <trkpt lat="44.15757" lon="-73.67112">
        <ele>905.42</ele>
        <time>2026-07-05T13:58:23Z</time>
      </trkpt>
      <trkpt lat="44.15758" lon="-73.67112">
        <ele>905.19</ele>
        <time>2026-07-05T13:58:31Z</time>
      </trkpt>
      <trkpt lat="44.15758" lon="-73.67113">
        <ele>905.1</ele>
        <time>2026-07-05T13:58:33Z</time>
      </trkpt>
      <trkpt lat="44.1576" lon="-73.67115">
        <ele>904.31</ele>
        <time>2026-07-05T13:58:38Z</time>
      </trkpt>
      <trkpt lat="44.15761" lon="-73.67117">
        <ele>903.68</ele>
        <time>2026-07-05T13:58:43Z</time>
      </trkpt>
      <trkpt lat="44.15761" lon="-73.67119">
        <ele>903.42</ele>
        <time>2026-07-05T13:58:46Z</time>
      </trkpt>
      <trkpt lat="44.15761" lon="-73.67119">
        <ele>903.42</ele>
        <time>2026-07-05T13:58:49Z</time>
      </trkpt>
      <trkpt lat="44.15761" lon="-73.6712">
        <ele>903.3</ele>
        <time>2026-07-05T13:58:51Z</time>
      </trkpt>
      <trkpt lat="44.15763" lon="-73.67124">
        <ele>901.99</ele>
        <time>2026-07-05T13:58:58Z</time>
      </trkpt>
      <trkpt lat="44.15763" lon="-73.67124">
        <ele>901.99</ele>
        <time>2026-07-05T13:58:59Z</time>
      </trkpt>
      <trkpt lat="44.15763" lon="-73.67124">
        <ele>901.99</ele>
        <time>2026-07-05T13:59:01Z</time>
      </trkpt>
      <trkpt lat="44.15763" lon="-73.67125">
        <ele>901.88</ele>
        <time>2026-07-05T13:59:04Z</time>
      </trkpt>
      <trkpt lat="44.15764" lon="-73.67126">
        <ele>901.34</ele>
        <time>2026-07-05T13:59:06Z</time>
      </trkpt>
      <trkpt lat="44.15765" lon="-73.67127">
        <ele>900.8</ele>
        <time>2026-07-05T13:59:07Z</time>
      </trkpt>
      <trkpt lat="44.15765" lon="-73.67127">
        <ele>900.8</ele>
        <time>2026-07-05T13:59:08Z</time>
      </trkpt>
      <trkpt lat="44.15766" lon="-73.67128">
        <ele>900.26</ele>
        <time>2026-07-05T13:59:09Z</time>
      </trkpt>
      <trkpt lat="44.15767" lon="-73.67129">
        <ele>899.72</ele>
        <time>2026-07-05T13:59:14Z</time>
      </trkpt>
      <trkpt lat="44.15767" lon="-73.6713">
        <ele>899.58</ele>
        <time>2026-07-05T13:59:15Z</time>
      </trkpt>
      <trkpt lat="44.15767" lon="-73.6713">
        <ele>899.58</ele>
        <time>2026-07-05T13:59:16Z</time>
      </trkpt>
      <trkpt lat="44.15768" lon="-73.67132">
        <ele>898.73</ele>
        <time>2026-07-05T13:59:20Z</time>
      </trkpt>
      <trkpt lat="44.15769" lon="-73.67133">
        <ele>897.93</ele>
        <time>2026-07-05T13:59:25Z</time>
      </trkpt>
      <trkpt lat="44.1577" lon="-73.67136">
        <ele>896.61</ele>
        <time>2026-07-05T13:59:29Z</time>
      </trkpt>
      <trkpt lat="44.15771" lon="-73.67138">
        <ele>895.56</ele>
        <time>2026-07-05T13:59:33Z</time>
      </trkpt>
      <trkpt lat="44.15771" lon="-73.67138">
        <ele>895.56</ele>
        <time>2026-07-05T13:59:34Z</time>
      </trkpt>
      <trkpt lat="44.15771" lon="-73.67138">
        <ele>895.56</ele>
        <time>2026-07-05T13:59:35Z</time>
      </trkpt>
      <trkpt lat="44.15772" lon="-73.67141">
        <ele>894.43</ele>
        <time>2026-07-05T13:59:41Z</time>
      </trkpt>
      <trkpt lat="44.15772" lon="-73.67142">
        <ele>894.28</ele>
        <time>2026-07-05T13:59:43Z</time>
      </trkpt>
      <trkpt lat="44.15772" lon="-73.67146">
        <ele>893.69</ele>
        <time>2026-07-05T13:59:47Z</time>
      </trkpt>
      <trkpt lat="44.15772" lon="-73.6715">
        <ele>892.77</ele>
        <time>2026-07-05T13:59:52Z</time>
      </trkpt>
      <trkpt lat="44.15771" lon="-73.67153">
        <ele>892.55</ele>
        <time>2026-07-05T13:59:56Z</time>
      </trkpt>
      <trkpt lat="44.15771" lon="-73.67156">
        <ele>891.58</ele>
        <time>2026-07-05T14:00:02Z</time>
      </trkpt>
      <trkpt lat="44.1577" lon="-73.67158">
        <ele>891.69</ele>
        <time>2026-07-05T14:00:11Z</time>
      </trkpt>
      <trkpt lat="44.15767" lon="-73.67163">
        <ele>892.07</ele>
        <time>2026-07-05T14:00:20Z</time>
      </trkpt>
      <trkpt lat="44.15767" lon="-73.67164">
        <ele>891.73</ele>
        <time>2026-07-05T14:00:22Z</time>
      </trkpt>
      <trkpt lat="44.15765" lon="-73.67168">
        <ele>891.23</ele>
        <time>2026-07-05T14:00:26Z</time>
      </trkpt>
      <trkpt lat="44.15765" lon="-73.6717">
        <ele>890.24</ele>
        <time>2026-07-05T14:00:29Z</time>
      </trkpt>
      <trkpt lat="44.15765" lon="-73.6717">
        <ele>890.24</ele>
        <time>2026-07-05T14:00:30Z</time>
      </trkpt>
      <trkpt lat="44.15764" lon="-73.67176">
        <ele>887.9</ele>
        <time>2026-07-05T14:00:38Z</time>
      </trkpt>
      <trkpt lat="44.15764" lon="-73.67176">
        <ele>887.9</ele>
        <time>2026-07-05T14:00:39Z</time>
      </trkpt>
      <trkpt lat="44.15765" lon="-73.67179">
        <ele>885.95</ele>
        <time>2026-07-05T14:00:45Z</time>
      </trkpt>
      <trkpt lat="44.15766" lon="-73.67181">
        <ele>884.44</ele>
        <time>2026-07-05T14:00:48Z</time>
      </trkpt>
      <trkpt lat="44.15767" lon="-73.67182">
        <ele>883.36</ele>
        <time>2026-07-05T14:00:51Z</time>
      </trkpt>
      <trkpt lat="44.1577" lon="-73.67185">
        <ele>880.28</ele>
        <time>2026-07-05T14:00:58Z</time>
      </trkpt>
      <trkpt lat="44.1577" lon="-73.67185">
        <ele>880.28</ele>
        <time>2026-07-05T14:01:01Z</time>
      </trkpt>
      <trkpt lat="44.1577" lon="-73.67186">
        <ele>879.94</ele>
        <time>2026-07-05T14:01:02Z</time>
      </trkpt>
      <trkpt lat="44.1577" lon="-73.67186">
        <ele>879.94</ele>
        <time>2026-07-05T14:01:06Z</time>
      </trkpt>
      <trkpt lat="44.1577" lon="-73.67186">
        <ele>879.94</ele>
        <time>2026-07-05T14:01:08Z</time>
      </trkpt>
      <trkpt lat="44.15771" lon="-73.67188">
        <ele>878.75</ele>
        <time>2026-07-05T14:01:15Z</time>
      </trkpt>
      <trkpt lat="44.15771" lon="-73.67189">
        <ele>878.42</ele>
        <time>2026-07-05T14:01:17Z</time>
      </trkpt>
      <trkpt lat="44.15773" lon="-73.6719">
        <ele>877.02</ele>
        <time>2026-07-05T14:01:22Z</time>
      </trkpt>
      <trkpt lat="44.15773" lon="-73.6719">
        <ele>877.02</ele>
        <time>2026-07-05T14:01:23Z</time>
      </trkpt>
      <trkpt lat="44.15774" lon="-73.6719">
        <ele>876.48</ele>
        <time>2026-07-05T14:01:24Z</time>
      </trkpt>
      <trkpt lat="44.15776" lon="-73.67192">
        <ele>874.75</ele>
        <time>2026-07-05T14:01:31Z</time>
      </trkpt>
      <trkpt lat="44.15777" lon="-73.67191">
        <ele>874.54</ele>
        <time>2026-07-05T14:01:33Z</time>
      </trkpt>
      <trkpt lat="44.15778" lon="-73.6719">
        <ele>874.33</ele>
        <time>2026-07-05T14:01:40Z</time>
      </trkpt>
      <trkpt lat="44.15779" lon="-73.6719">
        <ele>873.85</ele>
        <time>2026-07-05T14:01:43Z</time>
      </trkpt>
      <trkpt lat="44.1578" lon="-73.67191">
        <ele>873.07</ele>
        <time>2026-07-05T14:01:47Z</time>
      </trkpt>
      <trkpt lat="44.15782" lon="-73.67193">
        <ele>871.57</ele>
        <time>2026-07-05T14:01:51Z</time>
      </trkpt>
      <trkpt lat="44.15783" lon="-73.67194">
        <ele>870.86</ele>
        <time>2026-07-05T14:01:55Z</time>
      </trkpt>
      <trkpt lat="44.15783" lon="-73.67196">
        <ele>870.41</ele>
        <time>2026-07-05T14:01:58Z</time>
      </trkpt>
      <trkpt lat="44.15785" lon="-73.67197">
        <ele>869.33</ele>
        <time>2026-07-05T14:02:03Z</time>
      </trkpt>
      <trkpt lat="44.15785" lon="-73.67197">
        <ele>869.33</ele>
        <time>2026-07-05T14:02:04Z</time>
      </trkpt>
      <trkpt lat="44.15787" lon="-73.67199">
        <ele>868.03</ele>
        <time>2026-07-05T14:02:10Z</time>
      </trkpt>
      <trkpt lat="44.15788" lon="-73.67199">
        <ele>867.6</ele>
        <time>2026-07-05T14:02:11Z</time>
      </trkpt>
      <trkpt lat="44.1579" lon="-73.672">
        <ele>866.52</ele>
        <time>2026-07-05T14:02:17Z</time>
      </trkpt>
      <trkpt lat="44.15792" lon="-73.67203">
        <ele>865.01</ele>
        <time>2026-07-05T14:02:22Z</time>
      </trkpt>
      <trkpt lat="44.15794" lon="-73.67205">
        <ele>863.71</ele>
        <time>2026-07-05T14:02:26Z</time>
      </trkpt>
      <trkpt lat="44.15796" lon="-73.67206">
        <ele>862.63</ele>
        <time>2026-07-05T14:02:31Z</time>
      </trkpt>
      <trkpt lat="44.15796" lon="-73.67208">
        <ele>862.2</ele>
        <time>2026-07-05T14:02:37Z</time>
      </trkpt>
      <trkpt lat="44.15796" lon="-73.67209">
        <ele>861.98</ele>
        <time>2026-07-05T14:02:38Z</time>
      </trkpt>
      <trkpt lat="44.15798" lon="-73.67211">
        <ele>860.69</ele>
        <time>2026-07-05T14:02:44Z</time>
      </trkpt>
      <trkpt lat="44.15799" lon="-73.67213">
        <ele>859.83</ele>
        <time>2026-07-05T14:02:47Z</time>
      </trkpt>
      <trkpt lat="44.158" lon="-73.67216">
        <ele>859.07</ele>
        <time>2026-07-05T14:02:51Z</time>
      </trkpt>
      <trkpt lat="44.15802" lon="-73.67217">
        <ele>858.1</ele>
        <time>2026-07-05T14:02:57Z</time>
      </trkpt>
      <trkpt lat="44.15802" lon="-73.67216">
        <ele>858.21</ele>
        <time>2026-07-05T14:02:59Z</time>
      </trkpt>
      <trkpt lat="44.15803" lon="-73.67221">
        <ele>857.24</ele>
        <time>2026-07-05T14:03:04Z</time>
      </trkpt>
      <trkpt lat="44.15804" lon="-73.67223">
        <ele>856.66</ele>
        <time>2026-07-05T14:03:06Z</time>
      </trkpt>
      <trkpt lat="44.15805" lon="-73.67224">
        <ele>856.23</ele>
        <time>2026-07-05T14:03:08Z</time>
      </trkpt>
      <trkpt lat="44.15806" lon="-73.67226">
        <ele>855.84</ele>
        <time>2026-07-05T14:03:11Z</time>
      </trkpt>
      <trkpt lat="44.15808" lon="-73.67227">
        <ele>855.07</ele>
        <time>2026-07-05T14:03:14Z</time>
      </trkpt>
      <trkpt lat="44.15806" lon="-73.67227">
        <ele>855.83</ele>
        <time>2026-07-05T14:03:23Z</time>
      </trkpt>
      <trkpt lat="44.15805" lon="-73.67228">
        <ele>856.2</ele>
        <time>2026-07-05T14:03:29Z</time>
      </trkpt>
      <trkpt lat="44.15805" lon="-73.67228">
        <ele>856.2</ele>
        <time>2026-07-05T14:03:31Z</time>
      </trkpt>
      <trkpt lat="44.15804" lon="-73.67229">
        <ele>856.55</ele>
        <time>2026-07-05T14:03:33Z</time>
      </trkpt>
      <trkpt lat="44.15804" lon="-73.67228">
        <ele>856.57</ele>
        <time>2026-07-05T14:03:36Z</time>
      </trkpt>
      <trkpt lat="44.15808" lon="-73.67228">
        <ele>855.04</ele>
        <time>2026-07-05T14:03:42Z</time>
      </trkpt>
      <trkpt lat="44.15809" lon="-73.67228">
        <ele>854.65</ele>
        <time>2026-07-05T14:03:43Z</time>
      </trkpt>
      <trkpt lat="44.15811" lon="-73.67229">
        <ele>853.81</ele>
        <time>2026-07-05T14:03:46Z</time>
      </trkpt>
      <trkpt lat="44.15812" lon="-73.6723">
        <ele>853.33</ele>
        <time>2026-07-05T14:03:50Z</time>
      </trkpt>
      <trkpt lat="44.15813" lon="-73.67231">
        <ele>852.83</ele>
        <time>2026-07-05T14:03:53Z</time>
      </trkpt>
      <trkpt lat="44.15814" lon="-73.67232">
        <ele>852.3</ele>
        <time>2026-07-05T14:03:57Z</time>
      </trkpt>
      <trkpt lat="44.15814" lon="-73.67233">
        <ele>852.19</ele>
        <time>2026-07-05T14:03:58Z</time>
      </trkpt>
      <trkpt lat="44.15814" lon="-73.67233">
        <ele>852.19</ele>
        <time>2026-07-05T14:03:59Z</time>
      </trkpt>
      <trkpt lat="44.15815" lon="-73.67234">
        <ele>851.67</ele>
        <time>2026-07-05T14:04:00Z</time>
      </trkpt>
      <trkpt lat="44.15815" lon="-73.67238">
        <ele>851.25</ele>
        <time>2026-07-05T14:04:06Z</time>
      </trkpt>
      <trkpt lat="44.15816" lon="-73.67239">
        <ele>850.91</ele>
        <time>2026-07-05T14:04:09Z</time>
      </trkpt>
      <trkpt lat="44.15816" lon="-73.67239">
        <ele>850.91</ele>
        <time>2026-07-05T14:04:12Z</time>
      </trkpt>
      <trkpt lat="44.1582" lon="-73.6724">
        <ele>849.92</ele>
        <time>2026-07-05T14:04:18Z</time>
      </trkpt>
      <trkpt lat="44.15821" lon="-73.67241">
        <ele>849.65</ele>
        <time>2026-07-05T14:04:20Z</time>
      </trkpt>
      <trkpt lat="44.15823" lon="-73.67243">
        <ele>849.02</ele>
        <time>2026-07-05T14:04:27Z</time>
      </trkpt>
      <trkpt lat="44.15823" lon="-73.67243">
        <ele>849.02</ele>
        <time>2026-07-05T14:04:28Z</time>
      </trkpt>
      <trkpt lat="44.15825" lon="-73.6725">
        <ele>847.8</ele>
        <time>2026-07-05T14:04:35Z</time>
      </trkpt>
      <trkpt lat="44.15826" lon="-73.67253">
        <ele>847.58</ele>
        <time>2026-07-05T14:04:37Z</time>
      </trkpt>
      <trkpt lat="44.15828" lon="-73.67259">
        <ele>847.15</ele>
        <time>2026-07-05T14:04:43Z</time>
      </trkpt>
      <trkpt lat="44.15829" lon="-73.67263">
        <ele>846.53</ele>
        <time>2026-07-05T14:04:48Z</time>
      </trkpt>
      <trkpt lat="44.15831" lon="-73.67268">
        <ele>845.56</ele>
        <time>2026-07-05T14:04:52Z</time>
      </trkpt>
      <trkpt lat="44.15833" lon="-73.67271">
        <ele>845.07</ele>
        <time>2026-07-05T14:04:59Z</time>
      </trkpt>
      <trkpt lat="44.15834" lon="-73.67273">
        <ele>844.86</ele>
        <time>2026-07-05T14:05:02Z</time>
      </trkpt>
      <trkpt lat="44.15836" lon="-73.67277">
        <ele>844.42</ele>
        <time>2026-07-05T14:05:07Z</time>
      </trkpt>
      <trkpt lat="44.15836" lon="-73.67282">
        <ele>843.97</ele>
        <time>2026-07-05T14:05:12Z</time>
      </trkpt>
      <trkpt lat="44.15836" lon="-73.67284">
        <ele>843.75</ele>
        <time>2026-07-05T14:05:14Z</time>
      </trkpt>
      <trkpt lat="44.15836" lon="-73.6729">
        <ele>843.42</ele>
        <time>2026-07-05T14:05:20Z</time>
      </trkpt>
      <trkpt lat="44.15836" lon="-73.67294">
        <ele>843.42</ele>
        <time>2026-07-05T14:05:23Z</time>
      </trkpt>
      <trkpt lat="44.15835" lon="-73.67307">
        <ele>842.48</ele>
        <time>2026-07-05T14:05:32Z</time>
      </trkpt>
      <trkpt lat="44.15833" lon="-73.67318">
        <ele>841.73</ele>
        <time>2026-07-05T14:05:40Z</time>
      </trkpt>
      <trkpt lat="44.15832" lon="-73.67319">
        <ele>841.84</ele>
        <time>2026-07-05T14:05:42Z</time>
      </trkpt>
      <trkpt lat="44.1583" lon="-73.67327">
        <ele>841.4</ele>
        <time>2026-07-05T14:05:51Z</time>
      </trkpt>
      <trkpt lat="44.1583" lon="-73.67331">
        <ele>840.97</ele>
        <time>2026-07-05T14:05:55Z</time>
      </trkpt>
      <trkpt lat="44.15828" lon="-73.67334">
        <ele>841.08</ele>
        <time>2026-07-05T14:05:59Z</time>
      </trkpt>
      <trkpt lat="44.15825" lon="-73.6734">
        <ele>841.08</ele>
        <time>2026-07-05T14:06:05Z</time>
      </trkpt>
      <trkpt lat="44.15825" lon="-73.67342">
        <ele>840.86</ele>
        <time>2026-07-05T14:06:07Z</time>
      </trkpt>
      <trkpt lat="44.15824" lon="-73.67348">
        <ele>840.43</ele>
        <time>2026-07-05T14:06:13Z</time>
      </trkpt>
      <trkpt lat="44.15823" lon="-73.67352">
        <ele>840.22</ele>
        <time>2026-07-05T14:06:15Z</time>
      </trkpt>
      <trkpt lat="44.15821" lon="-73.67358">
        <ele>840.22</ele>
        <time>2026-07-05T14:06:21Z</time>
      </trkpt>
      <trkpt lat="44.15817" lon="-73.67367">
        <ele>840.81</ele>
        <time>2026-07-05T14:06:29Z</time>
      </trkpt>
      <trkpt lat="44.15811" lon="-73.67377">
        <ele>842.95</ele>
        <time>2026-07-05T14:06:39Z</time>
      </trkpt>
      <trkpt lat="44.15808" lon="-73.67386">
        <ele>844.21</ele>
        <time>2026-07-05T14:06:46Z</time>
      </trkpt>
      <trkpt lat="44.15807" lon="-73.67388">
        <ele>844.53</ele>
        <time>2026-07-05T14:06:48Z</time>
      </trkpt>
      <trkpt lat="44.15805" lon="-73.67391">
        <ele>845.19</ele>
        <time>2026-07-05T14:06:53Z</time>
      </trkpt>
      <trkpt lat="44.15805" lon="-73.67392">
        <ele>845.2</ele>
        <time>2026-07-05T14:06:54Z</time>
      </trkpt>
      <trkpt lat="44.15804" lon="-73.67394">
        <ele>845.6</ele>
        <time>2026-07-05T14:06:56Z</time>
      </trkpt>
      <trkpt lat="44.15802" lon="-73.674">
        <ele>846.54</ele>
        <time>2026-07-05T14:07:01Z</time>
      </trkpt>
      <trkpt lat="44.15801" lon="-73.67405">
        <ele>846.97</ele>
        <time>2026-07-05T14:07:05Z</time>
      </trkpt>
      <trkpt lat="44.158" lon="-73.67411">
        <ele>847.17</ele>
        <time>2026-07-05T14:07:10Z</time>
      </trkpt>
      <trkpt lat="44.15799" lon="-73.67416">
        <ele>847.17</ele>
        <time>2026-07-05T14:07:13Z</time>
      </trkpt>
      <trkpt lat="44.15798" lon="-73.67424">
        <ele>847.45</ele>
        <time>2026-07-05T14:07:19Z</time>
      </trkpt>
      <trkpt lat="44.15797" lon="-73.67428">
        <ele>847.57</ele>
        <time>2026-07-05T14:07:23Z</time>
      </trkpt>
      <trkpt lat="44.15796" lon="-73.67435">
        <ele>847.08</ele>
        <time>2026-07-05T14:07:29Z</time>
      </trkpt>
      <trkpt lat="44.15796" lon="-73.67438">
        <ele>847.06</ele>
        <time>2026-07-05T14:07:31Z</time>
      </trkpt>
      <trkpt lat="44.15797" lon="-73.67441">
        <ele>846.9</ele>
        <time>2026-07-05T14:07:35Z</time>
      </trkpt>
      <trkpt lat="44.15798" lon="-73.67442">
        <ele>846.77</ele>
        <time>2026-07-05T14:07:36Z</time>
      </trkpt>
      <trkpt lat="44.15798" lon="-73.67444">
        <ele>846.81</ele>
        <time>2026-07-05T14:07:38Z</time>
      </trkpt>
      <trkpt lat="44.15798" lon="-73.67448">
        <ele>846.89</ele>
        <time>2026-07-05T14:07:43Z</time>
      </trkpt>
      <trkpt lat="44.15798" lon="-73.67453">
        <ele>846.99</ele>
        <time>2026-07-05T14:07:48Z</time>
      </trkpt>
      <trkpt lat="44.15798" lon="-73.67456">
        <ele>847.25</ele>
        <time>2026-07-05T14:07:52Z</time>
      </trkpt>
      <trkpt lat="44.15798" lon="-73.67463">
        <ele>848.0</ele>
        <time>2026-07-05T14:07:58Z</time>
      </trkpt>
      <trkpt lat="44.15798" lon="-73.67466">
        <ele>848.39</ele>
        <time>2026-07-05T14:08:03Z</time>
      </trkpt>
      <trkpt lat="44.15799" lon="-73.67468">
        <ele>848.7</ele>
        <time>2026-07-05T14:08:06Z</time>
      </trkpt>
      <trkpt lat="44.158" lon="-73.67467">
        <ele>848.61</ele>
        <time>2026-07-05T14:08:09Z</time>
      </trkpt>
      <trkpt lat="44.15801" lon="-73.67466">
        <ele>848.49</ele>
        <time>2026-07-05T14:08:15Z</time>
      </trkpt>
      <trkpt lat="44.15802" lon="-73.67467">
        <ele>848.7</ele>
        <time>2026-07-05T14:08:21Z</time>
      </trkpt>
      <trkpt lat="44.15801" lon="-73.67468">
        <ele>848.82</ele>
        <time>2026-07-05T14:08:28Z</time>
      </trkpt>
      <trkpt lat="44.158" lon="-73.67465">
        <ele>848.31</ele>
        <time>2026-07-05T14:08:40Z</time>
      </trkpt>
      <trkpt lat="44.15801" lon="-73.67467">
        <ele>848.66</ele>
        <time>2026-07-05T14:08:50Z</time>
      </trkpt>
      <trkpt lat="44.15801" lon="-73.67469">
        <ele>848.98</ele>
        <time>2026-07-05T14:09:20Z</time>
      </trkpt>
      <trkpt lat="44.15801" lon="-73.67466">
        <ele>848.49</ele>
        <time>2026-07-05T14:09:25Z</time>
      </trkpt>
      <trkpt lat="44.15801" lon="-73.67466">
        <ele>848.49</ele>
        <time>2026-07-05T14:09:26Z</time>
      </trkpt>
      <trkpt lat="44.15801" lon="-73.67465">
        <ele>848.33</ele>
        <time>2026-07-05T14:09:30Z</time>
      </trkpt>
      <trkpt lat="44.15801" lon="-73.67465">
        <ele>848.33</ele>
        <time>2026-07-05T14:09:32Z</time>
      </trkpt>
      <trkpt lat="44.15802" lon="-73.67465">
        <ele>848.36</ele>
        <time>2026-07-05T14:09:37Z</time>
      </trkpt>
      <trkpt lat="44.15801" lon="-73.67466">
        <ele>848.49</ele>
        <time>2026-07-05T14:10:33Z</time>
      </trkpt>
      <trkpt lat="44.15801" lon="-73.67466">
        <ele>848.49</ele>
        <time>2026-07-05T14:10:37Z</time>
      </trkpt>
      <trkpt lat="44.158" lon="-73.67467">
        <ele>848.61</ele>
        <time>2026-07-05T14:10:39Z</time>
      </trkpt>
      <trkpt lat="44.158" lon="-73.67467">
        <ele>848.61</ele>
        <time>2026-07-05T14:10:42Z</time>
      </trkpt>
      <trkpt lat="44.158" lon="-73.67465">
        <ele>848.31</ele>
        <time>2026-07-05T14:10:49Z</time>
      </trkpt>
      <trkpt lat="44.158" lon="-73.67468">
        <ele>848.76</ele>
        <time>2026-07-05T14:10:54Z</time>
      </trkpt>
      <trkpt lat="44.158" lon="-73.67468">
        <ele>848.76</ele>
        <time>2026-07-05T14:10:55Z</time>
      </trkpt>
      <trkpt lat="44.158" lon="-73.67468">
        <ele>848.76</ele>
        <time>2026-07-05T14:10:58Z</time>
      </trkpt>
      <trkpt lat="44.15801" lon="-73.67469">
        <ele>848.98</ele>
        <time>2026-07-05T14:11:48Z</time>
      </trkpt>
      <trkpt lat="44.158" lon="-73.67468">
        <ele>848.76</ele>
        <time>2026-07-05T14:11:55Z</time>
      </trkpt>
      <trkpt lat="44.15801" lon="-73.67468">
        <ele>848.82</ele>
        <time>2026-07-05T14:11:58Z</time>
      </trkpt>
      <trkpt lat="44.15801" lon="-73.67469">
        <ele>848.98</ele>
        <time>2026-07-05T14:12:02Z</time>
      </trkpt>
      <trkpt lat="44.158" lon="-73.67468">
        <ele>848.76</ele>
        <time>2026-07-05T14:12:08Z</time>
      </trkpt>
      <trkpt lat="44.15801" lon="-73.67469">
        <ele>848.98</ele>
        <time>2026-07-05T14:12:41Z</time>
      </trkpt>
      <trkpt lat="44.15801" lon="-73.67469">
        <ele>848.98</ele>
        <time>2026-07-05T14:12:44Z</time>
      </trkpt>
      <trkpt lat="44.15801" lon="-73.6747">
        <ele>849.15</ele>
        <time>2026-07-05T14:12:48Z</time>
      </trkpt>
      <trkpt lat="44.15804" lon="-73.67471">
        <ele>849.59</ele>
        <time>2026-07-05T14:12:53Z</time>
      </trkpt>
      <trkpt lat="44.15806" lon="-73.67472">
        <ele>850.05</ele>
        <time>2026-07-05T14:12:57Z</time>
      </trkpt>
      <trkpt lat="44.15807" lon="-73.67473">
        <ele>850.56</ele>
        <time>2026-07-05T14:13:00Z</time>
      </trkpt>
      <trkpt lat="44.15808" lon="-73.67472">
        <ele>850.48</ele>
        <time>2026-07-05T14:13:03Z</time>
      </trkpt>
      <trkpt lat="44.15812" lon="-73.67473">
        <ele>851.64</ele>
        <time>2026-07-05T14:13:08Z</time>
      </trkpt>
      <trkpt lat="44.15812" lon="-73.67474">
        <ele>851.97</ele>
        <time>2026-07-05T14:13:10Z</time>
      </trkpt>
      <trkpt lat="44.15813" lon="-73.67475">
        <ele>852.51</ele>
        <time>2026-07-05T14:13:14Z</time>
      </trkpt>
      <trkpt lat="44.15814" lon="-73.67477">
        <ele>853.37</ele>
        <time>2026-07-05T14:13:18Z</time>
      </trkpt>
      <trkpt lat="44.15814" lon="-73.67477">
        <ele>853.37</ele>
        <time>2026-07-05T14:13:19Z</time>
      </trkpt>
      <trkpt lat="44.15815" lon="-73.67486">
        <ele>856.5</ele>
        <time>2026-07-05T14:13:28Z</time>
      </trkpt>
      <trkpt lat="44.15816" lon="-73.67487">
        <ele>857.04</ele>
        <time>2026-07-05T14:13:30Z</time>
      </trkpt>
      <trkpt lat="44.15817" lon="-73.67491">
        <ele>858.56</ele>
        <time>2026-07-05T14:13:35Z</time>
      </trkpt>
      <trkpt lat="44.15817" lon="-73.67492">
        <ele>858.88</ele>
        <time>2026-07-05T14:13:37Z</time>
      </trkpt>
      <trkpt lat="44.15817" lon="-73.67495">
        <ele>859.85</ele>
        <time>2026-07-05T14:13:39Z</time>
      </trkpt>
      <trkpt lat="44.15817" lon="-73.67496">
        <ele>860.18</ele>
        <time>2026-07-05T14:13:40Z</time>
      </trkpt>
      <trkpt lat="44.15817" lon="-73.67496">
        <ele>860.18</ele>
        <time>2026-07-05T14:13:41Z</time>
      </trkpt>
      <trkpt lat="44.15817" lon="-73.67497">
        <ele>860.5</ele>
        <time>2026-07-05T14:13:43Z</time>
      </trkpt>
      <trkpt lat="44.15816" lon="-73.67498">
        <ele>860.61</ele>
        <time>2026-07-05T14:13:45Z</time>
      </trkpt>
      <trkpt lat="44.15816" lon="-73.67498">
        <ele>860.61</ele>
        <time>2026-07-05T14:13:47Z</time>
      </trkpt>
      <trkpt lat="44.15815" lon="-73.675">
        <ele>861.04</ele>
        <time>2026-07-05T14:13:55Z</time>
      </trkpt>
      <trkpt lat="44.15814" lon="-73.67501">
        <ele>861.06</ele>
        <time>2026-07-05T14:13:57Z</time>
      </trkpt>
      <trkpt lat="44.15813" lon="-73.67504">
        <ele>861.71</ele>
        <time>2026-07-05T14:14:02Z</time>
      </trkpt>
      <trkpt lat="44.15813" lon="-73.67505">
        <ele>862.03</ele>
        <time>2026-07-05T14:14:04Z</time>
      </trkpt>
      <trkpt lat="44.15813" lon="-73.67507">
        <ele>862.68</ele>
        <time>2026-07-05T14:14:07Z</time>
      </trkpt>
      <trkpt lat="44.15811" lon="-73.67511">
        <ele>863.14</ele>
        <time>2026-07-05T14:14:11Z</time>
      </trkpt>
      <trkpt lat="44.15809" lon="-73.67514">
        <ele>863.14</ele>
        <time>2026-07-05T14:14:17Z</time>
      </trkpt>
      <trkpt lat="44.15808" lon="-73.67515">
        <ele>863.03</ele>
        <time>2026-07-05T14:14:19Z</time>
      </trkpt>
      <trkpt lat="44.15806" lon="-73.67518">
        <ele>863.03</ele>
        <time>2026-07-05T14:14:24Z</time>
      </trkpt>
      <trkpt lat="44.15805" lon="-73.6752">
        <ele>863.3</ele>
        <time>2026-07-05T14:14:29Z</time>
      </trkpt>
      <trkpt lat="44.15805" lon="-73.6752">
        <ele>863.3</ele>
        <time>2026-07-05T14:14:30Z</time>
      </trkpt>
      <trkpt lat="44.15801" lon="-73.67523">
        <ele>862.98</ele>
        <time>2026-07-05T14:14:37Z</time>
      </trkpt>
      <trkpt lat="44.158" lon="-73.67525">
        <ele>863.3</ele>
        <time>2026-07-05T14:14:43Z</time>
      </trkpt>
      <trkpt lat="44.158" lon="-73.67527">
        <ele>863.95</ele>
        <time>2026-07-05T14:14:46Z</time>
      </trkpt>
      <trkpt lat="44.15799" lon="-73.67529">
        <ele>864.18</ele>
        <time>2026-07-05T14:14:49Z</time>
      </trkpt>
      <trkpt lat="44.15799" lon="-73.67531">
        <ele>864.67</ele>
        <time>2026-07-05T14:14:52Z</time>
      </trkpt>
      <trkpt lat="44.15799" lon="-73.67532">
        <ele>864.92</ele>
        <time>2026-07-05T14:14:54Z</time>
      </trkpt>
      <trkpt lat="44.15798" lon="-73.67536">
        <ele>865.49</ele>
        <time>2026-07-05T14:15:00Z</time>
      </trkpt>
      <trkpt lat="44.15792" lon="-73.67542">
        <ele>864.97</ele>
        <time>2026-07-05T14:15:09Z</time>
      </trkpt>
      <trkpt lat="44.15792" lon="-73.67544">
        <ele>865.52</ele>
        <time>2026-07-05T14:15:12Z</time>
      </trkpt>
      <trkpt lat="44.15792" lon="-73.67546">
        <ele>866.06</ele>
        <time>2026-07-05T14:15:17Z</time>
      </trkpt>
      <trkpt lat="44.15793" lon="-73.67546">
        <ele>866.49</ele>
        <time>2026-07-05T14:15:24Z</time>
      </trkpt>
      <trkpt lat="44.15792" lon="-73.67549">
        <ele>866.73</ele>
        <time>2026-07-05T14:15:29Z</time>
      </trkpt>
      <trkpt lat="44.15791" lon="-73.67551">
        <ele>866.73</ele>
        <time>2026-07-05T14:15:32Z</time>
      </trkpt>
      <trkpt lat="44.15788" lon="-73.67556">
        <ele>866.56</ele>
        <time>2026-07-05T14:15:38Z</time>
      </trkpt>
      <trkpt lat="44.15788" lon="-73.67557">
        <ele>866.87</ele>
        <time>2026-07-05T14:15:39Z</time>
      </trkpt>
      <trkpt lat="44.15788" lon="-73.6756">
        <ele>867.81</ele>
        <time>2026-07-05T14:15:44Z</time>
      </trkpt>
      <trkpt lat="44.15788" lon="-73.67561">
        <ele>868.12</ele>
        <time>2026-07-05T14:15:45Z</time>
      </trkpt>
      <trkpt lat="44.15788" lon="-73.67563">
        <ele>868.74</ele>
        <time>2026-07-05T14:15:47Z</time>
      </trkpt>
      <trkpt lat="44.15787" lon="-73.67566">
        <ele>869.24</ele>
        <time>2026-07-05T14:15:52Z</time>
      </trkpt>
      <trkpt lat="44.15787" lon="-73.67567">
        <ele>869.46</ele>
        <time>2026-07-05T14:15:53Z</time>
      </trkpt>
      <trkpt lat="44.15786" lon="-73.67568">
        <ele>869.24</ele>
        <time>2026-07-05T14:16:01Z</time>
      </trkpt>
      <trkpt lat="44.15786" lon="-73.67566">
        <ele>868.81</ele>
        <time>2026-07-05T14:16:18Z</time>
      </trkpt>
      <trkpt lat="44.15785" lon="-73.67568">
        <ele>868.81</ele>
        <time>2026-07-05T14:16:20Z</time>
      </trkpt>
      <trkpt lat="44.15783" lon="-73.67573">
        <ele>869.02</ele>
        <time>2026-07-05T14:16:25Z</time>
      </trkpt>
      <trkpt lat="44.15783" lon="-73.67575">
        <ele>869.61</ele>
        <time>2026-07-05T14:16:28Z</time>
      </trkpt>
      <trkpt lat="44.15782" lon="-73.67576">
        <ele>869.54</ele>
        <time>2026-07-05T14:16:30Z</time>
      </trkpt>
      <trkpt lat="44.15782" lon="-73.67578">
        <ele>870.29</ele>
        <time>2026-07-05T14:16:33Z</time>
      </trkpt>
      <trkpt lat="44.15781" lon="-73.67581">
        <ele>870.9</ele>
        <time>2026-07-05T14:16:36Z</time>
      </trkpt>
      <trkpt lat="44.1578" lon="-73.67584">
        <ele>871.49</ele>
        <time>2026-07-05T14:16:42Z</time>
      </trkpt>
      <trkpt lat="44.1578" lon="-73.67585">
        <ele>871.92</ele>
        <time>2026-07-05T14:16:44Z</time>
      </trkpt>
      <trkpt lat="44.15779" lon="-73.67587">
        <ele>872.24</ele>
        <time>2026-07-05T14:16:47Z</time>
      </trkpt>
      <trkpt lat="44.15778" lon="-73.67589">
        <ele>872.57</ele>
        <time>2026-07-05T14:16:50Z</time>
      </trkpt>
      <trkpt lat="44.15777" lon="-73.67589">
        <ele>872.06</ele>
        <time>2026-07-05T14:16:51Z</time>
      </trkpt>
      <trkpt lat="44.15778" lon="-73.67592">
        <ele>873.86</ele>
        <time>2026-07-05T14:17:00Z</time>
      </trkpt>
      <trkpt lat="44.15778" lon="-73.67592">
        <ele>873.86</ele>
        <time>2026-07-05T14:17:14Z</time>
      </trkpt>
      <trkpt lat="44.15777" lon="-73.67594">
        <ele>874.31</ele>
        <time>2026-07-05T14:17:17Z</time>
      </trkpt>
      <trkpt lat="44.15776" lon="-73.67596">
        <ele>874.74</ele>
        <time>2026-07-05T14:17:20Z</time>
      </trkpt>
      <trkpt lat="44.15776" lon="-73.67597">
        <ele>875.24</ele>
        <time>2026-07-05T14:17:21Z</time>
      </trkpt>
      <trkpt lat="44.15776" lon="-73.676">
        <ele>876.73</ele>
        <time>2026-07-05T14:17:24Z</time>
      </trkpt>
      <trkpt lat="44.15776" lon="-73.67605">
        <ele>879.42</ele>
        <time>2026-07-05T14:17:29Z</time>
      </trkpt>
      <trkpt lat="44.15776" lon="-73.67606">
        <ele>879.98</ele>
        <time>2026-07-05T14:17:30Z</time>
      </trkpt>
      <trkpt lat="44.15777" lon="-73.67608">
        <ele>881.79</ele>
        <time>2026-07-05T14:17:33Z</time>
      </trkpt>
      <trkpt lat="44.15778" lon="-73.67609">
        <ele>882.96</ele>
        <time>2026-07-05T14:17:36Z</time>
      </trkpt>
      <trkpt lat="44.15779" lon="-73.67609">
        <ele>883.42</ele>
        <time>2026-07-05T14:17:38Z</time>
      </trkpt>
      <trkpt lat="44.15779" lon="-73.67609">
        <ele>883.42</ele>
        <time>2026-07-05T14:17:39Z</time>
      </trkpt>
      <trkpt lat="44.15779" lon="-73.6761">
        <ele>883.94</ele>
        <time>2026-07-05T14:17:44Z</time>
      </trkpt>
      <trkpt lat="44.1578" lon="-73.67612">
        <ele>885.42</ele>
        <time>2026-07-05T14:17:48Z</time>
      </trkpt>
      <trkpt lat="44.15782" lon="-73.67614">
        <ele>887.24</ele>
        <time>2026-07-05T14:17:50Z</time>
      </trkpt>
      <trkpt lat="44.15783" lon="-73.67615">
        <ele>888.12</ele>
        <time>2026-07-05T14:17:55Z</time>
      </trkpt>
      <trkpt lat="44.15783" lon="-73.67616">
        <ele>888.6</ele>
        <time>2026-07-05T14:17:56Z</time>
      </trkpt>
      <trkpt lat="44.15784" lon="-73.67621">
        <ele>891.24</ele>
        <time>2026-07-05T14:18:03Z</time>
      </trkpt>
      <trkpt lat="44.15784" lon="-73.67621">
        <ele>891.24</ele>
        <time>2026-07-05T14:18:05Z</time>
      </trkpt>
      <trkpt lat="44.15785" lon="-73.67621">
        <ele>891.56</ele>
        <time>2026-07-05T14:18:09Z</time>
      </trkpt>
      <trkpt lat="44.15785" lon="-73.67618">
        <ele>890.26</ele>
        <time>2026-07-05T14:18:16Z</time>
      </trkpt>
      <trkpt lat="44.15784" lon="-73.67617">
        <ele>889.44</ele>
        <time>2026-07-05T14:18:27Z</time>
      </trkpt>
      <trkpt lat="44.15784" lon="-73.6762">
        <ele>890.84</ele>
        <time>2026-07-05T14:18:32Z</time>
      </trkpt>
      <trkpt lat="44.15786" lon="-73.67624">
        <ele>892.88</ele>
        <time>2026-07-05T14:18:36Z</time>
      </trkpt>
      <trkpt lat="44.15782" lon="-73.67626">
        <ele>892.52</ele>
        <time>2026-07-05T14:18:52Z</time>
      </trkpt>
      <trkpt lat="44.15782" lon="-73.67627">
        <ele>892.91</ele>
        <time>2026-07-05T14:18:53Z</time>
      </trkpt>
      <trkpt lat="44.15782" lon="-73.67628">
        <ele>893.29</ele>
        <time>2026-07-05T14:18:54Z</time>
      </trkpt>
      <trkpt lat="44.15782" lon="-73.67629">
        <ele>893.67</ele>
        <time>2026-07-05T14:18:55Z</time>
      </trkpt>
      <trkpt lat="44.15782" lon="-73.6763">
        <ele>893.99</ele>
        <time>2026-07-05T14:18:56Z</time>
      </trkpt>
      <trkpt lat="44.15781" lon="-73.67633">
        <ele>894.42</ele>
        <time>2026-07-05T14:19:00Z</time>
      </trkpt>
      <trkpt lat="44.1578" lon="-73.67636">
        <ele>894.86</ele>
        <time>2026-07-05T14:19:04Z</time>
      </trkpt>
      <trkpt lat="44.15779" lon="-73.67638">
        <ele>895.07</ele>
        <time>2026-07-05T14:19:08Z</time>
      </trkpt>
      <trkpt lat="44.15779" lon="-73.67639">
        <ele>895.3</ele>
        <time>2026-07-05T14:19:10Z</time>
      </trkpt>
      <trkpt lat="44.15778" lon="-73.67644">
        <ele>896.7</ele>
        <time>2026-07-05T14:19:15Z</time>
      </trkpt>
      <trkpt lat="44.15778" lon="-73.67646">
        <ele>897.35</ele>
        <time>2026-07-05T14:19:17Z</time>
      </trkpt>
      <trkpt lat="44.15778" lon="-73.67647">
        <ele>897.68</ele>
        <time>2026-07-05T14:19:22Z</time>
      </trkpt>
      <trkpt lat="44.15778" lon="-73.67647">
        <ele>897.68</ele>
        <time>2026-07-05T14:19:23Z</time>
      </trkpt>
      <trkpt lat="44.15778" lon="-73.67644">
        <ele>896.7</ele>
        <time>2026-07-05T14:19:31Z</time>
      </trkpt>
      <trkpt lat="44.15777" lon="-73.67645">
        <ele>896.76</ele>
        <time>2026-07-05T14:19:32Z</time>
      </trkpt>
      <trkpt lat="44.15775" lon="-73.67646">
        <ele>896.47</ele>
        <time>2026-07-05T14:19:38Z</time>
      </trkpt>
      <trkpt lat="44.15774" lon="-73.67648">
        <ele>896.73</ele>
        <time>2026-07-05T14:19:41Z</time>
      </trkpt>
      <trkpt lat="44.15774" lon="-73.67649">
        <ele>896.96</ele>
        <time>2026-07-05T14:19:43Z</time>
      </trkpt>
      <trkpt lat="44.15774" lon="-73.6765">
        <ele>897.18</ele>
        <time>2026-07-05T14:19:49Z</time>
      </trkpt>
      <trkpt lat="44.15773" lon="-73.67651">
        <ele>897.07</ele>
        <time>2026-07-05T14:19:51Z</time>
      </trkpt>
      <trkpt lat="44.15771" lon="-73.67652">
        <ele>896.64</ele>
        <time>2026-07-05T14:19:59Z</time>
      </trkpt>
      <trkpt lat="44.15767" lon="-73.67654">
        <ele>895.61</ele>
        <time>2026-07-05T14:20:06Z</time>
      </trkpt>
      <trkpt lat="44.15767" lon="-73.67654">
        <ele>895.61</ele>
        <time>2026-07-05T14:20:07Z</time>
      </trkpt>
      <trkpt lat="44.15766" lon="-73.67657">
        <ele>895.82</ele>
        <time>2026-07-05T14:20:12Z</time>
      </trkpt>
      <trkpt lat="44.15767" lon="-73.67659">
        <ele>896.72</ele>
        <time>2026-07-05T14:20:15Z</time>
      </trkpt>
      <trkpt lat="44.15767" lon="-73.6766">
        <ele>896.95</ele>
        <time>2026-07-05T14:20:16Z</time>
      </trkpt>
      <trkpt lat="44.15767" lon="-73.6766">
        <ele>896.95</ele>
        <time>2026-07-05T14:20:18Z</time>
      </trkpt>
      <trkpt lat="44.15769" lon="-73.67663">
        <ele>898.4</ele>
        <time>2026-07-05T14:20:25Z</time>
      </trkpt>
      <trkpt lat="44.15769" lon="-73.67664">
        <ele>898.62</ele>
        <time>2026-07-05T14:20:26Z</time>
      </trkpt>
      <trkpt lat="44.1577" lon="-73.67667">
        <ele>899.75</ele>
        <time>2026-07-05T14:20:31Z</time>
      </trkpt>
      <trkpt lat="44.1577" lon="-73.67667">
        <ele>899.75</ele>
        <time>2026-07-05T14:20:34Z</time>
      </trkpt>
      <trkpt lat="44.1577" lon="-73.67668">
        <ele>900.07</ele>
        <time>2026-07-05T14:20:36Z</time>
      </trkpt>
      <trkpt lat="44.15771" lon="-73.67672">
        <ele>901.8</ele>
        <time>2026-07-05T14:20:42Z</time>
      </trkpt>
      <trkpt lat="44.1577" lon="-73.67674">
        <ele>902.02</ele>
        <time>2026-07-05T14:20:53Z</time>
      </trkpt>
      <trkpt lat="44.15768" lon="-73.67679">
        <ele>902.77</ele>
        <time>2026-07-05T14:20:59Z</time>
      </trkpt>
      <trkpt lat="44.15768" lon="-73.6768">
        <ele>903.1</ele>
        <time>2026-07-05T14:21:01Z</time>
      </trkpt>
      <trkpt lat="44.15768" lon="-73.67681">
        <ele>903.42</ele>
        <time>2026-07-05T14:21:04Z</time>
      </trkpt>
      <trkpt lat="44.15766" lon="-73.67683">
        <ele>903.2</ele>
        <time>2026-07-05T14:21:11Z</time>
      </trkpt>
      <trkpt lat="44.15768" lon="-73.67682">
        <ele>903.74</ele>
        <time>2026-07-05T14:21:20Z</time>
      </trkpt>
      <trkpt lat="44.15768" lon="-73.67682">
        <ele>903.74</ele>
        <time>2026-07-05T14:21:24Z</time>
      </trkpt>
      <trkpt lat="44.15768" lon="-73.6768">
        <ele>903.1</ele>
        <time>2026-07-05T14:21:27Z</time>
      </trkpt>
      <trkpt lat="44.15768" lon="-73.6768">
        <ele>903.1</ele>
        <time>2026-07-05T14:21:29Z</time>
      </trkpt>
      <trkpt lat="44.15768" lon="-73.6768">
        <ele>903.1</ele>
        <time>2026-07-05T14:21:31Z</time>
      </trkpt>
      <trkpt lat="44.15769" lon="-73.6768">
        <ele>903.53</ele>
        <time>2026-07-05T14:21:35Z</time>
      </trkpt>
      <trkpt lat="44.1577" lon="-73.6768">
        <ele>903.96</ele>
        <time>2026-07-05T14:21:36Z</time>
      </trkpt>
      <trkpt lat="44.15772" lon="-73.67676">
        <ele>903.53</ele>
        <time>2026-07-05T14:21:41Z</time>
      </trkpt>
      <trkpt lat="44.15771" lon="-73.67673">
        <ele>902.12</ele>
        <time>2026-07-05T14:21:45Z</time>
      </trkpt>
      <trkpt lat="44.15771" lon="-73.67673">
        <ele>902.12</ele>
        <time>2026-07-05T14:21:47Z</time>
      </trkpt>
      <trkpt lat="44.15772" lon="-73.67672">
        <ele>902.23</ele>
        <time>2026-07-05T14:21:48Z</time>
      </trkpt>
      <trkpt lat="44.15772" lon="-73.67671">
        <ele>901.91</ele>
        <time>2026-07-05T14:21:50Z</time>
      </trkpt>
      <trkpt lat="44.15774" lon="-73.67671">
        <ele>902.77</ele>
        <time>2026-07-05T14:21:58Z</time>
      </trkpt>
      <trkpt lat="44.15776" lon="-73.67671">
        <ele>903.64</ele>
        <time>2026-07-05T14:22:03Z</time>
      </trkpt>
      <trkpt lat="44.15777" lon="-73.67672">
        <ele>904.39</ele>
        <time>2026-07-05T14:22:05Z</time>
      </trkpt>
      <trkpt lat="44.15778" lon="-73.67673">
        <ele>905.12</ele>
        <time>2026-07-05T14:22:09Z</time>
      </trkpt>
      <trkpt lat="44.15779" lon="-73.67673">
        <ele>905.45</ele>
        <time>2026-07-05T14:22:12Z</time>
      </trkpt>
      <trkpt lat="44.15779" lon="-73.67673">
        <ele>905.45</ele>
        <time>2026-07-05T14:22:13Z</time>
      </trkpt>
      <trkpt lat="44.1578" lon="-73.67674">
        <ele>906.1</ele>
        <time>2026-07-05T14:22:15Z</time>
      </trkpt>
      <trkpt lat="44.15782" lon="-73.67675">
        <ele>907.07</ele>
        <time>2026-07-05T14:22:18Z</time>
      </trkpt>
      <trkpt lat="44.15783" lon="-73.67676">
        <ele>907.72</ele>
        <time>2026-07-05T14:22:21Z</time>
      </trkpt>
      <trkpt lat="44.15783" lon="-73.67676">
        <ele>907.72</ele>
        <time>2026-07-05T14:22:22Z</time>
      </trkpt>
      <trkpt lat="44.15783" lon="-73.67676">
        <ele>907.72</ele>
        <time>2026-07-05T14:22:23Z</time>
      </trkpt>
      <trkpt lat="44.15785" lon="-73.67676">
        <ele>908.36</ele>
        <time>2026-07-05T14:22:26Z</time>
      </trkpt>
      <trkpt lat="44.15785" lon="-73.67675">
        <ele>908.04</ele>
        <time>2026-07-05T14:22:30Z</time>
      </trkpt>
      <trkpt lat="44.15784" lon="-73.67675">
        <ele>907.72</ele>
        <time>2026-07-05T14:22:32Z</time>
      </trkpt>
      <trkpt lat="44.15786" lon="-73.67676">
        <ele>908.69</ele>
        <time>2026-07-05T14:22:40Z</time>
      </trkpt>
      <trkpt lat="44.15786" lon="-73.67677">
        <ele>909.01</ele>
        <time>2026-07-05T14:22:41Z</time>
      </trkpt>
      <trkpt lat="44.15787" lon="-73.67677">
        <ele>909.34</ele>
        <time>2026-07-05T14:22:45Z</time>
      </trkpt>
      <trkpt lat="44.15789" lon="-73.6768">
        <ele>910.74</ele>
        <time>2026-07-05T14:22:52Z</time>
      </trkpt>
      <trkpt lat="44.15789" lon="-73.67682">
        <ele>911.39</ele>
        <time>2026-07-05T14:22:59Z</time>
      </trkpt>
      <trkpt lat="44.15789" lon="-73.67683">
        <ele>911.72</ele>
        <time>2026-07-05T14:23:01Z</time>
      </trkpt>
      <trkpt lat="44.1579" lon="-73.67685">
        <ele>912.58</ele>
        <time>2026-07-05T14:23:05Z</time>
      </trkpt>
      <trkpt lat="44.15791" lon="-73.67686">
        <ele>913.12</ele>
        <time>2026-07-05T14:23:08Z</time>
      </trkpt>
      <trkpt lat="44.15791" lon="-73.67687">
        <ele>913.44</ele>
        <time>2026-07-05T14:23:11Z</time>
      </trkpt>
      <trkpt lat="44.15793" lon="-73.6769">
        <ele>914.85</ele>
        <time>2026-07-05T14:23:16Z</time>
      </trkpt>
      <trkpt lat="44.15793" lon="-73.67691">
        <ele>915.17</ele>
        <time>2026-07-05T14:23:17Z</time>
      </trkpt>
      <trkpt lat="44.15796" lon="-73.67694">
        <ele>916.79</ele>
        <time>2026-07-05T14:23:23Z</time>
      </trkpt>
      <trkpt lat="44.15797" lon="-73.67695">
        <ele>917.2</ele>
        <time>2026-07-05T14:23:25Z</time>
      </trkpt>
      <trkpt lat="44.15799" lon="-73.67696">
        <ele>917.63</ele>
        <time>2026-07-05T14:23:33Z</time>
      </trkpt>
      <trkpt lat="44.15799" lon="-73.67698">
        <ele>918.06</ele>
        <time>2026-07-05T14:23:45Z</time>
      </trkpt>
      <trkpt lat="44.158" lon="-73.67698">
        <ele>918.17</ele>
        <time>2026-07-05T14:23:53Z</time>
      </trkpt>
      <trkpt lat="44.158" lon="-73.67698">
        <ele>918.17</ele>
        <time>2026-07-05T14:23:56Z</time>
      </trkpt>
      <trkpt lat="44.158" lon="-73.67698">
        <ele>918.17</ele>
        <time>2026-07-05T14:24:01Z</time>
      </trkpt>
      <trkpt lat="44.158" lon="-73.67698">
        <ele>918.17</ele>
        <time>2026-07-05T14:24:03Z</time>
      </trkpt>
      <trkpt lat="44.158" lon="-73.67698">
        <ele>918.17</ele>
        <time>2026-07-05T14:24:05Z</time>
      </trkpt>
      <trkpt lat="44.15801" lon="-73.67699">
        <ele>918.49</ele>
        <time>2026-07-05T14:24:07Z</time>
      </trkpt>
      <trkpt lat="44.15802" lon="-73.677">
        <ele>918.82</ele>
        <time>2026-07-05T14:24:09Z</time>
      </trkpt>
      <trkpt lat="44.15806" lon="-73.67701">
        <ele>919.45</ele>
        <time>2026-07-05T14:24:16Z</time>
      </trkpt>
      <trkpt lat="44.15807" lon="-73.67701">
        <ele>919.53</ele>
        <time>2026-07-05T14:24:18Z</time>
      </trkpt>
      <trkpt lat="44.15812" lon="-73.67699">
        <ele>919.33</ele>
        <time>2026-07-05T14:24:25Z</time>
      </trkpt>
      <trkpt lat="44.15813" lon="-73.677">
        <ele>919.68</ele>
        <time>2026-07-05T14:24:27Z</time>
      </trkpt>
      <trkpt lat="44.15814" lon="-73.67703">
        <ele>920.69</ele>
        <time>2026-07-05T14:24:31Z</time>
      </trkpt>
      <trkpt lat="44.15813" lon="-73.67705">
        <ele>921.08</ele>
        <time>2026-07-05T14:24:35Z</time>
      </trkpt>
      <trkpt lat="44.15812" lon="-73.67709">
        <ele>921.84</ele>
        <time>2026-07-05T14:24:40Z</time>
      </trkpt>
      <trkpt lat="44.15811" lon="-73.67711">
        <ele>922.16</ele>
        <time>2026-07-05T14:24:45Z</time>
      </trkpt>
      <trkpt lat="44.1581" lon="-73.67713">
        <ele>922.49</ele>
        <time>2026-07-05T14:24:47Z</time>
      </trkpt>
      <trkpt lat="44.1581" lon="-73.67712">
        <ele>922.27</ele>
        <time>2026-07-05T14:24:54Z</time>
      </trkpt>
      <trkpt lat="44.1581" lon="-73.67713">
        <ele>922.49</ele>
        <time>2026-07-05T14:24:55Z</time>
      </trkpt>
      <trkpt lat="44.15809" lon="-73.67719">
        <ele>924.09</ele>
        <time>2026-07-05T14:25:03Z</time>
      </trkpt>
      <trkpt lat="44.15808" lon="-73.6772">
        <ele>924.34</ele>
        <time>2026-07-05T14:25:04Z</time>
      </trkpt>
      <trkpt lat="44.15809" lon="-73.67724">
        <ele>925.46</ele>
        <time>2026-07-05T14:25:09Z</time>
      </trkpt>
      <trkpt lat="44.15809" lon="-73.67725">
        <ele>925.71</ele>
        <time>2026-07-05T14:25:14Z</time>
      </trkpt>
      <trkpt lat="44.15809" lon="-73.67726">
        <ele>925.97</ele>
        <time>2026-07-05T14:25:15Z</time>
      </trkpt>
      <trkpt lat="44.15809" lon="-73.67728">
        <ele>926.48</ele>
        <time>2026-07-05T14:25:20Z</time>
      </trkpt>
      <trkpt lat="44.15808" lon="-73.67728">
        <ele>926.41</ele>
        <time>2026-07-05T14:25:22Z</time>
      </trkpt>
      <trkpt lat="44.15808" lon="-73.67728">
        <ele>926.41</ele>
        <time>2026-07-05T14:25:31Z</time>
      </trkpt>
      <trkpt lat="44.15808" lon="-73.6773">
        <ele>926.9</ele>
        <time>2026-07-05T14:25:33Z</time>
      </trkpt>
      <trkpt lat="44.15808" lon="-73.67734">
        <ele>928.01</ele>
        <time>2026-07-05T14:25:38Z</time>
      </trkpt>
      <trkpt lat="44.15808" lon="-73.67736">
        <ele>928.6</ele>
        <time>2026-07-05T14:25:40Z</time>
      </trkpt>
      <trkpt lat="44.15808" lon="-73.67736">
        <ele>928.6</ele>
        <time>2026-07-05T14:25:42Z</time>
      </trkpt>
      <trkpt lat="44.15809" lon="-73.67738">
        <ele>929.22</ele>
        <time>2026-07-05T14:25:49Z</time>
      </trkpt>
      <trkpt lat="44.1581" lon="-73.67741">
        <ele>930.06</ele>
        <time>2026-07-05T14:25:53Z</time>
      </trkpt>
      <trkpt lat="44.1581" lon="-73.67741">
        <ele>930.06</ele>
        <time>2026-07-05T14:25:56Z</time>
      </trkpt>
      <trkpt lat="44.15809" lon="-73.67743">
        <ele>930.49</ele>
        <time>2026-07-05T14:26:02Z</time>
      </trkpt>
      <trkpt lat="44.15809" lon="-73.67744">
        <ele>930.7</ele>
        <time>2026-07-05T14:26:06Z</time>
      </trkpt>
      <trkpt lat="44.15809" lon="-73.67746">
        <ele>931.14</ele>
        <time>2026-07-05T14:26:09Z</time>
      </trkpt>
      <trkpt lat="44.15808" lon="-73.67747">
        <ele>931.35</ele>
        <time>2026-07-05T14:26:11Z</time>
      </trkpt>
      <trkpt lat="44.15806" lon="-73.67751">
        <ele>932.43</ele>
        <time>2026-07-05T14:26:17Z</time>
      </trkpt>
      <trkpt lat="44.15806" lon="-73.67752">
        <ele>932.85</ele>
        <time>2026-07-05T14:26:18Z</time>
      </trkpt>
      <trkpt lat="44.15806" lon="-73.67754">
        <ele>933.71</ele>
        <time>2026-07-05T14:26:21Z</time>
      </trkpt>
      <trkpt lat="44.15806" lon="-73.67756">
        <ele>934.56</ele>
        <time>2026-07-05T14:26:24Z</time>
      </trkpt>
      <trkpt lat="44.15806" lon="-73.67756">
        <ele>934.56</ele>
        <time>2026-07-05T14:26:25Z</time>
      </trkpt>
      <trkpt lat="44.15806" lon="-73.67761">
        <ele>936.51</ele>
        <time>2026-07-05T14:26:34Z</time>
      </trkpt>
      <trkpt lat="44.15805" lon="-73.67765">
        <ele>937.9</ele>
        <time>2026-07-05T14:26:41Z</time>
      </trkpt>
      <trkpt lat="44.15805" lon="-73.67766">
        <ele>938.23</ele>
        <time>2026-07-05T14:26:43Z</time>
      </trkpt>
      <trkpt lat="44.15803" lon="-73.67768">
        <ele>939.09</ele>
        <time>2026-07-05T14:26:48Z</time>
      </trkpt>
      <trkpt lat="44.15803" lon="-73.67769">
        <ele>939.38</ele>
        <time>2026-07-05T14:26:49Z</time>
      </trkpt>
      <trkpt lat="44.158" lon="-73.67772">
        <ele>940.35</ele>
        <time>2026-07-05T14:26:55Z</time>
      </trkpt>
      <trkpt lat="44.158" lon="-73.67773">
        <ele>940.57</ele>
        <time>2026-07-05T14:26:56Z</time>
      </trkpt>
      <trkpt lat="44.15797" lon="-73.67778">
        <ele>941.97</ele>
        <time>2026-07-05T14:27:03Z</time>
      </trkpt>
      <trkpt lat="44.15796" lon="-73.67783">
        <ele>943.16</ele>
        <time>2026-07-05T14:27:10Z</time>
      </trkpt>
      <trkpt lat="44.15795" lon="-73.67788">
        <ele>944.36</ele>
        <time>2026-07-05T14:27:19Z</time>
      </trkpt>
      <trkpt lat="44.15795" lon="-73.67788">
        <ele>944.36</ele>
        <time>2026-07-05T14:27:20Z</time>
      </trkpt>
      <trkpt lat="44.15794" lon="-73.67793">
        <ele>945.7</ele>
        <time>2026-07-05T14:27:30Z</time>
      </trkpt>
      <trkpt lat="44.15793" lon="-73.67794">
        <ele>946.13</ele>
        <time>2026-07-05T14:27:35Z</time>
      </trkpt>
      <trkpt lat="44.15794" lon="-73.67795">
        <ele>946.18</ele>
        <time>2026-07-05T14:27:40Z</time>
      </trkpt>
      <trkpt lat="44.15793" lon="-73.67797">
        <ele>946.86</ele>
        <time>2026-07-05T14:27:44Z</time>
      </trkpt>
      <trkpt lat="44.15793" lon="-73.67796">
        <ele>946.64</ele>
        <time>2026-07-05T14:27:48Z</time>
      </trkpt>
      <trkpt lat="44.15794" lon="-73.67794">
        <ele>945.94</ele>
        <time>2026-07-05T14:27:55Z</time>
      </trkpt>
      <trkpt lat="44.15794" lon="-73.67794">
        <ele>945.94</ele>
        <time>2026-07-05T14:27:58Z</time>
      </trkpt>
      <trkpt lat="44.15794" lon="-73.67795">
        <ele>946.18</ele>
        <time>2026-07-05T14:28:03Z</time>
      </trkpt>
      <trkpt lat="44.15794" lon="-73.67796">
        <ele>946.42</ele>
        <time>2026-07-05T14:28:09Z</time>
      </trkpt>
      <trkpt lat="44.15794" lon="-73.67796">
        <ele>946.42</ele>
        <time>2026-07-05T14:28:10Z</time>
      </trkpt>
      <trkpt lat="44.15794" lon="-73.67797">
        <ele>946.65</ele>
        <time>2026-07-05T14:28:15Z</time>
      </trkpt>
      <trkpt lat="44.15794" lon="-73.67796">
        <ele>946.42</ele>
        <time>2026-07-05T14:28:19Z</time>
      </trkpt>
      <trkpt lat="44.15793" lon="-73.67795">
        <ele>946.38</ele>
        <time>2026-07-05T14:28:26Z</time>
      </trkpt>
      <trkpt lat="44.15794" lon="-73.67795">
        <ele>946.18</ele>
        <time>2026-07-05T14:28:27Z</time>
      </trkpt>
      <trkpt lat="44.15794" lon="-73.67795">
        <ele>946.18</ele>
        <time>2026-07-05T14:28:29Z</time>
      </trkpt>
      <trkpt lat="44.15793" lon="-73.67795">
        <ele>946.38</ele>
        <time>2026-07-05T14:28:36Z</time>
      </trkpt>
      <trkpt lat="44.15795" lon="-73.67795">
        <ele>945.98</ele>
        <time>2026-07-05T14:28:46Z</time>
      </trkpt>
      <trkpt lat="44.15796" lon="-73.67795">
        <ele>945.78</ele>
        <time>2026-07-05T14:28:47Z</time>
      </trkpt>
      <trkpt lat="44.15796" lon="-73.67795">
        <ele>945.78</ele>
        <time>2026-07-05T14:28:49Z</time>
      </trkpt>
      <trkpt lat="44.15796" lon="-73.67794">
        <ele>945.56</ele>
        <time>2026-07-05T14:28:52Z</time>
      </trkpt>
      <trkpt lat="44.15795" lon="-73.67793">
        <ele>945.52</ele>
        <time>2026-07-05T14:28:57Z</time>
      </trkpt>
      <trkpt lat="44.15793" lon="-73.67795">
        <ele>946.38</ele>
        <time>2026-07-05T14:29:07Z</time>
      </trkpt>
      <trkpt lat="44.15796" lon="-73.67795">
        <ele>945.78</ele>
        <time>2026-07-05T14:29:14Z</time>
      </trkpt>
      <trkpt lat="44.15795" lon="-73.67796">
        <ele>946.21</ele>
        <time>2026-07-05T14:29:20Z</time>
      </trkpt>
      <trkpt lat="44.15796" lon="-73.67796">
        <ele>946.0</ele>
        <time>2026-07-05T14:29:23Z</time>
      </trkpt>
      <trkpt lat="44.15796" lon="-73.67795">
        <ele>945.78</ele>
        <time>2026-07-05T14:29:28Z</time>
      </trkpt>
      <trkpt lat="44.15796" lon="-73.67795">
        <ele>945.78</ele>
        <time>2026-07-05T14:29:29Z</time>
      </trkpt>
      <trkpt lat="44.15795" lon="-73.67795">
        <ele>945.98</ele>
        <time>2026-07-05T14:29:38Z</time>
      </trkpt>
      <trkpt lat="44.15795" lon="-73.67795">
        <ele>945.98</ele>
        <time>2026-07-05T14:29:44Z</time>
      </trkpt>
      <trkpt lat="44.15796" lon="-73.67794">
        <ele>945.56</ele>
        <time>2026-07-05T14:29:48Z</time>
      </trkpt>
      <trkpt lat="44.15796" lon="-73.67794">
        <ele>945.56</ele>
        <time>2026-07-05T14:29:49Z</time>
      </trkpt>
      <trkpt lat="44.15796" lon="-73.67794">
        <ele>945.56</ele>
        <time>2026-07-05T14:29:51Z</time>
      </trkpt>
      <trkpt lat="44.15796" lon="-73.67794">
        <ele>945.56</ele>
        <time>2026-07-05T14:29:52Z</time>
      </trkpt>
      <trkpt lat="44.15796" lon="-73.67794">
        <ele>945.56</ele>
        <time>2026-07-05T14:29:57Z</time>
      </trkpt>
      <trkpt lat="44.15795" lon="-73.67794">
        <ele>945.75</ele>
        <time>2026-07-05T14:30:06Z</time>
      </trkpt>
      <trkpt lat="44.15795" lon="-73.67793">
        <ele>945.52</ele>
        <time>2026-07-05T14:30:11Z</time>
      </trkpt>
      <trkpt lat="44.15795" lon="-73.67794">
        <ele>945.75</ele>
        <time>2026-07-05T14:30:14Z</time>
      </trkpt>
      <trkpt lat="44.15795" lon="-73.67795">
        <ele>945.98</ele>
        <time>2026-07-05T14:30:17Z</time>
      </trkpt>
      <trkpt lat="44.15796" lon="-73.67796">
        <ele>946.0</ele>
        <time>2026-07-05T14:30:25Z</time>
      </trkpt>
      <trkpt lat="44.15796" lon="-73.67795">
        <ele>945.78</ele>
        <time>2026-07-05T14:30:33Z</time>
      </trkpt>
      <trkpt lat="44.15795" lon="-73.67793">
        <ele>945.52</ele>
        <time>2026-07-05T14:30:42Z</time>
      </trkpt>
      <trkpt lat="44.15795" lon="-73.67794">
        <ele>945.75</ele>
        <time>2026-07-05T14:30:52Z</time>
      </trkpt>
      <trkpt lat="44.15796" lon="-73.67795">
        <ele>945.78</ele>
        <time>2026-07-05T14:31:00Z</time>
      </trkpt>
      <trkpt lat="44.15795" lon="-73.67794">
        <ele>945.75</ele>
        <time>2026-07-05T14:31:11Z</time>
      </trkpt>
      <trkpt lat="44.15795" lon="-73.67795">
        <ele>945.98</ele>
        <time>2026-07-05T14:31:14Z</time>
      </trkpt>
      <trkpt lat="44.15794" lon="-73.67795">
        <ele>946.18</ele>
        <time>2026-07-05T14:31:15Z</time>
      </trkpt>
      <trkpt lat="44.15794" lon="-73.67795">
        <ele>946.18</ele>
        <time>2026-07-05T14:31:16Z</time>
      </trkpt>
      <trkpt lat="44.15794" lon="-73.67794">
        <ele>945.94</ele>
        <time>2026-07-05T14:31:18Z</time>
      </trkpt>
      <trkpt lat="44.15795" lon="-73.67793">
        <ele>945.52</ele>
        <time>2026-07-05T14:31:26Z</time>
      </trkpt>
      <trkpt lat="44.15796" lon="-73.67794">
        <ele>945.56</ele>
        <time>2026-07-05T14:31:30Z</time>
      </trkpt>
      <trkpt lat="44.15795" lon="-73.67794">
        <ele>945.75</ele>
        <time>2026-07-05T14:31:32Z</time>
      </trkpt>
      <trkpt lat="44.15795" lon="-73.67794">
        <ele>945.75</ele>
        <time>2026-07-05T14:31:35Z</time>
      </trkpt>
      <trkpt lat="44.15796" lon="-73.67793">
        <ele>945.34</ele>
        <time>2026-07-05T14:31:45Z</time>
      </trkpt>
      <trkpt lat="44.15795" lon="-73.67794">
        <ele>945.75</ele>
        <time>2026-07-05T14:31:55Z</time>
      </trkpt>
      <trkpt lat="44.15794" lon="-73.67798">
        <ele>946.86</ele>
        <time>2026-07-05T14:31:59Z</time>
      </trkpt>
      <trkpt lat="44.15793" lon="-73.67803">
        <ele>948.16</ele>
        <time>2026-07-05T14:32:03Z</time>
      </trkpt>
      <trkpt lat="44.15793" lon="-73.67805">
        <ele>948.59</ele>
        <time>2026-07-05T14:32:06Z</time>
      </trkpt>
      <trkpt lat="44.15791" lon="-73.67809">
        <ele>949.89</ele>
        <time>2026-07-05T14:32:13Z</time>
      </trkpt>
      <trkpt lat="44.1579" lon="-73.6781">
        <ele>950.32</ele>
        <time>2026-07-05T14:32:15Z</time>
      </trkpt>
      <trkpt lat="44.15788" lon="-73.67813">
        <ele>951.4</ele>
        <time>2026-07-05T14:32:18Z</time>
      </trkpt>
      <trkpt lat="44.15787" lon="-73.67814">
        <ele>951.83</ele>
        <time>2026-07-05T14:32:22Z</time>
      </trkpt>
      <trkpt lat="44.15785" lon="-73.67814">
        <ele>952.04</ele>
        <time>2026-07-05T14:32:24Z</time>
      </trkpt>
      <trkpt lat="44.15785" lon="-73.67814">
        <ele>952.04</ele>
        <time>2026-07-05T14:32:25Z</time>
      </trkpt>
      <trkpt lat="44.15783" lon="-73.67815">
        <ele>952.48</ele>
        <time>2026-07-05T14:32:28Z</time>
      </trkpt>
      <trkpt lat="44.15781" lon="-73.67816">
        <ele>952.91</ele>
        <time>2026-07-05T14:32:33Z</time>
      </trkpt>
      <trkpt lat="44.15781" lon="-73.67816">
        <ele>952.91</ele>
        <time>2026-07-05T14:32:40Z</time>
      </trkpt>
      <trkpt lat="44.15781" lon="-73.67818">
        <ele>953.34</ele>
        <time>2026-07-05T14:32:43Z</time>
      </trkpt>
      <trkpt lat="44.1578" lon="-73.67818">
        <ele>953.45</ele>
        <time>2026-07-05T14:32:44Z</time>
      </trkpt>
      <trkpt lat="44.15779" lon="-73.67819">
        <ele>953.77</ele>
        <time>2026-07-05T14:32:53Z</time>
      </trkpt>
      <trkpt lat="44.15778" lon="-73.6782">
        <ele>954.1</ele>
        <time>2026-07-05T14:32:57Z</time>
      </trkpt>
      <trkpt lat="44.15778" lon="-73.67821">
        <ele>954.31</ele>
        <time>2026-07-05T14:32:59Z</time>
      </trkpt>
      <trkpt lat="44.15777" lon="-73.67822">
        <ele>954.62</ele>
        <time>2026-07-05T14:33:00Z</time>
      </trkpt>
      <trkpt lat="44.15775" lon="-73.67824">
        <ele>955.28</ele>
        <time>2026-07-05T14:33:04Z</time>
      </trkpt>
      <trkpt lat="44.15774" lon="-73.67826">
        <ele>956.03</ele>
        <time>2026-07-05T14:33:07Z</time>
      </trkpt>
      <trkpt lat="44.15773" lon="-73.67827">
        <ele>956.46</ele>
        <time>2026-07-05T14:33:08Z</time>
      </trkpt>
      <trkpt lat="44.15773" lon="-73.67827">
        <ele>956.46</ele>
        <time>2026-07-05T14:33:09Z</time>
      </trkpt>
      <trkpt lat="44.15771" lon="-73.6783">
        <ele>957.65</ele>
        <time>2026-07-05T14:33:14Z</time>
      </trkpt>
      <trkpt lat="44.1577" lon="-73.6783">
        <ele>957.76</ele>
        <time>2026-07-05T14:33:16Z</time>
      </trkpt>
      <trkpt lat="44.15769" lon="-73.67831">
        <ele>958.19</ele>
        <time>2026-07-05T14:33:20Z</time>
      </trkpt>
      <trkpt lat="44.15768" lon="-73.67833">
        <ele>958.84</ele>
        <time>2026-07-05T14:33:23Z</time>
      </trkpt>
      <trkpt lat="44.15768" lon="-73.67833">
        <ele>958.84</ele>
        <time>2026-07-05T14:33:25Z</time>
      </trkpt>
      <trkpt lat="44.15768" lon="-73.67836">
        <ele>959.52</ele>
        <time>2026-07-05T14:33:29Z</time>
      </trkpt>
      <trkpt lat="44.15768" lon="-73.67839">
        <ele>960.17</ele>
        <time>2026-07-05T14:33:31Z</time>
      </trkpt>
      <trkpt lat="44.15767" lon="-73.67841">
        <ele>960.49</ele>
        <time>2026-07-05T14:33:36Z</time>
      </trkpt>
      <trkpt lat="44.15767" lon="-73.67843">
        <ele>960.89</ele>
        <time>2026-07-05T14:33:39Z</time>
      </trkpt>
      <trkpt lat="44.15766" lon="-73.67845">
        <ele>961.06</ele>
        <time>2026-07-05T14:33:43Z</time>
      </trkpt>
      <trkpt lat="44.15767" lon="-73.67845">
        <ele>961.14</ele>
        <time>2026-07-05T14:33:51Z</time>
      </trkpt>
      <trkpt lat="44.15767" lon="-73.67844">
        <ele>961.01</ele>
        <time>2026-07-05T14:33:55Z</time>
      </trkpt>
      <trkpt lat="44.15765" lon="-73.67851">
        <ele>961.87</ele>
        <time>2026-07-05T14:34:03Z</time>
      </trkpt>
      <trkpt lat="44.15764" lon="-73.67853">
        <ele>962.12</ele>
        <time>2026-07-05T14:34:08Z</time>
      </trkpt>
      <trkpt lat="44.15763" lon="-73.67852">
        <ele>962.02</ele>
        <time>2026-07-05T14:34:12Z</time>
      </trkpt>
      <trkpt lat="44.15761" lon="-73.67853">
        <ele>962.12</ele>
        <time>2026-07-05T14:34:16Z</time>
      </trkpt>
      <trkpt lat="44.15758" lon="-73.67856">
        <ele>962.31</ele>
        <time>2026-07-05T14:34:20Z</time>
      </trkpt>
      <trkpt lat="44.15757" lon="-73.6786">
        <ele>962.64</ele>
        <time>2026-07-05T14:34:24Z</time>
      </trkpt>
      <trkpt lat="44.15755" lon="-73.67864">
        <ele>963.0</ele>
        <time>2026-07-05T14:34:30Z</time>
      </trkpt>
      <trkpt lat="44.15753" lon="-73.67868">
        <ele>963.57</ele>
        <time>2026-07-05T14:34:34Z</time>
      </trkpt>
      <trkpt lat="44.15754" lon="-73.67872">
        <ele>964.35</ele>
        <time>2026-07-05T14:34:38Z</time>
      </trkpt>
      <trkpt lat="44.15753" lon="-73.67873">
        <ele>964.57</ele>
        <time>2026-07-05T14:34:39Z</time>
      </trkpt>
      <trkpt lat="44.15751" lon="-73.67877">
        <ele>965.43</ele>
        <time>2026-07-05T14:34:46Z</time>
      </trkpt>
      <trkpt lat="44.15751" lon="-73.67879">
        <ele>965.86</ele>
        <time>2026-07-05T14:34:48Z</time>
      </trkpt>
      <trkpt lat="44.15751" lon="-73.6788">
        <ele>966.08</ele>
        <time>2026-07-05T14:34:50Z</time>
      </trkpt>
      <trkpt lat="44.15749" lon="-73.67886">
        <ele>967.34</ele>
        <time>2026-07-05T14:34:54Z</time>
      </trkpt>
      <trkpt lat="44.15749" lon="-73.67886">
        <ele>967.34</ele>
        <time>2026-07-05T14:34:55Z</time>
      </trkpt>
      <trkpt lat="44.15748" lon="-73.67887">
        <ele>967.55</ele>
        <time>2026-07-05T14:34:57Z</time>
      </trkpt>
      <trkpt lat="44.15747" lon="-73.67889">
        <ele>968.02</ele>
        <time>2026-07-05T14:35:00Z</time>
      </trkpt>
      <trkpt lat="44.15746" lon="-73.67891">
        <ele>968.46</ele>
        <time>2026-07-05T14:35:03Z</time>
      </trkpt>
      <trkpt lat="44.15743" lon="-73.67897">
        <ele>969.75</ele>
        <time>2026-07-05T14:35:10Z</time>
      </trkpt>
      <trkpt lat="44.15742" lon="-73.67901">
        <ele>970.62</ele>
        <time>2026-07-05T14:35:14Z</time>
      </trkpt>
      <trkpt lat="44.15741" lon="-73.67904">
        <ele>971.26</ele>
        <time>2026-07-05T14:35:18Z</time>
      </trkpt>
      <trkpt lat="44.15741" lon="-73.67906">
        <ele>971.7</ele>
        <time>2026-07-05T14:35:20Z</time>
      </trkpt>
      <trkpt lat="44.1574" lon="-73.67907">
        <ele>971.83</ele>
        <time>2026-07-05T14:35:24Z</time>
      </trkpt>
      <trkpt lat="44.15739" lon="-73.67907">
        <ele>971.72</ele>
        <time>2026-07-05T14:35:25Z</time>
      </trkpt>
      <trkpt lat="44.15739" lon="-73.67907">
        <ele>971.72</ele>
        <time>2026-07-05T14:35:28Z</time>
      </trkpt>
      <trkpt lat="44.15737" lon="-73.67909">
        <ele>971.94</ele>
        <time>2026-07-05T14:35:37Z</time>
      </trkpt>
      <trkpt lat="44.15736" lon="-73.6791">
        <ele>972.05</ele>
        <time>2026-07-05T14:35:39Z</time>
      </trkpt>
      <trkpt lat="44.15734" lon="-73.67911">
        <ele>972.05</ele>
        <time>2026-07-05T14:35:45Z</time>
      </trkpt>
      <trkpt lat="44.15735" lon="-73.67911">
        <ele>972.16</ele>
        <time>2026-07-05T14:35:53Z</time>
      </trkpt>
      <trkpt lat="44.1573" lon="-73.67914">
        <ele>972.26</ele>
        <time>2026-07-05T14:36:03Z</time>
      </trkpt>
      <trkpt lat="44.1573" lon="-73.67915">
        <ele>972.48</ele>
        <time>2026-07-05T14:36:04Z</time>
      </trkpt>
      <trkpt lat="44.15729" lon="-73.67915">
        <ele>972.37</ele>
        <time>2026-07-05T14:36:07Z</time>
      </trkpt>
      <trkpt lat="44.15725" lon="-73.67915">
        <ele>971.94</ele>
        <time>2026-07-05T14:36:11Z</time>
      </trkpt>
      <trkpt lat="44.1572" lon="-73.67914">
        <ele>970.94</ele>
        <time>2026-07-05T14:36:19Z</time>
      </trkpt>
      <trkpt lat="44.15717" lon="-73.67915">
        <ele>970.51</ele>
        <time>2026-07-05T14:36:26Z</time>
      </trkpt>
      <trkpt lat="44.15716" lon="-73.67915">
        <ele>970.3</ele>
        <time>2026-07-05T14:36:27Z</time>
      </trkpt>
      <trkpt lat="44.15712" lon="-73.67915">
        <ele>969.54</ele>
        <time>2026-07-05T14:36:31Z</time>
      </trkpt>
      <trkpt lat="44.15709" lon="-73.67915">
        <ele>969.21</ele>
        <time>2026-07-05T14:36:34Z</time>
      </trkpt>
      <trkpt lat="44.15704" lon="-73.67916">
        <ele>968.89</ele>
        <time>2026-07-05T14:36:40Z</time>
      </trkpt>
      <trkpt lat="44.15704" lon="-73.67917">
        <ele>969.14</ele>
        <time>2026-07-05T14:36:42Z</time>
      </trkpt>
      <trkpt lat="44.15703" lon="-73.67917">
        <ele>969.18</ele>
        <time>2026-07-05T14:36:45Z</time>
      </trkpt>
      <trkpt lat="44.15703" lon="-73.67917">
        <ele>969.18</ele>
        <time>2026-07-05T14:36:46Z</time>
      </trkpt>
      <trkpt lat="44.15701" lon="-73.67919">
        <ele>970.05</ele>
        <time>2026-07-05T14:36:49Z</time>
      </trkpt>
      <trkpt lat="44.157" lon="-73.6792">
        <ele>970.48</ele>
        <time>2026-07-05T14:36:52Z</time>
      </trkpt>
      <trkpt lat="44.15699" lon="-73.67921">
        <ele>970.91</ele>
        <time>2026-07-05T14:36:56Z</time>
      </trkpt>
      <trkpt lat="44.15699" lon="-73.67921">
        <ele>970.91</ele>
        <time>2026-07-05T14:36:57Z</time>
      </trkpt>
      <trkpt lat="44.15697" lon="-73.67924">
        <ele>972.1</ele>
        <time>2026-07-05T14:37:03Z</time>
      </trkpt>
      <trkpt lat="44.15696" lon="-73.67926">
        <ele>972.86</ele>
        <time>2026-07-05T14:37:11Z</time>
      </trkpt>
      <trkpt lat="44.15695" lon="-73.67928">
        <ele>973.64</ele>
        <time>2026-07-05T14:37:16Z</time>
      </trkpt>
      <trkpt lat="44.15695" lon="-73.67928">
        <ele>973.64</ele>
        <time>2026-07-05T14:37:17Z</time>
      </trkpt>
      <trkpt lat="44.15695" lon="-73.67929">
        <ele>973.98</ele>
        <time>2026-07-05T14:37:18Z</time>
      </trkpt>
      <trkpt lat="44.15695" lon="-73.67933">
        <ele>975.32</ele>
        <time>2026-07-05T14:37:23Z</time>
      </trkpt>
      <trkpt lat="44.15694" lon="-73.67933">
        <ele>975.36</ele>
        <time>2026-07-05T14:37:27Z</time>
      </trkpt>
      <trkpt lat="44.15694" lon="-73.67931">
        <ele>974.74</ele>
        <time>2026-07-05T14:37:31Z</time>
      </trkpt>
      <trkpt lat="44.15694" lon="-73.67931">
        <ele>974.74</ele>
        <time>2026-07-05T14:37:43Z</time>
      </trkpt>
      <trkpt lat="44.15693" lon="-73.67936">
        <ele>976.49</ele>
        <time>2026-07-05T14:38:37Z</time>
      </trkpt>
      <trkpt lat="44.15694" lon="-73.67937">
        <ele>976.82</ele>
        <time>2026-07-05T14:38:43Z</time>
      </trkpt>
      <trkpt lat="44.15693" lon="-73.67938">
        <ele>977.32</ele>
        <time>2026-07-05T14:38:47Z</time>
      </trkpt>
      <trkpt lat="44.15692" lon="-73.67938">
        <ele>977.4</ele>
        <time>2026-07-05T14:38:48Z</time>
      </trkpt>
      <trkpt lat="44.1569" lon="-73.67938">
        <ele>977.55</ele>
        <time>2026-07-05T14:38:55Z</time>
      </trkpt>
      <trkpt lat="44.1569" lon="-73.67938">
        <ele>977.55</ele>
        <time>2026-07-05T14:38:56Z</time>
      </trkpt>
      <trkpt lat="44.15689" lon="-73.67938">
        <ele>977.63</ele>
        <time>2026-07-05T14:38:59Z</time>
      </trkpt>
      <trkpt lat="44.15687" lon="-73.67938">
        <ele>977.78</ele>
        <time>2026-07-05T14:39:04Z</time>
      </trkpt>
      <trkpt lat="44.15687" lon="-73.67938">
        <ele>977.78</ele>
        <time>2026-07-05T14:39:07Z</time>
      </trkpt>
      <trkpt lat="44.15685" lon="-73.67936">
        <ele>977.36</ele>
        <time>2026-07-05T14:39:17Z</time>
      </trkpt>
      <trkpt lat="44.15684" lon="-73.67937">
        <ele>978.2</ele>
        <time>2026-07-05T14:39:22Z</time>
      </trkpt>
      <trkpt lat="44.15683" lon="-73.67937">
        <ele>978.72</ele>
        <time>2026-07-05T14:39:25Z</time>
      </trkpt>
      <trkpt lat="44.15682" lon="-73.67936">
        <ele>978.95</ele>
        <time>2026-07-05T14:39:28Z</time>
      </trkpt>
      <trkpt lat="44.15679" lon="-73.67934">
        <ele>980.21</ele>
        <time>2026-07-05T14:39:33Z</time>
      </trkpt>
      <trkpt lat="44.15679" lon="-73.67934">
        <ele>980.21</ele>
        <time>2026-07-05T14:39:34Z</time>
      </trkpt>
      <trkpt lat="44.15677" lon="-73.67934">
        <ele>981.29</ele>
        <time>2026-07-05T14:39:38Z</time>
      </trkpt>
      <trkpt lat="44.15672" lon="-73.67934">
        <ele>984.79</ele>
        <time>2026-07-05T14:39:45Z</time>
      </trkpt>
      <trkpt lat="44.15672" lon="-73.67933">
        <ele>984.63</ele>
        <time>2026-07-05T14:39:48Z</time>
      </trkpt>
      <trkpt lat="44.15669" lon="-73.67931">
        <ele>986.45</ele>
        <time>2026-07-05T14:39:54Z</time>
      </trkpt>
      <trkpt lat="44.15669" lon="-73.67931">
        <ele>986.45</ele>
        <time>2026-07-05T14:40:04Z</time>
      </trkpt>
      <trkpt lat="44.15668" lon="-73.67933">
        <ele>987.55</ele>
        <time>2026-07-05T14:40:12Z</time>
      </trkpt>
      <trkpt lat="44.15668" lon="-73.67933">
        <ele>987.55</ele>
        <time>2026-07-05T14:40:14Z</time>
      </trkpt>
      <trkpt lat="44.15665" lon="-73.67933">
        <ele>989.97</ele>
        <time>2026-07-05T14:40:18Z</time>
      </trkpt>
      <trkpt lat="44.15663" lon="-73.67932">
        <ele>991.48</ele>
        <time>2026-07-05T14:40:24Z</time>
      </trkpt>
      <trkpt lat="44.1566" lon="-73.67933">
        <ele>994.29</ele>
        <time>2026-07-05T14:40:35Z</time>
      </trkpt>
      <trkpt lat="44.1566" lon="-73.67933">
        <ele>994.29</ele>
        <time>2026-07-05T14:40:38Z</time>
      </trkpt>
      <trkpt lat="44.15658" lon="-73.67934">
        <ele>996.23</ele>
        <time>2026-07-05T14:40:42Z</time>
      </trkpt>
      <trkpt lat="44.15658" lon="-73.67935">
        <ele>996.45</ele>
        <time>2026-07-05T14:40:43Z</time>
      </trkpt>
      <trkpt lat="44.15658" lon="-73.67935">
        <ele>996.45</ele>
        <time>2026-07-05T14:40:44Z</time>
      </trkpt>
      <trkpt lat="44.1566" lon="-73.67934">
        <ele>994.5</ele>
        <time>2026-07-05T14:40:49Z</time>
      </trkpt>
      <trkpt lat="44.15659" lon="-73.67934">
        <ele>995.37</ele>
        <time>2026-07-05T14:40:53Z</time>
      </trkpt>
      <trkpt lat="44.15658" lon="-73.67935">
        <ele>996.45</ele>
        <time>2026-07-05T14:40:56Z</time>
      </trkpt>
      <trkpt lat="44.15656" lon="-73.67935">
        <ele>997.87</ele>
        <time>2026-07-05T14:41:01Z</time>
      </trkpt>
      <trkpt lat="44.15656" lon="-73.67936">
        <ele>998.07</ele>
        <time>2026-07-05T14:41:02Z</time>
      </trkpt>
      <trkpt lat="44.15653" lon="-73.67938">
        <ele>1000.32</ele>
        <time>2026-07-05T14:41:09Z</time>
      </trkpt>
      <trkpt lat="44.15653" lon="-73.67938">
        <ele>1000.32</ele>
        <time>2026-07-05T14:41:11Z</time>
      </trkpt>
      <trkpt lat="44.15652" lon="-73.67939">
        <ele>1001.09</ele>
        <time>2026-07-05T14:41:17Z</time>
      </trkpt>
      <trkpt lat="44.15651" lon="-73.6794">
        <ele>1001.83</ele>
        <time>2026-07-05T14:41:18Z</time>
      </trkpt>
      <trkpt lat="44.1565" lon="-73.67941">
        <ele>1002.55</ele>
        <time>2026-07-05T14:41:23Z</time>
      </trkpt>
      <trkpt lat="44.15648" lon="-73.67944">
        <ele>1004.03</ele>
        <time>2026-07-05T14:41:28Z</time>
      </trkpt>
      <trkpt lat="44.15647" lon="-73.67945">
        <ele>1004.68</ele>
        <time>2026-07-05T14:41:30Z</time>
      </trkpt>
      <trkpt lat="44.15647" lon="-73.67946">
        <ele>1004.79</ele>
        <time>2026-07-05T14:41:32Z</time>
      </trkpt>
      <trkpt lat="44.15646" lon="-73.67947">
        <ele>1005.44</ele>
        <time>2026-07-05T14:41:37Z</time>
      </trkpt>
      <trkpt lat="44.15646" lon="-73.67948">
        <ele>1005.54</ele>
        <time>2026-07-05T14:41:38Z</time>
      </trkpt>
      <trkpt lat="44.15644" lon="-73.6795">
        <ele>1006.84</ele>
        <time>2026-07-05T14:41:44Z</time>
      </trkpt>
      <trkpt lat="44.15643" lon="-73.67951">
        <ele>1007.49</ele>
        <time>2026-07-05T14:41:52Z</time>
      </trkpt>
      <trkpt lat="44.15643" lon="-73.67951">
        <ele>1007.49</ele>
        <time>2026-07-05T14:41:53Z</time>
      </trkpt>
      <trkpt lat="44.15644" lon="-73.6795">
        <ele>1006.84</ele>
        <time>2026-07-05T14:41:56Z</time>
      </trkpt>
      <trkpt lat="44.15644" lon="-73.67951">
        <ele>1006.95</ele>
        <time>2026-07-05T14:42:06Z</time>
      </trkpt>
      <trkpt lat="44.15644" lon="-73.67951">
        <ele>1006.95</ele>
        <time>2026-07-05T14:42:10Z</time>
      </trkpt>
      <trkpt lat="44.15644" lon="-73.67951">
        <ele>1006.95</ele>
        <time>2026-07-05T14:42:12Z</time>
      </trkpt>
      <trkpt lat="44.15644" lon="-73.6795">
        <ele>1006.84</ele>
        <time>2026-07-05T14:42:16Z</time>
      </trkpt>
      <trkpt lat="44.15644" lon="-73.6795">
        <ele>1006.84</ele>
        <time>2026-07-05T14:42:18Z</time>
      </trkpt>
      <trkpt lat="44.15643" lon="-73.67953">
        <ele>1007.7</ele>
        <time>2026-07-05T14:42:21Z</time>
      </trkpt>
      <trkpt lat="44.15642" lon="-73.67954">
        <ele>1008.35</ele>
        <time>2026-07-05T14:42:24Z</time>
      </trkpt>
      <trkpt lat="44.15641" lon="-73.67955">
        <ele>1009.0</ele>
        <time>2026-07-05T14:42:26Z</time>
      </trkpt>
      <trkpt lat="44.1564" lon="-73.67958">
        <ele>1009.86</ele>
        <time>2026-07-05T14:42:30Z</time>
      </trkpt>
      <trkpt lat="44.15639" lon="-73.67961">
        <ele>1010.73</ele>
        <time>2026-07-05T14:42:34Z</time>
      </trkpt>
      <trkpt lat="44.15639" lon="-73.67962">
        <ele>1010.84</ele>
        <time>2026-07-05T14:42:36Z</time>
      </trkpt>
      <trkpt lat="44.15637" lon="-73.67965">
        <ele>1011.63</ele>
        <time>2026-07-05T14:42:42Z</time>
      </trkpt>
      <trkpt lat="44.15637" lon="-73.67966">
        <ele>1011.74</ele>
        <time>2026-07-05T14:42:44Z</time>
      </trkpt>
      <trkpt lat="44.15636" lon="-73.67968">
        <ele>1012.17</ele>
        <time>2026-07-05T14:42:47Z</time>
      </trkpt>
      <trkpt lat="44.15635" lon="-73.6797">
        <ele>1012.6</ele>
        <time>2026-07-05T14:42:52Z</time>
      </trkpt>
      <trkpt lat="44.15636" lon="-73.6797">
        <ele>1012.38</ele>
        <time>2026-07-05T14:42:53Z</time>
      </trkpt>
      <trkpt lat="44.15637" lon="-73.67969">
        <ele>1012.06</ele>
        <time>2026-07-05T14:42:57Z</time>
      </trkpt>
      <trkpt lat="44.15637" lon="-73.67969">
        <ele>1012.06</ele>
        <time>2026-07-05T14:43:03Z</time>
      </trkpt>
      <trkpt lat="44.15636" lon="-73.6797">
        <ele>1012.38</ele>
        <time>2026-07-05T14:43:14Z</time>
      </trkpt>
      <trkpt lat="44.15636" lon="-73.6797">
        <ele>1012.38</ele>
        <time>2026-07-05T14:43:18Z</time>
      </trkpt>
      <trkpt lat="44.15637" lon="-73.67971">
        <ele>1012.28</ele>
        <time>2026-07-05T14:43:23Z</time>
      </trkpt>
      <trkpt lat="44.15637" lon="-73.67973">
        <ele>1012.58</ele>
        <time>2026-07-05T14:43:27Z</time>
      </trkpt>
      <trkpt lat="44.15637" lon="-73.67972">
        <ele>1012.38</ele>
        <time>2026-07-05T14:43:30Z</time>
      </trkpt>
      <trkpt lat="44.15638" lon="-73.67971">
        <ele>1012.06</ele>
        <time>2026-07-05T14:43:39Z</time>
      </trkpt>
      <trkpt lat="44.15637" lon="-73.67971">
        <ele>1012.28</ele>
        <time>2026-07-05T14:43:40Z</time>
      </trkpt>
      <trkpt lat="44.15637" lon="-73.6797">
        <ele>1012.17</ele>
        <time>2026-07-05T14:43:42Z</time>
      </trkpt>
      <trkpt lat="44.15637" lon="-73.67971">
        <ele>1012.28</ele>
        <time>2026-07-05T14:43:50Z</time>
      </trkpt>
      <trkpt lat="44.15637" lon="-73.6797">
        <ele>1012.17</ele>
        <time>2026-07-05T14:43:53Z</time>
      </trkpt>
      <trkpt lat="44.15636" lon="-73.67971">
        <ele>1012.49</ele>
        <time>2026-07-05T14:44:01Z</time>
      </trkpt>
      <trkpt lat="44.15635" lon="-73.67971">
        <ele>1012.71</ele>
        <time>2026-07-05T14:44:03Z</time>
      </trkpt>
      <trkpt lat="44.15635" lon="-73.67972">
        <ele>1012.82</ele>
        <time>2026-07-05T14:44:08Z</time>
      </trkpt>
      <trkpt lat="44.15633" lon="-73.67972">
        <ele>1013.25</ele>
        <time>2026-07-05T14:44:14Z</time>
      </trkpt>
      <trkpt lat="44.15632" lon="-73.67971">
        <ele>1013.36</ele>
        <time>2026-07-05T14:44:16Z</time>
      </trkpt>
      <trkpt lat="44.15632" lon="-73.67971">
        <ele>1013.36</ele>
        <time>2026-07-05T14:44:20Z</time>
      </trkpt>
      <trkpt lat="44.15632" lon="-73.67971">
        <ele>1013.36</ele>
        <time>2026-07-05T14:44:22Z</time>
      </trkpt>
      <trkpt lat="44.15632" lon="-73.67971">
        <ele>1013.36</ele>
        <time>2026-07-05T14:44:23Z</time>
      </trkpt>
      <trkpt lat="44.1563" lon="-73.67969">
        <ele>1013.57</ele>
        <time>2026-07-05T14:44:31Z</time>
      </trkpt>
      <trkpt lat="44.15628" lon="-73.67969">
        <ele>1013.83</ele>
        <time>2026-07-05T14:44:34Z</time>
      </trkpt>
      <trkpt lat="44.15625" lon="-73.67969">
        <ele>1014.15</ele>
        <time>2026-07-05T14:44:39Z</time>
      </trkpt>
      <trkpt lat="44.15625" lon="-73.67969">
        <ele>1014.15</ele>
        <time>2026-07-05T14:44:40Z</time>
      </trkpt>
      <trkpt lat="44.15622" lon="-73.6797">
        <ele>1014.58</ele>
        <time>2026-07-05T14:44:44Z</time>
      </trkpt>
      <trkpt lat="44.1562" lon="-73.67971">
        <ele>1014.86</ele>
        <time>2026-07-05T14:44:47Z</time>
      </trkpt>
      <trkpt lat="44.1562" lon="-73.67971">
        <ele>1014.86</ele>
        <time>2026-07-05T14:44:48Z</time>
      </trkpt>
      <trkpt lat="44.15617" lon="-73.67973">
        <ele>1015.25</ele>
        <time>2026-07-05T14:44:52Z</time>
      </trkpt>
      <trkpt lat="44.15617" lon="-73.67973">
        <ele>1015.25</ele>
        <time>2026-07-05T14:44:54Z</time>
      </trkpt>
      <trkpt lat="44.15616" lon="-73.67974">
        <ele>1015.58</ele>
        <time>2026-07-05T14:44:57Z</time>
      </trkpt>
      <trkpt lat="44.15613" lon="-73.67975">
        <ele>1015.9</ele>
        <time>2026-07-05T14:45:04Z</time>
      </trkpt>
      <trkpt lat="44.15613" lon="-73.67976">
        <ele>1016.22</ele>
        <time>2026-07-05T14:45:14Z</time>
      </trkpt>
      <trkpt lat="44.1561" lon="-73.67977">
        <ele>1016.37</ele>
        <time>2026-07-05T14:45:23Z</time>
      </trkpt>
      <trkpt lat="44.15607" lon="-73.67979">
        <ele>1016.63</ele>
        <time>2026-07-05T14:45:29Z</time>
      </trkpt>
      <trkpt lat="44.15605" lon="-73.6798">
        <ele>1016.75</ele>
        <time>2026-07-05T14:45:31Z</time>
      </trkpt>
      <trkpt lat="44.15602" lon="-73.67981">
        <ele>1016.81</ele>
        <time>2026-07-05T14:45:36Z</time>
      </trkpt>
      <trkpt lat="44.15599" lon="-73.67987">
        <ele>1018.17</ele>
        <time>2026-07-05T14:45:43Z</time>
      </trkpt>
      <trkpt lat="44.15599" lon="-73.67987">
        <ele>1018.17</ele>
        <time>2026-07-05T14:45:44Z</time>
      </trkpt>
      <trkpt lat="44.15598" lon="-73.67988">
        <ele>1018.28</ele>
        <time>2026-07-05T14:45:53Z</time>
      </trkpt>
      <trkpt lat="44.15597" lon="-73.6799">
        <ele>1018.71</ele>
        <time>2026-07-05T14:46:00Z</time>
      </trkpt>
      <trkpt lat="44.15596" lon="-73.67995">
        <ele>1020.12</ele>
        <time>2026-07-05T14:46:06Z</time>
      </trkpt>
      <trkpt lat="44.15595" lon="-73.67995">
        <ele>1019.9</ele>
        <time>2026-07-05T14:46:09Z</time>
      </trkpt>
      <trkpt lat="44.15594" lon="-73.67995">
        <ele>1019.68</ele>
        <time>2026-07-05T14:46:15Z</time>
      </trkpt>
      <trkpt lat="44.15593" lon="-73.67996">
        <ele>1019.79</ele>
        <time>2026-07-05T14:46:23Z</time>
      </trkpt>
      <trkpt lat="44.15591" lon="-73.67996">
        <ele>1019.36</ele>
        <time>2026-07-05T14:46:30Z</time>
      </trkpt>
      <trkpt lat="44.15591" lon="-73.67997">
        <ele>1019.68</ele>
        <time>2026-07-05T14:46:31Z</time>
      </trkpt>
      <trkpt lat="44.1559" lon="-73.68">
        <ele>1020.44</ele>
        <time>2026-07-05T14:46:36Z</time>
      </trkpt>
      <trkpt lat="44.15589" lon="-73.68002">
        <ele>1021.09</ele>
        <time>2026-07-05T14:46:39Z</time>
      </trkpt>
      <trkpt lat="44.15588" lon="-73.68004">
        <ele>1021.74</ele>
        <time>2026-07-05T14:46:44Z</time>
      </trkpt>
      <trkpt lat="44.15589" lon="-73.68005">
        <ele>1022.38</ele>
        <time>2026-07-05T14:46:46Z</time>
      </trkpt>
      <trkpt lat="44.15588" lon="-73.68008">
        <ele>1023.46</ele>
        <time>2026-07-05T14:46:55Z</time>
      </trkpt>
      <trkpt lat="44.15588" lon="-73.68008">
        <ele>1023.46</ele>
        <time>2026-07-05T14:47:06Z</time>
      </trkpt>
      <trkpt lat="44.15587" lon="-73.6801">
        <ele>1024.16</ele>
        <time>2026-07-05T14:47:11Z</time>
      </trkpt>
      <trkpt lat="44.15587" lon="-73.68011">
        <ele>1024.66</ele>
        <time>2026-07-05T14:47:14Z</time>
      </trkpt>
      <trkpt lat="44.15587" lon="-73.68013">
        <ele>1025.65</ele>
        <time>2026-07-05T14:47:20Z</time>
      </trkpt>
      <trkpt lat="44.15587" lon="-73.68014">
        <ele>1026.15</ele>
        <time>2026-07-05T14:47:22Z</time>
      </trkpt>
      <trkpt lat="44.15587" lon="-73.68016">
        <ele>1027.14</ele>
        <time>2026-07-05T14:47:25Z</time>
      </trkpt>
      <trkpt lat="44.15586" lon="-73.68016">
        <ele>1027.01</ele>
        <time>2026-07-05T14:47:26Z</time>
      </trkpt>
      <trkpt lat="44.15586" lon="-73.68019">
        <ele>1028.48</ele>
        <time>2026-07-05T14:47:30Z</time>
      </trkpt>
      <trkpt lat="44.15586" lon="-73.6802">
        <ele>1028.88</ele>
        <time>2026-07-05T14:47:31Z</time>
      </trkpt>
      <trkpt lat="44.15587" lon="-73.68021">
        <ele>1029.36</ele>
        <time>2026-07-05T14:47:36Z</time>
      </trkpt>
      <trkpt lat="44.15587" lon="-73.68021">
        <ele>1029.36</ele>
        <time>2026-07-05T14:47:42Z</time>
      </trkpt>
      <trkpt lat="44.15585" lon="-73.68023">
        <ele>1030.03</ele>
        <time>2026-07-05T14:47:50Z</time>
      </trkpt>
      <trkpt lat="44.15585" lon="-73.68023">
        <ele>1030.03</ele>
        <time>2026-07-05T14:47:51Z</time>
      </trkpt>
      <trkpt lat="44.15584" lon="-73.68026">
        <ele>1031.25</ele>
        <time>2026-07-05T14:47:55Z</time>
      </trkpt>
      <trkpt lat="44.15584" lon="-73.68029">
        <ele>1032.4</ele>
        <time>2026-07-05T14:47:59Z</time>
      </trkpt>
      <trkpt lat="44.15585" lon="-73.68034">
        <ele>1034.02</ele>
        <time>2026-07-05T14:48:06Z</time>
      </trkpt>
      <trkpt lat="44.15585" lon="-73.68034">
        <ele>1034.02</ele>
        <time>2026-07-05T14:48:09Z</time>
      </trkpt>
      <trkpt lat="44.15584" lon="-73.68035">
        <ele>1034.34</ele>
        <time>2026-07-05T14:48:17Z</time>
      </trkpt>
      <trkpt lat="44.15584" lon="-73.68035">
        <ele>1034.34</ele>
        <time>2026-07-05T14:48:19Z</time>
      </trkpt>
      <trkpt lat="44.15584" lon="-73.68035">
        <ele>1034.34</ele>
        <time>2026-07-05T14:48:26Z</time>
      </trkpt>
      <trkpt lat="44.15584" lon="-73.68035">
        <ele>1034.34</ele>
        <time>2026-07-05T14:48:31Z</time>
      </trkpt>
      <trkpt lat="44.15584" lon="-73.68034">
        <ele>1034.02</ele>
        <time>2026-07-05T14:48:36Z</time>
      </trkpt>
      <trkpt lat="44.15585" lon="-73.68034">
        <ele>1034.02</ele>
        <time>2026-07-05T14:48:38Z</time>
      </trkpt>
      <trkpt lat="44.15585" lon="-73.68034">
        <ele>1034.02</ele>
        <time>2026-07-05T14:48:40Z</time>
      </trkpt>
      <trkpt lat="44.15585" lon="-73.68035">
        <ele>1034.34</ele>
        <time>2026-07-05T14:48:45Z</time>
      </trkpt>
      <trkpt lat="44.15585" lon="-73.68037">
        <ele>1034.99</ele>
        <time>2026-07-05T14:48:48Z</time>
      </trkpt>
      <trkpt lat="44.15585" lon="-73.68038">
        <ele>1035.33</ele>
        <time>2026-07-05T14:48:51Z</time>
      </trkpt>
      <trkpt lat="44.15585" lon="-73.68038">
        <ele>1035.33</ele>
        <time>2026-07-05T14:48:53Z</time>
      </trkpt>
      <trkpt lat="44.15585" lon="-73.68038">
        <ele>1035.33</ele>
        <time>2026-07-05T14:48:58Z</time>
      </trkpt>
      <trkpt lat="44.15585" lon="-73.68038">
        <ele>1035.33</ele>
        <time>2026-07-05T14:49:07Z</time>
      </trkpt>
      <trkpt lat="44.15584" lon="-73.68037">
        <ele>1034.99</ele>
        <time>2026-07-05T14:49:10Z</time>
      </trkpt>
      <trkpt lat="44.15585" lon="-73.68037">
        <ele>1034.99</ele>
        <time>2026-07-05T14:49:20Z</time>
      </trkpt>
      <trkpt lat="44.15586" lon="-73.68037">
        <ele>1034.99</ele>
        <time>2026-07-05T14:49:28Z</time>
      </trkpt>
      <trkpt lat="44.15585" lon="-73.68037">
        <ele>1034.99</ele>
        <time>2026-07-05T14:49:32Z</time>
      </trkpt>
      <trkpt lat="44.15584" lon="-73.68036">
        <ele>1034.66</ele>
        <time>2026-07-05T14:49:47Z</time>
      </trkpt>
      <trkpt lat="44.15585" lon="-73.68036">
        <ele>1034.66</ele>
        <time>2026-07-05T14:50:00Z</time>
      </trkpt>
      <trkpt lat="44.15585" lon="-73.68037">
        <ele>1034.99</ele>
        <time>2026-07-05T14:50:11Z</time>
      </trkpt>
      <trkpt lat="44.15585" lon="-73.68038">
        <ele>1035.33</ele>
        <time>2026-07-05T14:50:21Z</time>
      </trkpt>
      <trkpt lat="44.15584" lon="-73.68038">
        <ele>1035.32</ele>
        <time>2026-07-05T14:51:32Z</time>
      </trkpt>
      <trkpt lat="44.15584" lon="-73.68039">
        <ele>1035.65</ele>
        <time>2026-07-05T14:51:35Z</time>
      </trkpt>
      <trkpt lat="44.15584" lon="-73.6804">
        <ele>1035.98</ele>
        <time>2026-07-05T14:51:41Z</time>
      </trkpt>
      <trkpt lat="44.15584" lon="-73.68041">
        <ele>1036.31</ele>
        <time>2026-07-05T14:51:45Z</time>
      </trkpt>
      <trkpt lat="44.15583" lon="-73.68041">
        <ele>1036.25</ele>
        <time>2026-07-05T14:51:48Z</time>
      </trkpt>
      <trkpt lat="44.15583" lon="-73.68042">
        <ele>1036.57</ele>
        <time>2026-07-05T14:51:49Z</time>
      </trkpt>
      <trkpt lat="44.15582" lon="-73.68044">
        <ele>1037.11</ele>
        <time>2026-07-05T14:51:55Z</time>
      </trkpt>
      <trkpt lat="44.15581" lon="-73.68044">
        <ele>1037.0</ele>
        <time>2026-07-05T14:51:57Z</time>
      </trkpt>
      <trkpt lat="44.15581" lon="-73.68045">
        <ele>1037.33</ele>
        <time>2026-07-05T14:52:00Z</time>
      </trkpt>
      <trkpt lat="44.15579" lon="-73.68044">
        <ele>1036.79</ele>
        <time>2026-07-05T14:52:06Z</time>
      </trkpt>
      <trkpt lat="44.15579" lon="-73.68044">
        <ele>1036.79</ele>
        <time>2026-07-05T14:52:11Z</time>
      </trkpt>
      <trkpt lat="44.15578" lon="-73.6804">
        <ele>1035.38</ele>
        <time>2026-07-05T14:52:16Z</time>
      </trkpt>
      <trkpt lat="44.15573" lon="-73.68038">
        <ele>1034.2</ele>
        <time>2026-07-05T14:52:24Z</time>
      </trkpt>
      <trkpt lat="44.15571" lon="-73.68036">
        <ele>1033.18</ele>
        <time>2026-07-05T14:52:33Z</time>
      </trkpt>
      <trkpt lat="44.1557" lon="-73.68034">
        <ele>1032.1</ele>
        <time>2026-07-05T14:52:38Z</time>
      </trkpt>
      <trkpt lat="44.15571" lon="-73.68034">
        <ele>1032.25</ele>
        <time>2026-07-05T14:52:45Z</time>
      </trkpt>
      <trkpt lat="44.15566" lon="-73.68034">
        <ele>1031.53</ele>
        <time>2026-07-05T14:53:12Z</time>
      </trkpt>
      <trkpt lat="44.15562" lon="-73.68038">
        <ele>1032.43</ele>
        <time>2026-07-05T14:53:18Z</time>
      </trkpt>
      <trkpt lat="44.15562" lon="-73.68039">
        <ele>1032.79</ele>
        <time>2026-07-05T14:53:19Z</time>
      </trkpt>
      <trkpt lat="44.1556" lon="-73.68044">
        <ele>1034.09</ele>
        <time>2026-07-05T14:53:26Z</time>
      </trkpt>
      <trkpt lat="44.15559" lon="-73.68045">
        <ele>1034.24</ele>
        <time>2026-07-05T14:53:28Z</time>
      </trkpt>
      <trkpt lat="44.15558" lon="-73.68046">
        <ele>1034.41</ele>
        <time>2026-07-05T14:53:29Z</time>
      </trkpt>
      <trkpt lat="44.15557" lon="-73.68048">
        <ele>1035.05</ele>
        <time>2026-07-05T14:53:32Z</time>
      </trkpt>
      <trkpt lat="44.15556" lon="-73.6805">
        <ele>1035.7</ele>
        <time>2026-07-05T14:53:35Z</time>
      </trkpt>
      <trkpt lat="44.15553" lon="-73.68054">
        <ele>1036.73</ele>
        <time>2026-07-05T14:53:42Z</time>
      </trkpt>
      <trkpt lat="44.15553" lon="-73.68055">
        <ele>1037.19</ele>
        <time>2026-07-05T14:53:44Z</time>
      </trkpt>
      <trkpt lat="44.15553" lon="-73.68056">
        <ele>1037.69</ele>
        <time>2026-07-05T14:53:45Z</time>
      </trkpt>
      <trkpt lat="44.15552" lon="-73.6806">
        <ele>1039.63</ele>
        <time>2026-07-05T14:53:50Z</time>
      </trkpt>
      <trkpt lat="44.15551" lon="-73.68061">
        <ele>1039.96</ele>
        <time>2026-07-05T14:53:52Z</time>
      </trkpt>
      <trkpt lat="44.15549" lon="-73.68066">
        <ele>1042.26</ele>
        <time>2026-07-05T14:53:59Z</time>
      </trkpt>
      <trkpt lat="44.15549" lon="-73.68066">
        <ele>1042.26</ele>
        <time>2026-07-05T14:54:00Z</time>
      </trkpt>
      <trkpt lat="44.1555" lon="-73.68065">
        <ele>1041.91</ele>
        <time>2026-07-05T14:54:03Z</time>
      </trkpt>
      <trkpt lat="44.1555" lon="-73.68064">
        <ele>1041.36</ele>
        <time>2026-07-05T14:54:07Z</time>
      </trkpt>
      <trkpt lat="44.1555" lon="-73.68063">
        <ele>1040.82</ele>
        <time>2026-07-05T14:54:15Z</time>
      </trkpt>
      <trkpt lat="44.15546" lon="-73.68068">
        <ele>1042.62</ele>
        <time>2026-07-05T14:54:20Z</time>
      </trkpt>
      <trkpt lat="44.15543" lon="-73.68075">
        <ele>1045.43</ele>
        <time>2026-07-05T14:54:29Z</time>
      </trkpt>
      <trkpt lat="44.15543" lon="-73.68076">
        <ele>1045.97</ele>
        <time>2026-07-05T14:54:31Z</time>
      </trkpt>
      <trkpt lat="44.15546" lon="-73.68079">
        <ele>1048.56</ele>
        <time>2026-07-05T14:54:36Z</time>
      </trkpt>
      <trkpt lat="44.15546" lon="-73.68079">
        <ele>1048.56</ele>
        <time>2026-07-05T14:54:37Z</time>
      </trkpt>
      <trkpt lat="44.15548" lon="-73.68081">
        <ele>1050.29</ele>
        <time>2026-07-05T14:54:42Z</time>
      </trkpt>
      <trkpt lat="44.1555" lon="-73.6808">
        <ele>1050.4</ele>
        <time>2026-07-05T14:54:45Z</time>
      </trkpt>
      <trkpt lat="44.15551" lon="-73.6808">
        <ele>1050.72</ele>
        <time>2026-07-05T14:54:48Z</time>
      </trkpt>
      <trkpt lat="44.15554" lon="-73.68079">
        <ele>1051.16</ele>
        <time>2026-07-05T14:54:54Z</time>
      </trkpt>
      <trkpt lat="44.15557" lon="-73.6808">
        <ele>1052.41</ele>
        <time>2026-07-05T14:54:58Z</time>
      </trkpt>
      <trkpt lat="44.1556" lon="-73.68081">
        <ele>1053.34</ele>
        <time>2026-07-05T14:55:03Z</time>
      </trkpt>
      <trkpt lat="44.15562" lon="-73.68082">
        <ele>1054.08</ele>
        <time>2026-07-05T14:55:11Z</time>
      </trkpt>
      <trkpt lat="44.15566" lon="-73.6808">
        <ele>1053.64</ele>
        <time>2026-07-05T14:55:20Z</time>
      </trkpt>
      <trkpt lat="44.15568" lon="-73.68081">
        <ele>1054.25</ele>
        <time>2026-07-05T14:55:26Z</time>
      </trkpt>
      <trkpt lat="44.1557" lon="-73.68083">
        <ele>1055.4</ele>
        <time>2026-07-05T14:55:29Z</time>
      </trkpt>
      <trkpt lat="44.1557" lon="-73.68083">
        <ele>1055.4</ele>
        <time>2026-07-05T14:55:30Z</time>
      </trkpt>
      <trkpt lat="44.1557" lon="-73.68085">
        <ele>1056.28</ele>
        <time>2026-07-05T14:55:33Z</time>
      </trkpt>
      <trkpt lat="44.15571" lon="-73.68086">
        <ele>1056.82</ele>
        <time>2026-07-05T14:55:35Z</time>
      </trkpt>
      <trkpt lat="44.15571" lon="-73.68088">
        <ele>1057.68</ele>
        <time>2026-07-05T14:55:37Z</time>
      </trkpt>
      <trkpt lat="44.15572" lon="-73.68091">
        <ele>1059.09</ele>
        <time>2026-07-05T14:55:41Z</time>
      </trkpt>
      <trkpt lat="44.15574" lon="-73.68093">
        <ele>1060.17</ele>
        <time>2026-07-05T14:55:45Z</time>
      </trkpt>
      <trkpt lat="44.15573" lon="-73.68096">
        <ele>1061.36</ele>
        <time>2026-07-05T14:55:52Z</time>
      </trkpt>
      <trkpt lat="44.15573" lon="-73.68096">
        <ele>1061.36</ele>
        <time>2026-07-05T14:55:53Z</time>
      </trkpt>
      <trkpt lat="44.15573" lon="-73.68097">
        <ele>1061.79</ele>
        <time>2026-07-05T14:55:58Z</time>
      </trkpt>
      <trkpt lat="44.15573" lon="-73.68098">
        <ele>1062.22</ele>
        <time>2026-07-05T14:55:59Z</time>
      </trkpt>
      <trkpt lat="44.15573" lon="-73.681">
        <ele>1063.08</ele>
        <time>2026-07-05T14:56:03Z</time>
      </trkpt>
      <trkpt lat="44.15573" lon="-73.68102">
        <ele>1063.93</ele>
        <time>2026-07-05T14:56:07Z</time>
      </trkpt>
      <trkpt lat="44.15574" lon="-73.68103">
        <ele>1064.36</ele>
        <time>2026-07-05T14:56:08Z</time>
      </trkpt>
      <trkpt lat="44.15575" lon="-73.68106">
        <ele>1065.34</ele>
        <time>2026-07-05T14:56:14Z</time>
      </trkpt>
      <trkpt lat="44.15575" lon="-73.68106">
        <ele>1065.34</ele>
        <time>2026-07-05T14:56:15Z</time>
      </trkpt>
      <trkpt lat="44.15575" lon="-73.68107">
        <ele>1065.67</ele>
        <time>2026-07-05T14:56:17Z</time>
      </trkpt>
      <trkpt lat="44.15574" lon="-73.68109">
        <ele>1066.31</ele>
        <time>2026-07-05T14:56:24Z</time>
      </trkpt>
      <trkpt lat="44.15575" lon="-73.68109">
        <ele>1066.32</ele>
        <time>2026-07-05T14:56:29Z</time>
      </trkpt>
      <trkpt lat="44.15574" lon="-73.6811">
        <ele>1066.63</ele>
        <time>2026-07-05T14:56:31Z</time>
      </trkpt>
      <trkpt lat="44.15574" lon="-73.6811">
        <ele>1066.63</ele>
        <time>2026-07-05T14:56:36Z</time>
      </trkpt>
      <trkpt lat="44.15574" lon="-73.6811">
        <ele>1066.63</ele>
        <time>2026-07-05T14:56:38Z</time>
      </trkpt>
      <trkpt lat="44.15573" lon="-73.68112">
        <ele>1067.27</ele>
        <time>2026-07-05T14:56:41Z</time>
      </trkpt>
      <trkpt lat="44.15572" lon="-73.68115">
        <ele>1068.46</ele>
        <time>2026-07-05T14:56:47Z</time>
      </trkpt>
      <trkpt lat="44.15573" lon="-73.68115">
        <ele>1068.56</ele>
        <time>2026-07-05T14:56:50Z</time>
      </trkpt>
      <trkpt lat="44.15574" lon="-73.68114">
        <ele>1068.24</ele>
        <time>2026-07-05T14:56:55Z</time>
      </trkpt>
      <trkpt lat="44.15574" lon="-73.68114">
        <ele>1068.24</ele>
        <time>2026-07-05T14:56:57Z</time>
      </trkpt>
      <trkpt lat="44.15574" lon="-73.68114">
        <ele>1068.24</ele>
        <time>2026-07-05T14:57:25Z</time>
      </trkpt>
      <trkpt lat="44.15574" lon="-73.68113">
        <ele>1067.81</ele>
        <time>2026-07-05T14:57:27Z</time>
      </trkpt>
      <trkpt lat="44.15573" lon="-73.68115">
        <ele>1068.56</ele>
        <time>2026-07-05T14:57:30Z</time>
      </trkpt>
      <trkpt lat="44.15572" lon="-73.68116">
        <ele>1068.89</ele>
        <time>2026-07-05T14:57:33Z</time>
      </trkpt>
      <trkpt lat="44.15572" lon="-73.68117">
        <ele>1069.32</ele>
        <time>2026-07-05T14:57:36Z</time>
      </trkpt>
      <trkpt lat="44.1557" lon="-73.68118">
        <ele>1069.54</ele>
        <time>2026-07-05T14:57:39Z</time>
      </trkpt>
      <trkpt lat="44.1557" lon="-73.68118">
        <ele>1069.54</ele>
        <time>2026-07-05T14:57:40Z</time>
      </trkpt>
      <trkpt lat="44.15569" lon="-73.6812">
        <ele>1070.29</ele>
        <time>2026-07-05T14:57:48Z</time>
      </trkpt>
      <trkpt lat="44.15569" lon="-73.68121">
        <ele>1070.72</ele>
        <time>2026-07-05T14:57:50Z</time>
      </trkpt>
      <trkpt lat="44.15569" lon="-73.68122">
        <ele>1071.16</ele>
        <time>2026-07-05T14:57:52Z</time>
      </trkpt>
      <trkpt lat="44.15569" lon="-73.68123">
        <ele>1071.59</ele>
        <time>2026-07-05T14:57:55Z</time>
      </trkpt>
      <trkpt lat="44.15569" lon="-73.68123">
        <ele>1071.59</ele>
        <time>2026-07-05T14:57:56Z</time>
      </trkpt>
      <trkpt lat="44.1557" lon="-73.68123">
        <ele>1071.7</ele>
        <time>2026-07-05T14:57:58Z</time>
      </trkpt>
      <trkpt lat="44.15571" lon="-73.68126">
        <ele>1073.1</ele>
        <time>2026-07-05T14:58:04Z</time>
      </trkpt>
      <trkpt lat="44.15572" lon="-73.68127">
        <ele>1073.64</ele>
        <time>2026-07-05T14:58:12Z</time>
      </trkpt>
      <trkpt lat="44.15572" lon="-73.68127">
        <ele>1073.64</ele>
        <time>2026-07-05T14:58:14Z</time>
      </trkpt>
      <trkpt lat="44.15572" lon="-73.68126">
        <ele>1073.21</ele>
        <time>2026-07-05T14:58:29Z</time>
      </trkpt>
      <trkpt lat="44.15572" lon="-73.68129">
        <ele>1074.5</ele>
        <time>2026-07-05T14:58:34Z</time>
      </trkpt>
      <trkpt lat="44.15572" lon="-73.6813">
        <ele>1074.9</ele>
        <time>2026-07-05T14:58:35Z</time>
      </trkpt>
      <trkpt lat="44.15571" lon="-73.68132">
        <ele>1075.44</ele>
        <time>2026-07-05T14:58:40Z</time>
      </trkpt>
      <trkpt lat="44.15571" lon="-73.68134">
        <ele>1076.08</ele>
        <time>2026-07-05T14:58:44Z</time>
      </trkpt>
      <trkpt lat="44.15571" lon="-73.68134">
        <ele>1076.08</ele>
        <time>2026-07-05T14:58:45Z</time>
      </trkpt>
      <trkpt lat="44.15571" lon="-73.68136">
        <ele>1076.73</ele>
        <time>2026-07-05T14:58:53Z</time>
      </trkpt>
      <trkpt lat="44.1557" lon="-73.68136">
        <ele>1076.62</ele>
        <time>2026-07-05T14:58:59Z</time>
      </trkpt>
      <trkpt lat="44.1557" lon="-73.68137">
        <ele>1076.95</ele>
        <time>2026-07-05T14:59:01Z</time>
      </trkpt>
      <trkpt lat="44.15569" lon="-73.68142">
        <ele>1079.13</ele>
        <time>2026-07-05T14:59:12Z</time>
      </trkpt>
      <trkpt lat="44.15569" lon="-73.68142">
        <ele>1079.13</ele>
        <time>2026-07-05T14:59:13Z</time>
      </trkpt>
      <trkpt lat="44.15569" lon="-73.68143">
        <ele>1079.67</ele>
        <time>2026-07-05T14:59:20Z</time>
      </trkpt>
      <trkpt lat="44.1557" lon="-73.68143">
        <ele>1079.78</ele>
        <time>2026-07-05T14:59:26Z</time>
      </trkpt>
      <trkpt lat="44.1557" lon="-73.68142">
        <ele>1079.24</ele>
        <time>2026-07-05T14:59:35Z</time>
      </trkpt>
      <trkpt lat="44.15569" lon="-73.68142">
        <ele>1079.13</ele>
        <time>2026-07-05T14:59:47Z</time>
      </trkpt>
      <trkpt lat="44.15569" lon="-73.68145">
        <ele>1080.75</ele>
        <time>2026-07-05T14:59:52Z</time>
      </trkpt>
      <trkpt lat="44.15569" lon="-73.68145">
        <ele>1080.75</ele>
        <time>2026-07-05T14:59:53Z</time>
      </trkpt>
      <trkpt lat="44.15569" lon="-73.68146">
        <ele>1081.29</ele>
        <time>2026-07-05T14:59:57Z</time>
      </trkpt>
      <trkpt lat="44.15569" lon="-73.68146">
        <ele>1081.29</ele>
        <time>2026-07-05T14:59:58Z</time>
      </trkpt>
      <trkpt lat="44.15569" lon="-73.68146">
        <ele>1081.29</ele>
        <time>2026-07-05T14:59:59Z</time>
      </trkpt>
      <trkpt lat="44.15569" lon="-73.68147">
        <ele>1081.83</ele>
        <time>2026-07-05T15:00:01Z</time>
      </trkpt>
      <trkpt lat="44.1557" lon="-73.68148">
        <ele>1082.48</ele>
        <time>2026-07-05T15:00:07Z</time>
      </trkpt>
      <trkpt lat="44.1557" lon="-73.68148">
        <ele>1082.48</ele>
        <time>2026-07-05T15:00:08Z</time>
      </trkpt>
      <trkpt lat="44.1557" lon="-73.68147">
        <ele>1081.94</ele>
        <time>2026-07-05T15:00:11Z</time>
      </trkpt>
      <trkpt lat="44.1557" lon="-73.68147">
        <ele>1081.94</ele>
        <time>2026-07-05T15:00:13Z</time>
      </trkpt>
      <trkpt lat="44.1557" lon="-73.68147">
        <ele>1081.94</ele>
        <time>2026-07-05T15:00:14Z</time>
      </trkpt>
      <trkpt lat="44.1557" lon="-73.68147">
        <ele>1081.94</ele>
        <time>2026-07-05T15:00:15Z</time>
      </trkpt>
      <trkpt lat="44.15568" lon="-73.68147">
        <ele>1081.72</ele>
        <time>2026-07-05T15:00:25Z</time>
      </trkpt>
      <trkpt lat="44.15567" lon="-73.68149">
        <ele>1082.7</ele>
        <time>2026-07-05T15:00:34Z</time>
      </trkpt>
      <trkpt lat="44.15566" lon="-73.68149">
        <ele>1082.59</ele>
        <time>2026-07-05T15:00:35Z</time>
      </trkpt>
      <trkpt lat="44.15565" lon="-73.6815">
        <ele>1083.02</ele>
        <time>2026-07-05T15:00:39Z</time>
      </trkpt>
      <trkpt lat="44.15565" lon="-73.68151">
        <ele>1083.56</ele>
        <time>2026-07-05T15:00:42Z</time>
      </trkpt>
      <trkpt lat="44.15565" lon="-73.68152">
        <ele>1084.1</ele>
        <time>2026-07-05T15:00:45Z</time>
      </trkpt>
      <trkpt lat="44.15565" lon="-73.68151">
        <ele>1083.56</ele>
        <time>2026-07-05T15:00:50Z</time>
      </trkpt>
      <trkpt lat="44.15565" lon="-73.6815">
        <ele>1083.02</ele>
        <time>2026-07-05T15:00:53Z</time>
      </trkpt>
      <trkpt lat="44.15562" lon="-73.68151">
        <ele>1083.24</ele>
        <time>2026-07-05T15:01:05Z</time>
      </trkpt>
      <trkpt lat="44.15563" lon="-73.68152">
        <ele>1083.88</ele>
        <time>2026-07-05T15:01:41Z</time>
      </trkpt>
      <trkpt lat="44.15563" lon="-73.68152">
        <ele>1083.88</ele>
        <time>2026-07-05T15:01:42Z</time>
      </trkpt>
      <trkpt lat="44.15563" lon="-73.68153">
        <ele>1084.42</ele>
        <time>2026-07-05T15:01:48Z</time>
      </trkpt>
      <trkpt lat="44.15563" lon="-73.68153">
        <ele>1084.42</ele>
        <time>2026-07-05T15:01:49Z</time>
      </trkpt>
      <trkpt lat="44.15563" lon="-73.68153">
        <ele>1084.42</ele>
        <time>2026-07-05T15:01:50Z</time>
      </trkpt>
      <trkpt lat="44.1556" lon="-73.68158">
        <ele>1086.86</ele>
        <time>2026-07-05T15:01:57Z</time>
      </trkpt>
      <trkpt lat="44.1556" lon="-73.68159">
        <ele>1087.51</ele>
        <time>2026-07-05T15:01:59Z</time>
      </trkpt>
      <trkpt lat="44.1556" lon="-73.68157">
        <ele>1086.26</ele>
        <time>2026-07-05T15:02:06Z</time>
      </trkpt>
      <trkpt lat="44.1556" lon="-73.68159">
        <ele>1087.51</ele>
        <time>2026-07-05T15:02:10Z</time>
      </trkpt>
      <trkpt lat="44.1556" lon="-73.68162">
        <ele>1089.46</ele>
        <time>2026-07-05T15:02:15Z</time>
      </trkpt>
      <trkpt lat="44.15559" lon="-73.68163">
        <ele>1090.0</ele>
        <time>2026-07-05T15:02:19Z</time>
      </trkpt>
      <trkpt lat="44.15559" lon="-73.68164">
        <ele>1090.64</ele>
        <time>2026-07-05T15:02:21Z</time>
      </trkpt>
      <trkpt lat="44.15559" lon="-73.68165">
        <ele>1091.29</ele>
        <time>2026-07-05T15:02:23Z</time>
      </trkpt>
      <trkpt lat="44.15559" lon="-73.68167">
        <ele>1092.57</ele>
        <time>2026-07-05T15:02:26Z</time>
      </trkpt>
      <trkpt lat="44.15559" lon="-73.68168">
        <ele>1093.18</ele>
        <time>2026-07-05T15:02:28Z</time>
      </trkpt>
      <trkpt lat="44.15558" lon="-73.6817">
        <ele>1094.33</ele>
        <time>2026-07-05T15:02:32Z</time>
      </trkpt>
      <trkpt lat="44.15558" lon="-73.6817">
        <ele>1094.33</ele>
        <time>2026-07-05T15:02:34Z</time>
      </trkpt>
      <trkpt lat="44.15559" lon="-73.68174">
        <ele>1096.83</ele>
        <time>2026-07-05T15:02:41Z</time>
      </trkpt>
      <trkpt lat="44.15559" lon="-73.68175">
        <ele>1097.44</ele>
        <time>2026-07-05T15:02:42Z</time>
      </trkpt>
      <trkpt lat="44.15559" lon="-73.68176">
        <ele>1098.04</ele>
        <time>2026-07-05T15:02:46Z</time>
      </trkpt>
      <trkpt lat="44.15559" lon="-73.68175">
        <ele>1097.44</ele>
        <time>2026-07-05T15:02:52Z</time>
      </trkpt>
      <trkpt lat="44.15559" lon="-73.68175">
        <ele>1097.44</ele>
        <time>2026-07-05T15:02:58Z</time>
      </trkpt>
      <trkpt lat="44.15559" lon="-73.68176">
        <ele>1098.04</ele>
        <time>2026-07-05T15:03:01Z</time>
      </trkpt>
      <trkpt lat="44.15559" lon="-73.68177">
        <ele>1098.58</ele>
        <time>2026-07-05T15:03:03Z</time>
      </trkpt>
      <trkpt lat="44.15559" lon="-73.6818">
        <ele>1100.2</ele>
        <time>2026-07-05T15:03:08Z</time>
      </trkpt>
      <trkpt lat="44.15559" lon="-73.6818">
        <ele>1100.2</ele>
        <time>2026-07-05T15:03:09Z</time>
      </trkpt>
      <trkpt lat="44.1556" lon="-73.68181">
        <ele>1100.74</ele>
        <time>2026-07-05T15:03:18Z</time>
      </trkpt>
      <trkpt lat="44.1556" lon="-73.68182">
        <ele>1101.28</ele>
        <time>2026-07-05T15:03:29Z</time>
      </trkpt>
      <trkpt lat="44.15558" lon="-73.68181">
        <ele>1100.74</ele>
        <time>2026-07-05T15:03:36Z</time>
      </trkpt>
      <trkpt lat="44.15558" lon="-73.68179">
        <ele>1099.66</ele>
        <time>2026-07-05T15:03:44Z</time>
      </trkpt>
      <trkpt lat="44.1556" lon="-73.68179">
        <ele>1099.66</ele>
        <time>2026-07-05T15:03:53Z</time>
      </trkpt>
      <trkpt lat="44.15561" lon="-73.6818">
        <ele>1100.2</ele>
        <time>2026-07-05T15:03:57Z</time>
      </trkpt>
      <trkpt lat="44.15561" lon="-73.6818">
        <ele>1100.2</ele>
        <time>2026-07-05T15:04:02Z</time>
      </trkpt>
      <trkpt lat="44.15562" lon="-73.68179">
        <ele>1099.66</ele>
        <time>2026-07-05T15:04:09Z</time>
      </trkpt>
      <trkpt lat="44.15562" lon="-73.68179">
        <ele>1099.66</ele>
        <time>2026-07-05T15:04:10Z</time>
      </trkpt>
      <trkpt lat="44.15562" lon="-73.68179">
        <ele>1099.66</ele>
        <time>2026-07-05T15:04:11Z</time>
      </trkpt>
      <trkpt lat="44.15561" lon="-73.68179">
        <ele>1099.66</ele>
        <time>2026-07-05T15:04:16Z</time>
      </trkpt>
      <trkpt lat="44.15563" lon="-73.68178">
        <ele>1099.12</ele>
        <time>2026-07-05T15:04:22Z</time>
      </trkpt>
      <trkpt lat="44.15564" lon="-73.68178">
        <ele>1099.12</ele>
        <time>2026-07-05T15:04:27Z</time>
      </trkpt>
      <trkpt lat="44.15561" lon="-73.68179">
        <ele>1099.66</ele>
        <time>2026-07-05T15:04:35Z</time>
      </trkpt>
      <trkpt lat="44.15561" lon="-73.68179">
        <ele>1099.66</ele>
        <time>2026-07-05T15:04:37Z</time>
      </trkpt>
      <trkpt lat="44.15561" lon="-73.68178">
        <ele>1099.12</ele>
        <time>2026-07-05T15:04:45Z</time>
      </trkpt>
      <trkpt lat="44.15561" lon="-73.68178">
        <ele>1099.12</ele>
        <time>2026-07-05T15:04:52Z</time>
      </trkpt>
      <trkpt lat="44.15561" lon="-73.68178">
        <ele>1099.12</ele>
        <time>2026-07-05T15:04:56Z</time>
      </trkpt>
      <trkpt lat="44.15561" lon="-73.68178">
        <ele>1099.12</ele>
        <time>2026-07-05T15:04:58Z</time>
      </trkpt>
      <trkpt lat="44.15561" lon="-73.68178">
        <ele>1099.12</ele>
        <time>2026-07-05T15:05:01Z</time>
      </trkpt>
      <trkpt lat="44.15559" lon="-73.68179">
        <ele>1099.66</ele>
        <time>2026-07-05T15:05:15Z</time>
      </trkpt>
      <trkpt lat="44.15559" lon="-73.68178">
        <ele>1099.12</ele>
        <time>2026-07-05T15:05:22Z</time>
      </trkpt>
      <trkpt lat="44.1556" lon="-73.68177">
        <ele>1098.58</ele>
        <time>2026-07-05T15:05:26Z</time>
      </trkpt>
      <trkpt lat="44.15561" lon="-73.68176">
        <ele>1098.04</ele>
        <time>2026-07-05T15:05:32Z</time>
      </trkpt>
      <trkpt lat="44.1556" lon="-73.68178">
        <ele>1099.12</ele>
        <time>2026-07-05T15:05:56Z</time>
      </trkpt>
      <trkpt lat="44.1556" lon="-73.68179">
        <ele>1099.66</ele>
        <time>2026-07-05T15:06:01Z</time>
      </trkpt>
      <trkpt lat="44.15559" lon="-73.6818">
        <ele>1100.2</ele>
        <time>2026-07-05T15:06:08Z</time>
      </trkpt>
      <trkpt lat="44.15559" lon="-73.6818">
        <ele>1100.2</ele>
        <time>2026-07-05T15:06:10Z</time>
      </trkpt>
      <trkpt lat="44.15559" lon="-73.6818">
        <ele>1100.2</ele>
        <time>2026-07-05T15:06:13Z</time>
      </trkpt>
      <trkpt lat="44.15559" lon="-73.6818">
        <ele>1100.2</ele>
        <time>2026-07-05T15:06:15Z</time>
      </trkpt>
      <trkpt lat="44.15559" lon="-73.68178">
        <ele>1099.12</ele>
        <time>2026-07-05T15:06:21Z</time>
      </trkpt>
      <trkpt lat="44.15559" lon="-73.68177">
        <ele>1098.58</ele>
        <time>2026-07-05T15:06:29Z</time>
      </trkpt>
      <trkpt lat="44.15559" lon="-73.68177">
        <ele>1098.58</ele>
        <time>2026-07-05T15:06:32Z</time>
      </trkpt>
      <trkpt lat="44.15562" lon="-73.68179">
        <ele>1099.66</ele>
        <time>2026-07-05T15:06:58Z</time>
      </trkpt>
      <trkpt lat="44.15562" lon="-73.68181">
        <ele>1100.74</ele>
        <time>2026-07-05T15:07:06Z</time>
      </trkpt>
      <trkpt lat="44.15564" lon="-73.68179">
        <ele>1099.66</ele>
        <time>2026-07-05T15:07:19Z</time>
      </trkpt>
      <trkpt lat="44.15564" lon="-73.68179">
        <ele>1099.66</ele>
        <time>2026-07-05T15:07:23Z</time>
      </trkpt>
      <trkpt lat="44.15564" lon="-73.68179">
        <ele>1099.66</ele>
        <time>2026-07-05T15:07:31Z</time>
      </trkpt>
      <trkpt lat="44.15564" lon="-73.68179">
        <ele>1099.66</ele>
        <time>2026-07-05T15:07:39Z</time>
      </trkpt>
      <trkpt lat="44.15563" lon="-73.68178">
        <ele>1099.12</ele>
        <time>2026-07-05T15:07:49Z</time>
      </trkpt>
      <trkpt lat="44.15559" lon="-73.6818">
        <ele>1100.2</ele>
        <time>2026-07-05T15:08:01Z</time>
      </trkpt>
      <trkpt lat="44.15559" lon="-73.6818">
        <ele>1100.2</ele>
        <time>2026-07-05T15:08:03Z</time>
      </trkpt>
      <trkpt lat="44.15559" lon="-73.68182">
        <ele>1101.28</ele>
        <time>2026-07-05T15:08:13Z</time>
      </trkpt>
      <trkpt lat="44.15559" lon="-73.68182">
        <ele>1101.28</ele>
        <time>2026-07-05T15:08:25Z</time>
      </trkpt>
      <trkpt lat="44.15559" lon="-73.68182">
        <ele>1101.28</ele>
        <time>2026-07-05T15:08:26Z</time>
      </trkpt>
      <trkpt lat="44.15559" lon="-73.68181">
        <ele>1100.74</ele>
        <time>2026-07-05T15:08:44Z</time>
      </trkpt>
      <trkpt lat="44.15559" lon="-73.68181">
        <ele>1100.74</ele>
        <time>2026-07-05T15:08:48Z</time>
      </trkpt>
      <trkpt lat="44.1556" lon="-73.6818">
        <ele>1100.2</ele>
        <time>2026-07-05T15:08:55Z</time>
      </trkpt>
      <trkpt lat="44.1556" lon="-73.68181">
        <ele>1100.74</ele>
        <time>2026-07-05T15:08:56Z</time>
      </trkpt>
      <trkpt lat="44.1556" lon="-73.6818">
        <ele>1100.2</ele>
        <time>2026-07-05T15:09:00Z</time>
      </trkpt>
      <trkpt lat="44.15562" lon="-73.68178">
        <ele>1099.12</ele>
        <time>2026-07-05T15:09:11Z</time>
      </trkpt>
      <trkpt lat="44.1556" lon="-73.68178">
        <ele>1099.12</ele>
        <time>2026-07-05T15:09:24Z</time>
      </trkpt>
      <trkpt lat="44.15561" lon="-73.68178">
        <ele>1099.12</ele>
        <time>2026-07-05T15:09:40Z</time>
      </trkpt>
      <trkpt lat="44.1556" lon="-73.6818">
        <ele>1100.2</ele>
        <time>2026-07-05T15:09:49Z</time>
      </trkpt>
      <trkpt lat="44.15559" lon="-73.68181">
        <ele>1100.74</ele>
        <time>2026-07-05T15:09:53Z</time>
      </trkpt>
      <trkpt lat="44.15559" lon="-73.68182">
        <ele>1101.28</ele>
        <time>2026-07-05T15:09:58Z</time>
      </trkpt>
      <trkpt lat="44.1556" lon="-73.68182">
        <ele>1101.28</ele>
        <time>2026-07-05T15:10:01Z</time>
      </trkpt>
      <trkpt lat="44.1556" lon="-73.68182">
        <ele>1101.28</ele>
        <time>2026-07-05T15:10:10Z</time>
      </trkpt>
      <trkpt lat="44.15561" lon="-73.68182">
        <ele>1101.28</ele>
        <time>2026-07-05T15:10:17Z</time>
      </trkpt>
      <trkpt lat="44.15559" lon="-73.68183">
        <ele>1101.82</ele>
        <time>2026-07-05T15:10:27Z</time>
      </trkpt>
      <trkpt lat="44.1556" lon="-73.68183">
        <ele>1101.82</ele>
        <time>2026-07-05T15:10:31Z</time>
      </trkpt>
      <trkpt lat="44.15559" lon="-73.68182">
        <ele>1101.28</ele>
        <time>2026-07-05T15:10:34Z</time>
      </trkpt>
      <trkpt lat="44.15559" lon="-73.68182">
        <ele>1101.28</ele>
        <time>2026-07-05T15:10:36Z</time>
      </trkpt>
      <trkpt lat="44.1556" lon="-73.68181">
        <ele>1100.74</ele>
        <time>2026-07-05T15:10:45Z</time>
      </trkpt>
      <trkpt lat="44.1556" lon="-73.68183">
        <ele>1101.82</ele>
        <time>2026-07-05T15:10:54Z</time>
      </trkpt>
      <trkpt lat="44.15561" lon="-73.68184">
        <ele>1102.36</ele>
        <time>2026-07-05T15:10:55Z</time>
      </trkpt>
      <trkpt lat="44.15561" lon="-73.68184">
        <ele>1102.36</ele>
        <time>2026-07-05T15:10:56Z</time>
      </trkpt>
      <trkpt lat="44.1556" lon="-73.68184">
        <ele>1102.36</ele>
        <time>2026-07-05T15:11:00Z</time>
      </trkpt>
      <trkpt lat="44.15561" lon="-73.68183">
        <ele>1101.82</ele>
        <time>2026-07-05T15:11:10Z</time>
      </trkpt>
      <trkpt lat="44.15561" lon="-73.68182">
        <ele>1101.28</ele>
        <time>2026-07-05T15:11:22Z</time>
      </trkpt>
      <trkpt lat="44.15563" lon="-73.68183">
        <ele>1101.82</ele>
        <time>2026-07-05T15:11:30Z</time>
      </trkpt>
      <trkpt lat="44.15561" lon="-73.6818">
        <ele>1100.2</ele>
        <time>2026-07-05T15:11:41Z</time>
      </trkpt>
      <trkpt lat="44.15561" lon="-73.6818">
        <ele>1100.2</ele>
        <time>2026-07-05T15:11:43Z</time>
      </trkpt>
      <trkpt lat="44.15561" lon="-73.68181">
        <ele>1100.74</ele>
        <time>2026-07-05T15:11:48Z</time>
      </trkpt>
      <trkpt lat="44.15561" lon="-73.68182">
        <ele>1101.28</ele>
        <time>2026-07-05T15:11:49Z</time>
      </trkpt>
      <trkpt lat="44.15561" lon="-73.68184">
        <ele>1102.36</ele>
        <time>2026-07-05T15:11:53Z</time>
      </trkpt>
      <trkpt lat="44.1556" lon="-73.68181">
        <ele>1100.74</ele>
        <time>2026-07-05T15:12:01Z</time>
      </trkpt>
      <trkpt lat="44.1556" lon="-73.6818">
        <ele>1100.2</ele>
        <time>2026-07-05T15:12:11Z</time>
      </trkpt>
      <trkpt lat="44.1556" lon="-73.68182">
        <ele>1101.28</ele>
        <time>2026-07-05T15:12:19Z</time>
      </trkpt>
      <trkpt lat="44.1556" lon="-73.68182">
        <ele>1101.28</ele>
        <time>2026-07-05T15:12:20Z</time>
      </trkpt>
      <trkpt lat="44.1556" lon="-73.68182">
        <ele>1101.28</ele>
        <time>2026-07-05T15:12:28Z</time>
      </trkpt>
      <trkpt lat="44.1556" lon="-73.68181">
        <ele>1100.74</ele>
        <time>2026-07-05T15:12:29Z</time>
      </trkpt>
      <trkpt lat="44.15562" lon="-73.6818">
        <ele>1100.2</ele>
        <time>2026-07-05T15:12:37Z</time>
      </trkpt>
      <trkpt lat="44.15561" lon="-73.68181">
        <ele>1100.74</ele>
        <time>2026-07-05T15:12:49Z</time>
      </trkpt>
      <trkpt lat="44.15562" lon="-73.68181">
        <ele>1100.74</ele>
        <time>2026-07-05T15:12:54Z</time>
      </trkpt>
      <trkpt lat="44.15562" lon="-73.68182">
        <ele>1101.28</ele>
        <time>2026-07-05T15:12:59Z</time>
      </trkpt>
      <trkpt lat="44.15563" lon="-73.68181">
        <ele>1100.74</ele>
        <time>2026-07-05T15:13:09Z</time>
      </trkpt>
      <trkpt lat="44.15563" lon="-73.6818">
        <ele>1100.2</ele>
        <time>2026-07-05T15:13:18Z</time>
      </trkpt>
      <trkpt lat="44.15566" lon="-73.68182">
        <ele>1101.28</ele>
        <time>2026-07-05T15:13:26Z</time>
      </trkpt>
      <trkpt lat="44.15566" lon="-73.68179">
        <ele>1099.66</ele>
        <time>2026-07-05T15:13:33Z</time>
      </trkpt>
      <trkpt lat="44.15566" lon="-73.68179">
        <ele>1099.66</ele>
        <time>2026-07-05T15:13:43Z</time>
      </trkpt>
      <trkpt lat="44.15567" lon="-73.68179">
        <ele>1099.66</ele>
        <time>2026-07-05T15:13:53Z</time>
      </trkpt>
      <trkpt lat="44.15567" lon="-73.68179">
        <ele>1099.66</ele>
        <time>2026-07-05T15:14:02Z</time>
      </trkpt>
      <trkpt lat="44.15568" lon="-73.6818">
        <ele>1100.2</ele>
        <time>2026-07-05T15:14:07Z</time>
      </trkpt>
      <trkpt lat="44.15568" lon="-73.68181">
        <ele>1100.74</ele>
        <time>2026-07-05T15:14:11Z</time>
      </trkpt>
      <trkpt lat="44.15568" lon="-73.68181">
        <ele>1100.74</ele>
        <time>2026-07-05T15:14:13Z</time>
      </trkpt>
      <trkpt lat="44.15568" lon="-73.68181">
        <ele>1100.74</ele>
        <time>2026-07-05T15:14:14Z</time>
      </trkpt>
      <trkpt lat="44.15568" lon="-73.68181">
        <ele>1100.74</ele>
        <time>2026-07-05T15:14:15Z</time>
      </trkpt>
      <trkpt lat="44.15568" lon="-73.68181">
        <ele>1100.74</ele>
        <time>2026-07-05T15:14:22Z</time>
      </trkpt>
      <trkpt lat="44.15568" lon="-73.68181">
        <ele>1100.74</ele>
        <time>2026-07-05T15:14:23Z</time>
      </trkpt>
      <trkpt lat="44.15566" lon="-73.6818">
        <ele>1100.2</ele>
        <time>2026-07-05T15:14:33Z</time>
      </trkpt>
      <trkpt lat="44.15566" lon="-73.68181">
        <ele>1100.74</ele>
        <time>2026-07-05T15:14:40Z</time>
      </trkpt>
      <trkpt lat="44.15566" lon="-73.6818">
        <ele>1100.2</ele>
        <time>2026-07-05T15:14:48Z</time>
      </trkpt>
      <trkpt lat="44.15568" lon="-73.68181">
        <ele>1100.74</ele>
        <time>2026-07-05T15:14:58Z</time>
      </trkpt>
      <trkpt lat="44.15568" lon="-73.6818">
        <ele>1100.2</ele>
        <time>2026-07-05T15:15:09Z</time>
      </trkpt>
      <trkpt lat="44.15566" lon="-73.6818">
        <ele>1100.2</ele>
        <time>2026-07-05T15:15:22Z</time>
      </trkpt>
      <trkpt lat="44.15565" lon="-73.68181">
        <ele>1100.74</ele>
        <time>2026-07-05T15:15:33Z</time>
      </trkpt>
      <trkpt lat="44.15564" lon="-73.6818">
        <ele>1100.2</ele>
        <time>2026-07-05T15:15:46Z</time>
      </trkpt>
      <trkpt lat="44.15564" lon="-73.68179">
        <ele>1099.66</ele>
        <time>2026-07-05T15:15:56Z</time>
      </trkpt>
      <trkpt lat="44.15565" lon="-73.6818">
        <ele>1100.2</ele>
        <time>2026-07-05T15:16:08Z</time>
      </trkpt>
      <trkpt lat="44.15563" lon="-73.6818">
        <ele>1100.2</ele>
        <time>2026-07-05T15:16:20Z</time>
      </trkpt>
      <trkpt lat="44.1556" lon="-73.68181">
        <ele>1100.74</ele>
        <time>2026-07-05T15:16:28Z</time>
      </trkpt>
      <trkpt lat="44.15558" lon="-73.68182">
        <ele>1101.28</ele>
        <time>2026-07-05T15:16:35Z</time>
      </trkpt>
      <trkpt lat="44.15557" lon="-73.68179">
        <ele>1099.66</ele>
        <time>2026-07-05T15:16:44Z</time>
      </trkpt>
      <trkpt lat="44.15559" lon="-73.68182">
        <ele>1101.28</ele>
        <time>2026-07-05T15:16:51Z</time>
      </trkpt>
      <trkpt lat="44.1556" lon="-73.68185">
        <ele>1102.9</ele>
        <time>2026-07-05T15:16:55Z</time>
      </trkpt>
      <trkpt lat="44.1556" lon="-73.68185">
        <ele>1102.9</ele>
        <time>2026-07-05T15:16:58Z</time>
      </trkpt>
      <trkpt lat="44.15559" lon="-73.68186">
        <ele>1103.3</ele>
        <time>2026-07-05T15:17:00Z</time>
      </trkpt>
      <trkpt lat="44.15559" lon="-73.68187">
        <ele>1103.66</ele>
        <time>2026-07-05T15:17:01Z</time>
      </trkpt>
      <trkpt lat="44.15559" lon="-73.68188">
        <ele>1104.03</ele>
        <time>2026-07-05T15:17:06Z</time>
      </trkpt>
      <trkpt lat="44.15558" lon="-73.68188">
        <ele>1103.99</ele>
        <time>2026-07-05T15:17:08Z</time>
      </trkpt>
      <trkpt lat="44.15559" lon="-73.6819">
        <ele>1104.75</ele>
        <time>2026-07-05T15:17:15Z</time>
      </trkpt>
      <trkpt lat="44.15559" lon="-73.68191">
        <ele>1105.12</ele>
        <time>2026-07-05T15:17:16Z</time>
      </trkpt>
      <trkpt lat="44.1556" lon="-73.68191">
        <ele>1105.19</ele>
        <time>2026-07-05T15:17:17Z</time>
      </trkpt>
      <trkpt lat="44.1556" lon="-73.68193">
        <ele>1105.94</ele>
        <time>2026-07-05T15:17:22Z</time>
      </trkpt>
      <trkpt lat="44.1556" lon="-73.68194">
        <ele>1106.31</ele>
        <time>2026-07-05T15:17:25Z</time>
      </trkpt>
      <trkpt lat="44.1556" lon="-73.68195">
        <ele>1106.69</ele>
        <time>2026-07-05T15:17:30Z</time>
      </trkpt>
      <trkpt lat="44.1556" lon="-73.68194">
        <ele>1106.31</ele>
        <time>2026-07-05T15:17:34Z</time>
      </trkpt>
      <trkpt lat="44.15558" lon="-73.68193">
        <ele>1105.75</ele>
        <time>2026-07-05T15:17:44Z</time>
      </trkpt>
      <trkpt lat="44.1556" lon="-73.68196">
        <ele>1107.07</ele>
        <time>2026-07-05T15:17:53Z</time>
      </trkpt>
      <trkpt lat="44.1556" lon="-73.68198">
        <ele>1107.83</ele>
        <time>2026-07-05T15:17:57Z</time>
      </trkpt>
      <trkpt lat="44.15559" lon="-73.68199">
        <ele>1108.16</ele>
        <time>2026-07-05T15:18:00Z</time>
      </trkpt>
      <trkpt lat="44.15559" lon="-73.682">
        <ele>1108.55</ele>
        <time>2026-07-05T15:18:02Z</time>
      </trkpt>
      <trkpt lat="44.15559" lon="-73.68203">
        <ele>1109.72</ele>
        <time>2026-07-05T15:18:07Z</time>
      </trkpt>
      <trkpt lat="44.15559" lon="-73.68204">
        <ele>1110.1</ele>
        <time>2026-07-05T15:18:09Z</time>
      </trkpt>
      <trkpt lat="44.15558" lon="-73.68205">
        <ele>1110.42</ele>
        <time>2026-07-05T15:18:12Z</time>
      </trkpt>
      <trkpt lat="44.15556" lon="-73.68208">
        <ele>1111.39</ele>
        <time>2026-07-05T15:18:17Z</time>
      </trkpt>
      <trkpt lat="44.15556" lon="-73.68208">
        <ele>1111.39</ele>
        <time>2026-07-05T15:18:18Z</time>
      </trkpt>
      <trkpt lat="44.15556" lon="-73.6821">
        <ele>1112.04</ele>
        <time>2026-07-05T15:18:23Z</time>
      </trkpt>
      <trkpt lat="44.15555" lon="-73.6821">
        <ele>1111.98</ele>
        <time>2026-07-05T15:18:26Z</time>
      </trkpt>
      <trkpt lat="44.15555" lon="-73.68212">
        <ele>1112.63</ele>
        <time>2026-07-05T15:18:31Z</time>
      </trkpt>
      <trkpt lat="44.15555" lon="-73.68212">
        <ele>1112.63</ele>
        <time>2026-07-05T15:18:33Z</time>
      </trkpt>
      <trkpt lat="44.15555" lon="-73.68214">
        <ele>1113.17</ele>
        <time>2026-07-05T15:18:37Z</time>
      </trkpt>
      <trkpt lat="44.15554" lon="-73.68217">
        <ele>1113.78</ele>
        <time>2026-07-05T15:18:41Z</time>
      </trkpt>
      <trkpt lat="44.15553" lon="-73.68219">
        <ele>1114.21</ele>
        <time>2026-07-05T15:18:44Z</time>
      </trkpt>
      <trkpt lat="44.15553" lon="-73.68222">
        <ele>1114.95</ele>
        <time>2026-07-05T15:18:50Z</time>
      </trkpt>
      <trkpt lat="44.15553" lon="-73.68222">
        <ele>1114.95</ele>
        <time>2026-07-05T15:18:52Z</time>
      </trkpt>
      <trkpt lat="44.15553" lon="-73.68224">
        <ele>1115.52</ele>
        <time>2026-07-05T15:18:56Z</time>
      </trkpt>
      <trkpt lat="44.15554" lon="-73.68225">
        <ele>1115.85</ele>
        <time>2026-07-05T15:19:00Z</time>
      </trkpt>
      <trkpt lat="44.15554" lon="-73.68227">
        <ele>1116.46</ele>
        <time>2026-07-05T15:19:09Z</time>
      </trkpt>
      <trkpt lat="44.15555" lon="-73.6823">
        <ele>1117.47</ele>
        <time>2026-07-05T15:19:13Z</time>
      </trkpt>
      <trkpt lat="44.15556" lon="-73.68231">
        <ele>1117.89</ele>
        <time>2026-07-05T15:19:16Z</time>
      </trkpt>
      <trkpt lat="44.15558" lon="-73.68234">
        <ele>1119.08</ele>
        <time>2026-07-05T15:19:23Z</time>
      </trkpt>
      <trkpt lat="44.15558" lon="-73.68237">
        <ele>1120.05</ele>
        <time>2026-07-05T15:19:30Z</time>
      </trkpt>
      <trkpt lat="44.15558" lon="-73.68238">
        <ele>1120.38</ele>
        <time>2026-07-05T15:19:31Z</time>
      </trkpt>
      <trkpt lat="44.15557" lon="-73.68241">
        <ele>1121.24</ele>
        <time>2026-07-05T15:19:38Z</time>
      </trkpt>
      <trkpt lat="44.15557" lon="-73.68242">
        <ele>1121.56</ele>
        <time>2026-07-05T15:19:40Z</time>
      </trkpt>
      <trkpt lat="44.15557" lon="-73.68244">
        <ele>1122.21</ele>
        <time>2026-07-05T15:19:46Z</time>
      </trkpt>
      <trkpt lat="44.15557" lon="-73.68244">
        <ele>1122.21</ele>
        <time>2026-07-05T15:19:49Z</time>
      </trkpt>
      <trkpt lat="44.15557" lon="-73.68246">
        <ele>1122.86</ele>
        <time>2026-07-05T15:19:54Z</time>
      </trkpt>
      <trkpt lat="44.15558" lon="-73.68247">
        <ele>1123.29</ele>
        <time>2026-07-05T15:19:57Z</time>
      </trkpt>
      <trkpt lat="44.15558" lon="-73.68247">
        <ele>1123.29</ele>
        <time>2026-07-05T15:19:58Z</time>
      </trkpt>
      <trkpt lat="44.15557" lon="-73.68246">
        <ele>1122.86</ele>
        <time>2026-07-05T15:20:08Z</time>
      </trkpt>
      <trkpt lat="44.15557" lon="-73.6825">
        <ele>1124.16</ele>
        <time>2026-07-05T15:20:21Z</time>
      </trkpt>
      <trkpt lat="44.15558" lon="-73.68251">
        <ele>1124.67</ele>
        <time>2026-07-05T15:20:25Z</time>
      </trkpt>
      <trkpt lat="44.15557" lon="-73.68253">
        <ele>1125.4</ele>
        <time>2026-07-05T15:20:28Z</time>
      </trkpt>
      <trkpt lat="44.15557" lon="-73.68254">
        <ele>1125.82</ele>
        <time>2026-07-05T15:20:30Z</time>
      </trkpt>
      <trkpt lat="44.15556" lon="-73.68255">
        <ele>1126.18</ele>
        <time>2026-07-05T15:20:31Z</time>
      </trkpt>
      <trkpt lat="44.15556" lon="-73.68255">
        <ele>1126.18</ele>
        <time>2026-07-05T15:20:35Z</time>
      </trkpt>
      <trkpt lat="44.15555" lon="-73.68257">
        <ele>1126.98</ele>
        <time>2026-07-05T15:20:42Z</time>
      </trkpt>
      <trkpt lat="44.15554" lon="-73.68256">
        <ele>1126.48</ele>
        <time>2026-07-05T15:20:50Z</time>
      </trkpt>
      <trkpt lat="44.15554" lon="-73.68258">
        <ele>1127.31</ele>
        <time>2026-07-05T15:20:55Z</time>
      </trkpt>
      <trkpt lat="44.15554" lon="-73.68261">
        <ele>1128.43</ele>
        <time>2026-07-05T15:21:00Z</time>
      </trkpt>
      <trkpt lat="44.15555" lon="-73.68264">
        <ele>1129.51</ele>
        <time>2026-07-05T15:21:08Z</time>
      </trkpt>
      <trkpt lat="44.15555" lon="-73.68264">
        <ele>1129.51</ele>
        <time>2026-07-05T15:21:12Z</time>
      </trkpt>
      <trkpt lat="44.15555" lon="-73.68261">
        <ele>1128.52</ele>
        <time>2026-07-05T15:21:20Z</time>
      </trkpt>
      <trkpt lat="44.15554" lon="-73.68262">
        <ele>1128.77</ele>
        <time>2026-07-05T15:21:31Z</time>
      </trkpt>
      <trkpt lat="44.15554" lon="-73.68262">
        <ele>1128.77</ele>
        <time>2026-07-05T15:21:36Z</time>
      </trkpt>
      <trkpt lat="44.15553" lon="-73.68264">
        <ele>1129.4</ele>
        <time>2026-07-05T15:21:39Z</time>
      </trkpt>
      <trkpt lat="44.15553" lon="-73.68264">
        <ele>1129.4</ele>
        <time>2026-07-05T15:21:40Z</time>
      </trkpt>
      <trkpt lat="44.15553" lon="-73.68266">
        <ele>1130.11</ele>
        <time>2026-07-05T15:21:43Z</time>
      </trkpt>
      <trkpt lat="44.15553" lon="-73.68266">
        <ele>1130.11</ele>
        <time>2026-07-05T15:21:44Z</time>
      </trkpt>
      <trkpt lat="44.15553" lon="-73.68267">
        <ele>1130.46</ele>
        <time>2026-07-05T15:21:46Z</time>
      </trkpt>
      <trkpt lat="44.15553" lon="-73.68268">
        <ele>1130.82</ele>
        <time>2026-07-05T15:21:48Z</time>
      </trkpt>
      <trkpt lat="44.1555" lon="-73.68271">
        <ele>1132.07</ele>
        <time>2026-07-05T15:21:57Z</time>
      </trkpt>
      <trkpt lat="44.15551" lon="-73.68273">
        <ele>1132.94</ele>
        <time>2026-07-05T15:22:07Z</time>
      </trkpt>
      <trkpt lat="44.15551" lon="-73.68277">
        <ele>1134.66</ele>
        <time>2026-07-05T15:22:12Z</time>
      </trkpt>
      <trkpt lat="44.15551" lon="-73.68278">
        <ele>1135.1</ele>
        <time>2026-07-05T15:22:17Z</time>
      </trkpt>
      <trkpt lat="44.1555" lon="-73.6828">
        <ele>1135.96</ele>
        <time>2026-07-05T15:22:24Z</time>
      </trkpt>
      <trkpt lat="44.15549" lon="-73.6828">
        <ele>1135.96</ele>
        <time>2026-07-05T15:22:29Z</time>
      </trkpt>
      <trkpt lat="44.15549" lon="-73.68281">
        <ele>1136.39</ele>
        <time>2026-07-05T15:22:31Z</time>
      </trkpt>
      <trkpt lat="44.15549" lon="-73.68284">
        <ele>1137.69</ele>
        <time>2026-07-05T15:22:36Z</time>
      </trkpt>
      <trkpt lat="44.15549" lon="-73.68285">
        <ele>1138.12</ele>
        <time>2026-07-05T15:22:38Z</time>
      </trkpt>
      <trkpt lat="44.15549" lon="-73.68285">
        <ele>1138.12</ele>
        <time>2026-07-05T15:22:42Z</time>
      </trkpt>
      <trkpt lat="44.1555" lon="-73.68284">
        <ele>1137.69</ele>
        <time>2026-07-05T15:22:46Z</time>
      </trkpt>
      <trkpt lat="44.15548" lon="-73.68285">
        <ele>1138.12</ele>
        <time>2026-07-05T15:22:55Z</time>
      </trkpt>
      <trkpt lat="44.15548" lon="-73.68285">
        <ele>1138.12</ele>
        <time>2026-07-05T15:22:57Z</time>
      </trkpt>
      <trkpt lat="44.15548" lon="-73.68286">
        <ele>1138.55</ele>
        <time>2026-07-05T15:23:04Z</time>
      </trkpt>
      <trkpt lat="44.15547" lon="-73.68288">
        <ele>1139.31</ele>
        <time>2026-07-05T15:23:08Z</time>
      </trkpt>
      <trkpt lat="44.15546" lon="-73.68291">
        <ele>1140.23</ele>
        <time>2026-07-05T15:23:11Z</time>
      </trkpt>
      <trkpt lat="44.15546" lon="-73.68293">
        <ele>1140.89</ele>
        <time>2026-07-05T15:23:17Z</time>
      </trkpt>
      <trkpt lat="44.15546" lon="-73.68294">
        <ele>1141.22</ele>
        <time>2026-07-05T15:23:19Z</time>
      </trkpt>
      <trkpt lat="44.15545" lon="-73.68297">
        <ele>1142.01</ele>
        <time>2026-07-05T15:23:23Z</time>
      </trkpt>
      <trkpt lat="44.15544" lon="-73.68301">
        <ele>1142.77</ele>
        <time>2026-07-05T15:23:29Z</time>
      </trkpt>
      <trkpt lat="44.15543" lon="-73.68295">
        <ele>1141.17</ele>
        <time>2026-07-05T15:23:40Z</time>
      </trkpt>
      <trkpt lat="44.15543" lon="-73.68297">
        <ele>1141.8</ele>
        <time>2026-07-05T15:23:43Z</time>
      </trkpt>
      <trkpt lat="44.15542" lon="-73.68301">
        <ele>1142.55</ele>
        <time>2026-07-05T15:23:47Z</time>
      </trkpt>
      <trkpt lat="44.15542" lon="-73.68302">
        <ele>1142.77</ele>
        <time>2026-07-05T15:23:48Z</time>
      </trkpt>
      <trkpt lat="44.15542" lon="-73.68305">
        <ele>1143.42</ele>
        <time>2026-07-05T15:23:52Z</time>
      </trkpt>
      <trkpt lat="44.15542" lon="-73.68308">
        <ele>1144.19</ele>
        <time>2026-07-05T15:23:56Z</time>
      </trkpt>
      <trkpt lat="44.15542" lon="-73.68308">
        <ele>1144.19</ele>
        <time>2026-07-05T15:24:00Z</time>
      </trkpt>
      <trkpt lat="44.15542" lon="-73.6831">
        <ele>1144.72</ele>
        <time>2026-07-05T15:24:04Z</time>
      </trkpt>
      <trkpt lat="44.15542" lon="-73.6831">
        <ele>1144.72</ele>
        <time>2026-07-05T15:24:05Z</time>
      </trkpt>
      <trkpt lat="44.15542" lon="-73.68311">
        <ele>1144.98</ele>
        <time>2026-07-05T15:24:13Z</time>
      </trkpt>
      <trkpt lat="44.15542" lon="-73.68311">
        <ele>1144.98</ele>
        <time>2026-07-05T15:24:14Z</time>
      </trkpt>
      <trkpt lat="44.15543" lon="-73.68313">
        <ele>1145.54</ele>
        <time>2026-07-05T15:24:17Z</time>
      </trkpt>
      <trkpt lat="44.15544" lon="-73.68314">
        <ele>1145.8</ele>
        <time>2026-07-05T15:24:22Z</time>
      </trkpt>
      <trkpt lat="44.15546" lon="-73.68315">
        <ele>1146.06</ele>
        <time>2026-07-05T15:24:26Z</time>
      </trkpt>
      <trkpt lat="44.15548" lon="-73.68317">
        <ele>1146.66</ele>
        <time>2026-07-05T15:24:30Z</time>
      </trkpt>
      <trkpt lat="44.15548" lon="-73.68318">
        <ele>1146.97</ele>
        <time>2026-07-05T15:24:32Z</time>
      </trkpt>
      <trkpt lat="44.15549" lon="-73.68321">
        <ele>1147.81</ele>
        <time>2026-07-05T15:24:37Z</time>
      </trkpt>
      <trkpt lat="44.1555" lon="-73.68322">
        <ele>1148.02</ele>
        <time>2026-07-05T15:24:38Z</time>
      </trkpt>
      <trkpt lat="44.15552" lon="-73.68325">
        <ele>1148.58</ele>
        <time>2026-07-05T15:24:44Z</time>
      </trkpt>
      <trkpt lat="44.15553" lon="-73.68327">
        <ele>1148.91</ele>
        <time>2026-07-05T15:24:47Z</time>
      </trkpt>
      <trkpt lat="44.15554" lon="-73.6833">
        <ele>1149.45</ele>
        <time>2026-07-05T15:24:51Z</time>
      </trkpt>
      <trkpt lat="44.15554" lon="-73.68331">
        <ele>1149.66</ele>
        <time>2026-07-05T15:24:53Z</time>
      </trkpt>
      <trkpt lat="44.15553" lon="-73.68331">
        <ele>1149.77</ele>
        <time>2026-07-05T15:24:57Z</time>
      </trkpt>
      <trkpt lat="44.15554" lon="-73.68332">
        <ele>1149.88</ele>
        <time>2026-07-05T15:25:05Z</time>
      </trkpt>
      <trkpt lat="44.15554" lon="-73.68334">
        <ele>1150.32</ele>
        <time>2026-07-05T15:25:21Z</time>
      </trkpt>
      <trkpt lat="44.15552" lon="-73.68338">
        <ele>1151.59</ele>
        <time>2026-07-05T15:25:29Z</time>
      </trkpt>
      <trkpt lat="44.1555" lon="-73.6834">
        <ele>1152.47</ele>
        <time>2026-07-05T15:25:32Z</time>
      </trkpt>
      <trkpt lat="44.15549" lon="-73.68341">
        <ele>1152.95</ele>
        <time>2026-07-05T15:25:35Z</time>
      </trkpt>
      <trkpt lat="44.15548" lon="-73.68341">
        <ele>1153.15</ele>
        <time>2026-07-05T15:25:37Z</time>
      </trkpt>
      <trkpt lat="44.15547" lon="-73.68343">
        <ele>1153.98</ele>
        <time>2026-07-05T15:25:41Z</time>
      </trkpt>
      <trkpt lat="44.15546" lon="-73.68347">
        <ele>1155.46</ele>
        <time>2026-07-05T15:25:46Z</time>
      </trkpt>
      <trkpt lat="44.15546" lon="-73.68348">
        <ele>1155.78</ele>
        <time>2026-07-05T15:25:47Z</time>
      </trkpt>
      <trkpt lat="44.15544" lon="-73.68352">
        <ele>1157.28</ele>
        <time>2026-07-05T15:25:53Z</time>
      </trkpt>
      <trkpt lat="44.15544" lon="-73.68353">
        <ele>1157.53</ele>
        <time>2026-07-05T15:25:54Z</time>
      </trkpt>
      <trkpt lat="44.15539" lon="-73.68358">
        <ele>1159.64</ele>
        <time>2026-07-05T15:26:02Z</time>
      </trkpt>
      <trkpt lat="44.15539" lon="-73.68359">
        <ele>1159.94</ele>
        <time>2026-07-05T15:26:03Z</time>
      </trkpt>
      <trkpt lat="44.15536" lon="-73.68361">
        <ele>1161.08</ele>
        <time>2026-07-05T15:26:09Z</time>
      </trkpt>
      <trkpt lat="44.15536" lon="-73.68361">
        <ele>1161.08</ele>
        <time>2026-07-05T15:26:11Z</time>
      </trkpt>
      <trkpt lat="44.15535" lon="-73.68361">
        <ele>1161.18</ele>
        <time>2026-07-05T15:26:19Z</time>
      </trkpt>
      <trkpt lat="44.15533" lon="-73.68363">
        <ele>1161.76</ele>
        <time>2026-07-05T15:26:27Z</time>
      </trkpt>
      <trkpt lat="44.15533" lon="-73.68366">
        <ele>1162.26</ele>
        <time>2026-07-05T15:26:31Z</time>
      </trkpt>
      <trkpt lat="44.15534" lon="-73.68369">
        <ele>1162.75</ele>
        <time>2026-07-05T15:26:35Z</time>
      </trkpt>
      <trkpt lat="44.15534" lon="-73.68371">
        <ele>1163.09</ele>
        <time>2026-07-05T15:26:38Z</time>
      </trkpt>
      <trkpt lat="44.15534" lon="-73.68372">
        <ele>1163.23</ele>
        <time>2026-07-05T15:26:39Z</time>
      </trkpt>
      <trkpt lat="44.15534" lon="-73.68373">
        <ele>1163.38</ele>
        <time>2026-07-05T15:26:40Z</time>
      </trkpt>
      <trkpt lat="44.15532" lon="-73.68377">
        <ele>1164.11</ele>
        <time>2026-07-05T15:26:47Z</time>
      </trkpt>
      <trkpt lat="44.1553" lon="-73.68379">
        <ele>1164.64</ele>
        <time>2026-07-05T15:26:50Z</time>
      </trkpt>
      <trkpt lat="44.15527" lon="-73.68386">
        <ele>1165.52</ele>
        <time>2026-07-05T15:27:00Z</time>
      </trkpt>
      <trkpt lat="44.15526" lon="-73.68391">
        <ele>1165.89</ele>
        <time>2026-07-05T15:27:08Z</time>
      </trkpt>
      <trkpt lat="44.15526" lon="-73.68392">
        <ele>1166.02</ele>
        <time>2026-07-05T15:27:10Z</time>
      </trkpt>
      <trkpt lat="44.15525" lon="-73.68395">
        <ele>1166.26</ele>
        <time>2026-07-05T15:27:15Z</time>
      </trkpt>
      <trkpt lat="44.15525" lon="-73.68397">
        <ele>1166.54</ele>
        <time>2026-07-05T15:27:19Z</time>
      </trkpt>
      <trkpt lat="44.15525" lon="-73.68399">
        <ele>1166.82</ele>
        <time>2026-07-05T15:27:21Z</time>
      </trkpt>
      <trkpt lat="44.15524" lon="-73.68401">
        <ele>1167.03</ele>
        <time>2026-07-05T15:27:25Z</time>
      </trkpt>
      <trkpt lat="44.15524" lon="-73.68402">
        <ele>1167.18</ele>
        <time>2026-07-05T15:27:26Z</time>
      </trkpt>
      <trkpt lat="44.15524" lon="-73.68405">
        <ele>1167.63</ele>
        <time>2026-07-05T15:27:31Z</time>
      </trkpt>
      <trkpt lat="44.15525" lon="-73.68406">
        <ele>1167.8</ele>
        <time>2026-07-05T15:27:34Z</time>
      </trkpt>
      <trkpt lat="44.15525" lon="-73.68406">
        <ele>1167.8</ele>
        <time>2026-07-05T15:27:36Z</time>
      </trkpt>
      <trkpt lat="44.15525" lon="-73.68407">
        <ele>1167.94</ele>
        <time>2026-07-05T15:27:40Z</time>
      </trkpt>
      <trkpt lat="44.15525" lon="-73.68409">
        <ele>1168.34</ele>
        <time>2026-07-05T15:27:43Z</time>
      </trkpt>
      <trkpt lat="44.15525" lon="-73.68411">
        <ele>1168.78</ele>
        <time>2026-07-05T15:27:45Z</time>
      </trkpt>
      <trkpt lat="44.15525" lon="-73.68414">
        <ele>1169.42</ele>
        <time>2026-07-05T15:27:49Z</time>
      </trkpt>
      <trkpt lat="44.15525" lon="-73.68414">
        <ele>1169.42</ele>
        <time>2026-07-05T15:27:50Z</time>
      </trkpt>
      <trkpt lat="44.15524" lon="-73.68417">
        <ele>1170.05</ele>
        <time>2026-07-05T15:27:56Z</time>
      </trkpt>
      <trkpt lat="44.15525" lon="-73.68421">
        <ele>1170.61</ele>
        <time>2026-07-05T15:28:00Z</time>
      </trkpt>
      <trkpt lat="44.15525" lon="-73.68421">
        <ele>1170.61</ele>
        <time>2026-07-05T15:28:01Z</time>
      </trkpt>
      <trkpt lat="44.15525" lon="-73.68423">
        <ele>1170.89</ele>
        <time>2026-07-05T15:28:03Z</time>
      </trkpt>
      <trkpt lat="44.15525" lon="-73.68427">
        <ele>1171.42</ele>
        <time>2026-07-05T15:28:09Z</time>
      </trkpt>
      <trkpt lat="44.15525" lon="-73.68429">
        <ele>1171.63</ele>
        <time>2026-07-05T15:28:11Z</time>
      </trkpt>
      <trkpt lat="44.15525" lon="-73.68436">
        <ele>1172.41</ele>
        <time>2026-07-05T15:28:20Z</time>
      </trkpt>
      <trkpt lat="44.15525" lon="-73.68437">
        <ele>1172.55</ele>
        <time>2026-07-05T15:28:21Z</time>
      </trkpt>
      <trkpt lat="44.15524" lon="-73.68441">
        <ele>1173.29</ele>
        <time>2026-07-05T15:28:28Z</time>
      </trkpt>
      <trkpt lat="44.15525" lon="-73.68441">
        <ele>1173.12</ele>
        <time>2026-07-05T15:28:38Z</time>
      </trkpt>
      <trkpt lat="44.15525" lon="-73.68442">
        <ele>1173.26</ele>
        <time>2026-07-05T15:29:53Z</time>
      </trkpt>
      <trkpt lat="44.15525" lon="-73.68441">
        <ele>1173.12</ele>
        <time>2026-07-05T15:30:03Z</time>
      </trkpt>
      <trkpt lat="44.15525" lon="-73.68442">
        <ele>1173.26</ele>
        <time>2026-07-05T15:31:11Z</time>
      </trkpt>
      <trkpt lat="44.15525" lon="-73.68441">
        <ele>1173.12</ele>
        <time>2026-07-05T15:31:13Z</time>
      </trkpt>
      <trkpt lat="44.15525" lon="-73.68441">
        <ele>1173.12</ele>
        <time>2026-07-05T15:31:14Z</time>
      </trkpt>
      <trkpt lat="44.15525" lon="-73.68442">
        <ele>1173.26</ele>
        <time>2026-07-05T15:31:17Z</time>
      </trkpt>
      <trkpt lat="44.15525" lon="-73.68442">
        <ele>1173.26</ele>
        <time>2026-07-05T15:31:21Z</time>
      </trkpt>
      <trkpt lat="44.15525" lon="-73.68442">
        <ele>1173.26</ele>
        <time>2026-07-05T15:31:23Z</time>
      </trkpt>
      <trkpt lat="44.15525" lon="-73.68441">
        <ele>1173.12</ele>
        <time>2026-07-05T15:31:41Z</time>
      </trkpt>
      <trkpt lat="44.15523" lon="-73.68443">
        <ele>1173.8</ele>
        <time>2026-07-05T15:32:27Z</time>
      </trkpt>
      <trkpt lat="44.15522" lon="-73.6844">
        <ele>1173.47</ele>
        <time>2026-07-05T15:32:34Z</time>
      </trkpt>
      <trkpt lat="44.15521" lon="-73.68441">
        <ele>1173.82</ele>
        <time>2026-07-05T15:32:35Z</time>
      </trkpt>
      <trkpt lat="44.15521" lon="-73.68443">
        <ele>1174.19</ele>
        <time>2026-07-05T15:32:39Z</time>
      </trkpt>
      <trkpt lat="44.1552" lon="-73.68449">
        <ele>1174.76</ele>
        <time>2026-07-05T15:32:47Z</time>
      </trkpt>
      <trkpt lat="44.15518" lon="-73.68451">
        <ele>1175.04</ele>
        <time>2026-07-05T15:32:51Z</time>
      </trkpt>
      <trkpt lat="44.15517" lon="-73.68453">
        <ele>1175.15</ele>
        <time>2026-07-05T15:32:53Z</time>
      </trkpt>
      <trkpt lat="44.15517" lon="-73.68454">
        <ele>1175.2</ele>
        <time>2026-07-05T15:32:56Z</time>
      </trkpt>
      <trkpt lat="44.15518" lon="-73.68459">
        <ele>1175.63</ele>
        <time>2026-07-05T15:33:02Z</time>
      </trkpt>
      <trkpt lat="44.15517" lon="-73.68464">
        <ele>1176.16</ele>
        <time>2026-07-05T15:33:07Z</time>
      </trkpt>
      <trkpt lat="44.15516" lon="-73.68467">
        <ele>1176.27</ele>
        <time>2026-07-05T15:33:09Z</time>
      </trkpt>
      <trkpt lat="44.15514" lon="-73.68468">
        <ele>1176.49</ele>
        <time>2026-07-05T15:33:14Z</time>
      </trkpt>
      <trkpt lat="44.15513" lon="-73.68469">
        <ele>1176.6</ele>
        <time>2026-07-05T15:33:15Z</time>
      </trkpt>
      <trkpt lat="44.15511" lon="-73.68472">
        <ele>1176.81</ele>
        <time>2026-07-05T15:33:23Z</time>
      </trkpt>
      <trkpt lat="44.15509" lon="-73.68473">
        <ele>1177.08</ele>
        <time>2026-07-05T15:33:26Z</time>
      </trkpt>
      <trkpt lat="44.15506" lon="-73.68475">
        <ele>1177.3</ele>
        <time>2026-07-05T15:33:33Z</time>
      </trkpt>
      <trkpt lat="44.15504" lon="-73.68476">
        <ele>1177.41</ele>
        <time>2026-07-05T15:33:38Z</time>
      </trkpt>
      <trkpt lat="44.15502" lon="-73.68476">
        <ele>1177.41</ele>
        <time>2026-07-05T15:33:42Z</time>
      </trkpt>
      <trkpt lat="44.15501" lon="-73.68476">
        <ele>1177.41</ele>
        <time>2026-07-05T15:33:43Z</time>
      </trkpt>
      <trkpt lat="44.155" lon="-73.68478">
        <ele>1177.62</ele>
        <time>2026-07-05T15:33:49Z</time>
      </trkpt>
      <trkpt lat="44.15499" lon="-73.68479">
        <ele>1177.67</ele>
        <time>2026-07-05T15:33:50Z</time>
      </trkpt>
      <trkpt lat="44.15499" lon="-73.68479">
        <ele>1177.67</ele>
        <time>2026-07-05T15:33:51Z</time>
      </trkpt>
      <trkpt lat="44.15498" lon="-73.68478">
        <ele>1177.46</ele>
        <time>2026-07-05T15:33:56Z</time>
      </trkpt>
      <trkpt lat="44.15499" lon="-73.68478">
        <ele>1177.54</ele>
        <time>2026-07-05T15:34:01Z</time>
      </trkpt>
      <trkpt lat="44.15499" lon="-73.68481">
        <ele>1177.94</ele>
        <time>2026-07-05T15:34:06Z</time>
      </trkpt>
      <trkpt lat="44.155" lon="-73.68483">
        <ele>1178.33</ele>
        <time>2026-07-05T15:34:08Z</time>
      </trkpt>
      <trkpt lat="44.15501" lon="-73.68484">
        <ele>1178.51</ele>
        <time>2026-07-05T15:34:11Z</time>
      </trkpt>
      <trkpt lat="44.15502" lon="-73.68486">
        <ele>1178.87</ele>
        <time>2026-07-05T15:34:13Z</time>
      </trkpt>
      <trkpt lat="44.15502" lon="-73.68486">
        <ele>1178.87</ele>
        <time>2026-07-05T15:34:15Z</time>
      </trkpt>
      <trkpt lat="44.15501" lon="-73.68485">
        <ele>1178.72</ele>
        <time>2026-07-05T15:34:20Z</time>
      </trkpt>
      <trkpt lat="44.15501" lon="-73.68486">
        <ele>1178.92</ele>
        <time>2026-07-05T15:34:27Z</time>
      </trkpt>
      <trkpt lat="44.15498" lon="-73.68494">
        <ele>1180.7</ele>
        <time>2026-07-05T15:34:35Z</time>
      </trkpt>
      <trkpt lat="44.15498" lon="-73.68498">
        <ele>1181.57</ele>
        <time>2026-07-05T15:34:38Z</time>
      </trkpt>
      <trkpt lat="44.15498" lon="-73.68501">
        <ele>1182.13</ele>
        <time>2026-07-05T15:34:41Z</time>
      </trkpt>
      <trkpt lat="44.15498" lon="-73.68504">
        <ele>1182.53</ele>
        <time>2026-07-05T15:34:45Z</time>
      </trkpt>
      <trkpt lat="44.15498" lon="-73.68505">
        <ele>1182.66</ele>
        <time>2026-07-05T15:34:47Z</time>
      </trkpt>
      <trkpt lat="44.15496" lon="-73.68509">
        <ele>1183.39</ele>
        <time>2026-07-05T15:34:52Z</time>
      </trkpt>
      <trkpt lat="44.15494" lon="-73.68513">
        <ele>1184.05</ele>
        <time>2026-07-05T15:34:56Z</time>
      </trkpt>
      <trkpt lat="44.15494" lon="-73.68512">
        <ele>1183.94</ele>
        <time>2026-07-05T15:35:03Z</time>
      </trkpt>
      <trkpt lat="44.15493" lon="-73.68515">
        <ele>1184.38</ele>
        <time>2026-07-05T15:35:10Z</time>
      </trkpt>
      <trkpt lat="44.15492" lon="-73.68523">
        <ele>1185.35</ele>
        <time>2026-07-05T15:35:18Z</time>
      </trkpt>
      <trkpt lat="44.15492" lon="-73.68525">
        <ele>1185.56</ele>
        <time>2026-07-05T15:35:20Z</time>
      </trkpt>
      <trkpt lat="44.15492" lon="-73.68532">
        <ele>1186.32</ele>
        <time>2026-07-05T15:35:28Z</time>
      </trkpt>
      <trkpt lat="44.15491" lon="-73.68533">
        <ele>1186.54</ele>
        <time>2026-07-05T15:35:30Z</time>
      </trkpt>
      <trkpt lat="44.15488" lon="-73.68536">
        <ele>1186.85</ele>
        <time>2026-07-05T15:35:35Z</time>
      </trkpt>
      <trkpt lat="44.15486" lon="-73.68537">
        <ele>1186.99</ele>
        <time>2026-07-05T15:35:38Z</time>
      </trkpt>
      <trkpt lat="44.15481" lon="-73.68541">
        <ele>1187.35</ele>
        <time>2026-07-05T15:35:47Z</time>
      </trkpt>
      <trkpt lat="44.1548" lon="-73.68544">
        <ele>1187.55</ele>
        <time>2026-07-05T15:35:52Z</time>
      </trkpt>
      <trkpt lat="44.15479" lon="-73.68546">
        <ele>1187.69</ele>
        <time>2026-07-05T15:35:55Z</time>
      </trkpt>
      <trkpt lat="44.15481" lon="-73.68549">
        <ele>1188.55</ele>
        <time>2026-07-05T15:36:04Z</time>
      </trkpt>
      <trkpt lat="44.1548" lon="-73.68548">
        <ele>1188.24</ele>
        <time>2026-07-05T15:36:08Z</time>
      </trkpt>
      <trkpt lat="44.15481" lon="-73.68549">
        <ele>1188.55</ele>
        <time>2026-07-05T15:36:11Z</time>
      </trkpt>
      <trkpt lat="44.15482" lon="-73.6855">
        <ele>1188.8</ele>
        <time>2026-07-05T15:36:12Z</time>
      </trkpt>
      <trkpt lat="44.15482" lon="-73.68556">
        <ele>1190.09</ele>
        <time>2026-07-05T15:36:21Z</time>
      </trkpt>
      <trkpt lat="44.15483" lon="-73.68561">
        <ele>1191.08</ele>
        <time>2026-07-05T15:36:26Z</time>
      </trkpt>
      <trkpt lat="44.15482" lon="-73.68561">
        <ele>1191.14</ele>
        <time>2026-07-05T15:36:27Z</time>
      </trkpt>
      <trkpt lat="44.15483" lon="-73.68563">
        <ele>1191.48</ele>
        <time>2026-07-05T15:36:30Z</time>
      </trkpt>
      <trkpt lat="44.15482" lon="-73.68566">
        <ele>1192.2</ele>
        <time>2026-07-05T15:36:34Z</time>
      </trkpt>
      <trkpt lat="44.15481" lon="-73.68571">
        <ele>1193.34</ele>
        <time>2026-07-05T15:36:39Z</time>
      </trkpt>
      <trkpt lat="44.15482" lon="-73.68574">
        <ele>1193.93</ele>
        <time>2026-07-05T15:36:41Z</time>
      </trkpt>
      <trkpt lat="44.15481" lon="-73.68576">
        <ele>1194.42</ele>
        <time>2026-07-05T15:36:45Z</time>
      </trkpt>
      <trkpt lat="44.1548" lon="-73.68578">
        <ele>1194.85</ele>
        <time>2026-07-05T15:36:47Z</time>
      </trkpt>
      <trkpt lat="44.1548" lon="-73.68578">
        <ele>1194.85</ele>
        <time>2026-07-05T15:36:48Z</time>
      </trkpt>
      <trkpt lat="44.15476" lon="-73.68582">
        <ele>1195.71</ele>
        <time>2026-07-05T15:36:55Z</time>
      </trkpt>
      <trkpt lat="44.15473" lon="-73.68585">
        <ele>1196.52</ele>
        <time>2026-07-05T15:37:01Z</time>
      </trkpt>
      <trkpt lat="44.1547" lon="-73.68586">
        <ele>1196.62</ele>
        <time>2026-07-05T15:37:06Z</time>
      </trkpt>
      <trkpt lat="44.15467" lon="-73.68587">
        <ele>1196.62</ele>
        <time>2026-07-05T15:37:12Z</time>
      </trkpt>
      <trkpt lat="44.15465" lon="-73.6859">
        <ele>1197.38</ele>
        <time>2026-07-05T15:37:18Z</time>
      </trkpt>
      <trkpt lat="44.15464" lon="-73.68591">
        <ele>1197.6</ele>
        <time>2026-07-05T15:37:20Z</time>
      </trkpt>
      <trkpt lat="44.15464" lon="-73.68593">
        <ele>1198.24</ele>
        <time>2026-07-05T15:37:31Z</time>
      </trkpt>
      <trkpt lat="44.15463" lon="-73.68593">
        <ele>1198.14</ele>
        <time>2026-07-05T15:37:42Z</time>
      </trkpt>
      <trkpt lat="44.15463" lon="-73.68595">
        <ele>1198.78</ele>
        <time>2026-07-05T15:37:45Z</time>
      </trkpt>
      <trkpt lat="44.15464" lon="-73.68596">
        <ele>1199.17</ele>
        <time>2026-07-05T15:37:47Z</time>
      </trkpt>
      <trkpt lat="44.15465" lon="-73.68597">
        <ele>1199.54</ele>
        <time>2026-07-05T15:37:49Z</time>
      </trkpt>
      <trkpt lat="44.15465" lon="-73.68598">
        <ele>1199.84</ele>
        <time>2026-07-05T15:37:52Z</time>
      </trkpt>
      <trkpt lat="44.15465" lon="-73.68597">
        <ele>1199.54</ele>
        <time>2026-07-05T15:37:53Z</time>
      </trkpt>
      <trkpt lat="44.15466" lon="-73.68601">
        <ele>1200.75</ele>
        <time>2026-07-05T15:38:02Z</time>
      </trkpt>
      <trkpt lat="44.15466" lon="-73.68601">
        <ele>1200.75</ele>
        <time>2026-07-05T15:38:03Z</time>
      </trkpt>
      <trkpt lat="44.15463" lon="-73.68606">
        <ele>1201.9</ele>
        <time>2026-07-05T15:38:10Z</time>
      </trkpt>
      <trkpt lat="44.15463" lon="-73.68606">
        <ele>1201.9</ele>
        <time>2026-07-05T15:38:11Z</time>
      </trkpt>
      <trkpt lat="44.15463" lon="-73.68607">
        <ele>1202.11</ele>
        <time>2026-07-05T15:38:12Z</time>
      </trkpt>
      <trkpt lat="44.15464" lon="-73.68612">
        <ele>1203.19</ele>
        <time>2026-07-05T15:38:18Z</time>
      </trkpt>
      <trkpt lat="44.15463" lon="-73.68613">
        <ele>1203.41</ele>
        <time>2026-07-05T15:38:20Z</time>
      </trkpt>
      <trkpt lat="44.15463" lon="-73.68613">
        <ele>1203.41</ele>
        <time>2026-07-05T15:38:23Z</time>
      </trkpt>
      <trkpt lat="44.15463" lon="-73.68613">
        <ele>1203.41</ele>
        <time>2026-07-05T15:38:26Z</time>
      </trkpt>
      <trkpt lat="44.15462" lon="-73.68617">
        <ele>1204.06</ele>
        <time>2026-07-05T15:38:30Z</time>
      </trkpt>
      <trkpt lat="44.15463" lon="-73.6862">
        <ele>1204.92</ele>
        <time>2026-07-05T15:38:33Z</time>
      </trkpt>
      <trkpt lat="44.15465" lon="-73.68627">
        <ele>1206.03</ele>
        <time>2026-07-05T15:38:40Z</time>
      </trkpt>
      <trkpt lat="44.15465" lon="-73.68627">
        <ele>1206.03</ele>
        <time>2026-07-05T15:38:42Z</time>
      </trkpt>
      <trkpt lat="44.15463" lon="-73.68628">
        <ele>1205.83</ele>
        <time>2026-07-05T15:38:51Z</time>
      </trkpt>
      <trkpt lat="44.15465" lon="-73.68628">
        <ele>1206.19</ele>
        <time>2026-07-05T15:39:02Z</time>
      </trkpt>
      <trkpt lat="44.15463" lon="-73.68626">
        <ele>1205.61</ele>
        <time>2026-07-05T15:39:09Z</time>
      </trkpt>
      <trkpt lat="44.15463" lon="-73.68626">
        <ele>1205.61</ele>
        <time>2026-07-05T15:39:10Z</time>
      </trkpt>
      <trkpt lat="44.15463" lon="-73.68626">
        <ele>1205.61</ele>
        <time>2026-07-05T15:39:12Z</time>
      </trkpt>
      <trkpt lat="44.15463" lon="-73.68624">
        <ele>1205.4</ele>
        <time>2026-07-05T15:39:17Z</time>
      </trkpt>
      <trkpt lat="44.15463" lon="-73.68624">
        <ele>1205.4</ele>
        <time>2026-07-05T15:39:18Z</time>
      </trkpt>
      <trkpt lat="44.15463" lon="-73.68625">
        <ele>1205.5</ele>
        <time>2026-07-05T15:39:19Z</time>
      </trkpt>
      <trkpt lat="44.15463" lon="-73.68627">
        <ele>1205.72</ele>
        <time>2026-07-05T15:39:23Z</time>
      </trkpt>
      <trkpt lat="44.15464" lon="-73.68631">
        <ele>1206.52</ele>
        <time>2026-07-05T15:39:26Z</time>
      </trkpt>
      <trkpt lat="44.15465" lon="-73.68633">
        <ele>1207.17</ele>
        <time>2026-07-05T15:39:28Z</time>
      </trkpt>
      <trkpt lat="44.15465" lon="-73.68635">
        <ele>1207.6</ele>
        <time>2026-07-05T15:39:30Z</time>
      </trkpt>
      <trkpt lat="44.15465" lon="-73.68636">
        <ele>1207.82</ele>
        <time>2026-07-05T15:39:31Z</time>
      </trkpt>
      <trkpt lat="44.15466" lon="-73.68639">
        <ele>1208.67</ele>
        <time>2026-07-05T15:39:36Z</time>
      </trkpt>
      <trkpt lat="44.15469" lon="-73.68644">
        <ele>1209.86</ele>
        <time>2026-07-05T15:39:42Z</time>
      </trkpt>
      <trkpt lat="44.15469" lon="-73.68644">
        <ele>1209.86</ele>
        <time>2026-07-05T15:39:43Z</time>
      </trkpt>
      <trkpt lat="44.1547" lon="-73.68645">
        <ele>1210.18</ele>
        <time>2026-07-05T15:39:45Z</time>
      </trkpt>
      <trkpt lat="44.15472" lon="-73.68648">
        <ele>1210.94</ele>
        <time>2026-07-05T15:39:50Z</time>
      </trkpt>
      <trkpt lat="44.15472" lon="-73.68649">
        <ele>1211.04</ele>
        <time>2026-07-05T15:39:51Z</time>
      </trkpt>
      <trkpt lat="44.15472" lon="-73.6865">
        <ele>1211.15</ele>
        <time>2026-07-05T15:39:54Z</time>
      </trkpt>
      <trkpt lat="44.15471" lon="-73.68651">
        <ele>1211.0</ele>
        <time>2026-07-05T15:39:57Z</time>
      </trkpt>
      <trkpt lat="44.15471" lon="-73.68651">
        <ele>1211.0</ele>
        <time>2026-07-05T15:39:58Z</time>
      </trkpt>
      <trkpt lat="44.15471" lon="-73.68653">
        <ele>1211.19</ele>
        <time>2026-07-05T15:40:03Z</time>
      </trkpt>
      <trkpt lat="44.15472" lon="-73.68655">
        <ele>1211.67</ele>
        <time>2026-07-05T15:40:11Z</time>
      </trkpt>
      <trkpt lat="44.15472" lon="-73.68656">
        <ele>1211.78</ele>
        <time>2026-07-05T15:40:13Z</time>
      </trkpt>
      <trkpt lat="44.15472" lon="-73.68656">
        <ele>1211.78</ele>
        <time>2026-07-05T15:40:15Z</time>
      </trkpt>
      <trkpt lat="44.1547" lon="-73.68658">
        <ele>1211.28</ele>
        <time>2026-07-05T15:40:20Z</time>
      </trkpt>
      <trkpt lat="44.15469" lon="-73.6866">
        <ele>1210.96</ele>
        <time>2026-07-05T15:40:22Z</time>
      </trkpt>
      <trkpt lat="44.1547" lon="-73.68664">
        <ele>1211.28</ele>
        <time>2026-07-05T15:40:28Z</time>
      </trkpt>
      <trkpt lat="44.15469" lon="-73.68667">
        <ele>1210.97</ele>
        <time>2026-07-05T15:40:31Z</time>
      </trkpt>
      <trkpt lat="44.15468" lon="-73.68669">
        <ele>1210.75</ele>
        <time>2026-07-05T15:40:34Z</time>
      </trkpt>
      <trkpt lat="44.15467" lon="-73.6867">
        <ele>1210.51</ele>
        <time>2026-07-05T15:40:35Z</time>
      </trkpt>
      <trkpt lat="44.15468" lon="-73.68675">
        <ele>1211.04</ele>
        <time>2026-07-05T15:40:41Z</time>
      </trkpt>
      <trkpt lat="44.15469" lon="-73.68676">
        <ele>1211.31</ele>
        <time>2026-07-05T15:40:43Z</time>
      </trkpt>
      <trkpt lat="44.15469" lon="-73.68679">
        <ele>1211.52</ele>
        <time>2026-07-05T15:40:51Z</time>
      </trkpt>
      <trkpt lat="44.15469" lon="-73.68679">
        <ele>1211.52</ele>
        <time>2026-07-05T15:41:00Z</time>
      </trkpt>
      <trkpt lat="44.15469" lon="-73.68681">
        <ele>1211.66</ele>
        <time>2026-07-05T15:41:10Z</time>
      </trkpt>
      <trkpt lat="44.15469" lon="-73.6868">
        <ele>1211.59</ele>
        <time>2026-07-05T15:41:13Z</time>
      </trkpt>
      <trkpt lat="44.1547" lon="-73.6868">
        <ele>1211.85</ele>
        <time>2026-07-05T15:43:22Z</time>
      </trkpt>
      <trkpt lat="44.15471" lon="-73.6868">
        <ele>1212.12</ele>
        <time>2026-07-05T15:43:23Z</time>
      </trkpt>
      <trkpt lat="44.15473" lon="-73.6868">
        <ele>1212.66</ele>
        <time>2026-07-05T15:43:25Z</time>
      </trkpt>
      <trkpt lat="44.15474" lon="-73.68681">
        <ele>1213.02</ele>
        <time>2026-07-05T15:43:26Z</time>
      </trkpt>
      <trkpt lat="44.15474" lon="-73.68687">
        <ele>1213.38</ele>
        <time>2026-07-05T15:43:32Z</time>
      </trkpt>
      <trkpt lat="44.15474" lon="-73.68688">
        <ele>1213.38</ele>
        <time>2026-07-05T15:43:33Z</time>
      </trkpt>
      <trkpt lat="44.15475" lon="-73.68688">
        <ele>1213.6</ele>
        <time>2026-07-05T15:43:34Z</time>
      </trkpt>
      <trkpt lat="44.15475" lon="-73.68688">
        <ele>1213.6</ele>
        <time>2026-07-05T15:43:35Z</time>
      </trkpt>
      <trkpt lat="44.15477" lon="-73.68689">
        <ele>1214.03</ele>
        <time>2026-07-05T15:43:39Z</time>
      </trkpt>
      <trkpt lat="44.15477" lon="-73.6869">
        <ele>1214.03</ele>
        <time>2026-07-05T15:43:40Z</time>
      </trkpt>
      <trkpt lat="44.15478" lon="-73.68692">
        <ele>1214.25</ele>
        <time>2026-07-05T15:43:45Z</time>
      </trkpt>
      <trkpt lat="44.15478" lon="-73.68694">
        <ele>1214.25</ele>
        <time>2026-07-05T15:43:47Z</time>
      </trkpt>
      <trkpt lat="44.15477" lon="-73.68702">
        <ele>1214.03</ele>
        <time>2026-07-05T15:43:55Z</time>
      </trkpt>
      <trkpt lat="44.15475" lon="-73.68708">
        <ele>1213.14</ele>
        <time>2026-07-05T15:44:01Z</time>
      </trkpt>
      <trkpt lat="44.15477" lon="-73.68717">
        <ele>1212.6</ele>
        <time>2026-07-05T15:44:08Z</time>
      </trkpt>
      <trkpt lat="44.15478" lon="-73.68719">
        <ele>1212.6</ele>
        <time>2026-07-05T15:44:13Z</time>
      </trkpt>
      <trkpt lat="44.15478" lon="-73.68719">
        <ele>1212.6</ele>
        <time>2026-07-05T15:44:14Z</time>
      </trkpt>
      <trkpt lat="44.15478" lon="-73.68721">
        <ele>1212.38</ele>
        <time>2026-07-05T15:44:18Z</time>
      </trkpt>
      <trkpt lat="44.15478" lon="-73.68722">
        <ele>1212.27</ele>
        <time>2026-07-05T15:44:19Z</time>
      </trkpt>
      <trkpt lat="44.15481" lon="-73.68724">
        <ele>1212.52</ele>
        <time>2026-07-05T15:44:25Z</time>
      </trkpt>
      <trkpt lat="44.15481" lon="-73.68723">
        <ele>1212.73</ele>
        <time>2026-07-05T15:44:26Z</time>
      </trkpt>
      <trkpt lat="44.15484" lon="-73.68723">
        <ele>1213.13</ele>
        <time>2026-07-05T15:44:32Z</time>
      </trkpt>
      <trkpt lat="44.15485" lon="-73.68723">
        <ele>1213.24</ele>
        <time>2026-07-05T15:44:34Z</time>
      </trkpt>
      <trkpt lat="44.15486" lon="-73.68722">
        <ele>1213.51</ele>
        <time>2026-07-05T15:44:39Z</time>
      </trkpt>
      <trkpt lat="44.15485" lon="-73.68722">
        <ele>1213.4</ele>
        <time>2026-07-05T15:44:49Z</time>
      </trkpt>
      <trkpt lat="44.15488" lon="-73.68728">
        <ele>1212.9</ele>
        <time>2026-07-05T15:44:56Z</time>
      </trkpt>
      <trkpt lat="44.15489" lon="-73.6873">
        <ele>1212.81</ele>
        <time>2026-07-05T15:44:57Z</time>
      </trkpt>
      <trkpt lat="44.15492" lon="-73.68737">
        <ele>1212.49</ele>
        <time>2026-07-05T15:45:03Z</time>
      </trkpt>
      <trkpt lat="44.15491" lon="-73.68744">
        <ele>1211.68</ele>
        <time>2026-07-05T15:45:09Z</time>
      </trkpt>
      <trkpt lat="44.1549" lon="-73.68745">
        <ele>1211.38</ele>
        <time>2026-07-05T15:45:11Z</time>
      </trkpt>
      <trkpt lat="44.15489" lon="-73.68746">
        <ele>1211.06</ele>
        <time>2026-07-05T15:45:12Z</time>
      </trkpt>
      <trkpt lat="44.15488" lon="-73.68747">
        <ele>1210.73</ele>
        <time>2026-07-05T15:45:15Z</time>
      </trkpt>
      <trkpt lat="44.15488" lon="-73.6875">
        <ele>1210.41</ele>
        <time>2026-07-05T15:45:18Z</time>
      </trkpt>
      <trkpt lat="44.15488" lon="-73.68751">
        <ele>1210.41</ele>
        <time>2026-07-05T15:45:19Z</time>
      </trkpt>
      <trkpt lat="44.15488" lon="-73.68759">
        <ele>1210.41</ele>
        <time>2026-07-05T15:45:26Z</time>
      </trkpt>
      <trkpt lat="44.15489" lon="-73.68761">
        <ele>1210.62</ele>
        <time>2026-07-05T15:45:28Z</time>
      </trkpt>
      <trkpt lat="44.15494" lon="-73.68769">
        <ele>1211.39</ele>
        <time>2026-07-05T15:45:37Z</time>
      </trkpt>
      <trkpt lat="44.15493" lon="-73.68771">
        <ele>1211.45</ele>
        <time>2026-07-05T15:45:40Z</time>
      </trkpt>
      <trkpt lat="44.15492" lon="-73.68774">
        <ele>1211.65</ele>
        <time>2026-07-05T15:45:44Z</time>
      </trkpt>
      <trkpt lat="44.15489" lon="-73.68781">
        <ele>1211.69</ele>
        <time>2026-07-05T15:45:52Z</time>
      </trkpt>
      <trkpt lat="44.15489" lon="-73.68791">
        <ele>1212.24</ele>
        <time>2026-07-05T15:46:01Z</time>
      </trkpt>
      <trkpt lat="44.15489" lon="-73.68794">
        <ele>1212.56</ele>
        <time>2026-07-05T15:46:03Z</time>
      </trkpt>
      <trkpt lat="44.15486" lon="-73.688">
        <ele>1212.89</ele>
        <time>2026-07-05T15:46:09Z</time>
      </trkpt>
      <trkpt lat="44.15484" lon="-73.68805">
        <ele>1213.21</ele>
        <time>2026-07-05T15:46:16Z</time>
      </trkpt>
      <trkpt lat="44.15484" lon="-73.68806">
        <ele>1213.31</ele>
        <time>2026-07-05T15:46:17Z</time>
      </trkpt>
      <trkpt lat="44.15484" lon="-73.68809">
        <ele>1213.54</ele>
        <time>2026-07-05T15:46:25Z</time>
      </trkpt>
      <trkpt lat="44.15479" lon="-73.68815">
        <ele>1213.48</ele>
        <time>2026-07-05T15:46:33Z</time>
      </trkpt>
      <trkpt lat="44.15478" lon="-73.68817">
        <ele>1213.48</ele>
        <time>2026-07-05T15:46:35Z</time>
      </trkpt>
      <trkpt lat="44.15477" lon="-73.68822">
        <ele>1213.81</ele>
        <time>2026-07-05T15:46:40Z</time>
      </trkpt>
      <trkpt lat="44.15477" lon="-73.68833">
        <ele>1214.5</ele>
        <time>2026-07-05T15:46:49Z</time>
      </trkpt>
      <trkpt lat="44.15478" lon="-73.6884">
        <ele>1214.62</ele>
        <time>2026-07-05T15:46:55Z</time>
      </trkpt>
      <trkpt lat="44.15478" lon="-73.68846">
        <ele>1214.76</ele>
        <time>2026-07-05T15:47:01Z</time>
      </trkpt>
      <trkpt lat="44.15477" lon="-73.68848">
        <ele>1214.8</ele>
        <time>2026-07-05T15:47:03Z</time>
      </trkpt>
      <trkpt lat="44.15478" lon="-73.68857">
        <ele>1215.0</ele>
        <time>2026-07-05T15:47:09Z</time>
      </trkpt>
      <trkpt lat="44.15477" lon="-73.68859">
        <ele>1215.0</ele>
        <time>2026-07-05T15:47:12Z</time>
      </trkpt>
      <trkpt lat="44.15477" lon="-73.68862">
        <ele>1215.0</ele>
        <time>2026-07-05T15:47:16Z</time>
      </trkpt>
      <trkpt lat="44.15476" lon="-73.68869">
        <ele>1215.0</ele>
        <time>2026-07-05T15:47:22Z</time>
      </trkpt>
      <trkpt lat="44.15476" lon="-73.68873">
        <ele>1215.0</ele>
        <time>2026-07-05T15:47:25Z</time>
      </trkpt>
      <trkpt lat="44.15474" lon="-73.68877">
        <ele>1215.0</ele>
        <time>2026-07-05T15:47:30Z</time>
      </trkpt>
      <trkpt lat="44.15474" lon="-73.68878">
        <ele>1215.0</ele>
        <time>2026-07-05T15:47:31Z</time>
      </trkpt>
      <trkpt lat="44.15472" lon="-73.68883">
        <ele>1214.94</ele>
        <time>2026-07-05T15:47:37Z</time>
      </trkpt>
      <trkpt lat="44.15467" lon="-73.6889">
        <ele>1213.87</ele>
        <time>2026-07-05T15:47:45Z</time>
      </trkpt>
      <trkpt lat="44.15464" lon="-73.68894">
        <ele>1213.22</ele>
        <time>2026-07-05T15:47:52Z</time>
      </trkpt>
      <trkpt lat="44.15464" lon="-73.68895">
        <ele>1213.22</ele>
        <time>2026-07-05T15:47:53Z</time>
      </trkpt>
      <trkpt lat="44.15464" lon="-73.68902">
        <ele>1213.22</ele>
        <time>2026-07-05T15:47:58Z</time>
      </trkpt>
      <trkpt lat="44.15465" lon="-73.68906">
        <ele>1213.44</ele>
        <time>2026-07-05T15:48:01Z</time>
      </trkpt>
      <trkpt lat="44.15465" lon="-73.68907">
        <ele>1213.44</ele>
        <time>2026-07-05T15:48:02Z</time>
      </trkpt>
      <trkpt lat="44.15465" lon="-73.68914">
        <ele>1213.28</ele>
        <time>2026-07-05T15:48:08Z</time>
      </trkpt>
      <trkpt lat="44.15464" lon="-73.68917">
        <ele>1213.08</ele>
        <time>2026-07-05T15:48:11Z</time>
      </trkpt>
      <trkpt lat="44.15464" lon="-73.68926">
        <ele>1212.11</ele>
        <time>2026-07-05T15:48:17Z</time>
      </trkpt>
      <trkpt lat="44.15465" lon="-73.68927">
        <ele>1212.19</ele>
        <time>2026-07-05T15:48:18Z</time>
      </trkpt>
      <trkpt lat="44.15465" lon="-73.68938">
        <ele>1211.46</ele>
        <time>2026-07-05T15:48:27Z</time>
      </trkpt>
      <trkpt lat="44.15467" lon="-73.68945">
        <ele>1210.35</ele>
        <time>2026-07-05T15:48:33Z</time>
      </trkpt>
      <trkpt lat="44.15467" lon="-73.68947">
        <ele>1210.04</ele>
        <time>2026-07-05T15:48:35Z</time>
      </trkpt>
      <trkpt lat="44.15467" lon="-73.68955">
        <ele>1208.78</ele>
        <time>2026-07-05T15:48:42Z</time>
      </trkpt>
      <trkpt lat="44.15467" lon="-73.6896">
        <ele>1207.94</ele>
        <time>2026-07-05T15:48:46Z</time>
      </trkpt>
      <trkpt lat="44.15468" lon="-73.68963">
        <ele>1207.54</ele>
        <time>2026-07-05T15:48:50Z</time>
      </trkpt>
      <trkpt lat="44.15468" lon="-73.68964">
        <ele>1207.49</ele>
        <time>2026-07-05T15:48:54Z</time>
      </trkpt>
      <trkpt lat="44.15468" lon="-73.68965">
        <ele>1207.44</ele>
        <time>2026-07-05T15:48:56Z</time>
      </trkpt>
      <trkpt lat="44.15468" lon="-73.68966">
        <ele>1207.39</ele>
        <time>2026-07-05T15:48:58Z</time>
      </trkpt>
      <trkpt lat="44.15466" lon="-73.68971">
        <ele>1206.74</ele>
        <time>2026-07-05T15:49:05Z</time>
      </trkpt>
      <trkpt lat="44.15463" lon="-73.68973">
        <ele>1205.92</ele>
        <time>2026-07-05T15:49:10Z</time>
      </trkpt>
      <trkpt lat="44.15461" lon="-73.68974">
        <ele>1205.21</ele>
        <time>2026-07-05T15:49:13Z</time>
      </trkpt>
      <trkpt lat="44.15459" lon="-73.68979">
        <ele>1204.3</ele>
        <time>2026-07-05T15:49:17Z</time>
      </trkpt>
      <trkpt lat="44.15457" lon="-73.68981">
        <ele>1203.73</ele>
        <time>2026-07-05T15:49:20Z</time>
      </trkpt>
      <trkpt lat="44.15456" lon="-73.68983">
        <ele>1203.5</ele>
        <time>2026-07-05T15:49:22Z</time>
      </trkpt>
      <trkpt lat="44.15454" lon="-73.68986">
        <ele>1203.06</ele>
        <time>2026-07-05T15:49:27Z</time>
      </trkpt>
      <trkpt lat="44.15453" lon="-73.68996">
        <ele>1202.74</ele>
        <time>2026-07-05T15:49:35Z</time>
      </trkpt>
      <trkpt lat="44.15452" lon="-73.69005">
        <ele>1202.99</ele>
        <time>2026-07-05T15:49:43Z</time>
      </trkpt>
      <trkpt lat="44.15455" lon="-73.69013">
        <ele>1204.28</ele>
        <time>2026-07-05T15:49:50Z</time>
      </trkpt>
      <trkpt lat="44.15457" lon="-73.69027">
        <ele>1204.71</ele>
        <time>2026-07-05T15:50:00Z</time>
      </trkpt>
      <trkpt lat="44.15459" lon="-73.69034">
        <ele>1205.43</ele>
        <time>2026-07-05T15:50:07Z</time>
      </trkpt>
      <trkpt lat="44.15459" lon="-73.69042">
        <ele>1205.57</ele>
        <time>2026-07-05T15:50:15Z</time>
      </trkpt>
      <trkpt lat="44.1546" lon="-73.69052">
        <ele>1206.3</ele>
        <time>2026-07-05T15:50:25Z</time>
      </trkpt>
      <trkpt lat="44.15459" lon="-73.69061">
        <ele>1206.57</ele>
        <time>2026-07-05T15:50:35Z</time>
      </trkpt>
      <trkpt lat="44.15458" lon="-73.69068">
        <ele>1206.46</ele>
        <time>2026-07-05T15:50:40Z</time>
      </trkpt>
      <trkpt lat="44.15457" lon="-73.6907">
        <ele>1206.36</ele>
        <time>2026-07-05T15:50:43Z</time>
      </trkpt>
      <trkpt lat="44.15457" lon="-73.69074">
        <ele>1206.36</ele>
        <time>2026-07-05T15:50:50Z</time>
      </trkpt>
      <trkpt lat="44.15458" lon="-73.69076">
        <ele>1206.46</ele>
        <time>2026-07-05T15:50:53Z</time>
      </trkpt>
      <trkpt lat="44.15457" lon="-73.69086">
        <ele>1206.54</ele>
        <time>2026-07-05T15:51:02Z</time>
      </trkpt>
      <trkpt lat="44.15457" lon="-73.6909">
        <ele>1206.82</ele>
        <time>2026-07-05T15:51:05Z</time>
      </trkpt>
      <trkpt lat="44.15458" lon="-73.69098">
        <ele>1207.0</ele>
        <time>2026-07-05T15:51:11Z</time>
      </trkpt>
      <trkpt lat="44.15459" lon="-73.69102">
        <ele>1207.01</ele>
        <time>2026-07-05T15:51:15Z</time>
      </trkpt>
      <trkpt lat="44.1546" lon="-73.69105">
        <ele>1207.23</ele>
        <time>2026-07-05T15:51:18Z</time>
      </trkpt>
      <trkpt lat="44.15462" lon="-73.69114">
        <ele>1207.93</ele>
        <time>2026-07-05T15:51:26Z</time>
      </trkpt>
      <trkpt lat="44.15462" lon="-73.6912">
        <ele>1208.0</ele>
        <time>2026-07-05T15:51:33Z</time>
      </trkpt>
      <trkpt lat="44.15462" lon="-73.69122">
        <ele>1208.33</ele>
        <time>2026-07-05T15:51:35Z</time>
      </trkpt>
      <trkpt lat="44.1546" lon="-73.69128">
        <ele>1209.38</ele>
        <time>2026-07-05T15:51:41Z</time>
      </trkpt>
      <trkpt lat="44.15461" lon="-73.69133">
        <ele>1210.15</ele>
        <time>2026-07-05T15:51:46Z</time>
      </trkpt>
      <trkpt lat="44.15459" lon="-73.69134">
        <ele>1210.04</ele>
        <time>2026-07-05T15:51:49Z</time>
      </trkpt>
      <trkpt lat="44.15458" lon="-73.69134">
        <ele>1209.94</ele>
        <time>2026-07-05T15:51:51Z</time>
      </trkpt>
      <trkpt lat="44.15454" lon="-73.69135">
        <ele>1209.61</ele>
        <time>2026-07-05T15:51:56Z</time>
      </trkpt>
      <trkpt lat="44.15453" lon="-73.69136">
        <ele>1209.54</ele>
        <time>2026-07-05T15:51:58Z</time>
      </trkpt>
      <trkpt lat="44.1545" lon="-73.69137">
        <ele>1209.0</ele>
        <time>2026-07-05T15:52:01Z</time>
      </trkpt>
      <trkpt lat="44.15448" lon="-73.69138">
        <ele>1208.67</ele>
        <time>2026-07-05T15:52:04Z</time>
      </trkpt>
      <trkpt lat="44.15444" lon="-73.69142">
        <ele>1208.19</ele>
        <time>2026-07-05T15:52:09Z</time>
      </trkpt>
      <trkpt lat="44.1544" lon="-73.69148">
        <ele>1207.54</ele>
        <time>2026-07-05T15:52:16Z</time>
      </trkpt>
      <trkpt lat="44.15439" lon="-73.69153">
        <ele>1207.76</ele>
        <time>2026-07-05T15:52:21Z</time>
      </trkpt>
      <trkpt lat="44.1544" lon="-73.69154">
        <ele>1208.19</ele>
        <time>2026-07-05T15:52:22Z</time>
      </trkpt>
      <trkpt lat="44.1544" lon="-73.69156">
        <ele>1208.41</ele>
        <time>2026-07-05T15:52:24Z</time>
      </trkpt>
      <trkpt lat="44.15441" lon="-73.69159">
        <ele>1209.06</ele>
        <time>2026-07-05T15:52:28Z</time>
      </trkpt>
      <trkpt lat="44.15441" lon="-73.69163">
        <ele>1209.49</ele>
        <time>2026-07-05T15:52:32Z</time>
      </trkpt>
      <trkpt lat="44.15443" lon="-73.69167">
        <ele>1210.6</ele>
        <time>2026-07-05T15:52:36Z</time>
      </trkpt>
      <trkpt lat="44.15444" lon="-73.69168">
        <ele>1211.14</ele>
        <time>2026-07-05T15:52:38Z</time>
      </trkpt>
      <trkpt lat="44.15446" lon="-73.69168">
        <ele>1211.77</ele>
        <time>2026-07-05T15:52:41Z</time>
      </trkpt>
      <trkpt lat="44.15448" lon="-73.6917">
        <ele>1212.73</ele>
        <time>2026-07-05T15:52:45Z</time>
      </trkpt>
      <trkpt lat="44.15449" lon="-73.69171">
        <ele>1213.18</ele>
        <time>2026-07-05T15:52:48Z</time>
      </trkpt>
      <trkpt lat="44.15451" lon="-73.69175">
        <ele>1214.29</ele>
        <time>2026-07-05T15:52:55Z</time>
      </trkpt>
      <trkpt lat="44.15452" lon="-73.6918">
        <ele>1215.43</ele>
        <time>2026-07-05T15:53:01Z</time>
      </trkpt>
      <trkpt lat="44.15454" lon="-73.69181">
        <ele>1216.16</ele>
        <time>2026-07-05T15:53:03Z</time>
      </trkpt>
      <trkpt lat="44.15456" lon="-73.69186">
        <ele>1217.67</ele>
        <time>2026-07-05T15:53:11Z</time>
      </trkpt>
      <trkpt lat="44.15456" lon="-73.69185">
        <ele>1217.46</ele>
        <time>2026-07-05T15:53:13Z</time>
      </trkpt>
      <trkpt lat="44.15456" lon="-73.69185">
        <ele>1217.46</ele>
        <time>2026-07-05T15:53:20Z</time>
      </trkpt>
      <trkpt lat="44.15457" lon="-73.69188">
        <ele>1218.32</ele>
        <time>2026-07-05T15:53:28Z</time>
      </trkpt>
      <trkpt lat="44.15457" lon="-73.69188">
        <ele>1218.32</ele>
        <time>2026-07-05T15:53:31Z</time>
      </trkpt>
      <trkpt lat="44.15457" lon="-73.69188">
        <ele>1218.32</ele>
        <time>2026-07-05T15:53:33Z</time>
      </trkpt>
      <trkpt lat="44.15456" lon="-73.6919">
        <ele>1218.54</ele>
        <time>2026-07-05T15:53:39Z</time>
      </trkpt>
      <trkpt lat="44.15454" lon="-73.69197">
        <ele>1219.34</ele>
        <time>2026-07-05T15:53:47Z</time>
      </trkpt>
      <trkpt lat="44.15454" lon="-73.69202">
        <ele>1219.88</ele>
        <time>2026-07-05T15:53:52Z</time>
      </trkpt>
      <trkpt lat="44.15455" lon="-73.69204">
        <ele>1220.31</ele>
        <time>2026-07-05T15:53:54Z</time>
      </trkpt>
      <trkpt lat="44.15456" lon="-73.69204">
        <ele>1220.53</ele>
        <time>2026-07-05T15:53:56Z</time>
      </trkpt>
      <trkpt lat="44.15456" lon="-73.69206">
        <ele>1220.74</ele>
        <time>2026-07-05T15:54:00Z</time>
      </trkpt>
      <trkpt lat="44.15455" lon="-73.69209">
        <ele>1220.85</ele>
        <time>2026-07-05T15:54:03Z</time>
      </trkpt>
      <trkpt lat="44.15455" lon="-73.69211">
        <ele>1221.07</ele>
        <time>2026-07-05T15:54:06Z</time>
      </trkpt>
      <trkpt lat="44.15455" lon="-73.69211">
        <ele>1221.07</ele>
        <time>2026-07-05T15:54:10Z</time>
      </trkpt>
      <trkpt lat="44.15455" lon="-73.69211">
        <ele>1221.07</ele>
        <time>2026-07-05T15:54:40Z</time>
      </trkpt>
      <trkpt lat="44.15455" lon="-73.69211">
        <ele>1221.07</ele>
        <time>2026-07-05T15:54:42Z</time>
      </trkpt>
      <trkpt lat="44.15455" lon="-73.69211">
        <ele>1221.07</ele>
        <time>2026-07-05T15:54:47Z</time>
      </trkpt>
      <trkpt lat="44.15455" lon="-73.69211">
        <ele>1221.07</ele>
        <time>2026-07-05T15:54:55Z</time>
      </trkpt>
      <trkpt lat="44.15454" lon="-73.69219">
        <ele>1221.72</ele>
        <time>2026-07-05T15:55:02Z</time>
      </trkpt>
      <trkpt lat="44.15452" lon="-73.69231">
        <ele>1222.58</ele>
        <time>2026-07-05T15:55:11Z</time>
      </trkpt>
      <trkpt lat="44.1545" lon="-73.69236">
        <ele>1222.69</ele>
        <time>2026-07-05T15:55:17Z</time>
      </trkpt>
      <trkpt lat="44.1545" lon="-73.69237">
        <ele>1222.8</ele>
        <time>2026-07-05T15:55:18Z</time>
      </trkpt>
      <trkpt lat="44.15449" lon="-73.69238">
        <ele>1222.69</ele>
        <time>2026-07-05T15:55:24Z</time>
      </trkpt>
      <trkpt lat="44.15449" lon="-73.69238">
        <ele>1222.69</ele>
        <time>2026-07-05T15:55:28Z</time>
      </trkpt>
      <trkpt lat="44.15449" lon="-73.69237">
        <ele>1222.58</ele>
        <time>2026-07-05T15:55:51Z</time>
      </trkpt>
      <trkpt lat="44.15449" lon="-73.69237">
        <ele>1222.58</ele>
        <time>2026-07-05T15:56:02Z</time>
      </trkpt>
      <trkpt lat="44.15451" lon="-73.69236">
        <ele>1222.9</ele>
        <time>2026-07-05T15:56:13Z</time>
      </trkpt>
      <trkpt lat="44.1545" lon="-73.69236">
        <ele>1222.69</ele>
        <time>2026-07-05T15:56:23Z</time>
      </trkpt>
      <trkpt lat="44.15451" lon="-73.69236">
        <ele>1222.9</ele>
        <time>2026-07-05T15:56:26Z</time>
      </trkpt>
      <trkpt lat="44.15451" lon="-73.69236">
        <ele>1222.9</ele>
        <time>2026-07-05T15:56:27Z</time>
      </trkpt>
      <trkpt lat="44.15451" lon="-73.69236">
        <ele>1222.9</ele>
        <time>2026-07-05T15:56:32Z</time>
      </trkpt>
      <trkpt lat="44.15451" lon="-73.69236">
        <ele>1222.9</ele>
        <time>2026-07-05T15:56:41Z</time>
      </trkpt>
      <trkpt lat="44.15451" lon="-73.69236">
        <ele>1222.9</ele>
        <time>2026-07-05T15:56:50Z</time>
      </trkpt>
      <trkpt lat="44.1545" lon="-73.69236">
        <ele>1222.69</ele>
        <time>2026-07-05T15:57:02Z</time>
      </trkpt>
      <trkpt lat="44.1545" lon="-73.69236">
        <ele>1222.69</ele>
        <time>2026-07-05T15:57:12Z</time>
      </trkpt>
      <trkpt lat="44.15449" lon="-73.69238">
        <ele>1222.69</ele>
        <time>2026-07-05T15:59:11Z</time>
      </trkpt>
      <trkpt lat="44.15449" lon="-73.69246">
        <ele>1223.55</ele>
        <time>2026-07-05T15:59:19Z</time>
      </trkpt>
      <trkpt lat="44.15448" lon="-73.69251">
        <ele>1223.83</ele>
        <time>2026-07-05T15:59:23Z</time>
      </trkpt>
      <trkpt lat="44.15445" lon="-73.69257">
        <ele>1223.83</ele>
        <time>2026-07-05T15:59:28Z</time>
      </trkpt>
      <trkpt lat="44.15444" lon="-73.69258">
        <ele>1223.76</ele>
        <time>2026-07-05T15:59:29Z</time>
      </trkpt>
      <trkpt lat="44.15441" lon="-73.6926">
        <ele>1223.34</ele>
        <time>2026-07-05T15:59:34Z</time>
      </trkpt>
      <trkpt lat="44.15436" lon="-73.69267">
        <ele>1223.01</ele>
        <time>2026-07-05T15:59:41Z</time>
      </trkpt>
      <trkpt lat="44.1543" lon="-73.69271">
        <ele>1221.59</ele>
        <time>2026-07-05T15:59:48Z</time>
      </trkpt>
      <trkpt lat="44.1543" lon="-73.69273">
        <ele>1221.8</ele>
        <time>2026-07-05T15:59:49Z</time>
      </trkpt>
      <trkpt lat="44.1543" lon="-73.69279">
        <ele>1222.58</ele>
        <time>2026-07-05T15:59:54Z</time>
      </trkpt>
      <trkpt lat="44.1543" lon="-73.69282">
        <ele>1223.23</ele>
        <time>2026-07-05T15:59:56Z</time>
      </trkpt>
      <trkpt lat="44.15431" lon="-73.69293">
        <ele>1225.29</ele>
        <time>2026-07-05T16:00:04Z</time>
      </trkpt>
      <trkpt lat="44.15436" lon="-73.69301">
        <ele>1226.91</ele>
        <time>2026-07-05T16:00:12Z</time>
      </trkpt>
      <trkpt lat="44.15435" lon="-73.69303">
        <ele>1226.95</ele>
        <time>2026-07-05T16:00:14Z</time>
      </trkpt>
      <trkpt lat="44.15435" lon="-73.69307">
        <ele>1226.81</ele>
        <time>2026-07-05T16:00:18Z</time>
      </trkpt>
      <trkpt lat="44.15435" lon="-73.69309">
        <ele>1226.6</ele>
        <time>2026-07-05T16:00:20Z</time>
      </trkpt>
      <trkpt lat="44.15435" lon="-73.69314">
        <ele>1226.07</ele>
        <time>2026-07-05T16:00:25Z</time>
      </trkpt>
      <trkpt lat="44.15434" lon="-73.69319">
        <ele>1225.93</ele>
        <time>2026-07-05T16:00:30Z</time>
      </trkpt>
      <trkpt lat="44.15434" lon="-73.6932">
        <ele>1225.94</ele>
        <time>2026-07-05T16:00:31Z</time>
      </trkpt>
      <trkpt lat="44.15433" lon="-73.69323">
        <ele>1225.97</ele>
        <time>2026-07-05T16:00:35Z</time>
      </trkpt>
      <trkpt lat="44.15434" lon="-73.69326">
        <ele>1226.0</ele>
        <time>2026-07-05T16:00:38Z</time>
      </trkpt>
      <trkpt lat="44.15435" lon="-73.69331">
        <ele>1226.0</ele>
        <time>2026-07-05T16:00:44Z</time>
      </trkpt>
      <trkpt lat="44.15434" lon="-73.69338">
        <ele>1226.0</ele>
        <time>2026-07-05T16:00:50Z</time>
      </trkpt>
      <trkpt lat="44.15434" lon="-73.69342">
        <ele>1226.0</ele>
        <time>2026-07-05T16:00:54Z</time>
      </trkpt>
      <trkpt lat="44.15435" lon="-73.69344">
        <ele>1226.0</ele>
        <time>2026-07-05T16:00:57Z</time>
      </trkpt>
      <trkpt lat="44.15434" lon="-73.69345">
        <ele>1225.97</ele>
        <time>2026-07-05T16:01:05Z</time>
      </trkpt>
      <trkpt lat="44.15434" lon="-73.69348">
        <ele>1225.93</ele>
        <time>2026-07-05T16:01:18Z</time>
      </trkpt>
      <trkpt lat="44.15434" lon="-73.69352">
        <ele>1225.86</ele>
        <time>2026-07-05T16:01:22Z</time>
      </trkpt>
      <trkpt lat="44.15435" lon="-73.69356">
        <ele>1225.54</ele>
        <time>2026-07-05T16:01:26Z</time>
      </trkpt>
      <trkpt lat="44.15436" lon="-73.69361">
        <ele>1225.01</ele>
        <time>2026-07-05T16:01:32Z</time>
      </trkpt>
      <trkpt lat="44.15435" lon="-73.69364">
        <ele>1225.0</ele>
        <time>2026-07-05T16:01:35Z</time>
      </trkpt>
      <trkpt lat="44.15437" lon="-73.69367">
        <ele>1225.0</ele>
        <time>2026-07-05T16:01:41Z</time>
      </trkpt>
      <trkpt lat="44.15438" lon="-73.69368">
        <ele>1225.0</ele>
        <time>2026-07-05T16:01:42Z</time>
      </trkpt>
      <trkpt lat="44.15436" lon="-73.6937">
        <ele>1225.0</ele>
        <time>2026-07-05T16:01:46Z</time>
      </trkpt>
      <trkpt lat="44.15432" lon="-73.69376">
        <ele>1224.79</ele>
        <time>2026-07-05T16:01:54Z</time>
      </trkpt>
      <trkpt lat="44.15432" lon="-73.6938">
        <ele>1224.64</ele>
        <time>2026-07-05T16:01:58Z</time>
      </trkpt>
      <trkpt lat="44.15432" lon="-73.69382">
        <ele>1224.57</ele>
        <time>2026-07-05T16:02:00Z</time>
      </trkpt>
      <trkpt lat="44.15432" lon="-73.69384">
        <ele>1224.49</ele>
        <time>2026-07-05T16:02:01Z</time>
      </trkpt>
      <trkpt lat="44.15432" lon="-73.69388">
        <ele>1224.35</ele>
        <time>2026-07-05T16:02:05Z</time>
      </trkpt>
      <trkpt lat="44.15432" lon="-73.69388">
        <ele>1224.35</ele>
        <time>2026-07-05T16:02:09Z</time>
      </trkpt>
      <trkpt lat="44.15432" lon="-73.69387">
        <ele>1224.38</ele>
        <time>2026-07-05T16:02:17Z</time>
      </trkpt>
      <trkpt lat="44.15432" lon="-73.69387">
        <ele>1224.38</ele>
        <time>2026-07-05T16:02:21Z</time>
      </trkpt>
      <trkpt lat="44.15432" lon="-73.69387">
        <ele>1224.38</ele>
        <time>2026-07-05T16:02:32Z</time>
      </trkpt>
      <trkpt lat="44.15433" lon="-73.69389">
        <ele>1224.53</ele>
        <time>2026-07-05T16:02:56Z</time>
      </trkpt>
      <trkpt lat="44.15435" lon="-73.69395">
        <ele>1224.95</ele>
        <time>2026-07-05T16:03:00Z</time>
      </trkpt>
      <trkpt lat="44.15434" lon="-73.694">
        <ele>1224.24</ele>
        <time>2026-07-05T16:03:05Z</time>
      </trkpt>
      <trkpt lat="44.15435" lon="-73.69405">
        <ele>1223.47</ele>
        <time>2026-07-05T16:03:11Z</time>
      </trkpt>
      <trkpt lat="44.15436" lon="-73.69409">
        <ele>1222.83</ele>
        <time>2026-07-05T16:03:14Z</time>
      </trkpt>
      <trkpt lat="44.15437" lon="-73.69416">
        <ele>1222.07</ele>
        <time>2026-07-05T16:03:21Z</time>
      </trkpt>
      <trkpt lat="44.15438" lon="-73.69422">
        <ele>1221.02</ele>
        <time>2026-07-05T16:03:25Z</time>
      </trkpt>
      <trkpt lat="44.15439" lon="-73.69426">
        <ele>1220.4</ele>
        <time>2026-07-05T16:03:28Z</time>
      </trkpt>
      <trkpt lat="44.1544" lon="-73.69427">
        <ele>1220.35</ele>
        <time>2026-07-05T16:03:29Z</time>
      </trkpt>
      <trkpt lat="44.15441" lon="-73.69429">
        <ele>1220.17</ele>
        <time>2026-07-05T16:03:34Z</time>
      </trkpt>
      <trkpt lat="44.15441" lon="-73.69429">
        <ele>1220.17</ele>
        <time>2026-07-05T16:03:36Z</time>
      </trkpt>
      <trkpt lat="44.15442" lon="-73.69432">
        <ele>1219.91</ele>
        <time>2026-07-05T16:03:49Z</time>
      </trkpt>
      <trkpt lat="44.15442" lon="-73.69434">
        <ele>1219.63</ele>
        <time>2026-07-05T16:03:53Z</time>
      </trkpt>
      <trkpt lat="44.15443" lon="-73.69438">
        <ele>1219.03</ele>
        <time>2026-07-05T16:03:56Z</time>
      </trkpt>
      <trkpt lat="44.15443" lon="-73.6944">
        <ele>1218.57</ele>
        <time>2026-07-05T16:03:58Z</time>
      </trkpt>
      <trkpt lat="44.15444" lon="-73.69447">
        <ele>1217.3</ele>
        <time>2026-07-05T16:04:05Z</time>
      </trkpt>
      <trkpt lat="44.15443" lon="-73.69451">
        <ele>1216.12</ele>
        <time>2026-07-05T16:04:10Z</time>
      </trkpt>
      <trkpt lat="44.15443" lon="-73.69456">
        <ele>1215.07</ele>
        <time>2026-07-05T16:04:14Z</time>
      </trkpt>
      <trkpt lat="44.15443" lon="-73.69457">
        <ele>1214.88</ele>
        <time>2026-07-05T16:04:15Z</time>
      </trkpt>
      <trkpt lat="44.15446" lon="-73.69464">
        <ele>1214.13</ele>
        <time>2026-07-05T16:04:21Z</time>
      </trkpt>
      <trkpt lat="44.15447" lon="-73.69466">
        <ele>1213.99</ele>
        <time>2026-07-05T16:04:23Z</time>
      </trkpt>
      <trkpt lat="44.15449" lon="-73.69473">
        <ele>1213.35</ele>
        <time>2026-07-05T16:04:30Z</time>
      </trkpt>
      <trkpt lat="44.1545" lon="-73.69475">
        <ele>1213.32</ele>
        <time>2026-07-05T16:04:31Z</time>
      </trkpt>
      <trkpt lat="44.15451" lon="-73.69478">
        <ele>1213.06</ele>
        <time>2026-07-05T16:04:35Z</time>
      </trkpt>
      <trkpt lat="44.15453" lon="-73.69482">
        <ele>1212.84</ele>
        <time>2026-07-05T16:04:39Z</time>
      </trkpt>
      <trkpt lat="44.15455" lon="-73.69487">
        <ele>1213.14</ele>
        <time>2026-07-05T16:04:44Z</time>
      </trkpt>
      <trkpt lat="44.15455" lon="-73.69489">
        <ele>1213.14</ele>
        <time>2026-07-05T16:04:45Z</time>
      </trkpt>
      <trkpt lat="44.15456" lon="-73.69491">
        <ele>1213.22</ele>
        <time>2026-07-05T16:04:47Z</time>
      </trkpt>
      <trkpt lat="44.15461" lon="-73.69495">
        <ele>1213.33</ele>
        <time>2026-07-05T16:04:54Z</time>
      </trkpt>
      <trkpt lat="44.15467" lon="-73.695">
        <ele>1212.56</ele>
        <time>2026-07-05T16:05:02Z</time>
      </trkpt>
      <trkpt lat="44.15467" lon="-73.695">
        <ele>1212.56</ele>
        <time>2026-07-05T16:05:03Z</time>
      </trkpt>
      <trkpt lat="44.1547" lon="-73.69501">
        <ele>1212.13</ele>
        <time>2026-07-05T16:05:07Z</time>
      </trkpt>
      <trkpt lat="44.15471" lon="-73.69501">
        <ele>1212.02</ele>
        <time>2026-07-05T16:05:10Z</time>
      </trkpt>
      <trkpt lat="44.15477" lon="-73.69501">
        <ele>1211.38</ele>
        <time>2026-07-05T16:05:17Z</time>
      </trkpt>
      <trkpt lat="44.15479" lon="-73.69502">
        <ele>1211.05</ele>
        <time>2026-07-05T16:05:20Z</time>
      </trkpt>
      <trkpt lat="44.1548" lon="-73.69504">
        <ele>1210.73</ele>
        <time>2026-07-05T16:05:24Z</time>
      </trkpt>
      <trkpt lat="44.15484" lon="-73.69504">
        <ele>1210.02</ele>
        <time>2026-07-05T16:05:30Z</time>
      </trkpt>
      <trkpt lat="44.15487" lon="-73.69507">
        <ele>1209.05</ele>
        <time>2026-07-05T16:05:38Z</time>
      </trkpt>
      <trkpt lat="44.15488" lon="-73.69508">
        <ele>1208.73</ele>
        <time>2026-07-05T16:05:40Z</time>
      </trkpt>
      <trkpt lat="44.1549" lon="-73.69511">
        <ele>1207.97</ele>
        <time>2026-07-05T16:05:45Z</time>
      </trkpt>
      <trkpt lat="44.15491" lon="-73.69514">
        <ele>1207.42</ele>
        <time>2026-07-05T16:05:51Z</time>
      </trkpt>
      <trkpt lat="44.15491" lon="-73.69515">
        <ele>1207.31</ele>
        <time>2026-07-05T16:05:52Z</time>
      </trkpt>
      <trkpt lat="44.15493" lon="-73.69515">
        <ele>1206.74</ele>
        <time>2026-07-05T16:05:59Z</time>
      </trkpt>
      <trkpt lat="44.15494" lon="-73.69516">
        <ele>1206.31</ele>
        <time>2026-07-05T16:06:00Z</time>
      </trkpt>
      <trkpt lat="44.15497" lon="-73.69519">
        <ele>1204.87</ele>
        <time>2026-07-05T16:06:07Z</time>
      </trkpt>
      <trkpt lat="44.15498" lon="-73.6952">
        <ele>1204.33</ele>
        <time>2026-07-05T16:06:09Z</time>
      </trkpt>
      <trkpt lat="44.15501" lon="-73.69521">
        <ele>1203.25</ele>
        <time>2026-07-05T16:06:15Z</time>
      </trkpt>
      <trkpt lat="44.15504" lon="-73.69521">
        <ele>1202.6</ele>
        <time>2026-07-05T16:06:20Z</time>
      </trkpt>
      <trkpt lat="44.15505" lon="-73.69522">
        <ele>1202.17</ele>
        <time>2026-07-05T16:06:23Z</time>
      </trkpt>
      <trkpt lat="44.15509" lon="-73.69524">
        <ele>1200.87</ele>
        <time>2026-07-05T16:06:29Z</time>
      </trkpt>
      <trkpt lat="44.15511" lon="-73.69525">
        <ele>1200.36</ele>
        <time>2026-07-05T16:06:33Z</time>
      </trkpt>
      <trkpt lat="44.15512" lon="-73.69527">
        <ele>1199.85</ele>
        <time>2026-07-05T16:06:37Z</time>
      </trkpt>
      <trkpt lat="44.15513" lon="-73.69528">
        <ele>1199.58</ele>
        <time>2026-07-05T16:06:44Z</time>
      </trkpt>
      <trkpt lat="44.15513" lon="-73.69529">
        <ele>1199.52</ele>
        <time>2026-07-05T16:06:46Z</time>
      </trkpt>
      <trkpt lat="44.15513" lon="-73.69532">
        <ele>1199.32</ele>
        <time>2026-07-05T16:06:51Z</time>
      </trkpt>
      <trkpt lat="44.15513" lon="-73.69533">
        <ele>1199.26</ele>
        <time>2026-07-05T16:06:53Z</time>
      </trkpt>
      <trkpt lat="44.15515" lon="-73.69537">
        <ele>1199.0</ele>
        <time>2026-07-05T16:06:59Z</time>
      </trkpt>
      <trkpt lat="44.15518" lon="-73.6954">
        <ele>1198.7</ele>
        <time>2026-07-05T16:07:08Z</time>
      </trkpt>
      <trkpt lat="44.15519" lon="-73.6954">
        <ele>1198.64</ele>
        <time>2026-07-05T16:07:11Z</time>
      </trkpt>
      <trkpt lat="44.15519" lon="-73.69541">
        <ele>1198.54</ele>
        <time>2026-07-05T16:07:19Z</time>
      </trkpt>
      <trkpt lat="44.1552" lon="-73.69549">
        <ele>1198.0</ele>
        <time>2026-07-05T16:07:28Z</time>
      </trkpt>
      <trkpt lat="44.15522" lon="-73.69555">
        <ele>1198.0</ele>
        <time>2026-07-05T16:07:34Z</time>
      </trkpt>
      <trkpt lat="44.15522" lon="-73.69561">
        <ele>1198.0</ele>
        <time>2026-07-05T16:07:40Z</time>
      </trkpt>
      <trkpt lat="44.15522" lon="-73.69564">
        <ele>1198.0</ele>
        <time>2026-07-05T16:07:49Z</time>
      </trkpt>
      <trkpt lat="44.15526" lon="-73.69572">
        <ele>1198.0</ele>
        <time>2026-07-05T16:07:57Z</time>
      </trkpt>
      <trkpt lat="44.15526" lon="-73.69575">
        <ele>1198.02</ele>
        <time>2026-07-05T16:08:03Z</time>
      </trkpt>
      <trkpt lat="44.15526" lon="-73.69576">
        <ele>1198.04</ele>
        <time>2026-07-05T16:08:04Z</time>
      </trkpt>
      <trkpt lat="44.15528" lon="-73.6958">
        <ele>1197.95</ele>
        <time>2026-07-05T16:08:09Z</time>
      </trkpt>
      <trkpt lat="44.15532" lon="-73.69583">
        <ele>1197.09</ele>
        <time>2026-07-05T16:08:15Z</time>
      </trkpt>
      <trkpt lat="44.15535" lon="-73.69582">
        <ele>1196.44</ele>
        <time>2026-07-05T16:08:20Z</time>
      </trkpt>
      <trkpt lat="44.15537" lon="-73.69582">
        <ele>1196.01</ele>
        <time>2026-07-05T16:08:22Z</time>
      </trkpt>
      <trkpt lat="44.15538" lon="-73.69583">
        <ele>1195.89</ele>
        <time>2026-07-05T16:08:24Z</time>
      </trkpt>
      <trkpt lat="44.15539" lon="-73.69584">
        <ele>1195.79</ele>
        <time>2026-07-05T16:08:27Z</time>
      </trkpt>
      <trkpt lat="44.1554" lon="-73.69585">
        <ele>1195.68</ele>
        <time>2026-07-05T16:08:29Z</time>
      </trkpt>
      <trkpt lat="44.15544" lon="-73.69591">
        <ele>1195.25</ele>
        <time>2026-07-05T16:08:36Z</time>
      </trkpt>
      <trkpt lat="44.15544" lon="-73.69592">
        <ele>1195.25</ele>
        <time>2026-07-05T16:08:38Z</time>
      </trkpt>
      <trkpt lat="44.15545" lon="-73.69597">
        <ele>1195.55</ele>
        <time>2026-07-05T16:08:43Z</time>
      </trkpt>
      <trkpt lat="44.15545" lon="-73.69601">
        <ele>1195.92</ele>
        <time>2026-07-05T16:08:47Z</time>
      </trkpt>
      <trkpt lat="44.15547" lon="-73.69608">
        <ele>1195.97</ele>
        <time>2026-07-05T16:08:53Z</time>
      </trkpt>
      <trkpt lat="44.15549" lon="-73.69612">
        <ele>1196.0</ele>
        <time>2026-07-05T16:08:56Z</time>
      </trkpt>
      <trkpt lat="44.1555" lon="-73.69617">
        <ele>1196.0</ele>
        <time>2026-07-05T16:09:04Z</time>
      </trkpt>
      <trkpt lat="44.1555" lon="-73.69617">
        <ele>1196.0</ele>
        <time>2026-07-05T16:09:08Z</time>
      </trkpt>
      <trkpt lat="44.15552" lon="-73.69618">
        <ele>1196.0</ele>
        <time>2026-07-05T16:09:13Z</time>
      </trkpt>
      <trkpt lat="44.15552" lon="-73.69618">
        <ele>1196.0</ele>
        <time>2026-07-05T16:09:14Z</time>
      </trkpt>
      <trkpt lat="44.15554" lon="-73.69618">
        <ele>1196.0</ele>
        <time>2026-07-05T16:09:16Z</time>
      </trkpt>
      <trkpt lat="44.1556" lon="-73.69621">
        <ele>1196.0</ele>
        <time>2026-07-05T16:09:23Z</time>
      </trkpt>
      <trkpt lat="44.15561" lon="-73.69621">
        <ele>1196.0</ele>
        <time>2026-07-05T16:09:25Z</time>
      </trkpt>
      <trkpt lat="44.15564" lon="-73.69621">
        <ele>1196.0</ele>
        <time>2026-07-05T16:09:32Z</time>
      </trkpt>
      <trkpt lat="44.15568" lon="-73.69626">
        <ele>1195.66</ele>
        <time>2026-07-05T16:09:42Z</time>
      </trkpt>
      <trkpt lat="44.15571" lon="-73.6963">
        <ele>1195.36</ele>
        <time>2026-07-05T16:09:52Z</time>
      </trkpt>
      <trkpt lat="44.15574" lon="-73.69637">
        <ele>1195.8</ele>
        <time>2026-07-05T16:10:00Z</time>
      </trkpt>
      <trkpt lat="44.15574" lon="-73.69637">
        <ele>1195.8</ele>
        <time>2026-07-05T16:10:03Z</time>
      </trkpt>
      <trkpt lat="44.15574" lon="-73.69637">
        <ele>1195.8</ele>
        <time>2026-07-05T16:10:11Z</time>
      </trkpt>
      <trkpt lat="44.15573" lon="-73.69639">
        <ele>1196.0</ele>
        <time>2026-07-05T16:10:19Z</time>
      </trkpt>
      <trkpt lat="44.15573" lon="-73.69639">
        <ele>1196.0</ele>
        <time>2026-07-05T16:10:23Z</time>
      </trkpt>
      <trkpt lat="44.15574" lon="-73.69637">
        <ele>1195.8</ele>
        <time>2026-07-05T16:10:25Z</time>
      </trkpt>
      <trkpt lat="44.15574" lon="-73.69635">
        <ele>1195.58</ele>
        <time>2026-07-05T16:10:32Z</time>
      </trkpt>
      <trkpt lat="44.15574" lon="-73.69634">
        <ele>1195.48</ele>
        <time>2026-07-05T16:10:43Z</time>
      </trkpt>
      <trkpt lat="44.15573" lon="-73.69636">
        <ele>1195.72</ele>
        <time>2026-07-05T16:10:52Z</time>
      </trkpt>
      <trkpt lat="44.15573" lon="-73.69635">
        <ele>1195.63</ele>
        <time>2026-07-05T16:11:01Z</time>
      </trkpt>
      <trkpt lat="44.15573" lon="-73.69635">
        <ele>1195.63</ele>
        <time>2026-07-05T16:11:10Z</time>
      </trkpt>
      <trkpt lat="44.15574" lon="-73.69635">
        <ele>1195.58</ele>
        <time>2026-07-05T16:11:21Z</time>
      </trkpt>
      <trkpt lat="44.15573" lon="-73.69635">
        <ele>1195.63</ele>
        <time>2026-07-05T16:11:24Z</time>
      </trkpt>
      <trkpt lat="44.15573" lon="-73.69634">
        <ele>1195.53</ele>
        <time>2026-07-05T16:11:28Z</time>
      </trkpt>
      <trkpt lat="44.15573" lon="-73.69631">
        <ele>1195.25</ele>
        <time>2026-07-05T16:11:34Z</time>
      </trkpt>
      <trkpt lat="44.1557" lon="-73.69625">
        <ele>1195.44</ele>
        <time>2026-07-05T16:11:42Z</time>
      </trkpt>
      <trkpt lat="44.15569" lon="-73.69625">
        <ele>1195.55</ele>
        <time>2026-07-05T16:11:43Z</time>
      </trkpt>
      <trkpt lat="44.15567" lon="-73.69621">
        <ele>1195.76</ele>
        <time>2026-07-05T16:11:46Z</time>
      </trkpt>
      <trkpt lat="44.15565" lon="-73.69619">
        <ele>1195.98</ele>
        <time>2026-07-05T16:11:50Z</time>
      </trkpt>
      <trkpt lat="44.15564" lon="-73.69619">
        <ele>1196.0</ele>
        <time>2026-07-05T16:11:51Z</time>
      </trkpt>
      <trkpt lat="44.15563" lon="-73.69619">
        <ele>1196.0</ele>
        <time>2026-07-05T16:11:52Z</time>
      </trkpt>
      <trkpt lat="44.15561" lon="-73.69618">
        <ele>1196.0</ele>
        <time>2026-07-05T16:11:54Z</time>
      </trkpt>
      <trkpt lat="44.1556" lon="-73.69617">
        <ele>1196.0</ele>
        <time>2026-07-05T16:11:56Z</time>
      </trkpt>
      <trkpt lat="44.15559" lon="-73.69616">
        <ele>1196.0</ele>
        <time>2026-07-05T16:11:58Z</time>
      </trkpt>
      <trkpt lat="44.15553" lon="-73.69615">
        <ele>1196.0</ele>
        <time>2026-07-05T16:12:06Z</time>
      </trkpt>
      <trkpt lat="44.15551" lon="-73.69616">
        <ele>1196.0</ele>
        <time>2026-07-05T16:12:14Z</time>
      </trkpt>
      <trkpt lat="44.15547" lon="-73.69621">
        <ele>1196.0</ele>
        <time>2026-07-05T16:12:21Z</time>
      </trkpt>
      <trkpt lat="44.15547" lon="-73.69622">
        <ele>1196.0</ele>
        <time>2026-07-05T16:12:22Z</time>
      </trkpt>
      <trkpt lat="44.15542" lon="-73.69628">
        <ele>1196.46</ele>
        <time>2026-07-05T16:12:31Z</time>
      </trkpt>
      <trkpt lat="44.15539" lon="-73.69628">
        <ele>1196.79</ele>
        <time>2026-07-05T16:12:36Z</time>
      </trkpt>
      <trkpt lat="44.15538" lon="-73.69628">
        <ele>1196.9</ele>
        <time>2026-07-05T16:12:38Z</time>
      </trkpt>
      <trkpt lat="44.15537" lon="-73.69627">
        <ele>1197.0</ele>
        <time>2026-07-05T16:12:47Z</time>
      </trkpt>
      <trkpt lat="44.15537" lon="-73.69627">
        <ele>1197.0</ele>
        <time>2026-07-05T16:12:53Z</time>
      </trkpt>
      <trkpt lat="44.15536" lon="-73.69627">
        <ele>1197.08</ele>
        <time>2026-07-05T16:12:55Z</time>
      </trkpt>
      <trkpt lat="44.15536" lon="-73.69627">
        <ele>1197.08</ele>
        <time>2026-07-05T16:12:56Z</time>
      </trkpt>
      <trkpt lat="44.15537" lon="-73.69628">
        <ele>1197.0</ele>
        <time>2026-07-05T16:13:03Z</time>
      </trkpt>
      <trkpt lat="44.15539" lon="-73.69629">
        <ele>1196.79</ele>
        <time>2026-07-05T16:13:11Z</time>
      </trkpt>
      <trkpt lat="44.15539" lon="-73.69629">
        <ele>1196.79</ele>
        <time>2026-07-05T16:13:12Z</time>
      </trkpt>
      <trkpt lat="44.1554" lon="-73.69629">
        <ele>1196.68</ele>
        <time>2026-07-05T16:13:18Z</time>
      </trkpt>
      <trkpt lat="44.1554" lon="-73.69629">
        <ele>1196.68</ele>
        <time>2026-07-05T16:13:22Z</time>
      </trkpt>
      <trkpt lat="44.1554" lon="-73.69628">
        <ele>1196.68</ele>
        <time>2026-07-05T16:13:31Z</time>
      </trkpt>
      <trkpt lat="44.15539" lon="-73.69627">
        <ele>1196.79</ele>
        <time>2026-07-05T16:13:35Z</time>
      </trkpt>
      <trkpt lat="44.15538" lon="-73.69627">
        <ele>1196.9</ele>
        <time>2026-07-05T16:13:41Z</time>
      </trkpt>
      <trkpt lat="44.15538" lon="-73.69629">
        <ele>1196.9</ele>
        <time>2026-07-05T16:13:49Z</time>
      </trkpt>
      <trkpt lat="44.15538" lon="-73.69629">
        <ele>1196.9</ele>
        <time>2026-07-05T16:13:51Z</time>
      </trkpt>
      <trkpt lat="44.15538" lon="-73.69629">
        <ele>1196.9</ele>
        <time>2026-07-05T16:13:54Z</time>
      </trkpt>
      <trkpt lat="44.15538" lon="-73.69629">
        <ele>1196.9</ele>
        <time>2026-07-05T16:13:57Z</time>
      </trkpt>
      <trkpt lat="44.15538" lon="-73.69629">
        <ele>1196.9</ele>
        <time>2026-07-05T16:13:59Z</time>
      </trkpt>
      <trkpt lat="44.15538" lon="-73.69628">
        <ele>1196.9</ele>
        <time>2026-07-05T16:14:02Z</time>
      </trkpt>
      <trkpt lat="44.15539" lon="-73.69627">
        <ele>1196.79</ele>
        <time>2026-07-05T16:14:05Z</time>
      </trkpt>
      <trkpt lat="44.15538" lon="-73.69628">
        <ele>1196.9</ele>
        <time>2026-07-05T16:14:13Z</time>
      </trkpt>
      <trkpt lat="44.15539" lon="-73.69626">
        <ele>1196.79</ele>
        <time>2026-07-05T16:14:21Z</time>
      </trkpt>
      <trkpt lat="44.15537" lon="-73.69625">
        <ele>1197.0</ele>
        <time>2026-07-05T16:14:30Z</time>
      </trkpt>
      <trkpt lat="44.15539" lon="-73.69626">
        <ele>1196.79</ele>
        <time>2026-07-05T16:14:39Z</time>
      </trkpt>
      <trkpt lat="44.1554" lon="-73.69627">
        <ele>1196.68</ele>
        <time>2026-07-05T16:14:42Z</time>
      </trkpt>
      <trkpt lat="44.15542" lon="-73.69629">
        <ele>1196.46</ele>
        <time>2026-07-05T16:14:49Z</time>
      </trkpt>
      <trkpt lat="44.15548" lon="-73.69624">
        <ele>1196.0</ele>
        <time>2026-07-05T16:14:59Z</time>
      </trkpt>
      <trkpt lat="44.1555" lon="-73.69619">
        <ele>1196.0</ele>
        <time>2026-07-05T16:15:07Z</time>
      </trkpt>
      <trkpt lat="44.15551" lon="-73.69618">
        <ele>1196.0</ele>
        <time>2026-07-05T16:15:08Z</time>
      </trkpt>
      <trkpt lat="44.15551" lon="-73.69617">
        <ele>1196.0</ele>
        <time>2026-07-05T16:15:09Z</time>
      </trkpt>
      <trkpt lat="44.15552" lon="-73.69617">
        <ele>1196.0</ele>
        <time>2026-07-05T16:15:15Z</time>
      </trkpt>
      <trkpt lat="44.15552" lon="-73.69617">
        <ele>1196.0</ele>
        <time>2026-07-05T16:15:16Z</time>
      </trkpt>
      <trkpt lat="44.15553" lon="-73.69617">
        <ele>1196.0</ele>
        <time>2026-07-05T16:15:17Z</time>
      </trkpt>
      <trkpt lat="44.15554" lon="-73.69617">
        <ele>1196.0</ele>
        <time>2026-07-05T16:15:19Z</time>
      </trkpt>
      <trkpt lat="44.15557" lon="-73.69618">
        <ele>1196.0</ele>
        <time>2026-07-05T16:15:23Z</time>
      </trkpt>
      <trkpt lat="44.15559" lon="-73.69619">
        <ele>1196.0</ele>
        <time>2026-07-05T16:15:26Z</time>
      </trkpt>
      <trkpt lat="44.15565" lon="-73.69623">
        <ele>1195.98</ele>
        <time>2026-07-05T16:15:33Z</time>
      </trkpt>
      <trkpt lat="44.15569" lon="-73.69628">
        <ele>1195.55</ele>
        <time>2026-07-05T16:15:41Z</time>
      </trkpt>
      <trkpt lat="44.15573" lon="-73.69635">
        <ele>1195.63</ele>
        <time>2026-07-05T16:15:48Z</time>
      </trkpt>
      <trkpt lat="44.15574" lon="-73.69637">
        <ele>1195.8</ele>
        <time>2026-07-05T16:15:56Z</time>
      </trkpt>
      <trkpt lat="44.15574" lon="-73.69637">
        <ele>1195.8</ele>
        <time>2026-07-05T16:16:06Z</time>
      </trkpt>
      <trkpt lat="44.15574" lon="-73.69638">
        <ele>1195.9</ele>
        <time>2026-07-05T16:16:16Z</time>
      </trkpt>
      <trkpt lat="44.15573" lon="-73.69637">
        <ele>1195.82</ele>
        <time>2026-07-05T16:16:19Z</time>
      </trkpt>
      <trkpt lat="44.15574" lon="-73.69638">
        <ele>1195.9</ele>
        <time>2026-07-05T16:16:26Z</time>
      </trkpt>
      <trkpt lat="44.15574" lon="-73.69638">
        <ele>1195.9</ele>
        <time>2026-07-05T16:16:30Z</time>
      </trkpt>
      <trkpt lat="44.15575" lon="-73.69638">
        <ele>1195.81</ele>
        <time>2026-07-05T16:16:38Z</time>
      </trkpt>
      <trkpt lat="44.15575" lon="-73.69638">
        <ele>1195.81</ele>
        <time>2026-07-05T16:16:46Z</time>
      </trkpt>
      <trkpt lat="44.15576" lon="-73.69638">
        <ele>1195.72</ele>
        <time>2026-07-05T16:16:48Z</time>
      </trkpt>
      <trkpt lat="44.15577" lon="-73.69637">
        <ele>1195.54</ele>
        <time>2026-07-05T16:16:54Z</time>
      </trkpt>
      <trkpt lat="44.15576" lon="-73.69639">
        <ele>1195.79</ele>
        <time>2026-07-05T16:17:02Z</time>
      </trkpt>
      <trkpt lat="44.15575" lon="-73.69639">
        <ele>1195.9</ele>
        <time>2026-07-05T16:17:05Z</time>
      </trkpt>
      <trkpt lat="44.15574" lon="-73.69638">
        <ele>1195.9</ele>
        <time>2026-07-05T16:17:11Z</time>
      </trkpt>
      <trkpt lat="44.15575" lon="-73.69636">
        <ele>1195.62</ele>
        <time>2026-07-05T16:17:18Z</time>
      </trkpt>
      <trkpt lat="44.15575" lon="-73.69636">
        <ele>1195.62</ele>
        <time>2026-07-05T16:17:20Z</time>
      </trkpt>
      <trkpt lat="44.15576" lon="-73.69637">
        <ele>1195.63</ele>
        <time>2026-07-05T16:17:26Z</time>
      </trkpt>
      <trkpt lat="44.15576" lon="-73.69636">
        <ele>1195.54</ele>
        <time>2026-07-05T16:17:28Z</time>
      </trkpt>
      <trkpt lat="44.15576" lon="-73.69636">
        <ele>1195.54</ele>
        <time>2026-07-05T16:17:30Z</time>
      </trkpt>
      <trkpt lat="44.15575" lon="-73.69636">
        <ele>1195.62</ele>
        <time>2026-07-05T16:17:34Z</time>
      </trkpt>
      <trkpt lat="44.15575" lon="-73.69635">
        <ele>1195.52</ele>
        <time>2026-07-05T16:17:42Z</time>
      </trkpt>
      <trkpt lat="44.15576" lon="-73.69637">
        <ele>1195.63</ele>
        <time>2026-07-05T16:17:46Z</time>
      </trkpt>
      <trkpt lat="44.15576" lon="-73.69636">
        <ele>1195.54</ele>
        <time>2026-07-05T16:17:50Z</time>
      </trkpt>
      <trkpt lat="44.15575" lon="-73.69636">
        <ele>1195.62</ele>
        <time>2026-07-05T16:18:03Z</time>
      </trkpt>
      <trkpt lat="44.15575" lon="-73.69637">
        <ele>1195.72</ele>
        <time>2026-07-05T16:18:10Z</time>
      </trkpt>
      <trkpt lat="44.15575" lon="-73.69636">
        <ele>1195.62</ele>
        <time>2026-07-05T16:18:14Z</time>
      </trkpt>
      <trkpt lat="44.15575" lon="-73.69635">
        <ele>1195.52</ele>
        <time>2026-07-05T16:18:20Z</time>
      </trkpt>
      <trkpt lat="44.15574" lon="-73.69635">
        <ele>1195.58</ele>
        <time>2026-07-05T16:18:28Z</time>
      </trkpt>
      <trkpt lat="44.15574" lon="-73.69635">
        <ele>1195.58</ele>
        <time>2026-07-05T16:18:31Z</time>
      </trkpt>
      <trkpt lat="44.15575" lon="-73.69635">
        <ele>1195.52</ele>
        <time>2026-07-05T16:18:39Z</time>
      </trkpt>
      <trkpt lat="44.15573" lon="-73.69633">
        <ele>1195.44</ele>
        <time>2026-07-05T16:18:47Z</time>
      </trkpt>
      <trkpt lat="44.15573" lon="-73.69629">
        <ele>1195.12</ele>
        <time>2026-07-05T16:18:57Z</time>
      </trkpt>
      <trkpt lat="44.15574" lon="-73.69628">
        <ele>1195.01</ele>
        <time>2026-07-05T16:19:07Z</time>
      </trkpt>
      <trkpt lat="44.15575" lon="-73.69628">
        <ele>1195.0</ele>
        <time>2026-07-05T16:19:13Z</time>
      </trkpt>
      <trkpt lat="44.15575" lon="-73.69628">
        <ele>1195.0</ele>
        <time>2026-07-05T16:19:15Z</time>
      </trkpt>
      <trkpt lat="44.15575" lon="-73.69629">
        <ele>1195.0</ele>
        <time>2026-07-05T16:19:16Z</time>
      </trkpt>
      <trkpt lat="44.15575" lon="-73.69629">
        <ele>1195.0</ele>
        <time>2026-07-05T16:19:23Z</time>
      </trkpt>
      <trkpt lat="44.15576" lon="-73.69628">
        <ele>1195.0</ele>
        <time>2026-07-05T16:19:32Z</time>
      </trkpt>
      <trkpt lat="44.15576" lon="-73.69627">
        <ele>1195.0</ele>
        <time>2026-07-05T16:19:34Z</time>
      </trkpt>
      <trkpt lat="44.15577" lon="-73.69626">
        <ele>1195.0</ele>
        <time>2026-07-05T16:19:36Z</time>
      </trkpt>
      <trkpt lat="44.15577" lon="-73.69627">
        <ele>1195.0</ele>
        <time>2026-07-05T16:19:38Z</time>
      </trkpt>
      <trkpt lat="44.15577" lon="-73.69626">
        <ele>1195.0</ele>
        <time>2026-07-05T16:19:45Z</time>
      </trkpt>
      <trkpt lat="44.15577" lon="-73.69626">
        <ele>1195.0</ele>
        <time>2026-07-05T16:19:46Z</time>
      </trkpt>
      <trkpt lat="44.15577" lon="-73.69626">
        <ele>1195.0</ele>
        <time>2026-07-05T16:19:47Z</time>
      </trkpt>
      <trkpt lat="44.15579" lon="-73.69624">
        <ele>1195.0</ele>
        <time>2026-07-05T16:19:54Z</time>
      </trkpt>
      <trkpt lat="44.15579" lon="-73.69624">
        <ele>1195.0</ele>
        <time>2026-07-05T16:19:56Z</time>
      </trkpt>
      <trkpt lat="44.1558" lon="-73.69623">
        <ele>1195.0</ele>
        <time>2026-07-05T16:20:05Z</time>
      </trkpt>
      <trkpt lat="44.15583" lon="-73.6962">
        <ele>1195.0</ele>
        <time>2026-07-05T16:20:55Z</time>
      </trkpt>
      <trkpt lat="44.15584" lon="-73.6962">
        <ele>1194.93</ele>
        <time>2026-07-05T16:20:56Z</time>
      </trkpt>
      <trkpt lat="44.15585" lon="-73.69618">
        <ele>1194.82</ele>
        <time>2026-07-05T16:20:59Z</time>
      </trkpt>
      <trkpt lat="44.15586" lon="-73.69615">
        <ele>1194.71</ele>
        <time>2026-07-05T16:21:15Z</time>
      </trkpt>
      <trkpt lat="44.15587" lon="-73.6961">
        <ele>1194.53</ele>
        <time>2026-07-05T16:21:21Z</time>
      </trkpt>
      <trkpt lat="44.15588" lon="-73.69609">
        <ele>1194.38</ele>
        <time>2026-07-05T16:21:27Z</time>
      </trkpt>
      <trkpt lat="44.1559" lon="-73.69606">
        <ele>1194.13</ele>
        <time>2026-07-05T16:21:35Z</time>
      </trkpt>
      <trkpt lat="44.15591" lon="-73.69606">
        <ele>1194.08</ele>
        <time>2026-07-05T16:21:38Z</time>
      </trkpt>
      <trkpt lat="44.15592" lon="-73.69606">
        <ele>1194.03</ele>
        <time>2026-07-05T16:21:42Z</time>
      </trkpt>
      <trkpt lat="44.15596" lon="-73.69604">
        <ele>1193.63</ele>
        <time>2026-07-05T16:21:50Z</time>
      </trkpt>
      <trkpt lat="44.15596" lon="-73.69604">
        <ele>1193.63</ele>
        <time>2026-07-05T16:21:51Z</time>
      </trkpt>
      <trkpt lat="44.15596" lon="-73.69605">
        <ele>1193.63</ele>
        <time>2026-07-05T16:21:54Z</time>
      </trkpt>
      <trkpt lat="44.15597" lon="-73.69607">
        <ele>1193.52</ele>
        <time>2026-07-05T16:21:58Z</time>
      </trkpt>
      <trkpt lat="44.15598" lon="-73.69608">
        <ele>1193.42</ele>
        <time>2026-07-05T16:22:07Z</time>
      </trkpt>
      <trkpt lat="44.15598" lon="-73.69609">
        <ele>1193.42</ele>
        <time>2026-07-05T16:22:17Z</time>
      </trkpt>
      <trkpt lat="44.15601" lon="-73.69616">
        <ele>1193.09</ele>
        <time>2026-07-05T16:22:28Z</time>
      </trkpt>
      <trkpt lat="44.15603" lon="-73.69619">
        <ele>1192.98</ele>
        <time>2026-07-05T16:22:35Z</time>
      </trkpt>
      <trkpt lat="44.15601" lon="-73.69623">
        <ele>1193.35</ele>
        <time>2026-07-05T16:22:44Z</time>
      </trkpt>
      <trkpt lat="44.15603" lon="-73.69624">
        <ele>1193.34</ele>
        <time>2026-07-05T16:22:48Z</time>
      </trkpt>
      <trkpt lat="44.15606" lon="-73.69627">
        <ele>1193.4</ele>
        <time>2026-07-05T16:22:52Z</time>
      </trkpt>
      <trkpt lat="44.15608" lon="-73.69636">
        <ele>1193.34</ele>
        <time>2026-07-05T16:23:01Z</time>
      </trkpt>
      <trkpt lat="44.15608" lon="-73.69638">
        <ele>1193.34</ele>
        <time>2026-07-05T16:23:03Z</time>
      </trkpt>
      <trkpt lat="44.1561" lon="-73.69647">
        <ele>1193.12</ele>
        <time>2026-07-05T16:23:12Z</time>
      </trkpt>
      <trkpt lat="44.15606" lon="-73.6965">
        <ele>1193.55</ele>
        <time>2026-07-05T16:23:20Z</time>
      </trkpt>
      <trkpt lat="44.15606" lon="-73.69649">
        <ele>1193.55</ele>
        <time>2026-07-05T16:23:30Z</time>
      </trkpt>
      <trkpt lat="44.15605" lon="-73.69649">
        <ele>1193.66</ele>
        <time>2026-07-05T16:23:38Z</time>
      </trkpt>
      <trkpt lat="44.15606" lon="-73.69648">
        <ele>1193.55</ele>
        <time>2026-07-05T16:23:49Z</time>
      </trkpt>
      <trkpt lat="44.15606" lon="-73.6965">
        <ele>1193.55</ele>
        <time>2026-07-05T16:23:58Z</time>
      </trkpt>
      <trkpt lat="44.15607" lon="-73.69649">
        <ele>1193.44</ele>
        <time>2026-07-05T16:24:11Z</time>
      </trkpt>
      <trkpt lat="44.1561" lon="-73.69654">
        <ele>1193.12</ele>
        <time>2026-07-05T16:24:19Z</time>
      </trkpt>
      <trkpt lat="44.1561" lon="-73.69651">
        <ele>1193.12</ele>
        <time>2026-07-05T16:24:31Z</time>
      </trkpt>
      <trkpt lat="44.15612" lon="-73.69659">
        <ele>1193.08</ele>
        <time>2026-07-05T16:24:37Z</time>
      </trkpt>
      <trkpt lat="44.15612" lon="-73.6966">
        <ele>1193.18</ele>
        <time>2026-07-05T16:24:38Z</time>
      </trkpt>
      <trkpt lat="44.15612" lon="-73.69669">
        <ele>1193.9</ele>
        <time>2026-07-05T16:24:44Z</time>
      </trkpt>
      <trkpt lat="44.15613" lon="-73.69678">
        <ele>1193.8</ele>
        <time>2026-07-05T16:24:51Z</time>
      </trkpt>
      <trkpt lat="44.15613" lon="-73.69686">
        <ele>1193.88</ele>
        <time>2026-07-05T16:24:57Z</time>
      </trkpt>
      <trkpt lat="44.15613" lon="-73.69687">
        <ele>1193.99</ele>
        <time>2026-07-05T16:24:58Z</time>
      </trkpt>
      <trkpt lat="44.15613" lon="-73.6969">
        <ele>1194.32</ele>
        <time>2026-07-05T16:25:02Z</time>
      </trkpt>
      <trkpt lat="44.15614" lon="-73.6969">
        <ele>1194.21</ele>
        <time>2026-07-05T16:25:04Z</time>
      </trkpt>
      <trkpt lat="44.15614" lon="-73.6969">
        <ele>1194.21</ele>
        <time>2026-07-05T16:25:05Z</time>
      </trkpt>
      <trkpt lat="44.15613" lon="-73.69694">
        <ele>1194.75</ele>
        <time>2026-07-05T16:25:15Z</time>
      </trkpt>
      <trkpt lat="44.15613" lon="-73.69699">
        <ele>1194.8</ele>
        <time>2026-07-05T16:25:19Z</time>
      </trkpt>
      <trkpt lat="44.15611" lon="-73.69707">
        <ele>1195.36</ele>
        <time>2026-07-05T16:25:25Z</time>
      </trkpt>
      <trkpt lat="44.15615" lon="-73.69714">
        <ele>1195.74</ele>
        <time>2026-07-05T16:25:33Z</time>
      </trkpt>
      <trkpt lat="44.1562" lon="-73.69717">
        <ele>1195.89</ele>
        <time>2026-07-05T16:25:40Z</time>
      </trkpt>
      <trkpt lat="44.15621" lon="-73.69717">
        <ele>1195.84</ele>
        <time>2026-07-05T16:25:42Z</time>
      </trkpt>
      <trkpt lat="44.15629" lon="-73.69724">
        <ele>1196.25</ele>
        <time>2026-07-05T16:25:52Z</time>
      </trkpt>
      <trkpt lat="44.15631" lon="-73.6973">
        <ele>1197.11</ele>
        <time>2026-07-05T16:25:56Z</time>
      </trkpt>
      <trkpt lat="44.15635" lon="-73.69735">
        <ele>1198.54</ele>
        <time>2026-07-05T16:26:01Z</time>
      </trkpt>
      <trkpt lat="44.15635" lon="-73.69737">
        <ele>1198.76</ele>
        <time>2026-07-05T16:26:02Z</time>
      </trkpt>
      <trkpt lat="44.15636" lon="-73.6974">
        <ele>1199.3</ele>
        <time>2026-07-05T16:26:06Z</time>
      </trkpt>
      <trkpt lat="44.15637" lon="-73.69742">
        <ele>1199.62</ele>
        <time>2026-07-05T16:26:08Z</time>
      </trkpt>
      <trkpt lat="44.15637" lon="-73.69744">
        <ele>1199.66</ele>
        <time>2026-07-05T16:26:10Z</time>
      </trkpt>
      <trkpt lat="44.15638" lon="-73.69748">
        <ele>1199.88</ele>
        <time>2026-07-05T16:26:13Z</time>
      </trkpt>
      <trkpt lat="44.1564" lon="-73.69753">
        <ele>1200.44</ele>
        <time>2026-07-05T16:26:20Z</time>
      </trkpt>
      <trkpt lat="44.15641" lon="-73.69756">
        <ele>1200.88</ele>
        <time>2026-07-05T16:26:23Z</time>
      </trkpt>
      <trkpt lat="44.15642" lon="-73.69761">
        <ele>1201.52</ele>
        <time>2026-07-05T16:26:29Z</time>
      </trkpt>
      <trkpt lat="44.15646" lon="-73.69768">
        <ele>1202.71</ele>
        <time>2026-07-05T16:26:36Z</time>
      </trkpt>
      <trkpt lat="44.15646" lon="-73.69769">
        <ele>1202.83</ele>
        <time>2026-07-05T16:26:37Z</time>
      </trkpt>
      <trkpt lat="44.15648" lon="-73.69774">
        <ele>1203.59</ele>
        <time>2026-07-05T16:26:43Z</time>
      </trkpt>
      <trkpt lat="44.15648" lon="-73.69777">
        <ele>1203.91</ele>
        <time>2026-07-05T16:26:46Z</time>
      </trkpt>
      <trkpt lat="44.15648" lon="-73.69778">
        <ele>1204.02</ele>
        <time>2026-07-05T16:26:47Z</time>
      </trkpt>
      <trkpt lat="44.15649" lon="-73.69786">
        <ele>1204.8</ele>
        <time>2026-07-05T16:26:54Z</time>
      </trkpt>
      <trkpt lat="44.1565" lon="-73.69786">
        <ele>1204.69</ele>
        <time>2026-07-05T16:26:55Z</time>
      </trkpt>
      <trkpt lat="44.15652" lon="-73.69789">
        <ele>1204.88</ele>
        <time>2026-07-05T16:27:02Z</time>
      </trkpt>
      <trkpt lat="44.15651" lon="-73.69791">
        <ele>1205.25</ele>
        <time>2026-07-05T16:27:05Z</time>
      </trkpt>
      <trkpt lat="44.15649" lon="-73.69794">
        <ele>1205.73</ele>
        <time>2026-07-05T16:27:11Z</time>
      </trkpt>
      <trkpt lat="44.15649" lon="-73.69796">
        <ele>1205.97</ele>
        <time>2026-07-05T16:27:14Z</time>
      </trkpt>
      <trkpt lat="44.15649" lon="-73.69798">
        <ele>1206.35</ele>
        <time>2026-07-05T16:27:18Z</time>
      </trkpt>
      <trkpt lat="44.15649" lon="-73.698">
        <ele>1206.76</ele>
        <time>2026-07-05T16:27:22Z</time>
      </trkpt>
      <trkpt lat="44.1565" lon="-73.69802">
        <ele>1207.11</ele>
        <time>2026-07-05T16:27:26Z</time>
      </trkpt>
      <trkpt lat="44.1565" lon="-73.69803">
        <ele>1207.3</ele>
        <time>2026-07-05T16:27:27Z</time>
      </trkpt>
      <trkpt lat="44.15652" lon="-73.69807">
        <ele>1207.74</ele>
        <time>2026-07-05T16:27:32Z</time>
      </trkpt>
      <trkpt lat="44.15653" lon="-73.69808">
        <ele>1207.74</ele>
        <time>2026-07-05T16:27:36Z</time>
      </trkpt>
      <trkpt lat="44.15652" lon="-73.69808">
        <ele>1207.85</ele>
        <time>2026-07-05T16:27:45Z</time>
      </trkpt>
      <trkpt lat="44.15654" lon="-73.6981">
        <ele>1207.85</ele>
        <time>2026-07-05T16:27:52Z</time>
      </trkpt>
      <trkpt lat="44.15655" lon="-73.69812">
        <ele>1207.96</ele>
        <time>2026-07-05T16:27:54Z</time>
      </trkpt>
      <trkpt lat="44.15655" lon="-73.69813">
        <ele>1208.06</ele>
        <time>2026-07-05T16:27:55Z</time>
      </trkpt>
      <trkpt lat="44.15656" lon="-73.69815">
        <ele>1208.19</ele>
        <time>2026-07-05T16:27:59Z</time>
      </trkpt>
      <trkpt lat="44.15656" lon="-73.69816">
        <ele>1208.41</ele>
        <time>2026-07-05T16:28:00Z</time>
      </trkpt>
      <trkpt lat="44.15657" lon="-73.69817">
        <ele>1208.52</ele>
        <time>2026-07-05T16:28:02Z</time>
      </trkpt>
      <trkpt lat="44.15657" lon="-73.69818">
        <ele>1208.73</ele>
        <time>2026-07-05T16:28:05Z</time>
      </trkpt>
      <trkpt lat="44.15657" lon="-73.6982">
        <ele>1209.16</ele>
        <time>2026-07-05T16:28:07Z</time>
      </trkpt>
      <trkpt lat="44.15657" lon="-73.69824">
        <ele>1210.03</ele>
        <time>2026-07-05T16:28:12Z</time>
      </trkpt>
      <trkpt lat="44.15656" lon="-73.69826">
        <ele>1210.78</ele>
        <time>2026-07-05T16:28:16Z</time>
      </trkpt>
      <trkpt lat="44.15656" lon="-73.69828">
        <ele>1211.42</ele>
        <time>2026-07-05T16:28:19Z</time>
      </trkpt>
      <trkpt lat="44.15655" lon="-73.6983">
        <ele>1212.18</ele>
        <time>2026-07-05T16:28:25Z</time>
      </trkpt>
      <trkpt lat="44.15655" lon="-73.69831">
        <ele>1212.5</ele>
        <time>2026-07-05T16:28:31Z</time>
      </trkpt>
      <trkpt lat="44.15655" lon="-73.69832">
        <ele>1212.83</ele>
        <time>2026-07-05T16:28:33Z</time>
      </trkpt>
      <trkpt lat="44.15655" lon="-73.69834">
        <ele>1213.42</ele>
        <time>2026-07-05T16:28:44Z</time>
      </trkpt>
      <trkpt lat="44.15655" lon="-73.69836">
        <ele>1213.91</ele>
        <time>2026-07-05T16:28:48Z</time>
      </trkpt>
      <trkpt lat="44.15654" lon="-73.69839">
        <ele>1214.82</ele>
        <time>2026-07-05T16:28:53Z</time>
      </trkpt>
      <trkpt lat="44.15654" lon="-73.69838">
        <ele>1214.56</ele>
        <time>2026-07-05T16:29:00Z</time>
      </trkpt>
      <trkpt lat="44.15653" lon="-73.69838">
        <ele>1214.72</ele>
        <time>2026-07-05T16:29:05Z</time>
      </trkpt>
      <trkpt lat="44.15651" lon="-73.69839">
        <ele>1215.34</ele>
        <time>2026-07-05T16:29:08Z</time>
      </trkpt>
      <trkpt lat="44.15651" lon="-73.69839">
        <ele>1215.34</ele>
        <time>2026-07-05T16:29:09Z</time>
      </trkpt>
      <trkpt lat="44.15649" lon="-73.6984">
        <ele>1216.0</ele>
        <time>2026-07-05T16:29:18Z</time>
      </trkpt>
      <trkpt lat="44.15648" lon="-73.6984">
        <ele>1216.18</ele>
        <time>2026-07-05T16:29:19Z</time>
      </trkpt>
      <trkpt lat="44.15646" lon="-73.69841">
        <ele>1216.72</ele>
        <time>2026-07-05T16:29:24Z</time>
      </trkpt>
      <trkpt lat="44.15642" lon="-73.69845">
        <ele>1218.18</ele>
        <time>2026-07-05T16:29:32Z</time>
      </trkpt>
      <trkpt lat="44.15643" lon="-73.69844">
        <ele>1217.86</ele>
        <time>2026-07-05T16:29:33Z</time>
      </trkpt>
      <trkpt lat="44.15642" lon="-73.69844">
        <ele>1217.97</ele>
        <time>2026-07-05T16:29:39Z</time>
      </trkpt>
      <trkpt lat="44.15642" lon="-73.69846">
        <ele>1218.4</ele>
        <time>2026-07-05T16:29:52Z</time>
      </trkpt>
      <trkpt lat="44.15642" lon="-73.69846">
        <ele>1218.4</ele>
        <time>2026-07-05T16:29:53Z</time>
      </trkpt>
      <trkpt lat="44.15642" lon="-73.69847">
        <ele>1218.62</ele>
        <time>2026-07-05T16:30:01Z</time>
      </trkpt>
      <trkpt lat="44.1564" lon="-73.69848">
        <ele>1219.05</ele>
        <time>2026-07-05T16:30:06Z</time>
      </trkpt>
      <trkpt lat="44.15639" lon="-73.6985">
        <ele>1219.59</ele>
        <time>2026-07-05T16:30:10Z</time>
      </trkpt>
      <trkpt lat="44.15638" lon="-73.69852">
        <ele>1220.14</ele>
        <time>2026-07-05T16:30:12Z</time>
      </trkpt>
      <trkpt lat="44.15638" lon="-73.69853">
        <ele>1220.46</ele>
        <time>2026-07-05T16:30:13Z</time>
      </trkpt>
      <trkpt lat="44.15636" lon="-73.69856">
        <ele>1221.52</ele>
        <time>2026-07-05T16:30:17Z</time>
      </trkpt>
      <trkpt lat="44.15635" lon="-73.6986">
        <ele>1222.69</ele>
        <time>2026-07-05T16:30:22Z</time>
      </trkpt>
      <trkpt lat="44.15634" lon="-73.6986">
        <ele>1222.7</ele>
        <time>2026-07-05T16:30:23Z</time>
      </trkpt>
      <trkpt lat="44.15632" lon="-73.69863">
        <ele>1223.41</ele>
        <time>2026-07-05T16:30:28Z</time>
      </trkpt>
      <trkpt lat="44.15632" lon="-73.69864">
        <ele>1223.62</ele>
        <time>2026-07-05T16:30:29Z</time>
      </trkpt>
      <trkpt lat="44.15632" lon="-73.69867">
        <ele>1224.27</ele>
        <time>2026-07-05T16:30:32Z</time>
      </trkpt>
      <trkpt lat="44.15632" lon="-73.69869">
        <ele>1224.7</ele>
        <time>2026-07-05T16:30:34Z</time>
      </trkpt>
      <trkpt lat="44.1563" lon="-73.69873">
        <ele>1225.57</ele>
        <time>2026-07-05T16:30:41Z</time>
      </trkpt>
      <trkpt lat="44.1563" lon="-73.69875">
        <ele>1226.0</ele>
        <time>2026-07-05T16:30:45Z</time>
      </trkpt>
      <trkpt lat="44.15629" lon="-73.69877">
        <ele>1226.43</ele>
        <time>2026-07-05T16:30:48Z</time>
      </trkpt>
      <trkpt lat="44.15629" lon="-73.6988">
        <ele>1227.08</ele>
        <time>2026-07-05T16:30:50Z</time>
      </trkpt>
      <trkpt lat="44.1563" lon="-73.69881">
        <ele>1227.3</ele>
        <time>2026-07-05T16:30:52Z</time>
      </trkpt>
      <trkpt lat="44.1563" lon="-73.69883">
        <ele>1227.73</ele>
        <time>2026-07-05T16:30:54Z</time>
      </trkpt>
      <trkpt lat="44.15631" lon="-73.69887">
        <ele>1228.59</ele>
        <time>2026-07-05T16:30:58Z</time>
      </trkpt>
      <trkpt lat="44.15631" lon="-73.6989">
        <ele>1229.24</ele>
        <time>2026-07-05T16:31:01Z</time>
      </trkpt>
      <trkpt lat="44.1563" lon="-73.69894">
        <ele>1230.1</ele>
        <time>2026-07-05T16:31:06Z</time>
      </trkpt>
      <trkpt lat="44.1563" lon="-73.69897">
        <ele>1230.75</ele>
        <time>2026-07-05T16:31:09Z</time>
      </trkpt>
      <trkpt lat="44.15629" lon="-73.69902">
        <ele>1231.8</ele>
        <time>2026-07-05T16:31:15Z</time>
      </trkpt>
      <trkpt lat="44.15628" lon="-73.69905">
        <ele>1232.35</ele>
        <time>2026-07-05T16:31:18Z</time>
      </trkpt>
      <trkpt lat="44.15629" lon="-73.6991">
        <ele>1233.23</ele>
        <time>2026-07-05T16:31:23Z</time>
      </trkpt>
      <trkpt lat="44.1563" lon="-73.69913">
        <ele>1233.59</ele>
        <time>2026-07-05T16:31:29Z</time>
      </trkpt>
      <trkpt lat="44.1563" lon="-73.69912">
        <ele>1233.48</ele>
        <time>2026-07-05T16:31:38Z</time>
      </trkpt>
      <trkpt lat="44.1563" lon="-73.69916">
        <ele>1233.93</ele>
        <time>2026-07-05T16:32:05Z</time>
      </trkpt>
      <trkpt lat="44.15631" lon="-73.6992">
        <ele>1234.36</ele>
        <time>2026-07-05T16:32:08Z</time>
      </trkpt>
      <trkpt lat="44.15631" lon="-73.69921">
        <ele>1234.47</ele>
        <time>2026-07-05T16:32:09Z</time>
      </trkpt>
      <trkpt lat="44.15631" lon="-73.69923">
        <ele>1234.68</ele>
        <time>2026-07-05T16:32:11Z</time>
      </trkpt>
      <trkpt lat="44.1563" lon="-73.69924">
        <ele>1234.79</ele>
        <time>2026-07-05T16:32:12Z</time>
      </trkpt>
      <trkpt lat="44.15625" lon="-73.6993">
        <ele>1235.88</ele>
        <time>2026-07-05T16:32:19Z</time>
      </trkpt>
      <trkpt lat="44.15621" lon="-73.69939">
        <ele>1237.82</ele>
        <time>2026-07-05T16:32:26Z</time>
      </trkpt>
      <trkpt lat="44.15621" lon="-73.6994">
        <ele>1238.04</ele>
        <time>2026-07-05T16:32:27Z</time>
      </trkpt>
      <trkpt lat="44.15618" lon="-73.69946">
        <ele>1238.96</ele>
        <time>2026-07-05T16:32:32Z</time>
      </trkpt>
      <trkpt lat="44.15617" lon="-73.69948">
        <ele>1239.16</ele>
        <time>2026-07-05T16:32:34Z</time>
      </trkpt>
      <trkpt lat="44.15616" lon="-73.69954">
        <ele>1240.02</ele>
        <time>2026-07-05T16:32:38Z</time>
      </trkpt>
      <trkpt lat="44.15614" lon="-73.69956">
        <ele>1240.08</ele>
        <time>2026-07-05T16:32:41Z</time>
      </trkpt>
      <trkpt lat="44.15613" lon="-73.69961">
        <ele>1240.16</ele>
        <time>2026-07-05T16:32:46Z</time>
      </trkpt>
      <trkpt lat="44.15613" lon="-73.69962">
        <ele>1240.18</ele>
        <time>2026-07-05T16:32:48Z</time>
      </trkpt>
      <trkpt lat="44.15613" lon="-73.69965">
        <ele>1240.38</ele>
        <time>2026-07-05T16:32:54Z</time>
      </trkpt>
      <trkpt lat="44.15612" lon="-73.69966">
        <ele>1240.39</ele>
        <time>2026-07-05T16:33:02Z</time>
      </trkpt>
      <trkpt lat="44.15608" lon="-73.69963">
        <ele>1239.67</ele>
        <time>2026-07-05T16:33:09Z</time>
      </trkpt>
      <trkpt lat="44.15606" lon="-73.69964">
        <ele>1239.56</ele>
        <time>2026-07-05T16:33:14Z</time>
      </trkpt>
      <trkpt lat="44.15605" lon="-73.69966">
        <ele>1239.67</ele>
        <time>2026-07-05T16:33:16Z</time>
      </trkpt>
      <trkpt lat="44.15601" lon="-73.6997">
        <ele>1239.6</ele>
        <time>2026-07-05T16:33:22Z</time>
      </trkpt>
      <trkpt lat="44.15599" lon="-73.69971">
        <ele>1239.29</ele>
        <time>2026-07-05T16:33:24Z</time>
      </trkpt>
      <trkpt lat="44.15599" lon="-73.69973">
        <ele>1239.38</ele>
        <time>2026-07-05T16:33:25Z</time>
      </trkpt>
      <trkpt lat="44.15596" lon="-73.69979">
        <ele>1238.74</ele>
        <time>2026-07-05T16:33:31Z</time>
      </trkpt>
      <trkpt lat="44.15595" lon="-73.69983">
        <ele>1238.48</ele>
        <time>2026-07-05T16:33:35Z</time>
      </trkpt>
      <trkpt lat="44.15594" lon="-73.69985">
        <ele>1238.25</ele>
        <time>2026-07-05T16:33:38Z</time>
      </trkpt>
      <trkpt lat="44.15593" lon="-73.69985">
        <ele>1238.07</ele>
        <time>2026-07-05T16:33:40Z</time>
      </trkpt>
      <trkpt lat="44.1559" lon="-73.69988">
        <ele>1237.72</ele>
        <time>2026-07-05T16:33:44Z</time>
      </trkpt>
      <trkpt lat="44.15584" lon="-73.69993">
        <ele>1237.07</ele>
        <time>2026-07-05T16:33:52Z</time>
      </trkpt>
      <trkpt lat="44.15583" lon="-73.69994">
        <ele>1236.96</ele>
        <time>2026-07-05T16:33:53Z</time>
      </trkpt>
      <trkpt lat="44.15577" lon="-73.7">
        <ele>1236.32</ele>
        <time>2026-07-05T16:34:01Z</time>
      </trkpt>
      <trkpt lat="44.15575" lon="-73.70002">
        <ele>1236.1</ele>
        <time>2026-07-05T16:34:03Z</time>
      </trkpt>
      <trkpt lat="44.15572" lon="-73.70004">
        <ele>1235.87</ele>
        <time>2026-07-05T16:34:08Z</time>
      </trkpt>
      <trkpt lat="44.15567" lon="-73.70009">
        <ele>1235.98</ele>
        <time>2026-07-05T16:34:14Z</time>
      </trkpt>
      <trkpt lat="44.15561" lon="-73.70015">
        <ele>1235.84</ele>
        <time>2026-07-05T16:34:22Z</time>
      </trkpt>
      <trkpt lat="44.15556" lon="-73.70019">
        <ele>1236.05</ele>
        <time>2026-07-05T16:34:31Z</time>
      </trkpt>
      <trkpt lat="44.15556" lon="-73.7002">
        <ele>1236.16</ele>
        <time>2026-07-05T16:34:46Z</time>
      </trkpt>
      <trkpt lat="44.15553" lon="-73.70027">
        <ele>1236.64</ele>
        <time>2026-07-05T16:34:53Z</time>
      </trkpt>
      <trkpt lat="44.1555" lon="-73.70036">
        <ele>1237.82</ele>
        <time>2026-07-05T16:35:01Z</time>
      </trkpt>
      <trkpt lat="44.15546" lon="-73.70045">
        <ele>1238.83</ele>
        <time>2026-07-05T16:35:09Z</time>
      </trkpt>
      <trkpt lat="44.15543" lon="-73.70053">
        <ele>1239.37</ele>
        <time>2026-07-05T16:35:16Z</time>
      </trkpt>
      <trkpt lat="44.15536" lon="-73.70059">
        <ele>1239.3</ele>
        <time>2026-07-05T16:35:24Z</time>
      </trkpt>
      <trkpt lat="44.15532" lon="-73.70065">
        <ele>1240.02</ele>
        <time>2026-07-05T16:35:31Z</time>
      </trkpt>
      <trkpt lat="44.15532" lon="-73.70066">
        <ele>1240.13</ele>
        <time>2026-07-05T16:35:32Z</time>
      </trkpt>
      <trkpt lat="44.15532" lon="-73.70067">
        <ele>1240.24</ele>
        <time>2026-07-05T16:35:33Z</time>
      </trkpt>
      <trkpt lat="44.1553" lon="-73.7007">
        <ele>1240.56</ele>
        <time>2026-07-05T16:35:38Z</time>
      </trkpt>
      <trkpt lat="44.15529" lon="-73.70072">
        <ele>1240.78</ele>
        <time>2026-07-05T16:35:40Z</time>
      </trkpt>
      <trkpt lat="44.15527" lon="-73.70076">
        <ele>1241.12</ele>
        <time>2026-07-05T16:35:45Z</time>
      </trkpt>
      <trkpt lat="44.15527" lon="-73.70077">
        <ele>1241.23</ele>
        <time>2026-07-05T16:35:46Z</time>
      </trkpt>
      <trkpt lat="44.15526" lon="-73.70077">
        <ele>1241.12</ele>
        <time>2026-07-05T16:35:47Z</time>
      </trkpt>
      <trkpt lat="44.15523" lon="-73.70079">
        <ele>1241.02</ele>
        <time>2026-07-05T16:35:53Z</time>
      </trkpt>
      <trkpt lat="44.15521" lon="-73.70082">
        <ele>1241.12</ele>
        <time>2026-07-05T16:35:56Z</time>
      </trkpt>
      <trkpt lat="44.1552" lon="-73.70084">
        <ele>1241.23</ele>
        <time>2026-07-05T16:35:59Z</time>
      </trkpt>
      <trkpt lat="44.1552" lon="-73.70084">
        <ele>1241.23</ele>
        <time>2026-07-05T16:36:10Z</time>
      </trkpt>
      <trkpt lat="44.15519" lon="-73.70086">
        <ele>1241.34</ele>
        <time>2026-07-05T16:36:33Z</time>
      </trkpt>
      <trkpt lat="44.15519" lon="-73.70087">
        <ele>1241.45</ele>
        <time>2026-07-05T16:36:34Z</time>
      </trkpt>
      <trkpt lat="44.15518" lon="-73.70089">
        <ele>1241.56</ele>
        <time>2026-07-05T16:36:36Z</time>
      </trkpt>
      <trkpt lat="44.15518" lon="-73.7009">
        <ele>1241.66</ele>
        <time>2026-07-05T16:36:37Z</time>
      </trkpt>
      <trkpt lat="44.15518" lon="-73.70093">
        <ele>1241.99</ele>
        <time>2026-07-05T16:36:41Z</time>
      </trkpt>
      <trkpt lat="44.15518" lon="-73.70097">
        <ele>1242.45</ele>
        <time>2026-07-05T16:36:45Z</time>
      </trkpt>
      <trkpt lat="44.15516" lon="-73.70101">
        <ele>1242.88</ele>
        <time>2026-07-05T16:36:50Z</time>
      </trkpt>
      <trkpt lat="44.15514" lon="-73.70109">
        <ele>1243.77</ele>
        <time>2026-07-05T16:36:58Z</time>
      </trkpt>
      <trkpt lat="44.15511" lon="-73.70115">
        <ele>1244.34</ele>
        <time>2026-07-05T16:37:04Z</time>
      </trkpt>
      <trkpt lat="44.15512" lon="-73.70118">
        <ele>1244.52</ele>
        <time>2026-07-05T16:37:07Z</time>
      </trkpt>
      <trkpt lat="44.15508" lon="-73.70127">
        <ele>1244.83</ele>
        <time>2026-07-05T16:37:15Z</time>
      </trkpt>
      <trkpt lat="44.15505" lon="-73.70133">
        <ele>1244.9</ele>
        <time>2026-07-05T16:37:22Z</time>
      </trkpt>
      <trkpt lat="44.15503" lon="-73.70139">
        <ele>1245.34</ele>
        <time>2026-07-05T16:37:29Z</time>
      </trkpt>
      <trkpt lat="44.15503" lon="-73.7014">
        <ele>1245.44</ele>
        <time>2026-07-05T16:37:30Z</time>
      </trkpt>
      <trkpt lat="44.15502" lon="-73.70142">
        <ele>1245.55</ele>
        <time>2026-07-05T16:37:36Z</time>
      </trkpt>
      <trkpt lat="44.15501" lon="-73.70147">
        <ele>1245.98</ele>
        <time>2026-07-05T16:37:40Z</time>
      </trkpt>
      <trkpt lat="44.15501" lon="-73.7015">
        <ele>1246.31</ele>
        <time>2026-07-05T16:37:44Z</time>
      </trkpt>
      <trkpt lat="44.155" lon="-73.70157">
        <ele>1246.96</ele>
        <time>2026-07-05T16:37:49Z</time>
      </trkpt>
      <trkpt lat="44.155" lon="-73.70158">
        <ele>1247.13</ele>
        <time>2026-07-05T16:37:50Z</time>
      </trkpt>
      <trkpt lat="44.15498" lon="-73.70165">
        <ele>1248.42</ele>
        <time>2026-07-05T16:37:57Z</time>
      </trkpt>
      <trkpt lat="44.15498" lon="-73.70166">
        <ele>1248.64</ele>
        <time>2026-07-05T16:37:58Z</time>
      </trkpt>
      <trkpt lat="44.15495" lon="-73.70173">
        <ele>1250.2</ele>
        <time>2026-07-05T16:38:05Z</time>
      </trkpt>
      <trkpt lat="44.15495" lon="-73.70173">
        <ele>1250.2</ele>
        <time>2026-07-05T16:38:06Z</time>
      </trkpt>
      <trkpt lat="44.15496" lon="-73.70174">
        <ele>1250.49</ele>
        <time>2026-07-05T16:38:08Z</time>
      </trkpt>
      <trkpt lat="44.15497" lon="-73.70174">
        <ele>1250.52</ele>
        <time>2026-07-05T16:38:09Z</time>
      </trkpt>
      <trkpt lat="44.15498" lon="-73.70177">
        <ele>1251.23</ele>
        <time>2026-07-05T16:38:14Z</time>
      </trkpt>
      <trkpt lat="44.15497" lon="-73.7018">
        <ele>1251.88</ele>
        <time>2026-07-05T16:38:20Z</time>
      </trkpt>
      <trkpt lat="44.15497" lon="-73.7018">
        <ele>1251.88</ele>
        <time>2026-07-05T16:38:21Z</time>
      </trkpt>
      <trkpt lat="44.15495" lon="-73.70182">
        <ele>1252.31</ele>
        <time>2026-07-05T16:38:24Z</time>
      </trkpt>
      <trkpt lat="44.15494" lon="-73.70186">
        <ele>1253.18</ele>
        <time>2026-07-05T16:38:29Z</time>
      </trkpt>
      <trkpt lat="44.15493" lon="-73.70187">
        <ele>1253.39</ele>
        <time>2026-07-05T16:38:30Z</time>
      </trkpt>
      <trkpt lat="44.15492" lon="-73.70189">
        <ele>1253.82</ele>
        <time>2026-07-05T16:38:34Z</time>
      </trkpt>
      <trkpt lat="44.15492" lon="-73.70189">
        <ele>1253.82</ele>
        <time>2026-07-05T16:38:36Z</time>
      </trkpt>
      <trkpt lat="44.15492" lon="-73.7019">
        <ele>1254.04</ele>
        <time>2026-07-05T16:38:40Z</time>
      </trkpt>
      <trkpt lat="44.1549" lon="-73.70197">
        <ele>1255.49</ele>
        <time>2026-07-05T16:38:45Z</time>
      </trkpt>
      <trkpt lat="44.1549" lon="-73.70199">
        <ele>1255.94</ele>
        <time>2026-07-05T16:38:47Z</time>
      </trkpt>
      <trkpt lat="44.1549" lon="-73.702">
        <ele>1256.17</ele>
        <time>2026-07-05T16:38:49Z</time>
      </trkpt>
      <trkpt lat="44.1549" lon="-73.70204">
        <ele>1257.06</ele>
        <time>2026-07-05T16:38:55Z</time>
      </trkpt>
      <trkpt lat="44.15489" lon="-73.70211">
        <ele>1258.58</ele>
        <time>2026-07-05T16:39:02Z</time>
      </trkpt>
      <trkpt lat="44.15488" lon="-73.70212">
        <ele>1258.79</ele>
        <time>2026-07-05T16:39:03Z</time>
      </trkpt>
      <trkpt lat="44.15487" lon="-73.70215">
        <ele>1259.44</ele>
        <time>2026-07-05T16:39:08Z</time>
      </trkpt>
      <trkpt lat="44.15487" lon="-73.70215">
        <ele>1259.44</ele>
        <time>2026-07-05T16:39:11Z</time>
      </trkpt>
      <trkpt lat="44.15487" lon="-73.70215">
        <ele>1259.44</ele>
        <time>2026-07-05T16:39:35Z</time>
      </trkpt>
      <trkpt lat="44.15485" lon="-73.70217">
        <ele>1259.87</ele>
        <time>2026-07-05T16:39:39Z</time>
      </trkpt>
      <trkpt lat="44.15483" lon="-73.70219">
        <ele>1260.3</ele>
        <time>2026-07-05T16:39:42Z</time>
      </trkpt>
      <trkpt lat="44.15483" lon="-73.70219">
        <ele>1260.3</ele>
        <time>2026-07-05T16:39:45Z</time>
      </trkpt>
      <trkpt lat="44.15483" lon="-73.70219">
        <ele>1260.3</ele>
        <time>2026-07-05T16:39:48Z</time>
      </trkpt>
      <trkpt lat="44.15483" lon="-73.70225">
        <ele>1261.6</ele>
        <time>2026-07-05T16:39:54Z</time>
      </trkpt>
      <trkpt lat="44.15482" lon="-73.70226">
        <ele>1261.82</ele>
        <time>2026-07-05T16:39:55Z</time>
      </trkpt>
      <trkpt lat="44.15481" lon="-73.7023">
        <ele>1262.67</ele>
        <time>2026-07-05T16:39:59Z</time>
      </trkpt>
      <trkpt lat="44.1548" lon="-73.70231">
        <ele>1262.89</ele>
        <time>2026-07-05T16:40:01Z</time>
      </trkpt>
      <trkpt lat="44.15479" lon="-73.70232">
        <ele>1263.11</ele>
        <time>2026-07-05T16:40:02Z</time>
      </trkpt>
      <trkpt lat="44.15477" lon="-73.70234">
        <ele>1263.54</ele>
        <time>2026-07-05T16:40:06Z</time>
      </trkpt>
      <trkpt lat="44.15476" lon="-73.70235">
        <ele>1263.76</ele>
        <time>2026-07-05T16:40:08Z</time>
      </trkpt>
      <trkpt lat="44.15473" lon="-73.7024">
        <ele>1264.84</ele>
        <time>2026-07-05T16:40:14Z</time>
      </trkpt>
      <trkpt lat="44.15473" lon="-73.70242">
        <ele>1265.27</ele>
        <time>2026-07-05T16:40:16Z</time>
      </trkpt>
      <trkpt lat="44.15472" lon="-73.70244">
        <ele>1265.68</ele>
        <time>2026-07-05T16:40:18Z</time>
      </trkpt>
      <trkpt lat="44.15473" lon="-73.70246">
        <ele>1266.14</ele>
        <time>2026-07-05T16:40:20Z</time>
      </trkpt>
      <trkpt lat="44.15473" lon="-73.70249">
        <ele>1266.78</ele>
        <time>2026-07-05T16:40:22Z</time>
      </trkpt>
      <trkpt lat="44.15472" lon="-73.70252">
        <ele>1267.41</ele>
        <time>2026-07-05T16:40:28Z</time>
      </trkpt>
      <trkpt lat="44.15472" lon="-73.70253">
        <ele>1267.63</ele>
        <time>2026-07-05T16:40:29Z</time>
      </trkpt>
      <trkpt lat="44.15472" lon="-73.70255">
        <ele>1268.07</ele>
        <time>2026-07-05T16:40:35Z</time>
      </trkpt>
      <trkpt lat="44.15473" lon="-73.70255">
        <ele>1268.03</ele>
        <time>2026-07-05T16:40:43Z</time>
      </trkpt>
      <trkpt lat="44.15473" lon="-73.70257">
        <ele>1268.45</ele>
        <time>2026-07-05T16:40:53Z</time>
      </trkpt>
      <trkpt lat="44.15473" lon="-73.70259">
        <ele>1268.86</ele>
        <time>2026-07-05T16:40:56Z</time>
      </trkpt>
      <trkpt lat="44.15473" lon="-73.70262">
        <ele>1269.51</ele>
        <time>2026-07-05T16:40:59Z</time>
      </trkpt>
      <trkpt lat="44.15474" lon="-73.70264">
        <ele>1269.83</ele>
        <time>2026-07-05T16:41:02Z</time>
      </trkpt>
      <trkpt lat="44.15474" lon="-73.70266">
        <ele>1270.26</ele>
        <time>2026-07-05T16:41:04Z</time>
      </trkpt>
      <trkpt lat="44.15474" lon="-73.70267">
        <ele>1270.48</ele>
        <time>2026-07-05T16:41:06Z</time>
      </trkpt>
      <trkpt lat="44.15474" lon="-73.70269">
        <ele>1270.92</ele>
        <time>2026-07-05T16:41:10Z</time>
      </trkpt>
      <trkpt lat="44.15475" lon="-73.70271">
        <ele>1271.32</ele>
        <time>2026-07-05T16:41:14Z</time>
      </trkpt>
      <trkpt lat="44.15474" lon="-73.70272">
        <ele>1271.63</ele>
        <time>2026-07-05T16:41:16Z</time>
      </trkpt>
      <trkpt lat="44.15474" lon="-73.70274">
        <ele>1272.11</ele>
        <time>2026-07-05T16:41:21Z</time>
      </trkpt>
      <trkpt lat="44.15474" lon="-73.70276">
        <ele>1272.58</ele>
        <time>2026-07-05T16:41:24Z</time>
      </trkpt>
      <trkpt lat="44.15474" lon="-73.70276">
        <ele>1272.58</ele>
        <time>2026-07-05T16:41:29Z</time>
      </trkpt>
      <trkpt lat="44.15474" lon="-73.70276">
        <ele>1272.58</ele>
        <time>2026-07-05T16:41:43Z</time>
      </trkpt>
      <trkpt lat="44.15473" lon="-73.70278">
        <ele>1273.07</ele>
        <time>2026-07-05T16:41:48Z</time>
      </trkpt>
      <trkpt lat="44.15472" lon="-73.7028">
        <ele>1273.74</ele>
        <time>2026-07-05T16:41:52Z</time>
      </trkpt>
      <trkpt lat="44.15472" lon="-73.70282">
        <ele>1274.38</ele>
        <time>2026-07-05T16:41:56Z</time>
      </trkpt>
      <trkpt lat="44.15471" lon="-73.70284">
        <ele>1275.06</ele>
        <time>2026-07-05T16:42:00Z</time>
      </trkpt>
      <trkpt lat="44.15471" lon="-73.70287">
        <ele>1275.99</ele>
        <time>2026-07-05T16:42:03Z</time>
      </trkpt>
      <trkpt lat="44.15469" lon="-73.7029">
        <ele>1276.75</ele>
        <time>2026-07-05T16:42:08Z</time>
      </trkpt>
      <trkpt lat="44.15469" lon="-73.7029">
        <ele>1276.75</ele>
        <time>2026-07-05T16:42:09Z</time>
      </trkpt>
      <trkpt lat="44.15466" lon="-73.70291">
        <ele>1277.14</ele>
        <time>2026-07-05T16:42:15Z</time>
      </trkpt>
      <trkpt lat="44.15466" lon="-73.70291">
        <ele>1277.14</ele>
        <time>2026-07-05T16:42:16Z</time>
      </trkpt>
      <trkpt lat="44.15463" lon="-73.7029">
        <ele>1276.96</ele>
        <time>2026-07-05T16:42:24Z</time>
      </trkpt>
      <trkpt lat="44.15462" lon="-73.70292">
        <ele>1277.66</ele>
        <time>2026-07-05T16:42:49Z</time>
      </trkpt>
      <trkpt lat="44.15462" lon="-73.70294">
        <ele>1278.28</ele>
        <time>2026-07-05T16:42:53Z</time>
      </trkpt>
      <trkpt lat="44.15462" lon="-73.70296">
        <ele>1278.91</ele>
        <time>2026-07-05T16:42:55Z</time>
      </trkpt>
      <trkpt lat="44.15462" lon="-73.70297">
        <ele>1279.24</ele>
        <time>2026-07-05T16:42:57Z</time>
      </trkpt>
      <trkpt lat="44.15462" lon="-73.70297">
        <ele>1279.24</ele>
        <time>2026-07-05T16:42:58Z</time>
      </trkpt>
      <trkpt lat="44.15462" lon="-73.70298">
        <ele>1279.57</ele>
        <time>2026-07-05T16:43:00Z</time>
      </trkpt>
      <trkpt lat="44.15462" lon="-73.70298">
        <ele>1279.57</ele>
        <time>2026-07-05T16:43:02Z</time>
      </trkpt>
      <trkpt lat="44.15462" lon="-73.70298">
        <ele>1279.57</ele>
        <time>2026-07-05T16:43:18Z</time>
      </trkpt>
      <trkpt lat="44.15462" lon="-73.703">
        <ele>1280.24</ele>
        <time>2026-07-05T16:43:35Z</time>
      </trkpt>
      <trkpt lat="44.15463" lon="-73.70302">
        <ele>1280.84</ele>
        <time>2026-07-05T16:43:38Z</time>
      </trkpt>
      <trkpt lat="44.15463" lon="-73.70303">
        <ele>1281.17</ele>
        <time>2026-07-05T16:43:40Z</time>
      </trkpt>
      <trkpt lat="44.15462" lon="-73.70306">
        <ele>1282.25</ele>
        <time>2026-07-05T16:43:43Z</time>
      </trkpt>
      <trkpt lat="44.15461" lon="-73.70307">
        <ele>1282.68</ele>
        <time>2026-07-05T16:43:46Z</time>
      </trkpt>
      <trkpt lat="44.1546" lon="-73.70308">
        <ele>1283.11</ele>
        <time>2026-07-05T16:43:50Z</time>
      </trkpt>
      <trkpt lat="44.15459" lon="-73.70311">
        <ele>1284.19</ele>
        <time>2026-07-05T16:43:55Z</time>
      </trkpt>
      <trkpt lat="44.15459" lon="-73.70311">
        <ele>1284.19</ele>
        <time>2026-07-05T16:43:56Z</time>
      </trkpt>
      <trkpt lat="44.15457" lon="-73.70313">
        <ele>1285.06</ele>
        <time>2026-07-05T16:43:59Z</time>
      </trkpt>
      <trkpt lat="44.15455" lon="-73.70314">
        <ele>1285.6</ele>
        <time>2026-07-05T16:44:02Z</time>
      </trkpt>
      <trkpt lat="44.15452" lon="-73.70317">
        <ele>1286.75</ele>
        <time>2026-07-05T16:44:07Z</time>
      </trkpt>
      <trkpt lat="44.15451" lon="-73.70318">
        <ele>1287.13</ele>
        <time>2026-07-05T16:44:10Z</time>
      </trkpt>
      <trkpt lat="44.1545" lon="-73.70321">
        <ele>1288.27</ele>
        <time>2026-07-05T16:44:16Z</time>
      </trkpt>
      <trkpt lat="44.15448" lon="-73.70323">
        <ele>1289.2</ele>
        <time>2026-07-05T16:44:22Z</time>
      </trkpt>
      <trkpt lat="44.15448" lon="-73.70324">
        <ele>1289.59</ele>
        <time>2026-07-05T16:44:23Z</time>
      </trkpt>
      <trkpt lat="44.15448" lon="-73.70325">
        <ele>1289.92</ele>
        <time>2026-07-05T16:44:24Z</time>
      </trkpt>
      <trkpt lat="44.15446" lon="-73.70328">
        <ele>1291.1</ele>
        <time>2026-07-05T16:44:29Z</time>
      </trkpt>
      <trkpt lat="44.15446" lon="-73.70329">
        <ele>1291.43</ele>
        <time>2026-07-05T16:44:32Z</time>
      </trkpt>
      <trkpt lat="44.15446" lon="-73.70331">
        <ele>1292.08</ele>
        <time>2026-07-05T16:44:34Z</time>
      </trkpt>
      <trkpt lat="44.15445" lon="-73.70332">
        <ele>1292.51</ele>
        <time>2026-07-05T16:44:38Z</time>
      </trkpt>
      <trkpt lat="44.15444" lon="-73.70332">
        <ele>1292.56</ele>
        <time>2026-07-05T16:44:40Z</time>
      </trkpt>
      <trkpt lat="44.15443" lon="-73.70336">
        <ele>1293.86</ele>
        <time>2026-07-05T16:44:46Z</time>
      </trkpt>
      <trkpt lat="44.15444" lon="-73.70339">
        <ele>1294.84</ele>
        <time>2026-07-05T16:44:49Z</time>
      </trkpt>
      <trkpt lat="44.15444" lon="-73.70339">
        <ele>1294.84</ele>
        <time>2026-07-05T16:44:53Z</time>
      </trkpt>
      <trkpt lat="44.15444" lon="-73.70339">
        <ele>1294.84</ele>
        <time>2026-07-05T16:45:14Z</time>
      </trkpt>
      <trkpt lat="44.15444" lon="-73.7034">
        <ele>1295.16</ele>
        <time>2026-07-05T16:45:28Z</time>
      </trkpt>
      <trkpt lat="44.15444" lon="-73.70341">
        <ele>1295.48</ele>
        <time>2026-07-05T16:45:29Z</time>
      </trkpt>
      <trkpt lat="44.15444" lon="-73.70343">
        <ele>1296.13</ele>
        <time>2026-07-05T16:45:32Z</time>
      </trkpt>
      <trkpt lat="44.15444" lon="-73.70344">
        <ele>1296.46</ele>
        <time>2026-07-05T16:45:33Z</time>
      </trkpt>
      <trkpt lat="44.15445" lon="-73.70345">
        <ele>1296.7</ele>
        <time>2026-07-05T16:45:35Z</time>
      </trkpt>
      <trkpt lat="44.15447" lon="-73.70345">
        <ele>1296.43</ele>
        <time>2026-07-05T16:45:37Z</time>
      </trkpt>
      <trkpt lat="44.15448" lon="-73.70348">
        <ele>1297.14</ele>
        <time>2026-07-05T16:45:41Z</time>
      </trkpt>
      <trkpt lat="44.15449" lon="-73.70349">
        <ele>1297.24</ele>
        <time>2026-07-05T16:45:46Z</time>
      </trkpt>
      <trkpt lat="44.15449" lon="-73.70349">
        <ele>1297.24</ele>
        <time>2026-07-05T16:45:48Z</time>
      </trkpt>
      <trkpt lat="44.15449" lon="-73.70349">
        <ele>1297.24</ele>
        <time>2026-07-05T16:46:04Z</time>
      </trkpt>
      <trkpt lat="44.1545" lon="-73.70348">
        <ele>1296.8</ele>
        <time>2026-07-05T16:46:12Z</time>
      </trkpt>
      <trkpt lat="44.15449" lon="-73.70349">
        <ele>1297.24</ele>
        <time>2026-07-05T16:46:21Z</time>
      </trkpt>
      <trkpt lat="44.15451" lon="-73.70352">
        <ele>1297.63</ele>
        <time>2026-07-05T16:47:17Z</time>
      </trkpt>
      <trkpt lat="44.15453" lon="-73.70356">
        <ele>1298.5</ele>
        <time>2026-07-05T16:47:21Z</time>
      </trkpt>
      <trkpt lat="44.15454" lon="-73.7036">
        <ele>1299.58</ele>
        <time>2026-07-05T16:47:25Z</time>
      </trkpt>
      <trkpt lat="44.15454" lon="-73.70362">
        <ele>1300.32</ele>
        <time>2026-07-05T16:47:27Z</time>
      </trkpt>
      <trkpt lat="44.15454" lon="-73.70363">
        <ele>1300.75</ele>
        <time>2026-07-05T16:47:29Z</time>
      </trkpt>
      <trkpt lat="44.15454" lon="-73.70366">
        <ele>1302.03</ele>
        <time>2026-07-05T16:47:34Z</time>
      </trkpt>
      <trkpt lat="44.15454" lon="-73.70367">
        <ele>1302.46</ele>
        <time>2026-07-05T16:47:36Z</time>
      </trkpt>
      <trkpt lat="44.15454" lon="-73.70372">
        <ele>1304.43</ele>
        <time>2026-07-05T16:47:41Z</time>
      </trkpt>
      <trkpt lat="44.15454" lon="-73.70375">
        <ele>1305.4</ele>
        <time>2026-07-05T16:47:44Z</time>
      </trkpt>
      <trkpt lat="44.15453" lon="-73.70377">
        <ele>1306.3</ele>
        <time>2026-07-05T16:47:48Z</time>
      </trkpt>
      <trkpt lat="44.15451" lon="-73.70377">
        <ele>1306.73</ele>
        <time>2026-07-05T16:47:51Z</time>
      </trkpt>
      <trkpt lat="44.1545" lon="-73.70378">
        <ele>1307.27</ele>
        <time>2026-07-05T16:47:52Z</time>
      </trkpt>
      <trkpt lat="44.15448" lon="-73.70381">
        <ele>1308.68</ele>
        <time>2026-07-05T16:47:55Z</time>
      </trkpt>
      <trkpt lat="44.15448" lon="-73.70384">
        <ele>1309.65</ele>
        <time>2026-07-05T16:47:59Z</time>
      </trkpt>
      <trkpt lat="44.15448" lon="-73.70385">
        <ele>1309.97</ele>
        <time>2026-07-05T16:48:00Z</time>
      </trkpt>
      <trkpt lat="44.15448" lon="-73.70387">
        <ele>1310.62</ele>
        <time>2026-07-05T16:48:03Z</time>
      </trkpt>
      <trkpt lat="44.15446" lon="-73.70389">
        <ele>1311.69</ele>
        <time>2026-07-05T16:48:07Z</time>
      </trkpt>
      <trkpt lat="44.15446" lon="-73.70394">
        <ele>1312.77</ele>
        <time>2026-07-05T16:48:13Z</time>
      </trkpt>
      <trkpt lat="44.15446" lon="-73.70394">
        <ele>1312.77</ele>
        <time>2026-07-05T16:48:14Z</time>
      </trkpt>
      <trkpt lat="44.15446" lon="-73.70394">
        <ele>1312.77</ele>
        <time>2026-07-05T16:48:19Z</time>
      </trkpt>
      <trkpt lat="44.15446" lon="-73.70395">
        <ele>1312.98</ele>
        <time>2026-07-05T16:48:21Z</time>
      </trkpt>
      <trkpt lat="44.15447" lon="-73.70395">
        <ele>1312.77</ele>
        <time>2026-07-05T16:48:27Z</time>
      </trkpt>
      <trkpt lat="44.15446" lon="-73.70395">
        <ele>1312.98</ele>
        <time>2026-07-05T16:48:30Z</time>
      </trkpt>
      <trkpt lat="44.15445" lon="-73.70396">
        <ele>1313.42</ele>
        <time>2026-07-05T16:48:32Z</time>
      </trkpt>
      <trkpt lat="44.15443" lon="-73.70398">
        <ele>1314.12</ele>
        <time>2026-07-05T16:48:36Z</time>
      </trkpt>
      <trkpt lat="44.15442" lon="-73.70399">
        <ele>1314.45</ele>
        <time>2026-07-05T16:48:37Z</time>
      </trkpt>
      <trkpt lat="44.15442" lon="-73.70401">
        <ele>1314.88</ele>
        <time>2026-07-05T16:48:40Z</time>
      </trkpt>
      <trkpt lat="44.15442" lon="-73.70403">
        <ele>1315.31</ele>
        <time>2026-07-05T16:48:45Z</time>
      </trkpt>
      <trkpt lat="44.15442" lon="-73.70403">
        <ele>1315.31</ele>
        <time>2026-07-05T16:48:51Z</time>
      </trkpt>
      <trkpt lat="44.1544" lon="-73.70404">
        <ele>1315.74</ele>
        <time>2026-07-05T16:48:55Z</time>
      </trkpt>
      <trkpt lat="44.1544" lon="-73.70404">
        <ele>1315.74</ele>
        <time>2026-07-05T16:48:56Z</time>
      </trkpt>
      <trkpt lat="44.15437" lon="-73.70405">
        <ele>1316.28</ele>
        <time>2026-07-05T16:49:03Z</time>
      </trkpt>
      <trkpt lat="44.15436" lon="-73.70406">
        <ele>1316.61</ele>
        <time>2026-07-05T16:49:05Z</time>
      </trkpt>
      <trkpt lat="44.15433" lon="-73.70407">
        <ele>1317.15</ele>
        <time>2026-07-05T16:49:11Z</time>
      </trkpt>
      <trkpt lat="44.15432" lon="-73.70408">
        <ele>1317.47</ele>
        <time>2026-07-05T16:49:13Z</time>
      </trkpt>
      <trkpt lat="44.1543" lon="-73.7041">
        <ele>1318.12</ele>
        <time>2026-07-05T16:49:18Z</time>
      </trkpt>
      <trkpt lat="44.15429" lon="-73.70411">
        <ele>1318.44</ele>
        <time>2026-07-05T16:49:22Z</time>
      </trkpt>
      <trkpt lat="44.15429" lon="-73.70412">
        <ele>1318.66</ele>
        <time>2026-07-05T16:49:24Z</time>
      </trkpt>
      <trkpt lat="44.15428" lon="-73.70415">
        <ele>1319.42</ele>
        <time>2026-07-05T16:49:30Z</time>
      </trkpt>
      <trkpt lat="44.15427" lon="-73.70416">
        <ele>1319.74</ele>
        <time>2026-07-05T16:49:40Z</time>
      </trkpt>
      <trkpt lat="44.15427" lon="-73.70415">
        <ele>1319.52</ele>
        <time>2026-07-05T16:49:52Z</time>
      </trkpt>
      <trkpt lat="44.15427" lon="-73.70418">
        <ele>1320.17</ele>
        <time>2026-07-05T16:49:56Z</time>
      </trkpt>
      <trkpt lat="44.15427" lon="-73.7042">
        <ele>1320.6</ele>
        <time>2026-07-05T16:49:58Z</time>
      </trkpt>
      <trkpt lat="44.15427" lon="-73.70422">
        <ele>1321.04</ele>
        <time>2026-07-05T16:50:01Z</time>
      </trkpt>
      <trkpt lat="44.15426" lon="-73.70422">
        <ele>1321.14</ele>
        <time>2026-07-05T16:50:03Z</time>
      </trkpt>
      <trkpt lat="44.15425" lon="-73.70422">
        <ele>1321.21</ele>
        <time>2026-07-05T16:50:05Z</time>
      </trkpt>
      <trkpt lat="44.15421" lon="-73.70426">
        <ele>1322.55</ele>
        <time>2026-07-05T16:50:11Z</time>
      </trkpt>
      <trkpt lat="44.15421" lon="-73.70427">
        <ele>1322.82</ele>
        <time>2026-07-05T16:50:13Z</time>
      </trkpt>
      <trkpt lat="44.15421" lon="-73.70428">
        <ele>1323.08</ele>
        <time>2026-07-05T16:50:21Z</time>
      </trkpt>
      <trkpt lat="44.1542" lon="-73.7043">
        <ele>1323.68</ele>
        <time>2026-07-05T16:50:27Z</time>
      </trkpt>
      <trkpt lat="44.15419" lon="-73.70431">
        <ele>1323.98</ele>
        <time>2026-07-05T16:50:29Z</time>
      </trkpt>
      <trkpt lat="44.15418" lon="-73.70433">
        <ele>1324.49</ele>
        <time>2026-07-05T16:50:33Z</time>
      </trkpt>
      <trkpt lat="44.15418" lon="-73.70434">
        <ele>1324.73</ele>
        <time>2026-07-05T16:50:34Z</time>
      </trkpt>
      <trkpt lat="44.15417" lon="-73.70437">
        <ele>1325.58</ele>
        <time>2026-07-05T16:50:40Z</time>
      </trkpt>
      <trkpt lat="44.15416" lon="-73.70439">
        <ele>1326.16</ele>
        <time>2026-07-05T16:50:42Z</time>
      </trkpt>
      <trkpt lat="44.15415" lon="-73.70442">
        <ele>1327.03</ele>
        <time>2026-07-05T16:50:46Z</time>
      </trkpt>
      <trkpt lat="44.15414" lon="-73.70444">
        <ele>1327.57</ele>
        <time>2026-07-05T16:50:50Z</time>
      </trkpt>
      <trkpt lat="44.15413" lon="-73.70445">
        <ele>1327.72</ele>
        <time>2026-07-05T16:50:51Z</time>
      </trkpt>
      <trkpt lat="44.1541" lon="-73.7045">
        <ele>1328.48</ele>
        <time>2026-07-05T16:50:57Z</time>
      </trkpt>
      <trkpt lat="44.15409" lon="-73.70452">
        <ele>1328.8</ele>
        <time>2026-07-05T16:51:00Z</time>
      </trkpt>
      <trkpt lat="44.15408" lon="-73.70455">
        <ele>1329.34</ele>
        <time>2026-07-05T16:51:04Z</time>
      </trkpt>
      <trkpt lat="44.15407" lon="-73.70459">
        <ele>1330.06</ele>
        <time>2026-07-05T16:51:08Z</time>
      </trkpt>
      <trkpt lat="44.15408" lon="-73.70464">
        <ele>1331.18</ele>
        <time>2026-07-05T16:51:13Z</time>
      </trkpt>
      <trkpt lat="44.15408" lon="-73.70465">
        <ele>1331.28</ele>
        <time>2026-07-05T16:51:14Z</time>
      </trkpt>
      <trkpt lat="44.15408" lon="-73.70467">
        <ele>1331.5</ele>
        <time>2026-07-05T16:51:16Z</time>
      </trkpt>
      <trkpt lat="44.1541" lon="-73.70469">
        <ele>1331.93</ele>
        <time>2026-07-05T16:51:19Z</time>
      </trkpt>
      <trkpt lat="44.1541" lon="-73.7047">
        <ele>1332.04</ele>
        <time>2026-07-05T16:51:20Z</time>
      </trkpt>
      <trkpt lat="44.15412" lon="-73.70473">
        <ele>1332.66</ele>
        <time>2026-07-05T16:51:23Z</time>
      </trkpt>
      <trkpt lat="44.15414" lon="-73.70476">
        <ele>1333.53</ele>
        <time>2026-07-05T16:51:27Z</time>
      </trkpt>
      <trkpt lat="44.15415" lon="-73.70477">
        <ele>1333.85</ele>
        <time>2026-07-05T16:51:28Z</time>
      </trkpt>
      <trkpt lat="44.15416" lon="-73.70478">
        <ele>1334.18</ele>
        <time>2026-07-05T16:51:33Z</time>
      </trkpt>
      <trkpt lat="44.15414" lon="-73.70479">
        <ele>1334.18</ele>
        <time>2026-07-05T16:52:35Z</time>
      </trkpt>
      <trkpt lat="44.15414" lon="-73.70489">
        <ele>1335.52</ele>
        <time>2026-07-05T16:52:43Z</time>
      </trkpt>
      <trkpt lat="44.15413" lon="-73.7049">
        <ele>1335.52</ele>
        <time>2026-07-05T16:52:44Z</time>
      </trkpt>
      <trkpt lat="44.15413" lon="-73.70492">
        <ele>1335.66</ele>
        <time>2026-07-05T16:52:46Z</time>
      </trkpt>
      <trkpt lat="44.15414" lon="-73.70497">
        <ele>1335.91</ele>
        <time>2026-07-05T16:52:50Z</time>
      </trkpt>
      <trkpt lat="44.15416" lon="-73.70503">
        <ele>1336.0</ele>
        <time>2026-07-05T16:52:56Z</time>
      </trkpt>
      <trkpt lat="44.15416" lon="-73.70511">
        <ele>1335.99</ele>
        <time>2026-07-05T16:53:02Z</time>
      </trkpt>
      <trkpt lat="44.15417" lon="-73.70521">
        <ele>1335.74</ele>
        <time>2026-07-05T16:53:08Z</time>
      </trkpt>
      <trkpt lat="44.15419" lon="-73.70522">
        <ele>1335.72</ele>
        <time>2026-07-05T16:53:10Z</time>
      </trkpt>
      <trkpt lat="44.15419" lon="-73.70522">
        <ele>1335.72</ele>
        <time>2026-07-05T16:53:13Z</time>
      </trkpt>
      <trkpt lat="44.1542" lon="-73.70523">
        <ele>1335.69</ele>
        <time>2026-07-05T16:53:14Z</time>
      </trkpt>
      <trkpt lat="44.1542" lon="-73.70527">
        <ele>1335.41</ele>
        <time>2026-07-05T16:53:16Z</time>
      </trkpt>
      <trkpt lat="44.15419" lon="-73.7053">
        <ele>1335.25</ele>
        <time>2026-07-05T16:53:19Z</time>
      </trkpt>
      <trkpt lat="44.1542" lon="-73.70537">
        <ele>1335.36</ele>
        <time>2026-07-05T16:53:24Z</time>
      </trkpt>
      <trkpt lat="44.1542" lon="-73.70537">
        <ele>1335.36</ele>
        <time>2026-07-05T16:53:31Z</time>
      </trkpt>
      <trkpt lat="44.1542" lon="-73.70537">
        <ele>1335.36</ele>
        <time>2026-07-05T16:53:42Z</time>
      </trkpt>
      <trkpt lat="44.1542" lon="-73.70537">
        <ele>1335.36</ele>
        <time>2026-07-05T16:53:49Z</time>
      </trkpt>
      <trkpt lat="44.15419" lon="-73.70542">
        <ele>1334.58</ele>
        <time>2026-07-05T16:53:54Z</time>
      </trkpt>
      <trkpt lat="44.15417" lon="-73.70542">
        <ele>1334.48</ele>
        <time>2026-07-05T16:54:00Z</time>
      </trkpt>
      <trkpt lat="44.15417" lon="-73.70541">
        <ele>1334.59</ele>
        <time>2026-07-05T16:54:08Z</time>
      </trkpt>
      <trkpt lat="44.15418" lon="-73.70541">
        <ele>1334.65</ele>
        <time>2026-07-05T16:54:18Z</time>
      </trkpt>
      <trkpt lat="44.15418" lon="-73.70542">
        <ele>1334.53</ele>
        <time>2026-07-05T16:54:26Z</time>
      </trkpt>
      <trkpt lat="44.15418" lon="-73.70542">
        <ele>1334.53</ele>
        <time>2026-07-05T16:54:27Z</time>
      </trkpt>
      <trkpt lat="44.15418" lon="-73.70542">
        <ele>1334.53</ele>
        <time>2026-07-05T16:54:31Z</time>
      </trkpt>
      <trkpt lat="44.15418" lon="-73.70542">
        <ele>1334.53</ele>
        <time>2026-07-05T16:54:36Z</time>
      </trkpt>
      <trkpt lat="44.15418" lon="-73.70542">
        <ele>1334.53</ele>
        <time>2026-07-05T16:54:43Z</time>
      </trkpt>
      <trkpt lat="44.15418" lon="-73.70542">
        <ele>1334.53</ele>
        <time>2026-07-05T16:54:44Z</time>
      </trkpt>
      <trkpt lat="44.15418" lon="-73.70542">
        <ele>1334.53</ele>
        <time>2026-07-05T16:54:45Z</time>
      </trkpt>
      <trkpt lat="44.15418" lon="-73.70541">
        <ele>1334.65</ele>
        <time>2026-07-05T16:54:46Z</time>
      </trkpt>
      <trkpt lat="44.15417" lon="-73.70542">
        <ele>1334.48</ele>
        <time>2026-07-05T16:54:53Z</time>
      </trkpt>
      <trkpt lat="44.15418" lon="-73.70541">
        <ele>1334.65</ele>
        <time>2026-07-05T16:55:02Z</time>
      </trkpt>
      <trkpt lat="44.15417" lon="-73.70542">
        <ele>1334.48</ele>
        <time>2026-07-05T16:55:08Z</time>
      </trkpt>
      <trkpt lat="44.15417" lon="-73.70542">
        <ele>1334.48</ele>
        <time>2026-07-05T16:55:12Z</time>
      </trkpt>
      <trkpt lat="44.15417" lon="-73.70542">
        <ele>1334.48</ele>
        <time>2026-07-05T16:55:14Z</time>
      </trkpt>
      <trkpt lat="44.15418" lon="-73.70541">
        <ele>1334.65</ele>
        <time>2026-07-05T16:55:26Z</time>
      </trkpt>
      <trkpt lat="44.15419" lon="-73.70541">
        <ele>1334.72</ele>
        <time>2026-07-05T16:55:29Z</time>
      </trkpt>
      <trkpt lat="44.15418" lon="-73.70542">
        <ele>1334.53</ele>
        <time>2026-07-05T16:55:32Z</time>
      </trkpt>
      <trkpt lat="44.15417" lon="-73.70542">
        <ele>1334.48</ele>
        <time>2026-07-05T16:55:40Z</time>
      </trkpt>
      <trkpt lat="44.15417" lon="-73.70542">
        <ele>1334.48</ele>
        <time>2026-07-05T16:55:45Z</time>
      </trkpt>
      <trkpt lat="44.15417" lon="-73.70542">
        <ele>1334.48</ele>
        <time>2026-07-05T16:55:49Z</time>
      </trkpt>
      <trkpt lat="44.15417" lon="-73.70542">
        <ele>1334.48</ele>
        <time>2026-07-05T16:55:53Z</time>
      </trkpt>
      <trkpt lat="44.15417" lon="-73.70541">
        <ele>1334.59</ele>
        <time>2026-07-05T16:55:58Z</time>
      </trkpt>
      <trkpt lat="44.15417" lon="-73.70542">
        <ele>1334.48</ele>
        <time>2026-07-05T16:56:07Z</time>
      </trkpt>
      <trkpt lat="44.15417" lon="-73.70542">
        <ele>1334.48</ele>
        <time>2026-07-05T16:56:09Z</time>
      </trkpt>
      <trkpt lat="44.15417" lon="-73.70542">
        <ele>1334.48</ele>
        <time>2026-07-05T16:56:14Z</time>
      </trkpt>
      <trkpt lat="44.15417" lon="-73.70541">
        <ele>1334.59</ele>
        <time>2026-07-05T16:56:18Z</time>
      </trkpt>
      <trkpt lat="44.15418" lon="-73.70543">
        <ele>1334.41</ele>
        <time>2026-07-05T16:57:30Z</time>
      </trkpt>
      <trkpt lat="44.15418" lon="-73.70543">
        <ele>1334.41</ele>
        <time>2026-07-05T16:57:32Z</time>
      </trkpt>
      <trkpt lat="44.15418" lon="-73.70543">
        <ele>1334.41</ele>
        <time>2026-07-05T16:57:40Z</time>
      </trkpt>
      <trkpt lat="44.15418" lon="-73.70543">
        <ele>1334.41</ele>
        <time>2026-07-05T17:00:26Z</time>
      </trkpt>
      <trkpt lat="44.15418" lon="-73.70543">
        <ele>1334.41</ele>
        <time>2026-07-05T17:00:33Z</time>
      </trkpt>
      <trkpt lat="44.15418" lon="-73.70542">
        <ele>1334.53</ele>
        <time>2026-07-05T17:01:11Z</time>
      </trkpt>
      <trkpt lat="44.15418" lon="-73.70543">
        <ele>1334.41</ele>
        <time>2026-07-05T17:01:12Z</time>
      </trkpt>
      <trkpt lat="44.15418" lon="-73.70543">
        <ele>1334.41</ele>
        <time>2026-07-05T17:01:18Z</time>
      </trkpt>
      <trkpt lat="44.15417" lon="-73.70543">
        <ele>1334.37</ele>
        <time>2026-07-05T17:01:44Z</time>
      </trkpt>
      <trkpt lat="44.15418" lon="-73.70543">
        <ele>1334.41</ele>
        <time>2026-07-05T17:01:47Z</time>
      </trkpt>
      <trkpt lat="44.15417" lon="-73.70543">
        <ele>1334.37</ele>
        <time>2026-07-05T17:02:03Z</time>
      </trkpt>
      <trkpt lat="44.15418" lon="-73.70543">
        <ele>1334.41</ele>
        <time>2026-07-05T17:02:06Z</time>
      </trkpt>
      <trkpt lat="44.15417" lon="-73.70543">
        <ele>1334.37</ele>
        <time>2026-07-05T17:03:00Z</time>
      </trkpt>
      <trkpt lat="44.15418" lon="-73.70543">
        <ele>1334.41</ele>
        <time>2026-07-05T17:03:11Z</time>
      </trkpt>
      <trkpt lat="44.15417" lon="-73.70543">
        <ele>1334.37</ele>
        <time>2026-07-05T17:04:01Z</time>
      </trkpt>
      <trkpt lat="44.15417" lon="-73.70543">
        <ele>1334.37</ele>
        <time>2026-07-05T17:04:10Z</time>
      </trkpt>
      <trkpt lat="44.15417" lon="-73.70543">
        <ele>1334.37</ele>
        <time>2026-07-05T17:04:15Z</time>
      </trkpt>
      <trkpt lat="44.15417" lon="-73.70543">
        <ele>1334.37</ele>
        <time>2026-07-05T17:04:20Z</time>
      </trkpt>
      <trkpt lat="44.15416" lon="-73.70543">
        <ele>1334.24</ele>
        <time>2026-07-05T17:04:33Z</time>
      </trkpt>
      <trkpt lat="44.15416" lon="-73.70543">
        <ele>1334.24</ele>
        <time>2026-07-05T17:05:00Z</time>
      </trkpt>
      <trkpt lat="44.15417" lon="-73.70543">
        <ele>1334.37</ele>
        <time>2026-07-05T17:05:05Z</time>
      </trkpt>
      <trkpt lat="44.15416" lon="-73.70543">
        <ele>1334.24</ele>
        <time>2026-07-05T17:05:13Z</time>
      </trkpt>
      <trkpt lat="44.15417" lon="-73.70544">
        <ele>1334.26</ele>
        <time>2026-07-05T17:06:06Z</time>
      </trkpt>
      <trkpt lat="44.15418" lon="-73.70543">
        <ele>1334.41</ele>
        <time>2026-07-05T17:06:10Z</time>
      </trkpt>
      <trkpt lat="44.15417" lon="-73.70543">
        <ele>1334.37</ele>
        <time>2026-07-05T17:06:15Z</time>
      </trkpt>
      <trkpt lat="44.15417" lon="-73.70543">
        <ele>1334.37</ele>
        <time>2026-07-05T17:06:21Z</time>
      </trkpt>
      <trkpt lat="44.15417" lon="-73.70542">
        <ele>1334.48</ele>
        <time>2026-07-05T17:06:33Z</time>
      </trkpt>
      <trkpt lat="44.15418" lon="-73.70543">
        <ele>1334.41</ele>
        <time>2026-07-05T17:06:46Z</time>
      </trkpt>
      <trkpt lat="44.15417" lon="-73.70542">
        <ele>1334.48</ele>
        <time>2026-07-05T17:06:55Z</time>
      </trkpt>
      <trkpt lat="44.15418" lon="-73.70542">
        <ele>1334.53</ele>
        <time>2026-07-05T17:07:01Z</time>
      </trkpt>
      <trkpt lat="44.15417" lon="-73.70543">
        <ele>1334.37</ele>
        <time>2026-07-05T17:07:10Z</time>
      </trkpt>
      <trkpt lat="44.15417" lon="-73.70543">
        <ele>1334.37</ele>
        <time>2026-07-05T17:07:16Z</time>
      </trkpt>
      <trkpt lat="44.15417" lon="-73.70543">
        <ele>1334.37</ele>
        <time>2026-07-05T17:07:23Z</time>
      </trkpt>
      <trkpt lat="44.15417" lon="-73.70543">
        <ele>1334.37</ele>
        <time>2026-07-05T17:07:24Z</time>
      </trkpt>
      <trkpt lat="44.15417" lon="-73.70542">
        <ele>1334.48</ele>
        <time>2026-07-05T17:07:28Z</time>
      </trkpt>
      <trkpt lat="44.15416" lon="-73.70543">
        <ele>1334.24</ele>
        <time>2026-07-05T17:07:41Z</time>
      </trkpt>
      <trkpt lat="44.15417" lon="-73.70543">
        <ele>1334.37</ele>
        <time>2026-07-05T17:08:04Z</time>
      </trkpt>
      <trkpt lat="44.15416" lon="-73.70543">
        <ele>1334.24</ele>
        <time>2026-07-05T17:08:06Z</time>
      </trkpt>
      <trkpt lat="44.15417" lon="-73.70542">
        <ele>1334.48</ele>
        <time>2026-07-05T17:08:11Z</time>
      </trkpt>
      <trkpt lat="44.15416" lon="-73.70543">
        <ele>1334.24</ele>
        <time>2026-07-05T17:08:12Z</time>
      </trkpt>
      <trkpt lat="44.15417" lon="-73.70544">
        <ele>1334.26</ele>
        <time>2026-07-05T17:08:39Z</time>
      </trkpt>
      <trkpt lat="44.15417" lon="-73.70544">
        <ele>1334.26</ele>
        <time>2026-07-05T17:08:44Z</time>
      </trkpt>
      <trkpt lat="44.15417" lon="-73.70543">
        <ele>1334.37</ele>
        <time>2026-07-05T17:08:49Z</time>
      </trkpt>
      <trkpt lat="44.15417" lon="-73.70543">
        <ele>1334.37</ele>
        <time>2026-07-05T17:08:51Z</time>
      </trkpt>
      <trkpt lat="44.15417" lon="-73.70543">
        <ele>1334.37</ele>
        <time>2026-07-05T17:08:55Z</time>
      </trkpt>
      <trkpt lat="44.15416" lon="-73.70543">
        <ele>1334.24</ele>
        <time>2026-07-05T17:08:57Z</time>
      </trkpt>
      <trkpt lat="44.15417" lon="-73.70542">
        <ele>1334.48</ele>
        <time>2026-07-05T17:09:09Z</time>
      </trkpt>
      <trkpt lat="44.15418" lon="-73.70543">
        <ele>1334.41</ele>
        <time>2026-07-05T17:31:20Z</time>
      </trkpt>
      <trkpt lat="44.15419" lon="-73.70544">
        <ele>1334.31</ele>
        <time>2026-07-05T17:31:21Z</time>
      </trkpt>
      <trkpt lat="44.15419" lon="-73.70543">
        <ele>1334.45</ele>
        <time>2026-07-05T17:31:22Z</time>
      </trkpt>
      <trkpt lat="44.15418" lon="-73.70543">
        <ele>1334.41</ele>
        <time>2026-07-05T17:31:30Z</time>
      </trkpt>
      <trkpt lat="44.15419" lon="-73.70543">
        <ele>1334.45</ele>
        <time>2026-07-05T17:31:37Z</time>
      </trkpt>
      <trkpt lat="44.15418" lon="-73.70543">
        <ele>1334.41</ele>
        <time>2026-07-05T17:31:41Z</time>
      </trkpt>
      <trkpt lat="44.15419" lon="-73.70543">
        <ele>1334.45</ele>
        <time>2026-07-05T17:32:13Z</time>
      </trkpt>
      <trkpt lat="44.15418" lon="-73.70543">
        <ele>1334.41</ele>
        <time>2026-07-05T17:32:15Z</time>
      </trkpt>
      <trkpt lat="44.15419" lon="-73.70543">
        <ele>1334.45</ele>
        <time>2026-07-05T17:32:24Z</time>
      </trkpt>
      <trkpt lat="44.15418" lon="-73.70543">
        <ele>1334.41</ele>
        <time>2026-07-05T17:32:26Z</time>
      </trkpt>
      <trkpt lat="44.15419" lon="-73.7054">
        <ele>1334.85</ele>
        <time>2026-07-05T17:32:30Z</time>
      </trkpt>
      <trkpt lat="44.1542" lon="-73.70536">
        <ele>1335.36</ele>
        <time>2026-07-05T17:32:37Z</time>
      </trkpt>
      <trkpt lat="44.1542" lon="-73.70532">
        <ele>1335.36</ele>
        <time>2026-07-05T17:32:47Z</time>
      </trkpt>
      <trkpt lat="44.15418" lon="-73.70532">
        <ele>1335.14</ele>
        <time>2026-07-05T17:32:53Z</time>
      </trkpt>
      <trkpt lat="44.15418" lon="-73.7053">
        <ele>1335.14</ele>
        <time>2026-07-05T17:32:56Z</time>
      </trkpt>
      <trkpt lat="44.15418" lon="-73.70527">
        <ele>1335.22</ele>
        <time>2026-07-05T17:32:59Z</time>
      </trkpt>
      <trkpt lat="44.15418" lon="-73.70526">
        <ele>1335.31</ele>
        <time>2026-07-05T17:33:01Z</time>
      </trkpt>
      <trkpt lat="44.15417" lon="-73.70516">
        <ele>1335.99</ele>
        <time>2026-07-05T17:33:17Z</time>
      </trkpt>
      <trkpt lat="44.15417" lon="-73.70517">
        <ele>1335.99</ele>
        <time>2026-07-05T17:33:18Z</time>
      </trkpt>
      <trkpt lat="44.15417" lon="-73.70519">
        <ele>1335.95</ele>
        <time>2026-07-05T17:33:21Z</time>
      </trkpt>
      <trkpt lat="44.1542" lon="-73.70526">
        <ele>1335.48</ele>
        <time>2026-07-05T17:33:27Z</time>
      </trkpt>
      <trkpt lat="44.15421" lon="-73.70527">
        <ele>1335.51</ele>
        <time>2026-07-05T17:33:29Z</time>
      </trkpt>
      <trkpt lat="44.1542" lon="-73.70531">
        <ele>1335.36</ele>
        <time>2026-07-05T17:33:33Z</time>
      </trkpt>
      <trkpt lat="44.15419" lon="-73.70539">
        <ele>1334.99</ele>
        <time>2026-07-05T17:33:40Z</time>
      </trkpt>
      <trkpt lat="44.15418" lon="-73.7054">
        <ele>1334.78</ele>
        <time>2026-07-05T17:33:41Z</time>
      </trkpt>
      <trkpt lat="44.15418" lon="-73.70541">
        <ele>1334.65</ele>
        <time>2026-07-05T17:33:42Z</time>
      </trkpt>
      <trkpt lat="44.15419" lon="-73.7054">
        <ele>1334.85</ele>
        <time>2026-07-05T17:33:46Z</time>
      </trkpt>
      <trkpt lat="44.15419" lon="-73.7054">
        <ele>1334.85</ele>
        <time>2026-07-05T17:33:53Z</time>
      </trkpt>
      <trkpt lat="44.15419" lon="-73.70539">
        <ele>1334.99</ele>
        <time>2026-07-05T17:34:32Z</time>
      </trkpt>
      <trkpt lat="44.15419" lon="-73.70533">
        <ele>1335.25</ele>
        <time>2026-07-05T17:34:40Z</time>
      </trkpt>
      <trkpt lat="44.15419" lon="-73.70532">
        <ele>1335.25</ele>
        <time>2026-07-05T17:34:41Z</time>
      </trkpt>
      <trkpt lat="44.15411" lon="-73.70472">
        <ele>1332.36</ele>
        <time>2026-07-05T17:35:53Z</time>
      </trkpt>
      <trkpt lat="44.15408" lon="-73.70466">
        <ele>1331.39</ele>
        <time>2026-07-05T17:36:00Z</time>
      </trkpt>
      <trkpt lat="44.15407" lon="-73.70464">
        <ele>1331.03</ele>
        <time>2026-07-05T17:36:04Z</time>
      </trkpt>
      <trkpt lat="44.15407" lon="-73.70462">
        <ele>1330.7</ele>
        <time>2026-07-05T17:36:06Z</time>
      </trkpt>
      <trkpt lat="44.15407" lon="-73.70461">
        <ele>1330.49</ele>
        <time>2026-07-05T17:36:10Z</time>
      </trkpt>
      <trkpt lat="44.15407" lon="-73.7046">
        <ele>1330.27</ele>
        <time>2026-07-05T17:36:11Z</time>
      </trkpt>
      <trkpt lat="44.15409" lon="-73.70455">
        <ele>1329.45</ele>
        <time>2026-07-05T17:36:17Z</time>
      </trkpt>
      <trkpt lat="44.1541" lon="-73.70453">
        <ele>1329.13</ele>
        <time>2026-07-05T17:36:19Z</time>
      </trkpt>
      <trkpt lat="44.15412" lon="-73.7045">
        <ele>1328.7</ele>
        <time>2026-07-05T17:36:25Z</time>
      </trkpt>
      <trkpt lat="44.15413" lon="-73.70448">
        <ele>1328.37</ele>
        <time>2026-07-05T17:36:28Z</time>
      </trkpt>
      <trkpt lat="44.15414" lon="-73.70445">
        <ele>1327.83</ele>
        <time>2026-07-05T17:36:33Z</time>
      </trkpt>
      <trkpt lat="44.15415" lon="-73.70442">
        <ele>1327.03</ele>
        <time>2026-07-05T17:36:39Z</time>
      </trkpt>
      <trkpt lat="44.15416" lon="-73.70442">
        <ele>1327.14</ele>
        <time>2026-07-05T17:36:40Z</time>
      </trkpt>
      <trkpt lat="44.15417" lon="-73.70436">
        <ele>1325.26</ele>
        <time>2026-07-05T17:36:47Z</time>
      </trkpt>
      <trkpt lat="44.15418" lon="-73.70436">
        <ele>1325.25</ele>
        <time>2026-07-05T17:36:48Z</time>
      </trkpt>
      <trkpt lat="44.15419" lon="-73.70433">
        <ele>1324.47</ele>
        <time>2026-07-05T17:36:54Z</time>
      </trkpt>
      <trkpt lat="44.15419" lon="-73.70432">
        <ele>1324.23</ele>
        <time>2026-07-05T17:36:55Z</time>
      </trkpt>
      <trkpt lat="44.15421" lon="-73.7043">
        <ele>1323.62</ele>
        <time>2026-07-05T17:37:00Z</time>
      </trkpt>
      <trkpt lat="44.15421" lon="-73.7043">
        <ele>1323.62</ele>
        <time>2026-07-05T17:37:01Z</time>
      </trkpt>
      <trkpt lat="44.15423" lon="-73.70425">
        <ele>1322.08</ele>
        <time>2026-07-05T17:37:08Z</time>
      </trkpt>
      <trkpt lat="44.15424" lon="-73.70425">
        <ele>1321.99</ele>
        <time>2026-07-05T17:37:09Z</time>
      </trkpt>
      <trkpt lat="44.15426" lon="-73.70423">
        <ele>1321.36</ele>
        <time>2026-07-05T17:37:17Z</time>
      </trkpt>
      <trkpt lat="44.15426" lon="-73.70422">
        <ele>1321.14</ele>
        <time>2026-07-05T17:37:19Z</time>
      </trkpt>
      <trkpt lat="44.15427" lon="-73.70418">
        <ele>1320.17</ele>
        <time>2026-07-05T17:37:26Z</time>
      </trkpt>
      <trkpt lat="44.15427" lon="-73.70417">
        <ele>1319.96</ele>
        <time>2026-07-05T17:37:27Z</time>
      </trkpt>
      <trkpt lat="44.1543" lon="-73.70413">
        <ele>1318.77</ele>
        <time>2026-07-05T17:37:33Z</time>
      </trkpt>
      <trkpt lat="44.1543" lon="-73.70413">
        <ele>1318.77</ele>
        <time>2026-07-05T17:37:34Z</time>
      </trkpt>
      <trkpt lat="44.15432" lon="-73.7041">
        <ele>1317.9</ele>
        <time>2026-07-05T17:37:39Z</time>
      </trkpt>
      <trkpt lat="44.15433" lon="-73.70409">
        <ele>1317.58</ele>
        <time>2026-07-05T17:37:41Z</time>
      </trkpt>
      <trkpt lat="44.15435" lon="-73.70408">
        <ele>1317.15</ele>
        <time>2026-07-05T17:37:45Z</time>
      </trkpt>
      <trkpt lat="44.15438" lon="-73.70406">
        <ele>1316.39</ele>
        <time>2026-07-05T17:37:50Z</time>
      </trkpt>
      <trkpt lat="44.1544" lon="-73.70405">
        <ele>1315.96</ele>
        <time>2026-07-05T17:37:53Z</time>
      </trkpt>
      <trkpt lat="44.15441" lon="-73.70403">
        <ele>1315.42</ele>
        <time>2026-07-05T17:37:59Z</time>
      </trkpt>
      <trkpt lat="44.15442" lon="-73.70401">
        <ele>1314.88</ele>
        <time>2026-07-05T17:38:03Z</time>
      </trkpt>
      <trkpt lat="44.15443" lon="-73.70401">
        <ele>1314.77</ele>
        <time>2026-07-05T17:38:09Z</time>
      </trkpt>
      <trkpt lat="44.15445" lon="-73.70399">
        <ele>1314.06</ele>
        <time>2026-07-05T17:38:15Z</time>
      </trkpt>
      <trkpt lat="44.15446" lon="-73.70397">
        <ele>1313.42</ele>
        <time>2026-07-05T17:38:19Z</time>
      </trkpt>
      <trkpt lat="44.15446" lon="-73.70395">
        <ele>1312.98</ele>
        <time>2026-07-05T17:38:21Z</time>
      </trkpt>
      <trkpt lat="44.15446" lon="-73.70391">
        <ele>1312.12</ele>
        <time>2026-07-05T17:38:25Z</time>
      </trkpt>
      <trkpt lat="44.15447" lon="-73.70389">
        <ele>1311.47</ele>
        <time>2026-07-05T17:38:28Z</time>
      </trkpt>
      <trkpt lat="44.15447" lon="-73.70384">
        <ele>1309.86</ele>
        <time>2026-07-05T17:38:33Z</time>
      </trkpt>
      <trkpt lat="44.1545" lon="-73.70379">
        <ele>1307.6</ele>
        <time>2026-07-05T17:38:40Z</time>
      </trkpt>
      <trkpt lat="44.15452" lon="-73.70379">
        <ele>1307.16</ele>
        <time>2026-07-05T17:38:42Z</time>
      </trkpt>
      <trkpt lat="44.15453" lon="-73.70377">
        <ele>1306.3</ele>
        <time>2026-07-05T17:38:48Z</time>
      </trkpt>
      <trkpt lat="44.15453" lon="-73.70374">
        <ele>1305.33</ele>
        <time>2026-07-05T17:38:55Z</time>
      </trkpt>
      <trkpt lat="44.15453" lon="-73.70372">
        <ele>1304.68</ele>
        <time>2026-07-05T17:39:06Z</time>
      </trkpt>
      <trkpt lat="44.15453" lon="-73.70368">
        <ele>1303.13</ele>
        <time>2026-07-05T17:39:10Z</time>
      </trkpt>
      <trkpt lat="44.15454" lon="-73.70362">
        <ele>1300.32</ele>
        <time>2026-07-05T17:39:16Z</time>
      </trkpt>
      <trkpt lat="44.15454" lon="-73.70361">
        <ele>1299.9</ele>
        <time>2026-07-05T17:39:17Z</time>
      </trkpt>
      <trkpt lat="44.15453" lon="-73.70359">
        <ele>1299.47</ele>
        <time>2026-07-05T17:39:22Z</time>
      </trkpt>
      <trkpt lat="44.15452" lon="-73.70354">
        <ele>1298.06</ele>
        <time>2026-07-05T17:39:26Z</time>
      </trkpt>
      <trkpt lat="44.15451" lon="-73.70351">
        <ele>1297.37</ele>
        <time>2026-07-05T17:39:29Z</time>
      </trkpt>
      <trkpt lat="44.15448" lon="-73.70346">
        <ele>1296.58</ele>
        <time>2026-07-05T17:39:36Z</time>
      </trkpt>
      <trkpt lat="44.15447" lon="-73.70344">
        <ele>1296.14</ele>
        <time>2026-07-05T17:39:39Z</time>
      </trkpt>
      <trkpt lat="44.15445" lon="-73.70343">
        <ele>1296.07</ele>
        <time>2026-07-05T17:39:42Z</time>
      </trkpt>
      <trkpt lat="44.15444" lon="-73.70342">
        <ele>1295.81</ele>
        <time>2026-07-05T17:39:46Z</time>
      </trkpt>
      <trkpt lat="44.15444" lon="-73.70341">
        <ele>1295.48</ele>
        <time>2026-07-05T17:39:49Z</time>
      </trkpt>
      <trkpt lat="44.15444" lon="-73.70339">
        <ele>1294.84</ele>
        <time>2026-07-05T17:39:53Z</time>
      </trkpt>
      <trkpt lat="44.15443" lon="-73.70336">
        <ele>1293.86</ele>
        <time>2026-07-05T17:39:57Z</time>
      </trkpt>
      <trkpt lat="44.15443" lon="-73.70335">
        <ele>1293.54</ele>
        <time>2026-07-05T17:39:59Z</time>
      </trkpt>
      <trkpt lat="44.15446" lon="-73.70332">
        <ele>1292.4</ele>
        <time>2026-07-05T17:40:05Z</time>
      </trkpt>
      <trkpt lat="44.15446" lon="-73.70332">
        <ele>1292.4</ele>
        <time>2026-07-05T17:40:06Z</time>
      </trkpt>
      <trkpt lat="44.15447" lon="-73.70329">
        <ele>1291.32</ele>
        <time>2026-07-05T17:40:10Z</time>
      </trkpt>
      <trkpt lat="44.15447" lon="-73.70329">
        <ele>1291.32</ele>
        <time>2026-07-05T17:40:11Z</time>
      </trkpt>
      <trkpt lat="44.15447" lon="-73.70328">
        <ele>1291.0</ele>
        <time>2026-07-05T17:40:12Z</time>
      </trkpt>
      <trkpt lat="44.15448" lon="-73.70325">
        <ele>1289.92</ele>
        <time>2026-07-05T17:40:16Z</time>
      </trkpt>
      <trkpt lat="44.15449" lon="-73.70323">
        <ele>1289.1</ele>
        <time>2026-07-05T17:40:19Z</time>
      </trkpt>
      <trkpt lat="44.15451" lon="-73.70322">
        <ele>1288.55</ele>
        <time>2026-07-05T17:40:24Z</time>
      </trkpt>
      <trkpt lat="44.1545" lon="-73.70321">
        <ele>1288.27</ele>
        <time>2026-07-05T17:40:26Z</time>
      </trkpt>
      <trkpt lat="44.15451" lon="-73.7032">
        <ele>1287.84</ele>
        <time>2026-07-05T17:40:36Z</time>
      </trkpt>
      <trkpt lat="44.15451" lon="-73.70319">
        <ele>1287.49</ele>
        <time>2026-07-05T17:40:42Z</time>
      </trkpt>
      <trkpt lat="44.15451" lon="-73.70318">
        <ele>1287.13</ele>
        <time>2026-07-05T17:40:47Z</time>
      </trkpt>
      <trkpt lat="44.15452" lon="-73.70318">
        <ele>1287.1</ele>
        <time>2026-07-05T17:40:54Z</time>
      </trkpt>
      <trkpt lat="44.15453" lon="-73.70318">
        <ele>1287.06</ele>
        <time>2026-07-05T17:40:55Z</time>
      </trkpt>
      <trkpt lat="44.15458" lon="-73.70315">
        <ele>1285.6</ele>
        <time>2026-07-05T17:41:03Z</time>
      </trkpt>
      <trkpt lat="44.15459" lon="-73.70314">
        <ele>1285.16</ele>
        <time>2026-07-05T17:41:04Z</time>
      </trkpt>
      <trkpt lat="44.15461" lon="-73.7031">
        <ele>1283.65</ele>
        <time>2026-07-05T17:41:09Z</time>
      </trkpt>
      <trkpt lat="44.15463" lon="-73.70308">
        <ele>1282.78</ele>
        <time>2026-07-05T17:41:13Z</time>
      </trkpt>
      <trkpt lat="44.15463" lon="-73.70305">
        <ele>1281.81</ele>
        <time>2026-07-05T17:41:17Z</time>
      </trkpt>
      <trkpt lat="44.15463" lon="-73.703">
        <ele>1280.19</ele>
        <time>2026-07-05T17:41:22Z</time>
      </trkpt>
      <trkpt lat="44.15462" lon="-73.70299">
        <ele>1279.91</ele>
        <time>2026-07-05T17:41:23Z</time>
      </trkpt>
      <trkpt lat="44.15462" lon="-73.70294">
        <ele>1278.28</ele>
        <time>2026-07-05T17:41:30Z</time>
      </trkpt>
      <trkpt lat="44.15464" lon="-73.70293">
        <ele>1277.86</ele>
        <time>2026-07-05T17:41:34Z</time>
      </trkpt>
      <trkpt lat="44.15465" lon="-73.70293">
        <ele>1277.79</ele>
        <time>2026-07-05T17:41:38Z</time>
      </trkpt>
      <trkpt lat="44.15465" lon="-73.70293">
        <ele>1277.79</ele>
        <time>2026-07-05T17:41:44Z</time>
      </trkpt>
      <trkpt lat="44.15466" lon="-73.70293">
        <ele>1277.72</ele>
        <time>2026-07-05T17:41:50Z</time>
      </trkpt>
      <trkpt lat="44.15467" lon="-73.70293">
        <ele>1277.65</ele>
        <time>2026-07-05T17:41:56Z</time>
      </trkpt>
      <trkpt lat="44.15467" lon="-73.70293">
        <ele>1277.65</ele>
        <time>2026-07-05T17:42:20Z</time>
      </trkpt>
      <trkpt lat="44.1547" lon="-73.70292">
        <ele>1277.2</ele>
        <time>2026-07-05T17:42:25Z</time>
      </trkpt>
      <trkpt lat="44.1547" lon="-73.70291">
        <ele>1276.96</ele>
        <time>2026-07-05T17:42:26Z</time>
      </trkpt>
      <trkpt lat="44.15471" lon="-73.70289">
        <ele>1276.45</ele>
        <time>2026-07-05T17:42:29Z</time>
      </trkpt>
      <trkpt lat="44.15471" lon="-73.70286">
        <ele>1275.68</ele>
        <time>2026-07-05T17:42:32Z</time>
      </trkpt>
      <trkpt lat="44.15472" lon="-73.70283">
        <ele>1274.7</ele>
        <time>2026-07-05T17:42:35Z</time>
      </trkpt>
      <trkpt lat="44.15474" lon="-73.70278">
        <ele>1273.07</ele>
        <time>2026-07-05T17:42:39Z</time>
      </trkpt>
      <trkpt lat="44.15474" lon="-73.70278">
        <ele>1273.07</ele>
        <time>2026-07-05T17:42:40Z</time>
      </trkpt>
      <trkpt lat="44.15474" lon="-73.70275">
        <ele>1272.34</ele>
        <time>2026-07-05T17:42:43Z</time>
      </trkpt>
      <trkpt lat="44.15474" lon="-73.70273">
        <ele>1271.87</ele>
        <time>2026-07-05T17:42:45Z</time>
      </trkpt>
      <trkpt lat="44.15474" lon="-73.70271">
        <ele>1271.4</ele>
        <time>2026-07-05T17:42:48Z</time>
      </trkpt>
      <trkpt lat="44.15474" lon="-73.70268">
        <ele>1270.7</ele>
        <time>2026-07-05T17:42:52Z</time>
      </trkpt>
      <trkpt lat="44.15474" lon="-73.70265">
        <ele>1270.05</ele>
        <time>2026-07-05T17:42:56Z</time>
      </trkpt>
      <trkpt lat="44.15473" lon="-73.70262">
        <ele>1269.51</ele>
        <time>2026-07-05T17:43:00Z</time>
      </trkpt>
      <trkpt lat="44.15473" lon="-73.7026">
        <ele>1269.08</ele>
        <time>2026-07-05T17:43:03Z</time>
      </trkpt>
      <trkpt lat="44.15472" lon="-73.70257">
        <ele>1268.51</ele>
        <time>2026-07-05T17:43:08Z</time>
      </trkpt>
      <trkpt lat="44.15472" lon="-73.70255">
        <ele>1268.07</ele>
        <time>2026-07-05T17:43:10Z</time>
      </trkpt>
      <trkpt lat="44.15473" lon="-73.70251">
        <ele>1267.21</ele>
        <time>2026-07-05T17:43:15Z</time>
      </trkpt>
      <trkpt lat="44.15474" lon="-73.70249">
        <ele>1266.78</ele>
        <time>2026-07-05T17:43:18Z</time>
      </trkpt>
      <trkpt lat="44.15474" lon="-73.70248">
        <ele>1266.57</ele>
        <time>2026-07-05T17:43:21Z</time>
      </trkpt>
      <trkpt lat="44.15474" lon="-73.70248">
        <ele>1266.57</ele>
        <time>2026-07-05T17:43:23Z</time>
      </trkpt>
      <trkpt lat="44.15474" lon="-73.70245">
        <ele>1265.92</ele>
        <time>2026-07-05T17:43:33Z</time>
      </trkpt>
      <trkpt lat="44.15476" lon="-73.7024">
        <ele>1264.84</ele>
        <time>2026-07-05T17:43:38Z</time>
      </trkpt>
      <trkpt lat="44.15477" lon="-73.70237">
        <ele>1264.19</ele>
        <time>2026-07-05T17:43:41Z</time>
      </trkpt>
      <trkpt lat="44.1548" lon="-73.70234">
        <ele>1263.54</ele>
        <time>2026-07-05T17:43:46Z</time>
      </trkpt>
      <trkpt lat="44.1548" lon="-73.70232">
        <ele>1263.11</ele>
        <time>2026-07-05T17:43:48Z</time>
      </trkpt>
      <trkpt lat="44.15482" lon="-73.70228">
        <ele>1262.25</ele>
        <time>2026-07-05T17:43:53Z</time>
      </trkpt>
      <trkpt lat="44.15482" lon="-73.70225">
        <ele>1261.6</ele>
        <time>2026-07-05T17:43:56Z</time>
      </trkpt>
      <trkpt lat="44.15484" lon="-73.70221">
        <ele>1260.74</ele>
        <time>2026-07-05T17:44:01Z</time>
      </trkpt>
      <trkpt lat="44.15485" lon="-73.70219">
        <ele>1260.3</ele>
        <time>2026-07-05T17:44:03Z</time>
      </trkpt>
      <trkpt lat="44.15489" lon="-73.70213">
        <ele>1259.01</ele>
        <time>2026-07-05T17:44:09Z</time>
      </trkpt>
      <trkpt lat="44.15489" lon="-73.70212">
        <ele>1258.79</ele>
        <time>2026-07-05T17:44:10Z</time>
      </trkpt>
      <trkpt lat="44.1549" lon="-73.70206">
        <ele>1257.5</ele>
        <time>2026-07-05T17:44:15Z</time>
      </trkpt>
      <trkpt lat="44.1549" lon="-73.70204">
        <ele>1257.06</ele>
        <time>2026-07-05T17:44:18Z</time>
      </trkpt>
      <trkpt lat="44.1549" lon="-73.70201">
        <ele>1256.39</ele>
        <time>2026-07-05T17:44:21Z</time>
      </trkpt>
      <trkpt lat="44.1549" lon="-73.70196">
        <ele>1255.27</ele>
        <time>2026-07-05T17:44:25Z</time>
      </trkpt>
      <trkpt lat="44.1549" lon="-73.70195">
        <ele>1255.04</ele>
        <time>2026-07-05T17:44:26Z</time>
      </trkpt>
      <trkpt lat="44.15494" lon="-73.7019">
        <ele>1254.04</ele>
        <time>2026-07-05T17:44:33Z</time>
      </trkpt>
      <trkpt lat="44.15495" lon="-73.70187">
        <ele>1253.39</ele>
        <time>2026-07-05T17:44:38Z</time>
      </trkpt>
      <trkpt lat="44.15494" lon="-73.70187">
        <ele>1253.39</ele>
        <time>2026-07-05T17:44:40Z</time>
      </trkpt>
      <trkpt lat="44.15497" lon="-73.70183">
        <ele>1252.53</ele>
        <time>2026-07-05T17:44:46Z</time>
      </trkpt>
      <trkpt lat="44.15497" lon="-73.70182">
        <ele>1252.31</ele>
        <time>2026-07-05T17:44:47Z</time>
      </trkpt>
      <trkpt lat="44.15496" lon="-73.70177">
        <ele>1251.23</ele>
        <time>2026-07-05T17:44:53Z</time>
      </trkpt>
      <trkpt lat="44.15496" lon="-73.70177">
        <ele>1251.23</ele>
        <time>2026-07-05T17:44:54Z</time>
      </trkpt>
      <trkpt lat="44.15496" lon="-73.70171">
        <ele>1249.71</ele>
        <time>2026-07-05T17:45:00Z</time>
      </trkpt>
      <trkpt lat="44.15497" lon="-73.7017">
        <ele>1249.51</ele>
        <time>2026-07-05T17:45:01Z</time>
      </trkpt>
      <trkpt lat="44.15499" lon="-73.70163">
        <ele>1248.1</ele>
        <time>2026-07-05T17:45:07Z</time>
      </trkpt>
      <trkpt lat="44.155" lon="-73.70156">
        <ele>1246.85</ele>
        <time>2026-07-05T17:45:14Z</time>
      </trkpt>
      <trkpt lat="44.15501" lon="-73.70151">
        <ele>1246.42</ele>
        <time>2026-07-05T17:45:19Z</time>
      </trkpt>
      <trkpt lat="44.15501" lon="-73.70147">
        <ele>1245.98</ele>
        <time>2026-07-05T17:45:21Z</time>
      </trkpt>
      <trkpt lat="44.15503" lon="-73.7014">
        <ele>1245.44</ele>
        <time>2026-07-05T17:45:26Z</time>
      </trkpt>
      <trkpt lat="44.15504" lon="-73.70136">
        <ele>1245.12</ele>
        <time>2026-07-05T17:45:29Z</time>
      </trkpt>
      <trkpt lat="44.15505" lon="-73.70135">
        <ele>1245.12</ele>
        <time>2026-07-05T17:45:30Z</time>
      </trkpt>
      <trkpt lat="44.15508" lon="-73.7013">
        <ele>1244.9</ele>
        <time>2026-07-05T17:45:35Z</time>
      </trkpt>
      <trkpt lat="44.15511" lon="-73.70123">
        <ele>1244.87</ele>
        <time>2026-07-05T17:45:40Z</time>
      </trkpt>
      <trkpt lat="44.15512" lon="-73.70121">
        <ele>1244.72</ele>
        <time>2026-07-05T17:45:42Z</time>
      </trkpt>
      <trkpt lat="44.15513" lon="-73.70113">
        <ele>1244.12</ele>
        <time>2026-07-05T17:45:48Z</time>
      </trkpt>
      <trkpt lat="44.15515" lon="-73.70103">
        <ele>1243.12</ele>
        <time>2026-07-05T17:45:55Z</time>
      </trkpt>
      <trkpt lat="44.15518" lon="-73.70093">
        <ele>1241.99</ele>
        <time>2026-07-05T17:46:02Z</time>
      </trkpt>
      <trkpt lat="44.15519" lon="-73.70088">
        <ele>1241.56</ele>
        <time>2026-07-05T17:46:05Z</time>
      </trkpt>
      <trkpt lat="44.15519" lon="-73.70087">
        <ele>1241.45</ele>
        <time>2026-07-05T17:46:07Z</time>
      </trkpt>
      <trkpt lat="44.15519" lon="-73.70088">
        <ele>1241.56</ele>
        <time>2026-07-05T17:46:09Z</time>
      </trkpt>
      <trkpt lat="44.15519" lon="-73.70087">
        <ele>1241.45</ele>
        <time>2026-07-05T17:46:20Z</time>
      </trkpt>
      <trkpt lat="44.1552" lon="-73.70085">
        <ele>1241.34</ele>
        <time>2026-07-05T17:46:22Z</time>
      </trkpt>
      <trkpt lat="44.15522" lon="-73.70082">
        <ele>1241.23</ele>
        <time>2026-07-05T17:46:26Z</time>
      </trkpt>
      <trkpt lat="44.15526" lon="-73.7008">
        <ele>1241.45</ele>
        <time>2026-07-05T17:46:31Z</time>
      </trkpt>
      <trkpt lat="44.15526" lon="-73.7008">
        <ele>1241.45</ele>
        <time>2026-07-05T17:46:32Z</time>
      </trkpt>
      <trkpt lat="44.15528" lon="-73.70074">
        <ele>1240.99</ele>
        <time>2026-07-05T17:46:38Z</time>
      </trkpt>
      <trkpt lat="44.15529" lon="-73.70074">
        <ele>1240.99</ele>
        <time>2026-07-05T17:46:39Z</time>
      </trkpt>
      <trkpt lat="44.15532" lon="-73.7007">
        <ele>1240.56</ele>
        <time>2026-07-05T17:46:46Z</time>
      </trkpt>
      <trkpt lat="44.15532" lon="-73.70069">
        <ele>1240.45</ele>
        <time>2026-07-05T17:46:47Z</time>
      </trkpt>
      <trkpt lat="44.15533" lon="-73.70065">
        <ele>1240.02</ele>
        <time>2026-07-05T17:46:52Z</time>
      </trkpt>
      <trkpt lat="44.15534" lon="-73.70063">
        <ele>1239.74</ele>
        <time>2026-07-05T17:46:54Z</time>
      </trkpt>
      <trkpt lat="44.1554" lon="-73.70056">
        <ele>1239.35</ele>
        <time>2026-07-05T17:47:01Z</time>
      </trkpt>
      <trkpt lat="44.15542" lon="-73.70054">
        <ele>1239.37</ele>
        <time>2026-07-05T17:47:04Z</time>
      </trkpt>
      <trkpt lat="44.15545" lon="-73.7005">
        <ele>1239.26</ele>
        <time>2026-07-05T17:47:09Z</time>
      </trkpt>
      <trkpt lat="44.15545" lon="-73.70047">
        <ele>1238.94</ele>
        <time>2026-07-05T17:47:11Z</time>
      </trkpt>
      <trkpt lat="44.15549" lon="-73.70039">
        <ele>1238.21</ele>
        <time>2026-07-05T17:47:18Z</time>
      </trkpt>
      <trkpt lat="44.15551" lon="-73.7003">
        <ele>1236.87</ele>
        <time>2026-07-05T17:47:24Z</time>
      </trkpt>
      <trkpt lat="44.15552" lon="-73.70029">
        <ele>1236.8</ele>
        <time>2026-07-05T17:47:25Z</time>
      </trkpt>
      <trkpt lat="44.15556" lon="-73.70023">
        <ele>1236.48</ele>
        <time>2026-07-05T17:47:31Z</time>
      </trkpt>
      <trkpt lat="44.15562" lon="-73.70016">
        <ele>1235.92</ele>
        <time>2026-07-05T17:47:39Z</time>
      </trkpt>
      <trkpt lat="44.15566" lon="-73.70011">
        <ele>1236.02</ele>
        <time>2026-07-05T17:47:46Z</time>
      </trkpt>
      <trkpt lat="44.15568" lon="-73.70009">
        <ele>1235.98</ele>
        <time>2026-07-05T17:47:48Z</time>
      </trkpt>
      <trkpt lat="44.15573" lon="-73.70006">
        <ele>1235.96</ele>
        <time>2026-07-05T17:47:54Z</time>
      </trkpt>
      <trkpt lat="44.15576" lon="-73.70004">
        <ele>1236.21</ele>
        <time>2026-07-05T17:48:01Z</time>
      </trkpt>
      <trkpt lat="44.1558" lon="-73.69999">
        <ele>1236.64</ele>
        <time>2026-07-05T17:48:07Z</time>
      </trkpt>
      <trkpt lat="44.15587" lon="-73.69993">
        <ele>1237.4</ele>
        <time>2026-07-05T17:48:15Z</time>
      </trkpt>
      <trkpt lat="44.15592" lon="-73.69988">
        <ele>1237.94</ele>
        <time>2026-07-05T17:48:23Z</time>
      </trkpt>
      <trkpt lat="44.15593" lon="-73.69988">
        <ele>1238.06</ele>
        <time>2026-07-05T17:48:24Z</time>
      </trkpt>
      <trkpt lat="44.15594" lon="-73.69986">
        <ele>1238.23</ele>
        <time>2026-07-05T17:48:25Z</time>
      </trkpt>
      <trkpt lat="44.15594" lon="-73.69984">
        <ele>1238.26</ele>
        <time>2026-07-05T17:48:27Z</time>
      </trkpt>
      <trkpt lat="44.15595" lon="-73.69982">
        <ele>1238.51</ele>
        <time>2026-07-05T17:48:29Z</time>
      </trkpt>
      <trkpt lat="44.15598" lon="-73.69975">
        <ele>1239.17</ele>
        <time>2026-07-05T17:48:35Z</time>
      </trkpt>
      <trkpt lat="44.156" lon="-73.69973">
        <ele>1239.6</ele>
        <time>2026-07-05T17:48:38Z</time>
      </trkpt>
      <trkpt lat="44.15605" lon="-73.69967">
        <ele>1239.78</ele>
        <time>2026-07-05T17:48:45Z</time>
      </trkpt>
      <trkpt lat="44.15607" lon="-73.69964">
        <ele>1239.67</ele>
        <time>2026-07-05T17:48:50Z</time>
      </trkpt>
      <trkpt lat="44.15609" lon="-73.69963">
        <ele>1239.78</ele>
        <time>2026-07-05T17:48:52Z</time>
      </trkpt>
      <trkpt lat="44.15611" lon="-73.69962">
        <ele>1239.99</ele>
        <time>2026-07-05T17:48:55Z</time>
      </trkpt>
      <trkpt lat="44.15612" lon="-73.69959">
        <ele>1240.05</ele>
        <time>2026-07-05T17:48:59Z</time>
      </trkpt>
      <trkpt lat="44.15615" lon="-73.69951">
        <ele>1239.54</ele>
        <time>2026-07-05T17:49:08Z</time>
      </trkpt>
      <trkpt lat="44.15619" lon="-73.69945">
        <ele>1238.92</ele>
        <time>2026-07-05T17:49:16Z</time>
      </trkpt>
      <trkpt lat="44.1562" lon="-73.69944">
        <ele>1238.86</ele>
        <time>2026-07-05T17:49:17Z</time>
      </trkpt>
      <trkpt lat="44.15623" lon="-73.69936">
        <ele>1237.18</ele>
        <time>2026-07-05T17:49:24Z</time>
      </trkpt>
      <trkpt lat="44.15623" lon="-73.69935">
        <ele>1236.96</ele>
        <time>2026-07-05T17:49:25Z</time>
      </trkpt>
      <trkpt lat="44.15629" lon="-73.69926">
        <ele>1235.02</ele>
        <time>2026-07-05T17:49:34Z</time>
      </trkpt>
      <trkpt lat="44.1563" lon="-73.69922">
        <ele>1234.58</ele>
        <time>2026-07-05T17:49:37Z</time>
      </trkpt>
      <trkpt lat="44.1563" lon="-73.6992">
        <ele>1234.36</ele>
        <time>2026-07-05T17:49:38Z</time>
      </trkpt>
      <trkpt lat="44.15629" lon="-73.69918">
        <ele>1234.14</ele>
        <time>2026-07-05T17:49:40Z</time>
      </trkpt>
      <trkpt lat="44.15629" lon="-73.69916">
        <ele>1233.92</ele>
        <time>2026-07-05T17:49:41Z</time>
      </trkpt>
      <trkpt lat="44.15628" lon="-73.69913">
        <ele>1233.53</ele>
        <time>2026-07-05T17:49:44Z</time>
      </trkpt>
      <trkpt lat="44.15628" lon="-73.69905">
        <ele>1232.35</ele>
        <time>2026-07-05T17:49:50Z</time>
      </trkpt>
      <trkpt lat="44.15629" lon="-73.69897">
        <ele>1230.75</ele>
        <time>2026-07-05T17:49:56Z</time>
      </trkpt>
      <trkpt lat="44.1563" lon="-73.69893">
        <ele>1229.89</ele>
        <time>2026-07-05T17:49:59Z</time>
      </trkpt>
      <trkpt lat="44.1563" lon="-73.69891">
        <ele>1229.46</ele>
        <time>2026-07-05T17:50:01Z</time>
      </trkpt>
      <trkpt lat="44.15632" lon="-73.69885">
        <ele>1228.16</ele>
        <time>2026-07-05T17:50:07Z</time>
      </trkpt>
      <trkpt lat="44.15632" lon="-73.69884">
        <ele>1227.94</ele>
        <time>2026-07-05T17:50:09Z</time>
      </trkpt>
      <trkpt lat="44.15632" lon="-73.69884">
        <ele>1227.94</ele>
        <time>2026-07-05T17:50:14Z</time>
      </trkpt>
      <trkpt lat="44.15632" lon="-73.6988">
        <ele>1227.08</ele>
        <time>2026-07-05T17:50:35Z</time>
      </trkpt>
      <trkpt lat="44.15632" lon="-73.69875">
        <ele>1226.0</ele>
        <time>2026-07-05T17:50:39Z</time>
      </trkpt>
      <trkpt lat="44.15632" lon="-73.69874">
        <ele>1225.78</ele>
        <time>2026-07-05T17:50:40Z</time>
      </trkpt>
      <trkpt lat="44.15632" lon="-73.69873">
        <ele>1225.57</ele>
        <time>2026-07-05T17:50:42Z</time>
      </trkpt>
      <trkpt lat="44.15631" lon="-73.69872">
        <ele>1225.35</ele>
        <time>2026-07-05T17:50:43Z</time>
      </trkpt>
      <trkpt lat="44.15632" lon="-73.69867">
        <ele>1224.27</ele>
        <time>2026-07-05T17:50:47Z</time>
      </trkpt>
      <trkpt lat="44.15631" lon="-73.69865">
        <ele>1223.84</ele>
        <time>2026-07-05T17:50:50Z</time>
      </trkpt>
      <trkpt lat="44.15633" lon="-73.69865">
        <ele>1223.84</ele>
        <time>2026-07-05T17:50:52Z</time>
      </trkpt>
      <trkpt lat="44.15634" lon="-73.69863">
        <ele>1223.41</ele>
        <time>2026-07-05T17:50:55Z</time>
      </trkpt>
      <trkpt lat="44.15636" lon="-73.69862">
        <ele>1223.19</ele>
        <time>2026-07-05T17:50:58Z</time>
      </trkpt>
      <trkpt lat="44.15636" lon="-73.6986">
        <ele>1222.68</ele>
        <time>2026-07-05T17:51:00Z</time>
      </trkpt>
      <trkpt lat="44.15637" lon="-73.69857">
        <ele>1221.76</ele>
        <time>2026-07-05T17:51:03Z</time>
      </trkpt>
      <trkpt lat="44.1564" lon="-73.69854">
        <ele>1220.58</ele>
        <time>2026-07-05T17:51:09Z</time>
      </trkpt>
      <trkpt lat="44.1564" lon="-73.69855">
        <ele>1220.9</ele>
        <time>2026-07-05T17:51:12Z</time>
      </trkpt>
      <trkpt lat="44.15641" lon="-73.69852">
        <ele>1219.82</ele>
        <time>2026-07-05T17:51:20Z</time>
      </trkpt>
      <trkpt lat="44.15642" lon="-73.6985">
        <ele>1219.26</ele>
        <time>2026-07-05T17:51:22Z</time>
      </trkpt>
      <trkpt lat="44.15644" lon="-73.69847">
        <ele>1218.4</ele>
        <time>2026-07-05T17:51:26Z</time>
      </trkpt>
      <trkpt lat="44.15647" lon="-73.69845">
        <ele>1217.64</ele>
        <time>2026-07-05T17:51:30Z</time>
      </trkpt>
      <trkpt lat="44.15648" lon="-73.69844">
        <ele>1217.32</ele>
        <time>2026-07-05T17:51:32Z</time>
      </trkpt>
      <trkpt lat="44.15649" lon="-73.69843">
        <ele>1216.9</ele>
        <time>2026-07-05T17:51:37Z</time>
      </trkpt>
      <trkpt lat="44.15653" lon="-73.69842">
        <ele>1215.79</ele>
        <time>2026-07-05T17:51:43Z</time>
      </trkpt>
      <trkpt lat="44.15654" lon="-73.69843">
        <ele>1215.82</ele>
        <time>2026-07-05T17:51:46Z</time>
      </trkpt>
      <trkpt lat="44.15654" lon="-73.69841">
        <ele>1215.33</ele>
        <time>2026-07-05T17:51:52Z</time>
      </trkpt>
      <trkpt lat="44.15655" lon="-73.69839">
        <ele>1214.64</ele>
        <time>2026-07-05T17:51:55Z</time>
      </trkpt>
      <trkpt lat="44.15655" lon="-73.69838">
        <ele>1214.4</ele>
        <time>2026-07-05T17:51:57Z</time>
      </trkpt>
      <trkpt lat="44.15656" lon="-73.69834">
        <ele>1213.31</ele>
        <time>2026-07-05T17:52:01Z</time>
      </trkpt>
      <trkpt lat="44.15657" lon="-73.69832">
        <ele>1212.61</ele>
        <time>2026-07-05T17:52:05Z</time>
      </trkpt>
      <trkpt lat="44.15657" lon="-73.69832">
        <ele>1212.61</ele>
        <time>2026-07-05T17:52:06Z</time>
      </trkpt>
      <trkpt lat="44.15658" lon="-73.69829">
        <ele>1211.5</ele>
        <time>2026-07-05T17:52:11Z</time>
      </trkpt>
      <trkpt lat="44.15658" lon="-73.69827">
        <ele>1210.86</ele>
        <time>2026-07-05T17:52:13Z</time>
      </trkpt>
      <trkpt lat="44.15658" lon="-73.69823">
        <ele>1209.7</ele>
        <time>2026-07-05T17:52:18Z</time>
      </trkpt>
      <trkpt lat="44.15658" lon="-73.69819">
        <ele>1208.84</ele>
        <time>2026-07-05T17:52:24Z</time>
      </trkpt>
      <trkpt lat="44.15658" lon="-73.69817">
        <ele>1208.41</ele>
        <time>2026-07-05T17:52:33Z</time>
      </trkpt>
      <trkpt lat="44.15658" lon="-73.69815">
        <ele>1207.98</ele>
        <time>2026-07-05T17:52:41Z</time>
      </trkpt>
      <trkpt lat="44.15657" lon="-73.69814">
        <ele>1207.96</ele>
        <time>2026-07-05T17:52:45Z</time>
      </trkpt>
      <trkpt lat="44.15656" lon="-73.69813">
        <ele>1207.96</ele>
        <time>2026-07-05T17:52:47Z</time>
      </trkpt>
      <trkpt lat="44.15652" lon="-73.69808">
        <ele>1207.85</ele>
        <time>2026-07-05T17:52:54Z</time>
      </trkpt>
      <trkpt lat="44.15651" lon="-73.69806">
        <ele>1207.74</ele>
        <time>2026-07-05T17:52:57Z</time>
      </trkpt>
      <trkpt lat="44.1565" lon="-73.69803">
        <ele>1207.3</ele>
        <time>2026-07-05T17:53:01Z</time>
      </trkpt>
      <trkpt lat="44.1565" lon="-73.69802">
        <ele>1207.11</ele>
        <time>2026-07-05T17:53:02Z</time>
      </trkpt>
      <trkpt lat="44.1565" lon="-73.698">
        <ele>1206.72</ele>
        <time>2026-07-05T17:53:05Z</time>
      </trkpt>
      <trkpt lat="44.1565" lon="-73.69797">
        <ele>1206.14</ele>
        <time>2026-07-05T17:53:08Z</time>
      </trkpt>
      <trkpt lat="44.15651" lon="-73.69797">
        <ele>1206.13</ele>
        <time>2026-07-05T17:53:09Z</time>
      </trkpt>
      <trkpt lat="44.15654" lon="-73.69791">
        <ele>1205.07</ele>
        <time>2026-07-05T17:53:14Z</time>
      </trkpt>
      <trkpt lat="44.15653" lon="-73.6979">
        <ele>1204.96</ele>
        <time>2026-07-05T17:53:16Z</time>
      </trkpt>
      <trkpt lat="44.1565" lon="-73.69783">
        <ele>1204.36</ele>
        <time>2026-07-05T17:53:24Z</time>
      </trkpt>
      <trkpt lat="44.1565" lon="-73.69782">
        <ele>1204.26</ele>
        <time>2026-07-05T17:53:25Z</time>
      </trkpt>
      <trkpt lat="44.1565" lon="-73.69772">
        <ele>1203.18</ele>
        <time>2026-07-05T17:53:33Z</time>
      </trkpt>
      <trkpt lat="44.1565" lon="-73.69771">
        <ele>1203.07</ele>
        <time>2026-07-05T17:53:34Z</time>
      </trkpt>
      <trkpt lat="44.15644" lon="-73.69763">
        <ele>1201.96</ele>
        <time>2026-07-05T17:53:42Z</time>
      </trkpt>
      <trkpt lat="44.15642" lon="-73.69757">
        <ele>1201.09</ele>
        <time>2026-07-05T17:53:48Z</time>
      </trkpt>
      <trkpt lat="44.15641" lon="-73.69754">
        <ele>1200.66</ele>
        <time>2026-07-05T17:53:52Z</time>
      </trkpt>
      <trkpt lat="44.15639" lon="-73.6975">
        <ele>1200.01</ele>
        <time>2026-07-05T17:53:55Z</time>
      </trkpt>
      <trkpt lat="44.15638" lon="-73.69743">
        <ele>1199.83</ele>
        <time>2026-07-05T17:54:02Z</time>
      </trkpt>
      <trkpt lat="44.15637" lon="-73.69739">
        <ele>1199.4</ele>
        <time>2026-07-05T17:54:05Z</time>
      </trkpt>
      <trkpt lat="44.15636" lon="-73.69737">
        <ele>1198.97</ele>
        <time>2026-07-05T17:54:07Z</time>
      </trkpt>
      <trkpt lat="44.15635" lon="-73.69734">
        <ele>1198.43</ele>
        <time>2026-07-05T17:54:10Z</time>
      </trkpt>
      <trkpt lat="44.15632" lon="-73.69724">
        <ele>1196.5</ele>
        <time>2026-07-05T17:54:18Z</time>
      </trkpt>
      <trkpt lat="44.15631" lon="-73.69723">
        <ele>1196.24</ele>
        <time>2026-07-05T17:54:19Z</time>
      </trkpt>
      <trkpt lat="44.15625" lon="-73.69718">
        <ele>1195.82</ele>
        <time>2026-07-05T17:54:27Z</time>
      </trkpt>
      <trkpt lat="44.15623" lon="-73.69718">
        <ele>1195.93</ele>
        <time>2026-07-05T17:54:29Z</time>
      </trkpt>
      <trkpt lat="44.15615" lon="-73.69715">
        <ele>1195.89</ele>
        <time>2026-07-05T17:54:37Z</time>
      </trkpt>
      <trkpt lat="44.15612" lon="-73.69709">
        <ele>1195.48</ele>
        <time>2026-07-05T17:54:43Z</time>
      </trkpt>
      <trkpt lat="44.15612" lon="-73.69708">
        <ele>1195.37</ele>
        <time>2026-07-05T17:54:45Z</time>
      </trkpt>
      <trkpt lat="44.15612" lon="-73.69697">
        <ele>1194.9</ele>
        <time>2026-07-05T17:54:56Z</time>
      </trkpt>
      <trkpt lat="44.15613" lon="-73.69684">
        <ele>1193.8</ele>
        <time>2026-07-05T17:55:06Z</time>
      </trkpt>
      <trkpt lat="44.15614" lon="-73.69682">
        <ele>1193.69</ele>
        <time>2026-07-05T17:55:08Z</time>
      </trkpt>
      <trkpt lat="44.15612" lon="-73.69675">
        <ele>1193.9</ele>
        <time>2026-07-05T17:55:15Z</time>
      </trkpt>
      <trkpt lat="44.15612" lon="-73.69661">
        <ele>1193.29</ele>
        <time>2026-07-05T17:55:26Z</time>
      </trkpt>
      <trkpt lat="44.15612" lon="-73.69652">
        <ele>1192.9</ele>
        <time>2026-07-05T17:55:33Z</time>
      </trkpt>
      <trkpt lat="44.15609" lon="-73.69643">
        <ele>1193.23</ele>
        <time>2026-07-05T17:55:40Z</time>
      </trkpt>
      <trkpt lat="44.15609" lon="-73.69633">
        <ele>1193.23</ele>
        <time>2026-07-05T17:55:47Z</time>
      </trkpt>
      <trkpt lat="44.15608" lon="-73.69631">
        <ele>1193.34</ele>
        <time>2026-07-05T17:55:53Z</time>
      </trkpt>
      <trkpt lat="44.15608" lon="-73.6963">
        <ele>1193.34</ele>
        <time>2026-07-05T17:55:54Z</time>
      </trkpt>
      <trkpt lat="44.15607" lon="-73.69628">
        <ele>1193.37</ele>
        <time>2026-07-05T17:55:56Z</time>
      </trkpt>
      <trkpt lat="44.15605" lon="-73.69625">
        <ele>1193.33</ele>
        <time>2026-07-05T17:56:00Z</time>
      </trkpt>
      <trkpt lat="44.15603" lon="-73.69624">
        <ele>1193.34</ele>
        <time>2026-07-05T17:56:07Z</time>
      </trkpt>
      <trkpt lat="44.15602" lon="-73.69624">
        <ele>1193.39</ele>
        <time>2026-07-05T17:56:08Z</time>
      </trkpt>
      <trkpt lat="44.15602" lon="-73.69624">
        <ele>1193.39</ele>
        <time>2026-07-05T17:56:09Z</time>
      </trkpt>
      <trkpt lat="44.15602" lon="-73.69623">
        <ele>1193.28</ele>
        <time>2026-07-05T17:56:10Z</time>
      </trkpt>
      <trkpt lat="44.15599" lon="-73.69621">
        <ele>1193.36</ele>
        <time>2026-07-05T17:56:15Z</time>
      </trkpt>
      <trkpt lat="44.156" lon="-73.69624">
        <ele>1193.51</ele>
        <time>2026-07-05T17:56:22Z</time>
      </trkpt>
      <trkpt lat="44.15602" lon="-73.69625">
        <ele>1193.49</ele>
        <time>2026-07-05T17:56:28Z</time>
      </trkpt>
      <trkpt lat="44.15605" lon="-73.69625">
        <ele>1193.33</ele>
        <time>2026-07-05T17:56:35Z</time>
      </trkpt>
      <trkpt lat="44.15607" lon="-73.69625">
        <ele>1193.22</ele>
        <time>2026-07-05T17:56:40Z</time>
      </trkpt>
      <trkpt lat="44.15608" lon="-73.69616">
        <ele>1192.69</ele>
        <time>2026-07-05T17:56:50Z</time>
      </trkpt>
      <trkpt lat="44.15606" lon="-73.6961">
        <ele>1192.55</ele>
        <time>2026-07-05T17:56:56Z</time>
      </trkpt>
      <trkpt lat="44.15606" lon="-73.69609">
        <ele>1192.55</ele>
        <time>2026-07-05T17:56:57Z</time>
      </trkpt>
      <trkpt lat="44.15606" lon="-73.69603">
        <ele>1192.55</ele>
        <time>2026-07-05T17:57:04Z</time>
      </trkpt>
      <trkpt lat="44.15605" lon="-73.69601">
        <ele>1192.66</ele>
        <time>2026-07-05T17:57:07Z</time>
      </trkpt>
      <trkpt lat="44.15604" lon="-73.69598">
        <ele>1192.77</ele>
        <time>2026-07-05T17:57:10Z</time>
      </trkpt>
      <trkpt lat="44.156" lon="-73.69594">
        <ele>1193.03</ele>
        <time>2026-07-05T17:57:17Z</time>
      </trkpt>
      <trkpt lat="44.15595" lon="-73.69596">
        <ele>1193.27</ele>
        <time>2026-07-05T17:57:25Z</time>
      </trkpt>
      <trkpt lat="44.15593" lon="-73.69603">
        <ele>1193.96</ele>
        <time>2026-07-05T17:57:32Z</time>
      </trkpt>
      <trkpt lat="44.15592" lon="-73.69604">
        <ele>1194.01</ele>
        <time>2026-07-05T17:57:33Z</time>
      </trkpt>
      <trkpt lat="44.15591" lon="-73.69605">
        <ele>1194.06</ele>
        <time>2026-07-05T17:57:41Z</time>
      </trkpt>
      <trkpt lat="44.1559" lon="-73.69605">
        <ele>1194.1</ele>
        <time>2026-07-05T17:57:48Z</time>
      </trkpt>
      <trkpt lat="44.15589" lon="-73.69606">
        <ele>1194.17</ele>
        <time>2026-07-05T17:57:51Z</time>
      </trkpt>
      <trkpt lat="44.15589" lon="-73.69606">
        <ele>1194.17</ele>
        <time>2026-07-05T17:57:54Z</time>
      </trkpt>
      <trkpt lat="44.15587" lon="-73.69608">
        <ele>1194.4</ele>
        <time>2026-07-05T17:57:58Z</time>
      </trkpt>
      <trkpt lat="44.15586" lon="-73.69608">
        <ele>1194.47</ele>
        <time>2026-07-05T17:58:01Z</time>
      </trkpt>
      <trkpt lat="44.15585" lon="-73.69611">
        <ele>1194.81</ele>
        <time>2026-07-05T17:58:08Z</time>
      </trkpt>
      <trkpt lat="44.15585" lon="-73.69616">
        <ele>1194.82</ele>
        <time>2026-07-05T17:58:14Z</time>
      </trkpt>
      <trkpt lat="44.15584" lon="-73.69619">
        <ele>1194.93</ele>
        <time>2026-07-05T17:58:20Z</time>
      </trkpt>
      <trkpt lat="44.15582" lon="-73.69617">
        <ele>1195.0</ele>
        <time>2026-07-05T17:58:28Z</time>
      </trkpt>
      <trkpt lat="44.15579" lon="-73.69616">
        <ele>1195.0</ele>
        <time>2026-07-05T17:58:35Z</time>
      </trkpt>
      <trkpt lat="44.15578" lon="-73.69615">
        <ele>1195.0</ele>
        <time>2026-07-05T17:58:45Z</time>
      </trkpt>
      <trkpt lat="44.15579" lon="-73.69614">
        <ele>1195.0</ele>
        <time>2026-07-05T17:58:50Z</time>
      </trkpt>
      <trkpt lat="44.1558" lon="-73.69613">
        <ele>1195.0</ele>
        <time>2026-07-05T17:58:54Z</time>
      </trkpt>
      <trkpt lat="44.1558" lon="-73.69613">
        <ele>1195.0</ele>
        <time>2026-07-05T17:58:56Z</time>
      </trkpt>
      <trkpt lat="44.15579" lon="-73.69613">
        <ele>1195.0</ele>
        <time>2026-07-05T17:58:59Z</time>
      </trkpt>
      <trkpt lat="44.15579" lon="-73.69613">
        <ele>1195.0</ele>
        <time>2026-07-05T17:59:00Z</time>
      </trkpt>
      <trkpt lat="44.15579" lon="-73.69613">
        <ele>1195.0</ele>
        <time>2026-07-05T17:59:01Z</time>
      </trkpt>
      <trkpt lat="44.15579" lon="-73.69614">
        <ele>1195.0</ele>
        <time>2026-07-05T17:59:07Z</time>
      </trkpt>
      <trkpt lat="44.1558" lon="-73.69615">
        <ele>1195.0</ele>
        <time>2026-07-05T17:59:32Z</time>
      </trkpt>
      <trkpt lat="44.15582" lon="-73.69617">
        <ele>1195.0</ele>
        <time>2026-07-05T17:59:35Z</time>
      </trkpt>
      <trkpt lat="44.15582" lon="-73.69618">
        <ele>1195.0</ele>
        <time>2026-07-05T17:59:36Z</time>
      </trkpt>
      <trkpt lat="44.15583" lon="-73.69618">
        <ele>1195.0</ele>
        <time>2026-07-05T17:59:37Z</time>
      </trkpt>
      <trkpt lat="44.15583" lon="-73.69619">
        <ele>1195.0</ele>
        <time>2026-07-05T17:59:38Z</time>
      </trkpt>
      <trkpt lat="44.15582" lon="-73.6962">
        <ele>1195.0</ele>
        <time>2026-07-05T17:59:40Z</time>
      </trkpt>
      <trkpt lat="44.15581" lon="-73.69621">
        <ele>1195.0</ele>
        <time>2026-07-05T17:59:44Z</time>
      </trkpt>
      <trkpt lat="44.15581" lon="-73.69621">
        <ele>1195.0</ele>
        <time>2026-07-05T17:59:46Z</time>
      </trkpt>
      <trkpt lat="44.15581" lon="-73.69622">
        <ele>1195.0</ele>
        <time>2026-07-05T17:59:47Z</time>
      </trkpt>
      <trkpt lat="44.15581" lon="-73.69621">
        <ele>1195.0</ele>
        <time>2026-07-05T17:59:50Z</time>
      </trkpt>
      <trkpt lat="44.15581" lon="-73.69621">
        <ele>1195.0</ele>
        <time>2026-07-05T17:59:53Z</time>
      </trkpt>
      <trkpt lat="44.15581" lon="-73.69622">
        <ele>1195.0</ele>
        <time>2026-07-05T18:00:36Z</time>
      </trkpt>
      <trkpt lat="44.15581" lon="-73.69621">
        <ele>1195.0</ele>
        <time>2026-07-05T18:00:43Z</time>
      </trkpt>
      <trkpt lat="44.15582" lon="-73.69624">
        <ele>1195.0</ele>
        <time>2026-07-05T18:00:49Z</time>
      </trkpt>
      <trkpt lat="44.15583" lon="-73.69626">
        <ele>1195.0</ele>
        <time>2026-07-05T18:00:52Z</time>
      </trkpt>
      <trkpt lat="44.15582" lon="-73.69623">
        <ele>1195.0</ele>
        <time>2026-07-05T18:01:02Z</time>
      </trkpt>
      <trkpt lat="44.15582" lon="-73.69622">
        <ele>1195.0</ele>
        <time>2026-07-05T18:01:12Z</time>
      </trkpt>
      <trkpt lat="44.15581" lon="-73.69621">
        <ele>1195.0</ele>
        <time>2026-07-05T18:01:16Z</time>
      </trkpt>
      <trkpt lat="44.15579" lon="-73.69623">
        <ele>1195.0</ele>
        <time>2026-07-05T18:01:25Z</time>
      </trkpt>
      <trkpt lat="44.15579" lon="-73.69624">
        <ele>1195.0</ele>
        <time>2026-07-05T18:01:26Z</time>
      </trkpt>
      <trkpt lat="44.15577" lon="-73.69624">
        <ele>1195.0</ele>
        <time>2026-07-05T18:01:30Z</time>
      </trkpt>
      <trkpt lat="44.15575" lon="-73.69625">
        <ele>1195.0</ele>
        <time>2026-07-05T18:01:34Z</time>
      </trkpt>
      <trkpt lat="44.15575" lon="-73.69627">
        <ele>1195.0</ele>
        <time>2026-07-05T18:01:37Z</time>
      </trkpt>
      <trkpt lat="44.15575" lon="-73.69628">
        <ele>1195.0</ele>
        <time>2026-07-05T18:01:41Z</time>
      </trkpt>
      <trkpt lat="44.15575" lon="-73.69629">
        <ele>1195.0</ele>
        <time>2026-07-05T18:01:49Z</time>
      </trkpt>
      <trkpt lat="44.15574" lon="-73.69629">
        <ele>1195.01</ele>
        <time>2026-07-05T18:01:58Z</time>
      </trkpt>
      <trkpt lat="44.15573" lon="-73.69634">
        <ele>1195.53</ele>
        <time>2026-07-05T18:02:05Z</time>
      </trkpt>
      <trkpt lat="44.15573" lon="-73.69635">
        <ele>1195.63</ele>
        <time>2026-07-05T18:02:06Z</time>
      </trkpt>
      <trkpt lat="44.15574" lon="-73.69635">
        <ele>1195.58</ele>
        <time>2026-07-05T18:02:13Z</time>
      </trkpt>
      <trkpt lat="44.15574" lon="-73.69635">
        <ele>1195.58</ele>
        <time>2026-07-05T18:02:14Z</time>
      </trkpt>
      <trkpt lat="44.15574" lon="-73.69634">
        <ele>1195.48</ele>
        <time>2026-07-05T18:02:17Z</time>
      </trkpt>
      <trkpt lat="44.15573" lon="-73.69633">
        <ele>1195.44</ele>
        <time>2026-07-05T18:02:22Z</time>
      </trkpt>
      <trkpt lat="44.15572" lon="-73.69628">
        <ele>1195.22</ele>
        <time>2026-07-05T18:02:32Z</time>
      </trkpt>
      <trkpt lat="44.1557" lon="-73.69624">
        <ele>1195.44</ele>
        <time>2026-07-05T18:02:37Z</time>
      </trkpt>
      <trkpt lat="44.15568" lon="-73.69622">
        <ele>1195.66</ele>
        <time>2026-07-05T18:02:40Z</time>
      </trkpt>
      <trkpt lat="44.15567" lon="-73.69622">
        <ele>1195.76</ele>
        <time>2026-07-05T18:02:41Z</time>
      </trkpt>
      <trkpt lat="44.15565" lon="-73.6962">
        <ele>1195.98</ele>
        <time>2026-07-05T18:02:45Z</time>
      </trkpt>
      <trkpt lat="44.15563" lon="-73.69619">
        <ele>1196.0</ele>
        <time>2026-07-05T18:02:47Z</time>
      </trkpt>
      <trkpt lat="44.1556" lon="-73.69618">
        <ele>1196.0</ele>
        <time>2026-07-05T18:02:50Z</time>
      </trkpt>
      <trkpt lat="44.15553" lon="-73.69612">
        <ele>1196.0</ele>
        <time>2026-07-05T18:02:58Z</time>
      </trkpt>
      <trkpt lat="44.15549" lon="-73.69608">
        <ele>1195.9</ele>
        <time>2026-07-05T18:03:06Z</time>
      </trkpt>
      <trkpt lat="44.15548" lon="-73.69606">
        <ele>1195.9</ele>
        <time>2026-07-05T18:03:17Z</time>
      </trkpt>
      <trkpt lat="44.15547" lon="-73.69604">
        <ele>1195.94</ele>
        <time>2026-07-05T18:03:21Z</time>
      </trkpt>
      <trkpt lat="44.15547" lon="-73.696">
        <ele>1195.74</ele>
        <time>2026-07-05T18:03:24Z</time>
      </trkpt>
      <trkpt lat="44.15546" lon="-73.69592">
        <ele>1195.03</ele>
        <time>2026-07-05T18:03:31Z</time>
      </trkpt>
      <trkpt lat="44.15544" lon="-73.69587">
        <ele>1195.25</ele>
        <time>2026-07-05T18:03:35Z</time>
      </trkpt>
      <trkpt lat="44.15542" lon="-73.69584">
        <ele>1195.46</ele>
        <time>2026-07-05T18:03:38Z</time>
      </trkpt>
      <trkpt lat="44.1554" lon="-73.69582">
        <ele>1195.63</ele>
        <time>2026-07-05T18:03:42Z</time>
      </trkpt>
      <trkpt lat="44.15537" lon="-73.69583">
        <ele>1196.01</ele>
        <time>2026-07-05T18:03:45Z</time>
      </trkpt>
      <trkpt lat="44.15533" lon="-73.6958">
        <ele>1196.87</ele>
        <time>2026-07-05T18:03:52Z</time>
      </trkpt>
      <trkpt lat="44.15531" lon="-73.69573">
        <ele>1197.3</ele>
        <time>2026-07-05T18:04:00Z</time>
      </trkpt>
      <trkpt lat="44.15527" lon="-73.69564">
        <ele>1198.0</ele>
        <time>2026-07-05T18:04:07Z</time>
      </trkpt>
      <trkpt lat="44.15525" lon="-73.69556">
        <ele>1198.0</ele>
        <time>2026-07-05T18:04:13Z</time>
      </trkpt>
      <trkpt lat="44.15524" lon="-73.69554">
        <ele>1198.0</ele>
        <time>2026-07-05T18:04:17Z</time>
      </trkpt>
      <trkpt lat="44.15523" lon="-73.69554">
        <ele>1198.0</ele>
        <time>2026-07-05T18:04:19Z</time>
      </trkpt>
      <trkpt lat="44.15523" lon="-73.69552">
        <ele>1198.0</ele>
        <time>2026-07-05T18:04:23Z</time>
      </trkpt>
      <trkpt lat="44.15522" lon="-73.69548">
        <ele>1198.0</ele>
        <time>2026-07-05T18:04:29Z</time>
      </trkpt>
      <trkpt lat="44.15522" lon="-73.69546">
        <ele>1198.02</ele>
        <time>2026-07-05T18:04:30Z</time>
      </trkpt>
      <trkpt lat="44.15521" lon="-73.69541">
        <ele>1198.42</ele>
        <time>2026-07-05T18:04:37Z</time>
      </trkpt>
      <trkpt lat="44.1552" lon="-73.69539">
        <ele>1198.66</ele>
        <time>2026-07-05T18:04:40Z</time>
      </trkpt>
      <trkpt lat="44.15519" lon="-73.69538">
        <ele>1198.85</ele>
        <time>2026-07-05T18:04:43Z</time>
      </trkpt>
      <trkpt lat="44.15518" lon="-73.69534">
        <ele>1199.02</ele>
        <time>2026-07-05T18:04:50Z</time>
      </trkpt>
      <trkpt lat="44.15517" lon="-73.69533">
        <ele>1199.07</ele>
        <time>2026-07-05T18:04:51Z</time>
      </trkpt>
      <trkpt lat="44.15516" lon="-73.69531">
        <ele>1199.18</ele>
        <time>2026-07-05T18:04:56Z</time>
      </trkpt>
      <trkpt lat="44.15516" lon="-73.69531">
        <ele>1199.18</ele>
        <time>2026-07-05T18:04:57Z</time>
      </trkpt>
      <trkpt lat="44.15516" lon="-73.69528">
        <ele>1199.27</ele>
        <time>2026-07-05T18:05:03Z</time>
      </trkpt>
      <trkpt lat="44.15515" lon="-73.69528">
        <ele>1199.37</ele>
        <time>2026-07-05T18:05:04Z</time>
      </trkpt>
      <trkpt lat="44.15513" lon="-73.69525">
        <ele>1200.07</ele>
        <time>2026-07-05T18:05:11Z</time>
      </trkpt>
      <trkpt lat="44.15513" lon="-73.69525">
        <ele>1200.07</ele>
        <time>2026-07-05T18:05:12Z</time>
      </trkpt>
      <trkpt lat="44.15511" lon="-73.69523">
        <ele>1200.75</ele>
        <time>2026-07-05T18:05:16Z</time>
      </trkpt>
      <trkpt lat="44.1551" lon="-73.69523">
        <ele>1200.91</ele>
        <time>2026-07-05T18:05:18Z</time>
      </trkpt>
      <trkpt lat="44.15509" lon="-73.69523">
        <ele>1201.09</ele>
        <time>2026-07-05T18:05:19Z</time>
      </trkpt>
      <trkpt lat="44.15509" lon="-73.69523">
        <ele>1201.09</ele>
        <time>2026-07-05T18:05:28Z</time>
      </trkpt>
      <trkpt lat="44.15509" lon="-73.69522">
        <ele>1201.3</ele>
        <time>2026-07-05T18:05:30Z</time>
      </trkpt>
      <trkpt lat="44.15506" lon="-73.69522">
        <ele>1201.95</ele>
        <time>2026-07-05T18:05:40Z</time>
      </trkpt>
      <trkpt lat="44.15504" lon="-73.69521">
        <ele>1202.6</ele>
        <time>2026-07-05T18:05:45Z</time>
      </trkpt>
      <trkpt lat="44.15503" lon="-73.69519">
        <ele>1203.25</ele>
        <time>2026-07-05T18:05:49Z</time>
      </trkpt>
      <trkpt lat="44.15503" lon="-73.69519">
        <ele>1203.25</ele>
        <time>2026-07-05T18:05:50Z</time>
      </trkpt>
      <trkpt lat="44.15502" lon="-73.69518">
        <ele>1203.67</ele>
        <time>2026-07-05T18:05:54Z</time>
      </trkpt>
      <trkpt lat="44.15501" lon="-73.69518">
        <ele>1203.89</ele>
        <time>2026-07-05T18:05:55Z</time>
      </trkpt>
      <trkpt lat="44.155" lon="-73.69518">
        <ele>1204.11</ele>
        <time>2026-07-05T18:05:56Z</time>
      </trkpt>
      <trkpt lat="44.15499" lon="-73.69517">
        <ele>1204.63</ele>
        <time>2026-07-05T18:06:00Z</time>
      </trkpt>
      <trkpt lat="44.15498" lon="-73.69515">
        <ele>1205.33</ele>
        <time>2026-07-05T18:06:03Z</time>
      </trkpt>
      <trkpt lat="44.15498" lon="-73.69515">
        <ele>1205.33</ele>
        <time>2026-07-05T18:06:04Z</time>
      </trkpt>
      <trkpt lat="44.15496" lon="-73.69514">
        <ele>1206.06</ele>
        <time>2026-07-05T18:06:10Z</time>
      </trkpt>
      <trkpt lat="44.15495" lon="-73.69513">
        <ele>1206.49</ele>
        <time>2026-07-05T18:06:12Z</time>
      </trkpt>
      <trkpt lat="44.15493" lon="-73.69512">
        <ele>1207.14</ele>
        <time>2026-07-05T18:06:17Z</time>
      </trkpt>
      <trkpt lat="44.15493" lon="-73.69512">
        <ele>1207.14</ele>
        <time>2026-07-05T18:06:18Z</time>
      </trkpt>
      <trkpt lat="44.15491" lon="-73.6951">
        <ele>1207.86</ele>
        <time>2026-07-05T18:06:20Z</time>
      </trkpt>
      <trkpt lat="44.1549" lon="-73.69507">
        <ele>1208.4</ele>
        <time>2026-07-05T18:06:26Z</time>
      </trkpt>
      <trkpt lat="44.15489" lon="-73.69506">
        <ele>1208.73</ele>
        <time>2026-07-05T18:06:29Z</time>
      </trkpt>
      <trkpt lat="44.15488" lon="-73.69504">
        <ele>1209.16</ele>
        <time>2026-07-05T18:06:36Z</time>
      </trkpt>
      <trkpt lat="44.15486" lon="-73.69504">
        <ele>1209.59</ele>
        <time>2026-07-05T18:06:48Z</time>
      </trkpt>
      <trkpt lat="44.15484" lon="-73.69503">
        <ele>1210.13</ele>
        <time>2026-07-05T18:06:51Z</time>
      </trkpt>
      <trkpt lat="44.15484" lon="-73.69503">
        <ele>1210.13</ele>
        <time>2026-07-05T18:06:52Z</time>
      </trkpt>
      <trkpt lat="44.15483" lon="-73.69502">
        <ele>1210.46</ele>
        <time>2026-07-05T18:06:53Z</time>
      </trkpt>
      <trkpt lat="44.15479" lon="-73.695">
        <ele>1211.27</ele>
        <time>2026-07-05T18:06:58Z</time>
      </trkpt>
      <trkpt lat="44.15476" lon="-73.69499">
        <ele>1211.7</ele>
        <time>2026-07-05T18:07:02Z</time>
      </trkpt>
      <trkpt lat="44.15472" lon="-73.695">
        <ele>1212.02</ele>
        <time>2026-07-05T18:07:08Z</time>
      </trkpt>
      <trkpt lat="44.15469" lon="-73.69499">
        <ele>1212.46</ele>
        <time>2026-07-05T18:07:13Z</time>
      </trkpt>
      <trkpt lat="44.15466" lon="-73.69498">
        <ele>1212.89</ele>
        <time>2026-07-05T18:07:18Z</time>
      </trkpt>
      <trkpt lat="44.15466" lon="-73.69498">
        <ele>1212.89</ele>
        <time>2026-07-05T18:07:19Z</time>
      </trkpt>
      <trkpt lat="44.15465" lon="-73.69497">
        <ele>1213.1</ele>
        <time>2026-07-05T18:07:22Z</time>
      </trkpt>
      <trkpt lat="44.15465" lon="-73.69498">
        <ele>1213.0</ele>
        <time>2026-07-05T18:07:31Z</time>
      </trkpt>
      <trkpt lat="44.15465" lon="-73.69497">
        <ele>1213.1</ele>
        <time>2026-07-05T18:07:52Z</time>
      </trkpt>
      <trkpt lat="44.15464" lon="-73.69497">
        <ele>1213.21</ele>
        <time>2026-07-05T18:07:53Z</time>
      </trkpt>
      <trkpt lat="44.15463" lon="-73.69495">
        <ele>1213.54</ele>
        <time>2026-07-05T18:07:57Z</time>
      </trkpt>
      <trkpt lat="44.15462" lon="-73.69494">
        <ele>1213.54</ele>
        <time>2026-07-05T18:07:59Z</time>
      </trkpt>
      <trkpt lat="44.15461" lon="-73.69494">
        <ele>1213.44</ele>
        <time>2026-07-05T18:08:01Z</time>
      </trkpt>
      <trkpt lat="44.1546" lon="-73.69494">
        <ele>1213.33</ele>
        <time>2026-07-05T18:08:02Z</time>
      </trkpt>
      <trkpt lat="44.15456" lon="-73.69489">
        <ele>1213.25</ele>
        <time>2026-07-05T18:08:08Z</time>
      </trkpt>
      <trkpt lat="44.15456" lon="-73.69489">
        <ele>1213.25</ele>
        <time>2026-07-05T18:08:09Z</time>
      </trkpt>
      <trkpt lat="44.15455" lon="-73.69486">
        <ele>1213.14</ele>
        <time>2026-07-05T18:08:13Z</time>
      </trkpt>
      <trkpt lat="44.15454" lon="-73.69484">
        <ele>1213.03</ele>
        <time>2026-07-05T18:08:16Z</time>
      </trkpt>
      <trkpt lat="44.15454" lon="-73.69483">
        <ele>1213.03</ele>
        <time>2026-07-05T18:08:17Z</time>
      </trkpt>
      <trkpt lat="44.15452" lon="-73.69478">
        <ele>1213.31</ele>
        <time>2026-07-05T18:08:24Z</time>
      </trkpt>
      <trkpt lat="44.15451" lon="-73.69472">
        <ele>1214.16</ele>
        <time>2026-07-05T18:08:33Z</time>
      </trkpt>
      <trkpt lat="44.1545" lon="-73.6947">
        <ele>1214.14</ele>
        <time>2026-07-05T18:08:35Z</time>
      </trkpt>
      <trkpt lat="44.15448" lon="-73.69467">
        <ele>1214.06</ele>
        <time>2026-07-05T18:08:41Z</time>
      </trkpt>
      <trkpt lat="44.15445" lon="-73.69462">
        <ele>1214.33</ele>
        <time>2026-07-05T18:08:47Z</time>
      </trkpt>
      <trkpt lat="44.15445" lon="-73.69461">
        <ele>1214.54</ele>
        <time>2026-07-05T18:08:48Z</time>
      </trkpt>
      <trkpt lat="44.15445" lon="-73.6946">
        <ele>1214.76</ele>
        <time>2026-07-05T18:08:50Z</time>
      </trkpt>
      <trkpt lat="44.15443" lon="-73.69452">
        <ele>1215.9</ele>
        <time>2026-07-05T18:08:59Z</time>
      </trkpt>
      <trkpt lat="44.15444" lon="-73.6945">
        <ele>1216.66</ele>
        <time>2026-07-05T18:09:06Z</time>
      </trkpt>
      <trkpt lat="44.15445" lon="-73.69447">
        <ele>1217.52</ele>
        <time>2026-07-05T18:09:09Z</time>
      </trkpt>
      <trkpt lat="44.15445" lon="-73.69443">
        <ele>1218.36</ele>
        <time>2026-07-05T18:09:14Z</time>
      </trkpt>
      <trkpt lat="44.15445" lon="-73.69441">
        <ele>1218.78</ele>
        <time>2026-07-05T18:09:17Z</time>
      </trkpt>
      <trkpt lat="44.15444" lon="-73.69439">
        <ele>1219.06</ele>
        <time>2026-07-05T18:09:20Z</time>
      </trkpt>
      <trkpt lat="44.15444" lon="-73.69437">
        <ele>1219.5</ele>
        <time>2026-07-05T18:09:22Z</time>
      </trkpt>
      <trkpt lat="44.15443" lon="-73.69435">
        <ele>1219.71</ele>
        <time>2026-07-05T18:09:24Z</time>
      </trkpt>
      <trkpt lat="44.15443" lon="-73.69435">
        <ele>1219.71</ele>
        <time>2026-07-05T18:09:29Z</time>
      </trkpt>
      <trkpt lat="44.15444" lon="-73.69433">
        <ele>1220.15</ele>
        <time>2026-07-05T18:09:35Z</time>
      </trkpt>
      <trkpt lat="44.15444" lon="-73.69432">
        <ele>1220.26</ele>
        <time>2026-07-05T18:09:36Z</time>
      </trkpt>
      <trkpt lat="44.15442" lon="-73.6943">
        <ele>1220.18</ele>
        <time>2026-07-05T18:09:43Z</time>
      </trkpt>
      <trkpt lat="44.15442" lon="-73.69429">
        <ele>1220.32</ele>
        <time>2026-07-05T18:09:46Z</time>
      </trkpt>
      <trkpt lat="44.15441" lon="-73.69427">
        <ele>1220.47</ele>
        <time>2026-07-05T18:09:49Z</time>
      </trkpt>
      <trkpt lat="44.15439" lon="-73.69425">
        <ele>1220.57</ele>
        <time>2026-07-05T18:09:54Z</time>
      </trkpt>
      <trkpt lat="44.15439" lon="-73.69424">
        <ele>1220.74</ele>
        <time>2026-07-05T18:09:57Z</time>
      </trkpt>
      <trkpt lat="44.15438" lon="-73.69424">
        <ele>1220.66</ele>
        <time>2026-07-05T18:09:58Z</time>
      </trkpt>
      <trkpt lat="44.15438" lon="-73.6942">
        <ele>1221.39</ele>
        <time>2026-07-05T18:10:05Z</time>
      </trkpt>
      <trkpt lat="44.15437" lon="-73.6941">
        <ele>1222.72</ele>
        <time>2026-07-05T18:10:15Z</time>
      </trkpt>
      <trkpt lat="44.15436" lon="-73.69409">
        <ele>1222.83</ele>
        <time>2026-07-05T18:10:20Z</time>
      </trkpt>
      <trkpt lat="44.15437" lon="-73.6941">
        <ele>1222.72</ele>
        <time>2026-07-05T18:10:23Z</time>
      </trkpt>
      <trkpt lat="44.15434" lon="-73.69405">
        <ele>1223.23</ele>
        <time>2026-07-05T18:10:30Z</time>
      </trkpt>
      <trkpt lat="44.15434" lon="-73.69396">
        <ele>1224.65</ele>
        <time>2026-07-05T18:10:38Z</time>
      </trkpt>
      <trkpt lat="44.15433" lon="-73.69392">
        <ele>1224.45</ele>
        <time>2026-07-05T18:10:41Z</time>
      </trkpt>
      <trkpt lat="44.15433" lon="-73.6939">
        <ele>1224.5</ele>
        <time>2026-07-05T18:10:43Z</time>
      </trkpt>
      <trkpt lat="44.15432" lon="-73.69386">
        <ele>1224.42</ele>
        <time>2026-07-05T18:10:47Z</time>
      </trkpt>
      <trkpt lat="44.15432" lon="-73.69385">
        <ele>1224.46</ele>
        <time>2026-07-05T18:10:54Z</time>
      </trkpt>
      <trkpt lat="44.15431" lon="-73.69378">
        <ele>1224.63</ele>
        <time>2026-07-05T18:11:01Z</time>
      </trkpt>
      <trkpt lat="44.15433" lon="-73.69373">
        <ele>1224.93</ele>
        <time>2026-07-05T18:11:07Z</time>
      </trkpt>
      <trkpt lat="44.15436" lon="-73.6937">
        <ele>1225.0</ele>
        <time>2026-07-05T18:11:11Z</time>
      </trkpt>
      <trkpt lat="44.15437" lon="-73.69367">
        <ele>1225.0</ele>
        <time>2026-07-05T18:11:14Z</time>
      </trkpt>
      <trkpt lat="44.15437" lon="-73.69366">
        <ele>1225.0</ele>
        <time>2026-07-05T18:11:15Z</time>
      </trkpt>
      <trkpt lat="44.15437" lon="-73.69364">
        <ele>1225.0</ele>
        <time>2026-07-05T18:11:17Z</time>
      </trkpt>
      <trkpt lat="44.15435" lon="-73.69356">
        <ele>1225.54</ele>
        <time>2026-07-05T18:11:24Z</time>
      </trkpt>
      <trkpt lat="44.15434" lon="-73.69352">
        <ele>1225.86</ele>
        <time>2026-07-05T18:11:27Z</time>
      </trkpt>
      <trkpt lat="44.15433" lon="-73.69347">
        <ele>1225.89</ele>
        <time>2026-07-05T18:11:32Z</time>
      </trkpt>
      <trkpt lat="44.15434" lon="-73.69343">
        <ele>1225.99</ele>
        <time>2026-07-05T18:11:36Z</time>
      </trkpt>
      <trkpt lat="44.15433" lon="-73.69344">
        <ele>1225.96</ele>
        <time>2026-07-05T18:11:39Z</time>
      </trkpt>
      <trkpt lat="44.15433" lon="-73.69344">
        <ele>1225.96</ele>
        <time>2026-07-05T18:11:46Z</time>
      </trkpt>
      <trkpt lat="44.15433" lon="-73.69344">
        <ele>1225.96</ele>
        <time>2026-07-05T18:11:51Z</time>
      </trkpt>
      <trkpt lat="44.15433" lon="-73.69341">
        <ele>1226.0</ele>
        <time>2026-07-05T18:11:56Z</time>
      </trkpt>
      <trkpt lat="44.15434" lon="-73.69338">
        <ele>1226.0</ele>
        <time>2026-07-05T18:11:58Z</time>
      </trkpt>
      <trkpt lat="44.15435" lon="-73.69335">
        <ele>1226.0</ele>
        <time>2026-07-05T18:12:01Z</time>
      </trkpt>
      <trkpt lat="44.15435" lon="-73.69332">
        <ele>1226.0</ele>
        <time>2026-07-05T18:12:04Z</time>
      </trkpt>
      <trkpt lat="44.15435" lon="-73.6933">
        <ele>1226.0</ele>
        <time>2026-07-05T18:12:06Z</time>
      </trkpt>
      <trkpt lat="44.15434" lon="-73.69325">
        <ele>1226.0</ele>
        <time>2026-07-05T18:12:10Z</time>
      </trkpt>
      <trkpt lat="44.15433" lon="-73.69324">
        <ele>1226.0</ele>
        <time>2026-07-05T18:12:12Z</time>
      </trkpt>
      <trkpt lat="44.15433" lon="-73.69322">
        <ele>1225.95</ele>
        <time>2026-07-05T18:12:14Z</time>
      </trkpt>
      <trkpt lat="44.15435" lon="-73.69316">
        <ele>1225.98</ele>
        <time>2026-07-05T18:12:21Z</time>
      </trkpt>
      <trkpt lat="44.15435" lon="-73.69315">
        <ele>1225.98</ele>
        <time>2026-07-05T18:12:22Z</time>
      </trkpt>
      <trkpt lat="44.15435" lon="-73.69308">
        <ele>1226.7</ele>
        <time>2026-07-05T18:12:29Z</time>
      </trkpt>
      <trkpt lat="44.15435" lon="-73.693">
        <ele>1226.95</ele>
        <time>2026-07-05T18:12:36Z</time>
      </trkpt>
      <trkpt lat="44.15435" lon="-73.69299">
        <ele>1226.95</ele>
        <time>2026-07-05T18:12:38Z</time>
      </trkpt>
      <trkpt lat="44.15432" lon="-73.69294">
        <ele>1225.72</ele>
        <time>2026-07-05T18:12:44Z</time>
      </trkpt>
      <trkpt lat="44.15429" lon="-73.69286">
        <ele>1223.77</ele>
        <time>2026-07-05T18:12:53Z</time>
      </trkpt>
      <trkpt lat="44.1543" lon="-73.69279">
        <ele>1222.58</ele>
        <time>2026-07-05T18:13:00Z</time>
      </trkpt>
      <trkpt lat="44.15431" lon="-73.69271">
        <ele>1221.91</ele>
        <time>2026-07-05T18:13:07Z</time>
      </trkpt>
      <trkpt lat="44.15436" lon="-73.69266">
        <ele>1222.9</ele>
        <time>2026-07-05T18:13:14Z</time>
      </trkpt>
      <trkpt lat="44.15435" lon="-73.69267">
        <ele>1222.77</ele>
        <time>2026-07-05T18:13:17Z</time>
      </trkpt>
      <trkpt lat="44.15433" lon="-73.69269">
        <ele>1222.34</ele>
        <time>2026-07-05T18:13:20Z</time>
      </trkpt>
      <trkpt lat="44.15429" lon="-73.69273">
        <ele>1221.48</ele>
        <time>2026-07-05T18:13:28Z</time>
      </trkpt>
      <trkpt lat="44.15429" lon="-73.69273">
        <ele>1221.48</ele>
        <time>2026-07-05T18:13:34Z</time>
      </trkpt>
      <trkpt lat="44.15428" lon="-73.69274">
        <ele>1221.26</ele>
        <time>2026-07-05T18:14:06Z</time>
      </trkpt>
      <trkpt lat="44.15428" lon="-73.69274">
        <ele>1221.26</ele>
        <time>2026-07-05T18:14:07Z</time>
      </trkpt>
      <trkpt lat="44.15428" lon="-73.69274">
        <ele>1221.26</ele>
        <time>2026-07-05T18:14:12Z</time>
      </trkpt>
      <trkpt lat="44.15428" lon="-73.69274">
        <ele>1221.26</ele>
        <time>2026-07-05T18:14:18Z</time>
      </trkpt>
      <trkpt lat="44.15428" lon="-73.69274">
        <ele>1221.26</ele>
        <time>2026-07-05T18:14:24Z</time>
      </trkpt>
      <trkpt lat="44.15428" lon="-73.69274">
        <ele>1221.26</ele>
        <time>2026-07-05T18:14:25Z</time>
      </trkpt>
      <trkpt lat="44.15428" lon="-73.69274">
        <ele>1221.26</ele>
        <time>2026-07-05T18:14:26Z</time>
      </trkpt>
      <trkpt lat="44.15428" lon="-73.69274">
        <ele>1221.26</ele>
        <time>2026-07-05T18:14:29Z</time>
      </trkpt>
      <trkpt lat="44.15428" lon="-73.69274">
        <ele>1221.26</ele>
        <time>2026-07-05T18:14:42Z</time>
      </trkpt>
      <trkpt lat="44.15431" lon="-73.6927">
        <ele>1221.8</ele>
        <time>2026-07-05T18:14:50Z</time>
      </trkpt>
      <trkpt lat="44.15435" lon="-73.69266">
        <ele>1222.66</ele>
        <time>2026-07-05T18:14:55Z</time>
      </trkpt>
      <trkpt lat="44.15434" lon="-73.69263">
        <ele>1221.94</ele>
        <time>2026-07-05T18:14:57Z</time>
      </trkpt>
      <trkpt lat="44.15434" lon="-73.6926">
        <ele>1221.58</ele>
        <time>2026-07-05T18:15:00Z</time>
      </trkpt>
      <trkpt lat="44.15434" lon="-73.69258">
        <ele>1221.22</ele>
        <time>2026-07-05T18:15:01Z</time>
      </trkpt>
      <trkpt lat="44.15434" lon="-73.69257">
        <ele>1221.0</ele>
        <time>2026-07-05T18:15:02Z</time>
      </trkpt>
      <trkpt lat="44.15433" lon="-73.69256">
        <ele>1220.35</ele>
        <time>2026-07-05T18:15:03Z</time>
      </trkpt>
      <trkpt lat="44.15432" lon="-73.69254">
        <ele>1219.49</ele>
        <time>2026-07-05T18:15:04Z</time>
      </trkpt>
      <trkpt lat="44.15428" lon="-73.69252">
        <ele>1217.33</ele>
        <time>2026-07-05T18:15:10Z</time>
      </trkpt>
      <trkpt lat="44.15428" lon="-73.69252">
        <ele>1217.33</ele>
        <time>2026-07-05T18:15:17Z</time>
      </trkpt>
      <trkpt lat="44.1543" lon="-73.69254">
        <ele>1218.62</ele>
        <time>2026-07-05T18:15:24Z</time>
      </trkpt>
      <trkpt lat="44.15434" lon="-73.6926">
        <ele>1221.58</ele>
        <time>2026-07-05T18:15:30Z</time>
      </trkpt>
      <trkpt lat="44.15434" lon="-73.69261">
        <ele>1221.7</ele>
        <time>2026-07-05T18:15:31Z</time>
      </trkpt>
      <trkpt lat="44.15432" lon="-73.69269">
        <ele>1222.02</ele>
        <time>2026-07-05T18:15:37Z</time>
      </trkpt>
      <trkpt lat="44.1543" lon="-73.69271">
        <ele>1221.59</ele>
        <time>2026-07-05T18:15:39Z</time>
      </trkpt>
      <trkpt lat="44.15428" lon="-73.69274">
        <ele>1221.26</ele>
        <time>2026-07-05T18:15:45Z</time>
      </trkpt>
      <trkpt lat="44.1543" lon="-73.69272">
        <ele>1221.7</ele>
        <time>2026-07-05T18:15:53Z</time>
      </trkpt>
      <trkpt lat="44.15435" lon="-73.69268">
        <ele>1222.88</ele>
        <time>2026-07-05T18:15:59Z</time>
      </trkpt>
      <trkpt lat="44.15437" lon="-73.69266">
        <ele>1223.12</ele>
        <time>2026-07-05T18:16:01Z</time>
      </trkpt>
      <trkpt lat="44.15438" lon="-73.69264">
        <ele>1223.12</ele>
        <time>2026-07-05T18:16:04Z</time>
      </trkpt>
      <trkpt lat="44.1544" lon="-73.6926">
        <ele>1223.12</ele>
        <time>2026-07-05T18:16:07Z</time>
      </trkpt>
      <trkpt lat="44.15441" lon="-73.69261">
        <ele>1223.44</ele>
        <time>2026-07-05T18:16:08Z</time>
      </trkpt>
      <trkpt lat="44.15445" lon="-73.69258">
        <ele>1223.93</ele>
        <time>2026-07-05T18:16:13Z</time>
      </trkpt>
      <trkpt lat="44.15449" lon="-73.6925">
        <ele>1223.98</ele>
        <time>2026-07-05T18:16:19Z</time>
      </trkpt>
      <trkpt lat="44.15449" lon="-73.69249">
        <ele>1223.88</ele>
        <time>2026-07-05T18:16:20Z</time>
      </trkpt>
      <trkpt lat="44.15448" lon="-73.69246">
        <ele>1223.34</ele>
        <time>2026-07-05T18:16:22Z</time>
      </trkpt>
      <trkpt lat="44.15447" lon="-73.69242">
        <ele>1222.69</ele>
        <time>2026-07-05T18:16:27Z</time>
      </trkpt>
      <trkpt lat="44.15447" lon="-73.69242">
        <ele>1222.69</ele>
        <time>2026-07-05T18:16:32Z</time>
      </trkpt>
      <trkpt lat="44.15448" lon="-73.69244">
        <ele>1223.12</ele>
        <time>2026-07-05T18:16:49Z</time>
      </trkpt>
      <trkpt lat="44.15447" lon="-73.69254">
        <ele>1223.86</ele>
        <time>2026-07-05T18:16:56Z</time>
      </trkpt>
      <trkpt lat="44.15444" lon="-73.69258">
        <ele>1223.76</ele>
        <time>2026-07-05T18:17:00Z</time>
      </trkpt>
      <trkpt lat="44.1544" lon="-73.69258">
        <ele>1222.84</ele>
        <time>2026-07-05T18:17:03Z</time>
      </trkpt>
      <trkpt lat="44.15433" lon="-73.69255">
        <ele>1220.14</ele>
        <time>2026-07-05T18:17:10Z</time>
      </trkpt>
      <trkpt lat="44.15427" lon="-73.69248">
        <ele>1216.06</ele>
        <time>2026-07-05T18:17:17Z</time>
      </trkpt>
      <trkpt lat="44.15428" lon="-73.69248">
        <ele>1216.51</ele>
        <time>2026-07-05T18:17:24Z</time>
      </trkpt>
      <trkpt lat="44.15428" lon="-73.69251">
        <ele>1217.11</ele>
        <time>2026-07-05T18:17:31Z</time>
      </trkpt>
      <trkpt lat="44.15434" lon="-73.69256">
        <ele>1220.78</ele>
        <time>2026-07-05T18:17:36Z</time>
      </trkpt>
      <trkpt lat="44.15439" lon="-73.69257">
        <ele>1222.44</ele>
        <time>2026-07-05T18:17:42Z</time>
      </trkpt>
      <trkpt lat="44.15441" lon="-73.69257">
        <ele>1222.92</ele>
        <time>2026-07-05T18:17:48Z</time>
      </trkpt>
      <trkpt lat="44.15443" lon="-73.69257">
        <ele>1223.41</ele>
        <time>2026-07-05T18:17:53Z</time>
      </trkpt>
      <trkpt lat="44.15444" lon="-73.69258">
        <ele>1223.76</ele>
        <time>2026-07-05T18:17:57Z</time>
      </trkpt>
      <trkpt lat="44.15448" lon="-73.69255">
        <ele>1224.1</ele>
        <time>2026-07-05T18:18:03Z</time>
      </trkpt>
      <trkpt lat="44.15449" lon="-73.69242">
        <ele>1223.12</ele>
        <time>2026-07-05T18:18:11Z</time>
      </trkpt>
      <trkpt lat="44.15451" lon="-73.69236">
        <ele>1222.9</ele>
        <time>2026-07-05T18:18:16Z</time>
      </trkpt>
      <trkpt lat="44.15453" lon="-73.69233">
        <ele>1223.01</ele>
        <time>2026-07-05T18:18:19Z</time>
      </trkpt>
      <trkpt lat="44.15453" lon="-73.69232">
        <ele>1222.9</ele>
        <time>2026-07-05T18:18:20Z</time>
      </trkpt>
      <trkpt lat="44.15454" lon="-73.69221">
        <ele>1221.93</ele>
        <time>2026-07-05T18:18:26Z</time>
      </trkpt>
      <trkpt lat="44.15455" lon="-73.69218">
        <ele>1221.82</ele>
        <time>2026-07-05T18:18:28Z</time>
      </trkpt>
      <trkpt lat="44.15456" lon="-73.69209">
        <ele>1221.07</ele>
        <time>2026-07-05T18:18:35Z</time>
      </trkpt>
      <trkpt lat="44.15457" lon="-73.69209">
        <ele>1221.28</ele>
        <time>2026-07-05T18:18:38Z</time>
      </trkpt>
      <trkpt lat="44.15457" lon="-73.69206">
        <ele>1220.96</ele>
        <time>2026-07-05T18:18:41Z</time>
      </trkpt>
      <trkpt lat="44.15457" lon="-73.69205">
        <ele>1220.85</ele>
        <time>2026-07-05T18:18:42Z</time>
      </trkpt>
      <trkpt lat="44.15456" lon="-73.69202">
        <ele>1220.31</ele>
        <time>2026-07-05T18:18:45Z</time>
      </trkpt>
      <trkpt lat="44.15455" lon="-73.69198">
        <ele>1219.66</ele>
        <time>2026-07-05T18:18:49Z</time>
      </trkpt>
      <trkpt lat="44.15455" lon="-73.69198">
        <ele>1219.66</ele>
        <time>2026-07-05T18:18:50Z</time>
      </trkpt>
      <trkpt lat="44.15456" lon="-73.69196">
        <ele>1219.66</ele>
        <time>2026-07-05T18:18:53Z</time>
      </trkpt>
      <trkpt lat="44.15457" lon="-73.69193">
        <ele>1219.4</ele>
        <time>2026-07-05T18:18:55Z</time>
      </trkpt>
      <trkpt lat="44.15457" lon="-73.69192">
        <ele>1219.18</ele>
        <time>2026-07-05T18:18:56Z</time>
      </trkpt>
      <trkpt lat="44.15458" lon="-73.69185">
        <ele>1217.89</ele>
        <time>2026-07-05T18:19:03Z</time>
      </trkpt>
      <trkpt lat="44.15457" lon="-73.69184">
        <ele>1217.46</ele>
        <time>2026-07-05T18:19:05Z</time>
      </trkpt>
      <trkpt lat="44.15454" lon="-73.6918">
        <ele>1215.94</ele>
        <time>2026-07-05T18:19:09Z</time>
      </trkpt>
      <trkpt lat="44.15454" lon="-73.69179">
        <ele>1215.73</ele>
        <time>2026-07-05T18:19:10Z</time>
      </trkpt>
      <trkpt lat="44.15452" lon="-73.69173">
        <ele>1214.26</ele>
        <time>2026-07-05T18:19:17Z</time>
      </trkpt>
      <trkpt lat="44.1545" lon="-73.6917">
        <ele>1213.3</ele>
        <time>2026-07-05T18:19:22Z</time>
      </trkpt>
      <trkpt lat="44.15448" lon="-73.69169">
        <ele>1212.56</ele>
        <time>2026-07-05T18:19:25Z</time>
      </trkpt>
      <trkpt lat="44.15447" lon="-73.69169">
        <ele>1212.26</ele>
        <time>2026-07-05T18:19:26Z</time>
      </trkpt>
      <trkpt lat="44.15445" lon="-73.69167">
        <ele>1211.25</ele>
        <time>2026-07-05T18:19:29Z</time>
      </trkpt>
      <trkpt lat="44.15442" lon="-73.69165">
        <ele>1210.03</ele>
        <time>2026-07-05T18:19:34Z</time>
      </trkpt>
      <trkpt lat="44.15442" lon="-73.69163">
        <ele>1209.81</ele>
        <time>2026-07-05T18:19:40Z</time>
      </trkpt>
      <trkpt lat="44.15442" lon="-73.69162">
        <ele>1209.7</ele>
        <time>2026-07-05T18:19:42Z</time>
      </trkpt>
      <trkpt lat="44.15443" lon="-73.69158">
        <ele>1209.6</ele>
        <time>2026-07-05T18:19:47Z</time>
      </trkpt>
      <trkpt lat="44.15442" lon="-73.69156">
        <ele>1209.06</ele>
        <time>2026-07-05T18:19:49Z</time>
      </trkpt>
      <trkpt lat="44.15441" lon="-73.69153">
        <ele>1208.41</ele>
        <time>2026-07-05T18:19:54Z</time>
      </trkpt>
      <trkpt lat="44.15441" lon="-73.69152">
        <ele>1208.3</ele>
        <time>2026-07-05T18:19:55Z</time>
      </trkpt>
      <trkpt lat="44.15444" lon="-73.69147">
        <ele>1208.73</ele>
        <time>2026-07-05T18:20:01Z</time>
      </trkpt>
      <trkpt lat="44.15446" lon="-73.69145">
        <ele>1209.0</ele>
        <time>2026-07-05T18:20:03Z</time>
      </trkpt>
      <trkpt lat="44.15453" lon="-73.69141">
        <ele>1210.08</ele>
        <time>2026-07-05T18:20:12Z</time>
      </trkpt>
      <trkpt lat="44.1546" lon="-73.6914">
        <ele>1210.8</ele>
        <time>2026-07-05T18:20:21Z</time>
      </trkpt>
      <trkpt lat="44.15461" lon="-73.69133">
        <ele>1210.15</ele>
        <time>2026-07-05T18:20:27Z</time>
      </trkpt>
      <trkpt lat="44.15462" lon="-73.69131">
        <ele>1210.04</ele>
        <time>2026-07-05T18:20:28Z</time>
      </trkpt>
      <trkpt lat="44.15463" lon="-73.69121">
        <ele>1208.14</ele>
        <time>2026-07-05T18:20:38Z</time>
      </trkpt>
      <trkpt lat="44.15464" lon="-73.69119">
        <ele>1207.98</ele>
        <time>2026-07-05T18:20:46Z</time>
      </trkpt>
      <trkpt lat="44.15464" lon="-73.69116">
        <ele>1207.95</ele>
        <time>2026-07-05T18:20:54Z</time>
      </trkpt>
      <trkpt lat="44.15464" lon="-73.69115">
        <ele>1207.94</ele>
        <time>2026-07-05T18:20:55Z</time>
      </trkpt>
      <trkpt lat="44.15464" lon="-73.69111">
        <ele>1207.88</ele>
        <time>2026-07-05T18:21:03Z</time>
      </trkpt>
      <trkpt lat="44.15463" lon="-73.69107">
        <ele>1207.55</ele>
        <time>2026-07-05T18:21:12Z</time>
      </trkpt>
      <trkpt lat="44.15461" lon="-73.69102">
        <ele>1207.01</ele>
        <time>2026-07-05T18:21:21Z</time>
      </trkpt>
      <trkpt lat="44.15461" lon="-73.69098">
        <ele>1207.0</ele>
        <time>2026-07-05T18:21:24Z</time>
      </trkpt>
      <trkpt lat="44.15461" lon="-73.69097">
        <ele>1207.0</ele>
        <time>2026-07-05T18:21:25Z</time>
      </trkpt>
      <trkpt lat="44.1546" lon="-73.69091">
        <ele>1206.94</ele>
        <time>2026-07-05T18:21:29Z</time>
      </trkpt>
      <trkpt lat="44.1546" lon="-73.69083">
        <ele>1206.68</ele>
        <time>2026-07-05T18:21:35Z</time>
      </trkpt>
      <trkpt lat="44.1546" lon="-73.69073">
        <ele>1206.68</ele>
        <time>2026-07-05T18:21:42Z</time>
      </trkpt>
      <trkpt lat="44.15461" lon="-73.69066">
        <ele>1206.79</ele>
        <time>2026-07-05T18:21:47Z</time>
      </trkpt>
      <trkpt lat="44.15461" lon="-73.69063">
        <ele>1206.79</ele>
        <time>2026-07-05T18:21:49Z</time>
      </trkpt>
      <trkpt lat="44.15461" lon="-73.69051">
        <ele>1206.3</ele>
        <time>2026-07-05T18:21:57Z</time>
      </trkpt>
      <trkpt lat="44.1546" lon="-73.69043">
        <ele>1205.68</ele>
        <time>2026-07-05T18:22:04Z</time>
      </trkpt>
      <trkpt lat="44.15459" lon="-73.69033">
        <ele>1205.39</ele>
        <time>2026-07-05T18:22:12Z</time>
      </trkpt>
      <trkpt lat="44.15457" lon="-73.69024">
        <ele>1204.71</ele>
        <time>2026-07-05T18:22:19Z</time>
      </trkpt>
      <trkpt lat="44.15457" lon="-73.69023">
        <ele>1204.71</ele>
        <time>2026-07-05T18:22:20Z</time>
      </trkpt>
      <trkpt lat="44.15454" lon="-73.69011">
        <ele>1204.06</ele>
        <time>2026-07-05T18:22:30Z</time>
      </trkpt>
      <trkpt lat="44.15454" lon="-73.69003">
        <ele>1203.39</ele>
        <time>2026-07-05T18:22:36Z</time>
      </trkpt>
      <trkpt lat="44.15453" lon="-73.68998">
        <ele>1202.76</ele>
        <time>2026-07-05T18:22:42Z</time>
      </trkpt>
      <trkpt lat="44.15453" lon="-73.68996">
        <ele>1202.74</ele>
        <time>2026-07-05T18:22:45Z</time>
      </trkpt>
      <trkpt lat="44.15457" lon="-73.68985">
        <ele>1203.71</ele>
        <time>2026-07-05T18:22:56Z</time>
      </trkpt>
      <trkpt lat="44.15457" lon="-73.68983">
        <ele>1203.71</ele>
        <time>2026-07-05T18:22:58Z</time>
      </trkpt>
      <trkpt lat="44.15458" lon="-73.68979">
        <ele>1204.05</ele>
        <time>2026-07-05T18:23:03Z</time>
      </trkpt>
      <trkpt lat="44.15459" lon="-73.68979">
        <ele>1204.3</ele>
        <time>2026-07-05T18:23:05Z</time>
      </trkpt>
      <trkpt lat="44.15464" lon="-73.68975">
        <ele>1205.92</ele>
        <time>2026-07-05T18:23:14Z</time>
      </trkpt>
      <trkpt lat="44.15466" lon="-73.68973">
        <ele>1206.57</ele>
        <time>2026-07-05T18:23:22Z</time>
      </trkpt>
      <trkpt lat="44.15467" lon="-73.68973">
        <ele>1206.79</ele>
        <time>2026-07-05T18:23:23Z</time>
      </trkpt>
      <trkpt lat="44.15465" lon="-73.68972">
        <ele>1206.46</ele>
        <time>2026-07-05T18:23:38Z</time>
      </trkpt>
      <trkpt lat="44.15465" lon="-73.68972">
        <ele>1206.46</ele>
        <time>2026-07-05T18:23:48Z</time>
      </trkpt>
      <trkpt lat="44.15466" lon="-73.6897">
        <ele>1206.82</ele>
        <time>2026-07-05T18:23:57Z</time>
      </trkpt>
      <trkpt lat="44.15466" lon="-73.68972">
        <ele>1206.67</ele>
        <time>2026-07-05T18:24:07Z</time>
      </trkpt>
      <trkpt lat="44.15465" lon="-73.68971">
        <ele>1206.54</ele>
        <time>2026-07-05T18:24:15Z</time>
      </trkpt>
      <trkpt lat="44.15464" lon="-73.68971">
        <ele>1206.34</ele>
        <time>2026-07-05T18:24:16Z</time>
      </trkpt>
      <trkpt lat="44.15464" lon="-73.68971">
        <ele>1206.34</ele>
        <time>2026-07-05T18:24:25Z</time>
      </trkpt>
      <trkpt lat="44.15465" lon="-73.68971">
        <ele>1206.54</ele>
        <time>2026-07-05T18:24:36Z</time>
      </trkpt>
      <trkpt lat="44.15465" lon="-73.6897">
        <ele>1206.63</ele>
        <time>2026-07-05T18:24:38Z</time>
      </trkpt>
      <trkpt lat="44.15467" lon="-73.6897">
        <ele>1207.01</ele>
        <time>2026-07-05T18:24:45Z</time>
      </trkpt>
      <trkpt lat="44.15468" lon="-73.68971">
        <ele>1207.15</ele>
        <time>2026-07-05T18:24:47Z</time>
      </trkpt>
      <trkpt lat="44.15468" lon="-73.68971">
        <ele>1207.15</ele>
        <time>2026-07-05T18:24:48Z</time>
      </trkpt>
      <trkpt lat="44.15469" lon="-73.68971">
        <ele>1207.35</ele>
        <time>2026-07-05T18:24:55Z</time>
      </trkpt>
      <trkpt lat="44.1547" lon="-73.68966">
        <ele>1207.68</ele>
        <time>2026-07-05T18:25:02Z</time>
      </trkpt>
      <trkpt lat="44.1547" lon="-73.68964">
        <ele>1207.73</ele>
        <time>2026-07-05T18:25:04Z</time>
      </trkpt>
      <trkpt lat="44.1547" lon="-73.68961">
        <ele>1208.02</ele>
        <time>2026-07-05T18:25:08Z</time>
      </trkpt>
      <trkpt lat="44.15469" lon="-73.68959">
        <ele>1208.23</ele>
        <time>2026-07-05T18:25:11Z</time>
      </trkpt>
      <trkpt lat="44.15468" lon="-73.68958">
        <ele>1208.32</ele>
        <time>2026-07-05T18:25:17Z</time>
      </trkpt>
      <trkpt lat="44.15468" lon="-73.68959">
        <ele>1208.17</ele>
        <time>2026-07-05T18:25:20Z</time>
      </trkpt>
      <trkpt lat="44.15468" lon="-73.68959">
        <ele>1208.17</ele>
        <time>2026-07-05T18:25:21Z</time>
      </trkpt>
      <trkpt lat="44.15468" lon="-73.68958">
        <ele>1208.32</ele>
        <time>2026-07-05T18:25:22Z</time>
      </trkpt>
      <trkpt lat="44.15468" lon="-73.68958">
        <ele>1208.32</ele>
        <time>2026-07-05T18:25:23Z</time>
      </trkpt>
      <trkpt lat="44.15469" lon="-73.68954">
        <ele>1208.96</ele>
        <time>2026-07-05T18:25:26Z</time>
      </trkpt>
      <trkpt lat="44.15469" lon="-73.68948">
        <ele>1210.02</ele>
        <time>2026-07-05T18:25:30Z</time>
      </trkpt>
      <trkpt lat="44.15468" lon="-73.68944">
        <ele>1210.61</ele>
        <time>2026-07-05T18:25:35Z</time>
      </trkpt>
      <trkpt lat="44.15467" lon="-73.68942">
        <ele>1210.85</ele>
        <time>2026-07-05T18:25:38Z</time>
      </trkpt>
      <trkpt lat="44.15466" lon="-73.6894">
        <ele>1211.13</ele>
        <time>2026-07-05T18:25:40Z</time>
      </trkpt>
      <trkpt lat="44.15466" lon="-73.68935">
        <ele>1212.01</ele>
        <time>2026-07-05T18:25:44Z</time>
      </trkpt>
      <trkpt lat="44.15466" lon="-73.68927">
        <ele>1212.29</ele>
        <time>2026-07-05T18:25:50Z</time>
      </trkpt>
      <trkpt lat="44.15466" lon="-73.68926">
        <ele>1212.33</ele>
        <time>2026-07-05T18:25:51Z</time>
      </trkpt>
      <trkpt lat="44.15466" lon="-73.68923">
        <ele>1212.64</ele>
        <time>2026-07-05T18:25:53Z</time>
      </trkpt>
      <trkpt lat="44.15467" lon="-73.68914">
        <ele>1213.56</ele>
        <time>2026-07-05T18:26:00Z</time>
      </trkpt>
      <trkpt lat="44.15467" lon="-73.68911">
        <ele>1213.7</ele>
        <time>2026-07-05T18:26:02Z</time>
      </trkpt>
      <trkpt lat="44.15466" lon="-73.68905">
        <ele>1213.66</ele>
        <time>2026-07-05T18:26:08Z</time>
      </trkpt>
      <trkpt lat="44.15466" lon="-73.68903">
        <ele>1213.66</ele>
        <time>2026-07-05T18:26:10Z</time>
      </trkpt>
      <trkpt lat="44.15467" lon="-73.68895">
        <ele>1213.87</ele>
        <time>2026-07-05T18:26:17Z</time>
      </trkpt>
      <trkpt lat="44.15468" lon="-73.68894">
        <ele>1214.09</ele>
        <time>2026-07-05T18:26:19Z</time>
      </trkpt>
      <trkpt lat="44.15471" lon="-73.68886">
        <ele>1214.69</ele>
        <time>2026-07-05T18:26:26Z</time>
      </trkpt>
      <trkpt lat="44.15472" lon="-73.68885">
        <ele>1214.94</ele>
        <time>2026-07-05T18:26:27Z</time>
      </trkpt>
      <trkpt lat="44.15472" lon="-73.68883">
        <ele>1214.94</ele>
        <time>2026-07-05T18:26:29Z</time>
      </trkpt>
      <trkpt lat="44.15474" lon="-73.68877">
        <ele>1215.0</ele>
        <time>2026-07-05T18:26:36Z</time>
      </trkpt>
      <trkpt lat="44.15476" lon="-73.68867">
        <ele>1215.0</ele>
        <time>2026-07-05T18:26:44Z</time>
      </trkpt>
      <trkpt lat="44.15477" lon="-73.68862">
        <ele>1215.0</ele>
        <time>2026-07-05T18:26:50Z</time>
      </trkpt>
      <trkpt lat="44.15477" lon="-73.68858">
        <ele>1215.0</ele>
        <time>2026-07-05T18:26:53Z</time>
      </trkpt>
      <trkpt lat="44.15477" lon="-73.68856">
        <ele>1215.0</ele>
        <time>2026-07-05T18:26:59Z</time>
      </trkpt>
      <trkpt lat="44.15477" lon="-73.68855">
        <ele>1215.0</ele>
        <time>2026-07-05T18:27:01Z</time>
      </trkpt>
      <trkpt lat="44.15478" lon="-73.68846">
        <ele>1214.76</ele>
        <time>2026-07-05T18:27:10Z</time>
      </trkpt>
      <trkpt lat="44.15479" lon="-73.68844">
        <ele>1214.77</ele>
        <time>2026-07-05T18:27:12Z</time>
      </trkpt>
      <trkpt lat="44.15478" lon="-73.6884">
        <ele>1214.62</ele>
        <time>2026-07-05T18:27:15Z</time>
      </trkpt>
      <trkpt lat="44.15478" lon="-73.68836">
        <ele>1214.62</ele>
        <time>2026-07-05T18:27:19Z</time>
      </trkpt>
      <trkpt lat="44.15478" lon="-73.68826">
        <ele>1214.33</ele>
        <time>2026-07-05T18:27:26Z</time>
      </trkpt>
      <trkpt lat="44.15478" lon="-73.68823">
        <ele>1214.13</ele>
        <time>2026-07-05T18:27:28Z</time>
      </trkpt>
      <trkpt lat="44.15478" lon="-73.68821">
        <ele>1213.92</ele>
        <time>2026-07-05T18:27:30Z</time>
      </trkpt>
      <trkpt lat="44.15482" lon="-73.68815">
        <ele>1214.02</ele>
        <time>2026-07-05T18:27:36Z</time>
      </trkpt>
      <trkpt lat="44.15484" lon="-73.68806">
        <ele>1213.31</ele>
        <time>2026-07-05T18:27:43Z</time>
      </trkpt>
      <trkpt lat="44.15488" lon="-73.68799">
        <ele>1213.0</ele>
        <time>2026-07-05T18:27:50Z</time>
      </trkpt>
      <trkpt lat="44.15488" lon="-73.68797">
        <ele>1212.78</ele>
        <time>2026-07-05T18:27:54Z</time>
      </trkpt>
      <trkpt lat="44.15488" lon="-73.68794">
        <ele>1212.46</ele>
        <time>2026-07-05T18:27:58Z</time>
      </trkpt>
      <trkpt lat="44.15489" lon="-73.68788">
        <ele>1211.92</ele>
        <time>2026-07-05T18:28:04Z</time>
      </trkpt>
      <trkpt lat="44.15491" lon="-73.68778">
        <ele>1212.0</ele>
        <time>2026-07-05T18:28:12Z</time>
      </trkpt>
      <trkpt lat="44.15492" lon="-73.68775">
        <ele>1211.74</ele>
        <time>2026-07-05T18:28:15Z</time>
      </trkpt>
      <trkpt lat="44.15493" lon="-73.68766">
        <ele>1211.24</ele>
        <time>2026-07-05T18:28:25Z</time>
      </trkpt>
      <trkpt lat="44.1549" lon="-73.6876">
        <ele>1210.84</ele>
        <time>2026-07-05T18:28:34Z</time>
      </trkpt>
      <trkpt lat="44.1549" lon="-73.68759">
        <ele>1210.84</ele>
        <time>2026-07-05T18:28:35Z</time>
      </trkpt>
      <trkpt lat="44.15489" lon="-73.68753">
        <ele>1210.62</ele>
        <time>2026-07-05T18:28:40Z</time>
      </trkpt>
      <trkpt lat="44.15489" lon="-73.68752">
        <ele>1210.62</ele>
        <time>2026-07-05T18:28:42Z</time>
      </trkpt>
      <trkpt lat="44.15489" lon="-73.68752">
        <ele>1210.62</ele>
        <time>2026-07-05T18:28:50Z</time>
      </trkpt>
      <trkpt lat="44.15491" lon="-73.68744">
        <ele>1211.68</ele>
        <time>2026-07-05T18:28:58Z</time>
      </trkpt>
      <trkpt lat="44.15491" lon="-73.68738">
        <ele>1212.32</ele>
        <time>2026-07-05T18:29:02Z</time>
      </trkpt>
      <trkpt lat="44.15491" lon="-73.68734">
        <ele>1212.74</ele>
        <time>2026-07-05T18:29:06Z</time>
      </trkpt>
      <trkpt lat="44.15487" lon="-73.68725">
        <ele>1213.17</ele>
        <time>2026-07-05T18:29:14Z</time>
      </trkpt>
      <trkpt lat="44.15484" lon="-73.68724">
        <ele>1212.94</ele>
        <time>2026-07-05T18:29:21Z</time>
      </trkpt>
      <trkpt lat="44.15483" lon="-73.68723">
        <ele>1213.01</ele>
        <time>2026-07-05T18:29:27Z</time>
      </trkpt>
      <trkpt lat="44.15482" lon="-73.68723">
        <ele>1212.89</ele>
        <time>2026-07-05T18:29:28Z</time>
      </trkpt>
      <trkpt lat="44.1548" lon="-73.68722">
        <ele>1212.7</ele>
        <time>2026-07-05T18:29:32Z</time>
      </trkpt>
      <trkpt lat="44.15479" lon="-73.68721">
        <ele>1212.6</ele>
        <time>2026-07-05T18:29:33Z</time>
      </trkpt>
      <trkpt lat="44.15478" lon="-73.68721">
        <ele>1212.38</ele>
        <time>2026-07-05T18:29:35Z</time>
      </trkpt>
      <trkpt lat="44.15478" lon="-73.68721">
        <ele>1212.38</ele>
        <time>2026-07-05T18:29:37Z</time>
      </trkpt>
      <trkpt lat="44.15477" lon="-73.68723">
        <ele>1211.9</ele>
        <time>2026-07-05T18:29:40Z</time>
      </trkpt>
      <trkpt lat="44.15478" lon="-73.68723">
        <ele>1212.11</ele>
        <time>2026-07-05T18:29:49Z</time>
      </trkpt>
      <trkpt lat="44.15478" lon="-73.68723">
        <ele>1212.11</ele>
        <time>2026-07-05T18:30:01Z</time>
      </trkpt>
      <trkpt lat="44.15477" lon="-73.68722">
        <ele>1212.06</ele>
        <time>2026-07-05T18:30:02Z</time>
      </trkpt>
      <trkpt lat="44.15475" lon="-73.68721">
        <ele>1211.73</ele>
        <time>2026-07-05T18:30:04Z</time>
      </trkpt>
      <trkpt lat="44.15474" lon="-73.68719">
        <ele>1211.73</ele>
        <time>2026-07-05T18:30:06Z</time>
      </trkpt>
      <trkpt lat="44.15473" lon="-73.68717">
        <ele>1211.73</ele>
        <time>2026-07-05T18:30:08Z</time>
      </trkpt>
      <trkpt lat="44.15475" lon="-73.6871">
        <ele>1212.92</ele>
        <time>2026-07-05T18:30:15Z</time>
      </trkpt>
      <trkpt lat="44.15475" lon="-73.68708">
        <ele>1213.14</ele>
        <time>2026-07-05T18:30:17Z</time>
      </trkpt>
      <trkpt lat="44.15476" lon="-73.68704">
        <ele>1213.78</ele>
        <time>2026-07-05T18:30:23Z</time>
      </trkpt>
      <trkpt lat="44.15477" lon="-73.68697">
        <ele>1214.03</ele>
        <time>2026-07-05T18:30:32Z</time>
      </trkpt>
      <trkpt lat="44.15476" lon="-73.68695">
        <ele>1213.82</ele>
        <time>2026-07-05T18:30:35Z</time>
      </trkpt>
      <trkpt lat="44.15474" lon="-73.68689">
        <ele>1213.38</ele>
        <time>2026-07-05T18:30:41Z</time>
      </trkpt>
      <trkpt lat="44.15473" lon="-73.68685">
        <ele>1213.15</ele>
        <time>2026-07-05T18:30:46Z</time>
      </trkpt>
      <trkpt lat="44.15473" lon="-73.68686">
        <ele>1213.17</ele>
        <time>2026-07-05T18:30:48Z</time>
      </trkpt>
      <trkpt lat="44.15473" lon="-73.68686">
        <ele>1213.17</ele>
        <time>2026-07-05T18:30:51Z</time>
      </trkpt>
      <trkpt lat="44.15474" lon="-73.68687">
        <ele>1213.38</ele>
        <time>2026-07-05T18:30:53Z</time>
      </trkpt>
      <trkpt lat="44.15474" lon="-73.68687">
        <ele>1213.38</ele>
        <time>2026-07-05T18:31:01Z</time>
      </trkpt>
      <trkpt lat="44.15473" lon="-73.68686">
        <ele>1213.17</ele>
        <time>2026-07-05T18:31:17Z</time>
      </trkpt>
      <trkpt lat="44.15474" lon="-73.68687">
        <ele>1213.38</ele>
        <time>2026-07-05T18:31:22Z</time>
      </trkpt>
      <trkpt lat="44.15472" lon="-73.68683">
        <ele>1212.7</ele>
        <time>2026-07-05T18:31:58Z</time>
      </trkpt>
      <trkpt lat="44.15468" lon="-73.68679">
        <ele>1211.27</ele>
        <time>2026-07-05T18:32:05Z</time>
      </trkpt>
      <trkpt lat="44.15468" lon="-73.68679">
        <ele>1211.27</ele>
        <time>2026-07-05T18:32:07Z</time>
      </trkpt>
      <trkpt lat="44.15468" lon="-73.68677">
        <ele>1211.15</ele>
        <time>2026-07-05T18:32:22Z</time>
      </trkpt>
      <trkpt lat="44.15468" lon="-73.68679">
        <ele>1211.27</ele>
        <time>2026-07-05T18:32:33Z</time>
      </trkpt>
      <trkpt lat="44.15469" lon="-73.68677">
        <ele>1211.38</ele>
        <time>2026-07-05T18:33:14Z</time>
      </trkpt>
      <trkpt lat="44.15469" lon="-73.68675">
        <ele>1211.27</ele>
        <time>2026-07-05T18:33:16Z</time>
      </trkpt>
      <trkpt lat="44.15468" lon="-73.68673">
        <ele>1210.94</ele>
        <time>2026-07-05T18:33:19Z</time>
      </trkpt>
      <trkpt lat="44.15468" lon="-73.68672">
        <ele>1210.89</ele>
        <time>2026-07-05T18:33:21Z</time>
      </trkpt>
      <trkpt lat="44.15469" lon="-73.68668">
        <ele>1211.01</ele>
        <time>2026-07-05T18:33:26Z</time>
      </trkpt>
      <trkpt lat="44.15469" lon="-73.68667">
        <ele>1210.97</ele>
        <time>2026-07-05T18:33:28Z</time>
      </trkpt>
      <trkpt lat="44.15469" lon="-73.68667">
        <ele>1210.97</ele>
        <time>2026-07-05T18:33:39Z</time>
      </trkpt>
      <trkpt lat="44.15468" lon="-73.68662">
        <ele>1210.63</ele>
        <time>2026-07-05T18:33:45Z</time>
      </trkpt>
      <trkpt lat="44.15469" lon="-73.68661">
        <ele>1210.96</ele>
        <time>2026-07-05T18:33:47Z</time>
      </trkpt>
      <trkpt lat="44.1547" lon="-73.6866">
        <ele>1211.28</ele>
        <time>2026-07-05T18:33:48Z</time>
      </trkpt>
      <trkpt lat="44.1547" lon="-73.68658">
        <ele>1211.28</ele>
        <time>2026-07-05T18:33:52Z</time>
      </trkpt>
      <trkpt lat="44.15471" lon="-73.68657">
        <ele>1211.57</ele>
        <time>2026-07-05T18:33:55Z</time>
      </trkpt>
      <trkpt lat="44.15473" lon="-73.68656">
        <ele>1211.93</ele>
        <time>2026-07-05T18:33:59Z</time>
      </trkpt>
      <trkpt lat="44.15474" lon="-73.68654">
        <ele>1211.82</ele>
        <time>2026-07-05T18:34:04Z</time>
      </trkpt>
      <trkpt lat="44.15475" lon="-73.68655">
        <ele>1212.04</ele>
        <time>2026-07-05T18:34:07Z</time>
      </trkpt>
      <trkpt lat="44.15476" lon="-73.68655">
        <ele>1212.15</ele>
        <time>2026-07-05T18:34:11Z</time>
      </trkpt>
      <trkpt lat="44.15476" lon="-73.68653">
        <ele>1211.93</ele>
        <time>2026-07-05T18:34:15Z</time>
      </trkpt>
      <trkpt lat="44.15474" lon="-73.6865">
        <ele>1211.39</ele>
        <time>2026-07-05T18:34:22Z</time>
      </trkpt>
      <trkpt lat="44.15474" lon="-73.6865">
        <ele>1211.39</ele>
        <time>2026-07-05T18:34:23Z</time>
      </trkpt>
      <trkpt lat="44.15474" lon="-73.68649">
        <ele>1211.28</ele>
        <time>2026-07-05T18:34:27Z</time>
      </trkpt>
      <trkpt lat="44.15474" lon="-73.68649">
        <ele>1211.28</ele>
        <time>2026-07-05T18:34:30Z</time>
      </trkpt>
      <trkpt lat="44.15473" lon="-73.68648">
        <ele>1211.07</ele>
        <time>2026-07-05T18:34:35Z</time>
      </trkpt>
      <trkpt lat="44.15472" lon="-73.68647">
        <ele>1210.83</ele>
        <time>2026-07-05T18:34:37Z</time>
      </trkpt>
      <trkpt lat="44.1547" lon="-73.68644">
        <ele>1210.07</ele>
        <time>2026-07-05T18:34:42Z</time>
      </trkpt>
      <trkpt lat="44.1547" lon="-73.68644">
        <ele>1210.07</ele>
        <time>2026-07-05T18:34:44Z</time>
      </trkpt>
      <trkpt lat="44.1547" lon="-73.68644">
        <ele>1210.07</ele>
        <time>2026-07-05T18:34:45Z</time>
      </trkpt>
      <trkpt lat="44.15469" lon="-73.68643">
        <ele>1209.75</ele>
        <time>2026-07-05T18:34:55Z</time>
      </trkpt>
      <trkpt lat="44.15468" lon="-73.68642">
        <ele>1209.42</ele>
        <time>2026-07-05T18:34:57Z</time>
      </trkpt>
      <trkpt lat="44.15466" lon="-73.6864">
        <ele>1208.78</ele>
        <time>2026-07-05T18:35:02Z</time>
      </trkpt>
      <trkpt lat="44.15466" lon="-73.68637">
        <ele>1208.25</ele>
        <time>2026-07-05T18:35:05Z</time>
      </trkpt>
      <trkpt lat="44.15466" lon="-73.68634">
        <ele>1207.6</ele>
        <time>2026-07-05T18:35:10Z</time>
      </trkpt>
      <trkpt lat="44.15466" lon="-73.68633">
        <ele>1207.38</ele>
        <time>2026-07-05T18:35:11Z</time>
      </trkpt>
      <trkpt lat="44.15464" lon="-73.68624">
        <ele>1205.48</ele>
        <time>2026-07-05T18:35:19Z</time>
      </trkpt>
      <trkpt lat="44.15463" lon="-73.68622">
        <ele>1205.18</ele>
        <time>2026-07-05T18:35:20Z</time>
      </trkpt>
      <trkpt lat="44.15463" lon="-73.68616">
        <ele>1204.06</ele>
        <time>2026-07-05T18:35:29Z</time>
      </trkpt>
      <trkpt lat="44.15463" lon="-73.68617">
        <ele>1204.27</ele>
        <time>2026-07-05T18:35:39Z</time>
      </trkpt>
      <trkpt lat="44.15463" lon="-73.68613">
        <ele>1203.41</ele>
        <time>2026-07-05T18:35:49Z</time>
      </trkpt>
      <trkpt lat="44.15463" lon="-73.68611">
        <ele>1202.98</ele>
        <time>2026-07-05T18:35:51Z</time>
      </trkpt>
      <trkpt lat="44.15463" lon="-73.68606">
        <ele>1201.9</ele>
        <time>2026-07-05T18:35:58Z</time>
      </trkpt>
      <trkpt lat="44.15464" lon="-73.68605">
        <ele>1201.68</ele>
        <time>2026-07-05T18:35:59Z</time>
      </trkpt>
      <trkpt lat="44.15467" lon="-73.686">
        <ele>1200.49</ele>
        <time>2026-07-05T18:36:06Z</time>
      </trkpt>
      <trkpt lat="44.15467" lon="-73.686">
        <ele>1200.49</ele>
        <time>2026-07-05T18:36:07Z</time>
      </trkpt>
      <trkpt lat="44.15464" lon="-73.68595">
        <ele>1198.86</ele>
        <time>2026-07-05T18:36:13Z</time>
      </trkpt>
      <trkpt lat="44.15463" lon="-73.68593">
        <ele>1198.14</ele>
        <time>2026-07-05T18:36:20Z</time>
      </trkpt>
      <trkpt lat="44.15463" lon="-73.68593">
        <ele>1198.14</ele>
        <time>2026-07-05T18:36:21Z</time>
      </trkpt>
      <trkpt lat="44.15465" lon="-73.68589">
        <ele>1197.06</ele>
        <time>2026-07-05T18:36:26Z</time>
      </trkpt>
      <trkpt lat="44.15466" lon="-73.68589">
        <ele>1197.16</ele>
        <time>2026-07-05T18:36:27Z</time>
      </trkpt>
      <trkpt lat="44.15474" lon="-73.68586">
        <ele>1196.81</ele>
        <time>2026-07-05T18:36:36Z</time>
      </trkpt>
      <trkpt lat="44.15482" lon="-73.68575">
        <ele>1194.14</ele>
        <time>2026-07-05T18:36:46Z</time>
      </trkpt>
      <trkpt lat="44.15482" lon="-73.68573">
        <ele>1193.71</ele>
        <time>2026-07-05T18:36:48Z</time>
      </trkpt>
      <trkpt lat="44.15482" lon="-73.68567">
        <ele>1192.42</ele>
        <time>2026-07-05T18:36:54Z</time>
      </trkpt>
      <trkpt lat="44.15483" lon="-73.68563">
        <ele>1191.48</ele>
        <time>2026-07-05T18:36:59Z</time>
      </trkpt>
      <trkpt lat="44.15483" lon="-73.6856">
        <ele>1190.88</ele>
        <time>2026-07-05T18:37:03Z</time>
      </trkpt>
      <trkpt lat="44.15483" lon="-73.68559">
        <ele>1190.68</ele>
        <time>2026-07-05T18:37:04Z</time>
      </trkpt>
      <trkpt lat="44.15484" lon="-73.68556">
        <ele>1190.08</ele>
        <time>2026-07-05T18:37:08Z</time>
      </trkpt>
      <trkpt lat="44.15484" lon="-73.68555">
        <ele>1189.88</ele>
        <time>2026-07-05T18:37:10Z</time>
      </trkpt>
      <trkpt lat="44.15483" lon="-73.68551">
        <ele>1189.02</ele>
        <time>2026-07-05T18:37:14Z</time>
      </trkpt>
      <trkpt lat="44.1548" lon="-73.68547">
        <ele>1188.0</ele>
        <time>2026-07-05T18:37:18Z</time>
      </trkpt>
      <trkpt lat="44.1548" lon="-73.68542">
        <ele>1187.3</ele>
        <time>2026-07-05T18:37:24Z</time>
      </trkpt>
      <trkpt lat="44.1548" lon="-73.68542">
        <ele>1187.3</ele>
        <time>2026-07-05T18:37:25Z</time>
      </trkpt>
      <trkpt lat="44.15484" lon="-73.6854">
        <ele>1187.32</ele>
        <time>2026-07-05T18:37:31Z</time>
      </trkpt>
      <trkpt lat="44.15484" lon="-73.6854">
        <ele>1187.32</ele>
        <time>2026-07-05T18:37:32Z</time>
      </trkpt>
      <trkpt lat="44.1549" lon="-73.68536">
        <ele>1186.88</ele>
        <time>2026-07-05T18:37:40Z</time>
      </trkpt>
      <trkpt lat="44.15492" lon="-73.68536">
        <ele>1186.75</ele>
        <time>2026-07-05T18:37:44Z</time>
      </trkpt>
      <trkpt lat="44.15492" lon="-73.68535">
        <ele>1186.64</ele>
        <time>2026-07-05T18:37:47Z</time>
      </trkpt>
      <trkpt lat="44.15491" lon="-73.68533">
        <ele>1186.54</ele>
        <time>2026-07-05T18:37:51Z</time>
      </trkpt>
      <trkpt lat="44.15491" lon="-73.68531">
        <ele>1186.32</ele>
        <time>2026-07-05T18:37:53Z</time>
      </trkpt>
      <trkpt lat="44.15491" lon="-73.68529">
        <ele>1186.1</ele>
        <time>2026-07-05T18:37:56Z</time>
      </trkpt>
      <trkpt lat="44.15491" lon="-73.68528">
        <ele>1186.0</ele>
        <time>2026-07-05T18:37:57Z</time>
      </trkpt>
      <trkpt lat="44.15492" lon="-73.68518">
        <ele>1184.81</ele>
        <time>2026-07-05T18:38:05Z</time>
      </trkpt>
      <trkpt lat="44.15492" lon="-73.68516">
        <ele>1184.59</ele>
        <time>2026-07-05T18:38:07Z</time>
      </trkpt>
      <trkpt lat="44.15492" lon="-73.68513">
        <ele>1184.27</ele>
        <time>2026-07-05T18:38:12Z</time>
      </trkpt>
      <trkpt lat="44.15492" lon="-73.68514">
        <ele>1184.38</ele>
        <time>2026-07-05T18:38:14Z</time>
      </trkpt>
      <trkpt lat="44.15492" lon="-73.68514">
        <ele>1184.38</ele>
        <time>2026-07-05T18:38:21Z</time>
      </trkpt>
      <trkpt lat="44.15491" lon="-73.68514">
        <ele>1184.48</ele>
        <time>2026-07-05T18:38:30Z</time>
      </trkpt>
      <trkpt lat="44.15491" lon="-73.68514">
        <ele>1184.48</ele>
        <time>2026-07-05T18:38:37Z</time>
      </trkpt>
      <trkpt lat="44.15491" lon="-73.68514">
        <ele>1184.48</ele>
        <time>2026-07-05T18:38:38Z</time>
      </trkpt>
      <trkpt lat="44.15492" lon="-73.68514">
        <ele>1184.38</ele>
        <time>2026-07-05T18:38:50Z</time>
      </trkpt>
      <trkpt lat="44.15491" lon="-73.68514">
        <ele>1184.48</ele>
        <time>2026-07-05T18:39:10Z</time>
      </trkpt>
      <trkpt lat="44.15492" lon="-73.68514">
        <ele>1184.38</ele>
        <time>2026-07-05T18:39:22Z</time>
      </trkpt>
      <trkpt lat="44.15491" lon="-73.68513">
        <ele>1184.38</ele>
        <time>2026-07-05T18:40:17Z</time>
      </trkpt>
      <trkpt lat="44.15492" lon="-73.68514">
        <ele>1184.38</ele>
        <time>2026-07-05T18:40:26Z</time>
      </trkpt>
      <trkpt lat="44.15492" lon="-73.68513">
        <ele>1184.27</ele>
        <time>2026-07-05T18:40:35Z</time>
      </trkpt>
      <trkpt lat="44.15495" lon="-73.68513">
        <ele>1183.94</ele>
        <time>2026-07-05T18:40:42Z</time>
      </trkpt>
      <trkpt lat="44.15496" lon="-73.68511">
        <ele>1183.62</ele>
        <time>2026-07-05T18:40:44Z</time>
      </trkpt>
      <trkpt lat="44.15496" lon="-73.6851">
        <ele>1183.51</ele>
        <time>2026-07-05T18:40:45Z</time>
      </trkpt>
      <trkpt lat="44.15497" lon="-73.68507">
        <ele>1183.0</ele>
        <time>2026-07-05T18:40:47Z</time>
      </trkpt>
      <trkpt lat="44.15499" lon="-73.68505">
        <ele>1182.6</ele>
        <time>2026-07-05T18:40:50Z</time>
      </trkpt>
      <trkpt lat="44.15498" lon="-73.68501">
        <ele>1182.13</ele>
        <time>2026-07-05T18:40:54Z</time>
      </trkpt>
      <trkpt lat="44.15498" lon="-73.685">
        <ele>1182.0</ele>
        <time>2026-07-05T18:40:55Z</time>
      </trkpt>
      <trkpt lat="44.15499" lon="-73.68492">
        <ele>1180.27</ele>
        <time>2026-07-05T18:41:02Z</time>
      </trkpt>
      <trkpt lat="44.15499" lon="-73.68491">
        <ele>1180.06</ele>
        <time>2026-07-05T18:41:03Z</time>
      </trkpt>
      <trkpt lat="44.15501" lon="-73.68488">
        <ele>1179.33</ele>
        <time>2026-07-05T18:41:09Z</time>
      </trkpt>
      <trkpt lat="44.15501" lon="-73.68483">
        <ele>1178.31</ele>
        <time>2026-07-05T18:41:15Z</time>
      </trkpt>
      <trkpt lat="44.15498" lon="-73.6848">
        <ele>1177.77</ele>
        <time>2026-07-05T18:41:21Z</time>
      </trkpt>
      <trkpt lat="44.15498" lon="-73.68479">
        <ele>1177.62</ele>
        <time>2026-07-05T18:41:27Z</time>
      </trkpt>
      <trkpt lat="44.15501" lon="-73.68477">
        <ele>1177.52</ele>
        <time>2026-07-05T18:41:33Z</time>
      </trkpt>
      <trkpt lat="44.15502" lon="-73.68478">
        <ele>1177.62</ele>
        <time>2026-07-05T18:41:34Z</time>
      </trkpt>
      <trkpt lat="44.15503" lon="-73.68478">
        <ele>1177.62</ele>
        <time>2026-07-05T18:41:39Z</time>
      </trkpt>
      <trkpt lat="44.15503" lon="-73.68477">
        <ele>1177.52</ele>
        <time>2026-07-05T18:41:40Z</time>
      </trkpt>
      <trkpt lat="44.15505" lon="-73.68477">
        <ele>1177.52</ele>
        <time>2026-07-05T18:41:46Z</time>
      </trkpt>
      <trkpt lat="44.15513" lon="-73.68475">
        <ele>1176.9</ele>
        <time>2026-07-05T18:41:54Z</time>
      </trkpt>
      <trkpt lat="44.15515" lon="-73.68471">
        <ele>1176.38</ele>
        <time>2026-07-05T18:41:58Z</time>
      </trkpt>
      <trkpt lat="44.15515" lon="-73.6847">
        <ele>1176.38</ele>
        <time>2026-07-05T18:42:02Z</time>
      </trkpt>
      <trkpt lat="44.15515" lon="-73.6847">
        <ele>1176.38</ele>
        <time>2026-07-05T18:42:10Z</time>
      </trkpt>
      <trkpt lat="44.15517" lon="-73.68466">
        <ele>1176.16</ele>
        <time>2026-07-05T18:42:21Z</time>
      </trkpt>
      <trkpt lat="44.15518" lon="-73.68463">
        <ele>1176.06</ele>
        <time>2026-07-05T18:42:27Z</time>
      </trkpt>
      <trkpt lat="44.15519" lon="-73.68461">
        <ele>1175.7</ele>
        <time>2026-07-05T18:42:29Z</time>
      </trkpt>
      <trkpt lat="44.15519" lon="-73.68456">
        <ele>1175.18</ele>
        <time>2026-07-05T18:42:34Z</time>
      </trkpt>
      <trkpt lat="44.15519" lon="-73.68453">
        <ele>1174.94</ele>
        <time>2026-07-05T18:42:37Z</time>
      </trkpt>
      <trkpt lat="44.15521" lon="-73.6845">
        <ele>1174.62</ele>
        <time>2026-07-05T18:42:45Z</time>
      </trkpt>
      <trkpt lat="44.15522" lon="-73.68447">
        <ele>1174.35</ele>
        <time>2026-07-05T18:42:48Z</time>
      </trkpt>
      <trkpt lat="44.15522" lon="-73.68445">
        <ele>1174.27</ele>
        <time>2026-07-05T18:42:50Z</time>
      </trkpt>
      <trkpt lat="44.15522" lon="-73.68444">
        <ele>1174.17</ele>
        <time>2026-07-05T18:42:51Z</time>
      </trkpt>
      <trkpt lat="44.15523" lon="-73.68442">
        <ele>1173.63</ele>
        <time>2026-07-05T18:42:57Z</time>
      </trkpt>
      <trkpt lat="44.15525" lon="-73.6844">
        <ele>1172.98</ele>
        <time>2026-07-05T18:43:02Z</time>
      </trkpt>
      <trkpt lat="44.15526" lon="-73.68438">
        <ele>1172.55</ele>
        <time>2026-07-05T18:43:06Z</time>
      </trkpt>
      <trkpt lat="44.15526" lon="-73.68437">
        <ele>1172.43</ele>
        <time>2026-07-05T18:43:07Z</time>
      </trkpt>
      <trkpt lat="44.15526" lon="-73.68436">
        <ele>1172.3</ele>
        <time>2026-07-05T18:43:14Z</time>
      </trkpt>
      <trkpt lat="44.15527" lon="-73.6843">
        <ele>1171.52</ele>
        <time>2026-07-05T18:43:28Z</time>
      </trkpt>
      <trkpt lat="44.15527" lon="-73.68429">
        <ele>1171.42</ele>
        <time>2026-07-05T18:43:29Z</time>
      </trkpt>
      <trkpt lat="44.15524" lon="-73.68424">
        <ele>1171.12</ele>
        <time>2026-07-05T18:43:35Z</time>
      </trkpt>
      <trkpt lat="44.15523" lon="-73.68421">
        <ele>1170.71</ele>
        <time>2026-07-05T18:43:38Z</time>
      </trkpt>
      <trkpt lat="44.15523" lon="-73.68417">
        <ele>1170.05</ele>
        <time>2026-07-05T18:43:42Z</time>
      </trkpt>
      <trkpt lat="44.15523" lon="-73.68416">
        <ele>1169.86</ele>
        <time>2026-07-05T18:43:43Z</time>
      </trkpt>
      <trkpt lat="44.15524" lon="-73.68415">
        <ele>1169.64</ele>
        <time>2026-07-05T18:43:46Z</time>
      </trkpt>
      <trkpt lat="44.15524" lon="-73.68412">
        <ele>1168.99</ele>
        <time>2026-07-05T18:43:50Z</time>
      </trkpt>
      <trkpt lat="44.15524" lon="-73.68412">
        <ele>1168.99</ele>
        <time>2026-07-05T18:43:51Z</time>
      </trkpt>
      <trkpt lat="44.15525" lon="-73.6841">
        <ele>1168.56</ele>
        <time>2026-07-05T18:43:55Z</time>
      </trkpt>
      <trkpt lat="44.15525" lon="-73.68408">
        <ele>1168.13</ele>
        <time>2026-07-05T18:44:00Z</time>
      </trkpt>
      <trkpt lat="44.15525" lon="-73.68407">
        <ele>1167.94</ele>
        <time>2026-07-05T18:44:01Z</time>
      </trkpt>
      <trkpt lat="44.15526" lon="-73.68405">
        <ele>1167.69</ele>
        <time>2026-07-05T18:44:06Z</time>
      </trkpt>
      <trkpt lat="44.15526" lon="-73.68404">
        <ele>1167.56</ele>
        <time>2026-07-05T18:44:07Z</time>
      </trkpt>
      <trkpt lat="44.15526" lon="-73.68401">
        <ele>1167.18</ele>
        <time>2026-07-05T18:44:12Z</time>
      </trkpt>
      <trkpt lat="44.15526" lon="-73.68399">
        <ele>1166.92</ele>
        <time>2026-07-05T18:44:15Z</time>
      </trkpt>
      <trkpt lat="44.15526" lon="-73.68398">
        <ele>1166.79</ele>
        <time>2026-07-05T18:44:17Z</time>
      </trkpt>
      <trkpt lat="44.15526" lon="-73.68396">
        <ele>1166.53</ele>
        <time>2026-07-05T18:44:22Z</time>
      </trkpt>
      <trkpt lat="44.15527" lon="-73.68392">
        <ele>1166.2</ele>
        <time>2026-07-05T18:44:27Z</time>
      </trkpt>
      <trkpt lat="44.15529" lon="-73.68385">
        <ele>1165.45</ele>
        <time>2026-07-05T18:44:33Z</time>
      </trkpt>
      <trkpt lat="44.15528" lon="-73.68385">
        <ele>1165.56</ele>
        <time>2026-07-05T18:44:43Z</time>
      </trkpt>
      <trkpt lat="44.15529" lon="-73.68386">
        <ele>1165.56</ele>
        <time>2026-07-05T18:44:49Z</time>
      </trkpt>
      <trkpt lat="44.15529" lon="-73.68386">
        <ele>1165.56</ele>
        <time>2026-07-05T18:44:52Z</time>
      </trkpt>
      <trkpt lat="44.15533" lon="-73.68382">
        <ele>1164.69</ele>
        <time>2026-07-05T18:45:02Z</time>
      </trkpt>
      <trkpt lat="44.15534" lon="-73.6838">
        <ele>1164.37</ele>
        <time>2026-07-05T18:45:05Z</time>
      </trkpt>
      <trkpt lat="44.15535" lon="-73.68378">
        <ele>1164.01</ele>
        <time>2026-07-05T18:45:08Z</time>
      </trkpt>
      <trkpt lat="44.15536" lon="-73.68375">
        <ele>1163.56</ele>
        <time>2026-07-05T18:45:11Z</time>
      </trkpt>
      <trkpt lat="44.15536" lon="-73.68372">
        <ele>1163.2</ele>
        <time>2026-07-05T18:45:15Z</time>
      </trkpt>
      <trkpt lat="44.15535" lon="-73.68368">
        <ele>1162.54</ele>
        <time>2026-07-05T18:45:21Z</time>
      </trkpt>
      <trkpt lat="44.15535" lon="-73.68367">
        <ele>1162.35</ele>
        <time>2026-07-05T18:45:23Z</time>
      </trkpt>
      <trkpt lat="44.15538" lon="-73.68364">
        <ele>1161.42</ele>
        <time>2026-07-05T18:45:30Z</time>
      </trkpt>
      <trkpt lat="44.15541" lon="-73.68363">
        <ele>1160.55</ele>
        <time>2026-07-05T18:45:34Z</time>
      </trkpt>
      <trkpt lat="44.15542" lon="-73.68362">
        <ele>1160.12</ele>
        <time>2026-07-05T18:45:37Z</time>
      </trkpt>
      <trkpt lat="44.15545" lon="-73.68356">
        <ele>1158.1</ele>
        <time>2026-07-05T18:45:43Z</time>
      </trkpt>
      <trkpt lat="44.15545" lon="-73.68354">
        <ele>1157.64</ele>
        <time>2026-07-05T18:45:46Z</time>
      </trkpt>
      <trkpt lat="44.15545" lon="-73.68353">
        <ele>1157.41</ele>
        <time>2026-07-05T18:45:47Z</time>
      </trkpt>
      <trkpt lat="44.15548" lon="-73.68347">
        <ele>1154.97</ele>
        <time>2026-07-05T18:45:56Z</time>
      </trkpt>
      <trkpt lat="44.15548" lon="-73.68347">
        <ele>1154.97</ele>
        <time>2026-07-05T18:45:57Z</time>
      </trkpt>
      <trkpt lat="44.15551" lon="-73.68344">
        <ele>1153.36</ele>
        <time>2026-07-05T18:46:03Z</time>
      </trkpt>
      <trkpt lat="44.15552" lon="-73.68342">
        <ele>1152.62</ele>
        <time>2026-07-05T18:46:06Z</time>
      </trkpt>
      <trkpt lat="44.15554" lon="-73.68338">
        <ele>1151.26</ele>
        <time>2026-07-05T18:46:10Z</time>
      </trkpt>
      <trkpt lat="44.15554" lon="-73.68331">
        <ele>1149.66</ele>
        <time>2026-07-05T18:46:16Z</time>
      </trkpt>
      <trkpt lat="44.15553" lon="-73.68328">
        <ele>1149.12</ele>
        <time>2026-07-05T18:46:20Z</time>
      </trkpt>
      <trkpt lat="44.15552" lon="-73.68325">
        <ele>1148.58</ele>
        <time>2026-07-05T18:46:25Z</time>
      </trkpt>
      <trkpt lat="44.15552" lon="-73.68322">
        <ele>1147.85</ele>
        <time>2026-07-05T18:46:28Z</time>
      </trkpt>
      <trkpt lat="44.15551" lon="-73.68321">
        <ele>1147.66</ele>
        <time>2026-07-05T18:46:31Z</time>
      </trkpt>
      <trkpt lat="44.1555" lon="-73.68319">
        <ele>1147.18</ele>
        <time>2026-07-05T18:46:37Z</time>
      </trkpt>
      <trkpt lat="44.15549" lon="-73.68319">
        <ele>1147.22</ele>
        <time>2026-07-05T18:46:39Z</time>
      </trkpt>
      <trkpt lat="44.15547" lon="-73.68317">
        <ele>1146.69</ele>
        <time>2026-07-05T18:46:44Z</time>
      </trkpt>
      <trkpt lat="44.15546" lon="-73.68314">
        <ele>1145.82</ele>
        <time>2026-07-05T18:46:47Z</time>
      </trkpt>
      <trkpt lat="44.15545" lon="-73.68314">
        <ele>1145.81</ele>
        <time>2026-07-05T18:46:50Z</time>
      </trkpt>
      <trkpt lat="44.15544" lon="-73.68311">
        <ele>1145.07</ele>
        <time>2026-07-05T18:46:57Z</time>
      </trkpt>
      <trkpt lat="44.15544" lon="-73.6831">
        <ele>1144.83</ele>
        <time>2026-07-05T18:46:59Z</time>
      </trkpt>
      <trkpt lat="44.15543" lon="-73.68308">
        <ele>1144.27</ele>
        <time>2026-07-05T18:47:07Z</time>
      </trkpt>
      <trkpt lat="44.15544" lon="-73.68303">
        <ele>1143.2</ele>
        <time>2026-07-05T18:47:16Z</time>
      </trkpt>
      <trkpt lat="44.15546" lon="-73.683">
        <ele>1142.77</ele>
        <time>2026-07-05T18:47:22Z</time>
      </trkpt>
      <trkpt lat="44.15547" lon="-73.68298">
        <ele>1142.37</ele>
        <time>2026-07-05T18:47:26Z</time>
      </trkpt>
      <trkpt lat="44.15548" lon="-73.68297">
        <ele>1142.15</ele>
        <time>2026-07-05T18:47:30Z</time>
      </trkpt>
      <trkpt lat="44.15549" lon="-73.68295">
        <ele>1141.58</ele>
        <time>2026-07-05T18:47:34Z</time>
      </trkpt>
      <trkpt lat="44.1555" lon="-73.68294">
        <ele>1141.26</ele>
        <time>2026-07-05T18:47:35Z</time>
      </trkpt>
      <trkpt lat="44.1555" lon="-73.68294">
        <ele>1141.26</ele>
        <time>2026-07-05T18:47:36Z</time>
      </trkpt>
      <trkpt lat="44.15551" lon="-73.68289">
        <ele>1139.64</ele>
        <time>2026-07-05T18:47:43Z</time>
      </trkpt>
      <trkpt lat="44.15551" lon="-73.68289">
        <ele>1139.64</ele>
        <time>2026-07-05T18:47:44Z</time>
      </trkpt>
      <trkpt lat="44.15552" lon="-73.68286">
        <ele>1138.55</ele>
        <time>2026-07-05T18:47:49Z</time>
      </trkpt>
      <trkpt lat="44.15553" lon="-73.68283">
        <ele>1137.26</ele>
        <time>2026-07-05T18:47:56Z</time>
      </trkpt>
      <trkpt lat="44.15552" lon="-73.68282">
        <ele>1136.82</ele>
        <time>2026-07-05T18:47:57Z</time>
      </trkpt>
      <trkpt lat="44.15551" lon="-73.68278">
        <ele>1135.1</ele>
        <time>2026-07-05T18:48:05Z</time>
      </trkpt>
      <trkpt lat="44.15551" lon="-73.68277">
        <ele>1134.66</ele>
        <time>2026-07-05T18:48:07Z</time>
      </trkpt>
      <trkpt lat="44.15552" lon="-73.68274">
        <ele>1133.37</ele>
        <time>2026-07-05T18:48:11Z</time>
      </trkpt>
      <trkpt lat="44.15553" lon="-73.68271">
        <ele>1132.07</ele>
        <time>2026-07-05T18:48:16Z</time>
      </trkpt>
      <trkpt lat="44.15554" lon="-73.68271">
        <ele>1132.07</ele>
        <time>2026-07-05T18:48:19Z</time>
      </trkpt>
      <trkpt lat="44.15554" lon="-73.68269">
        <ele>1131.21</ele>
        <time>2026-07-05T18:48:23Z</time>
      </trkpt>
      <trkpt lat="44.15554" lon="-73.68269">
        <ele>1131.21</ele>
        <time>2026-07-05T18:48:24Z</time>
      </trkpt>
      <trkpt lat="44.15554" lon="-73.68269">
        <ele>1131.21</ele>
        <time>2026-07-05T18:48:26Z</time>
      </trkpt>
      <trkpt lat="44.15554" lon="-73.68267">
        <ele>1130.48</ele>
        <time>2026-07-05T18:48:33Z</time>
      </trkpt>
      <trkpt lat="44.15554" lon="-73.68267">
        <ele>1130.48</ele>
        <time>2026-07-05T18:48:34Z</time>
      </trkpt>
      <trkpt lat="44.15556" lon="-73.68262">
        <ele>1128.89</ele>
        <time>2026-07-05T18:48:43Z</time>
      </trkpt>
      <trkpt lat="44.15556" lon="-73.68263">
        <ele>1129.21</ele>
        <time>2026-07-05T18:48:46Z</time>
      </trkpt>
      <trkpt lat="44.15558" lon="-73.6826">
        <ele>1128.24</ele>
        <time>2026-07-05T18:48:52Z</time>
      </trkpt>
      <trkpt lat="44.15557" lon="-73.68259">
        <ele>1127.89</ele>
        <time>2026-07-05T18:48:58Z</time>
      </trkpt>
      <trkpt lat="44.15558" lon="-73.68259">
        <ele>1127.9</ele>
        <time>2026-07-05T18:48:59Z</time>
      </trkpt>
      <trkpt lat="44.1556" lon="-73.68255">
        <ele>1126.38</ele>
        <time>2026-07-05T18:49:06Z</time>
      </trkpt>
      <trkpt lat="44.15559" lon="-73.68255">
        <ele>1126.33</ele>
        <time>2026-07-05T18:49:08Z</time>
      </trkpt>
      <trkpt lat="44.15559" lon="-73.68254">
        <ele>1125.94</ele>
        <time>2026-07-05T18:49:11Z</time>
      </trkpt>
      <trkpt lat="44.1556" lon="-73.68251">
        <ele>1124.86</ele>
        <time>2026-07-05T18:49:18Z</time>
      </trkpt>
      <trkpt lat="44.15559" lon="-73.6825">
        <ele>1124.37</ele>
        <time>2026-07-05T18:49:26Z</time>
      </trkpt>
      <trkpt lat="44.15559" lon="-73.68248">
        <ele>1123.72</ele>
        <time>2026-07-05T18:49:33Z</time>
      </trkpt>
      <trkpt lat="44.15559" lon="-73.68247">
        <ele>1123.4</ele>
        <time>2026-07-05T18:49:35Z</time>
      </trkpt>
      <trkpt lat="44.1556" lon="-73.68245">
        <ele>1122.86</ele>
        <time>2026-07-05T18:49:39Z</time>
      </trkpt>
      <trkpt lat="44.1556" lon="-73.68245">
        <ele>1122.86</ele>
        <time>2026-07-05T18:49:43Z</time>
      </trkpt>
      <trkpt lat="44.15561" lon="-73.68243">
        <ele>1122.32</ele>
        <time>2026-07-05T18:49:46Z</time>
      </trkpt>
      <trkpt lat="44.15561" lon="-73.68244">
        <ele>1122.64</ele>
        <time>2026-07-05T18:49:51Z</time>
      </trkpt>
      <trkpt lat="44.15561" lon="-73.68242">
        <ele>1122.0</ele>
        <time>2026-07-05T18:49:54Z</time>
      </trkpt>
      <trkpt lat="44.1556" lon="-73.68239">
        <ele>1120.92</ele>
        <time>2026-07-05T18:49:59Z</time>
      </trkpt>
      <trkpt lat="44.1556" lon="-73.68238">
        <ele>1120.59</ele>
        <time>2026-07-05T18:50:03Z</time>
      </trkpt>
      <trkpt lat="44.1556" lon="-73.68236">
        <ele>1119.94</ele>
        <time>2026-07-05T18:50:07Z</time>
      </trkpt>
      <trkpt lat="44.15557" lon="-73.68233">
        <ele>1118.65</ele>
        <time>2026-07-05T18:50:13Z</time>
      </trkpt>
      <trkpt lat="44.15557" lon="-73.68231">
        <ele>1118.0</ele>
        <time>2026-07-05T18:50:16Z</time>
      </trkpt>
      <trkpt lat="44.15556" lon="-73.68229">
        <ele>1117.24</ele>
        <time>2026-07-05T18:50:20Z</time>
      </trkpt>
      <trkpt lat="44.15555" lon="-73.68227">
        <ele>1116.52</ele>
        <time>2026-07-05T18:50:23Z</time>
      </trkpt>
      <trkpt lat="44.15555" lon="-73.68226">
        <ele>1116.2</ele>
        <time>2026-07-05T18:50:24Z</time>
      </trkpt>
      <trkpt lat="44.15555" lon="-73.68226">
        <ele>1116.2</ele>
        <time>2026-07-05T18:50:30Z</time>
      </trkpt>
      <trkpt lat="44.15555" lon="-73.68227">
        <ele>1116.52</ele>
        <time>2026-07-05T18:50:33Z</time>
      </trkpt>
      <trkpt lat="44.15555" lon="-73.68226">
        <ele>1116.2</ele>
        <time>2026-07-05T18:50:34Z</time>
      </trkpt>
      <trkpt lat="44.15555" lon="-73.68222">
        <ele>1114.95</ele>
        <time>2026-07-05T18:50:43Z</time>
      </trkpt>
      <trkpt lat="44.15555" lon="-73.68221">
        <ele>1114.73</ele>
        <time>2026-07-05T18:50:44Z</time>
      </trkpt>
      <trkpt lat="44.15555" lon="-73.6822">
        <ele>1114.51</ele>
        <time>2026-07-05T18:50:50Z</time>
      </trkpt>
      <trkpt lat="44.15555" lon="-73.68219">
        <ele>1114.28</ele>
        <time>2026-07-05T18:50:54Z</time>
      </trkpt>
      <trkpt lat="44.15557" lon="-73.68217">
        <ele>1113.94</ele>
        <time>2026-07-05T18:51:00Z</time>
      </trkpt>
      <trkpt lat="44.15558" lon="-73.68215">
        <ele>1113.5</ele>
        <time>2026-07-05T18:51:03Z</time>
      </trkpt>
      <trkpt lat="44.15558" lon="-73.68213">
        <ele>1113.01</ele>
        <time>2026-07-05T18:51:05Z</time>
      </trkpt>
      <trkpt lat="44.15558" lon="-73.68209">
        <ele>1111.72</ele>
        <time>2026-07-05T18:51:11Z</time>
      </trkpt>
      <trkpt lat="44.15558" lon="-73.68208">
        <ele>1111.39</ele>
        <time>2026-07-05T18:51:13Z</time>
      </trkpt>
      <trkpt lat="44.15558" lon="-73.68207">
        <ele>1111.07</ele>
        <time>2026-07-05T18:51:19Z</time>
      </trkpt>
      <trkpt lat="44.15559" lon="-73.68205">
        <ele>1110.42</ele>
        <time>2026-07-05T18:51:22Z</time>
      </trkpt>
      <trkpt lat="44.1556" lon="-73.68204">
        <ele>1110.1</ele>
        <time>2026-07-05T18:51:26Z</time>
      </trkpt>
      <trkpt lat="44.15561" lon="-73.68202">
        <ele>1109.37</ele>
        <time>2026-07-05T18:51:31Z</time>
      </trkpt>
      <trkpt lat="44.15562" lon="-73.68202">
        <ele>1109.39</ele>
        <time>2026-07-05T18:51:34Z</time>
      </trkpt>
      <trkpt lat="44.15562" lon="-73.68199">
        <ele>1108.32</ele>
        <time>2026-07-05T18:51:41Z</time>
      </trkpt>
      <trkpt lat="44.15561" lon="-73.68195">
        <ele>1106.79</ele>
        <time>2026-07-05T18:51:48Z</time>
      </trkpt>
      <trkpt lat="44.15561" lon="-73.68194">
        <ele>1106.42</ele>
        <time>2026-07-05T18:51:49Z</time>
      </trkpt>
      <trkpt lat="44.15559" lon="-73.68192">
        <ele>1105.48</ele>
        <time>2026-07-05T18:51:55Z</time>
      </trkpt>
      <trkpt lat="44.1556" lon="-73.68191">
        <ele>1105.19</ele>
        <time>2026-07-05T18:51:57Z</time>
      </trkpt>
      <trkpt lat="44.1556" lon="-73.6819">
        <ele>1104.81</ele>
        <time>2026-07-05T18:52:03Z</time>
      </trkpt>
      <trkpt lat="44.1556" lon="-73.68189">
        <ele>1104.43</ele>
        <time>2026-07-05T18:52:05Z</time>
      </trkpt>
      <trkpt lat="44.15561" lon="-73.68186">
        <ele>1103.32</ele>
        <time>2026-07-05T18:52:11Z</time>
      </trkpt>
      <trkpt lat="44.1556" lon="-73.68185">
        <ele>1102.9</ele>
        <time>2026-07-05T18:52:19Z</time>
      </trkpt>
      <trkpt lat="44.1556" lon="-73.68184">
        <ele>1102.36</ele>
        <time>2026-07-05T18:52:21Z</time>
      </trkpt>
      <trkpt lat="44.1556" lon="-73.68182">
        <ele>1101.28</ele>
        <time>2026-07-05T18:52:27Z</time>
      </trkpt>
      <trkpt lat="44.1556" lon="-73.6818">
        <ele>1100.2</ele>
        <time>2026-07-05T18:52:34Z</time>
      </trkpt>
      <trkpt lat="44.15561" lon="-73.68179">
        <ele>1099.66</ele>
        <time>2026-07-05T18:52:35Z</time>
      </trkpt>
      <trkpt lat="44.15561" lon="-73.68177">
        <ele>1098.58</ele>
        <time>2026-07-05T18:52:41Z</time>
      </trkpt>
      <trkpt lat="44.1556" lon="-73.68177">
        <ele>1098.58</ele>
        <time>2026-07-05T18:52:42Z</time>
      </trkpt>
      <trkpt lat="44.1556" lon="-73.68174">
        <ele>1096.85</ele>
        <time>2026-07-05T18:52:49Z</time>
      </trkpt>
      <trkpt lat="44.1556" lon="-73.68174">
        <ele>1096.85</ele>
        <time>2026-07-05T18:52:51Z</time>
      </trkpt>
      <trkpt lat="44.1556" lon="-73.68172">
        <ele>1095.66</ele>
        <time>2026-07-05T18:52:58Z</time>
      </trkpt>
      <trkpt lat="44.1556" lon="-73.6817">
        <ele>1094.47</ele>
        <time>2026-07-05T18:53:01Z</time>
      </trkpt>
      <trkpt lat="44.1556" lon="-73.68168">
        <ele>1093.27</ele>
        <time>2026-07-05T18:53:04Z</time>
      </trkpt>
      <trkpt lat="44.15559" lon="-73.68163">
        <ele>1090.0</ele>
        <time>2026-07-05T18:53:12Z</time>
      </trkpt>
      <trkpt lat="44.15559" lon="-73.68163">
        <ele>1090.0</ele>
        <time>2026-07-05T18:53:13Z</time>
      </trkpt>
      <trkpt lat="44.1556" lon="-73.68162">
        <ele>1089.46</ele>
        <time>2026-07-05T18:53:18Z</time>
      </trkpt>
      <trkpt lat="44.15562" lon="-73.68158">
        <ele>1087.08</ele>
        <time>2026-07-05T18:53:25Z</time>
      </trkpt>
      <trkpt lat="44.15563" lon="-73.68158">
        <ele>1087.19</ele>
        <time>2026-07-05T18:53:26Z</time>
      </trkpt>
      <trkpt lat="44.15564" lon="-73.68155">
        <ele>1085.61</ele>
        <time>2026-07-05T18:53:32Z</time>
      </trkpt>
      <trkpt lat="44.15565" lon="-73.68155">
        <ele>1085.72</ele>
        <time>2026-07-05T18:53:42Z</time>
      </trkpt>
      <trkpt lat="44.15565" lon="-73.68155">
        <ele>1085.72</ele>
        <time>2026-07-05T18:53:47Z</time>
      </trkpt>
      <trkpt lat="44.15566" lon="-73.68156">
        <ele>1086.37</ele>
        <time>2026-07-05T18:53:52Z</time>
      </trkpt>
      <trkpt lat="44.15567" lon="-73.68153">
        <ele>1084.86</ele>
        <time>2026-07-05T18:53:57Z</time>
      </trkpt>
      <trkpt lat="44.15567" lon="-73.68151">
        <ele>1083.78</ele>
        <time>2026-07-05T18:54:01Z</time>
      </trkpt>
      <trkpt lat="44.15567" lon="-73.68151">
        <ele>1083.78</ele>
        <time>2026-07-05T18:54:02Z</time>
      </trkpt>
      <trkpt lat="44.15571" lon="-73.68149">
        <ele>1083.13</ele>
        <time>2026-07-05T18:54:10Z</time>
      </trkpt>
      <trkpt lat="44.15572" lon="-73.68148">
        <ele>1082.7</ele>
        <time>2026-07-05T18:54:11Z</time>
      </trkpt>
      <trkpt lat="44.15571" lon="-73.68148">
        <ele>1082.59</ele>
        <time>2026-07-05T18:54:18Z</time>
      </trkpt>
      <trkpt lat="44.15571" lon="-73.68148">
        <ele>1082.59</ele>
        <time>2026-07-05T18:54:30Z</time>
      </trkpt>
      <trkpt lat="44.15571" lon="-73.68147">
        <ele>1082.05</ele>
        <time>2026-07-05T18:54:32Z</time>
      </trkpt>
      <trkpt lat="44.15571" lon="-73.68145">
        <ele>1080.97</ele>
        <time>2026-07-05T18:54:39Z</time>
      </trkpt>
      <trkpt lat="44.15571" lon="-73.68143">
        <ele>1079.89</ele>
        <time>2026-07-05T18:54:45Z</time>
      </trkpt>
      <trkpt lat="44.15571" lon="-73.68141">
        <ele>1078.81</ele>
        <time>2026-07-05T18:54:48Z</time>
      </trkpt>
      <trkpt lat="44.15571" lon="-73.68139">
        <ele>1077.73</ele>
        <time>2026-07-05T18:54:52Z</time>
      </trkpt>
      <trkpt lat="44.15572" lon="-73.68139">
        <ele>1077.84</ele>
        <time>2026-07-05T18:54:58Z</time>
      </trkpt>
      <trkpt lat="44.15573" lon="-73.68139">
        <ele>1077.94</ele>
        <time>2026-07-05T18:55:08Z</time>
      </trkpt>
      <trkpt lat="44.15572" lon="-73.68136">
        <ele>1076.84</ele>
        <time>2026-07-05T18:55:18Z</time>
      </trkpt>
      <trkpt lat="44.15572" lon="-73.68132">
        <ele>1075.54</ele>
        <time>2026-07-05T18:55:28Z</time>
      </trkpt>
      <trkpt lat="44.15572" lon="-73.68132">
        <ele>1075.54</ele>
        <time>2026-07-05T18:55:29Z</time>
      </trkpt>
      <trkpt lat="44.15572" lon="-73.68131">
        <ele>1075.22</ele>
        <time>2026-07-05T18:55:35Z</time>
      </trkpt>
      <trkpt lat="44.15573" lon="-73.6813">
        <ele>1075.0</ele>
        <time>2026-07-05T18:55:39Z</time>
      </trkpt>
      <trkpt lat="44.15572" lon="-73.68125">
        <ele>1072.78</ele>
        <time>2026-07-05T18:55:45Z</time>
      </trkpt>
      <trkpt lat="44.15572" lon="-73.68124">
        <ele>1072.34</ele>
        <time>2026-07-05T18:55:54Z</time>
      </trkpt>
      <trkpt lat="44.15571" lon="-73.68123">
        <ele>1071.8</ele>
        <time>2026-07-05T18:56:00Z</time>
      </trkpt>
      <trkpt lat="44.15572" lon="-73.68122">
        <ele>1071.48</ele>
        <time>2026-07-05T18:56:08Z</time>
      </trkpt>
      <trkpt lat="44.15572" lon="-73.68121">
        <ele>1071.05</ele>
        <time>2026-07-05T18:56:09Z</time>
      </trkpt>
      <trkpt lat="44.15573" lon="-73.6812">
        <ele>1070.72</ele>
        <time>2026-07-05T18:56:14Z</time>
      </trkpt>
      <trkpt lat="44.15574" lon="-73.68118">
        <ele>1069.97</ele>
        <time>2026-07-05T18:56:17Z</time>
      </trkpt>
      <trkpt lat="44.15574" lon="-73.68116">
        <ele>1069.1</ele>
        <time>2026-07-05T18:56:22Z</time>
      </trkpt>
      <trkpt lat="44.15574" lon="-73.68114">
        <ele>1068.24</ele>
        <time>2026-07-05T18:56:26Z</time>
      </trkpt>
      <trkpt lat="44.15574" lon="-73.68113">
        <ele>1067.81</ele>
        <time>2026-07-05T18:56:29Z</time>
      </trkpt>
      <trkpt lat="44.15574" lon="-73.68112">
        <ele>1067.38</ele>
        <time>2026-07-05T18:56:32Z</time>
      </trkpt>
      <trkpt lat="44.15574" lon="-73.68112">
        <ele>1067.38</ele>
        <time>2026-07-05T18:56:36Z</time>
      </trkpt>
      <trkpt lat="44.15574" lon="-73.68111">
        <ele>1066.96</ele>
        <time>2026-07-05T18:56:43Z</time>
      </trkpt>
      <trkpt lat="44.15575" lon="-73.68109">
        <ele>1066.32</ele>
        <time>2026-07-05T18:56:46Z</time>
      </trkpt>
      <trkpt lat="44.15575" lon="-73.68107">
        <ele>1065.67</ele>
        <time>2026-07-05T18:56:49Z</time>
      </trkpt>
      <trkpt lat="44.15575" lon="-73.68105">
        <ele>1065.02</ele>
        <time>2026-07-05T18:56:56Z</time>
      </trkpt>
      <trkpt lat="44.15575" lon="-73.68106">
        <ele>1065.34</ele>
        <time>2026-07-05T18:57:02Z</time>
      </trkpt>
      <trkpt lat="44.15575" lon="-73.68106">
        <ele>1065.34</ele>
        <time>2026-07-05T18:57:08Z</time>
      </trkpt>
      <trkpt lat="44.15575" lon="-73.68106">
        <ele>1065.34</ele>
        <time>2026-07-05T18:57:10Z</time>
      </trkpt>
      <trkpt lat="44.15576" lon="-73.68104">
        <ele>1064.7</ele>
        <time>2026-07-05T18:57:19Z</time>
      </trkpt>
      <trkpt lat="44.15576" lon="-73.68103">
        <ele>1064.37</ele>
        <time>2026-07-05T18:57:24Z</time>
      </trkpt>
      <trkpt lat="44.15577" lon="-73.68106">
        <ele>1065.34</ele>
        <time>2026-07-05T18:57:55Z</time>
      </trkpt>
      <trkpt lat="44.15576" lon="-73.68105">
        <ele>1065.02</ele>
        <time>2026-07-05T18:58:09Z</time>
      </trkpt>
      <trkpt lat="44.15575" lon="-73.68105">
        <ele>1065.02</ele>
        <time>2026-07-05T18:58:22Z</time>
      </trkpt>
      <trkpt lat="44.15576" lon="-73.68108">
        <ele>1065.99</ele>
        <time>2026-07-05T18:58:34Z</time>
      </trkpt>
      <trkpt lat="44.15576" lon="-73.68107">
        <ele>1065.67</ele>
        <time>2026-07-05T18:58:43Z</time>
      </trkpt>
      <trkpt lat="44.15576" lon="-73.68107">
        <ele>1065.67</ele>
        <time>2026-07-05T18:59:51Z</time>
      </trkpt>
      <trkpt lat="44.15577" lon="-73.68107">
        <ele>1065.67</ele>
        <time>2026-07-05T18:59:54Z</time>
      </trkpt>
      <trkpt lat="44.15577" lon="-73.68108">
        <ele>1065.99</ele>
        <time>2026-07-05T19:00:07Z</time>
      </trkpt>
      <trkpt lat="44.15576" lon="-73.68107">
        <ele>1065.67</ele>
        <time>2026-07-05T19:00:15Z</time>
      </trkpt>
      <trkpt lat="44.15576" lon="-73.68106">
        <ele>1065.34</ele>
        <time>2026-07-05T19:00:17Z</time>
      </trkpt>
      <trkpt lat="44.15576" lon="-73.68106">
        <ele>1065.34</ele>
        <time>2026-07-05T19:00:20Z</time>
      </trkpt>
      <trkpt lat="44.15575" lon="-73.68104">
        <ele>1064.7</ele>
        <time>2026-07-05T19:00:25Z</time>
      </trkpt>
      <trkpt lat="44.15575" lon="-73.68103">
        <ele>1064.37</ele>
        <time>2026-07-05T19:00:28Z</time>
      </trkpt>
      <trkpt lat="44.15575" lon="-73.68102">
        <ele>1064.05</ele>
        <time>2026-07-05T19:00:33Z</time>
      </trkpt>
      <trkpt lat="44.15575" lon="-73.681">
        <ele>1063.22</ele>
        <time>2026-07-05T19:00:37Z</time>
      </trkpt>
      <trkpt lat="44.15574" lon="-73.68096">
        <ele>1061.46</ele>
        <time>2026-07-05T19:00:42Z</time>
      </trkpt>
      <trkpt lat="44.15575" lon="-73.68093">
        <ele>1060.27</ele>
        <time>2026-07-05T19:00:48Z</time>
      </trkpt>
      <trkpt lat="44.15575" lon="-73.68093">
        <ele>1060.27</ele>
        <time>2026-07-05T19:00:50Z</time>
      </trkpt>
      <trkpt lat="44.15574" lon="-73.68091">
        <ele>1059.3</ele>
        <time>2026-07-05T19:00:51Z</time>
      </trkpt>
      <trkpt lat="44.15573" lon="-73.68089">
        <ele>1058.33</ele>
        <time>2026-07-05T19:00:55Z</time>
      </trkpt>
      <trkpt lat="44.15573" lon="-73.68088">
        <ele>1057.9</ele>
        <time>2026-07-05T19:00:56Z</time>
      </trkpt>
      <trkpt lat="44.15572" lon="-73.68085">
        <ele>1056.5</ele>
        <time>2026-07-05T19:01:00Z</time>
      </trkpt>
      <trkpt lat="44.15571" lon="-73.68084">
        <ele>1055.96</ele>
        <time>2026-07-05T19:01:02Z</time>
      </trkpt>
      <trkpt lat="44.15571" lon="-73.68084">
        <ele>1055.96</ele>
        <time>2026-07-05T19:01:03Z</time>
      </trkpt>
      <trkpt lat="44.15562" lon="-73.68081">
        <ele>1053.61</ele>
        <time>2026-07-05T19:01:12Z</time>
      </trkpt>
      <trkpt lat="44.1556" lon="-73.68081">
        <ele>1053.34</ele>
        <time>2026-07-05T19:01:22Z</time>
      </trkpt>
      <trkpt lat="44.15559" lon="-73.68082">
        <ele>1053.71</ele>
        <time>2026-07-05T19:01:34Z</time>
      </trkpt>
      <trkpt lat="44.15557" lon="-73.68082">
        <ele>1053.46</ele>
        <time>2026-07-05T19:01:43Z</time>
      </trkpt>
      <trkpt lat="44.15553" lon="-73.68081">
        <ele>1051.91</ele>
        <time>2026-07-05T19:01:53Z</time>
      </trkpt>
      <trkpt lat="44.15552" lon="-73.68083">
        <ele>1052.67</ele>
        <time>2026-07-05T19:01:55Z</time>
      </trkpt>
      <trkpt lat="44.15548" lon="-73.68083">
        <ele>1051.37</ele>
        <time>2026-07-05T19:02:01Z</time>
      </trkpt>
      <trkpt lat="44.15548" lon="-73.68083">
        <ele>1051.37</ele>
        <time>2026-07-05T19:02:02Z</time>
      </trkpt>
      <trkpt lat="44.15547" lon="-73.68081">
        <ele>1049.97</ele>
        <time>2026-07-05T19:02:08Z</time>
      </trkpt>
      <trkpt lat="44.15546" lon="-73.6808">
        <ele>1049.1</ele>
        <time>2026-07-05T19:02:11Z</time>
      </trkpt>
      <trkpt lat="44.15545" lon="-73.68079">
        <ele>1048.24</ele>
        <time>2026-07-05T19:02:14Z</time>
      </trkpt>
      <trkpt lat="44.15546" lon="-73.68076">
        <ele>1046.94</ele>
        <time>2026-07-05T19:02:20Z</time>
      </trkpt>
      <trkpt lat="44.15546" lon="-73.68076">
        <ele>1046.94</ele>
        <time>2026-07-05T19:02:21Z</time>
      </trkpt>
      <trkpt lat="44.15549" lon="-73.68071">
        <ele>1045.12</ele>
        <time>2026-07-05T19:02:28Z</time>
      </trkpt>
      <trkpt lat="44.1555" lon="-73.68069">
        <ele>1044.24</ele>
        <time>2026-07-05T19:02:31Z</time>
      </trkpt>
      <trkpt lat="44.15551" lon="-73.68066">
        <ele>1042.72</ele>
        <time>2026-07-05T19:02:36Z</time>
      </trkpt>
      <trkpt lat="44.15552" lon="-73.68065">
        <ele>1042.34</ele>
        <time>2026-07-05T19:02:37Z</time>
      </trkpt>
      <trkpt lat="44.15554" lon="-73.68063">
        <ele>1041.68</ele>
        <time>2026-07-05T19:02:40Z</time>
      </trkpt>
      <trkpt lat="44.15555" lon="-73.6806">
        <ele>1040.28</ele>
        <time>2026-07-05T19:02:43Z</time>
      </trkpt>
      <trkpt lat="44.15556" lon="-73.68057">
        <ele>1038.88</ele>
        <time>2026-07-05T19:02:47Z</time>
      </trkpt>
      <trkpt lat="44.15556" lon="-73.68056">
        <ele>1038.34</ele>
        <time>2026-07-05T19:02:48Z</time>
      </trkpt>
      <trkpt lat="44.15557" lon="-73.68052">
        <ele>1036.78</ele>
        <time>2026-07-05T19:02:55Z</time>
      </trkpt>
      <trkpt lat="44.1556" lon="-73.68045">
        <ele>1034.47</ele>
        <time>2026-07-05T19:03:01Z</time>
      </trkpt>
      <trkpt lat="44.15561" lon="-73.68041">
        <ele>1033.22</ele>
        <time>2026-07-05T19:03:08Z</time>
      </trkpt>
      <trkpt lat="44.15563" lon="-73.68039">
        <ele>1033.09</ele>
        <time>2026-07-05T19:03:14Z</time>
      </trkpt>
      <trkpt lat="44.15562" lon="-73.68039">
        <ele>1032.79</ele>
        <time>2026-07-05T19:03:15Z</time>
      </trkpt>
      <trkpt lat="44.15563" lon="-73.68037">
        <ele>1032.39</ele>
        <time>2026-07-05T19:03:24Z</time>
      </trkpt>
      <trkpt lat="44.15566" lon="-73.68037">
        <ele>1033.11</ele>
        <time>2026-07-05T19:03:34Z</time>
      </trkpt>
      <trkpt lat="44.15568" lon="-73.68035">
        <ele>1032.32</ele>
        <time>2026-07-05T19:03:41Z</time>
      </trkpt>
      <trkpt lat="44.15569" lon="-73.68036">
        <ele>1032.94</ele>
        <time>2026-07-05T19:03:47Z</time>
      </trkpt>
      <trkpt lat="44.15569" lon="-73.68036">
        <ele>1032.94</ele>
        <time>2026-07-05T19:03:49Z</time>
      </trkpt>
      <trkpt lat="44.15569" lon="-73.68036">
        <ele>1032.94</ele>
        <time>2026-07-05T19:03:51Z</time>
      </trkpt>
      <trkpt lat="44.15572" lon="-73.68041">
        <ele>1035.06</ele>
        <time>2026-07-05T19:03:57Z</time>
      </trkpt>
      <trkpt lat="44.15575" lon="-73.68043">
        <ele>1036.03</ele>
        <time>2026-07-05T19:04:03Z</time>
      </trkpt>
      <trkpt lat="44.15578" lon="-73.68047">
        <ele>1037.73</ele>
        <time>2026-07-05T19:04:13Z</time>
      </trkpt>
      <trkpt lat="44.15579" lon="-73.68048">
        <ele>1038.27</ele>
        <time>2026-07-05T19:04:14Z</time>
      </trkpt>
      <trkpt lat="44.15582" lon="-73.68047">
        <ele>1038.16</ele>
        <time>2026-07-05T19:04:20Z</time>
      </trkpt>
      <trkpt lat="44.15583" lon="-73.68047">
        <ele>1038.27</ele>
        <time>2026-07-05T19:04:22Z</time>
      </trkpt>
      <trkpt lat="44.15584" lon="-73.68047">
        <ele>1038.38</ele>
        <time>2026-07-05T19:04:24Z</time>
      </trkpt>
      <trkpt lat="44.15585" lon="-73.68046">
        <ele>1038.08</ele>
        <time>2026-07-05T19:04:26Z</time>
      </trkpt>
      <trkpt lat="44.15585" lon="-73.68045">
        <ele>1037.73</ele>
        <time>2026-07-05T19:04:29Z</time>
      </trkpt>
      <trkpt lat="44.15586" lon="-73.68044">
        <ele>1037.47</ele>
        <time>2026-07-05T19:04:33Z</time>
      </trkpt>
      <trkpt lat="44.15587" lon="-73.68041">
        <ele>1036.45</ele>
        <time>2026-07-05T19:04:38Z</time>
      </trkpt>
      <trkpt lat="44.15587" lon="-73.68041">
        <ele>1036.45</ele>
        <time>2026-07-05T19:04:39Z</time>
      </trkpt>
      <trkpt lat="44.15587" lon="-73.68038">
        <ele>1035.35</ele>
        <time>2026-07-05T19:04:47Z</time>
      </trkpt>
      <trkpt lat="44.15587" lon="-73.68037">
        <ele>1034.99</ele>
        <time>2026-07-05T19:04:49Z</time>
      </trkpt>
      <trkpt lat="44.15586" lon="-73.68032">
        <ele>1033.37</ele>
        <time>2026-07-05T19:04:57Z</time>
      </trkpt>
      <trkpt lat="44.15585" lon="-73.68031">
        <ele>1033.04</ele>
        <time>2026-07-05T19:04:58Z</time>
      </trkpt>
      <trkpt lat="44.15586" lon="-73.68028">
        <ele>1032.07</ele>
        <time>2026-07-05T19:05:06Z</time>
      </trkpt>
      <trkpt lat="44.15587" lon="-73.68028">
        <ele>1032.07</ele>
        <time>2026-07-05T19:05:07Z</time>
      </trkpt>
      <trkpt lat="44.15587" lon="-73.68026">
        <ele>1031.31</ele>
        <time>2026-07-05T19:05:14Z</time>
      </trkpt>
      <trkpt lat="44.15587" lon="-73.68024">
        <ele>1030.53</ele>
        <time>2026-07-05T19:05:18Z</time>
      </trkpt>
      <trkpt lat="44.15587" lon="-73.68023">
        <ele>1030.14</ele>
        <time>2026-07-05T19:05:21Z</time>
      </trkpt>
      <trkpt lat="44.15587" lon="-73.68021">
        <ele>1029.36</ele>
        <time>2026-07-05T19:05:27Z</time>
      </trkpt>
      <trkpt lat="44.15587" lon="-73.68021">
        <ele>1029.36</ele>
        <time>2026-07-05T19:05:28Z</time>
      </trkpt>
      <trkpt lat="44.15589" lon="-73.68017">
        <ele>1027.89</ele>
        <time>2026-07-05T19:05:34Z</time>
      </trkpt>
      <trkpt lat="44.15589" lon="-73.68016">
        <ele>1027.42</ele>
        <time>2026-07-05T19:05:36Z</time>
      </trkpt>
      <trkpt lat="44.15589" lon="-73.68015">
        <ele>1026.94</ele>
        <time>2026-07-05T19:05:39Z</time>
      </trkpt>
      <trkpt lat="44.15589" lon="-73.68013">
        <ele>1026.0</ele>
        <time>2026-07-05T19:05:43Z</time>
      </trkpt>
      <trkpt lat="44.15589" lon="-73.68012">
        <ele>1025.52</ele>
        <time>2026-07-05T19:05:45Z</time>
      </trkpt>
      <trkpt lat="44.15589" lon="-73.68011">
        <ele>1025.05</ele>
        <time>2026-07-05T19:05:52Z</time>
      </trkpt>
      <trkpt lat="44.15589" lon="-73.68011">
        <ele>1025.05</ele>
        <time>2026-07-05T19:05:53Z</time>
      </trkpt>
      <trkpt lat="44.1559" lon="-73.68009">
        <ele>1024.33</ele>
        <time>2026-07-05T19:05:57Z</time>
      </trkpt>
      <trkpt lat="44.1559" lon="-73.68006">
        <ele>1023.03</ele>
        <time>2026-07-05T19:06:02Z</time>
      </trkpt>
      <trkpt lat="44.1559" lon="-73.68005">
        <ele>1022.6</ele>
        <time>2026-07-05T19:06:04Z</time>
      </trkpt>
      <trkpt lat="44.15591" lon="-73.68001">
        <ele>1021.09</ele>
        <time>2026-07-05T19:06:10Z</time>
      </trkpt>
      <trkpt lat="44.15592" lon="-73.67999">
        <ele>1020.55</ele>
        <time>2026-07-05T19:06:14Z</time>
      </trkpt>
      <trkpt lat="44.15593" lon="-73.67997">
        <ele>1020.12</ele>
        <time>2026-07-05T19:06:16Z</time>
      </trkpt>
      <trkpt lat="44.15594" lon="-73.67995">
        <ele>1019.68</ele>
        <time>2026-07-05T19:06:25Z</time>
      </trkpt>
      <trkpt lat="44.15594" lon="-73.67995">
        <ele>1019.68</ele>
        <time>2026-07-05T19:06:27Z</time>
      </trkpt>
      <trkpt lat="44.15594" lon="-73.67994">
        <ele>1019.36</ele>
        <time>2026-07-05T19:06:33Z</time>
      </trkpt>
      <trkpt lat="44.15594" lon="-73.67993">
        <ele>1019.04</ele>
        <time>2026-07-05T19:06:37Z</time>
      </trkpt>
      <trkpt lat="44.15595" lon="-73.67991">
        <ele>1018.6</ele>
        <time>2026-07-05T19:06:42Z</time>
      </trkpt>
      <trkpt lat="44.15595" lon="-73.67987">
        <ele>1017.31</ele>
        <time>2026-07-05T19:06:49Z</time>
      </trkpt>
      <trkpt lat="44.15595" lon="-73.67987">
        <ele>1017.31</ele>
        <time>2026-07-05T19:06:58Z</time>
      </trkpt>
      <trkpt lat="44.15596" lon="-73.67985">
        <ele>1016.88</ele>
        <time>2026-07-05T19:07:02Z</time>
      </trkpt>
      <trkpt lat="44.15596" lon="-73.67985">
        <ele>1016.88</ele>
        <time>2026-07-05T19:07:05Z</time>
      </trkpt>
      <trkpt lat="44.15595" lon="-73.67986">
        <ele>1016.98</ele>
        <time>2026-07-05T19:07:11Z</time>
      </trkpt>
      <trkpt lat="44.15595" lon="-73.67987">
        <ele>1017.31</ele>
        <time>2026-07-05T19:07:12Z</time>
      </trkpt>
      <trkpt lat="44.15594" lon="-73.67987">
        <ele>1017.09</ele>
        <time>2026-07-05T19:07:15Z</time>
      </trkpt>
      <trkpt lat="44.15594" lon="-73.67988">
        <ele>1017.42</ele>
        <time>2026-07-05T19:07:18Z</time>
      </trkpt>
      <trkpt lat="44.15594" lon="-73.67989">
        <ele>1017.74</ele>
        <time>2026-07-05T19:07:20Z</time>
      </trkpt>
      <trkpt lat="44.15594" lon="-73.67992">
        <ele>1018.71</ele>
        <time>2026-07-05T19:07:28Z</time>
      </trkpt>
      <trkpt lat="44.15596" lon="-73.67994">
        <ele>1019.79</ele>
        <time>2026-07-05T19:07:37Z</time>
      </trkpt>
      <trkpt lat="44.15596" lon="-73.67994">
        <ele>1019.79</ele>
        <time>2026-07-05T19:07:38Z</time>
      </trkpt>
      <trkpt lat="44.15596" lon="-73.67993">
        <ele>1019.47</ele>
        <time>2026-07-05T19:07:48Z</time>
      </trkpt>
      <trkpt lat="44.15596" lon="-73.67993">
        <ele>1019.47</ele>
        <time>2026-07-05T19:07:54Z</time>
      </trkpt>
      <trkpt lat="44.15596" lon="-73.67994">
        <ele>1019.79</ele>
        <time>2026-07-05T19:08:00Z</time>
      </trkpt>
      <trkpt lat="44.15596" lon="-73.67994">
        <ele>1019.79</ele>
        <time>2026-07-05T19:08:02Z</time>
      </trkpt>
      <trkpt lat="44.15599" lon="-73.67994">
        <ele>1020.44</ele>
        <time>2026-07-05T19:08:11Z</time>
      </trkpt>
      <trkpt lat="44.15599" lon="-73.67993">
        <ele>1020.12</ele>
        <time>2026-07-05T19:08:13Z</time>
      </trkpt>
      <trkpt lat="44.15599" lon="-73.67993">
        <ele>1020.12</ele>
        <time>2026-07-05T19:08:14Z</time>
      </trkpt>
      <trkpt lat="44.15599" lon="-73.67992">
        <ele>1019.79</ele>
        <time>2026-07-05T19:08:16Z</time>
      </trkpt>
      <trkpt lat="44.156" lon="-73.67991">
        <ele>1019.68</ele>
        <time>2026-07-05T19:08:17Z</time>
      </trkpt>
      <trkpt lat="44.156" lon="-73.67991">
        <ele>1019.68</ele>
        <time>2026-07-05T19:08:18Z</time>
      </trkpt>
      <trkpt lat="44.156" lon="-73.67989">
        <ele>1019.04</ele>
        <time>2026-07-05T19:08:22Z</time>
      </trkpt>
      <trkpt lat="44.15601" lon="-73.67988">
        <ele>1018.93</ele>
        <time>2026-07-05T19:08:25Z</time>
      </trkpt>
      <trkpt lat="44.15602" lon="-73.67986">
        <ele>1018.47</ele>
        <time>2026-07-05T19:08:28Z</time>
      </trkpt>
      <trkpt lat="44.15606" lon="-73.67984">
        <ele>1018.14</ele>
        <time>2026-07-05T19:08:32Z</time>
      </trkpt>
      <trkpt lat="44.15611" lon="-73.67981">
        <ele>1017.83</ele>
        <time>2026-07-05T19:08:41Z</time>
      </trkpt>
      <trkpt lat="44.15612" lon="-73.6798">
        <ele>1017.52</ele>
        <time>2026-07-05T19:08:43Z</time>
      </trkpt>
      <trkpt lat="44.15613" lon="-73.6798">
        <ele>1017.52</ele>
        <time>2026-07-05T19:08:50Z</time>
      </trkpt>
      <trkpt lat="44.15614" lon="-73.67979">
        <ele>1017.2</ele>
        <time>2026-07-05T19:08:53Z</time>
      </trkpt>
      <trkpt lat="44.15615" lon="-73.67979">
        <ele>1017.2</ele>
        <time>2026-07-05T19:08:55Z</time>
      </trkpt>
      <trkpt lat="44.15617" lon="-73.67978">
        <ele>1016.87</ele>
        <time>2026-07-05T19:08:57Z</time>
      </trkpt>
      <trkpt lat="44.15619" lon="-73.67976">
        <ele>1016.22</ele>
        <time>2026-07-05T19:09:01Z</time>
      </trkpt>
      <trkpt lat="44.15621" lon="-73.67975">
        <ele>1015.81</ele>
        <time>2026-07-05T19:09:06Z</time>
      </trkpt>
      <trkpt lat="44.15623" lon="-73.67975">
        <ele>1015.53</ele>
        <time>2026-07-05T19:09:10Z</time>
      </trkpt>
      <trkpt lat="44.15623" lon="-73.67974">
        <ele>1015.24</ele>
        <time>2026-07-05T19:09:11Z</time>
      </trkpt>
      <trkpt lat="44.15625" lon="-73.67973">
        <ele>1014.71</ele>
        <time>2026-07-05T19:09:16Z</time>
      </trkpt>
      <trkpt lat="44.15629" lon="-73.67974">
        <ele>1014.47</ele>
        <time>2026-07-05T19:09:22Z</time>
      </trkpt>
      <trkpt lat="44.1563" lon="-73.67975">
        <ele>1014.52</ele>
        <time>2026-07-05T19:09:24Z</time>
      </trkpt>
      <trkpt lat="44.15632" lon="-73.67975">
        <ele>1014.09</ele>
        <time>2026-07-05T19:09:30Z</time>
      </trkpt>
      <trkpt lat="44.15632" lon="-73.67975">
        <ele>1014.09</ele>
        <time>2026-07-05T19:09:32Z</time>
      </trkpt>
      <trkpt lat="44.15634" lon="-73.67975">
        <ele>1013.66</ele>
        <time>2026-07-05T19:09:38Z</time>
      </trkpt>
      <trkpt lat="44.15635" lon="-73.67976">
        <ele>1013.66</ele>
        <time>2026-07-05T19:09:43Z</time>
      </trkpt>
      <trkpt lat="44.15637" lon="-73.67976">
        <ele>1013.22</ele>
        <time>2026-07-05T19:09:48Z</time>
      </trkpt>
      <trkpt lat="44.15637" lon="-73.67976">
        <ele>1013.22</ele>
        <time>2026-07-05T19:09:49Z</time>
      </trkpt>
      <trkpt lat="44.15637" lon="-73.67976">
        <ele>1013.22</ele>
        <time>2026-07-05T19:09:51Z</time>
      </trkpt>
      <trkpt lat="44.15637" lon="-73.67975">
        <ele>1013.01</ele>
        <time>2026-07-05T19:09:55Z</time>
      </trkpt>
      <trkpt lat="44.15638" lon="-73.67973">
        <ele>1012.36</ele>
        <time>2026-07-05T19:09:59Z</time>
      </trkpt>
      <trkpt lat="44.15638" lon="-73.67972">
        <ele>1012.17</ele>
        <time>2026-07-05T19:10:00Z</time>
      </trkpt>
      <trkpt lat="44.15641" lon="-73.67969">
        <ele>1010.51</ele>
        <time>2026-07-05T19:10:06Z</time>
      </trkpt>
      <trkpt lat="44.15641" lon="-73.67966">
        <ele>1010.19</ele>
        <time>2026-07-05T19:10:10Z</time>
      </trkpt>
      <trkpt lat="44.15642" lon="-73.67963">
        <ele>1009.32</ele>
        <time>2026-07-05T19:10:14Z</time>
      </trkpt>
      <trkpt lat="44.15643" lon="-73.6796">
        <ele>1008.46</ele>
        <time>2026-07-05T19:10:21Z</time>
      </trkpt>
      <trkpt lat="44.15643" lon="-73.6796">
        <ele>1008.46</ele>
        <time>2026-07-05T19:10:22Z</time>
      </trkpt>
      <trkpt lat="44.15643" lon="-73.67959">
        <ele>1008.35</ele>
        <time>2026-07-05T19:10:28Z</time>
      </trkpt>
      <trkpt lat="44.15644" lon="-73.67959">
        <ele>1007.81</ele>
        <time>2026-07-05T19:10:37Z</time>
      </trkpt>
      <trkpt lat="44.15643" lon="-73.67955">
        <ele>1007.92</ele>
        <time>2026-07-05T19:10:46Z</time>
      </trkpt>
      <trkpt lat="44.15644" lon="-73.67955">
        <ele>1007.38</ele>
        <time>2026-07-05T19:10:47Z</time>
      </trkpt>
      <trkpt lat="44.15643" lon="-73.67952">
        <ele>1007.6</ele>
        <time>2026-07-05T19:10:52Z</time>
      </trkpt>
      <trkpt lat="44.15643" lon="-73.67951">
        <ele>1007.49</ele>
        <time>2026-07-05T19:10:54Z</time>
      </trkpt>
      <trkpt lat="44.15645" lon="-73.67949">
        <ele>1006.19</ele>
        <time>2026-07-05T19:10:59Z</time>
      </trkpt>
      <trkpt lat="44.15648" lon="-73.67948">
        <ele>1004.46</ele>
        <time>2026-07-05T19:11:03Z</time>
      </trkpt>
      <trkpt lat="44.15649" lon="-73.67947">
        <ele>1003.82</ele>
        <time>2026-07-05T19:11:05Z</time>
      </trkpt>
      <trkpt lat="44.15649" lon="-73.67944">
        <ele>1003.49</ele>
        <time>2026-07-05T19:11:12Z</time>
      </trkpt>
      <trkpt lat="44.15651" lon="-73.67942">
        <ele>1002.11</ele>
        <time>2026-07-05T19:11:15Z</time>
      </trkpt>
      <trkpt lat="44.15652" lon="-73.67942">
        <ele>1001.55</ele>
        <time>2026-07-05T19:11:18Z</time>
      </trkpt>
      <trkpt lat="44.15653" lon="-73.67941">
        <ele>1000.81</ele>
        <time>2026-07-05T19:11:22Z</time>
      </trkpt>
      <trkpt lat="44.15653" lon="-73.6794">
        <ele>1000.65</ele>
        <time>2026-07-05T19:11:27Z</time>
      </trkpt>
      <trkpt lat="44.15654" lon="-73.6794">
        <ele>1000.06</ele>
        <time>2026-07-05T19:11:29Z</time>
      </trkpt>
      <trkpt lat="44.15657" lon="-73.67938">
        <ele>997.86</ele>
        <time>2026-07-05T19:11:34Z</time>
      </trkpt>
      <trkpt lat="44.15658" lon="-73.67938">
        <ele>997.1</ele>
        <time>2026-07-05T19:11:36Z</time>
      </trkpt>
      <trkpt lat="44.15659" lon="-73.67937">
        <ele>996.02</ele>
        <time>2026-07-05T19:11:39Z</time>
      </trkpt>
      <trkpt lat="44.15662" lon="-73.67937">
        <ele>993.42</ele>
        <time>2026-07-05T19:11:45Z</time>
      </trkpt>
      <trkpt lat="44.15663" lon="-73.67938">
        <ele>992.78</ele>
        <time>2026-07-05T19:11:47Z</time>
      </trkpt>
      <trkpt lat="44.15665" lon="-73.67938">
        <ele>991.05</ele>
        <time>2026-07-05T19:11:53Z</time>
      </trkpt>
      <trkpt lat="44.15667" lon="-73.67938">
        <ele>989.36</ele>
        <time>2026-07-05T19:11:58Z</time>
      </trkpt>
      <trkpt lat="44.15667" lon="-73.67938">
        <ele>989.36</ele>
        <time>2026-07-05T19:11:59Z</time>
      </trkpt>
      <trkpt lat="44.15673" lon="-73.67938">
        <ele>984.82</ele>
        <time>2026-07-05T19:12:08Z</time>
      </trkpt>
      <trkpt lat="44.15674" lon="-73.67938">
        <ele>984.06</ele>
        <time>2026-07-05T19:12:11Z</time>
      </trkpt>
      <trkpt lat="44.15678" lon="-73.67939">
        <ele>981.8</ele>
        <time>2026-07-05T19:12:18Z</time>
      </trkpt>
      <trkpt lat="44.1568" lon="-73.6794">
        <ele>981.07</ele>
        <time>2026-07-05T19:12:21Z</time>
      </trkpt>
      <trkpt lat="44.15681" lon="-73.67941">
        <ele>980.86</ele>
        <time>2026-07-05T19:12:28Z</time>
      </trkpt>
      <trkpt lat="44.15682" lon="-73.67941">
        <ele>980.39</ele>
        <time>2026-07-05T19:12:29Z</time>
      </trkpt>
      <trkpt lat="44.15685" lon="-73.67942">
        <ele>979.29</ele>
        <time>2026-07-05T19:12:35Z</time>
      </trkpt>
      <trkpt lat="44.15687" lon="-73.67942">
        <ele>979.16</ele>
        <time>2026-07-05T19:12:38Z</time>
      </trkpt>
      <trkpt lat="44.1569" lon="-73.67943">
        <ele>979.45</ele>
        <time>2026-07-05T19:12:45Z</time>
      </trkpt>
      <trkpt lat="44.15691" lon="-73.67943">
        <ele>979.43</ele>
        <time>2026-07-05T19:12:47Z</time>
      </trkpt>
      <trkpt lat="44.15693" lon="-73.67943">
        <ele>979.4</ele>
        <time>2026-07-05T19:12:53Z</time>
      </trkpt>
      <trkpt lat="44.15692" lon="-73.67942">
        <ele>979.01</ele>
        <time>2026-07-05T19:12:56Z</time>
      </trkpt>
      <trkpt lat="44.15693" lon="-73.67942">
        <ele>978.99</ele>
        <time>2026-07-05T19:12:59Z</time>
      </trkpt>
      <trkpt lat="44.15696" lon="-73.67939">
        <ele>977.89</ele>
        <time>2026-07-05T19:13:06Z</time>
      </trkpt>
      <trkpt lat="44.15696" lon="-73.67935">
        <ele>976.1</ele>
        <time>2026-07-05T19:13:14Z</time>
      </trkpt>
      <trkpt lat="44.15696" lon="-73.67934">
        <ele>975.74</ele>
        <time>2026-07-05T19:13:15Z</time>
      </trkpt>
      <trkpt lat="44.15696" lon="-73.6793">
        <ele>974.3</ele>
        <time>2026-07-05T19:13:22Z</time>
      </trkpt>
      <trkpt lat="44.15697" lon="-73.67929">
        <ele>973.9</ele>
        <time>2026-07-05T19:13:31Z</time>
      </trkpt>
      <trkpt lat="44.15698" lon="-73.67929">
        <ele>973.87</ele>
        <time>2026-07-05T19:13:33Z</time>
      </trkpt>
      <trkpt lat="44.15698" lon="-73.67927">
        <ele>973.05</ele>
        <time>2026-07-05T19:13:38Z</time>
      </trkpt>
      <trkpt lat="44.157" lon="-73.67924">
        <ele>971.78</ele>
        <time>2026-07-05T19:13:43Z</time>
      </trkpt>
      <trkpt lat="44.15703" lon="-73.67922">
        <ele>970.8</ele>
        <time>2026-07-05T19:13:50Z</time>
      </trkpt>
      <trkpt lat="44.15704" lon="-73.67921">
        <ele>970.45</ele>
        <time>2026-07-05T19:13:52Z</time>
      </trkpt>
      <trkpt lat="44.15711" lon="-73.6792">
        <ele>971.15</ele>
        <time>2026-07-05T19:14:00Z</time>
      </trkpt>
      <trkpt lat="44.15717" lon="-73.67921">
        <ele>972.74</ele>
        <time>2026-07-05T19:14:09Z</time>
      </trkpt>
      <trkpt lat="44.15721" lon="-73.67921">
        <ele>973.61</ele>
        <time>2026-07-05T19:14:16Z</time>
      </trkpt>
      <trkpt lat="44.15723" lon="-73.6792">
        <ele>973.49</ele>
        <time>2026-07-05T19:14:24Z</time>
      </trkpt>
      <trkpt lat="44.15722" lon="-73.6792">
        <ele>973.39</ele>
        <time>2026-07-05T19:14:38Z</time>
      </trkpt>
      <trkpt lat="44.15724" lon="-73.6792">
        <ele>973.56</ele>
        <time>2026-07-05T19:14:45Z</time>
      </trkpt>
      <trkpt lat="44.1573" lon="-73.67918">
        <ele>973.3</ele>
        <time>2026-07-05T19:14:54Z</time>
      </trkpt>
      <trkpt lat="44.15731" lon="-73.67917">
        <ele>973.06</ele>
        <time>2026-07-05T19:14:55Z</time>
      </trkpt>
      <trkpt lat="44.15735" lon="-73.67915">
        <ele>973.02</ele>
        <time>2026-07-05T19:15:02Z</time>
      </trkpt>
      <trkpt lat="44.15736" lon="-73.67914">
        <ele>972.91</ele>
        <time>2026-07-05T19:15:04Z</time>
      </trkpt>
      <trkpt lat="44.15739" lon="-73.67911">
        <ele>972.59</ele>
        <time>2026-07-05T19:15:11Z</time>
      </trkpt>
      <trkpt lat="44.1574" lon="-73.67911">
        <ele>972.7</ele>
        <time>2026-07-05T19:15:12Z</time>
      </trkpt>
      <trkpt lat="44.15741" lon="-73.67909">
        <ele>972.34</ele>
        <time>2026-07-05T19:15:17Z</time>
      </trkpt>
      <trkpt lat="44.15743" lon="-73.67906">
        <ele>971.7</ele>
        <time>2026-07-05T19:15:22Z</time>
      </trkpt>
      <trkpt lat="44.15746" lon="-73.67894">
        <ele>969.1</ele>
        <time>2026-07-05T19:15:32Z</time>
      </trkpt>
      <trkpt lat="44.15747" lon="-73.67892">
        <ele>968.67</ele>
        <time>2026-07-05T19:15:34Z</time>
      </trkpt>
      <trkpt lat="44.15751" lon="-73.6789">
        <ele>968.13</ele>
        <time>2026-07-05T19:15:41Z</time>
      </trkpt>
      <trkpt lat="44.15751" lon="-73.6789">
        <ele>968.13</ele>
        <time>2026-07-05T19:15:42Z</time>
      </trkpt>
      <trkpt lat="44.15755" lon="-73.67883">
        <ele>966.53</ele>
        <time>2026-07-05T19:15:50Z</time>
      </trkpt>
      <trkpt lat="44.15755" lon="-73.67882">
        <ele>966.37</ele>
        <time>2026-07-05T19:15:51Z</time>
      </trkpt>
      <trkpt lat="44.15755" lon="-73.67881">
        <ele>966.22</ele>
        <time>2026-07-05T19:15:53Z</time>
      </trkpt>
      <trkpt lat="44.15757" lon="-73.67868">
        <ele>963.68</ele>
        <time>2026-07-05T19:16:03Z</time>
      </trkpt>
      <trkpt lat="44.15758" lon="-73.67864">
        <ele>963.22</ele>
        <time>2026-07-05T19:16:05Z</time>
      </trkpt>
      <trkpt lat="44.15758" lon="-73.67862">
        <ele>962.97</ele>
        <time>2026-07-05T19:16:09Z</time>
      </trkpt>
      <trkpt lat="44.15761" lon="-73.67859">
        <ele>962.77</ele>
        <time>2026-07-05T19:16:13Z</time>
      </trkpt>
      <trkpt lat="44.15764" lon="-73.67857">
        <ele>962.56</ele>
        <time>2026-07-05T19:16:18Z</time>
      </trkpt>
      <trkpt lat="44.15766" lon="-73.67855">
        <ele>962.34</ele>
        <time>2026-07-05T19:16:20Z</time>
      </trkpt>
      <trkpt lat="44.15768" lon="-73.67849">
        <ele>961.67</ele>
        <time>2026-07-05T19:16:29Z</time>
      </trkpt>
      <trkpt lat="44.15768" lon="-73.67849">
        <ele>961.67</ele>
        <time>2026-07-05T19:16:30Z</time>
      </trkpt>
      <trkpt lat="44.15768" lon="-73.67848">
        <ele>961.56</ele>
        <time>2026-07-05T19:16:31Z</time>
      </trkpt>
      <trkpt lat="44.15768" lon="-73.67842">
        <ele>960.82</ele>
        <time>2026-07-05T19:16:35Z</time>
      </trkpt>
      <trkpt lat="44.15768" lon="-73.67841">
        <ele>960.6</ele>
        <time>2026-07-05T19:16:37Z</time>
      </trkpt>
      <trkpt lat="44.15768" lon="-73.67836">
        <ele>959.52</ele>
        <time>2026-07-05T19:16:44Z</time>
      </trkpt>
      <trkpt lat="44.15769" lon="-73.67835">
        <ele>959.31</ele>
        <time>2026-07-05T19:16:46Z</time>
      </trkpt>
      <trkpt lat="44.1577" lon="-73.67834">
        <ele>958.98</ele>
        <time>2026-07-05T19:16:49Z</time>
      </trkpt>
      <trkpt lat="44.15772" lon="-73.67833">
        <ele>958.52</ele>
        <time>2026-07-05T19:16:54Z</time>
      </trkpt>
      <trkpt lat="44.15775" lon="-73.67829">
        <ele>956.9</ele>
        <time>2026-07-05T19:17:00Z</time>
      </trkpt>
      <trkpt lat="44.15775" lon="-73.67828">
        <ele>956.57</ele>
        <time>2026-07-05T19:17:02Z</time>
      </trkpt>
      <trkpt lat="44.15777" lon="-73.67823">
        <ele>954.84</ele>
        <time>2026-07-05T19:17:08Z</time>
      </trkpt>
      <trkpt lat="44.15778" lon="-73.67822">
        <ele>954.53</ele>
        <time>2026-07-05T19:17:11Z</time>
      </trkpt>
      <trkpt lat="44.1578" lon="-73.67823">
        <ele>954.53</ele>
        <time>2026-07-05T19:17:15Z</time>
      </trkpt>
      <trkpt lat="44.15782" lon="-73.67821">
        <ele>953.88</ele>
        <time>2026-07-05T19:17:19Z</time>
      </trkpt>
      <trkpt lat="44.15784" lon="-73.67821">
        <ele>953.66</ele>
        <time>2026-07-05T19:17:22Z</time>
      </trkpt>
      <trkpt lat="44.15787" lon="-73.67821">
        <ele>953.34</ele>
        <time>2026-07-05T19:17:30Z</time>
      </trkpt>
      <trkpt lat="44.15792" lon="-73.67814">
        <ele>950.75</ele>
        <time>2026-07-05T19:17:38Z</time>
      </trkpt>
      <trkpt lat="44.15793" lon="-73.67813">
        <ele>950.32</ele>
        <time>2026-07-05T19:17:39Z</time>
      </trkpt>
      <trkpt lat="44.15794" lon="-73.67805">
        <ele>948.38</ele>
        <time>2026-07-05T19:17:47Z</time>
      </trkpt>
      <trkpt lat="44.15794" lon="-73.67804">
        <ele>948.16</ele>
        <time>2026-07-05T19:17:48Z</time>
      </trkpt>
      <trkpt lat="44.15796" lon="-73.678">
        <ele>946.86</ele>
        <time>2026-07-05T19:17:54Z</time>
      </trkpt>
      <trkpt lat="44.15797" lon="-73.67797">
        <ele>946.0</ele>
        <time>2026-07-05T19:17:57Z</time>
      </trkpt>
      <trkpt lat="44.15797" lon="-73.67794">
        <ele>945.37</ele>
        <time>2026-07-05T19:18:00Z</time>
      </trkpt>
      <trkpt lat="44.15798" lon="-73.67788">
        <ele>944.0</ele>
        <time>2026-07-05T19:18:05Z</time>
      </trkpt>
      <trkpt lat="44.15797" lon="-73.67785">
        <ele>943.48</ele>
        <time>2026-07-05T19:18:08Z</time>
      </trkpt>
      <trkpt lat="44.15799" lon="-73.67781">
        <ele>942.4</ele>
        <time>2026-07-05T19:18:13Z</time>
      </trkpt>
      <trkpt lat="44.158" lon="-73.67779">
        <ele>941.86</ele>
        <time>2026-07-05T19:18:16Z</time>
      </trkpt>
      <trkpt lat="44.15802" lon="-73.67776">
        <ele>941.0</ele>
        <time>2026-07-05T19:18:19Z</time>
      </trkpt>
      <trkpt lat="44.15804" lon="-73.67771">
        <ele>939.7</ele>
        <time>2026-07-05T19:18:24Z</time>
      </trkpt>
      <trkpt lat="44.15805" lon="-73.6777">
        <ele>939.38</ele>
        <time>2026-07-05T19:18:26Z</time>
      </trkpt>
      <trkpt lat="44.15806" lon="-73.67767">
        <ele>938.42</ele>
        <time>2026-07-05T19:18:32Z</time>
      </trkpt>
      <trkpt lat="44.15806" lon="-73.67765">
        <ele>937.78</ele>
        <time>2026-07-05T19:18:35Z</time>
      </trkpt>
      <trkpt lat="44.15806" lon="-73.67762">
        <ele>936.83</ele>
        <time>2026-07-05T19:18:38Z</time>
      </trkpt>
      <trkpt lat="44.15808" lon="-73.67757">
        <ele>934.82</ele>
        <time>2026-07-05T19:18:44Z</time>
      </trkpt>
      <trkpt lat="44.15808" lon="-73.67756">
        <ele>934.42</ele>
        <time>2026-07-05T19:18:46Z</time>
      </trkpt>
      <trkpt lat="44.1581" lon="-73.67753">
        <ele>933.14</ele>
        <time>2026-07-05T19:18:53Z</time>
      </trkpt>
      <trkpt lat="44.15811" lon="-73.67752">
        <ele>932.74</ele>
        <time>2026-07-05T19:18:55Z</time>
      </trkpt>
      <trkpt lat="44.15811" lon="-73.67751">
        <ele>932.37</ele>
        <time>2026-07-05T19:18:57Z</time>
      </trkpt>
      <trkpt lat="44.15812" lon="-73.67748">
        <ele>931.57</ele>
        <time>2026-07-05T19:19:02Z</time>
      </trkpt>
      <trkpt lat="44.15812" lon="-73.67745">
        <ele>930.92</ele>
        <time>2026-07-05T19:19:07Z</time>
      </trkpt>
      <trkpt lat="44.15812" lon="-73.67743">
        <ele>930.49</ele>
        <time>2026-07-05T19:19:10Z</time>
      </trkpt>
      <trkpt lat="44.15812" lon="-73.67742">
        <ele>930.27</ele>
        <time>2026-07-05T19:19:11Z</time>
      </trkpt>
      <trkpt lat="44.15811" lon="-73.67739">
        <ele>929.55</ele>
        <time>2026-07-05T19:19:17Z</time>
      </trkpt>
      <trkpt lat="44.15811" lon="-73.67738">
        <ele>929.29</ele>
        <time>2026-07-05T19:19:20Z</time>
      </trkpt>
      <trkpt lat="44.15811" lon="-73.67734">
        <ele>928.24</ele>
        <time>2026-07-05T19:19:23Z</time>
      </trkpt>
      <trkpt lat="44.1581" lon="-73.67728">
        <ele>926.55</ele>
        <time>2026-07-05T19:19:29Z</time>
      </trkpt>
      <trkpt lat="44.15811" lon="-73.67728">
        <ele>926.61</ele>
        <time>2026-07-05T19:19:30Z</time>
      </trkpt>
      <trkpt lat="44.1581" lon="-73.67726">
        <ele>926.01</ele>
        <time>2026-07-05T19:19:36Z</time>
      </trkpt>
      <trkpt lat="44.1581" lon="-73.67726">
        <ele>926.01</ele>
        <time>2026-07-05T19:19:37Z</time>
      </trkpt>
      <trkpt lat="44.1581" lon="-73.67723">
        <ele>925.21</ele>
        <time>2026-07-05T19:19:43Z</time>
      </trkpt>
      <trkpt lat="44.1581" lon="-73.67722">
        <ele>924.94</ele>
        <time>2026-07-05T19:19:45Z</time>
      </trkpt>
      <trkpt lat="44.15811" lon="-73.6772">
        <ele>924.42</ele>
        <time>2026-07-05T19:19:49Z</time>
      </trkpt>
      <trkpt lat="44.15813" lon="-73.67717">
        <ele>923.76</ele>
        <time>2026-07-05T19:19:53Z</time>
      </trkpt>
      <trkpt lat="44.15813" lon="-73.67716">
        <ele>923.52</ele>
        <time>2026-07-05T19:19:55Z</time>
      </trkpt>
      <trkpt lat="44.15813" lon="-73.67715">
        <ele>923.29</ele>
        <time>2026-07-05T19:19:56Z</time>
      </trkpt>
      <trkpt lat="44.15814" lon="-73.67711">
        <ele>922.49</ele>
        <time>2026-07-05T19:20:03Z</time>
      </trkpt>
      <trkpt lat="44.15815" lon="-73.67709">
        <ele>922.14</ele>
        <time>2026-07-05T19:20:05Z</time>
      </trkpt>
      <trkpt lat="44.15816" lon="-73.67705">
        <ele>921.17</ele>
        <time>2026-07-05T19:20:10Z</time>
      </trkpt>
      <trkpt lat="44.15816" lon="-73.67702">
        <ele>920.34</ele>
        <time>2026-07-05T19:20:13Z</time>
      </trkpt>
      <trkpt lat="44.15815" lon="-73.67699">
        <ele>919.47</ele>
        <time>2026-07-05T19:20:18Z</time>
      </trkpt>
      <trkpt lat="44.15813" lon="-73.67698">
        <ele>919.08</ele>
        <time>2026-07-05T19:20:21Z</time>
      </trkpt>
      <trkpt lat="44.15812" lon="-73.67698">
        <ele>919.04</ele>
        <time>2026-07-05T19:20:23Z</time>
      </trkpt>
      <trkpt lat="44.15811" lon="-73.67699">
        <ele>919.27</ele>
        <time>2026-07-05T19:20:26Z</time>
      </trkpt>
      <trkpt lat="44.15809" lon="-73.677">
        <ele>919.42</ele>
        <time>2026-07-05T19:20:29Z</time>
      </trkpt>
      <trkpt lat="44.15806" lon="-73.677">
        <ele>919.23</ele>
        <time>2026-07-05T19:20:33Z</time>
      </trkpt>
      <trkpt lat="44.15805" lon="-73.67699">
        <ele>918.92</ele>
        <time>2026-07-05T19:20:37Z</time>
      </trkpt>
      <trkpt lat="44.15804" lon="-73.67699">
        <ele>918.82</ele>
        <time>2026-07-05T19:20:38Z</time>
      </trkpt>
      <trkpt lat="44.15804" lon="-73.67696">
        <ele>918.17</ele>
        <time>2026-07-05T19:20:44Z</time>
      </trkpt>
      <trkpt lat="44.15804" lon="-73.67695">
        <ele>917.95</ele>
        <time>2026-07-05T19:20:45Z</time>
      </trkpt>
      <trkpt lat="44.15804" lon="-73.67695">
        <ele>917.95</ele>
        <time>2026-07-05T19:20:46Z</time>
      </trkpt>
      <trkpt lat="44.158" lon="-73.67695">
        <ele>917.52</ele>
        <time>2026-07-05T19:20:54Z</time>
      </trkpt>
      <trkpt lat="44.158" lon="-73.67694">
        <ele>917.26</ele>
        <time>2026-07-05T19:20:56Z</time>
      </trkpt>
      <trkpt lat="44.15797" lon="-73.6769">
        <ele>915.64</ele>
        <time>2026-07-05T19:21:03Z</time>
      </trkpt>
      <trkpt lat="44.15796" lon="-73.6769">
        <ele>915.5</ele>
        <time>2026-07-05T19:21:04Z</time>
      </trkpt>
      <trkpt lat="44.15794" lon="-73.67688">
        <ele>914.42</ele>
        <time>2026-07-05T19:21:13Z</time>
      </trkpt>
      <trkpt lat="44.15793" lon="-73.67686">
        <ele>913.55</ele>
        <time>2026-07-05T19:21:19Z</time>
      </trkpt>
      <trkpt lat="44.15793" lon="-73.67686">
        <ele>913.55</ele>
        <time>2026-07-05T19:21:22Z</time>
      </trkpt>
      <trkpt lat="44.15792" lon="-73.67684">
        <ele>912.69</ele>
        <time>2026-07-05T19:21:27Z</time>
      </trkpt>
      <trkpt lat="44.15792" lon="-73.67683">
        <ele>912.36</ele>
        <time>2026-07-05T19:21:32Z</time>
      </trkpt>
      <trkpt lat="44.15791" lon="-73.67681">
        <ele>911.5</ele>
        <time>2026-07-05T19:21:37Z</time>
      </trkpt>
      <trkpt lat="44.15789" lon="-73.67678">
        <ele>910.1</ele>
        <time>2026-07-05T19:21:43Z</time>
      </trkpt>
      <trkpt lat="44.15788" lon="-73.67676">
        <ele>909.23</ele>
        <time>2026-07-05T19:21:49Z</time>
      </trkpt>
      <trkpt lat="44.15787" lon="-73.67675">
        <ele>908.69</ele>
        <time>2026-07-05T19:21:53Z</time>
      </trkpt>
      <trkpt lat="44.15786" lon="-73.67675">
        <ele>908.36</ele>
        <time>2026-07-05T19:21:57Z</time>
      </trkpt>
      <trkpt lat="44.15785" lon="-73.67674">
        <ele>907.72</ele>
        <time>2026-07-05T19:22:00Z</time>
      </trkpt>
      <trkpt lat="44.15784" lon="-73.67673">
        <ele>907.07</ele>
        <time>2026-07-05T19:22:02Z</time>
      </trkpt>
      <trkpt lat="44.15783" lon="-73.67671">
        <ele>906.1</ele>
        <time>2026-07-05T19:22:08Z</time>
      </trkpt>
      <trkpt lat="44.15781" lon="-73.6767">
        <ele>905.12</ele>
        <time>2026-07-05T19:22:15Z</time>
      </trkpt>
      <trkpt lat="44.1578" lon="-73.6767">
        <ele>904.8</ele>
        <time>2026-07-05T19:22:17Z</time>
      </trkpt>
      <trkpt lat="44.15779" lon="-73.67669">
        <ele>904.15</ele>
        <time>2026-07-05T19:22:21Z</time>
      </trkpt>
      <trkpt lat="44.15776" lon="-73.67668">
        <ele>902.66</ele>
        <time>2026-07-05T19:22:27Z</time>
      </trkpt>
      <trkpt lat="44.15774" lon="-73.67668">
        <ele>901.8</ele>
        <time>2026-07-05T19:22:30Z</time>
      </trkpt>
      <trkpt lat="44.15773" lon="-73.67669">
        <ele>901.69</ele>
        <time>2026-07-05T19:22:35Z</time>
      </trkpt>
      <trkpt lat="44.15773" lon="-73.67671">
        <ele>902.34</ele>
        <time>2026-07-05T19:22:45Z</time>
      </trkpt>
      <trkpt lat="44.15775" lon="-73.6767">
        <ele>902.88</ele>
        <time>2026-07-05T19:22:53Z</time>
      </trkpt>
      <trkpt lat="44.15773" lon="-73.67668">
        <ele>901.37</ele>
        <time>2026-07-05T19:22:59Z</time>
      </trkpt>
      <trkpt lat="44.15772" lon="-73.6767">
        <ele>901.58</ele>
        <time>2026-07-05T19:23:08Z</time>
      </trkpt>
      <trkpt lat="44.15769" lon="-73.67677">
        <ele>902.56</ele>
        <time>2026-07-05T19:23:16Z</time>
      </trkpt>
      <trkpt lat="44.15768" lon="-73.6768">
        <ele>903.1</ele>
        <time>2026-07-05T19:23:23Z</time>
      </trkpt>
      <trkpt lat="44.15768" lon="-73.6768">
        <ele>903.1</ele>
        <time>2026-07-05T19:23:27Z</time>
      </trkpt>
      <trkpt lat="44.15769" lon="-73.67679">
        <ele>903.2</ele>
        <time>2026-07-05T19:23:30Z</time>
      </trkpt>
      <trkpt lat="44.15769" lon="-73.67679">
        <ele>903.2</ele>
        <time>2026-07-05T19:23:31Z</time>
      </trkpt>
      <trkpt lat="44.15767" lon="-73.6768">
        <ele>902.66</ele>
        <time>2026-07-05T19:23:40Z</time>
      </trkpt>
      <trkpt lat="44.15765" lon="-73.6768">
        <ele>901.8</ele>
        <time>2026-07-05T19:23:49Z</time>
      </trkpt>
      <trkpt lat="44.15766" lon="-73.6768">
        <ele>902.23</ele>
        <time>2026-07-05T19:23:52Z</time>
      </trkpt>
      <trkpt lat="44.15766" lon="-73.67679">
        <ele>901.91</ele>
        <time>2026-07-05T19:24:06Z</time>
      </trkpt>
      <trkpt lat="44.15767" lon="-73.67678">
        <ele>902.02</ele>
        <time>2026-07-05T19:24:25Z</time>
      </trkpt>
      <trkpt lat="44.15768" lon="-73.67678">
        <ele>902.45</ele>
        <time>2026-07-05T19:24:26Z</time>
      </trkpt>
      <trkpt lat="44.15767" lon="-73.67677">
        <ele>901.69</ele>
        <time>2026-07-05T19:24:34Z</time>
      </trkpt>
      <trkpt lat="44.15767" lon="-73.67677">
        <ele>901.69</ele>
        <time>2026-07-05T19:24:39Z</time>
      </trkpt>
      <trkpt lat="44.15768" lon="-73.67677">
        <ele>902.12</ele>
        <time>2026-07-05T19:24:49Z</time>
      </trkpt>
      <trkpt lat="44.15769" lon="-73.67677">
        <ele>902.56</ele>
        <time>2026-07-05T19:24:51Z</time>
      </trkpt>
      <trkpt lat="44.15769" lon="-73.67677">
        <ele>902.56</ele>
        <time>2026-07-05T19:24:52Z</time>
      </trkpt>
      <trkpt lat="44.15769" lon="-73.67677">
        <ele>902.56</ele>
        <time>2026-07-05T19:24:59Z</time>
      </trkpt>
      <trkpt lat="44.1577" lon="-73.6768">
        <ele>903.96</ele>
        <time>2026-07-05T19:25:04Z</time>
      </trkpt>
      <trkpt lat="44.1577" lon="-73.6768">
        <ele>903.96</ele>
        <time>2026-07-05T19:25:06Z</time>
      </trkpt>
      <trkpt lat="44.1577" lon="-73.6768">
        <ele>903.96</ele>
        <time>2026-07-05T19:25:07Z</time>
      </trkpt>
      <trkpt lat="44.15771" lon="-73.6768">
        <ele>904.39</ele>
        <time>2026-07-05T19:25:11Z</time>
      </trkpt>
      <trkpt lat="44.15772" lon="-73.67678">
        <ele>904.18</ele>
        <time>2026-07-05T19:25:14Z</time>
      </trkpt>
      <trkpt lat="44.15772" lon="-73.67676">
        <ele>903.53</ele>
        <time>2026-07-05T19:25:16Z</time>
      </trkpt>
      <trkpt lat="44.15774" lon="-73.6767">
        <ele>902.45</ele>
        <time>2026-07-05T19:25:24Z</time>
      </trkpt>
      <trkpt lat="44.15774" lon="-73.67669">
        <ele>902.12</ele>
        <time>2026-07-05T19:25:26Z</time>
      </trkpt>
      <trkpt lat="44.15773" lon="-73.67669">
        <ele>901.69</ele>
        <time>2026-07-05T19:25:32Z</time>
      </trkpt>
      <trkpt lat="44.15773" lon="-73.67671">
        <ele>902.34</ele>
        <time>2026-07-05T19:25:39Z</time>
      </trkpt>
      <trkpt lat="44.15774" lon="-73.67672">
        <ele>903.1</ele>
        <time>2026-07-05T19:25:43Z</time>
      </trkpt>
      <trkpt lat="44.15773" lon="-73.6767">
        <ele>902.02</ele>
        <time>2026-07-05T19:25:50Z</time>
      </trkpt>
      <trkpt lat="44.15773" lon="-73.67669">
        <ele>901.69</ele>
        <time>2026-07-05T19:25:53Z</time>
      </trkpt>
      <trkpt lat="44.15771" lon="-73.67672">
        <ele>901.8</ele>
        <time>2026-07-05T19:26:04Z</time>
      </trkpt>
      <trkpt lat="44.15769" lon="-73.67672">
        <ele>900.94</ele>
        <time>2026-07-05T19:26:25Z</time>
      </trkpt>
      <trkpt lat="44.15772" lon="-73.6767">
        <ele>901.58</ele>
        <time>2026-07-05T19:26:36Z</time>
      </trkpt>
      <trkpt lat="44.15771" lon="-73.67671">
        <ele>901.48</ele>
        <time>2026-07-05T19:26:47Z</time>
      </trkpt>
      <trkpt lat="44.15771" lon="-73.67672">
        <ele>901.8</ele>
        <time>2026-07-05T19:26:54Z</time>
      </trkpt>
      <trkpt lat="44.15771" lon="-73.67672">
        <ele>901.8</ele>
        <time>2026-07-05T19:26:56Z</time>
      </trkpt>
      <trkpt lat="44.15771" lon="-73.67671">
        <ele>901.48</ele>
        <time>2026-07-05T19:26:59Z</time>
      </trkpt>
      <trkpt lat="44.15773" lon="-73.67669">
        <ele>901.69</ele>
        <time>2026-07-05T19:27:19Z</time>
      </trkpt>
      <trkpt lat="44.15772" lon="-73.67671">
        <ele>901.91</ele>
        <time>2026-07-05T19:27:29Z</time>
      </trkpt>
      <trkpt lat="44.15772" lon="-73.67671">
        <ele>901.91</ele>
        <time>2026-07-05T19:27:33Z</time>
      </trkpt>
      <trkpt lat="44.15773" lon="-73.67672">
        <ele>902.66</ele>
        <time>2026-07-05T19:27:47Z</time>
      </trkpt>
      <trkpt lat="44.15773" lon="-73.67671">
        <ele>902.34</ele>
        <time>2026-07-05T19:27:59Z</time>
      </trkpt>
      <trkpt lat="44.15769" lon="-73.6767">
        <ele>900.29</ele>
        <time>2026-07-05T19:28:08Z</time>
      </trkpt>
      <trkpt lat="44.15769" lon="-73.6767">
        <ele>900.29</ele>
        <time>2026-07-05T19:28:16Z</time>
      </trkpt>
      <trkpt lat="44.1577" lon="-73.67669">
        <ele>900.4</ele>
        <time>2026-07-05T19:28:26Z</time>
      </trkpt>
      <trkpt lat="44.1577" lon="-73.67669">
        <ele>900.4</ele>
        <time>2026-07-05T19:28:34Z</time>
      </trkpt>
      <trkpt lat="44.1577" lon="-73.67671">
        <ele>901.04</ele>
        <time>2026-07-05T19:28:44Z</time>
      </trkpt>
      <trkpt lat="44.1577" lon="-73.67671">
        <ele>901.04</ele>
        <time>2026-07-05T19:28:47Z</time>
      </trkpt>
      <trkpt lat="44.15771" lon="-73.67671">
        <ele>901.48</ele>
        <time>2026-07-05T19:28:50Z</time>
      </trkpt>
      <trkpt lat="44.15771" lon="-73.67672">
        <ele>901.8</ele>
        <time>2026-07-05T19:28:55Z</time>
      </trkpt>
      <trkpt lat="44.15774" lon="-73.67672">
        <ele>903.1</ele>
        <time>2026-07-05T19:29:06Z</time>
      </trkpt>
      <trkpt lat="44.15775" lon="-73.67672">
        <ele>903.53</ele>
        <time>2026-07-05T19:29:17Z</time>
      </trkpt>
      <trkpt lat="44.15771" lon="-73.67671">
        <ele>901.48</ele>
        <time>2026-07-05T19:29:25Z</time>
      </trkpt>
      <trkpt lat="44.1577" lon="-73.6767">
        <ele>900.72</ele>
        <time>2026-07-05T19:29:35Z</time>
      </trkpt>
      <trkpt lat="44.1577" lon="-73.6767">
        <ele>900.72</ele>
        <time>2026-07-05T19:29:45Z</time>
      </trkpt>
      <trkpt lat="44.15772" lon="-73.67671">
        <ele>901.91</ele>
        <time>2026-07-05T19:29:54Z</time>
      </trkpt>
      <trkpt lat="44.15772" lon="-73.67671">
        <ele>901.91</ele>
        <time>2026-07-05T19:30:03Z</time>
      </trkpt>
      <trkpt lat="44.1577" lon="-73.67671">
        <ele>901.04</ele>
        <time>2026-07-05T19:30:14Z</time>
      </trkpt>
      <trkpt lat="44.1577" lon="-73.67671">
        <ele>901.04</ele>
        <time>2026-07-05T19:30:16Z</time>
      </trkpt>
      <trkpt lat="44.15769" lon="-73.67671">
        <ele>900.61</ele>
        <time>2026-07-05T19:30:17Z</time>
      </trkpt>
      <trkpt lat="44.15769" lon="-73.67671">
        <ele>900.61</ele>
        <time>2026-07-05T19:30:24Z</time>
      </trkpt>
      <trkpt lat="44.15769" lon="-73.67672">
        <ele>900.94</ele>
        <time>2026-07-05T19:30:25Z</time>
      </trkpt>
      <trkpt lat="44.15769" lon="-73.67671">
        <ele>900.61</ele>
        <time>2026-07-05T19:30:26Z</time>
      </trkpt>
      <trkpt lat="44.1577" lon="-73.67671">
        <ele>901.04</ele>
        <time>2026-07-05T19:30:35Z</time>
      </trkpt>
      <trkpt lat="44.15771" lon="-73.6767">
        <ele>901.15</ele>
        <time>2026-07-05T19:30:38Z</time>
      </trkpt>
      <trkpt lat="44.15772" lon="-73.6767">
        <ele>901.58</ele>
        <time>2026-07-05T19:30:42Z</time>
      </trkpt>
      <trkpt lat="44.15771" lon="-73.67672">
        <ele>901.8</ele>
        <time>2026-07-05T19:30:48Z</time>
      </trkpt>
      <trkpt lat="44.15771" lon="-73.67673">
        <ele>902.12</ele>
        <time>2026-07-05T19:30:57Z</time>
      </trkpt>
      <trkpt lat="44.15771" lon="-73.67674">
        <ele>902.45</ele>
        <time>2026-07-05T19:31:00Z</time>
      </trkpt>
      <trkpt lat="44.1577" lon="-73.67671">
        <ele>901.04</ele>
        <time>2026-07-05T19:31:09Z</time>
      </trkpt>
      <trkpt lat="44.15771" lon="-73.6767">
        <ele>901.15</ele>
        <time>2026-07-05T19:31:11Z</time>
      </trkpt>
      <trkpt lat="44.15771" lon="-73.6767">
        <ele>901.15</ele>
        <time>2026-07-05T19:31:12Z</time>
      </trkpt>
      <trkpt lat="44.15772" lon="-73.6767">
        <ele>901.58</ele>
        <time>2026-07-05T19:31:16Z</time>
      </trkpt>
      <trkpt lat="44.15772" lon="-73.6767">
        <ele>901.58</ele>
        <time>2026-07-05T19:31:18Z</time>
      </trkpt>
      <trkpt lat="44.15772" lon="-73.6767">
        <ele>901.58</ele>
        <time>2026-07-05T19:31:20Z</time>
      </trkpt>
      <trkpt lat="44.15772" lon="-73.6767">
        <ele>901.58</ele>
        <time>2026-07-05T19:31:24Z</time>
      </trkpt>
      <trkpt lat="44.15771" lon="-73.67671">
        <ele>901.48</ele>
        <time>2026-07-05T19:31:30Z</time>
      </trkpt>
      <trkpt lat="44.1577" lon="-73.67671">
        <ele>901.04</ele>
        <time>2026-07-05T19:31:31Z</time>
      </trkpt>
      <trkpt lat="44.1577" lon="-73.67671">
        <ele>901.04</ele>
        <time>2026-07-05T19:31:46Z</time>
      </trkpt>
      <trkpt lat="44.15771" lon="-73.67672">
        <ele>901.8</ele>
        <time>2026-07-05T19:31:55Z</time>
      </trkpt>
      <trkpt lat="44.15772" lon="-73.67671">
        <ele>901.91</ele>
        <time>2026-07-05T19:31:56Z</time>
      </trkpt>
      <trkpt lat="44.15772" lon="-73.67668">
        <ele>900.94</ele>
        <time>2026-07-05T19:32:02Z</time>
      </trkpt>
      <trkpt lat="44.15772" lon="-73.67665">
        <ele>900.08</ele>
        <time>2026-07-05T19:32:07Z</time>
      </trkpt>
      <trkpt lat="44.1577" lon="-73.67661">
        <ele>898.32</ele>
        <time>2026-07-05T19:32:13Z</time>
      </trkpt>
      <trkpt lat="44.15769" lon="-73.67661">
        <ele>897.95</ele>
        <time>2026-07-05T19:32:15Z</time>
      </trkpt>
      <trkpt lat="44.15768" lon="-73.6766">
        <ele>897.35</ele>
        <time>2026-07-05T19:32:17Z</time>
      </trkpt>
      <trkpt lat="44.15768" lon="-73.67659">
        <ele>897.13</ele>
        <time>2026-07-05T19:32:21Z</time>
      </trkpt>
      <trkpt lat="44.15769" lon="-73.67658">
        <ele>897.29</ele>
        <time>2026-07-05T19:32:27Z</time>
      </trkpt>
      <trkpt lat="44.15769" lon="-73.67657">
        <ele>897.07</ele>
        <time>2026-07-05T19:32:28Z</time>
      </trkpt>
      <trkpt lat="44.15772" lon="-73.67655">
        <ele>897.61</ele>
        <time>2026-07-05T19:32:34Z</time>
      </trkpt>
      <trkpt lat="44.15775" lon="-73.67654">
        <ele>898.36</ele>
        <time>2026-07-05T19:32:39Z</time>
      </trkpt>
      <trkpt lat="44.15776" lon="-73.67653">
        <ele>898.47</ele>
        <time>2026-07-05T19:32:42Z</time>
      </trkpt>
      <trkpt lat="44.15777" lon="-73.67651">
        <ele>898.36</ele>
        <time>2026-07-05T19:32:47Z</time>
      </trkpt>
      <trkpt lat="44.15778" lon="-73.67651">
        <ele>898.67</ele>
        <time>2026-07-05T19:32:48Z</time>
      </trkpt>
      <trkpt lat="44.15781" lon="-73.67644">
        <ele>897.35</ele>
        <time>2026-07-05T19:32:55Z</time>
      </trkpt>
      <trkpt lat="44.15782" lon="-73.67643">
        <ele>897.24</ele>
        <time>2026-07-05T19:33:00Z</time>
      </trkpt>
      <trkpt lat="44.15782" lon="-73.67642">
        <ele>896.92</ele>
        <time>2026-07-05T19:33:02Z</time>
      </trkpt>
      <trkpt lat="44.15782" lon="-73.6764">
        <ele>896.27</ele>
        <time>2026-07-05T19:33:05Z</time>
      </trkpt>
      <trkpt lat="44.15783" lon="-73.67636">
        <ele>895.5</ele>
        <time>2026-07-05T19:33:09Z</time>
      </trkpt>
      <trkpt lat="44.15783" lon="-73.67634">
        <ele>895.07</ele>
        <time>2026-07-05T19:33:11Z</time>
      </trkpt>
      <trkpt lat="44.15784" lon="-73.6763">
        <ele>894.42</ele>
        <time>2026-07-05T19:33:15Z</time>
      </trkpt>
      <trkpt lat="44.15786" lon="-73.67625">
        <ele>893.22</ele>
        <time>2026-07-05T19:33:22Z</time>
      </trkpt>
      <trkpt lat="44.15786" lon="-73.67624">
        <ele>892.88</ele>
        <time>2026-07-05T19:33:25Z</time>
      </trkpt>
      <trkpt lat="44.15786" lon="-73.67625">
        <ele>893.22</ele>
        <time>2026-07-05T19:33:36Z</time>
      </trkpt>
      <trkpt lat="44.15786" lon="-73.67623">
        <ele>892.55</ele>
        <time>2026-07-05T19:33:40Z</time>
      </trkpt>
      <trkpt lat="44.15786" lon="-73.67619">
        <ele>891.06</ele>
        <time>2026-07-05T19:33:45Z</time>
      </trkpt>
      <trkpt lat="44.15785" lon="-73.67617">
        <ele>889.8</ele>
        <time>2026-07-05T19:33:47Z</time>
      </trkpt>
      <trkpt lat="44.15782" lon="-73.67612">
        <ele>886.26</ele>
        <time>2026-07-05T19:33:53Z</time>
      </trkpt>
      <trkpt lat="44.15782" lon="-73.67612">
        <ele>886.26</ele>
        <time>2026-07-05T19:33:56Z</time>
      </trkpt>
      <trkpt lat="44.15781" lon="-73.67611">
        <ele>885.34</ele>
        <time>2026-07-05T19:34:00Z</time>
      </trkpt>
      <trkpt lat="44.15779" lon="-73.67608">
        <ele>882.89</ele>
        <time>2026-07-05T19:34:05Z</time>
      </trkpt>
      <trkpt lat="44.15779" lon="-73.67607">
        <ele>882.37</ele>
        <time>2026-07-05T19:34:06Z</time>
      </trkpt>
      <trkpt lat="44.15778" lon="-73.67605">
        <ele>880.81</ele>
        <time>2026-07-05T19:34:11Z</time>
      </trkpt>
      <trkpt lat="44.15777" lon="-73.67601">
        <ele>877.97</ele>
        <time>2026-07-05T19:34:17Z</time>
      </trkpt>
      <trkpt lat="44.15777" lon="-73.67598">
        <ele>876.4</ele>
        <time>2026-07-05T19:34:22Z</time>
      </trkpt>
      <trkpt lat="44.15778" lon="-73.67597">
        <ele>876.5</ele>
        <time>2026-07-05T19:34:24Z</time>
      </trkpt>
      <trkpt lat="44.15778" lon="-73.67595">
        <ele>875.42</ele>
        <time>2026-07-05T19:34:26Z</time>
      </trkpt>
      <trkpt lat="44.1578" lon="-73.67593">
        <ele>875.42</ele>
        <time>2026-07-05T19:34:31Z</time>
      </trkpt>
      <trkpt lat="44.15781" lon="-73.67592">
        <ele>875.48</ele>
        <time>2026-07-05T19:34:32Z</time>
      </trkpt>
      <trkpt lat="44.15782" lon="-73.67587">
        <ele>873.86</ele>
        <time>2026-07-05T19:34:37Z</time>
      </trkpt>
      <trkpt lat="44.15782" lon="-73.67584">
        <ele>872.57</ele>
        <time>2026-07-05T19:34:40Z</time>
      </trkpt>
      <trkpt lat="44.15783" lon="-73.67582">
        <ele>872.31</ele>
        <time>2026-07-05T19:34:42Z</time>
      </trkpt>
      <trkpt lat="44.15785" lon="-73.67576">
        <ele>870.91</ele>
        <time>2026-07-05T19:34:49Z</time>
      </trkpt>
      <trkpt lat="44.15785" lon="-73.67576">
        <ele>870.91</ele>
        <time>2026-07-05T19:34:51Z</time>
      </trkpt>
      <trkpt lat="44.15786" lon="-73.67574">
        <ele>870.54</ele>
        <time>2026-07-05T19:34:54Z</time>
      </trkpt>
      <trkpt lat="44.15787" lon="-73.67571">
        <ele>870.32</ele>
        <time>2026-07-05T19:34:59Z</time>
      </trkpt>
      <trkpt lat="44.15787" lon="-73.67568">
        <ele>869.67</ele>
        <time>2026-07-05T19:35:02Z</time>
      </trkpt>
      <trkpt lat="44.15788" lon="-73.67565">
        <ele>869.35</ele>
        <time>2026-07-05T19:35:06Z</time>
      </trkpt>
      <trkpt lat="44.1579" lon="-73.67561">
        <ele>868.86</ele>
        <time>2026-07-05T19:35:11Z</time>
      </trkpt>
      <trkpt lat="44.1579" lon="-73.6756">
        <ele>868.57</ele>
        <time>2026-07-05T19:35:12Z</time>
      </trkpt>
      <trkpt lat="44.15792" lon="-73.6756">
        <ele>869.33</ele>
        <time>2026-07-05T19:35:22Z</time>
      </trkpt>
      <trkpt lat="44.15791" lon="-73.67557">
        <ele>868.11</ele>
        <time>2026-07-05T19:35:30Z</time>
      </trkpt>
      <trkpt lat="44.15792" lon="-73.67554">
        <ele>867.81</ele>
        <time>2026-07-05T19:35:33Z</time>
      </trkpt>
      <trkpt lat="44.15793" lon="-73.6755">
        <ele>867.38</ele>
        <time>2026-07-05T19:35:38Z</time>
      </trkpt>
      <trkpt lat="44.15794" lon="-73.67543">
        <ele>866.03</ele>
        <time>2026-07-05T19:35:43Z</time>
      </trkpt>
      <trkpt lat="44.15795" lon="-73.67543">
        <ele>866.42</ele>
        <time>2026-07-05T19:35:45Z</time>
      </trkpt>
      <trkpt lat="44.15796" lon="-73.67541">
        <ele>866.17</ele>
        <time>2026-07-05T19:35:47Z</time>
      </trkpt>
      <trkpt lat="44.158" lon="-73.67535">
        <ele>866.07</ele>
        <time>2026-07-05T19:35:53Z</time>
      </trkpt>
      <trkpt lat="44.158" lon="-73.67534">
        <ele>865.81</ele>
        <time>2026-07-05T19:35:55Z</time>
      </trkpt>
      <trkpt lat="44.15799" lon="-73.67532">
        <ele>864.92</ele>
        <time>2026-07-05T19:36:00Z</time>
      </trkpt>
      <trkpt lat="44.15799" lon="-73.67531">
        <ele>864.67</ele>
        <time>2026-07-05T19:36:06Z</time>
      </trkpt>
      <trkpt lat="44.15799" lon="-73.6753">
        <ele>864.43</ele>
        <time>2026-07-05T19:36:11Z</time>
      </trkpt>
      <trkpt lat="44.158" lon="-73.67528">
        <ele>864.26</ele>
        <time>2026-07-05T19:36:16Z</time>
      </trkpt>
      <trkpt lat="44.15802" lon="-73.67526">
        <ele>864.27</ele>
        <time>2026-07-05T19:36:21Z</time>
      </trkpt>
      <trkpt lat="44.15804" lon="-73.67525">
        <ele>864.6</ele>
        <time>2026-07-05T19:36:23Z</time>
      </trkpt>
      <trkpt lat="44.15805" lon="-73.67524">
        <ele>864.6</ele>
        <time>2026-07-05T19:36:27Z</time>
      </trkpt>
      <trkpt lat="44.15806" lon="-73.67523">
        <ele>864.6</ele>
        <time>2026-07-05T19:36:30Z</time>
      </trkpt>
      <trkpt lat="44.15806" lon="-73.67522">
        <ele>864.27</ele>
        <time>2026-07-05T19:36:31Z</time>
      </trkpt>
      <trkpt lat="44.15807" lon="-73.67521">
        <ele>864.27</ele>
        <time>2026-07-05T19:36:32Z</time>
      </trkpt>
      <trkpt lat="44.1581" lon="-73.67516">
        <ele>863.9</ele>
        <time>2026-07-05T19:36:37Z</time>
      </trkpt>
      <trkpt lat="44.15813" lon="-73.67512">
        <ele>864.0</ele>
        <time>2026-07-05T19:36:42Z</time>
      </trkpt>
      <trkpt lat="44.15814" lon="-73.67511">
        <ele>864.11</ele>
        <time>2026-07-05T19:36:44Z</time>
      </trkpt>
      <trkpt lat="44.15815" lon="-73.67507">
        <ele>863.31</ele>
        <time>2026-07-05T19:36:48Z</time>
      </trkpt>
      <trkpt lat="44.15815" lon="-73.67505">
        <ele>862.66</ele>
        <time>2026-07-05T19:36:52Z</time>
      </trkpt>
      <trkpt lat="44.15816" lon="-73.67504">
        <ele>862.55</ele>
        <time>2026-07-05T19:36:53Z</time>
      </trkpt>
      <trkpt lat="44.15818" lon="-73.67497">
        <ele>860.72</ele>
        <time>2026-07-05T19:37:01Z</time>
      </trkpt>
      <trkpt lat="44.15818" lon="-73.67495">
        <ele>860.07</ele>
        <time>2026-07-05T19:37:03Z</time>
      </trkpt>
      <trkpt lat="44.15818" lon="-73.67494">
        <ele>859.74</ele>
        <time>2026-07-05T19:37:04Z</time>
      </trkpt>
      <trkpt lat="44.15818" lon="-73.67491">
        <ele>858.77</ele>
        <time>2026-07-05T19:37:07Z</time>
      </trkpt>
      <trkpt lat="44.15817" lon="-73.67488">
        <ele>857.58</ele>
        <time>2026-07-05T19:37:11Z</time>
      </trkpt>
      <trkpt lat="44.15816" lon="-73.67485">
        <ele>856.4</ele>
        <time>2026-07-05T19:37:14Z</time>
      </trkpt>
      <trkpt lat="44.15816" lon="-73.67483">
        <ele>855.75</ele>
        <time>2026-07-05T19:37:16Z</time>
      </trkpt>
      <trkpt lat="44.15816" lon="-73.67482">
        <ele>855.42</ele>
        <time>2026-07-05T19:37:17Z</time>
      </trkpt>
      <trkpt lat="44.15816" lon="-73.67481">
        <ele>855.1</ele>
        <time>2026-07-05T19:37:19Z</time>
      </trkpt>
      <trkpt lat="44.15816" lon="-73.6748">
        <ele>854.78</ele>
        <time>2026-07-05T19:37:21Z</time>
      </trkpt>
      <trkpt lat="44.15816" lon="-73.67478">
        <ele>854.13</ele>
        <time>2026-07-05T19:37:23Z</time>
      </trkpt>
      <trkpt lat="44.15814" lon="-73.67475">
        <ele>852.72</ele>
        <time>2026-07-05T19:37:29Z</time>
      </trkpt>
      <trkpt lat="44.15814" lon="-73.67474">
        <ele>852.4</ele>
        <time>2026-07-05T19:37:30Z</time>
      </trkpt>
      <trkpt lat="44.15812" lon="-73.67474">
        <ele>851.97</ele>
        <time>2026-07-05T19:37:34Z</time>
      </trkpt>
      <trkpt lat="44.15811" lon="-73.67473">
        <ele>851.43</ele>
        <time>2026-07-05T19:37:37Z</time>
      </trkpt>
      <trkpt lat="44.1581" lon="-73.67472">
        <ele>850.91</ele>
        <time>2026-07-05T19:37:41Z</time>
      </trkpt>
      <trkpt lat="44.15807" lon="-73.6747">
        <ele>849.83</ele>
        <time>2026-07-05T19:37:46Z</time>
      </trkpt>
      <trkpt lat="44.15807" lon="-73.6747">
        <ele>849.83</ele>
        <time>2026-07-05T19:37:48Z</time>
      </trkpt>
      <trkpt lat="44.15806" lon="-73.67469">
        <ele>849.4</ele>
        <time>2026-07-05T19:37:54Z</time>
      </trkpt>
      <trkpt lat="44.15805" lon="-73.67469">
        <ele>849.26</ele>
        <time>2026-07-05T19:37:55Z</time>
      </trkpt>
      <trkpt lat="44.15802" lon="-73.67469">
        <ele>849.05</ele>
        <time>2026-07-05T19:37:59Z</time>
      </trkpt>
      <trkpt lat="44.158" lon="-73.67468">
        <ele>848.76</ele>
        <time>2026-07-05T19:38:04Z</time>
      </trkpt>
      <trkpt lat="44.158" lon="-73.67467">
        <ele>848.61</ele>
        <time>2026-07-05T19:38:06Z</time>
      </trkpt>
      <trkpt lat="44.158" lon="-73.67463">
        <ele>848.01</ele>
        <time>2026-07-05T19:38:13Z</time>
      </trkpt>
      <trkpt lat="44.158" lon="-73.67458">
        <ele>847.46</ele>
        <time>2026-07-05T19:38:21Z</time>
      </trkpt>
      <trkpt lat="44.158" lon="-73.67457">
        <ele>847.36</ele>
        <time>2026-07-05T19:38:22Z</time>
      </trkpt>
      <trkpt lat="44.15802" lon="-73.67448">
        <ele>846.62</ele>
        <time>2026-07-05T19:38:33Z</time>
      </trkpt>
      <trkpt lat="44.15802" lon="-73.67447">
        <ele>846.55</ele>
        <time>2026-07-05T19:38:35Z</time>
      </trkpt>
      <trkpt lat="44.15801" lon="-73.67442">
        <ele>846.36</ele>
        <time>2026-07-05T19:38:43Z</time>
      </trkpt>
      <trkpt lat="44.15801" lon="-73.67434">
        <ele>846.05</ele>
        <time>2026-07-05T19:38:52Z</time>
      </trkpt>
      <trkpt lat="44.15801" lon="-73.67433">
        <ele>846.1</ele>
        <time>2026-07-05T19:38:53Z</time>
      </trkpt>
      <trkpt lat="44.158" lon="-73.67426">
        <ele>846.8</ele>
        <time>2026-07-05T19:39:00Z</time>
      </trkpt>
      <trkpt lat="44.15801" lon="-73.67414">
        <ele>846.62</ele>
        <time>2026-07-05T19:39:08Z</time>
      </trkpt>
      <trkpt lat="44.15801" lon="-73.67408">
        <ele>846.94</ele>
        <time>2026-07-05T19:39:13Z</time>
      </trkpt>
      <trkpt lat="44.15801" lon="-73.67406">
        <ele>846.97</ele>
        <time>2026-07-05T19:39:15Z</time>
      </trkpt>
      <trkpt lat="44.15803" lon="-73.67399">
        <ele>846.1</ele>
        <time>2026-07-05T19:39:23Z</time>
      </trkpt>
      <trkpt lat="44.15805" lon="-73.67397">
        <ele>845.23</ele>
        <time>2026-07-05T19:39:26Z</time>
      </trkpt>
      <trkpt lat="44.15808" lon="-73.6739">
        <ele>844.21</ele>
        <time>2026-07-05T19:39:32Z</time>
      </trkpt>
      <trkpt lat="44.15809" lon="-73.67386">
        <ele>843.88</ele>
        <time>2026-07-05T19:39:36Z</time>
      </trkpt>
      <trkpt lat="44.15814" lon="-73.67378">
        <ele>842.09</ele>
        <time>2026-07-05T19:39:45Z</time>
      </trkpt>
      <trkpt lat="44.15819" lon="-73.67369">
        <ele>840.18</ele>
        <time>2026-07-05T19:39:54Z</time>
      </trkpt>
      <trkpt lat="44.15821" lon="-73.67364">
        <ele>839.89</ele>
        <time>2026-07-05T19:40:00Z</time>
      </trkpt>
      <trkpt lat="44.15824" lon="-73.67358">
        <ele>839.36</ele>
        <time>2026-07-05T19:40:05Z</time>
      </trkpt>
      <trkpt lat="44.15827" lon="-73.67344">
        <ele>840.22</ele>
        <time>2026-07-05T19:40:14Z</time>
      </trkpt>
      <trkpt lat="44.15829" lon="-73.67339">
        <ele>840.32</ele>
        <time>2026-07-05T19:40:21Z</time>
      </trkpt>
      <trkpt lat="44.1583" lon="-73.67337">
        <ele>840.32</ele>
        <time>2026-07-05T19:40:23Z</time>
      </trkpt>
      <trkpt lat="44.15833" lon="-73.67324">
        <ele>841.08</ele>
        <time>2026-07-05T19:40:32Z</time>
      </trkpt>
      <trkpt lat="44.15837" lon="-73.67318">
        <ele>840.86</ele>
        <time>2026-07-05T19:40:40Z</time>
      </trkpt>
      <trkpt lat="44.15839" lon="-73.67306">
        <ele>841.73</ele>
        <time>2026-07-05T19:40:49Z</time>
      </trkpt>
      <trkpt lat="44.1584" lon="-73.67296">
        <ele>842.56</ele>
        <time>2026-07-05T19:40:58Z</time>
      </trkpt>
      <trkpt lat="44.15838" lon="-73.67285">
        <ele>843.21</ele>
        <time>2026-07-05T19:41:06Z</time>
      </trkpt>
      <trkpt lat="44.15839" lon="-73.67284">
        <ele>843.1</ele>
        <time>2026-07-05T19:41:07Z</time>
      </trkpt>
      <trkpt lat="44.15839" lon="-73.67276">
        <ele>843.78</ele>
        <time>2026-07-05T19:41:14Z</time>
      </trkpt>
      <trkpt lat="44.15838" lon="-73.67274">
        <ele>843.99</ele>
        <time>2026-07-05T19:41:17Z</time>
      </trkpt>
      <trkpt lat="44.15836" lon="-73.6727">
        <ele>844.42</ele>
        <time>2026-07-05T19:41:22Z</time>
      </trkpt>
      <trkpt lat="44.15835" lon="-73.67269">
        <ele>844.64</ele>
        <time>2026-07-05T19:41:23Z</time>
      </trkpt>
      <trkpt lat="44.15834" lon="-73.67264">
        <ele>845.34</ele>
        <time>2026-07-05T19:41:29Z</time>
      </trkpt>
      <trkpt lat="44.15834" lon="-73.67262">
        <ele>845.56</ele>
        <time>2026-07-05T19:41:31Z</time>
      </trkpt>
      <trkpt lat="44.15833" lon="-73.67259">
        <ele>846.07</ele>
        <time>2026-07-05T19:41:34Z</time>
      </trkpt>
      <trkpt lat="44.15831" lon="-73.67256">
        <ele>846.5</ele>
        <time>2026-07-05T19:41:38Z</time>
      </trkpt>
      <trkpt lat="44.15829" lon="-73.67252">
        <ele>846.94</ele>
        <time>2026-07-05T19:41:44Z</time>
      </trkpt>
      <trkpt lat="44.15828" lon="-73.67252">
        <ele>847.15</ele>
        <time>2026-07-05T19:41:45Z</time>
      </trkpt>
      <trkpt lat="44.15826" lon="-73.67246">
        <ele>847.93</ele>
        <time>2026-07-05T19:41:53Z</time>
      </trkpt>
      <trkpt lat="44.15826" lon="-73.67246">
        <ele>847.93</ele>
        <time>2026-07-05T19:41:54Z</time>
      </trkpt>
      <trkpt lat="44.15824" lon="-73.67241">
        <ele>848.99</ele>
        <time>2026-07-05T19:42:00Z</time>
      </trkpt>
      <trkpt lat="44.15822" lon="-73.6724">
        <ele>849.47</ele>
        <time>2026-07-05T19:42:04Z</time>
      </trkpt>
      <trkpt lat="44.15821" lon="-73.67239">
        <ele>849.73</ele>
        <time>2026-07-05T19:42:07Z</time>
      </trkpt>
      <trkpt lat="44.15821" lon="-73.67238">
        <ele>849.76</ele>
        <time>2026-07-05T19:42:13Z</time>
      </trkpt>
      <trkpt lat="44.15819" lon="-73.67237">
        <ele>850.32</ele>
        <time>2026-07-05T19:42:28Z</time>
      </trkpt>
      <trkpt lat="44.15817" lon="-73.67236">
        <ele>850.92</ele>
        <time>2026-07-05T19:42:34Z</time>
      </trkpt>
      <trkpt lat="44.15817" lon="-73.67235">
        <ele>851.0</ele>
        <time>2026-07-05T19:42:36Z</time>
      </trkpt>
      <trkpt lat="44.15818" lon="-73.67236">
        <ele>850.65</ele>
        <time>2026-07-05T19:42:39Z</time>
      </trkpt>
      <trkpt lat="44.15818" lon="-73.67241">
        <ele>850.3</ele>
        <time>2026-07-05T19:42:46Z</time>
      </trkpt>
      <trkpt lat="44.15816" lon="-73.67233">
        <ele>851.47</ele>
        <time>2026-07-05T19:42:56Z</time>
      </trkpt>
      <trkpt lat="44.15816" lon="-73.67232">
        <ele>851.57</ele>
        <time>2026-07-05T19:42:57Z</time>
      </trkpt>
      <trkpt lat="44.15815" lon="-73.67229">
        <ele>852.21</ele>
        <time>2026-07-05T19:43:03Z</time>
      </trkpt>
      <trkpt lat="44.15812" lon="-73.67227">
        <ele>853.55</ele>
        <time>2026-07-05T19:43:09Z</time>
      </trkpt>
      <trkpt lat="44.15811" lon="-73.67227">
        <ele>853.93</ele>
        <time>2026-07-05T19:43:10Z</time>
      </trkpt>
      <trkpt lat="44.15809" lon="-73.67226">
        <ele>854.73</ele>
        <time>2026-07-05T19:43:14Z</time>
      </trkpt>
      <trkpt lat="44.15808" lon="-73.67225">
        <ele>855.13</ele>
        <time>2026-07-05T19:43:17Z</time>
      </trkpt>
      <trkpt lat="44.15807" lon="-73.67222">
        <ele>855.56</ele>
        <time>2026-07-05T19:43:20Z</time>
      </trkpt>
      <trkpt lat="44.15807" lon="-73.67222">
        <ele>855.56</ele>
        <time>2026-07-05T19:43:23Z</time>
      </trkpt>
      <trkpt lat="44.15807" lon="-73.67221">
        <ele>855.66</ele>
        <time>2026-07-05T19:43:25Z</time>
      </trkpt>
      <trkpt lat="44.15807" lon="-73.67221">
        <ele>855.66</ele>
        <time>2026-07-05T19:43:28Z</time>
      </trkpt>
      <trkpt lat="44.15807" lon="-73.67223">
        <ele>855.52</ele>
        <time>2026-07-05T19:43:46Z</time>
      </trkpt>
      <trkpt lat="44.15806" lon="-73.67222">
        <ele>855.88</ele>
        <time>2026-07-05T19:43:53Z</time>
      </trkpt>
      <trkpt lat="44.15807" lon="-73.67224">
        <ele>855.5</ele>
        <time>2026-07-05T19:43:56Z</time>
      </trkpt>
      <trkpt lat="44.15807" lon="-73.67223">
        <ele>855.52</ele>
        <time>2026-07-05T19:43:59Z</time>
      </trkpt>
      <trkpt lat="44.15806" lon="-73.67223">
        <ele>855.85</ele>
        <time>2026-07-05T19:44:03Z</time>
      </trkpt>
      <trkpt lat="44.15806" lon="-73.67223">
        <ele>855.85</ele>
        <time>2026-07-05T19:44:08Z</time>
      </trkpt>
      <trkpt lat="44.15806" lon="-73.67221">
        <ele>855.99</ele>
        <time>2026-07-05T19:44:20Z</time>
      </trkpt>
      <trkpt lat="44.15805" lon="-73.6722">
        <ele>856.48</ele>
        <time>2026-07-05T19:44:23Z</time>
      </trkpt>
      <trkpt lat="44.15805" lon="-73.67219">
        <ele>856.59</ele>
        <time>2026-07-05T19:44:26Z</time>
      </trkpt>
      <trkpt lat="44.15803" lon="-73.67215">
        <ele>857.88</ele>
        <time>2026-07-05T19:44:31Z</time>
      </trkpt>
      <trkpt lat="44.15803" lon="-73.67214">
        <ele>857.99</ele>
        <time>2026-07-05T19:44:32Z</time>
      </trkpt>
      <trkpt lat="44.15802" lon="-73.67214">
        <ele>858.42</ele>
        <time>2026-07-05T19:44:34Z</time>
      </trkpt>
      <trkpt lat="44.15801" lon="-73.67211">
        <ele>859.39</ele>
        <time>2026-07-05T19:44:38Z</time>
      </trkpt>
      <trkpt lat="44.158" lon="-73.6721">
        <ele>860.04</ele>
        <time>2026-07-05T19:44:41Z</time>
      </trkpt>
      <trkpt lat="44.15798" lon="-73.67207">
        <ele>861.55</ele>
        <time>2026-07-05T19:44:45Z</time>
      </trkpt>
      <trkpt lat="44.15798" lon="-73.67207">
        <ele>861.55</ele>
        <time>2026-07-05T19:44:46Z</time>
      </trkpt>
      <trkpt lat="44.15798" lon="-73.67207">
        <ele>861.55</ele>
        <time>2026-07-05T19:44:47Z</time>
      </trkpt>
      <trkpt lat="44.15796" lon="-73.67204">
        <ele>863.06</ele>
        <time>2026-07-05T19:44:53Z</time>
      </trkpt>
      <trkpt lat="44.15795" lon="-73.67202">
        <ele>863.93</ele>
        <time>2026-07-05T19:44:58Z</time>
      </trkpt>
      <trkpt lat="44.15794" lon="-73.672">
        <ele>864.79</ele>
        <time>2026-07-05T19:45:01Z</time>
      </trkpt>
      <trkpt lat="44.15792" lon="-73.67199">
        <ele>865.87</ele>
        <time>2026-07-05T19:45:04Z</time>
      </trkpt>
      <trkpt lat="44.15791" lon="-73.67199">
        <ele>866.3</ele>
        <time>2026-07-05T19:45:07Z</time>
      </trkpt>
      <trkpt lat="44.15791" lon="-73.67199">
        <ele>866.3</ele>
        <time>2026-07-05T19:45:08Z</time>
      </trkpt>
      <trkpt lat="44.15789" lon="-73.67198">
        <ele>867.38</ele>
        <time>2026-07-05T19:45:19Z</time>
      </trkpt>
      <trkpt lat="44.15788" lon="-73.67194">
        <ele>868.68</ele>
        <time>2026-07-05T19:45:34Z</time>
      </trkpt>
      <trkpt lat="44.15787" lon="-73.67194">
        <ele>869.11</ele>
        <time>2026-07-05T19:45:39Z</time>
      </trkpt>
      <trkpt lat="44.15787" lon="-73.67195">
        <ele>868.9</ele>
        <time>2026-07-05T19:45:40Z</time>
      </trkpt>
      <trkpt lat="44.15786" lon="-73.67195">
        <ele>869.33</ele>
        <time>2026-07-05T19:45:44Z</time>
      </trkpt>
      <trkpt lat="44.15784" lon="-73.67195">
        <ele>870.19</ele>
        <time>2026-07-05T19:45:51Z</time>
      </trkpt>
      <trkpt lat="44.15785" lon="-73.67196">
        <ele>869.54</ele>
        <time>2026-07-05T19:45:55Z</time>
      </trkpt>
      <trkpt lat="44.15782" lon="-73.67192">
        <ele>871.85</ele>
        <time>2026-07-05T19:46:03Z</time>
      </trkpt>
      <trkpt lat="44.15781" lon="-73.67191">
        <ele>872.59</ele>
        <time>2026-07-05T19:46:05Z</time>
      </trkpt>
      <trkpt lat="44.15778" lon="-73.67192">
        <ele>873.69</ele>
        <time>2026-07-05T19:46:11Z</time>
      </trkpt>
      <trkpt lat="44.15777" lon="-73.67193">
        <ele>873.89</ele>
        <time>2026-07-05T19:46:15Z</time>
      </trkpt>
      <trkpt lat="44.15778" lon="-73.67192">
        <ele>873.69</ele>
        <time>2026-07-05T19:46:25Z</time>
      </trkpt>
      <trkpt lat="44.15777" lon="-73.67192">
        <ele>874.21</ele>
        <time>2026-07-05T19:46:28Z</time>
      </trkpt>
      <trkpt lat="44.15776" lon="-73.67191">
        <ele>875.08</ele>
        <time>2026-07-05T19:46:31Z</time>
      </trkpt>
      <trkpt lat="44.15774" lon="-73.6719">
        <ele>876.48</ele>
        <time>2026-07-05T19:46:35Z</time>
      </trkpt>
      <trkpt lat="44.15774" lon="-73.6719">
        <ele>876.48</ele>
        <time>2026-07-05T19:46:40Z</time>
      </trkpt>
      <trkpt lat="44.15773" lon="-73.67189">
        <ele>877.34</ele>
        <time>2026-07-05T19:46:42Z</time>
      </trkpt>
      <trkpt lat="44.15773" lon="-73.67189">
        <ele>877.34</ele>
        <time>2026-07-05T19:46:43Z</time>
      </trkpt>
      <trkpt lat="44.15772" lon="-73.67188">
        <ele>878.21</ele>
        <time>2026-07-05T19:46:45Z</time>
      </trkpt>
      <trkpt lat="44.15771" lon="-73.67186">
        <ele>879.4</ele>
        <time>2026-07-05T19:46:48Z</time>
      </trkpt>
      <trkpt lat="44.1577" lon="-73.67185">
        <ele>880.28</ele>
        <time>2026-07-05T19:46:50Z</time>
      </trkpt>
      <trkpt lat="44.15769" lon="-73.67184">
        <ele>881.25</ele>
        <time>2026-07-05T19:46:55Z</time>
      </trkpt>
      <trkpt lat="44.15768" lon="-73.67184">
        <ele>881.85</ele>
        <time>2026-07-05T19:46:56Z</time>
      </trkpt>
      <trkpt lat="44.15768" lon="-73.67182">
        <ele>882.71</ele>
        <time>2026-07-05T19:47:02Z</time>
      </trkpt>
      <trkpt lat="44.15768" lon="-73.67182">
        <ele>882.71</ele>
        <time>2026-07-05T19:47:03Z</time>
      </trkpt>
      <trkpt lat="44.15767" lon="-73.67181">
        <ele>883.79</ele>
        <time>2026-07-05T19:47:06Z</time>
      </trkpt>
      <trkpt lat="44.15767" lon="-73.6718">
        <ele>884.22</ele>
        <time>2026-07-05T19:47:11Z</time>
      </trkpt>
      <trkpt lat="44.15766" lon="-73.6718">
        <ele>884.87</ele>
        <time>2026-07-05T19:47:17Z</time>
      </trkpt>
      <trkpt lat="44.15767" lon="-73.67179">
        <ele>884.66</ele>
        <time>2026-07-05T19:47:21Z</time>
      </trkpt>
      <trkpt lat="44.15766" lon="-73.67177">
        <ele>886.17</ele>
        <time>2026-07-05T19:47:57Z</time>
      </trkpt>
      <trkpt lat="44.15767" lon="-73.67175">
        <ele>886.47</ele>
        <time>2026-07-05T19:48:00Z</time>
      </trkpt>
      <trkpt lat="44.15768" lon="-73.67173">
        <ele>886.9</ele>
        <time>2026-07-05T19:48:03Z</time>
      </trkpt>
      <trkpt lat="44.15768" lon="-73.67173">
        <ele>886.9</ele>
        <time>2026-07-05T19:48:06Z</time>
      </trkpt>
      <trkpt lat="44.15769" lon="-73.67168">
        <ele>888.92</ele>
        <time>2026-07-05T19:48:13Z</time>
      </trkpt>
      <trkpt lat="44.15769" lon="-73.67166">
        <ele>889.85</ele>
        <time>2026-07-05T19:48:16Z</time>
      </trkpt>
      <trkpt lat="44.15771" lon="-73.67158">
        <ele>890.93</ele>
        <time>2026-07-05T19:48:25Z</time>
      </trkpt>
      <trkpt lat="44.15771" lon="-73.67157">
        <ele>891.26</ele>
        <time>2026-07-05T19:48:28Z</time>
      </trkpt>
      <trkpt lat="44.15772" lon="-73.67154">
        <ele>891.47</ele>
        <time>2026-07-05T19:48:31Z</time>
      </trkpt>
      <trkpt lat="44.15773" lon="-73.67151">
        <ele>891.69</ele>
        <time>2026-07-05T19:48:36Z</time>
      </trkpt>
      <trkpt lat="44.15774" lon="-73.6715">
        <ele>891.26</ele>
        <time>2026-07-05T19:48:39Z</time>
      </trkpt>
      <trkpt lat="44.15774" lon="-73.67147">
        <ele>892.05</ele>
        <time>2026-07-05T19:48:43Z</time>
      </trkpt>
      <trkpt lat="44.15773" lon="-73.67146">
        <ele>892.96</ele>
        <time>2026-07-05T19:48:47Z</time>
      </trkpt>
      <trkpt lat="44.15773" lon="-73.67148">
        <ele>892.64</ele>
        <time>2026-07-05T19:48:56Z</time>
      </trkpt>
      <trkpt lat="44.15772" lon="-73.67146">
        <ele>893.69</ele>
        <time>2026-07-05T19:49:12Z</time>
      </trkpt>
      <trkpt lat="44.15772" lon="-73.67146">
        <ele>893.69</ele>
        <time>2026-07-05T19:49:13Z</time>
      </trkpt>
      <trkpt lat="44.15772" lon="-73.67148">
        <ele>893.39</ele>
        <time>2026-07-05T19:49:21Z</time>
      </trkpt>
      <trkpt lat="44.15772" lon="-73.67147">
        <ele>893.54</ele>
        <time>2026-07-05T19:49:25Z</time>
      </trkpt>
      <trkpt lat="44.15772" lon="-73.67147">
        <ele>893.54</ele>
        <time>2026-07-05T19:49:26Z</time>
      </trkpt>
      <trkpt lat="44.15773" lon="-73.67147">
        <ele>892.8</ele>
        <time>2026-07-05T19:49:34Z</time>
      </trkpt>
      <trkpt lat="44.15773" lon="-73.67147">
        <ele>892.8</ele>
        <time>2026-07-05T19:49:38Z</time>
      </trkpt>
      <trkpt lat="44.15772" lon="-73.67147">
        <ele>893.54</ele>
        <time>2026-07-05T19:49:44Z</time>
      </trkpt>
      <trkpt lat="44.15772" lon="-73.67147">
        <ele>893.54</ele>
        <time>2026-07-05T19:49:47Z</time>
      </trkpt>
      <trkpt lat="44.15773" lon="-73.67148">
        <ele>892.64</ele>
        <time>2026-07-05T19:49:51Z</time>
      </trkpt>
      <trkpt lat="44.15773" lon="-73.67145">
        <ele>893.12</ele>
        <time>2026-07-05T19:50:35Z</time>
      </trkpt>
      <trkpt lat="44.15772" lon="-73.6714">
        <ele>894.58</ele>
        <time>2026-07-05T19:50:43Z</time>
      </trkpt>
      <trkpt lat="44.15772" lon="-73.67139">
        <ele>894.73</ele>
        <time>2026-07-05T19:50:44Z</time>
      </trkpt>
      <trkpt lat="44.15772" lon="-73.67137">
        <ele>895.08</ele>
        <time>2026-07-05T19:50:47Z</time>
      </trkpt>
      <trkpt lat="44.15772" lon="-73.67136">
        <ele>895.25</ele>
        <time>2026-07-05T19:50:49Z</time>
      </trkpt>
      <trkpt lat="44.15771" lon="-73.67134">
        <ele>896.31</ele>
        <time>2026-07-05T19:50:52Z</time>
      </trkpt>
      <trkpt lat="44.15771" lon="-73.67133">
        <ele>896.49</ele>
        <time>2026-07-05T19:50:54Z</time>
      </trkpt>
      <trkpt lat="44.15769" lon="-73.67132">
        <ele>898.14</ele>
        <time>2026-07-05T19:50:58Z</time>
      </trkpt>
      <trkpt lat="44.1577" lon="-73.67131">
        <ele>897.61</ele>
        <time>2026-07-05T19:50:59Z</time>
      </trkpt>
      <trkpt lat="44.15769" lon="-73.67131">
        <ele>898.35</ele>
        <time>2026-07-05T19:51:00Z</time>
      </trkpt>
      <trkpt lat="44.15768" lon="-73.6713">
        <ele>899.15</ele>
        <time>2026-07-05T19:51:04Z</time>
      </trkpt>
      <trkpt lat="44.15767" lon="-73.67128">
        <ele>899.83</ele>
        <time>2026-07-05T19:51:07Z</time>
      </trkpt>
      <trkpt lat="44.15766" lon="-73.67127">
        <ele>900.37</ele>
        <time>2026-07-05T19:51:09Z</time>
      </trkpt>
      <trkpt lat="44.15766" lon="-73.67125">
        <ele>900.59</ele>
        <time>2026-07-05T19:51:14Z</time>
      </trkpt>
      <trkpt lat="44.15766" lon="-73.67125">
        <ele>900.59</ele>
        <time>2026-07-05T19:51:16Z</time>
      </trkpt>
      <trkpt lat="44.15766" lon="-73.67124">
        <ele>900.7</ele>
        <time>2026-07-05T19:51:17Z</time>
      </trkpt>
      <trkpt lat="44.15765" lon="-73.67121">
        <ele>901.45</ele>
        <time>2026-07-05T19:51:22Z</time>
      </trkpt>
      <trkpt lat="44.15764" lon="-73.6712">
        <ele>902.01</ele>
        <time>2026-07-05T19:51:24Z</time>
      </trkpt>
      <trkpt lat="44.15764" lon="-73.67117">
        <ele>902.5</ele>
        <time>2026-07-05T19:51:32Z</time>
      </trkpt>
      <trkpt lat="44.15764" lon="-73.67118">
        <ele>902.34</ele>
        <time>2026-07-05T19:51:33Z</time>
      </trkpt>
      <trkpt lat="44.15764" lon="-73.67118">
        <ele>902.34</ele>
        <time>2026-07-05T19:51:43Z</time>
      </trkpt>
      <trkpt lat="44.15763" lon="-73.67118">
        <ele>902.74</ele>
        <time>2026-07-05T19:51:53Z</time>
      </trkpt>
      <trkpt lat="44.1576" lon="-73.67116">
        <ele>904.19</ele>
        <time>2026-07-05T19:52:01Z</time>
      </trkpt>
      <trkpt lat="44.15759" lon="-73.67113">
        <ele>904.86</ele>
        <time>2026-07-05T19:52:08Z</time>
      </trkpt>
      <trkpt lat="44.15758" lon="-73.67113">
        <ele>905.1</ele>
        <time>2026-07-05T19:52:11Z</time>
      </trkpt>
      <trkpt lat="44.15756" lon="-73.67111">
        <ele>905.71</ele>
        <time>2026-07-05T19:52:16Z</time>
      </trkpt>
      <trkpt lat="44.15755" lon="-73.6711">
        <ele>905.98</ele>
        <time>2026-07-05T19:52:19Z</time>
      </trkpt>
      <trkpt lat="44.15755" lon="-73.67108">
        <ele>906.1</ele>
        <time>2026-07-05T19:52:20Z</time>
      </trkpt>
      <trkpt lat="44.15754" lon="-73.67106">
        <ele>906.37</ele>
        <time>2026-07-05T19:52:24Z</time>
      </trkpt>
      <trkpt lat="44.15751" lon="-73.67104">
        <ele>906.87</ele>
        <time>2026-07-05T19:52:30Z</time>
      </trkpt>
      <trkpt lat="44.1575" lon="-73.67098">
        <ele>906.58</ele>
        <time>2026-07-05T19:52:36Z</time>
      </trkpt>
      <trkpt lat="44.1575" lon="-73.67096">
        <ele>906.37</ele>
        <time>2026-07-05T19:52:38Z</time>
      </trkpt>
      <trkpt lat="44.1575" lon="-73.67095">
        <ele>906.26</ele>
        <time>2026-07-05T19:52:39Z</time>
      </trkpt>
      <trkpt lat="44.15753" lon="-73.67087">
        <ele>904.99</ele>
        <time>2026-07-05T19:52:48Z</time>
      </trkpt>
      <trkpt lat="44.15753" lon="-73.67086">
        <ele>904.81</ele>
        <time>2026-07-05T19:52:49Z</time>
      </trkpt>
      <trkpt lat="44.15753" lon="-73.67087">
        <ele>904.99</ele>
        <time>2026-07-05T19:52:55Z</time>
      </trkpt>
      <trkpt lat="44.15753" lon="-73.67086">
        <ele>904.81</ele>
        <time>2026-07-05T19:53:15Z</time>
      </trkpt>
      <trkpt lat="44.15755" lon="-73.67079">
        <ele>904.07</ele>
        <time>2026-07-05T19:53:21Z</time>
      </trkpt>
      <trkpt lat="44.15755" lon="-73.67077">
        <ele>903.86</ele>
        <time>2026-07-05T19:53:23Z</time>
      </trkpt>
      <trkpt lat="44.15755" lon="-73.67076">
        <ele>903.75</ele>
        <time>2026-07-05T19:53:24Z</time>
      </trkpt>
      <trkpt lat="44.15756" lon="-73.67075">
        <ele>903.75</ele>
        <time>2026-07-05T19:53:26Z</time>
      </trkpt>
      <trkpt lat="44.15755" lon="-73.67073">
        <ele>903.49</ele>
        <time>2026-07-05T19:53:28Z</time>
      </trkpt>
      <trkpt lat="44.15755" lon="-73.67071">
        <ele>903.39</ele>
        <time>2026-07-05T19:53:30Z</time>
      </trkpt>
      <trkpt lat="44.15755" lon="-73.67062">
        <ele>902.92</ele>
        <time>2026-07-05T19:53:38Z</time>
      </trkpt>
      <trkpt lat="44.15755" lon="-73.67061">
        <ele>902.86</ele>
        <time>2026-07-05T19:53:39Z</time>
      </trkpt>
      <trkpt lat="44.15753" lon="-73.67056">
        <ele>902.34</ele>
        <time>2026-07-05T19:53:45Z</time>
      </trkpt>
      <trkpt lat="44.15752" lon="-73.67052">
        <ele>902.22</ele>
        <time>2026-07-05T19:53:52Z</time>
      </trkpt>
      <trkpt lat="44.15752" lon="-73.67041">
        <ele>902.66</ele>
        <time>2026-07-05T19:54:01Z</time>
      </trkpt>
      <trkpt lat="44.1575" lon="-73.6704">
        <ele>902.68</ele>
        <time>2026-07-05T19:54:09Z</time>
      </trkpt>
      <trkpt lat="44.1575" lon="-73.6704">
        <ele>902.68</ele>
        <time>2026-07-05T19:54:27Z</time>
      </trkpt>
      <trkpt lat="44.15753" lon="-73.67037">
        <ele>903.0</ele>
        <time>2026-07-05T19:54:40Z</time>
      </trkpt>
      <trkpt lat="44.15755" lon="-73.67036">
        <ele>903.05</ele>
        <time>2026-07-05T19:54:41Z</time>
      </trkpt>
      <trkpt lat="44.15759" lon="-73.67032">
        <ele>903.02</ele>
        <time>2026-07-05T19:54:47Z</time>
      </trkpt>
      <trkpt lat="44.1576" lon="-73.6703">
        <ele>902.94</ele>
        <time>2026-07-05T19:54:49Z</time>
      </trkpt>
      <trkpt lat="44.15761" lon="-73.67028">
        <ele>902.82</ele>
        <time>2026-07-05T19:54:53Z</time>
      </trkpt>
      <trkpt lat="44.15761" lon="-73.67028">
        <ele>902.82</ele>
        <time>2026-07-05T19:54:55Z</time>
      </trkpt>
      <trkpt lat="44.15762" lon="-73.67025">
        <ele>902.32</ele>
        <time>2026-07-05T19:55:03Z</time>
      </trkpt>
      <trkpt lat="44.15763" lon="-73.67023">
        <ele>901.87</ele>
        <time>2026-07-05T19:55:05Z</time>
      </trkpt>
      <trkpt lat="44.15766" lon="-73.6702">
        <ele>900.82</ele>
        <time>2026-07-05T19:55:10Z</time>
      </trkpt>
      <trkpt lat="44.15767" lon="-73.6702">
        <ele>900.62</ele>
        <time>2026-07-05T19:55:11Z</time>
      </trkpt>
      <trkpt lat="44.1577" lon="-73.6702">
        <ele>900.0</ele>
        <time>2026-07-05T19:55:16Z</time>
      </trkpt>
      <trkpt lat="44.15772" lon="-73.6702">
        <ele>899.57</ele>
        <time>2026-07-05T19:55:18Z</time>
      </trkpt>
      <trkpt lat="44.15775" lon="-73.67019">
        <ele>898.7</ele>
        <time>2026-07-05T19:55:23Z</time>
      </trkpt>
      <trkpt lat="44.15776" lon="-73.67018">
        <ele>898.21</ele>
        <time>2026-07-05T19:55:25Z</time>
      </trkpt>
      <trkpt lat="44.15779" lon="-73.67018">
        <ele>897.83</ele>
        <time>2026-07-05T19:55:29Z</time>
      </trkpt>
      <trkpt lat="44.15782" lon="-73.67019">
        <ele>898.08</ele>
        <time>2026-07-05T19:55:34Z</time>
      </trkpt>
      <trkpt lat="44.15783" lon="-73.6702">
        <ele>898.23</ele>
        <time>2026-07-05T19:55:36Z</time>
      </trkpt>
      <trkpt lat="44.15786" lon="-73.6702">
        <ele>898.18</ele>
        <time>2026-07-05T19:55:40Z</time>
      </trkpt>
      <trkpt lat="44.15788" lon="-73.67017">
        <ele>897.66</ele>
        <time>2026-07-05T19:55:43Z</time>
      </trkpt>
      <trkpt lat="44.15797" lon="-73.67011">
        <ele>899.06</ele>
        <time>2026-07-05T19:55:51Z</time>
      </trkpt>
      <trkpt lat="44.15798" lon="-73.67003">
        <ele>898.21</ele>
        <time>2026-07-05T19:55:57Z</time>
      </trkpt>
      <trkpt lat="44.15797" lon="-73.67001">
        <ele>897.5</ele>
        <time>2026-07-05T19:56:01Z</time>
      </trkpt>
      <trkpt lat="44.15798" lon="-73.66997">
        <ele>897.47</ele>
        <time>2026-07-05T19:56:04Z</time>
      </trkpt>
      <trkpt lat="44.15799" lon="-73.66996">
        <ele>897.86</ele>
        <time>2026-07-05T19:56:05Z</time>
      </trkpt>
      <trkpt lat="44.15803" lon="-73.66994">
        <ele>899.72</ele>
        <time>2026-07-05T19:56:08Z</time>
      </trkpt>
      <trkpt lat="44.15803" lon="-73.66993">
        <ele>899.69</ele>
        <time>2026-07-05T19:56:10Z</time>
      </trkpt>
      <trkpt lat="44.15806" lon="-73.66986">
        <ele>901.19</ele>
        <time>2026-07-05T19:56:15Z</time>
      </trkpt>
      <trkpt lat="44.15811" lon="-73.66979">
        <ele>902.97</ele>
        <time>2026-07-05T19:56:24Z</time>
      </trkpt>
      <trkpt lat="44.15812" lon="-73.66978">
        <ele>903.29</ele>
        <time>2026-07-05T19:56:25Z</time>
      </trkpt>
      <trkpt lat="44.15813" lon="-73.66976">
        <ele>903.51</ele>
        <time>2026-07-05T19:56:30Z</time>
      </trkpt>
      <trkpt lat="44.15814" lon="-73.66975">
        <ele>903.89</ele>
        <time>2026-07-05T19:56:38Z</time>
      </trkpt>
      <trkpt lat="44.15817" lon="-73.66972">
        <ele>904.65</ele>
        <time>2026-07-05T19:56:45Z</time>
      </trkpt>
      <trkpt lat="44.15819" lon="-73.66971">
        <ele>905.08</ele>
        <time>2026-07-05T19:56:57Z</time>
      </trkpt>
      <trkpt lat="44.15823" lon="-73.66969">
        <ele>906.22</ele>
        <time>2026-07-05T19:57:03Z</time>
      </trkpt>
      <trkpt lat="44.15823" lon="-73.66967">
        <ele>905.96</ele>
        <time>2026-07-05T19:57:08Z</time>
      </trkpt>
      <trkpt lat="44.15824" lon="-73.66964">
        <ele>906.07</ele>
        <time>2026-07-05T19:57:10Z</time>
      </trkpt>
      <trkpt lat="44.15826" lon="-73.66954">
        <ele>904.68</ele>
        <time>2026-07-05T19:57:17Z</time>
      </trkpt>
      <trkpt lat="44.15829" lon="-73.66946">
        <ele>903.54</ele>
        <time>2026-07-05T19:57:25Z</time>
      </trkpt>
      <trkpt lat="44.15831" lon="-73.66941">
        <ele>903.15</ele>
        <time>2026-07-05T19:57:30Z</time>
      </trkpt>
      <trkpt lat="44.15836" lon="-73.66932">
        <ele>903.28</ele>
        <time>2026-07-05T19:57:38Z</time>
      </trkpt>
      <trkpt lat="44.1584" lon="-73.66924">
        <ele>903.35</ele>
        <time>2026-07-05T19:57:44Z</time>
      </trkpt>
      <trkpt lat="44.15842" lon="-73.66912">
        <ele>901.07</ele>
        <time>2026-07-05T19:57:52Z</time>
      </trkpt>
      <trkpt lat="44.15844" lon="-73.6691">
        <ele>901.41</ele>
        <time>2026-07-05T19:57:54Z</time>
      </trkpt>
      <trkpt lat="44.15846" lon="-73.66906">
        <ele>901.07</ele>
        <time>2026-07-05T19:57:58Z</time>
      </trkpt>
      <trkpt lat="44.15847" lon="-73.66901">
        <ele>900.16</ele>
        <time>2026-07-05T19:58:03Z</time>
      </trkpt>
      <trkpt lat="44.15848" lon="-73.66899">
        <ele>900.14</ele>
        <time>2026-07-05T19:58:05Z</time>
      </trkpt>
      <trkpt lat="44.15851" lon="-73.66894">
        <ele>900.11</ele>
        <time>2026-07-05T19:58:09Z</time>
      </trkpt>
      <trkpt lat="44.15852" lon="-73.6689">
        <ele>899.44</ele>
        <time>2026-07-05T19:58:12Z</time>
      </trkpt>
      <trkpt lat="44.15859" lon="-73.66885">
        <ele>901.92</ele>
        <time>2026-07-05T19:58:19Z</time>
      </trkpt>
      <trkpt lat="44.15865" lon="-73.66877">
        <ele>902.95</ele>
        <time>2026-07-05T19:58:28Z</time>
      </trkpt>
      <trkpt lat="44.1587" lon="-73.66868">
        <ele>903.01</ele>
        <time>2026-07-05T19:58:36Z</time>
      </trkpt>
      <trkpt lat="44.15873" lon="-73.66866">
        <ele>903.57</ele>
        <time>2026-07-05T19:58:44Z</time>
      </trkpt>
      <trkpt lat="44.15873" lon="-73.66866">
        <ele>903.57</ele>
        <time>2026-07-05T19:58:49Z</time>
      </trkpt>
      <trkpt lat="44.15875" lon="-73.66867">
        <ele>904.59</ele>
        <time>2026-07-05T19:59:04Z</time>
      </trkpt>
      <trkpt lat="44.15876" lon="-73.66867">
        <ele>904.95</ele>
        <time>2026-07-05T19:59:07Z</time>
      </trkpt>
      <trkpt lat="44.1588" lon="-73.66864">
        <ele>905.68</ele>
        <time>2026-07-05T19:59:12Z</time>
      </trkpt>
      <trkpt lat="44.15881" lon="-73.66863">
        <ele>905.64</ele>
        <time>2026-07-05T19:59:13Z</time>
      </trkpt>
      <trkpt lat="44.15884" lon="-73.6686">
        <ele>905.76</ele>
        <time>2026-07-05T19:59:16Z</time>
      </trkpt>
      <trkpt lat="44.15885" lon="-73.66859">
        <ele>905.84</ele>
        <time>2026-07-05T19:59:17Z</time>
      </trkpt>
      <trkpt lat="44.15891" lon="-73.66852">
        <ele>906.24</ele>
        <time>2026-07-05T19:59:24Z</time>
      </trkpt>
      <trkpt lat="44.15899" lon="-73.6684">
        <ele>906.77</ele>
        <time>2026-07-05T19:59:34Z</time>
      </trkpt>
      <trkpt lat="44.15899" lon="-73.66831">
        <ele>905.47</ele>
        <time>2026-07-05T19:59:42Z</time>
      </trkpt>
      <trkpt lat="44.15902" lon="-73.66821">
        <ele>903.42</ele>
        <time>2026-07-05T19:59:49Z</time>
      </trkpt>
      <trkpt lat="44.15902" lon="-73.66818">
        <ele>902.2</ele>
        <time>2026-07-05T19:59:52Z</time>
      </trkpt>
      <trkpt lat="44.15904" lon="-73.66815">
        <ele>902.49</ele>
        <time>2026-07-05T19:59:57Z</time>
      </trkpt>
      <trkpt lat="44.15908" lon="-73.66812">
        <ele>904.03</ele>
        <time>2026-07-05T20:00:03Z</time>
      </trkpt>
      <trkpt lat="44.15914" lon="-73.66808">
        <ele>905.76</ele>
        <time>2026-07-05T20:00:10Z</time>
      </trkpt>
      <trkpt lat="44.15922" lon="-73.66807">
        <ele>907.55</ele>
        <time>2026-07-05T20:00:19Z</time>
      </trkpt>
      <trkpt lat="44.1593" lon="-73.66807">
        <ele>907.4</ele>
        <time>2026-07-05T20:00:28Z</time>
      </trkpt>
      <trkpt lat="44.15933" lon="-73.66805">
        <ele>907.22</ele>
        <time>2026-07-05T20:00:39Z</time>
      </trkpt>
      <trkpt lat="44.15933" lon="-73.66804">
        <ele>907.2</ele>
        <time>2026-07-05T20:00:42Z</time>
      </trkpt>
      <trkpt lat="44.15934" lon="-73.668">
        <ele>907.05</ele>
        <time>2026-07-05T20:00:47Z</time>
      </trkpt>
      <trkpt lat="44.15935" lon="-73.66796">
        <ele>906.97</ele>
        <time>2026-07-05T20:00:51Z</time>
      </trkpt>
      <trkpt lat="44.15937" lon="-73.66793">
        <ele>906.32</ele>
        <time>2026-07-05T20:00:54Z</time>
      </trkpt>
      <trkpt lat="44.15943" lon="-73.66786">
        <ele>905.01</ele>
        <time>2026-07-05T20:01:03Z</time>
      </trkpt>
      <trkpt lat="44.15947" lon="-73.66784">
        <ele>904.12</ele>
        <time>2026-07-05T20:01:07Z</time>
      </trkpt>
      <trkpt lat="44.15949" lon="-73.66781">
        <ele>903.36</ele>
        <time>2026-07-05T20:01:10Z</time>
      </trkpt>
      <trkpt lat="44.1595" lon="-73.66775">
        <ele>901.96</ele>
        <time>2026-07-05T20:01:15Z</time>
      </trkpt>
      <trkpt lat="44.1595" lon="-73.66771">
        <ele>900.75</ele>
        <time>2026-07-05T20:01:17Z</time>
      </trkpt>
      <trkpt lat="44.15949" lon="-73.66763">
        <ele>897.61</ele>
        <time>2026-07-05T20:01:26Z</time>
      </trkpt>
      <trkpt lat="44.1595" lon="-73.66758">
        <ele>895.74</ele>
        <time>2026-07-05T20:01:30Z</time>
      </trkpt>
      <trkpt lat="44.15953" lon="-73.66754">
        <ele>895.1</ele>
        <time>2026-07-05T20:01:34Z</time>
      </trkpt>
      <trkpt lat="44.15955" lon="-73.66752">
        <ele>894.9</ele>
        <time>2026-07-05T20:01:35Z</time>
      </trkpt>
      <trkpt lat="44.15958" lon="-73.66748">
        <ele>894.28</ele>
        <time>2026-07-05T20:01:42Z</time>
      </trkpt>
      <trkpt lat="44.15958" lon="-73.66747">
        <ele>893.96</ele>
        <time>2026-07-05T20:01:43Z</time>
      </trkpt>
      <trkpt lat="44.15963" lon="-73.66745">
        <ele>894.39</ele>
        <time>2026-07-05T20:01:49Z</time>
      </trkpt>
      <trkpt lat="44.15966" lon="-73.66743">
        <ele>894.56</ele>
        <time>2026-07-05T20:01:53Z</time>
      </trkpt>
      <trkpt lat="44.15973" lon="-73.66732">
        <ele>896.25</ele>
        <time>2026-07-05T20:02:03Z</time>
      </trkpt>
      <trkpt lat="44.15976" lon="-73.66727">
        <ele>897.42</ele>
        <time>2026-07-05T20:02:09Z</time>
      </trkpt>
      <trkpt lat="44.15978" lon="-73.66725">
        <ele>898.31</ele>
        <time>2026-07-05T20:02:12Z</time>
      </trkpt>
      <trkpt lat="44.15979" lon="-73.66724">
        <ele>898.79</ele>
        <time>2026-07-05T20:02:13Z</time>
      </trkpt>
      <trkpt lat="44.1598" lon="-73.6672">
        <ele>899.6</ele>
        <time>2026-07-05T20:02:17Z</time>
      </trkpt>
      <trkpt lat="44.15981" lon="-73.66716">
        <ele>900.46</ele>
        <time>2026-07-05T20:02:21Z</time>
      </trkpt>
      <trkpt lat="44.15982" lon="-73.66715">
        <ele>900.94</ele>
        <time>2026-07-05T20:02:22Z</time>
      </trkpt>
      <trkpt lat="44.15983" lon="-73.66713">
        <ele>901.49</ele>
        <time>2026-07-05T20:02:28Z</time>
      </trkpt>
      <trkpt lat="44.15984" lon="-73.66713">
        <ele>901.81</ele>
        <time>2026-07-05T20:02:29Z</time>
      </trkpt>
      <trkpt lat="44.15985" lon="-73.66713">
        <ele>902.13</ele>
        <time>2026-07-05T20:02:33Z</time>
      </trkpt>
      <trkpt lat="44.15988" lon="-73.66711">
        <ele>903.47</ele>
        <time>2026-07-05T20:02:40Z</time>
      </trkpt>
      <trkpt lat="44.15991" lon="-73.6671">
        <ele>904.67</ele>
        <time>2026-07-05T20:02:45Z</time>
      </trkpt>
      <trkpt lat="44.15992" lon="-73.6671">
        <ele>904.78</ele>
        <time>2026-07-05T20:02:48Z</time>
      </trkpt>
      <trkpt lat="44.15997" lon="-73.66705">
        <ele>906.4</ele>
        <time>2026-07-05T20:02:56Z</time>
      </trkpt>
      <trkpt lat="44.15998" lon="-73.66702">
        <ele>907.15</ele>
        <time>2026-07-05T20:03:02Z</time>
      </trkpt>
      <trkpt lat="44.15999" lon="-73.66701">
        <ele>907.48</ele>
        <time>2026-07-05T20:03:04Z</time>
      </trkpt>
      <trkpt lat="44.16" lon="-73.667">
        <ele>907.8</ele>
        <time>2026-07-05T20:03:05Z</time>
      </trkpt>
      <trkpt lat="44.16" lon="-73.66696">
        <ele>908.66</ele>
        <time>2026-07-05T20:03:12Z</time>
      </trkpt>
      <trkpt lat="44.16001" lon="-73.66694">
        <ele>909.2</ele>
        <time>2026-07-05T20:03:15Z</time>
      </trkpt>
      <trkpt lat="44.16001" lon="-73.66693">
        <ele>909.42</ele>
        <time>2026-07-05T20:03:17Z</time>
      </trkpt>
      <trkpt lat="44.16001" lon="-73.66691">
        <ele>909.85</ele>
        <time>2026-07-05T20:03:23Z</time>
      </trkpt>
      <trkpt lat="44.16001" lon="-73.6669">
        <ele>910.07</ele>
        <time>2026-07-05T20:03:24Z</time>
      </trkpt>
      <trkpt lat="44.16001" lon="-73.66685">
        <ele>911.15</ele>
        <time>2026-07-05T20:03:34Z</time>
      </trkpt>
      <trkpt lat="44.16001" lon="-73.66685">
        <ele>911.15</ele>
        <time>2026-07-05T20:03:35Z</time>
      </trkpt>
      <trkpt lat="44.16001" lon="-73.66685">
        <ele>911.15</ele>
        <time>2026-07-05T20:03:43Z</time>
      </trkpt>
      <trkpt lat="44.16001" lon="-73.66682">
        <ele>911.76</ele>
        <time>2026-07-05T20:04:10Z</time>
      </trkpt>
      <trkpt lat="44.15999" lon="-73.66677">
        <ele>912.56</ele>
        <time>2026-07-05T20:04:17Z</time>
      </trkpt>
      <trkpt lat="44.15998" lon="-73.66676">
        <ele>912.55</ele>
        <time>2026-07-05T20:04:19Z</time>
      </trkpt>
      <trkpt lat="44.15998" lon="-73.66676">
        <ele>912.55</ele>
        <time>2026-07-05T20:04:29Z</time>
      </trkpt>
      <trkpt lat="44.15997" lon="-73.66674">
        <ele>912.77</ele>
        <time>2026-07-05T20:06:05Z</time>
      </trkpt>
      <trkpt lat="44.15992" lon="-73.6667">
        <ele>912.55</ele>
        <time>2026-07-05T20:06:13Z</time>
      </trkpt>
      <trkpt lat="44.15992" lon="-73.66668">
        <ele>912.98</ele>
        <time>2026-07-05T20:06:15Z</time>
      </trkpt>
      <trkpt lat="44.15991" lon="-73.66663">
        <ele>913.84</ele>
        <time>2026-07-05T20:06:22Z</time>
      </trkpt>
      <trkpt lat="44.1599" lon="-73.6666">
        <ele>914.2</ele>
        <time>2026-07-05T20:06:26Z</time>
      </trkpt>
      <trkpt lat="44.1599" lon="-73.6666">
        <ele>914.2</ele>
        <time>2026-07-05T20:06:27Z</time>
      </trkpt>
      <trkpt lat="44.15991" lon="-73.66661">
        <ele>914.26</ele>
        <time>2026-07-05T20:06:36Z</time>
      </trkpt>
      <trkpt lat="44.15991" lon="-73.66658">
        <ele>914.9</ele>
        <time>2026-07-05T20:06:54Z</time>
      </trkpt>
      <trkpt lat="44.1599" lon="-73.66648">
        <ele>916.79</ele>
        <time>2026-07-05T20:07:02Z</time>
      </trkpt>
      <trkpt lat="44.1599" lon="-73.66645">
        <ele>917.44</ele>
        <time>2026-07-05T20:07:05Z</time>
      </trkpt>
      <trkpt lat="44.15987" lon="-73.66641">
        <ele>917.33</ele>
        <time>2026-07-05T20:07:09Z</time>
      </trkpt>
      <trkpt lat="44.15986" lon="-73.66634">
        <ele>918.52</ele>
        <time>2026-07-05T20:07:16Z</time>
      </trkpt>
      <trkpt lat="44.15989" lon="-73.66629">
        <ele>920.5</ele>
        <time>2026-07-05T20:07:24Z</time>
      </trkpt>
      <trkpt lat="44.15989" lon="-73.66628">
        <ele>920.61</ele>
        <time>2026-07-05T20:07:25Z</time>
      </trkpt>
      <trkpt lat="44.15992" lon="-73.66623">
        <ele>921.85</ele>
        <time>2026-07-05T20:07:32Z</time>
      </trkpt>
      <trkpt lat="44.15994" lon="-73.6662">
        <ele>922.39</ele>
        <time>2026-07-05T20:07:37Z</time>
      </trkpt>
      <trkpt lat="44.15995" lon="-73.66619">
        <ele>922.61</ele>
        <time>2026-07-05T20:07:39Z</time>
      </trkpt>
      <trkpt lat="44.15996" lon="-73.66619">
        <ele>922.72</ele>
        <time>2026-07-05T20:07:40Z</time>
      </trkpt>
      <trkpt lat="44.15996" lon="-73.66618">
        <ele>922.82</ele>
        <time>2026-07-05T20:07:41Z</time>
      </trkpt>
      <trkpt lat="44.15998" lon="-73.66618">
        <ele>923.04</ele>
        <time>2026-07-05T20:07:45Z</time>
      </trkpt>
      <trkpt lat="44.15998" lon="-73.66616">
        <ele>923.26</ele>
        <time>2026-07-05T20:07:46Z</time>
      </trkpt>
      <trkpt lat="44.15998" lon="-73.66615">
        <ele>923.36</ele>
        <time>2026-07-05T20:07:48Z</time>
      </trkpt>
      <trkpt lat="44.15998" lon="-73.66608">
        <ele>923.86</ele>
        <time>2026-07-05T20:07:56Z</time>
      </trkpt>
      <trkpt lat="44.15998" lon="-73.66607">
        <ele>923.88</ele>
        <time>2026-07-05T20:07:57Z</time>
      </trkpt>
      <trkpt lat="44.15998" lon="-73.66602">
        <ele>924.0</ele>
        <time>2026-07-05T20:08:03Z</time>
      </trkpt>
      <trkpt lat="44.15997" lon="-73.66601">
        <ele>924.03</ele>
        <time>2026-07-05T20:08:04Z</time>
      </trkpt>
      <trkpt lat="44.15995" lon="-73.66594">
        <ele>924.46</ele>
        <time>2026-07-05T20:08:12Z</time>
      </trkpt>
      <trkpt lat="44.15994" lon="-73.66591">
        <ele>924.48</ele>
        <time>2026-07-05T20:08:15Z</time>
      </trkpt>
      <trkpt lat="44.15994" lon="-73.66588">
        <ele>924.15</ele>
        <time>2026-07-05T20:08:21Z</time>
      </trkpt>
      <trkpt lat="44.15993" lon="-73.66586">
        <ele>924.04</ele>
        <time>2026-07-05T20:08:22Z</time>
      </trkpt>
      <trkpt lat="44.15986" lon="-73.66579">
        <ele>923.49</ele>
        <time>2026-07-05T20:08:32Z</time>
      </trkpt>
      <trkpt lat="44.15981" lon="-73.6658">
        <ele>922.79</ele>
        <time>2026-07-05T20:08:41Z</time>
      </trkpt>
      <trkpt lat="44.1598" lon="-73.66583">
        <ele>922.36</ele>
        <time>2026-07-05T20:08:48Z</time>
      </trkpt>
      <trkpt lat="44.15979" lon="-73.66584">
        <ele>921.86</ele>
        <time>2026-07-05T20:08:55Z</time>
      </trkpt>
      <trkpt lat="44.15976" lon="-73.66581">
        <ele>920.63</ele>
        <time>2026-07-05T20:09:01Z</time>
      </trkpt>
      <trkpt lat="44.15975" lon="-73.6658">
        <ele>920.2</ele>
        <time>2026-07-05T20:09:02Z</time>
      </trkpt>
      <trkpt lat="44.1597" lon="-73.66573">
        <ele>917.56</ele>
        <time>2026-07-05T20:09:11Z</time>
      </trkpt>
      <trkpt lat="44.15969" lon="-73.66572">
        <ele>916.91</ele>
        <time>2026-07-05T20:09:14Z</time>
      </trkpt>
      <trkpt lat="44.15968" lon="-73.66571">
        <ele>916.26</ele>
        <time>2026-07-05T20:09:15Z</time>
      </trkpt>
      <trkpt lat="44.15967" lon="-73.66565">
        <ele>915.62</ele>
        <time>2026-07-05T20:09:21Z</time>
      </trkpt>
      <trkpt lat="44.15969" lon="-73.66554">
        <ele>917.32</ele>
        <time>2026-07-05T20:09:31Z</time>
      </trkpt>
      <trkpt lat="44.15972" lon="-73.66545">
        <ele>918.77</ele>
        <time>2026-07-05T20:09:40Z</time>
      </trkpt>
      <trkpt lat="44.15971" lon="-73.66542">
        <ele>918.13</ele>
        <time>2026-07-05T20:09:44Z</time>
      </trkpt>
      <trkpt lat="44.15972" lon="-73.66538">
        <ele>918.05</ele>
        <time>2026-07-05T20:09:49Z</time>
      </trkpt>
      <trkpt lat="44.15971" lon="-73.66536">
        <ele>917.75</ele>
        <time>2026-07-05T20:09:52Z</time>
      </trkpt>
      <trkpt lat="44.15968" lon="-73.66534">
        <ele>917.24</ele>
        <time>2026-07-05T20:09:56Z</time>
      </trkpt>
      <trkpt lat="44.15966" lon="-73.66534">
        <ele>916.88</ele>
        <time>2026-07-05T20:09:59Z</time>
      </trkpt>
      <trkpt lat="44.15964" lon="-73.66534">
        <ele>916.52</ele>
        <time>2026-07-05T20:10:03Z</time>
      </trkpt>
      <trkpt lat="44.15963" lon="-73.6653">
        <ele>916.76</ele>
        <time>2026-07-05T20:10:09Z</time>
      </trkpt>
      <trkpt lat="44.15958" lon="-73.66525">
        <ele>915.18</ele>
        <time>2026-07-05T20:10:19Z</time>
      </trkpt>
      <trkpt lat="44.15957" lon="-73.66524">
        <ele>914.95</ele>
        <time>2026-07-05T20:10:20Z</time>
      </trkpt>
      <trkpt lat="44.15955" lon="-73.66521">
        <ele>914.82</ele>
        <time>2026-07-05T20:10:27Z</time>
      </trkpt>
      <trkpt lat="44.15951" lon="-73.66514">
        <ele>914.46</ele>
        <time>2026-07-05T20:10:35Z</time>
      </trkpt>
      <trkpt lat="44.15949" lon="-73.6651">
        <ele>914.36</ele>
        <time>2026-07-05T20:10:43Z</time>
      </trkpt>
      <trkpt lat="44.15947" lon="-73.66503">
        <ele>914.5</ele>
        <time>2026-07-05T20:10:51Z</time>
      </trkpt>
      <trkpt lat="44.15947" lon="-73.66502">
        <ele>914.61</ele>
        <time>2026-07-05T20:10:52Z</time>
      </trkpt>
      <trkpt lat="44.15948" lon="-73.66498">
        <ele>915.2</ele>
        <time>2026-07-05T20:10:57Z</time>
      </trkpt>
      <trkpt lat="44.15947" lon="-73.66492">
        <ele>915.22</ele>
        <time>2026-07-05T20:11:00Z</time>
      </trkpt>
      <trkpt lat="44.15946" lon="-73.66491">
        <ele>915.15</ele>
        <time>2026-07-05T20:11:01Z</time>
      </trkpt>
      <trkpt lat="44.1594" lon="-73.6648">
        <ele>915.12</ele>
        <time>2026-07-05T20:11:11Z</time>
      </trkpt>
      <trkpt lat="44.15939" lon="-73.66479">
        <ele>914.98</ele>
        <time>2026-07-05T20:11:12Z</time>
      </trkpt>
      <trkpt lat="44.15939" lon="-73.66471">
        <ele>915.49</ele>
        <time>2026-07-05T20:11:19Z</time>
      </trkpt>
      <trkpt lat="44.15933" lon="-73.66462">
        <ele>915.55</ele>
        <time>2026-07-05T20:11:28Z</time>
      </trkpt>
      <trkpt lat="44.15933" lon="-73.66459">
        <ele>915.63</ele>
        <time>2026-07-05T20:11:32Z</time>
      </trkpt>
      <trkpt lat="44.15934" lon="-73.66458">
        <ele>915.81</ele>
        <time>2026-07-05T20:11:34Z</time>
      </trkpt>
      <trkpt lat="44.15936" lon="-73.66447">
        <ele>916.06</ele>
        <time>2026-07-05T20:11:44Z</time>
      </trkpt>
      <trkpt lat="44.15933" lon="-73.6644">
        <ele>916.37</ele>
        <time>2026-07-05T20:11:52Z</time>
      </trkpt>
      <trkpt lat="44.15928" lon="-73.66435">
        <ele>916.24</ele>
        <time>2026-07-05T20:11:59Z</time>
      </trkpt>
      <trkpt lat="44.15926" lon="-73.66434">
        <ele>916.13</ele>
        <time>2026-07-05T20:12:02Z</time>
      </trkpt>
      <trkpt lat="44.15922" lon="-73.66427">
        <ele>916.46</ele>
        <time>2026-07-05T20:12:10Z</time>
      </trkpt>
      <trkpt lat="44.15921" lon="-73.66416">
        <ele>917.51</ele>
        <time>2026-07-05T20:12:19Z</time>
      </trkpt>
      <trkpt lat="44.1592" lon="-73.66411">
        <ele>917.75</ele>
        <time>2026-07-05T20:12:25Z</time>
      </trkpt>
      <trkpt lat="44.15919" lon="-73.66406">
        <ele>918.11</ele>
        <time>2026-07-05T20:12:28Z</time>
      </trkpt>
      <trkpt lat="44.15917" lon="-73.66397">
        <ele>919.08</ele>
        <time>2026-07-05T20:12:38Z</time>
      </trkpt>
      <trkpt lat="44.15916" lon="-73.66392">
        <ele>919.71</ele>
        <time>2026-07-05T20:12:43Z</time>
      </trkpt>
      <trkpt lat="44.15916" lon="-73.6639">
        <ele>919.94</ele>
        <time>2026-07-05T20:12:46Z</time>
      </trkpt>
      <trkpt lat="44.15915" lon="-73.66389">
        <ele>920.17</ele>
        <time>2026-07-05T20:12:47Z</time>
      </trkpt>
      <trkpt lat="44.15915" lon="-73.66387">
        <ele>920.22</ele>
        <time>2026-07-05T20:12:49Z</time>
      </trkpt>
      <trkpt lat="44.15911" lon="-73.66378">
        <ele>920.98</ele>
        <time>2026-07-05T20:12:57Z</time>
      </trkpt>
      <trkpt lat="44.15909" lon="-73.66374">
        <ele>920.94</ele>
        <time>2026-07-05T20:13:02Z</time>
      </trkpt>
      <trkpt lat="44.15907" lon="-73.66371">
        <ele>921.02</ele>
        <time>2026-07-05T20:13:06Z</time>
      </trkpt>
      <trkpt lat="44.15906" lon="-73.6637">
        <ele>920.81</ele>
        <time>2026-07-05T20:13:07Z</time>
      </trkpt>
      <trkpt lat="44.15902" lon="-73.66363">
        <ele>920.08</ele>
        <time>2026-07-05T20:13:15Z</time>
      </trkpt>
      <trkpt lat="44.15898" lon="-73.66358">
        <ele>919.24</ele>
        <time>2026-07-05T20:13:23Z</time>
      </trkpt>
      <trkpt lat="44.15893" lon="-73.66352">
        <ele>915.79</ele>
        <time>2026-07-05T20:13:32Z</time>
      </trkpt>
      <trkpt lat="44.15889" lon="-73.66351">
        <ele>914.05</ele>
        <time>2026-07-05T20:13:39Z</time>
      </trkpt>
      <trkpt lat="44.15887" lon="-73.6635">
        <ele>913.02</ele>
        <time>2026-07-05T20:13:46Z</time>
      </trkpt>
      <trkpt lat="44.15883" lon="-73.66344">
        <ele>911.36</ele>
        <time>2026-07-05T20:13:54Z</time>
      </trkpt>
      <trkpt lat="44.15882" lon="-73.66343">
        <ele>910.99</ele>
        <time>2026-07-05T20:13:55Z</time>
      </trkpt>
      <trkpt lat="44.15881" lon="-73.66342">
        <ele>910.58</ele>
        <time>2026-07-05T20:13:57Z</time>
      </trkpt>
      <trkpt lat="44.1588" lon="-73.66339">
        <ele>910.14</ele>
        <time>2026-07-05T20:14:01Z</time>
      </trkpt>
      <trkpt lat="44.15878" lon="-73.66334">
        <ele>909.12</ele>
        <time>2026-07-05T20:14:06Z</time>
      </trkpt>
      <trkpt lat="44.15878" lon="-73.66332">
        <ele>909.24</ele>
        <time>2026-07-05T20:14:08Z</time>
      </trkpt>
      <trkpt lat="44.15877" lon="-73.66326">
        <ele>909.15</ele>
        <time>2026-07-05T20:14:14Z</time>
      </trkpt>
      <trkpt lat="44.15876" lon="-73.66323">
        <ele>908.58</ele>
        <time>2026-07-05T20:14:17Z</time>
      </trkpt>
      <trkpt lat="44.15875" lon="-73.66317">
        <ele>907.62</ele>
        <time>2026-07-05T20:14:22Z</time>
      </trkpt>
      <trkpt lat="44.15872" lon="-73.66315">
        <ele>905.88</ele>
        <time>2026-07-05T20:14:28Z</time>
      </trkpt>
      <trkpt lat="44.15871" lon="-73.66315">
        <ele>905.34</ele>
        <time>2026-07-05T20:14:29Z</time>
      </trkpt>
      <trkpt lat="44.15869" lon="-73.66311">
        <ele>903.76</ele>
        <time>2026-07-05T20:14:35Z</time>
      </trkpt>
      <trkpt lat="44.15868" lon="-73.6631">
        <ele>903.08</ele>
        <time>2026-07-05T20:14:38Z</time>
      </trkpt>
      <trkpt lat="44.15867" lon="-73.66307">
        <ele>902.28</ele>
        <time>2026-07-05T20:14:42Z</time>
      </trkpt>
      <trkpt lat="44.15867" lon="-73.66302">
        <ele>901.8</ele>
        <time>2026-07-05T20:14:47Z</time>
      </trkpt>
      <trkpt lat="44.15868" lon="-73.66297">
        <ele>901.8</ele>
        <time>2026-07-05T20:14:54Z</time>
      </trkpt>
      <trkpt lat="44.15871" lon="-73.66292">
        <ele>902.91</ele>
        <time>2026-07-05T20:15:02Z</time>
      </trkpt>
      <trkpt lat="44.15872" lon="-73.66289">
        <ele>903.13</ele>
        <time>2026-07-05T20:15:05Z</time>
      </trkpt>
      <trkpt lat="44.15874" lon="-73.66283">
        <ele>903.35</ele>
        <time>2026-07-05T20:15:11Z</time>
      </trkpt>
      <trkpt lat="44.15876" lon="-73.66276">
        <ele>902.93</ele>
        <time>2026-07-05T20:15:19Z</time>
      </trkpt>
      <trkpt lat="44.15876" lon="-73.66274">
        <ele>902.37</ele>
        <time>2026-07-05T20:15:21Z</time>
      </trkpt>
      <trkpt lat="44.15878" lon="-73.66267">
        <ele>901.17</ele>
        <time>2026-07-05T20:15:28Z</time>
      </trkpt>
      <trkpt lat="44.15879" lon="-73.66265">
        <ele>901.06</ele>
        <time>2026-07-05T20:15:31Z</time>
      </trkpt>
      <trkpt lat="44.15881" lon="-73.66263">
        <ele>901.1</ele>
        <time>2026-07-05T20:15:35Z</time>
      </trkpt>
      <trkpt lat="44.15882" lon="-73.66261">
        <ele>900.89</ele>
        <time>2026-07-05T20:15:41Z</time>
      </trkpt>
      <trkpt lat="44.15882" lon="-73.6626">
        <ele>900.67</ele>
        <time>2026-07-05T20:15:42Z</time>
      </trkpt>
      <trkpt lat="44.15884" lon="-73.66257">
        <ele>900.34</ele>
        <time>2026-07-05T20:15:48Z</time>
      </trkpt>
      <trkpt lat="44.15885" lon="-73.66256">
        <ele>900.25</ele>
        <time>2026-07-05T20:15:51Z</time>
      </trkpt>
      <trkpt lat="44.15887" lon="-73.66255">
        <ele>900.31</ele>
        <time>2026-07-05T20:15:54Z</time>
      </trkpt>
      <trkpt lat="44.1589" lon="-73.66254">
        <ele>900.3</ele>
        <time>2026-07-05T20:16:00Z</time>
      </trkpt>
      <trkpt lat="44.15891" lon="-73.66253">
        <ele>899.97</ele>
        <time>2026-07-05T20:16:01Z</time>
      </trkpt>
      <trkpt lat="44.15891" lon="-73.66251">
        <ele>899.32</ele>
        <time>2026-07-05T20:16:08Z</time>
      </trkpt>
      <trkpt lat="44.15891" lon="-73.6625">
        <ele>899.0</ele>
        <time>2026-07-05T20:16:09Z</time>
      </trkpt>
      <trkpt lat="44.15892" lon="-73.66246">
        <ele>897.7</ele>
        <time>2026-07-05T20:16:15Z</time>
      </trkpt>
      <trkpt lat="44.15893" lon="-73.66245">
        <ele>897.38</ele>
        <time>2026-07-05T20:16:18Z</time>
      </trkpt>
      <trkpt lat="44.15894" lon="-73.66244">
        <ele>897.06</ele>
        <time>2026-07-05T20:16:20Z</time>
      </trkpt>
      <trkpt lat="44.15897" lon="-73.66242">
        <ele>896.41</ele>
        <time>2026-07-05T20:16:26Z</time>
      </trkpt>
      <trkpt lat="44.15897" lon="-73.66241">
        <ele>896.08</ele>
        <time>2026-07-05T20:16:27Z</time>
      </trkpt>
      <trkpt lat="44.15899" lon="-73.66238">
        <ele>895.02</ele>
        <time>2026-07-05T20:16:31Z</time>
      </trkpt>
      <trkpt lat="44.15898" lon="-73.66235">
        <ele>894.13</ele>
        <time>2026-07-05T20:16:34Z</time>
      </trkpt>
      <trkpt lat="44.15895" lon="-73.66231">
        <ele>892.47</ele>
        <time>2026-07-05T20:16:40Z</time>
      </trkpt>
      <trkpt lat="44.15895" lon="-73.6623">
        <ele>892.07</ele>
        <time>2026-07-05T20:16:41Z</time>
      </trkpt>
      <trkpt lat="44.15894" lon="-73.66229">
        <ele>891.6</ele>
        <time>2026-07-05T20:16:46Z</time>
      </trkpt>
      <trkpt lat="44.15894" lon="-73.66228">
        <ele>891.22</ele>
        <time>2026-07-05T20:16:48Z</time>
      </trkpt>
      <trkpt lat="44.15893" lon="-73.66225">
        <ele>890.03</ele>
        <time>2026-07-05T20:16:53Z</time>
      </trkpt>
      <trkpt lat="44.15893" lon="-73.66224">
        <ele>889.66</ele>
        <time>2026-07-05T20:16:54Z</time>
      </trkpt>
      <trkpt lat="44.15893" lon="-73.66224">
        <ele>889.66</ele>
        <time>2026-07-05T20:16:56Z</time>
      </trkpt>
      <trkpt lat="44.15893" lon="-73.66223">
        <ele>889.29</ele>
        <time>2026-07-05T20:16:59Z</time>
      </trkpt>
      <trkpt lat="44.15892" lon="-73.6622">
        <ele>888.04</ele>
        <time>2026-07-05T20:17:02Z</time>
      </trkpt>
      <trkpt lat="44.15891" lon="-73.66219">
        <ele>887.61</ele>
        <time>2026-07-05T20:17:06Z</time>
      </trkpt>
      <trkpt lat="44.15891" lon="-73.66217">
        <ele>886.74</ele>
        <time>2026-07-05T20:17:10Z</time>
      </trkpt>
      <trkpt lat="44.1589" lon="-73.66216">
        <ele>886.31</ele>
        <time>2026-07-05T20:17:11Z</time>
      </trkpt>
      <trkpt lat="44.15887" lon="-73.66215">
        <ele>885.84</ele>
        <time>2026-07-05T20:17:17Z</time>
      </trkpt>
      <trkpt lat="44.15885" lon="-73.66213">
        <ele>885.01</ele>
        <time>2026-07-05T20:17:19Z</time>
      </trkpt>
      <trkpt lat="44.15884" lon="-73.66212">
        <ele>884.69</ele>
        <time>2026-07-05T20:17:24Z</time>
      </trkpt>
      <trkpt lat="44.15882" lon="-73.6621">
        <ele>884.04</ele>
        <time>2026-07-05T20:17:29Z</time>
      </trkpt>
      <trkpt lat="44.15879" lon="-73.66209">
        <ele>883.65</ele>
        <time>2026-07-05T20:17:32Z</time>
      </trkpt>
      <trkpt lat="44.15878" lon="-73.66209">
        <ele>883.54</ele>
        <time>2026-07-05T20:17:33Z</time>
      </trkpt>
      <trkpt lat="44.15874" lon="-73.6621">
        <ele>883.43</ele>
        <time>2026-07-05T20:17:38Z</time>
      </trkpt>
      <trkpt lat="44.15873" lon="-73.6621">
        <ele>883.32</ele>
        <time>2026-07-05T20:17:40Z</time>
      </trkpt>
      <trkpt lat="44.15872" lon="-73.66209">
        <ele>882.89</ele>
        <time>2026-07-05T20:17:41Z</time>
      </trkpt>
      <trkpt lat="44.15867" lon="-73.66207">
        <ele>882.07</ele>
        <time>2026-07-05T20:17:48Z</time>
      </trkpt>
      <trkpt lat="44.15863" lon="-73.66204">
        <ele>881.1</ele>
        <time>2026-07-05T20:17:56Z</time>
      </trkpt>
      <trkpt lat="44.15857" lon="-73.66203">
        <ele>880.18</ele>
        <time>2026-07-05T20:18:04Z</time>
      </trkpt>
      <trkpt lat="44.15851" lon="-73.66204">
        <ele>879.91</ele>
        <time>2026-07-05T20:18:13Z</time>
      </trkpt>
      <trkpt lat="44.15845" lon="-73.66209">
        <ele>880.24</ele>
        <time>2026-07-05T20:18:22Z</time>
      </trkpt>
      <trkpt lat="44.15842" lon="-73.66212">
        <ele>880.62</ele>
        <time>2026-07-05T20:18:29Z</time>
      </trkpt>
      <trkpt lat="44.15842" lon="-73.66212">
        <ele>880.62</ele>
        <time>2026-07-05T20:18:30Z</time>
      </trkpt>
      <trkpt lat="44.15838" lon="-73.66215">
        <ele>880.94</ele>
        <time>2026-07-05T20:18:40Z</time>
      </trkpt>
      <trkpt lat="44.15835" lon="-73.66219">
        <ele>881.48</ele>
        <time>2026-07-05T20:18:48Z</time>
      </trkpt>
      <trkpt lat="44.15832" lon="-73.66225">
        <ele>882.31</ele>
        <time>2026-07-05T20:18:53Z</time>
      </trkpt>
      <trkpt lat="44.15831" lon="-73.66227">
        <ele>882.53</ele>
        <time>2026-07-05T20:18:56Z</time>
      </trkpt>
      <trkpt lat="44.15828" lon="-73.6623">
        <ele>882.53</ele>
        <time>2026-07-05T20:19:04Z</time>
      </trkpt>
      <trkpt lat="44.15827" lon="-73.66232">
        <ele>882.69</ele>
        <time>2026-07-05T20:19:09Z</time>
      </trkpt>
      <trkpt lat="44.15825" lon="-73.66231">
        <ele>882.1</ele>
        <time>2026-07-05T20:19:12Z</time>
      </trkpt>
      <trkpt lat="44.15824" lon="-73.66231">
        <ele>881.88</ele>
        <time>2026-07-05T20:19:15Z</time>
      </trkpt>
      <trkpt lat="44.15823" lon="-73.66229">
        <ele>881.23</ele>
        <time>2026-07-05T20:19:19Z</time>
      </trkpt>
      <trkpt lat="44.15822" lon="-73.66228">
        <ele>880.8</ele>
        <time>2026-07-05T20:19:20Z</time>
      </trkpt>
      <trkpt lat="44.15819" lon="-73.6623">
        <ele>880.58</ele>
        <time>2026-07-05T20:19:25Z</time>
      </trkpt>
      <trkpt lat="44.15818" lon="-73.66231">
        <ele>880.58</ele>
        <time>2026-07-05T20:19:27Z</time>
      </trkpt>
      <trkpt lat="44.15815" lon="-73.66235">
        <ele>880.42</ele>
        <time>2026-07-05T20:19:34Z</time>
      </trkpt>
      <trkpt lat="44.15813" lon="-73.66237">
        <ele>879.89</ele>
        <time>2026-07-05T20:19:43Z</time>
      </trkpt>
      <trkpt lat="44.15812" lon="-73.66236">
        <ele>879.43</ele>
        <time>2026-07-05T20:19:49Z</time>
      </trkpt>
      <trkpt lat="44.1581" lon="-73.66238">
        <ele>878.78</ele>
        <time>2026-07-05T20:19:53Z</time>
      </trkpt>
      <trkpt lat="44.15809" lon="-73.66236">
        <ele>878.3</ele>
        <time>2026-07-05T20:19:55Z</time>
      </trkpt>
      <trkpt lat="44.15806" lon="-73.66236">
        <ele>877.17</ele>
        <time>2026-07-05T20:19:58Z</time>
      </trkpt>
      <trkpt lat="44.15804" lon="-73.66234">
        <ele>876.33</ele>
        <time>2026-07-05T20:20:01Z</time>
      </trkpt>
      <trkpt lat="44.15803" lon="-73.66233">
        <ele>875.9</ele>
        <time>2026-07-05T20:20:03Z</time>
      </trkpt>
      <trkpt lat="44.15802" lon="-73.66233">
        <ele>875.46</ele>
        <time>2026-07-05T20:20:04Z</time>
      </trkpt>
      <trkpt lat="44.15798" lon="-73.66232">
        <ele>873.74</ele>
        <time>2026-07-05T20:20:11Z</time>
      </trkpt>
      <trkpt lat="44.15796" lon="-73.66228">
        <ele>872.9</ele>
        <time>2026-07-05T20:20:18Z</time>
      </trkpt>
      <trkpt lat="44.15793" lon="-73.66228">
        <ele>871.93</ele>
        <time>2026-07-05T20:20:22Z</time>
      </trkpt>
      <trkpt lat="44.15791" lon="-73.66226">
        <ele>871.28</ele>
        <time>2026-07-05T20:20:25Z</time>
      </trkpt>
      <trkpt lat="44.1579" lon="-73.66222">
        <ele>870.92</ele>
        <time>2026-07-05T20:20:28Z</time>
      </trkpt>
      <trkpt lat="44.15787" lon="-73.6622">
        <ele>869.5</ele>
        <time>2026-07-05T20:20:33Z</time>
      </trkpt>
      <trkpt lat="44.15787" lon="-73.66219">
        <ele>869.29</ele>
        <time>2026-07-05T20:20:34Z</time>
      </trkpt>
      <trkpt lat="44.15784" lon="-73.66217">
        <ele>867.42</ele>
        <time>2026-07-05T20:20:40Z</time>
      </trkpt>
      <trkpt lat="44.15783" lon="-73.66218">
        <ele>867.11</ele>
        <time>2026-07-05T20:20:42Z</time>
      </trkpt>
      <trkpt lat="44.15782" lon="-73.66218">
        <ele>866.62</ele>
        <time>2026-07-05T20:20:45Z</time>
      </trkpt>
      <trkpt lat="44.15781" lon="-73.66215">
        <ele>865.69</ele>
        <time>2026-07-05T20:20:49Z</time>
      </trkpt>
      <trkpt lat="44.1578" lon="-73.66214">
        <ele>865.1</ele>
        <time>2026-07-05T20:20:51Z</time>
      </trkpt>
      <trkpt lat="44.15778" lon="-73.66212">
        <ele>863.89</ele>
        <time>2026-07-05T20:20:56Z</time>
      </trkpt>
      <trkpt lat="44.15778" lon="-73.66211">
        <ele>863.67</ele>
        <time>2026-07-05T20:20:57Z</time>
      </trkpt>
      <trkpt lat="44.15775" lon="-73.66208">
        <ele>861.57</ele>
        <time>2026-07-05T20:21:04Z</time>
      </trkpt>
      <trkpt lat="44.15774" lon="-73.66205">
        <ele>860.3</ele>
        <time>2026-07-05T20:21:10Z</time>
      </trkpt>
      <trkpt lat="44.15773" lon="-73.66204">
        <ele>859.5</ele>
        <time>2026-07-05T20:21:12Z</time>
      </trkpt>
      <trkpt lat="44.15772" lon="-73.66203">
        <ele>858.6</ele>
        <time>2026-07-05T20:21:16Z</time>
      </trkpt>
      <trkpt lat="44.15771" lon="-73.66201">
        <ele>857.25</ele>
        <time>2026-07-05T20:21:18Z</time>
      </trkpt>
      <trkpt lat="44.1577" lon="-73.66199">
        <ele>855.85</ele>
        <time>2026-07-05T20:21:24Z</time>
      </trkpt>
      <trkpt lat="44.15769" lon="-73.66195">
        <ele>853.55</ele>
        <time>2026-07-05T20:21:30Z</time>
      </trkpt>
      <trkpt lat="44.15769" lon="-73.66195">
        <ele>853.55</ele>
        <time>2026-07-05T20:21:32Z</time>
      </trkpt>
      <trkpt lat="44.15768" lon="-73.66192">
        <ele>851.62</ele>
        <time>2026-07-05T20:21:38Z</time>
      </trkpt>
      <trkpt lat="44.15768" lon="-73.66191">
        <ele>851.2</ele>
        <time>2026-07-05T20:21:40Z</time>
      </trkpt>
      <trkpt lat="44.15768" lon="-73.66188">
        <ele>849.92</ele>
        <time>2026-07-05T20:21:44Z</time>
      </trkpt>
      <trkpt lat="44.15767" lon="-73.66186">
        <ele>848.52</ele>
        <time>2026-07-05T20:21:46Z</time>
      </trkpt>
      <trkpt lat="44.15768" lon="-73.66183">
        <ele>847.78</ele>
        <time>2026-07-05T20:21:50Z</time>
      </trkpt>
      <trkpt lat="44.15769" lon="-73.66179">
        <ele>846.64</ele>
        <time>2026-07-05T20:21:54Z</time>
      </trkpt>
      <trkpt lat="44.15769" lon="-73.66178">
        <ele>846.21</ele>
        <time>2026-07-05T20:21:57Z</time>
      </trkpt>
      <trkpt lat="44.15768" lon="-73.66176">
        <ele>844.75</ele>
        <time>2026-07-05T20:22:02Z</time>
      </trkpt>
      <trkpt lat="44.15766" lon="-73.66176">
        <ele>843.67</ele>
        <time>2026-07-05T20:22:07Z</time>
      </trkpt>
      <trkpt lat="44.15763" lon="-73.66176">
        <ele>842.05</ele>
        <time>2026-07-05T20:22:11Z</time>
      </trkpt>
      <trkpt lat="44.15762" lon="-73.66177">
        <ele>841.94</ele>
        <time>2026-07-05T20:22:15Z</time>
      </trkpt>
      <trkpt lat="44.1576" lon="-73.66176">
        <ele>840.43</ele>
        <time>2026-07-05T20:22:20Z</time>
      </trkpt>
      <trkpt lat="44.1576" lon="-73.66177">
        <ele>840.86</ele>
        <time>2026-07-05T20:22:21Z</time>
      </trkpt>
      <trkpt lat="44.15756" lon="-73.66181">
        <ele>840.75</ele>
        <time>2026-07-05T20:22:28Z</time>
      </trkpt>
      <trkpt lat="44.15756" lon="-73.66182">
        <ele>841.11</ele>
        <time>2026-07-05T20:22:36Z</time>
      </trkpt>
      <trkpt lat="44.15756" lon="-73.66181">
        <ele>840.75</ele>
        <time>2026-07-05T20:22:41Z</time>
      </trkpt>
      <trkpt lat="44.15756" lon="-73.66182">
        <ele>841.11</ele>
        <time>2026-07-05T20:22:48Z</time>
      </trkpt>
      <trkpt lat="44.15755" lon="-73.66182">
        <ele>840.64</ele>
        <time>2026-07-05T20:22:53Z</time>
      </trkpt>
      <trkpt lat="44.15753" lon="-73.66184">
        <ele>840.28</ele>
        <time>2026-07-05T20:22:56Z</time>
      </trkpt>
      <trkpt lat="44.15751" lon="-73.66185">
        <ele>839.5</ele>
        <time>2026-07-05T20:23:02Z</time>
      </trkpt>
      <trkpt lat="44.15751" lon="-73.66184">
        <ele>839.26</ele>
        <time>2026-07-05T20:23:03Z</time>
      </trkpt>
      <trkpt lat="44.15748" lon="-73.66185">
        <ele>838.1</ele>
        <time>2026-07-05T20:23:07Z</time>
      </trkpt>
      <trkpt lat="44.15746" lon="-73.66184">
        <ele>837.07</ele>
        <time>2026-07-05T20:23:11Z</time>
      </trkpt>
      <trkpt lat="44.15745" lon="-73.66184">
        <ele>836.65</ele>
        <time>2026-07-05T20:23:13Z</time>
      </trkpt>
      <trkpt lat="44.15745" lon="-73.66184">
        <ele>836.65</ele>
        <time>2026-07-05T20:23:14Z</time>
      </trkpt>
      <trkpt lat="44.15743" lon="-73.66186">
        <ele>836.09</ele>
        <time>2026-07-05T20:23:19Z</time>
      </trkpt>
      <trkpt lat="44.15743" lon="-73.66186">
        <ele>836.09</ele>
        <time>2026-07-05T20:23:27Z</time>
      </trkpt>
      <trkpt lat="44.15743" lon="-73.66184">
        <ele>835.82</ele>
        <time>2026-07-05T20:23:47Z</time>
      </trkpt>
      <trkpt lat="44.15741" lon="-73.66183">
        <ele>834.87</ele>
        <time>2026-07-05T20:23:52Z</time>
      </trkpt>
      <trkpt lat="44.15739" lon="-73.66182">
        <ele>833.97</ele>
        <time>2026-07-05T20:23:56Z</time>
      </trkpt>
      <trkpt lat="44.15739" lon="-73.66182">
        <ele>833.97</ele>
        <time>2026-07-05T20:23:57Z</time>
      </trkpt>
      <trkpt lat="44.15736" lon="-73.6618">
        <ele>832.68</ele>
        <time>2026-07-05T20:24:04Z</time>
      </trkpt>
      <trkpt lat="44.15736" lon="-73.66178">
        <ele>832.57</ele>
        <time>2026-07-05T20:24:10Z</time>
      </trkpt>
      <trkpt lat="44.15736" lon="-73.66175">
        <ele>832.36</ele>
        <time>2026-07-05T20:24:13Z</time>
      </trkpt>
      <trkpt lat="44.15735" lon="-73.66173">
        <ele>831.82</ele>
        <time>2026-07-05T20:24:21Z</time>
      </trkpt>
      <trkpt lat="44.15735" lon="-73.66172">
        <ele>831.72</ele>
        <time>2026-07-05T20:24:23Z</time>
      </trkpt>
      <trkpt lat="44.15734" lon="-73.6617">
        <ele>831.18</ele>
        <time>2026-07-05T20:24:28Z</time>
      </trkpt>
      <trkpt lat="44.15734" lon="-73.66169">
        <ele>831.07</ele>
        <time>2026-07-05T20:24:29Z</time>
      </trkpt>
      <trkpt lat="44.15735" lon="-73.66165">
        <ele>830.85</ele>
        <time>2026-07-05T20:24:34Z</time>
      </trkpt>
      <trkpt lat="44.15736" lon="-73.66162">
        <ele>830.7</ele>
        <time>2026-07-05T20:24:38Z</time>
      </trkpt>
      <trkpt lat="44.15735" lon="-73.66159">
        <ele>829.8</ele>
        <time>2026-07-05T20:24:41Z</time>
      </trkpt>
      <trkpt lat="44.15735" lon="-73.66157">
        <ele>829.46</ele>
        <time>2026-07-05T20:24:43Z</time>
      </trkpt>
      <trkpt lat="44.15736" lon="-73.66154">
        <ele>829.4</ele>
        <time>2026-07-05T20:24:50Z</time>
      </trkpt>
      <trkpt lat="44.15736" lon="-73.66153">
        <ele>829.24</ele>
        <time>2026-07-05T20:24:52Z</time>
      </trkpt>
      <trkpt lat="44.15736" lon="-73.66149">
        <ele>828.6</ele>
        <time>2026-07-05T20:24:58Z</time>
      </trkpt>
      <trkpt lat="44.15736" lon="-73.66149">
        <ele>828.6</ele>
        <time>2026-07-05T20:24:59Z</time>
      </trkpt>
      <trkpt lat="44.15737" lon="-73.66146">
        <ele>828.23</ele>
        <time>2026-07-05T20:25:03Z</time>
      </trkpt>
      <trkpt lat="44.15737" lon="-73.66144">
        <ele>827.71</ele>
        <time>2026-07-05T20:25:06Z</time>
      </trkpt>
      <trkpt lat="44.15737" lon="-73.66143">
        <ele>827.45</ele>
        <time>2026-07-05T20:25:07Z</time>
      </trkpt>
      <trkpt lat="44.15735" lon="-73.6614">
        <ele>825.83</ele>
        <time>2026-07-05T20:25:12Z</time>
      </trkpt>
      <trkpt lat="44.15736" lon="-73.66139">
        <ele>825.98</ele>
        <time>2026-07-05T20:25:14Z</time>
      </trkpt>
      <trkpt lat="44.15736" lon="-73.66137">
        <ele>825.34</ele>
        <time>2026-07-05T20:25:17Z</time>
      </trkpt>
      <trkpt lat="44.15736" lon="-73.66137">
        <ele>825.34</ele>
        <time>2026-07-05T20:25:18Z</time>
      </trkpt>
      <trkpt lat="44.15735" lon="-73.66135">
        <ele>824.26</ele>
        <time>2026-07-05T20:25:23Z</time>
      </trkpt>
      <trkpt lat="44.15735" lon="-73.66135">
        <ele>824.26</ele>
        <time>2026-07-05T20:25:24Z</time>
      </trkpt>
      <trkpt lat="44.15733" lon="-73.66134">
        <ele>823.07</ele>
        <time>2026-07-05T20:25:30Z</time>
      </trkpt>
      <trkpt lat="44.15733" lon="-73.66134">
        <ele>823.07</ele>
        <time>2026-07-05T20:25:32Z</time>
      </trkpt>
      <trkpt lat="44.15734" lon="-73.66132">
        <ele>822.86</ele>
        <time>2026-07-05T20:25:38Z</time>
      </trkpt>
      <trkpt lat="44.15733" lon="-73.66129">
        <ele>821.44</ele>
        <time>2026-07-05T20:25:44Z</time>
      </trkpt>
      <trkpt lat="44.15732" lon="-73.66129">
        <ele>821.02</ele>
        <time>2026-07-05T20:25:51Z</time>
      </trkpt>
      <trkpt lat="44.1573" lon="-73.66128">
        <ele>819.99</ele>
        <time>2026-07-05T20:25:58Z</time>
      </trkpt>
      <trkpt lat="44.15729" lon="-73.66129">
        <ele>819.99</ele>
        <time>2026-07-05T20:26:00Z</time>
      </trkpt>
      <trkpt lat="44.15728" lon="-73.66129">
        <ele>819.67</ele>
        <time>2026-07-05T20:26:04Z</time>
      </trkpt>
      <trkpt lat="44.15728" lon="-73.66128">
        <ele>819.34</ele>
        <time>2026-07-05T20:26:07Z</time>
      </trkpt>
      <trkpt lat="44.15728" lon="-73.66127">
        <ele>819.02</ele>
        <time>2026-07-05T20:26:12Z</time>
      </trkpt>
      <trkpt lat="44.15728" lon="-73.66126">
        <ele>818.7</ele>
        <time>2026-07-05T20:26:15Z</time>
      </trkpt>
      <trkpt lat="44.15728" lon="-73.66125">
        <ele>818.37</ele>
        <time>2026-07-05T20:26:19Z</time>
      </trkpt>
      <trkpt lat="44.15728" lon="-73.66125">
        <ele>818.37</ele>
        <time>2026-07-05T20:26:20Z</time>
      </trkpt>
      <trkpt lat="44.15727" lon="-73.66125">
        <ele>818.05</ele>
        <time>2026-07-05T20:26:29Z</time>
      </trkpt>
      <trkpt lat="44.15725" lon="-73.66124">
        <ele>817.08</ele>
        <time>2026-07-05T20:26:40Z</time>
      </trkpt>
      <trkpt lat="44.15723" lon="-73.66122">
        <ele>815.78</ele>
        <time>2026-07-05T20:26:45Z</time>
      </trkpt>
      <trkpt lat="44.15722" lon="-73.6612">
        <ele>814.81</ele>
        <time>2026-07-05T20:26:51Z</time>
      </trkpt>
      <trkpt lat="44.15718" lon="-73.66118">
        <ele>812.98</ele>
        <time>2026-07-05T20:27:00Z</time>
      </trkpt>
      <trkpt lat="44.15718" lon="-73.66118">
        <ele>812.98</ele>
        <time>2026-07-05T20:27:01Z</time>
      </trkpt>
      <trkpt lat="44.15717" lon="-73.66117">
        <ele>812.42</ele>
        <time>2026-07-05T20:27:08Z</time>
      </trkpt>
      <trkpt lat="44.15716" lon="-73.66116">
        <ele>811.89</ele>
        <time>2026-07-05T20:27:12Z</time>
      </trkpt>
      <trkpt lat="44.15715" lon="-73.66113">
        <ele>810.89</ele>
        <time>2026-07-05T20:27:16Z</time>
      </trkpt>
      <trkpt lat="44.15714" lon="-73.66112">
        <ele>810.43</ele>
        <time>2026-07-05T20:27:20Z</time>
      </trkpt>
      <trkpt lat="44.15712" lon="-73.66112">
        <ele>809.88</ele>
        <time>2026-07-05T20:27:25Z</time>
      </trkpt>
      <trkpt lat="44.1571" lon="-73.66111">
        <ele>809.01</ele>
        <time>2026-07-05T20:27:28Z</time>
      </trkpt>
      <trkpt lat="44.1571" lon="-73.66109">
        <ele>808.43</ele>
        <time>2026-07-05T20:27:33Z</time>
      </trkpt>
      <trkpt lat="44.15709" lon="-73.66108">
        <ele>807.85</ele>
        <time>2026-07-05T20:27:35Z</time>
      </trkpt>
      <trkpt lat="44.15708" lon="-73.66108">
        <ele>807.56</ele>
        <time>2026-07-05T20:27:39Z</time>
      </trkpt>
      <trkpt lat="44.15706" lon="-73.66108">
        <ele>806.99</ele>
        <time>2026-07-05T20:27:43Z</time>
      </trkpt>
      <trkpt lat="44.15704" lon="-73.66108">
        <ele>806.41</ele>
        <time>2026-07-05T20:27:48Z</time>
      </trkpt>
      <trkpt lat="44.15701" lon="-73.66109">
        <ele>805.73</ele>
        <time>2026-07-05T20:27:51Z</time>
      </trkpt>
      <trkpt lat="44.15698" lon="-73.6611">
        <ele>804.99</ele>
        <time>2026-07-05T20:27:58Z</time>
      </trkpt>
      <trkpt lat="44.15696" lon="-73.66108">
        <ele>804.11</ele>
        <time>2026-07-05T20:28:05Z</time>
      </trkpt>
      <trkpt lat="44.15694" lon="-73.66108">
        <ele>803.52</ele>
        <time>2026-07-05T20:28:13Z</time>
      </trkpt>
      <trkpt lat="44.15694" lon="-73.66108">
        <ele>803.52</ele>
        <time>2026-07-05T20:28:14Z</time>
      </trkpt>
      <trkpt lat="44.15694" lon="-73.66108">
        <ele>803.52</ele>
        <time>2026-07-05T20:28:18Z</time>
      </trkpt>
      <trkpt lat="44.15693" lon="-73.66107">
        <ele>803.09</ele>
        <time>2026-07-05T20:28:21Z</time>
      </trkpt>
      <trkpt lat="44.15691" lon="-73.66107">
        <ele>802.44</ele>
        <time>2026-07-05T20:28:24Z</time>
      </trkpt>
      <trkpt lat="44.1569" lon="-73.66107">
        <ele>802.12</ele>
        <time>2026-07-05T20:28:26Z</time>
      </trkpt>
      <trkpt lat="44.15687" lon="-73.66111">
        <ele>801.58</ele>
        <time>2026-07-05T20:28:33Z</time>
      </trkpt>
      <trkpt lat="44.15685" lon="-73.66111">
        <ele>800.93</ele>
        <time>2026-07-05T20:28:39Z</time>
      </trkpt>
      <trkpt lat="44.15684" lon="-73.6611">
        <ele>800.48</ele>
        <time>2026-07-05T20:28:42Z</time>
      </trkpt>
      <trkpt lat="44.15685" lon="-73.66108">
        <ele>800.6</ele>
        <time>2026-07-05T20:28:49Z</time>
      </trkpt>
      <trkpt lat="44.15685" lon="-73.66107">
        <ele>800.49</ele>
        <time>2026-07-05T20:28:52Z</time>
      </trkpt>
      <trkpt lat="44.15684" lon="-73.66105">
        <ele>799.87</ele>
        <time>2026-07-05T20:28:58Z</time>
      </trkpt>
      <trkpt lat="44.1568" lon="-73.66104">
        <ele>798.12</ele>
        <time>2026-07-05T20:29:04Z</time>
      </trkpt>
      <trkpt lat="44.15679" lon="-73.66104">
        <ele>797.71</ele>
        <time>2026-07-05T20:29:06Z</time>
      </trkpt>
      <trkpt lat="44.15677" lon="-73.66105">
        <ele>797.1</ele>
        <time>2026-07-05T20:29:14Z</time>
      </trkpt>
      <trkpt lat="44.15676" lon="-73.66105">
        <ele>796.71</ele>
        <time>2026-07-05T20:29:15Z</time>
      </trkpt>
      <trkpt lat="44.15672" lon="-73.6611">
        <ele>796.06</ele>
        <time>2026-07-05T20:29:22Z</time>
      </trkpt>
      <trkpt lat="44.15671" lon="-73.66112">
        <ele>795.97</ele>
        <time>2026-07-05T20:29:25Z</time>
      </trkpt>
      <trkpt lat="44.15668" lon="-73.66116">
        <ele>795.1</ele>
        <time>2026-07-05T20:29:31Z</time>
      </trkpt>
      <trkpt lat="44.15667" lon="-73.66119">
        <ele>795.0</ele>
        <time>2026-07-05T20:29:34Z</time>
      </trkpt>
      <trkpt lat="44.15666" lon="-73.66121">
        <ele>794.78</ele>
        <time>2026-07-05T20:29:36Z</time>
      </trkpt>
      <trkpt lat="44.15663" lon="-73.66127">
        <ele>794.13</ele>
        <time>2026-07-05T20:29:46Z</time>
      </trkpt>
      <trkpt lat="44.1566" lon="-73.66135">
        <ele>793.12</ele>
        <time>2026-07-05T20:29:58Z</time>
      </trkpt>
      <trkpt lat="44.1566" lon="-73.66136">
        <ele>793.12</ele>
        <time>2026-07-05T20:29:59Z</time>
      </trkpt>
      <trkpt lat="44.15658" lon="-73.66139">
        <ele>792.26</ele>
        <time>2026-07-05T20:30:06Z</time>
      </trkpt>
      <trkpt lat="44.15658" lon="-73.66138">
        <ele>792.26</ele>
        <time>2026-07-05T20:30:07Z</time>
      </trkpt>
      <trkpt lat="44.15657" lon="-73.66138">
        <ele>791.82</ele>
        <time>2026-07-05T20:30:13Z</time>
      </trkpt>
      <trkpt lat="44.15656" lon="-73.66138">
        <ele>791.39</ele>
        <time>2026-07-05T20:30:24Z</time>
      </trkpt>
      <trkpt lat="44.15657" lon="-73.66139">
        <ele>791.82</ele>
        <time>2026-07-05T20:30:41Z</time>
      </trkpt>
      <trkpt lat="44.15655" lon="-73.66141">
        <ele>790.96</ele>
        <time>2026-07-05T20:30:48Z</time>
      </trkpt>
      <trkpt lat="44.15654" lon="-73.66142">
        <ele>790.53</ele>
        <time>2026-07-05T20:30:51Z</time>
      </trkpt>
      <trkpt lat="44.15651" lon="-73.66145">
        <ele>789.23</ele>
        <time>2026-07-05T20:30:58Z</time>
      </trkpt>
      <trkpt lat="44.1565" lon="-73.66146">
        <ele>788.8</ele>
        <time>2026-07-05T20:31:00Z</time>
      </trkpt>
      <trkpt lat="44.15647" lon="-73.66151">
        <ele>787.5</ele>
        <time>2026-07-05T20:31:06Z</time>
      </trkpt>
      <trkpt lat="44.15645" lon="-73.66152">
        <ele>786.64</ele>
        <time>2026-07-05T20:31:10Z</time>
      </trkpt>
      <trkpt lat="44.15641" lon="-73.66152">
        <ele>784.91</ele>
        <time>2026-07-05T20:31:16Z</time>
      </trkpt>
      <trkpt lat="44.15636" lon="-73.66151">
        <ele>782.75</ele>
        <time>2026-07-05T20:31:21Z</time>
      </trkpt>
      <trkpt lat="44.15632" lon="-73.66155">
        <ele>781.02</ele>
        <time>2026-07-05T20:31:30Z</time>
      </trkpt>
      <trkpt lat="44.1563" lon="-73.66153">
        <ele>780.16</ele>
        <time>2026-07-05T20:31:35Z</time>
      </trkpt>
      <trkpt lat="44.15628" lon="-73.66152">
        <ele>779.12</ele>
        <time>2026-07-05T20:31:38Z</time>
      </trkpt>
      <trkpt lat="44.15628" lon="-73.66151">
        <ele>779.12</ele>
        <time>2026-07-05T20:31:42Z</time>
      </trkpt>
      <trkpt lat="44.15628" lon="-73.66151">
        <ele>779.12</ele>
        <time>2026-07-05T20:31:44Z</time>
      </trkpt>
      <trkpt lat="44.15628" lon="-73.66151">
        <ele>779.12</ele>
        <time>2026-07-05T20:31:46Z</time>
      </trkpt>
      <trkpt lat="44.15624" lon="-73.6615">
        <ele>776.96</ele>
        <time>2026-07-05T20:31:51Z</time>
      </trkpt>
      <trkpt lat="44.15624" lon="-73.6615">
        <ele>776.96</ele>
        <time>2026-07-05T20:31:52Z</time>
      </trkpt>
      <trkpt lat="44.15624" lon="-73.6615">
        <ele>776.96</ele>
        <time>2026-07-05T20:31:59Z</time>
      </trkpt>
      <trkpt lat="44.15624" lon="-73.66151">
        <ele>776.96</ele>
        <time>2026-07-05T20:32:04Z</time>
      </trkpt>
      <trkpt lat="44.15623" lon="-73.66151">
        <ele>776.42</ele>
        <time>2026-07-05T20:32:07Z</time>
      </trkpt>
      <trkpt lat="44.15622" lon="-73.6615">
        <ele>775.88</ele>
        <time>2026-07-05T20:32:08Z</time>
      </trkpt>
      <trkpt lat="44.15622" lon="-73.66148">
        <ele>775.88</ele>
        <time>2026-07-05T20:32:15Z</time>
      </trkpt>
      <trkpt lat="44.15622" lon="-73.66145">
        <ele>775.88</ele>
        <time>2026-07-05T20:32:24Z</time>
      </trkpt>
      <trkpt lat="44.15622" lon="-73.66141">
        <ele>775.88</ele>
        <time>2026-07-05T20:32:32Z</time>
      </trkpt>
      <trkpt lat="44.15622" lon="-73.66141">
        <ele>775.88</ele>
        <time>2026-07-05T20:32:34Z</time>
      </trkpt>
      <trkpt lat="44.15619" lon="-73.66137">
        <ele>774.38</ele>
        <time>2026-07-05T20:32:39Z</time>
      </trkpt>
      <trkpt lat="44.15617" lon="-73.66134">
        <ele>773.35</ele>
        <time>2026-07-05T20:32:44Z</time>
      </trkpt>
      <trkpt lat="44.15617" lon="-73.66133">
        <ele>773.31</ele>
        <time>2026-07-05T20:32:45Z</time>
      </trkpt>
      <trkpt lat="44.15616" lon="-73.66131">
        <ele>772.71</ele>
        <time>2026-07-05T20:32:49Z</time>
      </trkpt>
      <trkpt lat="44.15616" lon="-73.6613">
        <ele>772.66</ele>
        <time>2026-07-05T20:32:50Z</time>
      </trkpt>
      <trkpt lat="44.15617" lon="-73.66124">
        <ele>772.79</ele>
        <time>2026-07-05T20:32:57Z</time>
      </trkpt>
      <trkpt lat="44.15617" lon="-73.66124">
        <ele>772.79</ele>
        <time>2026-07-05T20:32:58Z</time>
      </trkpt>
      <trkpt lat="44.15616" lon="-73.66123">
        <ele>772.26</ele>
        <time>2026-07-05T20:32:59Z</time>
      </trkpt>
      <trkpt lat="44.15616" lon="-73.66122">
        <ele>772.2</ele>
        <time>2026-07-05T20:33:00Z</time>
      </trkpt>
      <trkpt lat="44.15616" lon="-73.66117">
        <ele>772.11</ele>
        <time>2026-07-05T20:33:04Z</time>
      </trkpt>
      <trkpt lat="44.15616" lon="-73.66115">
        <ele>772.11</ele>
        <time>2026-07-05T20:33:05Z</time>
      </trkpt>
      <trkpt lat="44.15616" lon="-73.66113">
        <ele>772.11</ele>
        <time>2026-07-05T20:33:07Z</time>
      </trkpt>
      <trkpt lat="44.15619" lon="-73.66106">
        <ele>772.86</ele>
        <time>2026-07-05T20:33:14Z</time>
      </trkpt>
      <trkpt lat="44.15619" lon="-73.66104">
        <ele>772.64</ele>
        <time>2026-07-05T20:33:16Z</time>
      </trkpt>
      <trkpt lat="44.15619" lon="-73.66104">
        <ele>772.64</ele>
        <time>2026-07-05T20:33:17Z</time>
      </trkpt>
      <trkpt lat="44.1562" lon="-73.661">
        <ele>772.45</ele>
        <time>2026-07-05T20:33:23Z</time>
      </trkpt>
      <trkpt lat="44.1562" lon="-73.66097">
        <ele>771.81</ele>
        <time>2026-07-05T20:33:29Z</time>
      </trkpt>
      <trkpt lat="44.1562" lon="-73.66096">
        <ele>771.6</ele>
        <time>2026-07-05T20:33:30Z</time>
      </trkpt>
      <trkpt lat="44.15618" lon="-73.66092">
        <ele>770.15</ele>
        <time>2026-07-05T20:33:35Z</time>
      </trkpt>
      <trkpt lat="44.15618" lon="-73.66089">
        <ele>769.74</ele>
        <time>2026-07-05T20:33:38Z</time>
      </trkpt>
      <trkpt lat="44.15617" lon="-73.66087">
        <ele>769.08</ele>
        <time>2026-07-05T20:33:40Z</time>
      </trkpt>
      <trkpt lat="44.15615" lon="-73.66085">
        <ele>767.96</ele>
        <time>2026-07-05T20:33:43Z</time>
      </trkpt>
      <trkpt lat="44.15614" lon="-73.66086">
        <ele>767.73</ele>
        <time>2026-07-05T20:33:45Z</time>
      </trkpt>
      <trkpt lat="44.15614" lon="-73.66086">
        <ele>767.73</ele>
        <time>2026-07-05T20:33:46Z</time>
      </trkpt>
      <trkpt lat="44.15614" lon="-73.66085">
        <ele>767.55</ele>
        <time>2026-07-05T20:33:51Z</time>
      </trkpt>
      <trkpt lat="44.15614" lon="-73.66083">
        <ele>767.2</ele>
        <time>2026-07-05T20:33:53Z</time>
      </trkpt>
      <trkpt lat="44.15613" lon="-73.6608">
        <ele>766.38</ele>
        <time>2026-07-05T20:34:00Z</time>
      </trkpt>
      <trkpt lat="44.15612" lon="-73.66078">
        <ele>765.75</ele>
        <time>2026-07-05T20:34:02Z</time>
      </trkpt>
      <trkpt lat="44.15611" lon="-73.66076">
        <ele>765.16</ele>
        <time>2026-07-05T20:34:05Z</time>
      </trkpt>
      <trkpt lat="44.1561" lon="-73.66075">
        <ele>764.62</ele>
        <time>2026-07-05T20:34:10Z</time>
      </trkpt>
      <trkpt lat="44.15607" lon="-73.66073">
        <ele>763.04</ele>
        <time>2026-07-05T20:34:14Z</time>
      </trkpt>
      <trkpt lat="44.15607" lon="-73.66073">
        <ele>763.04</ele>
        <time>2026-07-05T20:34:18Z</time>
      </trkpt>
      <trkpt lat="44.15607" lon="-73.66072">
        <ele>762.88</ele>
        <time>2026-07-05T20:34:27Z</time>
      </trkpt>
      <trkpt lat="44.15607" lon="-73.6607">
        <ele>762.54</ele>
        <time>2026-07-05T20:34:35Z</time>
      </trkpt>
      <trkpt lat="44.15607" lon="-73.66069">
        <ele>762.37</ele>
        <time>2026-07-05T20:34:36Z</time>
      </trkpt>
      <trkpt lat="44.15607" lon="-73.66066">
        <ele>761.87</ele>
        <time>2026-07-05T20:34:41Z</time>
      </trkpt>
      <trkpt lat="44.15607" lon="-73.66063">
        <ele>761.47</ele>
        <time>2026-07-05T20:34:45Z</time>
      </trkpt>
      <trkpt lat="44.15607" lon="-73.66062">
        <ele>761.36</ele>
        <time>2026-07-05T20:34:47Z</time>
      </trkpt>
      <trkpt lat="44.15605" lon="-73.66059">
        <ele>760.39</ele>
        <time>2026-07-05T20:34:52Z</time>
      </trkpt>
      <trkpt lat="44.15605" lon="-73.66057">
        <ele>760.18</ele>
        <time>2026-07-05T20:34:54Z</time>
      </trkpt>
      <trkpt lat="44.15604" lon="-73.66054">
        <ele>759.49</ele>
        <time>2026-07-05T20:34:58Z</time>
      </trkpt>
      <trkpt lat="44.15602" lon="-73.66052">
        <ele>758.66</ele>
        <time>2026-07-05T20:35:03Z</time>
      </trkpt>
      <trkpt lat="44.15601" lon="-73.66052">
        <ele>758.38</ele>
        <time>2026-07-05T20:35:04Z</time>
      </trkpt>
      <trkpt lat="44.15601" lon="-73.66049">
        <ele>758.08</ele>
        <time>2026-07-05T20:35:09Z</time>
      </trkpt>
      <trkpt lat="44.15601" lon="-73.66046">
        <ele>757.75</ele>
        <time>2026-07-05T20:35:13Z</time>
      </trkpt>
      <trkpt lat="44.15602" lon="-73.66043">
        <ele>757.33</ele>
        <time>2026-07-05T20:35:16Z</time>
      </trkpt>
      <trkpt lat="44.15604" lon="-73.66038">
        <ele>756.88</ele>
        <time>2026-07-05T20:35:22Z</time>
      </trkpt>
      <trkpt lat="44.15604" lon="-73.66035">
        <ele>756.42</ele>
        <time>2026-07-05T20:35:25Z</time>
      </trkpt>
      <trkpt lat="44.15604" lon="-73.66032">
        <ele>756.03</ele>
        <time>2026-07-05T20:35:29Z</time>
      </trkpt>
      <trkpt lat="44.15604" lon="-73.66031">
        <ele>755.89</ele>
        <time>2026-07-05T20:35:30Z</time>
      </trkpt>
      <trkpt lat="44.15604" lon="-73.6603">
        <ele>755.76</ele>
        <time>2026-07-05T20:35:32Z</time>
      </trkpt>
      <trkpt lat="44.15603" lon="-73.66029">
        <ele>755.4</ele>
        <time>2026-07-05T20:35:34Z</time>
      </trkpt>
      <trkpt lat="44.15603" lon="-73.66027">
        <ele>755.07</ele>
        <time>2026-07-05T20:35:39Z</time>
      </trkpt>
      <trkpt lat="44.156" lon="-73.66024">
        <ele>753.78</ele>
        <time>2026-07-05T20:35:44Z</time>
      </trkpt>
      <trkpt lat="44.156" lon="-73.66022">
        <ele>753.35</ele>
        <time>2026-07-05T20:35:48Z</time>
      </trkpt>
      <trkpt lat="44.15599" lon="-73.6602">
        <ele>752.7</ele>
        <time>2026-07-05T20:35:53Z</time>
      </trkpt>
      <trkpt lat="44.15598" lon="-73.66017">
        <ele>751.91</ele>
        <time>2026-07-05T20:35:58Z</time>
      </trkpt>
      <trkpt lat="44.15597" lon="-73.66014">
        <ele>751.23</ele>
        <time>2026-07-05T20:36:01Z</time>
      </trkpt>
      <trkpt lat="44.15597" lon="-73.6601">
        <ele>750.59</ele>
        <time>2026-07-05T20:36:06Z</time>
      </trkpt>
      <trkpt lat="44.15596" lon="-73.66008">
        <ele>750.05</ele>
        <time>2026-07-05T20:36:16Z</time>
      </trkpt>
      <trkpt lat="44.15595" lon="-73.66009">
        <ele>750.2</ele>
        <time>2026-07-05T20:36:23Z</time>
      </trkpt>
      <trkpt lat="44.15593" lon="-73.66008">
        <ele>749.77</ele>
        <time>2026-07-05T20:36:28Z</time>
      </trkpt>
      <trkpt lat="44.1559" lon="-73.66007">
        <ele>749.02</ele>
        <time>2026-07-05T20:36:32Z</time>
      </trkpt>
      <trkpt lat="44.15588" lon="-73.66006">
        <ele>748.48</ele>
        <time>2026-07-05T20:36:37Z</time>
      </trkpt>
      <trkpt lat="44.15588" lon="-73.66004">
        <ele>748.15</ele>
        <time>2026-07-05T20:36:42Z</time>
      </trkpt>
      <trkpt lat="44.15587" lon="-73.66003">
        <ele>747.85</ele>
        <time>2026-07-05T20:36:44Z</time>
      </trkpt>
      <trkpt lat="44.15586" lon="-73.65999">
        <ele>747.07</ele>
        <time>2026-07-05T20:36:50Z</time>
      </trkpt>
      <trkpt lat="44.15586" lon="-73.65998">
        <ele>746.86</ele>
        <time>2026-07-05T20:36:51Z</time>
      </trkpt>
      <trkpt lat="44.15584" lon="-73.65994">
        <ele>745.78</ele>
        <time>2026-07-05T20:36:56Z</time>
      </trkpt>
      <trkpt lat="44.15582" lon="-73.65992">
        <ele>745.11</ele>
        <time>2026-07-05T20:36:59Z</time>
      </trkpt>
      <trkpt lat="44.15575" lon="-73.65991">
        <ele>744.13</ele>
        <time>2026-07-05T20:37:06Z</time>
      </trkpt>
      <trkpt lat="44.15574" lon="-73.6599">
        <ele>743.82</ele>
        <time>2026-07-05T20:37:08Z</time>
      </trkpt>
      <trkpt lat="44.15566" lon="-73.65988">
        <ele>741.92</ele>
        <time>2026-07-05T20:37:17Z</time>
      </trkpt>
      <trkpt lat="44.1556" lon="-73.65983">
        <ele>740.64</ele>
        <time>2026-07-05T20:37:24Z</time>
      </trkpt>
      <trkpt lat="44.15558" lon="-73.65983">
        <ele>740.43</ele>
        <time>2026-07-05T20:37:26Z</time>
      </trkpt>
      <trkpt lat="44.15555" lon="-73.65984">
        <ele>740.09</ele>
        <time>2026-07-05T20:37:31Z</time>
      </trkpt>
      <trkpt lat="44.15553" lon="-73.65984">
        <ele>739.44</ele>
        <time>2026-07-05T20:37:34Z</time>
      </trkpt>
      <trkpt lat="44.15552" lon="-73.65982">
        <ele>738.9</ele>
        <time>2026-07-05T20:37:38Z</time>
      </trkpt>
      <trkpt lat="44.15549" lon="-73.65979">
        <ele>737.53</ele>
        <time>2026-07-05T20:37:44Z</time>
      </trkpt>
      <trkpt lat="44.15547" lon="-73.65979">
        <ele>736.94</ele>
        <time>2026-07-05T20:37:47Z</time>
      </trkpt>
      <trkpt lat="44.15546" lon="-73.65979">
        <ele>736.67</ele>
        <time>2026-07-05T20:37:59Z</time>
      </trkpt>
      <trkpt lat="44.15547" lon="-73.65978">
        <ele>736.82</ele>
        <time>2026-07-05T20:38:24Z</time>
      </trkpt>
      <trkpt lat="44.15546" lon="-73.65976">
        <ele>736.34</ele>
        <time>2026-07-05T20:38:28Z</time>
      </trkpt>
      <trkpt lat="44.15544" lon="-73.65972">
        <ele>735.48</ele>
        <time>2026-07-05T20:38:34Z</time>
      </trkpt>
      <trkpt lat="44.15543" lon="-73.65971">
        <ele>735.16</ele>
        <time>2026-07-05T20:38:35Z</time>
      </trkpt>
      <trkpt lat="44.1554" lon="-73.65969">
        <ele>734.29</ele>
        <time>2026-07-05T20:38:40Z</time>
      </trkpt>
      <trkpt lat="44.15539" lon="-73.65968">
        <ele>733.97</ele>
        <time>2026-07-05T20:38:44Z</time>
      </trkpt>
      <trkpt lat="44.15538" lon="-73.65967">
        <ele>733.64</ele>
        <time>2026-07-05T20:38:45Z</time>
      </trkpt>
      <trkpt lat="44.15535" lon="-73.65965">
        <ele>732.56</ele>
        <time>2026-07-05T20:38:50Z</time>
      </trkpt>
      <trkpt lat="44.15534" lon="-73.65963">
        <ele>732.02</ele>
        <time>2026-07-05T20:38:54Z</time>
      </trkpt>
      <trkpt lat="44.15532" lon="-73.65961">
        <ele>731.06</ele>
        <time>2026-07-05T20:39:00Z</time>
      </trkpt>
      <trkpt lat="44.15533" lon="-73.65961">
        <ele>731.36</ele>
        <time>2026-07-05T20:39:02Z</time>
      </trkpt>
      <trkpt lat="44.15536" lon="-73.65957">
        <ele>731.45</ele>
        <time>2026-07-05T20:39:07Z</time>
      </trkpt>
      <trkpt lat="44.15534" lon="-73.6595">
        <ele>729.81</ele>
        <time>2026-07-05T20:39:15Z</time>
      </trkpt>
      <trkpt lat="44.15534" lon="-73.65949">
        <ele>729.67</ele>
        <time>2026-07-05T20:39:16Z</time>
      </trkpt>
      <trkpt lat="44.15534" lon="-73.65946">
        <ele>729.24</ele>
        <time>2026-07-05T20:39:21Z</time>
      </trkpt>
      <trkpt lat="44.15533" lon="-73.65942">
        <ele>728.16</ele>
        <time>2026-07-05T20:39:25Z</time>
      </trkpt>
      <trkpt lat="44.15532" lon="-73.65941">
        <ele>727.62</ele>
        <time>2026-07-05T20:39:29Z</time>
      </trkpt>
      <trkpt lat="44.15531" lon="-73.65939">
        <ele>726.87</ele>
        <time>2026-07-05T20:39:33Z</time>
      </trkpt>
      <trkpt lat="44.1553" lon="-73.65938">
        <ele>726.33</ele>
        <time>2026-07-05T20:39:35Z</time>
      </trkpt>
      <trkpt lat="44.1553" lon="-73.65935">
        <ele>725.68</ele>
        <time>2026-07-05T20:39:41Z</time>
      </trkpt>
      <trkpt lat="44.15528" lon="-73.65935">
        <ele>725.03</ele>
        <time>2026-07-05T20:39:53Z</time>
      </trkpt>
      <trkpt lat="44.15529" lon="-73.65937">
        <ele>725.79</ele>
        <time>2026-07-05T20:40:02Z</time>
      </trkpt>
      <trkpt lat="44.1553" lon="-73.65937">
        <ele>726.11</ele>
        <time>2026-07-05T20:40:03Z</time>
      </trkpt>
      <trkpt lat="44.15531" lon="-73.65938">
        <ele>726.65</ele>
        <time>2026-07-05T20:40:08Z</time>
      </trkpt>
      <trkpt lat="44.15531" lon="-73.65939">
        <ele>726.87</ele>
        <time>2026-07-05T20:40:12Z</time>
      </trkpt>
      <trkpt lat="44.1553" lon="-73.65939">
        <ele>726.54</ele>
        <time>2026-07-05T20:40:21Z</time>
      </trkpt>
      <trkpt lat="44.1553" lon="-73.65939">
        <ele>726.54</ele>
        <time>2026-07-05T20:40:26Z</time>
      </trkpt>
      <trkpt lat="44.1553" lon="-73.65939">
        <ele>726.54</ele>
        <time>2026-07-05T20:40:30Z</time>
      </trkpt>
      <trkpt lat="44.1553" lon="-73.65939">
        <ele>726.54</ele>
        <time>2026-07-05T20:40:44Z</time>
      </trkpt>
      <trkpt lat="44.1553" lon="-73.65939">
        <ele>726.54</ele>
        <time>2026-07-05T20:41:09Z</time>
      </trkpt>
      <trkpt lat="44.15529" lon="-73.65939">
        <ele>726.22</ele>
        <time>2026-07-05T20:41:12Z</time>
      </trkpt>
      <trkpt lat="44.1553" lon="-73.65939">
        <ele>726.54</ele>
        <time>2026-07-05T20:41:21Z</time>
      </trkpt>
      <trkpt lat="44.1553" lon="-73.65939">
        <ele>726.54</ele>
        <time>2026-07-05T20:41:30Z</time>
      </trkpt>
      <trkpt lat="44.15529" lon="-73.65939">
        <ele>726.22</ele>
        <time>2026-07-05T20:41:37Z</time>
      </trkpt>
      <trkpt lat="44.15529" lon="-73.65939">
        <ele>726.22</ele>
        <time>2026-07-05T20:41:38Z</time>
      </trkpt>
      <trkpt lat="44.15529" lon="-73.65939">
        <ele>726.22</ele>
        <time>2026-07-05T20:41:45Z</time>
      </trkpt>
      <trkpt lat="44.1553" lon="-73.65938">
        <ele>726.33</ele>
        <time>2026-07-05T20:41:51Z</time>
      </trkpt>
      <trkpt lat="44.1553" lon="-73.65938">
        <ele>726.33</ele>
        <time>2026-07-05T20:41:56Z</time>
      </trkpt>
      <trkpt lat="44.1553" lon="-73.6594">
        <ele>726.76</ele>
        <time>2026-07-05T20:42:04Z</time>
      </trkpt>
      <trkpt lat="44.1553" lon="-73.6594">
        <ele>726.76</ele>
        <time>2026-07-05T20:42:13Z</time>
      </trkpt>
      <trkpt lat="44.1553" lon="-73.65942">
        <ele>727.19</ele>
        <time>2026-07-05T20:42:23Z</time>
      </trkpt>
      <trkpt lat="44.15529" lon="-73.65942">
        <ele>726.87</ele>
        <time>2026-07-05T20:42:31Z</time>
      </trkpt>
      <trkpt lat="44.15529" lon="-73.65942">
        <ele>726.87</ele>
        <time>2026-07-05T20:42:36Z</time>
      </trkpt>
      <trkpt lat="44.15529" lon="-73.65939">
        <ele>726.22</ele>
        <time>2026-07-05T20:43:46Z</time>
      </trkpt>
      <trkpt lat="44.15528" lon="-73.65942">
        <ele>726.54</ele>
        <time>2026-07-05T20:43:59Z</time>
      </trkpt>
      <trkpt lat="44.15529" lon="-73.65942">
        <ele>726.87</ele>
        <time>2026-07-05T20:44:15Z</time>
      </trkpt>
      <trkpt lat="44.15529" lon="-73.65941">
        <ele>726.65</ele>
        <time>2026-07-05T20:44:32Z</time>
      </trkpt>
      <trkpt lat="44.15529" lon="-73.6594">
        <ele>726.44</ele>
        <time>2026-07-05T20:44:37Z</time>
      </trkpt>
      <trkpt lat="44.1553" lon="-73.65939">
        <ele>726.54</ele>
        <time>2026-07-05T20:44:47Z</time>
      </trkpt>
      <trkpt lat="44.1553" lon="-73.65938">
        <ele>726.33</ele>
        <time>2026-07-05T20:44:55Z</time>
      </trkpt>
      <trkpt lat="44.1553" lon="-73.65938">
        <ele>726.33</ele>
        <time>2026-07-05T20:45:07Z</time>
      </trkpt>
      <trkpt lat="44.15532" lon="-73.65937">
        <ele>726.76</ele>
        <time>2026-07-05T20:45:15Z</time>
      </trkpt>
      <trkpt lat="44.15533" lon="-73.65937">
        <ele>727.08</ele>
        <time>2026-07-05T20:45:19Z</time>
      </trkpt>
      <trkpt lat="44.15532" lon="-73.65936">
        <ele>726.54</ele>
        <time>2026-07-05T20:45:32Z</time>
      </trkpt>
      <trkpt lat="44.15531" lon="-73.65935">
        <ele>726.0</ele>
        <time>2026-07-05T20:45:36Z</time>
      </trkpt>
      <trkpt lat="44.1553" lon="-73.65937">
        <ele>726.11</ele>
        <time>2026-07-05T20:45:45Z</time>
      </trkpt>
      <trkpt lat="44.15531" lon="-73.65935">
        <ele>726.0</ele>
        <time>2026-07-05T20:45:56Z</time>
      </trkpt>
      <trkpt lat="44.1553" lon="-73.65937">
        <ele>726.11</ele>
        <time>2026-07-05T20:46:16Z</time>
      </trkpt>
      <trkpt lat="44.1553" lon="-73.65938">
        <ele>726.33</ele>
        <time>2026-07-05T20:46:18Z</time>
      </trkpt>
      <trkpt lat="44.1553" lon="-73.65937">
        <ele>726.11</ele>
        <time>2026-07-05T20:46:19Z</time>
      </trkpt>
      <trkpt lat="44.1553" lon="-73.65937">
        <ele>726.11</ele>
        <time>2026-07-05T20:46:25Z</time>
      </trkpt>
      <trkpt lat="44.15531" lon="-73.65936">
        <ele>726.22</ele>
        <time>2026-07-05T20:47:19Z</time>
      </trkpt>
      <trkpt lat="44.15533" lon="-73.65938">
        <ele>727.3</ele>
        <time>2026-07-05T20:47:28Z</time>
      </trkpt>
      <trkpt lat="44.15533" lon="-73.65937">
        <ele>727.08</ele>
        <time>2026-07-05T20:47:32Z</time>
      </trkpt>
      <trkpt lat="44.15531" lon="-73.65934">
        <ele>725.74</ele>
        <time>2026-07-05T20:47:42Z</time>
      </trkpt>
      <trkpt lat="44.15532" lon="-73.65935">
        <ele>726.32</ele>
        <time>2026-07-05T20:47:46Z</time>
      </trkpt>
      <trkpt lat="44.15532" lon="-73.65936">
        <ele>726.54</ele>
        <time>2026-07-05T20:47:48Z</time>
      </trkpt>
      <trkpt lat="44.15533" lon="-73.65938">
        <ele>727.3</ele>
        <time>2026-07-05T20:47:53Z</time>
      </trkpt>
      <trkpt lat="44.15532" lon="-73.65939">
        <ele>727.19</ele>
        <time>2026-07-05T20:47:58Z</time>
      </trkpt>
      <trkpt lat="44.15531" lon="-73.65938">
        <ele>726.65</ele>
        <time>2026-07-05T20:48:01Z</time>
      </trkpt>
      <trkpt lat="44.15531" lon="-73.65936">
        <ele>726.22</ele>
        <time>2026-07-05T20:48:12Z</time>
      </trkpt>
      <trkpt lat="44.15532" lon="-73.65935">
        <ele>726.32</ele>
        <time>2026-07-05T20:48:17Z</time>
      </trkpt>
      <trkpt lat="44.15532" lon="-73.65935">
        <ele>726.32</ele>
        <time>2026-07-05T20:48:22Z</time>
      </trkpt>
      <trkpt lat="44.15531" lon="-73.65933">
        <ele>725.49</ele>
        <time>2026-07-05T20:48:33Z</time>
      </trkpt>
      <trkpt lat="44.1553" lon="-73.65933">
        <ele>725.19</ele>
        <time>2026-07-05T20:48:35Z</time>
      </trkpt>
      <trkpt lat="44.15527" lon="-73.65931">
        <ele>723.84</ele>
        <time>2026-07-05T20:48:43Z</time>
      </trkpt>
      <trkpt lat="44.15523" lon="-73.6593">
        <ele>722.33</ele>
        <time>2026-07-05T20:48:49Z</time>
      </trkpt>
      <trkpt lat="44.1552" lon="-73.6593">
        <ele>721.36</ele>
        <time>2026-07-05T20:48:52Z</time>
      </trkpt>
      <trkpt lat="44.15518" lon="-73.6593">
        <ele>720.69</ele>
        <time>2026-07-05T20:48:55Z</time>
      </trkpt>
      <trkpt lat="44.15516" lon="-73.6593">
        <ele>719.94</ele>
        <time>2026-07-05T20:48:57Z</time>
      </trkpt>
      <trkpt lat="44.15514" lon="-73.65929">
        <ele>719.04</ele>
        <time>2026-07-05T20:49:00Z</time>
      </trkpt>
      <trkpt lat="44.15514" lon="-73.65929">
        <ele>719.04</ele>
        <time>2026-07-05T20:49:02Z</time>
      </trkpt>
      <trkpt lat="44.15514" lon="-73.65928">
        <ele>718.87</ele>
        <time>2026-07-05T20:49:03Z</time>
      </trkpt>
      <trkpt lat="44.15514" lon="-73.65923">
        <ele>718.06</ele>
        <time>2026-07-05T20:49:09Z</time>
      </trkpt>
      <trkpt lat="44.15514" lon="-73.65922">
        <ele>717.89</ele>
        <time>2026-07-05T20:49:10Z</time>
      </trkpt>
      <trkpt lat="44.15513" lon="-73.65915">
        <ele>716.52</ele>
        <time>2026-07-05T20:49:19Z</time>
      </trkpt>
      <trkpt lat="44.1551" lon="-73.65908">
        <ele>714.36</ele>
        <time>2026-07-05T20:49:31Z</time>
      </trkpt>
      <trkpt lat="44.15509" lon="-73.65907">
        <ele>713.9</ele>
        <time>2026-07-05T20:49:32Z</time>
      </trkpt>
      <trkpt lat="44.15507" lon="-73.65905">
        <ele>713.25</ele>
        <time>2026-07-05T20:49:37Z</time>
      </trkpt>
      <trkpt lat="44.15507" lon="-73.65904">
        <ele>713.14</ele>
        <time>2026-07-05T20:49:39Z</time>
      </trkpt>
      <trkpt lat="44.15505" lon="-73.65904">
        <ele>712.71</ele>
        <time>2026-07-05T20:49:41Z</time>
      </trkpt>
      <trkpt lat="44.15505" lon="-73.65903">
        <ele>712.6</ele>
        <time>2026-07-05T20:49:49Z</time>
      </trkpt>
      <trkpt lat="44.15505" lon="-73.65903">
        <ele>712.6</ele>
        <time>2026-07-05T20:49:50Z</time>
      </trkpt>
      <trkpt lat="44.15505" lon="-73.65899">
        <ele>712.17</ele>
        <time>2026-07-05T20:49:59Z</time>
      </trkpt>
      <trkpt lat="44.15507" lon="-73.65893">
        <ele>711.54</ele>
        <time>2026-07-05T20:50:07Z</time>
      </trkpt>
      <trkpt lat="44.15506" lon="-73.65891">
        <ele>711.02</ele>
        <time>2026-07-05T20:50:09Z</time>
      </trkpt>
      <trkpt lat="44.15506" lon="-73.6589">
        <ele>710.85</ele>
        <time>2026-07-05T20:50:12Z</time>
      </trkpt>
      <trkpt lat="44.15503" lon="-73.65885">
        <ele>709.62</ele>
        <time>2026-07-05T20:50:18Z</time>
      </trkpt>
      <trkpt lat="44.15503" lon="-73.65885">
        <ele>709.62</ele>
        <time>2026-07-05T20:50:19Z</time>
      </trkpt>
      <trkpt lat="44.15503" lon="-73.65883">
        <ele>709.26</ele>
        <time>2026-07-05T20:50:23Z</time>
      </trkpt>
      <trkpt lat="44.15503" lon="-73.6588">
        <ele>708.72</ele>
        <time>2026-07-05T20:50:28Z</time>
      </trkpt>
      <trkpt lat="44.15502" lon="-73.65878">
        <ele>708.22</ele>
        <time>2026-07-05T20:50:30Z</time>
      </trkpt>
      <trkpt lat="44.15498" lon="-73.65875">
        <ele>707.18</ele>
        <time>2026-07-05T20:50:38Z</time>
      </trkpt>
      <trkpt lat="44.15498" lon="-73.65875">
        <ele>707.18</ele>
        <time>2026-07-05T20:50:39Z</time>
      </trkpt>
      <trkpt lat="44.15492" lon="-73.65877">
        <ele>706.23</ele>
        <time>2026-07-05T20:50:47Z</time>
      </trkpt>
      <trkpt lat="44.1549" lon="-73.65876">
        <ele>705.79</ele>
        <time>2026-07-05T20:50:53Z</time>
      </trkpt>
      <trkpt lat="44.1549" lon="-73.65878">
        <ele>705.77</ele>
        <time>2026-07-05T20:50:55Z</time>
      </trkpt>
      <trkpt lat="44.15489" lon="-73.65882">
        <ele>705.6</ele>
        <time>2026-07-05T20:51:00Z</time>
      </trkpt>
      <trkpt lat="44.15487" lon="-73.65881">
        <ele>704.82</ele>
        <time>2026-07-05T20:51:04Z</time>
      </trkpt>
      <trkpt lat="44.15487" lon="-73.65882">
        <ele>704.84</ele>
        <time>2026-07-05T20:51:06Z</time>
      </trkpt>
      <trkpt lat="44.15486" lon="-73.65882">
        <ele>704.46</ele>
        <time>2026-07-05T20:51:07Z</time>
      </trkpt>
      <trkpt lat="44.15485" lon="-73.6588">
        <ele>704.13</ele>
        <time>2026-07-05T20:51:12Z</time>
      </trkpt>
      <trkpt lat="44.15484" lon="-73.65879">
        <ele>703.87</ele>
        <time>2026-07-05T20:51:14Z</time>
      </trkpt>
      <trkpt lat="44.15483" lon="-73.65879">
        <ele>703.55</ele>
        <time>2026-07-05T20:51:18Z</time>
      </trkpt>
      <trkpt lat="44.15482" lon="-73.65879">
        <ele>703.23</ele>
        <time>2026-07-05T20:51:22Z</time>
      </trkpt>
      <trkpt lat="44.15481" lon="-73.65879">
        <ele>702.96</ele>
        <time>2026-07-05T20:51:23Z</time>
      </trkpt>
      <trkpt lat="44.1548" lon="-73.6588">
        <ele>702.63</ele>
        <time>2026-07-05T20:51:30Z</time>
      </trkpt>
      <trkpt lat="44.15481" lon="-73.6588">
        <ele>702.85</ele>
        <time>2026-07-05T20:51:32Z</time>
      </trkpt>
      <trkpt lat="44.15481" lon="-73.6588">
        <ele>702.85</ele>
        <time>2026-07-05T20:51:33Z</time>
      </trkpt>
      <trkpt lat="44.15481" lon="-73.6588">
        <ele>702.85</ele>
        <time>2026-07-05T20:51:35Z</time>
      </trkpt>
      <trkpt lat="44.15481" lon="-73.6588">
        <ele>702.85</ele>
        <time>2026-07-05T20:51:38Z</time>
      </trkpt>
      <trkpt lat="44.15481" lon="-73.65879">
        <ele>702.96</ele>
        <time>2026-07-05T20:51:40Z</time>
      </trkpt>
      <trkpt lat="44.15481" lon="-73.65879">
        <ele>702.96</ele>
        <time>2026-07-05T20:51:44Z</time>
      </trkpt>
      <trkpt lat="44.15481" lon="-73.65877">
        <ele>703.18</ele>
        <time>2026-07-05T20:51:50Z</time>
      </trkpt>
      <trkpt lat="44.15481" lon="-73.65876">
        <ele>703.29</ele>
        <time>2026-07-05T20:51:52Z</time>
      </trkpt>
      <trkpt lat="44.1548" lon="-73.65875">
        <ele>703.18</ele>
        <time>2026-07-05T20:51:58Z</time>
      </trkpt>
      <trkpt lat="44.15479" lon="-73.65874">
        <ele>703.07</ele>
        <time>2026-07-05T20:52:01Z</time>
      </trkpt>
      <trkpt lat="44.15479" lon="-73.65874">
        <ele>703.07</ele>
        <time>2026-07-05T20:52:07Z</time>
      </trkpt>
      <trkpt lat="44.15478" lon="-73.65874">
        <ele>702.86</ele>
        <time>2026-07-05T20:52:08Z</time>
      </trkpt>
      <trkpt lat="44.15478" lon="-73.65873">
        <ele>702.96</ele>
        <time>2026-07-05T20:52:12Z</time>
      </trkpt>
      <trkpt lat="44.15477" lon="-73.65872">
        <ele>702.86</ele>
        <time>2026-07-05T20:52:15Z</time>
      </trkpt>
      <trkpt lat="44.15477" lon="-73.65872">
        <ele>702.86</ele>
        <time>2026-07-05T20:52:16Z</time>
      </trkpt>
      <trkpt lat="44.15476" lon="-73.6587">
        <ele>702.82</ele>
        <time>2026-07-05T20:52:22Z</time>
      </trkpt>
      <trkpt lat="44.15476" lon="-73.6587">
        <ele>702.82</ele>
        <time>2026-07-05T20:52:24Z</time>
      </trkpt>
      <trkpt lat="44.15477" lon="-73.65868">
        <ele>703.02</ele>
        <time>2026-07-05T20:52:30Z</time>
      </trkpt>
      <trkpt lat="44.15476" lon="-73.65865">
        <ele>702.92</ele>
        <time>2026-07-05T20:52:36Z</time>
      </trkpt>
      <trkpt lat="44.15476" lon="-73.65863">
        <ele>702.96</ele>
        <time>2026-07-05T20:52:45Z</time>
      </trkpt>
      <trkpt lat="44.15476" lon="-73.65862">
        <ele>702.98</ele>
        <time>2026-07-05T20:52:52Z</time>
      </trkpt>
      <trkpt lat="44.15476" lon="-73.65862">
        <ele>702.98</ele>
        <time>2026-07-05T20:52:59Z</time>
      </trkpt>
      <trkpt lat="44.15476" lon="-73.65861">
        <ele>702.99</ele>
        <time>2026-07-05T20:53:03Z</time>
      </trkpt>
      <trkpt lat="44.15476" lon="-73.65861">
        <ele>702.99</ele>
        <time>2026-07-05T20:53:05Z</time>
      </trkpt>
      <trkpt lat="44.15476" lon="-73.65862">
        <ele>702.98</ele>
        <time>2026-07-05T20:53:08Z</time>
      </trkpt>
      <trkpt lat="44.15476" lon="-73.65862">
        <ele>702.98</ele>
        <time>2026-07-05T20:53:09Z</time>
      </trkpt>
      <trkpt lat="44.15476" lon="-73.65862">
        <ele>702.98</ele>
        <time>2026-07-05T20:53:11Z</time>
      </trkpt>
      <trkpt lat="44.15476" lon="-73.65861">
        <ele>702.99</ele>
        <time>2026-07-05T20:53:14Z</time>
      </trkpt>
      <trkpt lat="44.15476" lon="-73.65862">
        <ele>702.98</ele>
        <time>2026-07-05T20:53:21Z</time>
      </trkpt>
      <trkpt lat="44.15476" lon="-73.65862">
        <ele>702.98</ele>
        <time>2026-07-05T20:53:22Z</time>
      </trkpt>
      <trkpt lat="44.15475" lon="-73.65862">
        <ele>702.96</ele>
        <time>2026-07-05T20:53:26Z</time>
      </trkpt>
      <trkpt lat="44.15473" lon="-73.65859">
        <ele>702.79</ele>
        <time>2026-07-05T20:53:38Z</time>
      </trkpt>
      <trkpt lat="44.15474" lon="-73.65859">
        <ele>702.82</ele>
        <time>2026-07-05T20:53:45Z</time>
      </trkpt>
      <trkpt lat="44.15474" lon="-73.65856">
        <ele>702.55</ele>
        <time>2026-07-05T20:53:53Z</time>
      </trkpt>
      <trkpt lat="44.15474" lon="-73.65855">
        <ele>702.47</ele>
        <time>2026-07-05T20:53:57Z</time>
      </trkpt>
      <trkpt lat="44.15474" lon="-73.65854">
        <ele>702.38</ele>
        <time>2026-07-05T20:53:58Z</time>
      </trkpt>
      <trkpt lat="44.15474" lon="-73.65853">
        <ele>702.29</ele>
        <time>2026-07-05T20:54:00Z</time>
      </trkpt>
      <trkpt lat="44.15473" lon="-73.65853">
        <ele>702.2</ele>
        <time>2026-07-05T20:54:02Z</time>
      </trkpt>
      <trkpt lat="44.15471" lon="-73.65848">
        <ele>701.53</ele>
        <time>2026-07-05T20:54:10Z</time>
      </trkpt>
      <trkpt lat="44.15471" lon="-73.65847">
        <ele>701.41</ele>
        <time>2026-07-05T20:54:13Z</time>
      </trkpt>
      <trkpt lat="44.15471" lon="-73.65843">
        <ele>700.92</ele>
        <time>2026-07-05T20:54:19Z</time>
      </trkpt>
      <trkpt lat="44.15471" lon="-73.65842">
        <ele>700.74</ele>
        <time>2026-07-05T20:54:20Z</time>
      </trkpt>
      <trkpt lat="44.1547" lon="-73.65836">
        <ele>699.34</ele>
        <time>2026-07-05T20:54:27Z</time>
      </trkpt>
      <trkpt lat="44.15469" lon="-73.65835">
        <ele>699.01</ele>
        <time>2026-07-05T20:54:28Z</time>
      </trkpt>
      <trkpt lat="44.15464" lon="-73.65823">
        <ele>694.65</ele>
        <time>2026-07-05T20:54:40Z</time>
      </trkpt>
      <trkpt lat="44.1546" lon="-73.65817">
        <ele>692.39</ele>
        <time>2026-07-05T20:54:47Z</time>
      </trkpt>
      <trkpt lat="44.15458" lon="-73.65814">
        <ele>691.2</ele>
        <time>2026-07-05T20:54:50Z</time>
      </trkpt>
      <trkpt lat="44.15456" lon="-73.65809">
        <ele>689.36</ele>
        <time>2026-07-05T20:54:57Z</time>
      </trkpt>
      <trkpt lat="44.15452" lon="-73.65803">
        <ele>687.21</ele>
        <time>2026-07-05T20:55:05Z</time>
      </trkpt>
      <trkpt lat="44.15446" lon="-73.658">
        <ele>685.47</ele>
        <time>2026-07-05T20:55:15Z</time>
      </trkpt>
      <trkpt lat="44.15441" lon="-73.65801">
        <ele>684.59</ele>
        <time>2026-07-05T20:55:23Z</time>
      </trkpt>
      <trkpt lat="44.15437" lon="-73.658">
        <ele>683.27</ele>
        <time>2026-07-05T20:55:29Z</time>
      </trkpt>
      <trkpt lat="44.15436" lon="-73.65801">
        <ele>683.24</ele>
        <time>2026-07-05T20:55:31Z</time>
      </trkpt>
      <trkpt lat="44.15432" lon="-73.65803">
        <ele>682.67</ele>
        <time>2026-07-05T20:55:36Z</time>
      </trkpt>
      <trkpt lat="44.15426" lon="-73.65805">
        <ele>681.84</ele>
        <time>2026-07-05T20:55:44Z</time>
      </trkpt>
      <trkpt lat="44.15419" lon="-73.65804">
        <ele>677.88</ele>
        <time>2026-07-05T20:55:54Z</time>
      </trkpt>
      <trkpt lat="44.15418" lon="-73.65801">
        <ele>676.67</ele>
        <time>2026-07-05T20:56:01Z</time>
      </trkpt>
      <trkpt lat="44.15418" lon="-73.65801">
        <ele>676.67</ele>
        <time>2026-07-05T20:56:02Z</time>
      </trkpt>
      <trkpt lat="44.15419" lon="-73.65797">
        <ele>676.18</ele>
        <time>2026-07-05T20:56:06Z</time>
      </trkpt>
      <trkpt lat="44.15419" lon="-73.65797">
        <ele>676.18</ele>
        <time>2026-07-05T20:56:10Z</time>
      </trkpt>
      <trkpt lat="44.1542" lon="-73.65796">
        <ele>676.34</ele>
        <time>2026-07-05T20:56:16Z</time>
      </trkpt>
      <trkpt lat="44.15425" lon="-73.65791">
        <ele>676.88</ele>
        <time>2026-07-05T20:56:28Z</time>
      </trkpt>
      <trkpt lat="44.15429" lon="-73.65788">
        <ele>677.61</ele>
        <time>2026-07-05T20:56:34Z</time>
      </trkpt>
      <trkpt lat="44.15432" lon="-73.65785">
        <ele>678.04</ele>
        <time>2026-07-05T20:56:38Z</time>
      </trkpt>
      <trkpt lat="44.15437" lon="-73.65781">
        <ele>678.44</ele>
        <time>2026-07-05T20:56:46Z</time>
      </trkpt>
      <trkpt lat="44.15438" lon="-73.6578">
        <ele>678.33</ele>
        <time>2026-07-05T20:56:47Z</time>
      </trkpt>
      <trkpt lat="44.1544" lon="-73.65778">
        <ele>678.11</ele>
        <time>2026-07-05T20:56:51Z</time>
      </trkpt>
      <trkpt lat="44.15443" lon="-73.65773">
        <ele>677.58</ele>
        <time>2026-07-05T20:56:58Z</time>
      </trkpt>
      <trkpt lat="44.15444" lon="-73.65773">
        <ele>677.85</ele>
        <time>2026-07-05T20:56:59Z</time>
      </trkpt>
      <trkpt lat="44.15447" lon="-73.6577">
        <ele>677.64</ele>
        <time>2026-07-05T20:57:06Z</time>
      </trkpt>
      <trkpt lat="44.15447" lon="-73.65769">
        <ele>677.39</ele>
        <time>2026-07-05T20:57:07Z</time>
      </trkpt>
      <trkpt lat="44.15449" lon="-73.65765">
        <ele>676.54</ele>
        <time>2026-07-05T20:57:16Z</time>
      </trkpt>
      <trkpt lat="44.1545" lon="-73.65764">
        <ele>676.43</ele>
        <time>2026-07-05T20:57:26Z</time>
      </trkpt>
      <trkpt lat="44.1545" lon="-73.65763">
        <ele>676.17</ele>
        <time>2026-07-05T20:57:27Z</time>
      </trkpt>
      <trkpt lat="44.15452" lon="-73.65759">
        <ele>675.55</ele>
        <time>2026-07-05T20:57:32Z</time>
      </trkpt>
      <trkpt lat="44.15453" lon="-73.65757">
        <ele>675.12</ele>
        <time>2026-07-05T20:57:36Z</time>
      </trkpt>
      <trkpt lat="44.15454" lon="-73.65757">
        <ele>675.3</ele>
        <time>2026-07-05T20:57:37Z</time>
      </trkpt>
      <trkpt lat="44.15456" lon="-73.65754">
        <ele>674.54</ele>
        <time>2026-07-05T20:57:45Z</time>
      </trkpt>
      <trkpt lat="44.15456" lon="-73.65754">
        <ele>674.54</ele>
        <time>2026-07-05T20:57:46Z</time>
      </trkpt>
      <trkpt lat="44.15454" lon="-73.65754">
        <ele>674.33</ele>
        <time>2026-07-05T20:57:52Z</time>
      </trkpt>
      <trkpt lat="44.15454" lon="-73.65753">
        <ele>674.0</ele>
        <time>2026-07-05T20:57:55Z</time>
      </trkpt>
      <trkpt lat="44.15456" lon="-73.65752">
        <ele>673.9</ele>
        <time>2026-07-05T20:58:01Z</time>
      </trkpt>
      <trkpt lat="44.15456" lon="-73.6575">
        <ele>673.25</ele>
        <time>2026-07-05T20:58:03Z</time>
      </trkpt>
      <trkpt lat="44.15456" lon="-73.65747">
        <ele>672.28</ele>
        <time>2026-07-05T20:58:09Z</time>
      </trkpt>
      <trkpt lat="44.15455" lon="-73.65747">
        <ele>672.17</ele>
        <time>2026-07-05T20:58:10Z</time>
      </trkpt>
      <trkpt lat="44.15454" lon="-73.65744">
        <ele>671.09</ele>
        <time>2026-07-05T20:58:17Z</time>
      </trkpt>
      <trkpt lat="44.15454" lon="-73.65743">
        <ele>670.76</ele>
        <time>2026-07-05T20:58:20Z</time>
      </trkpt>
      <trkpt lat="44.15454" lon="-73.65743">
        <ele>670.76</ele>
        <time>2026-07-05T20:58:23Z</time>
      </trkpt>
      <trkpt lat="44.15452" lon="-73.65741">
        <ele>669.89</ele>
        <time>2026-07-05T20:58:30Z</time>
      </trkpt>
      <trkpt lat="44.15452" lon="-73.6574">
        <ele>669.74</ele>
        <time>2026-07-05T20:58:32Z</time>
      </trkpt>
      <trkpt lat="44.15448" lon="-73.65737">
        <ele>668.98</ele>
        <time>2026-07-05T20:58:38Z</time>
      </trkpt>
      <trkpt lat="44.1545" lon="-73.65737">
        <ele>669.2</ele>
        <time>2026-07-05T20:58:45Z</time>
      </trkpt>
      <trkpt lat="44.1545" lon="-73.65737">
        <ele>669.2</ele>
        <time>2026-07-05T20:58:48Z</time>
      </trkpt>
      <trkpt lat="44.15448" lon="-73.65737">
        <ele>668.98</ele>
        <time>2026-07-05T20:58:58Z</time>
      </trkpt>
      <trkpt lat="44.15448" lon="-73.65736">
        <ele>668.87</ele>
        <time>2026-07-05T20:59:02Z</time>
      </trkpt>
      <trkpt lat="44.15446" lon="-73.65736">
        <ele>668.66</ele>
        <time>2026-07-05T20:59:06Z</time>
      </trkpt>
      <trkpt lat="44.15446" lon="-73.65736">
        <ele>668.66</ele>
        <time>2026-07-05T20:59:09Z</time>
      </trkpt>
      <trkpt lat="44.15446" lon="-73.65736">
        <ele>668.66</ele>
        <time>2026-07-05T20:59:11Z</time>
      </trkpt>
      <trkpt lat="44.15444" lon="-73.65734">
        <ele>668.22</ele>
        <time>2026-07-05T20:59:16Z</time>
      </trkpt>
      <trkpt lat="44.15443" lon="-73.65732">
        <ele>667.9</ele>
        <time>2026-07-05T20:59:25Z</time>
      </trkpt>
      <trkpt lat="44.15443" lon="-73.65731">
        <ele>667.79</ele>
        <time>2026-07-05T20:59:28Z</time>
      </trkpt>
      <trkpt lat="44.15443" lon="-73.65727">
        <ele>667.36</ele>
        <time>2026-07-05T20:59:34Z</time>
      </trkpt>
      <trkpt lat="44.15443" lon="-73.65724">
        <ele>667.04</ele>
        <time>2026-07-05T20:59:37Z</time>
      </trkpt>
      <trkpt lat="44.15442" lon="-73.65721">
        <ele>666.64</ele>
        <time>2026-07-05T20:59:41Z</time>
      </trkpt>
      <trkpt lat="44.15442" lon="-73.65717">
        <ele>666.32</ele>
        <time>2026-07-05T20:59:46Z</time>
      </trkpt>
      <trkpt lat="44.15442" lon="-73.65716">
        <ele>666.24</ele>
        <time>2026-07-05T20:59:48Z</time>
      </trkpt>
      <trkpt lat="44.15442" lon="-73.65712">
        <ele>665.82</ele>
        <time>2026-07-05T20:59:54Z</time>
      </trkpt>
      <trkpt lat="44.15445" lon="-73.65706">
        <ele>664.48</ele>
        <time>2026-07-05T21:00:02Z</time>
      </trkpt>
      <trkpt lat="44.15447" lon="-73.65703">
        <ele>663.9</ele>
        <time>2026-07-05T21:00:09Z</time>
      </trkpt>
      <trkpt lat="44.15449" lon="-73.65701">
        <ele>663.56</ele>
        <time>2026-07-05T21:00:14Z</time>
      </trkpt>
      <trkpt lat="44.15449" lon="-73.657">
        <ele>663.4</ele>
        <time>2026-07-05T21:00:15Z</time>
      </trkpt>
      <trkpt lat="44.1545" lon="-73.65694">
        <ele>662.35</ele>
        <time>2026-07-05T21:00:22Z</time>
      </trkpt>
      <trkpt lat="44.1545" lon="-73.65692">
        <ele>662.14</ele>
        <time>2026-07-05T21:00:24Z</time>
      </trkpt>
      <trkpt lat="44.1545" lon="-73.65686">
        <ele>661.49</ele>
        <time>2026-07-05T21:00:28Z</time>
      </trkpt>
      <trkpt lat="44.15448" lon="-73.65682">
        <ele>660.8</ele>
        <time>2026-07-05T21:00:32Z</time>
      </trkpt>
      <trkpt lat="44.15445" lon="-73.65675">
        <ele>659.67</ele>
        <time>2026-07-05T21:00:38Z</time>
      </trkpt>
      <trkpt lat="44.15444" lon="-73.65675">
        <ele>659.9</ele>
        <time>2026-07-05T21:00:41Z</time>
      </trkpt>
      <trkpt lat="44.15438" lon="-73.65673">
        <ele>660.76</ele>
        <time>2026-07-05T21:00:46Z</time>
      </trkpt>
      <trkpt lat="44.15436" lon="-73.65673">
        <ele>661.19</ele>
        <time>2026-07-05T21:00:49Z</time>
      </trkpt>
      <trkpt lat="44.15436" lon="-73.65672">
        <ele>660.98</ele>
        <time>2026-07-05T21:00:55Z</time>
      </trkpt>
      <trkpt lat="44.15436" lon="-73.65672">
        <ele>660.98</ele>
        <time>2026-07-05T21:00:57Z</time>
      </trkpt>
      <trkpt lat="44.15434" lon="-73.65672">
        <ele>661.33</ele>
        <time>2026-07-05T21:01:04Z</time>
      </trkpt>
      <trkpt lat="44.15433" lon="-73.65672">
        <ele>661.49</ele>
        <time>2026-07-05T21:01:08Z</time>
      </trkpt>
      <trkpt lat="44.15429" lon="-73.6567">
        <ele>661.82</ele>
        <time>2026-07-05T21:01:14Z</time>
      </trkpt>
      <trkpt lat="44.15428" lon="-73.6567">
        <ele>661.99</ele>
        <time>2026-07-05T21:01:15Z</time>
      </trkpt>
      <trkpt lat="44.15426" lon="-73.6567">
        <ele>662.35</ele>
        <time>2026-07-05T21:01:17Z</time>
      </trkpt>
      <trkpt lat="44.15425" lon="-73.65669">
        <ele>662.53</ele>
        <time>2026-07-05T21:01:21Z</time>
      </trkpt>
      <trkpt lat="44.15425" lon="-73.6567">
        <ele>662.62</ele>
        <time>2026-07-05T21:01:23Z</time>
      </trkpt>
      <trkpt lat="44.15419" lon="-73.65669">
        <ele>664.31</ele>
        <time>2026-07-05T21:01:30Z</time>
      </trkpt>
      <trkpt lat="44.15418" lon="-73.65669">
        <ele>664.6</ele>
        <time>2026-07-05T21:01:31Z</time>
      </trkpt>
      <trkpt lat="44.15417" lon="-73.65669">
        <ele>664.9</ele>
        <time>2026-07-05T21:01:32Z</time>
      </trkpt>
      <trkpt lat="44.15414" lon="-73.65669">
        <ele>665.86</ele>
        <time>2026-07-05T21:01:37Z</time>
      </trkpt>
      <trkpt lat="44.15413" lon="-73.6567">
        <ele>666.19</ele>
        <time>2026-07-05T21:01:38Z</time>
      </trkpt>
      <trkpt lat="44.15412" lon="-73.65671">
        <ele>666.51</ele>
        <time>2026-07-05T21:01:40Z</time>
      </trkpt>
      <trkpt lat="44.15411" lon="-73.65672">
        <ele>666.84</ele>
        <time>2026-07-05T21:01:44Z</time>
      </trkpt>
      <trkpt lat="44.1541" lon="-73.65672">
        <ele>667.16</ele>
        <time>2026-07-05T21:01:45Z</time>
      </trkpt>
      <trkpt lat="44.1541" lon="-73.65672">
        <ele>667.16</ele>
        <time>2026-07-05T21:01:46Z</time>
      </trkpt>
      <trkpt lat="44.15409" lon="-73.65673">
        <ele>667.48</ele>
        <time>2026-07-05T21:01:48Z</time>
      </trkpt>
      <trkpt lat="44.15405" lon="-73.65677">
        <ele>668.87</ele>
        <time>2026-07-05T21:01:55Z</time>
      </trkpt>
      <trkpt lat="44.15404" lon="-73.65678">
        <ele>669.25</ele>
        <time>2026-07-05T21:01:59Z</time>
      </trkpt>
      <trkpt lat="44.15404" lon="-73.65678">
        <ele>669.25</ele>
        <time>2026-07-05T21:02:03Z</time>
      </trkpt>
      <trkpt lat="44.15406" lon="-73.65678">
        <ele>668.65</ele>
        <time>2026-07-05T21:02:08Z</time>
      </trkpt>
      <trkpt lat="44.15406" lon="-73.65678">
        <ele>668.65</ele>
        <time>2026-07-05T21:02:09Z</time>
      </trkpt>
      <trkpt lat="44.15407" lon="-73.65678">
        <ele>668.35</ele>
        <time>2026-07-05T21:02:16Z</time>
      </trkpt>
      <trkpt lat="44.15406" lon="-73.6568">
        <ele>668.83</ele>
        <time>2026-07-05T21:02:24Z</time>
      </trkpt>
      <trkpt lat="44.15405" lon="-73.65681">
        <ele>669.19</ele>
        <time>2026-07-05T21:02:27Z</time>
      </trkpt>
      <trkpt lat="44.15404" lon="-73.65683">
        <ele>669.59</ele>
        <time>2026-07-05T21:02:30Z</time>
      </trkpt>
      <trkpt lat="44.15404" lon="-73.65685">
        <ele>669.72</ele>
        <time>2026-07-05T21:02:32Z</time>
      </trkpt>
      <trkpt lat="44.15402" lon="-73.65686">
        <ele>670.17</ele>
        <time>2026-07-05T21:02:36Z</time>
      </trkpt>
      <trkpt lat="44.154" lon="-73.65687">
        <ele>670.6</ele>
        <time>2026-07-05T21:02:40Z</time>
      </trkpt>
      <trkpt lat="44.154" lon="-73.65689">
        <ele>670.6</ele>
        <time>2026-07-05T21:02:42Z</time>
      </trkpt>
      <trkpt lat="44.15399" lon="-73.65692">
        <ele>670.82</ele>
        <time>2026-07-05T21:02:46Z</time>
      </trkpt>
      <trkpt lat="44.15398" lon="-73.65693">
        <ele>671.06</ele>
        <time>2026-07-05T21:02:49Z</time>
      </trkpt>
      <trkpt lat="44.15396" lon="-73.65696">
        <ele>671.89</ele>
        <time>2026-07-05T21:02:55Z</time>
      </trkpt>
      <trkpt lat="44.15396" lon="-73.65697">
        <ele>671.86</ele>
        <time>2026-07-05T21:02:56Z</time>
      </trkpt>
      <trkpt lat="44.15398" lon="-73.65699">
        <ele>671.06</ele>
        <time>2026-07-05T21:03:01Z</time>
      </trkpt>
      <trkpt lat="44.15398" lon="-73.65699">
        <ele>671.06</ele>
        <time>2026-07-05T21:03:04Z</time>
      </trkpt>
      <trkpt lat="44.15398" lon="-73.65696">
        <ele>671.06</ele>
        <time>2026-07-05T21:03:13Z</time>
      </trkpt>
      <trkpt lat="44.15397" lon="-73.65693">
        <ele>671.5</ele>
        <time>2026-07-05T21:03:19Z</time>
      </trkpt>
      <trkpt lat="44.15395" lon="-73.65692">
        <ele>672.36</ele>
        <time>2026-07-05T21:03:21Z</time>
      </trkpt>
      <trkpt lat="44.15393" lon="-73.65689">
        <ele>673.22</ele>
        <time>2026-07-05T21:03:30Z</time>
      </trkpt>
      <trkpt lat="44.1539" lon="-73.65686">
        <ele>674.52</ele>
        <time>2026-07-05T21:03:40Z</time>
      </trkpt>
      <trkpt lat="44.15389" lon="-73.65686">
        <ele>674.95</ele>
        <time>2026-07-05T21:03:47Z</time>
      </trkpt>
      <trkpt lat="44.15389" lon="-73.65686">
        <ele>674.95</ele>
        <time>2026-07-05T21:03:48Z</time>
      </trkpt>
      <trkpt lat="44.15386" lon="-73.65686">
        <ele>676.25</ele>
        <time>2026-07-05T21:04:00Z</time>
      </trkpt>
      <trkpt lat="44.15387" lon="-73.65687">
        <ele>675.82</ele>
        <time>2026-07-05T21:04:14Z</time>
      </trkpt>
      <trkpt lat="44.15388" lon="-73.65687">
        <ele>675.38</ele>
        <time>2026-07-05T21:04:21Z</time>
      </trkpt>
      <trkpt lat="44.15388" lon="-73.65687">
        <ele>675.38</ele>
        <time>2026-07-05T21:04:24Z</time>
      </trkpt>
      <trkpt lat="44.15386" lon="-73.65684">
        <ele>676.21</ele>
        <time>2026-07-05T21:04:28Z</time>
      </trkpt>
      <trkpt lat="44.15385" lon="-73.65681">
        <ele>676.49</ele>
        <time>2026-07-05T21:04:34Z</time>
      </trkpt>
      <trkpt lat="44.15383" lon="-73.65678">
        <ele>677.05</ele>
        <time>2026-07-05T21:04:38Z</time>
      </trkpt>
      <trkpt lat="44.1538" lon="-73.65674">
        <ele>677.67</ele>
        <time>2026-07-05T21:04:46Z</time>
      </trkpt>
      <trkpt lat="44.15377" lon="-73.6567">
        <ele>678.5</ele>
        <time>2026-07-05T21:04:53Z</time>
      </trkpt>
      <trkpt lat="44.15372" lon="-73.65665">
        <ele>679.97</ele>
        <time>2026-07-05T21:05:01Z</time>
      </trkpt>
      <trkpt lat="44.15371" lon="-73.65664">
        <ele>680.17</ele>
        <time>2026-07-05T21:05:03Z</time>
      </trkpt>
      <trkpt lat="44.1537" lon="-73.65662">
        <ele>680.15</ele>
        <time>2026-07-05T21:05:09Z</time>
      </trkpt>
      <trkpt lat="44.15368" lon="-73.65658">
        <ele>680.15</ele>
        <time>2026-07-05T21:05:16Z</time>
      </trkpt>
      <trkpt lat="44.15363" lon="-73.65655">
        <ele>681.72</ele>
        <time>2026-07-05T21:05:23Z</time>
      </trkpt>
      <trkpt lat="44.15362" lon="-73.65654">
        <ele>681.92</ele>
        <time>2026-07-05T21:05:25Z</time>
      </trkpt>
      <trkpt lat="44.15358" lon="-73.65651">
        <ele>683.06</ele>
        <time>2026-07-05T21:05:32Z</time>
      </trkpt>
      <trkpt lat="44.15356" lon="-73.6565">
        <ele>683.72</ele>
        <time>2026-07-05T21:05:36Z</time>
      </trkpt>
      <trkpt lat="44.15356" lon="-73.6565">
        <ele>683.72</ele>
        <time>2026-07-05T21:05:37Z</time>
      </trkpt>
      <trkpt lat="44.15355" lon="-73.65649">
        <ele>683.88</ele>
        <time>2026-07-05T21:05:38Z</time>
      </trkpt>
      <trkpt lat="44.15355" lon="-73.65647">
        <ele>683.52</ele>
        <time>2026-07-05T21:05:46Z</time>
      </trkpt>
      <trkpt lat="44.15349" lon="-73.65639">
        <ele>685.24</ele>
        <time>2026-07-05T21:05:57Z</time>
      </trkpt>
      <trkpt lat="44.15348" lon="-73.65638">
        <ele>685.61</ele>
        <time>2026-07-05T21:06:01Z</time>
      </trkpt>
      <trkpt lat="44.15344" lon="-73.65636">
        <ele>687.34</ele>
        <time>2026-07-05T21:06:07Z</time>
      </trkpt>
      <trkpt lat="44.15341" lon="-73.65635">
        <ele>688.62</ele>
        <time>2026-07-05T21:06:10Z</time>
      </trkpt>
      <trkpt lat="44.15338" lon="-73.65634">
        <ele>689.72</ele>
        <time>2026-07-05T21:06:16Z</time>
      </trkpt>
      <trkpt lat="44.15335" lon="-73.65634">
        <ele>690.85</ele>
        <time>2026-07-05T21:06:22Z</time>
      </trkpt>
      <trkpt lat="44.15332" lon="-73.65634">
        <ele>691.84</ele>
        <time>2026-07-05T21:06:28Z</time>
      </trkpt>
      <trkpt lat="44.15331" lon="-73.65634">
        <ele>692.11</ele>
        <time>2026-07-05T21:06:32Z</time>
      </trkpt>
      <trkpt lat="44.15328" lon="-73.65632">
        <ele>692.84</ele>
        <time>2026-07-05T21:06:39Z</time>
      </trkpt>
      <trkpt lat="44.15328" lon="-73.65628">
        <ele>692.73</ele>
        <time>2026-07-05T21:06:47Z</time>
      </trkpt>
      <trkpt lat="44.15327" lon="-73.65627">
        <ele>693.05</ele>
        <time>2026-07-05T21:06:49Z</time>
      </trkpt>
      <trkpt lat="44.15324" lon="-73.65621">
        <ele>693.99</ele>
        <time>2026-07-05T21:06:58Z</time>
      </trkpt>
      <trkpt lat="44.1532" lon="-73.65618">
        <ele>693.56</ele>
        <time>2026-07-05T21:07:04Z</time>
      </trkpt>
      <trkpt lat="44.15317" lon="-73.65618">
        <ele>693.24</ele>
        <time>2026-07-05T21:07:08Z</time>
      </trkpt>
      <trkpt lat="44.15312" lon="-73.65613">
        <ele>691.54</ele>
        <time>2026-07-05T21:07:18Z</time>
      </trkpt>
      <trkpt lat="44.15309" lon="-73.65607">
        <ele>689.58</ele>
        <time>2026-07-05T21:07:27Z</time>
      </trkpt>
      <trkpt lat="44.15309" lon="-73.65602">
        <ele>689.24</ele>
        <time>2026-07-05T21:07:34Z</time>
      </trkpt>
      <trkpt lat="44.15309" lon="-73.656">
        <ele>689.11</ele>
        <time>2026-07-05T21:07:36Z</time>
      </trkpt>
      <trkpt lat="44.15309" lon="-73.65597">
        <ele>688.9</ele>
        <time>2026-07-05T21:07:41Z</time>
      </trkpt>
      <trkpt lat="44.15309" lon="-73.65595">
        <ele>688.77</ele>
        <time>2026-07-05T21:07:43Z</time>
      </trkpt>
      <trkpt lat="44.15307" lon="-73.65586">
        <ele>686.38</ele>
        <time>2026-07-05T21:07:52Z</time>
      </trkpt>
      <trkpt lat="44.15307" lon="-73.6558">
        <ele>685.43</ele>
        <time>2026-07-05T21:07:58Z</time>
      </trkpt>
      <trkpt lat="44.15307" lon="-73.65575">
        <ele>684.43</ele>
        <time>2026-07-05T21:08:03Z</time>
      </trkpt>
      <trkpt lat="44.15308" lon="-73.65568">
        <ele>683.63</ele>
        <time>2026-07-05T21:08:11Z</time>
      </trkpt>
      <trkpt lat="44.15306" lon="-73.65565">
        <ele>681.38</ele>
        <time>2026-07-05T21:08:14Z</time>
      </trkpt>
      <trkpt lat="44.15306" lon="-73.65561">
        <ele>680.9</ele>
        <time>2026-07-05T21:08:21Z</time>
      </trkpt>
      <trkpt lat="44.15306" lon="-73.65559">
        <ele>680.68</ele>
        <time>2026-07-05T21:08:23Z</time>
      </trkpt>
      <trkpt lat="44.15305" lon="-73.65556">
        <ele>679.63</ele>
        <time>2026-07-05T21:08:27Z</time>
      </trkpt>
      <trkpt lat="44.15304" lon="-73.65553">
        <ele>678.5</ele>
        <time>2026-07-05T21:08:32Z</time>
      </trkpt>
      <trkpt lat="44.15305" lon="-73.65552">
        <ele>679.17</ele>
        <time>2026-07-05T21:08:34Z</time>
      </trkpt>
      <trkpt lat="44.15307" lon="-73.65549">
        <ele>680.12</ele>
        <time>2026-07-05T21:08:40Z</time>
      </trkpt>
      <trkpt lat="44.15307" lon="-73.65549">
        <ele>680.12</ele>
        <time>2026-07-05T21:08:41Z</time>
      </trkpt>
      <trkpt lat="44.15311" lon="-73.65543">
        <ele>681.23</ele>
        <time>2026-07-05T21:08:49Z</time>
      </trkpt>
      <trkpt lat="44.15312" lon="-73.65542">
        <ele>681.55</ele>
        <time>2026-07-05T21:08:50Z</time>
      </trkpt>
      <trkpt lat="44.15315" lon="-73.65539">
        <ele>682.48</ele>
        <time>2026-07-05T21:08:56Z</time>
      </trkpt>
      <trkpt lat="44.15317" lon="-73.65537">
        <ele>682.7</ele>
        <time>2026-07-05T21:08:59Z</time>
      </trkpt>
      <trkpt lat="44.15318" lon="-73.65536">
        <ele>682.88</ele>
        <time>2026-07-05T21:09:01Z</time>
      </trkpt>
      <trkpt lat="44.15317" lon="-73.65532">
        <ele>682.04</ele>
        <time>2026-07-05T21:09:05Z</time>
      </trkpt>
      <trkpt lat="44.15317" lon="-73.6553">
        <ele>681.77</ele>
        <time>2026-07-05T21:09:07Z</time>
      </trkpt>
      <trkpt lat="44.15317" lon="-73.65528">
        <ele>681.5</ele>
        <time>2026-07-05T21:09:10Z</time>
      </trkpt>
      <trkpt lat="44.15315" lon="-73.65523">
        <ele>680.02</ele>
        <time>2026-07-05T21:09:18Z</time>
      </trkpt>
      <trkpt lat="44.15315" lon="-73.65522">
        <ele>679.8</ele>
        <time>2026-07-05T21:09:19Z</time>
      </trkpt>
      <trkpt lat="44.15314" lon="-73.65516">
        <ele>678.04</ele>
        <time>2026-07-05T21:09:26Z</time>
      </trkpt>
      <trkpt lat="44.15314" lon="-73.65513">
        <ele>677.42</ele>
        <time>2026-07-05T21:09:29Z</time>
      </trkpt>
      <trkpt lat="44.15315" lon="-73.65506">
        <ele>676.36</ele>
        <time>2026-07-05T21:09:37Z</time>
      </trkpt>
      <trkpt lat="44.15316" lon="-73.65505">
        <ele>676.46</ele>
        <time>2026-07-05T21:09:38Z</time>
      </trkpt>
      <trkpt lat="44.15316" lon="-73.65501">
        <ele>675.6</ele>
        <time>2026-07-05T21:09:44Z</time>
      </trkpt>
      <trkpt lat="44.15316" lon="-73.65499">
        <ele>675.05</ele>
        <time>2026-07-05T21:09:47Z</time>
      </trkpt>
      <trkpt lat="44.15317" lon="-73.65496">
        <ele>674.31</ele>
        <time>2026-07-05T21:09:51Z</time>
      </trkpt>
      <trkpt lat="44.15319" lon="-73.65494">
        <ele>674.12</ele>
        <time>2026-07-05T21:09:56Z</time>
      </trkpt>
      <trkpt lat="44.15319" lon="-73.65493">
        <ele>673.75</ele>
        <time>2026-07-05T21:09:57Z</time>
      </trkpt>
      <trkpt lat="44.15318" lon="-73.65488">
        <ele>672.1</ele>
        <time>2026-07-05T21:10:04Z</time>
      </trkpt>
      <trkpt lat="44.15315" lon="-73.65488">
        <ele>671.45</ele>
        <time>2026-07-05T21:10:11Z</time>
      </trkpt>
      <trkpt lat="44.15314" lon="-73.65488">
        <ele>671.17</ele>
        <time>2026-07-05T21:10:12Z</time>
      </trkpt>
      <trkpt lat="44.15311" lon="-73.65487">
        <ele>670.12</ele>
        <time>2026-07-05T21:10:18Z</time>
      </trkpt>
      <trkpt lat="44.1531" lon="-73.65487">
        <ele>669.84</ele>
        <time>2026-07-05T21:10:20Z</time>
      </trkpt>
      <trkpt lat="44.15307" lon="-73.65488">
        <ele>669.13</ele>
        <time>2026-07-05T21:10:27Z</time>
      </trkpt>
      <trkpt lat="44.15306" lon="-73.65489">
        <ele>668.95</ele>
        <time>2026-07-05T21:10:29Z</time>
      </trkpt>
      <trkpt lat="44.15305" lon="-73.65488">
        <ele>668.46</ele>
        <time>2026-07-05T21:10:34Z</time>
      </trkpt>
      <trkpt lat="44.15304" lon="-73.65487">
        <ele>667.92</ele>
        <time>2026-07-05T21:10:37Z</time>
      </trkpt>
      <trkpt lat="44.15303" lon="-73.65486">
        <ele>667.38</ele>
        <time>2026-07-05T21:10:41Z</time>
      </trkpt>
      <trkpt lat="44.15302" lon="-73.65485">
        <ele>666.84</ele>
        <time>2026-07-05T21:10:42Z</time>
      </trkpt>
      <trkpt lat="44.15299" lon="-73.65484">
        <ele>665.44</ele>
        <time>2026-07-05T21:10:47Z</time>
      </trkpt>
      <trkpt lat="44.15299" lon="-73.65484">
        <ele>665.44</ele>
        <time>2026-07-05T21:10:48Z</time>
      </trkpt>
      <trkpt lat="44.15296" lon="-73.65482">
        <ele>663.86</ele>
        <time>2026-07-05T21:10:57Z</time>
      </trkpt>
      <trkpt lat="44.15295" lon="-73.65481">
        <ele>663.15</ele>
        <time>2026-07-05T21:10:58Z</time>
      </trkpt>
      <trkpt lat="44.15296" lon="-73.65477">
        <ele>663.79</ele>
        <time>2026-07-05T21:11:03Z</time>
      </trkpt>
      <trkpt lat="44.15296" lon="-73.65473">
        <ele>663.78</ele>
        <time>2026-07-05T21:11:06Z</time>
      </trkpt>
      <trkpt lat="44.15297" lon="-73.65465">
        <ele>664.17</ele>
        <time>2026-07-05T21:11:14Z</time>
      </trkpt>
      <trkpt lat="44.15297" lon="-73.65463">
        <ele>664.15</ele>
        <time>2026-07-05T21:11:16Z</time>
      </trkpt>
      <trkpt lat="44.15297" lon="-73.65461">
        <ele>664.15</ele>
        <time>2026-07-05T21:11:19Z</time>
      </trkpt>
      <trkpt lat="44.15296" lon="-73.65458">
        <ele>663.73</ele>
        <time>2026-07-05T21:11:22Z</time>
      </trkpt>
      <trkpt lat="44.15297" lon="-73.65457">
        <ele>664.15</ele>
        <time>2026-07-05T21:11:23Z</time>
      </trkpt>
      <trkpt lat="44.15297" lon="-73.65448">
        <ele>663.54</ele>
        <time>2026-07-05T21:11:32Z</time>
      </trkpt>
      <trkpt lat="44.15297" lon="-73.65443">
        <ele>663.0</ele>
        <time>2026-07-05T21:11:38Z</time>
      </trkpt>
      <trkpt lat="44.15298" lon="-73.6544">
        <ele>662.89</ele>
        <time>2026-07-05T21:11:42Z</time>
      </trkpt>
      <trkpt lat="44.153" lon="-73.6543">
        <ele>661.79</ele>
        <time>2026-07-05T21:11:51Z</time>
      </trkpt>
      <trkpt lat="44.15302" lon="-73.65423">
        <ele>661.33</ele>
        <time>2026-07-05T21:11:57Z</time>
      </trkpt>
      <trkpt lat="44.15302" lon="-73.65422">
        <ele>661.07</ele>
        <time>2026-07-05T21:11:59Z</time>
      </trkpt>
      <trkpt lat="44.15302" lon="-73.65418">
        <ele>660.04</ele>
        <time>2026-07-05T21:12:04Z</time>
      </trkpt>
      <trkpt lat="44.15303" lon="-73.65415">
        <ele>659.44</ele>
        <time>2026-07-05T21:12:08Z</time>
      </trkpt>
      <trkpt lat="44.15302" lon="-73.65415">
        <ele>658.8</ele>
        <time>2026-07-05T21:12:15Z</time>
      </trkpt>
      <trkpt lat="44.15303" lon="-73.65415">
        <ele>659.44</ele>
        <time>2026-07-05T21:12:29Z</time>
      </trkpt>
      <trkpt lat="44.15306" lon="-73.65411">
        <ele>659.03</ele>
        <time>2026-07-05T21:12:34Z</time>
      </trkpt>
      <trkpt lat="44.15307" lon="-73.6541">
        <ele>658.74</ele>
        <time>2026-07-05T21:12:36Z</time>
      </trkpt>
      <trkpt lat="44.15311" lon="-73.65407">
        <ele>658.54</ele>
        <time>2026-07-05T21:12:45Z</time>
      </trkpt>
      <trkpt lat="44.15313" lon="-73.65406">
        <ele>658.65</ele>
        <time>2026-07-05T21:12:47Z</time>
      </trkpt>
      <trkpt lat="44.15313" lon="-73.65406">
        <ele>658.65</ele>
        <time>2026-07-05T21:12:48Z</time>
      </trkpt>
      <trkpt lat="44.15317" lon="-73.65406">
        <ele>659.31</ele>
        <time>2026-07-05T21:12:53Z</time>
      </trkpt>
      <trkpt lat="44.1532" lon="-73.65405">
        <ele>658.99</ele>
        <time>2026-07-05T21:12:57Z</time>
      </trkpt>
      <trkpt lat="44.15322" lon="-73.65403">
        <ele>658.36</ele>
        <time>2026-07-05T21:13:00Z</time>
      </trkpt>
      <trkpt lat="44.15324" lon="-73.65401">
        <ele>657.91</ele>
        <time>2026-07-05T21:13:03Z</time>
      </trkpt>
      <trkpt lat="44.15327" lon="-73.65399">
        <ele>656.96</ele>
        <time>2026-07-05T21:13:08Z</time>
      </trkpt>
      <trkpt lat="44.1533" lon="-73.65399">
        <ele>656.64</ele>
        <time>2026-07-05T21:13:13Z</time>
      </trkpt>
      <trkpt lat="44.15331" lon="-73.65399">
        <ele>656.53</ele>
        <time>2026-07-05T21:13:15Z</time>
      </trkpt>
      <trkpt lat="44.15334" lon="-73.65399">
        <ele>656.2</ele>
        <time>2026-07-05T21:13:20Z</time>
      </trkpt>
      <trkpt lat="44.15334" lon="-73.65398">
        <ele>655.88</ele>
        <time>2026-07-05T21:13:22Z</time>
      </trkpt>
      <trkpt lat="44.15335" lon="-73.65397">
        <ele>655.47</ele>
        <time>2026-07-05T21:13:24Z</time>
      </trkpt>
      <trkpt lat="44.15338" lon="-73.65396">
        <ele>654.92</ele>
        <time>2026-07-05T21:13:29Z</time>
      </trkpt>
      <trkpt lat="44.15339" lon="-73.65396">
        <ele>654.83</ele>
        <time>2026-07-05T21:13:34Z</time>
      </trkpt>
      <trkpt lat="44.15339" lon="-73.65393">
        <ele>654.06</ele>
        <time>2026-07-05T21:13:38Z</time>
      </trkpt>
      <trkpt lat="44.15337" lon="-73.65389">
        <ele>653.03</ele>
        <time>2026-07-05T21:13:42Z</time>
      </trkpt>
      <trkpt lat="44.15336" lon="-73.65387">
        <ele>652.39</ele>
        <time>2026-07-05T21:13:44Z</time>
      </trkpt>
      <trkpt lat="44.15335" lon="-73.65385">
        <ele>651.74</ele>
        <time>2026-07-05T21:13:49Z</time>
      </trkpt>
      <trkpt lat="44.15335" lon="-73.6538">
        <ele>650.12</ele>
        <time>2026-07-05T21:13:54Z</time>
      </trkpt>
      <trkpt lat="44.15335" lon="-73.65381">
        <ele>650.44</ele>
        <time>2026-07-05T21:13:55Z</time>
      </trkpt>
      <trkpt lat="44.15338" lon="-73.6538">
        <ele>650.12</ele>
        <time>2026-07-05T21:14:03Z</time>
      </trkpt>
      <trkpt lat="44.15338" lon="-73.65376">
        <ele>648.43</ele>
        <time>2026-07-05T21:14:09Z</time>
      </trkpt>
      <trkpt lat="44.15338" lon="-73.65376">
        <ele>648.43</ele>
        <time>2026-07-05T21:14:11Z</time>
      </trkpt>
      <trkpt lat="44.15337" lon="-73.65371">
        <ele>646.27</ele>
        <time>2026-07-05T21:14:17Z</time>
      </trkpt>
      <trkpt lat="44.15337" lon="-73.65371">
        <ele>646.27</ele>
        <time>2026-07-05T21:14:18Z</time>
      </trkpt>
      <trkpt lat="44.15336" lon="-73.65369">
        <ele>645.3</ele>
        <time>2026-07-05T21:14:23Z</time>
      </trkpt>
      <trkpt lat="44.15335" lon="-73.65369">
        <ele>645.29</ele>
        <time>2026-07-05T21:14:24Z</time>
      </trkpt>
      <trkpt lat="44.15336" lon="-73.65366">
        <ele>643.78</ele>
        <time>2026-07-05T21:14:29Z</time>
      </trkpt>
      <trkpt lat="44.15336" lon="-73.65363">
        <ele>642.25</ele>
        <time>2026-07-05T21:14:33Z</time>
      </trkpt>
      <trkpt lat="44.15337" lon="-73.65361">
        <ele>641.34</ele>
        <time>2026-07-05T21:14:37Z</time>
      </trkpt>
      <trkpt lat="44.15341" lon="-73.6536">
        <ele>641.33</ele>
        <time>2026-07-05T21:14:43Z</time>
      </trkpt>
      <trkpt lat="44.15341" lon="-73.65361">
        <ele>641.78</ele>
        <time>2026-07-05T21:14:44Z</time>
      </trkpt>
      <trkpt lat="44.15345" lon="-73.6536">
        <ele>641.52</ele>
        <time>2026-07-05T21:14:51Z</time>
      </trkpt>
      <trkpt lat="44.15345" lon="-73.6536">
        <ele>641.52</ele>
        <time>2026-07-05T21:14:52Z</time>
      </trkpt>
      <trkpt lat="44.1535" lon="-73.65357">
        <ele>640.22</ele>
        <time>2026-07-05T21:14:58Z</time>
      </trkpt>
      <trkpt lat="44.1535" lon="-73.65357">
        <ele>640.22</ele>
        <time>2026-07-05T21:15:02Z</time>
      </trkpt>
      <trkpt lat="44.15352" lon="-73.65357">
        <ele>640.22</ele>
        <time>2026-07-05T21:15:10Z</time>
      </trkpt>
      <trkpt lat="44.15352" lon="-73.65357">
        <ele>640.22</ele>
        <time>2026-07-05T21:15:12Z</time>
      </trkpt>
      <trkpt lat="44.15351" lon="-73.65358">
        <ele>640.66</ele>
        <time>2026-07-05T21:15:13Z</time>
      </trkpt>
      <trkpt lat="44.15351" lon="-73.65358">
        <ele>640.66</ele>
        <time>2026-07-05T21:15:15Z</time>
      </trkpt>
      <trkpt lat="44.15352" lon="-73.65357">
        <ele>640.22</ele>
        <time>2026-07-05T21:15:16Z</time>
      </trkpt>
      <trkpt lat="44.15354" lon="-73.65356">
        <ele>639.79</ele>
        <time>2026-07-05T21:15:24Z</time>
      </trkpt>
      <trkpt lat="44.15354" lon="-73.65355">
        <ele>639.36</ele>
        <time>2026-07-05T21:15:25Z</time>
      </trkpt>
      <trkpt lat="44.15357" lon="-73.65355">
        <ele>639.36</ele>
        <time>2026-07-05T21:15:29Z</time>
      </trkpt>
      <trkpt lat="44.15359" lon="-73.65354">
        <ele>638.93</ele>
        <time>2026-07-05T21:15:32Z</time>
      </trkpt>
      <trkpt lat="44.1536" lon="-73.6535">
        <ele>637.2</ele>
        <time>2026-07-05T21:15:40Z</time>
      </trkpt>
      <trkpt lat="44.15361" lon="-73.65347">
        <ele>635.9</ele>
        <time>2026-07-05T21:15:43Z</time>
      </trkpt>
      <trkpt lat="44.15361" lon="-73.65346">
        <ele>635.47</ele>
        <time>2026-07-05T21:15:45Z</time>
      </trkpt>
      <trkpt lat="44.15362" lon="-73.65345">
        <ele>634.94</ele>
        <time>2026-07-05T21:15:48Z</time>
      </trkpt>
      <trkpt lat="44.15363" lon="-73.65344">
        <ele>634.4</ele>
        <time>2026-07-05T21:15:53Z</time>
      </trkpt>
      <trkpt lat="44.15364" lon="-73.65342">
        <ele>633.37</ele>
        <time>2026-07-05T21:15:57Z</time>
      </trkpt>
      <trkpt lat="44.15366" lon="-73.6534">
        <ele>632.07</ele>
        <time>2026-07-05T21:16:00Z</time>
      </trkpt>
      <trkpt lat="44.15367" lon="-73.65336">
        <ele>629.8</ele>
        <time>2026-07-05T21:16:07Z</time>
      </trkpt>
      <trkpt lat="44.15367" lon="-73.65336">
        <ele>629.8</ele>
        <time>2026-07-05T21:16:08Z</time>
      </trkpt>
      <trkpt lat="44.15367" lon="-73.65335">
        <ele>629.26</ele>
        <time>2026-07-05T21:16:13Z</time>
      </trkpt>
      <trkpt lat="44.15367" lon="-73.65334">
        <ele>628.72</ele>
        <time>2026-07-05T21:16:16Z</time>
      </trkpt>
      <trkpt lat="44.15369" lon="-73.6533">
        <ele>626.29</ele>
        <time>2026-07-05T21:16:23Z</time>
      </trkpt>
      <trkpt lat="44.15373" lon="-73.65329">
        <ele>625.38</ele>
        <time>2026-07-05T21:16:30Z</time>
      </trkpt>
      <trkpt lat="44.15374" lon="-73.65329">
        <ele>625.27</ele>
        <time>2026-07-05T21:16:31Z</time>
      </trkpt>
      <trkpt lat="44.15379" lon="-73.65331">
        <ele>625.81</ele>
        <time>2026-07-05T21:16:39Z</time>
      </trkpt>
      <trkpt lat="44.15382" lon="-73.65331">
        <ele>625.29</ele>
        <time>2026-07-05T21:16:44Z</time>
      </trkpt>
      <trkpt lat="44.15383" lon="-73.65331">
        <ele>625.1</ele>
        <time>2026-07-05T21:16:47Z</time>
      </trkpt>
      <trkpt lat="44.15385" lon="-73.65331">
        <ele>624.73</ele>
        <time>2026-07-05T21:16:49Z</time>
      </trkpt>
      <trkpt lat="44.1539" lon="-73.65331">
        <ele>623.66</ele>
        <time>2026-07-05T21:16:57Z</time>
      </trkpt>
      <trkpt lat="44.15391" lon="-73.65329">
        <ele>622.55</ele>
        <time>2026-07-05T21:17:03Z</time>
      </trkpt>
      <trkpt lat="44.15391" lon="-73.65328">
        <ele>622.14</ele>
        <time>2026-07-05T21:17:06Z</time>
      </trkpt>
      <trkpt lat="44.15391" lon="-73.65328">
        <ele>622.14</ele>
        <time>2026-07-05T21:17:07Z</time>
      </trkpt>
      <trkpt lat="44.15393" lon="-73.65327">
        <ele>621.24</ele>
        <time>2026-07-05T21:17:12Z</time>
      </trkpt>
      <trkpt lat="44.15394" lon="-73.65327">
        <ele>620.99</ele>
        <time>2026-07-05T21:17:16Z</time>
      </trkpt>
      <trkpt lat="44.15396" lon="-73.65326">
        <ele>620.14</ele>
        <time>2026-07-05T21:17:20Z</time>
      </trkpt>
      <trkpt lat="44.15398" lon="-73.65324">
        <ele>619.01</ele>
        <time>2026-07-05T21:17:25Z</time>
      </trkpt>
      <trkpt lat="44.15398" lon="-73.65323">
        <ele>618.68</ele>
        <time>2026-07-05T21:17:26Z</time>
      </trkpt>
      <trkpt lat="44.154" lon="-73.65321">
        <ele>617.67</ele>
        <time>2026-07-05T21:17:32Z</time>
      </trkpt>
      <trkpt lat="44.154" lon="-73.65321">
        <ele>617.67</ele>
        <time>2026-07-05T21:17:33Z</time>
      </trkpt>
      <trkpt lat="44.154" lon="-73.65318">
        <ele>616.76</ele>
        <time>2026-07-05T21:17:40Z</time>
      </trkpt>
      <trkpt lat="44.154" lon="-73.65318">
        <ele>616.76</ele>
        <time>2026-07-05T21:17:41Z</time>
      </trkpt>
      <trkpt lat="44.15402" lon="-73.65317">
        <ele>616.19</ele>
        <time>2026-07-05T21:17:47Z</time>
      </trkpt>
      <trkpt lat="44.15404" lon="-73.65314">
        <ele>615.14</ele>
        <time>2026-07-05T21:17:51Z</time>
      </trkpt>
      <trkpt lat="44.15404" lon="-73.65314">
        <ele>615.14</ele>
        <time>2026-07-05T21:17:53Z</time>
      </trkpt>
      <trkpt lat="44.15405" lon="-73.65311">
        <ele>614.13</ele>
        <time>2026-07-05T21:18:01Z</time>
      </trkpt>
      <trkpt lat="44.15404" lon="-73.65306">
        <ele>612.86</ele>
        <time>2026-07-05T21:18:07Z</time>
      </trkpt>
      <trkpt lat="44.15405" lon="-73.65305">
        <ele>612.38</ele>
        <time>2026-07-05T21:18:09Z</time>
      </trkpt>
      <trkpt lat="44.15405" lon="-73.65302">
        <ele>611.65</ele>
        <time>2026-07-05T21:18:13Z</time>
      </trkpt>
      <trkpt lat="44.15405" lon="-73.653">
        <ele>611.16</ele>
        <time>2026-07-05T21:18:17Z</time>
      </trkpt>
      <trkpt lat="44.15406" lon="-73.65299">
        <ele>610.78</ele>
        <time>2026-07-05T21:18:19Z</time>
      </trkpt>
      <trkpt lat="44.15405" lon="-73.65298">
        <ele>610.68</ele>
        <time>2026-07-05T21:18:22Z</time>
      </trkpt>
      <trkpt lat="44.15406" lon="-73.65297">
        <ele>610.32</ele>
        <time>2026-07-05T21:18:25Z</time>
      </trkpt>
      <trkpt lat="44.15406" lon="-73.65296">
        <ele>610.06</ele>
        <time>2026-07-05T21:18:27Z</time>
      </trkpt>
      <trkpt lat="44.15407" lon="-73.65291">
        <ele>608.35</ele>
        <time>2026-07-05T21:18:34Z</time>
      </trkpt>
      <trkpt lat="44.15407" lon="-73.65288">
        <ele>607.4</ele>
        <time>2026-07-05T21:18:36Z</time>
      </trkpt>
      <trkpt lat="44.15407" lon="-73.65284">
        <ele>606.42</ele>
        <time>2026-07-05T21:18:42Z</time>
      </trkpt>
      <trkpt lat="44.15407" lon="-73.65283">
        <ele>606.2</ele>
        <time>2026-07-05T21:18:46Z</time>
      </trkpt>
      <trkpt lat="44.15407" lon="-73.65281">
        <ele>605.76</ele>
        <time>2026-07-05T21:18:48Z</time>
      </trkpt>
      <trkpt lat="44.15405" lon="-73.65275">
        <ele>604.36</ele>
        <time>2026-07-05T21:18:55Z</time>
      </trkpt>
      <trkpt lat="44.15404" lon="-73.65274">
        <ele>604.14</ele>
        <time>2026-07-05T21:18:57Z</time>
      </trkpt>
      <trkpt lat="44.15401" lon="-73.6527">
        <ele>603.17</ele>
        <time>2026-07-05T21:19:06Z</time>
      </trkpt>
      <trkpt lat="44.15399" lon="-73.65267">
        <ele>602.56</ele>
        <time>2026-07-05T21:19:10Z</time>
      </trkpt>
      <trkpt lat="44.15399" lon="-73.65265">
        <ele>602.11</ele>
        <time>2026-07-05T21:19:13Z</time>
      </trkpt>
      <trkpt lat="44.15399" lon="-73.65264">
        <ele>601.89</ele>
        <time>2026-07-05T21:19:15Z</time>
      </trkpt>
      <trkpt lat="44.15398" lon="-73.65263">
        <ele>601.81</ele>
        <time>2026-07-05T21:19:18Z</time>
      </trkpt>
      <trkpt lat="44.15397" lon="-73.65263">
        <ele>601.86</ele>
        <time>2026-07-05T21:19:19Z</time>
      </trkpt>
      <trkpt lat="44.15396" lon="-73.65262">
        <ele>601.66</ele>
        <time>2026-07-05T21:19:21Z</time>
      </trkpt>
      <trkpt lat="44.15395" lon="-73.65262">
        <ele>601.69</ele>
        <time>2026-07-05T21:19:23Z</time>
      </trkpt>
      <trkpt lat="44.15393" lon="-73.65259">
        <ele>600.92</ele>
        <time>2026-07-05T21:19:27Z</time>
      </trkpt>
      <trkpt lat="44.15391" lon="-73.65257">
        <ele>600.27</ele>
        <time>2026-07-05T21:19:31Z</time>
      </trkpt>
      <trkpt lat="44.15389" lon="-73.65256">
        <ele>599.94</ele>
        <time>2026-07-05T21:19:33Z</time>
      </trkpt>
      <trkpt lat="44.15385" lon="-73.65254">
        <ele>599.3</ele>
        <time>2026-07-05T21:19:39Z</time>
      </trkpt>
      <trkpt lat="44.15384" lon="-73.65254">
        <ele>599.3</ele>
        <time>2026-07-05T21:19:40Z</time>
      </trkpt>
      <trkpt lat="44.15381" lon="-73.65254">
        <ele>599.3</ele>
        <time>2026-07-05T21:19:47Z</time>
      </trkpt>
      <trkpt lat="44.1538" lon="-73.65255">
        <ele>599.62</ele>
        <time>2026-07-05T21:19:52Z</time>
      </trkpt>
      <trkpt lat="44.15377" lon="-73.65254">
        <ele>599.17</ele>
        <time>2026-07-05T21:19:57Z</time>
      </trkpt>
      <trkpt lat="44.15374" lon="-73.65255">
        <ele>599.29</ele>
        <time>2026-07-05T21:20:02Z</time>
      </trkpt>
      <trkpt lat="44.15371" lon="-73.65256">
        <ele>599.34</ele>
        <time>2026-07-05T21:20:07Z</time>
      </trkpt>
      <trkpt lat="44.15371" lon="-73.65255">
        <ele>599.12</ele>
        <time>2026-07-05T21:20:12Z</time>
      </trkpt>
      <trkpt lat="44.15372" lon="-73.65257">
        <ele>599.65</ele>
        <time>2026-07-05T21:20:19Z</time>
      </trkpt>
      <trkpt lat="44.15372" lon="-73.65258">
        <ele>599.88</ele>
        <time>2026-07-05T21:20:20Z</time>
      </trkpt>
      <trkpt lat="44.15372" lon="-73.65259">
        <ele>600.12</ele>
        <time>2026-07-05T21:20:22Z</time>
      </trkpt>
      <trkpt lat="44.15372" lon="-73.6526">
        <ele>600.42</ele>
        <time>2026-07-05T21:20:23Z</time>
      </trkpt>
      <trkpt lat="44.15372" lon="-73.6526">
        <ele>600.42</ele>
        <time>2026-07-05T21:20:24Z</time>
      </trkpt>
      <trkpt lat="44.15372" lon="-73.65261">
        <ele>600.74</ele>
        <time>2026-07-05T21:20:30Z</time>
      </trkpt>
      <trkpt lat="44.15371" lon="-73.65261">
        <ele>600.63</ele>
        <time>2026-07-05T21:20:32Z</time>
      </trkpt>
      <trkpt lat="44.15369" lon="-73.65261">
        <ele>600.56</ele>
        <time>2026-07-05T21:20:42Z</time>
      </trkpt>
      <trkpt lat="44.15369" lon="-73.65261">
        <ele>600.56</ele>
        <time>2026-07-05T21:20:44Z</time>
      </trkpt>
      <trkpt lat="44.1537" lon="-73.6526">
        <ele>600.24</ele>
        <time>2026-07-05T21:20:47Z</time>
      </trkpt>
      <trkpt lat="44.1537" lon="-73.6526">
        <ele>600.24</ele>
        <time>2026-07-05T21:20:49Z</time>
      </trkpt>
      <trkpt lat="44.1537" lon="-73.65259">
        <ele>599.94</ele>
        <time>2026-07-05T21:20:56Z</time>
      </trkpt>
      <trkpt lat="44.15367" lon="-73.65256">
        <ele>599.17</ele>
        <time>2026-07-05T21:21:06Z</time>
      </trkpt>
      <trkpt lat="44.15363" lon="-73.65254">
        <ele>598.41</ele>
        <time>2026-07-05T21:21:12Z</time>
      </trkpt>
      <trkpt lat="44.15362" lon="-73.65253">
        <ele>598.04</ele>
        <time>2026-07-05T21:21:15Z</time>
      </trkpt>
      <trkpt lat="44.15358" lon="-73.65252">
        <ele>597.58</ele>
        <time>2026-07-05T21:21:21Z</time>
      </trkpt>
      <trkpt lat="44.15358" lon="-73.65253">
        <ele>597.86</ele>
        <time>2026-07-05T21:21:22Z</time>
      </trkpt>
      <trkpt lat="44.15357" lon="-73.65252">
        <ele>597.55</ele>
        <time>2026-07-05T21:21:25Z</time>
      </trkpt>
      <trkpt lat="44.15355" lon="-73.6525">
        <ele>597.0</ele>
        <time>2026-07-05T21:21:30Z</time>
      </trkpt>
      <trkpt lat="44.15354" lon="-73.65249">
        <ele>596.78</ele>
        <time>2026-07-05T21:21:32Z</time>
      </trkpt>
      <trkpt lat="44.15352" lon="-73.65248">
        <ele>596.57</ele>
        <time>2026-07-05T21:21:37Z</time>
      </trkpt>
      <trkpt lat="44.15351" lon="-73.65248">
        <ele>596.48</ele>
        <time>2026-07-05T21:21:38Z</time>
      </trkpt>
      <trkpt lat="44.15345" lon="-73.65245">
        <ele>595.18</ele>
        <time>2026-07-05T21:21:46Z</time>
      </trkpt>
      <trkpt lat="44.15344" lon="-73.65245">
        <ele>595.07</ele>
        <time>2026-07-05T21:21:47Z</time>
      </trkpt>
      <trkpt lat="44.1534" lon="-73.65241">
        <ele>593.78</ele>
        <time>2026-07-05T21:21:53Z</time>
      </trkpt>
      <trkpt lat="44.15339" lon="-73.6524">
        <ele>593.45</ele>
        <time>2026-07-05T21:21:55Z</time>
      </trkpt>
      <trkpt lat="44.15338" lon="-73.6524">
        <ele>593.34</ele>
        <time>2026-07-05T21:21:56Z</time>
      </trkpt>
      <trkpt lat="44.15335" lon="-73.65238">
        <ele>592.59</ele>
        <time>2026-07-05T21:22:00Z</time>
      </trkpt>
      <trkpt lat="44.15333" lon="-73.65238">
        <ele>592.37</ele>
        <time>2026-07-05T21:22:03Z</time>
      </trkpt>
      <trkpt lat="44.15332" lon="-73.65237">
        <ele>592.05</ele>
        <time>2026-07-05T21:22:07Z</time>
      </trkpt>
      <trkpt lat="44.1533" lon="-73.65234">
        <ele>591.18</ele>
        <time>2026-07-05T21:22:13Z</time>
      </trkpt>
      <trkpt lat="44.15329" lon="-73.65234">
        <ele>591.08</ele>
        <time>2026-07-05T21:22:14Z</time>
      </trkpt>
      <trkpt lat="44.15322" lon="-73.65226">
        <ele>589.41</ele>
        <time>2026-07-05T21:22:23Z</time>
      </trkpt>
      <trkpt lat="44.15321" lon="-73.65224">
        <ele>589.19</ele>
        <time>2026-07-05T21:22:27Z</time>
      </trkpt>
      <trkpt lat="44.15319" lon="-73.65222">
        <ele>588.95</ele>
        <time>2026-07-05T21:22:32Z</time>
      </trkpt>
      <trkpt lat="44.15314" lon="-73.65215">
        <ele>587.44</ele>
        <time>2026-07-05T21:22:41Z</time>
      </trkpt>
      <trkpt lat="44.1531" lon="-73.6521">
        <ele>586.68</ele>
        <time>2026-07-05T21:22:47Z</time>
      </trkpt>
      <trkpt lat="44.15309" lon="-73.65209">
        <ele>586.57</ele>
        <time>2026-07-05T21:22:48Z</time>
      </trkpt>
      <trkpt lat="44.15303" lon="-73.65201">
        <ele>585.9</ele>
        <time>2026-07-05T21:22:57Z</time>
      </trkpt>
      <trkpt lat="44.15299" lon="-73.65197">
        <ele>585.47</ele>
        <time>2026-07-05T21:23:04Z</time>
      </trkpt>
      <trkpt lat="44.15294" lon="-73.65192">
        <ele>584.98</ele>
        <time>2026-07-05T21:23:10Z</time>
      </trkpt>
      <trkpt lat="44.15293" lon="-73.65192">
        <ele>585.09</ele>
        <time>2026-07-05T21:23:13Z</time>
      </trkpt>
      <trkpt lat="44.15296" lon="-73.65198">
        <ele>585.79</ele>
        <time>2026-07-05T21:23:21Z</time>
      </trkpt>
      <trkpt lat="44.15296" lon="-73.65198">
        <ele>585.79</ele>
        <time>2026-07-05T21:23:22Z</time>
      </trkpt>
      <trkpt lat="44.15296" lon="-73.65198">
        <ele>585.79</ele>
        <time>2026-07-05T21:23:24Z</time>
      </trkpt>
      <trkpt lat="44.15295" lon="-73.65197">
        <ele>585.65</ele>
        <time>2026-07-05T21:23:28Z</time>
      </trkpt>
      <trkpt lat="44.15294" lon="-73.65198">
        <ele>585.92</ele>
        <time>2026-07-05T21:23:32Z</time>
      </trkpt>
      <trkpt lat="44.15294" lon="-73.65199">
        <ele>586.11</ele>
        <time>2026-07-05T21:23:37Z</time>
      </trkpt>
      <trkpt lat="44.15294" lon="-73.652">
        <ele>586.3</ele>
        <time>2026-07-05T21:23:38Z</time>
      </trkpt>
      <trkpt lat="44.15295" lon="-73.65198">
        <ele>585.85</ele>
        <time>2026-07-05T21:23:46Z</time>
      </trkpt>
      <trkpt lat="44.15297" lon="-73.65197">
        <ele>585.53</ele>
        <time>2026-07-05T21:23:53Z</time>
      </trkpt>
      <trkpt lat="44.15297" lon="-73.65196">
        <ele>585.32</ele>
        <time>2026-07-05T21:24:05Z</time>
      </trkpt>
      <trkpt lat="44.15297" lon="-73.65197">
        <ele>585.53</ele>
        <time>2026-07-05T21:24:09Z</time>
      </trkpt>
      <trkpt lat="44.15296" lon="-73.65196">
        <ele>585.36</ele>
        <time>2026-07-05T21:24:22Z</time>
      </trkpt>
      <trkpt lat="44.15294" lon="-73.65196">
        <ele>585.54</ele>
        <time>2026-07-05T21:24:30Z</time>
      </trkpt>
      <trkpt lat="44.15294" lon="-73.65197">
        <ele>585.73</ele>
        <time>2026-07-05T21:24:33Z</time>
      </trkpt>
      <trkpt lat="44.15292" lon="-73.65202">
        <ele>586.72</ele>
        <time>2026-07-05T21:24:42Z</time>
      </trkpt>
      <trkpt lat="44.1529" lon="-73.65203">
        <ele>586.9</ele>
        <time>2026-07-05T21:24:51Z</time>
      </trkpt>
      <trkpt lat="44.15294" lon="-73.65199">
        <ele>586.11</ele>
        <time>2026-07-05T21:25:00Z</time>
      </trkpt>
      <trkpt lat="44.15294" lon="-73.65197">
        <ele>585.73</ele>
        <time>2026-07-05T21:25:03Z</time>
      </trkpt>
      <trkpt lat="44.15294" lon="-73.65197">
        <ele>585.73</ele>
        <time>2026-07-05T21:25:08Z</time>
      </trkpt>
      <trkpt lat="44.15295" lon="-73.65197">
        <ele>585.65</ele>
        <time>2026-07-05T21:25:10Z</time>
      </trkpt>
      <trkpt lat="44.15295" lon="-73.65197">
        <ele>585.65</ele>
        <time>2026-07-05T21:25:12Z</time>
      </trkpt>
      <trkpt lat="44.15296" lon="-73.65196">
        <ele>585.36</ele>
        <time>2026-07-05T21:25:15Z</time>
      </trkpt>
      <trkpt lat="44.15295" lon="-73.65195">
        <ele>585.25</ele>
        <time>2026-07-05T21:25:17Z</time>
      </trkpt>
      <trkpt lat="44.15296" lon="-73.65192">
        <ele>584.77</ele>
        <time>2026-07-05T21:25:27Z</time>
      </trkpt>
      <trkpt lat="44.15296" lon="-73.65194">
        <ele>584.98</ele>
        <time>2026-07-05T21:25:39Z</time>
      </trkpt>
      <trkpt lat="44.15296" lon="-73.65193">
        <ele>584.88</ele>
        <time>2026-07-05T21:25:42Z</time>
      </trkpt>
      <trkpt lat="44.15294" lon="-73.65192">
        <ele>584.98</ele>
        <time>2026-07-05T21:25:51Z</time>
      </trkpt>
      <trkpt lat="44.15294" lon="-73.65192">
        <ele>584.98</ele>
        <time>2026-07-05T21:25:53Z</time>
      </trkpt>
      <trkpt lat="44.15294" lon="-73.65191">
        <ele>584.88</ele>
        <time>2026-07-05T21:25:55Z</time>
      </trkpt>
      <trkpt lat="44.15295" lon="-73.65192">
        <ele>584.88</ele>
        <time>2026-07-05T21:26:00Z</time>
      </trkpt>
      <trkpt lat="44.15294" lon="-73.65192">
        <ele>584.98</ele>
        <time>2026-07-05T21:26:02Z</time>
      </trkpt>
      <trkpt lat="44.15296" lon="-73.65193">
        <ele>584.88</ele>
        <time>2026-07-05T21:26:07Z</time>
      </trkpt>
      <trkpt lat="44.15294" lon="-73.65195">
        <ele>585.35</ele>
        <time>2026-07-05T21:26:18Z</time>
      </trkpt>
      <trkpt lat="44.15296" lon="-73.65193">
        <ele>584.88</ele>
        <time>2026-07-05T21:26:54Z</time>
      </trkpt>
      <trkpt lat="44.15296" lon="-73.65193">
        <ele>584.88</ele>
        <time>2026-07-05T21:26:57Z</time>
      </trkpt>
      <trkpt lat="44.15296" lon="-73.65193">
        <ele>584.88</ele>
        <time>2026-07-05T21:26:58Z</time>
      </trkpt>
      <trkpt lat="44.15297" lon="-73.65194">
        <ele>584.95</ele>
        <time>2026-07-05T21:27:05Z</time>
      </trkpt>
      <trkpt lat="44.15296" lon="-73.65194">
        <ele>584.98</ele>
        <time>2026-07-05T21:27:15Z</time>
      </trkpt>
      <trkpt lat="44.15291" lon="-73.65191">
        <ele>585.2</ele>
        <time>2026-07-05T21:27:23Z</time>
      </trkpt>
      <trkpt lat="44.15288" lon="-73.65189">
        <ele>585.31</ele>
        <time>2026-07-05T21:27:26Z</time>
      </trkpt>
      <trkpt lat="44.15286" lon="-73.65185">
        <ele>584.96</ele>
        <time>2026-07-05T21:27:31Z</time>
      </trkpt>
      <trkpt lat="44.15284" lon="-73.65183">
        <ele>584.61</ele>
        <time>2026-07-05T21:27:34Z</time>
      </trkpt>
      <trkpt lat="44.15283" lon="-73.65183">
        <ele>584.63</ele>
        <time>2026-07-05T21:27:37Z</time>
      </trkpt>
      <trkpt lat="44.15283" lon="-73.65183">
        <ele>584.63</ele>
        <time>2026-07-05T21:27:38Z</time>
      </trkpt>
      <trkpt lat="44.15278" lon="-73.65179">
        <ele>584.32</ele>
        <time>2026-07-05T21:27:44Z</time>
      </trkpt>
      <trkpt lat="44.15277" lon="-73.65179">
        <ele>584.42</ele>
        <time>2026-07-05T21:27:46Z</time>
      </trkpt>
      <trkpt lat="44.15275" lon="-73.65174">
        <ele>584.09</ele>
        <time>2026-07-05T21:27:53Z</time>
      </trkpt>
      <trkpt lat="44.1527" lon="-73.65169">
        <ele>584.09</ele>
        <time>2026-07-05T21:28:02Z</time>
      </trkpt>
      <trkpt lat="44.15265" lon="-73.65165">
        <ele>584.09</ele>
        <time>2026-07-05T21:28:09Z</time>
      </trkpt>
      <trkpt lat="44.15262" lon="-73.65161">
        <ele>583.91</ele>
        <time>2026-07-05T21:28:13Z</time>
      </trkpt>
      <trkpt lat="44.15257" lon="-73.65155">
        <ele>583.8</ele>
        <time>2026-07-05T21:28:20Z</time>
      </trkpt>
      <trkpt lat="44.15255" lon="-73.65153">
        <ele>583.74</ele>
        <time>2026-07-05T21:28:23Z</time>
      </trkpt>
      <trkpt lat="44.15252" lon="-73.65152">
        <ele>583.87</ele>
        <time>2026-07-05T21:28:26Z</time>
      </trkpt>
      <trkpt lat="44.15248" lon="-73.65149">
        <ele>584.0</ele>
        <time>2026-07-05T21:28:31Z</time>
      </trkpt>
      <trkpt lat="44.15247" lon="-73.65149">
        <ele>584.0</ele>
        <time>2026-07-05T21:28:32Z</time>
      </trkpt>
      <trkpt lat="44.15247" lon="-73.65149">
        <ele>584.0</ele>
        <time>2026-07-05T21:28:35Z</time>
      </trkpt>
      <trkpt lat="44.15246" lon="-73.65147">
        <ele>583.93</ele>
        <time>2026-07-05T21:28:39Z</time>
      </trkpt>
      <trkpt lat="44.15246" lon="-73.6514">
        <ele>583.5</ele>
        <time>2026-07-05T21:28:48Z</time>
      </trkpt>
      <trkpt lat="44.15247" lon="-73.65135">
        <ele>583.32</ele>
        <time>2026-07-05T21:28:52Z</time>
      </trkpt>
      <trkpt lat="44.15248" lon="-73.65131">
        <ele>583.22</ele>
        <time>2026-07-05T21:28:56Z</time>
      </trkpt>
      <trkpt lat="44.1525" lon="-73.65123">
        <ele>583.0</ele>
        <time>2026-07-05T21:29:03Z</time>
      </trkpt>
      <trkpt lat="44.15252" lon="-73.65116">
        <ele>582.68</ele>
        <time>2026-07-05T21:29:07Z</time>
      </trkpt>
      <trkpt lat="44.15252" lon="-73.65106">
        <ele>582.57</ele>
        <time>2026-07-05T21:29:16Z</time>
      </trkpt>
      <trkpt lat="44.15252" lon="-73.65096">
        <ele>583.06</ele>
        <time>2026-07-05T21:29:24Z</time>
      </trkpt>
      <trkpt lat="44.15253" lon="-73.65093">
        <ele>583.0</ele>
        <time>2026-07-05T21:29:27Z</time>
      </trkpt>
      <trkpt lat="44.15254" lon="-73.6509">
        <ele>582.7</ele>
        <time>2026-07-05T21:29:30Z</time>
      </trkpt>
      <trkpt lat="44.15256" lon="-73.65087">
        <ele>582.06</ele>
        <time>2026-07-05T21:29:34Z</time>
      </trkpt>
      <trkpt lat="44.15256" lon="-73.65084">
        <ele>582.06</ele>
        <time>2026-07-05T21:29:36Z</time>
      </trkpt>
      <trkpt lat="44.15258" lon="-73.65074">
        <ele>581.41</ele>
        <time>2026-07-05T21:29:44Z</time>
      </trkpt>
      <trkpt lat="44.15261" lon="-73.65067">
        <ele>580.44</ele>
        <time>2026-07-05T21:29:51Z</time>
      </trkpt>
      <trkpt lat="44.15261" lon="-73.65063">
        <ele>580.44</ele>
        <time>2026-07-05T21:29:55Z</time>
      </trkpt>
      <trkpt lat="44.15261" lon="-73.65062">
        <ele>580.44</ele>
        <time>2026-07-05T21:29:56Z</time>
      </trkpt>
      <trkpt lat="44.15261" lon="-73.65056">
        <ele>580.44</ele>
        <time>2026-07-05T21:30:01Z</time>
      </trkpt>
      <trkpt lat="44.15262" lon="-73.65054">
        <ele>580.11</ele>
        <time>2026-07-05T21:30:03Z</time>
      </trkpt>
      <trkpt lat="44.15263" lon="-73.65052">
        <ele>579.79</ele>
        <time>2026-07-05T21:30:05Z</time>
      </trkpt>
      <trkpt lat="44.15263" lon="-73.65049">
        <ele>579.79</ele>
        <time>2026-07-05T21:30:07Z</time>
      </trkpt>
      <trkpt lat="44.15264" lon="-73.65045">
        <ele>579.46</ele>
        <time>2026-07-05T21:30:12Z</time>
      </trkpt>
      <trkpt lat="44.15266" lon="-73.65035">
        <ele>578.66</ele>
        <time>2026-07-05T21:30:21Z</time>
      </trkpt>
      <trkpt lat="44.15267" lon="-73.65031">
        <ele>577.95</ele>
        <time>2026-07-05T21:30:25Z</time>
      </trkpt>
      <trkpt lat="44.15267" lon="-73.65027">
        <ele>577.64</ele>
        <time>2026-07-05T21:30:28Z</time>
      </trkpt>
      <trkpt lat="44.15268" lon="-73.65026">
        <ele>577.21</ele>
        <time>2026-07-05T21:30:29Z</time>
      </trkpt>
      <trkpt lat="44.15268" lon="-73.65016">
        <ele>577.17</ele>
        <time>2026-07-05T21:30:38Z</time>
      </trkpt>
      <trkpt lat="44.15267" lon="-73.65015">
        <ele>577.49</ele>
        <time>2026-07-05T21:30:39Z</time>
      </trkpt>
      <trkpt lat="44.15267" lon="-73.65008">
        <ele>577.36</ele>
        <time>2026-07-05T21:30:48Z</time>
      </trkpt>
      <trkpt lat="44.15267" lon="-73.65007">
        <ele>577.25</ele>
        <time>2026-07-05T21:30:51Z</time>
      </trkpt>
      <trkpt lat="44.15267" lon="-73.65003">
        <ele>576.82</ele>
        <time>2026-07-05T21:30:56Z</time>
      </trkpt>
      <trkpt lat="44.15269" lon="-73.64995">
        <ele>575.84</ele>
        <time>2026-07-05T21:31:05Z</time>
      </trkpt>
      <trkpt lat="44.1527" lon="-73.64988">
        <ele>575.52</ele>
        <time>2026-07-05T21:31:13Z</time>
      </trkpt>
      <trkpt lat="44.15269" lon="-73.64985">
        <ele>575.84</ele>
        <time>2026-07-05T21:31:16Z</time>
      </trkpt>
      <trkpt lat="44.15269" lon="-73.64984">
        <ele>575.84</ele>
        <time>2026-07-05T21:31:17Z</time>
      </trkpt>
      <trkpt lat="44.15268" lon="-73.64976">
        <ele>575.58</ele>
        <time>2026-07-05T21:31:26Z</time>
      </trkpt>
      <trkpt lat="44.15269" lon="-73.64974">
        <ele>575.04</ele>
        <time>2026-07-05T21:31:29Z</time>
      </trkpt>
      <trkpt lat="44.1527" lon="-73.64967">
        <ele>574.52</ele>
        <time>2026-07-05T21:31:35Z</time>
      </trkpt>
      <trkpt lat="44.1527" lon="-73.64958">
        <ele>574.52</ele>
        <time>2026-07-05T21:31:44Z</time>
      </trkpt>
      <trkpt lat="44.15269" lon="-73.64951">
        <ele>574.55</ele>
        <time>2026-07-05T21:31:48Z</time>
      </trkpt>
      <trkpt lat="44.15268" lon="-73.64946">
        <ele>574.33</ele>
        <time>2026-07-05T21:31:54Z</time>
      </trkpt>
      <trkpt lat="44.15267" lon="-73.64941">
        <ele>574.49</ele>
        <time>2026-07-05T21:32:00Z</time>
      </trkpt>
      <trkpt lat="44.15268" lon="-73.64926">
        <ele>573.18</ele>
        <time>2026-07-05T21:32:10Z</time>
      </trkpt>
      <trkpt lat="44.15267" lon="-73.64919">
        <ele>573.49</ele>
        <time>2026-07-05T21:32:18Z</time>
      </trkpt>
      <trkpt lat="44.15267" lon="-73.64917">
        <ele>573.49</ele>
        <time>2026-07-05T21:32:22Z</time>
      </trkpt>
      <trkpt lat="44.15268" lon="-73.64913">
        <ele>573.17</ele>
        <time>2026-07-05T21:32:26Z</time>
      </trkpt>
      <trkpt lat="44.15267" lon="-73.64907">
        <ele>573.49</ele>
        <time>2026-07-05T21:32:34Z</time>
      </trkpt>
      <trkpt lat="44.15267" lon="-73.64899">
        <ele>573.49</ele>
        <time>2026-07-05T21:32:41Z</time>
      </trkpt>
      <trkpt lat="44.15266" lon="-73.64889">
        <ele>573.82</ele>
        <time>2026-07-05T21:32:50Z</time>
      </trkpt>
      <trkpt lat="44.15266" lon="-73.64883">
        <ele>573.82</ele>
        <time>2026-07-05T21:32:58Z</time>
      </trkpt>
      <trkpt lat="44.15267" lon="-73.64877">
        <ele>573.49</ele>
        <time>2026-07-05T21:33:04Z</time>
      </trkpt>
      <trkpt lat="44.15267" lon="-73.64876">
        <ele>573.49</ele>
        <time>2026-07-05T21:33:05Z</time>
      </trkpt>
      <trkpt lat="44.15266" lon="-73.6487">
        <ele>573.82</ele>
        <time>2026-07-05T21:33:13Z</time>
      </trkpt>
      <trkpt lat="44.15267" lon="-73.64863">
        <ele>573.49</ele>
        <time>2026-07-05T21:33:20Z</time>
      </trkpt>
      <trkpt lat="44.15265" lon="-73.64858">
        <ele>574.14</ele>
        <time>2026-07-05T21:33:26Z</time>
      </trkpt>
      <trkpt lat="44.15265" lon="-73.64857">
        <ele>574.14</ele>
        <time>2026-07-05T21:33:28Z</time>
      </trkpt>
      <trkpt lat="44.15265" lon="-73.64847">
        <ele>574.14</ele>
        <time>2026-07-05T21:33:37Z</time>
      </trkpt>
      <trkpt lat="44.15263" lon="-73.64841">
        <ele>574.79</ele>
        <time>2026-07-05T21:33:46Z</time>
      </trkpt>
      <trkpt lat="44.15265" lon="-73.64831">
        <ele>574.14</ele>
        <time>2026-07-05T21:33:56Z</time>
      </trkpt>
      <trkpt lat="44.15267" lon="-73.64827">
        <ele>573.49</ele>
        <time>2026-07-05T21:34:00Z</time>
      </trkpt>
      <trkpt lat="44.15267" lon="-73.64824">
        <ele>573.49</ele>
        <time>2026-07-05T21:34:04Z</time>
      </trkpt>
      <trkpt lat="44.15267" lon="-73.64822">
        <ele>573.3</ele>
        <time>2026-07-05T21:34:05Z</time>
      </trkpt>
      <trkpt lat="44.15264" lon="-73.64815">
        <ele>573.96</ele>
        <time>2026-07-05T21:34:10Z</time>
      </trkpt>
      <trkpt lat="44.15264" lon="-73.64814">
        <ele>573.95</ele>
        <time>2026-07-05T21:34:12Z</time>
      </trkpt>
      <trkpt lat="44.15262" lon="-73.64806">
        <ele>574.82</ele>
        <time>2026-07-05T21:34:21Z</time>
      </trkpt>
      <trkpt lat="44.15261" lon="-73.648">
        <ele>575.36</ele>
        <time>2026-07-05T21:34:26Z</time>
      </trkpt>
      <trkpt lat="44.1526" lon="-73.64798">
        <ele>575.75</ele>
        <time>2026-07-05T21:34:28Z</time>
      </trkpt>
      <trkpt lat="44.1526" lon="-73.64797">
        <ele>575.75</ele>
        <time>2026-07-05T21:34:29Z</time>
      </trkpt>
      <trkpt lat="44.15259" lon="-73.64792">
        <ele>576.56</ele>
        <time>2026-07-05T21:34:36Z</time>
      </trkpt>
      <trkpt lat="44.15258" lon="-73.64788">
        <ele>577.32</ele>
        <time>2026-07-05T21:34:41Z</time>
      </trkpt>
      <trkpt lat="44.15259" lon="-73.64785">
        <ele>577.3</ele>
        <time>2026-07-05T21:34:45Z</time>
      </trkpt>
      <trkpt lat="44.15259" lon="-73.64779">
        <ele>577.95</ele>
        <time>2026-07-05T21:34:54Z</time>
      </trkpt>
      <trkpt lat="44.1526" lon="-73.64778">
        <ele>577.74</ele>
        <time>2026-07-05T21:34:56Z</time>
      </trkpt>
      <trkpt lat="44.15261" lon="-73.64768">
        <ele>578.49</ele>
        <time>2026-07-05T21:35:04Z</time>
      </trkpt>
      <trkpt lat="44.15261" lon="-73.64766">
        <ele>578.71</ele>
        <time>2026-07-05T21:35:05Z</time>
      </trkpt>
      <trkpt lat="44.15261" lon="-73.64765">
        <ele>578.82</ele>
        <time>2026-07-05T21:35:07Z</time>
      </trkpt>
      <trkpt lat="44.1526" lon="-73.6476">
        <ele>579.68</ele>
        <time>2026-07-05T21:35:12Z</time>
      </trkpt>
      <trkpt lat="44.15259" lon="-73.64757">
        <ele>580.33</ele>
        <time>2026-07-05T21:35:15Z</time>
      </trkpt>
      <trkpt lat="44.15261" lon="-73.64754">
        <ele>580.0</ele>
        <time>2026-07-05T21:35:22Z</time>
      </trkpt>
      <trkpt lat="44.15261" lon="-73.64753">
        <ele>580.11</ele>
        <time>2026-07-05T21:35:24Z</time>
      </trkpt>
      <trkpt lat="44.15261" lon="-73.64744">
        <ele>580.56</ele>
        <time>2026-07-05T21:35:35Z</time>
      </trkpt>
      <trkpt lat="44.15261" lon="-73.64743">
        <ele>580.58</ele>
        <time>2026-07-05T21:35:36Z</time>
      </trkpt>
      <trkpt lat="44.15264" lon="-73.64735">
        <ele>580.6</ele>
        <time>2026-07-05T21:35:46Z</time>
      </trkpt>
      <trkpt lat="44.15265" lon="-73.64726">
        <ele>581.35</ele>
        <time>2026-07-05T21:35:57Z</time>
      </trkpt>
      <trkpt lat="44.15265" lon="-73.64725">
        <ele>581.46</ele>
        <time>2026-07-05T21:35:58Z</time>
      </trkpt>
      <trkpt lat="44.15265" lon="-73.64718">
        <ele>581.76</ele>
        <time>2026-07-05T21:36:06Z</time>
      </trkpt>
      <trkpt lat="44.15266" lon="-73.64715">
        <ele>581.54</ele>
        <time>2026-07-05T21:36:11Z</time>
      </trkpt>
      <trkpt lat="44.15265" lon="-73.64711">
        <ele>581.97</ele>
        <time>2026-07-05T21:36:15Z</time>
      </trkpt>
      <trkpt lat="44.15264" lon="-73.64704">
        <ele>582.94</ele>
        <time>2026-07-05T21:36:23Z</time>
      </trkpt>
      <trkpt lat="44.15264" lon="-73.64702">
        <ele>583.07</ele>
        <time>2026-07-05T21:36:25Z</time>
      </trkpt>
      <trkpt lat="44.15266" lon="-73.64691">
        <ele>583.27</ele>
        <time>2026-07-05T21:36:35Z</time>
      </trkpt>
      <trkpt lat="44.15264" lon="-73.64678">
        <ele>584.26</ele>
        <time>2026-07-05T21:36:45Z</time>
      </trkpt>
      <trkpt lat="44.15266" lon="-73.64676">
        <ele>584.26</ele>
        <time>2026-07-05T21:36:48Z</time>
      </trkpt>
      <trkpt lat="44.15268" lon="-73.64671">
        <ele>584.06</ele>
        <time>2026-07-05T21:36:53Z</time>
      </trkpt>
      <trkpt lat="44.15271" lon="-73.64664">
        <ele>583.73</ele>
        <time>2026-07-05T21:37:02Z</time>
      </trkpt>
      <trkpt lat="44.15271" lon="-73.64663">
        <ele>583.73</ele>
        <time>2026-07-05T21:37:03Z</time>
      </trkpt>
      <trkpt lat="44.15273" lon="-73.6466">
        <ele>583.52</ele>
        <time>2026-07-05T21:37:12Z</time>
      </trkpt>
      <trkpt lat="44.15278" lon="-73.6465">
        <ele>582.98</ele>
        <time>2026-07-05T21:37:21Z</time>
      </trkpt>
      <trkpt lat="44.15279" lon="-73.64647">
        <ele>582.99</ele>
        <time>2026-07-05T21:37:24Z</time>
      </trkpt>
      <trkpt lat="44.1528" lon="-73.64642">
        <ele>583.42</ele>
        <time>2026-07-05T21:37:28Z</time>
      </trkpt>
      <trkpt lat="44.15281" lon="-73.6464">
        <ele>583.53</ele>
        <time>2026-07-05T21:37:30Z</time>
      </trkpt>
      <trkpt lat="44.15283" lon="-73.64629">
        <ele>583.47</ele>
        <time>2026-07-05T21:37:41Z</time>
      </trkpt>
      <trkpt lat="44.15285" lon="-73.6462">
        <ele>583.99</ele>
        <time>2026-07-05T21:37:49Z</time>
      </trkpt>
      <trkpt lat="44.15286" lon="-73.64611">
        <ele>583.89</ele>
        <time>2026-07-05T21:37:56Z</time>
      </trkpt>
      <trkpt lat="44.15287" lon="-73.64607">
        <ele>583.99</ele>
        <time>2026-07-05T21:37:58Z</time>
      </trkpt>
      <trkpt lat="44.15288" lon="-73.64602">
        <ele>584.0</ele>
        <time>2026-07-05T21:38:02Z</time>
      </trkpt>
      <trkpt lat="44.15289" lon="-73.64597">
        <ele>583.59</ele>
        <time>2026-07-05T21:38:06Z</time>
      </trkpt>
      <trkpt lat="44.15291" lon="-73.64586">
        <ele>582.61</ele>
        <time>2026-07-05T21:38:15Z</time>
      </trkpt>
      <trkpt lat="44.15295" lon="-73.64579">
        <ele>583.05</ele>
        <time>2026-07-05T21:38:22Z</time>
      </trkpt>
      <trkpt lat="44.15295" lon="-73.64576">
        <ele>582.68</ele>
        <time>2026-07-05T21:38:24Z</time>
      </trkpt>
      <trkpt lat="44.15296" lon="-73.64567">
        <ele>582.11</ele>
        <time>2026-07-05T21:38:31Z</time>
      </trkpt>
      <trkpt lat="44.153" lon="-73.64558">
        <ele>581.92</ele>
        <time>2026-07-05T21:38:40Z</time>
      </trkpt>
      <trkpt lat="44.15301" lon="-73.64558">
        <ele>582.29</ele>
        <time>2026-07-05T21:38:41Z</time>
      </trkpt>
      <trkpt lat="44.15305" lon="-73.64556">
        <ele>583.77</ele>
        <time>2026-07-05T21:38:48Z</time>
      </trkpt>
      <trkpt lat="44.15307" lon="-73.64552">
        <ele>583.83</ele>
        <time>2026-07-05T21:38:54Z</time>
      </trkpt>
      <trkpt lat="44.15308" lon="-73.64549">
        <ele>583.74</ele>
        <time>2026-07-05T21:38:56Z</time>
      </trkpt>
      <trkpt lat="44.15309" lon="-73.64547">
        <ele>583.79</ele>
        <time>2026-07-05T21:39:00Z</time>
      </trkpt>
      <trkpt lat="44.1531" lon="-73.64546">
        <ele>583.94</ele>
        <time>2026-07-05T21:39:02Z</time>
      </trkpt>
      <trkpt lat="44.15311" lon="-73.64545">
        <ele>584.12</ele>
        <time>2026-07-05T21:39:04Z</time>
      </trkpt>
      <trkpt lat="44.15314" lon="-73.64537">
        <ele>584.73</ele>
        <time>2026-07-05T21:39:14Z</time>
      </trkpt>
      <trkpt lat="44.15317" lon="-73.6453">
        <ele>584.6</ele>
        <time>2026-07-05T21:39:22Z</time>
      </trkpt>
      <trkpt lat="44.15318" lon="-73.64528">
        <ele>584.7</ele>
        <time>2026-07-05T21:39:24Z</time>
      </trkpt>
      <trkpt lat="44.15319" lon="-73.64527">
        <ele>584.77</ele>
        <time>2026-07-05T21:39:25Z</time>
      </trkpt>
      <trkpt lat="44.15323" lon="-73.64521">
        <ele>584.95</ele>
        <time>2026-07-05T21:39:32Z</time>
      </trkpt>
      <trkpt lat="44.15325" lon="-73.64512">
        <ele>584.37</ele>
        <time>2026-07-05T21:39:39Z</time>
      </trkpt>
      <trkpt lat="44.15331" lon="-73.64502">
        <ele>583.77</ele>
        <time>2026-07-05T21:39:49Z</time>
      </trkpt>
      <trkpt lat="44.15333" lon="-73.64494">
        <ele>582.61</ele>
        <time>2026-07-05T21:39:55Z</time>
      </trkpt>
      <trkpt lat="44.15334" lon="-73.64493">
        <ele>582.54</ele>
        <time>2026-07-05T21:39:57Z</time>
      </trkpt>
      <trkpt lat="44.15336" lon="-73.64491">
        <ele>582.34</ele>
        <time>2026-07-05T21:40:02Z</time>
      </trkpt>
      <trkpt lat="44.15339" lon="-73.6449">
        <ele>582.47</ele>
        <time>2026-07-05T21:40:06Z</time>
      </trkpt>
      <trkpt lat="44.15343" lon="-73.64489">
        <ele>582.81</ele>
        <time>2026-07-05T21:40:13Z</time>
      </trkpt>
      <trkpt lat="44.15345" lon="-73.64488">
        <ele>582.7</ele>
        <time>2026-07-05T21:40:15Z</time>
      </trkpt>
      <trkpt lat="44.15352" lon="-73.64485">
        <ele>582.37</ele>
        <time>2026-07-05T21:40:24Z</time>
      </trkpt>
      <trkpt lat="44.15354" lon="-73.64485">
        <ele>582.29</ele>
        <time>2026-07-05T21:40:26Z</time>
      </trkpt>
      <trkpt lat="44.15363" lon="-73.64483">
        <ele>581.8</ele>
        <time>2026-07-05T21:40:35Z</time>
      </trkpt>
      <trkpt lat="44.15371" lon="-73.64483">
        <ele>580.88</ele>
        <time>2026-07-05T21:40:45Z</time>
      </trkpt>
      <trkpt lat="44.15372" lon="-73.64482">
        <ele>580.66</ele>
        <time>2026-07-05T21:40:46Z</time>
      </trkpt>
      <trkpt lat="44.15374" lon="-73.64484">
        <ele>580.32</ele>
        <time>2026-07-05T21:40:52Z</time>
      </trkpt>
      <trkpt lat="44.15376" lon="-73.64484">
        <ele>579.95</ele>
        <time>2026-07-05T21:40:54Z</time>
      </trkpt>
      <trkpt lat="44.15378" lon="-73.64484">
        <ele>579.58</ele>
        <time>2026-07-05T21:40:58Z</time>
      </trkpt>
      <trkpt lat="44.1538" lon="-73.64483">
        <ele>579.04</ele>
        <time>2026-07-05T21:41:04Z</time>
      </trkpt>
      <trkpt lat="44.1538" lon="-73.64483">
        <ele>579.04</ele>
        <time>2026-07-05T21:41:05Z</time>
      </trkpt>
      <trkpt lat="44.15381" lon="-73.64481">
        <ele>578.5</ele>
        <time>2026-07-05T21:41:10Z</time>
      </trkpt>
      <trkpt lat="44.15382" lon="-73.64478">
        <ele>577.86</ele>
        <time>2026-07-05T21:41:14Z</time>
      </trkpt>
      <trkpt lat="44.15382" lon="-73.64472">
        <ele>577.19</ele>
        <time>2026-07-05T21:41:19Z</time>
      </trkpt>
      <trkpt lat="44.15384" lon="-73.64467">
        <ele>575.72</ele>
        <time>2026-07-05T21:41:24Z</time>
      </trkpt>
      <trkpt lat="44.15385" lon="-73.64462">
        <ele>574.74</ele>
        <time>2026-07-05T21:41:27Z</time>
      </trkpt>
      <trkpt lat="44.15386" lon="-73.64459">
        <ele>574.2</ele>
        <time>2026-07-05T21:41:30Z</time>
      </trkpt>
      <trkpt lat="44.15388" lon="-73.64455">
        <ele>573.33</ele>
        <time>2026-07-05T21:41:35Z</time>
      </trkpt>
      <trkpt lat="44.15389" lon="-73.64451">
        <ele>572.68</ele>
        <time>2026-07-05T21:41:39Z</time>
      </trkpt>
      <trkpt lat="44.1539" lon="-73.64447">
        <ele>572.04</ele>
        <time>2026-07-05T21:41:44Z</time>
      </trkpt>
      <trkpt lat="44.15391" lon="-73.64445">
        <ele>571.6</ele>
        <time>2026-07-05T21:41:47Z</time>
      </trkpt>
      <trkpt lat="44.15391" lon="-73.64445">
        <ele>571.6</ele>
        <time>2026-07-05T21:41:49Z</time>
      </trkpt>
      <trkpt lat="44.15394" lon="-73.64441">
        <ele>570.15</ele>
        <time>2026-07-05T21:41:55Z</time>
      </trkpt>
      <trkpt lat="44.15395" lon="-73.6444">
        <ele>569.72</ele>
        <time>2026-07-05T21:41:57Z</time>
      </trkpt>
      <trkpt lat="44.15396" lon="-73.64438">
        <ele>569.07</ele>
        <time>2026-07-05T21:42:00Z</time>
      </trkpt>
      <trkpt lat="44.15399" lon="-73.64434">
        <ele>567.56</ele>
        <time>2026-07-05T21:42:06Z</time>
      </trkpt>
      <trkpt lat="44.15401" lon="-73.6443">
        <ele>566.26</ele>
        <time>2026-07-05T21:42:14Z</time>
      </trkpt>
      <trkpt lat="44.15401" lon="-73.64428">
        <ele>565.83</ele>
        <time>2026-07-05T21:42:17Z</time>
      </trkpt>
      <trkpt lat="44.15401" lon="-73.64424">
        <ele>565.03</ele>
        <time>2026-07-05T21:42:23Z</time>
      </trkpt>
      <trkpt lat="44.154" lon="-73.64421">
        <ele>564.64</ele>
        <time>2026-07-05T21:42:27Z</time>
      </trkpt>
      <trkpt lat="44.154" lon="-73.64414">
        <ele>563.17</ele>
        <time>2026-07-05T21:42:33Z</time>
      </trkpt>
      <trkpt lat="44.15397" lon="-73.64409">
        <ele>562.49</ele>
        <time>2026-07-05T21:42:39Z</time>
      </trkpt>
      <trkpt lat="44.15395" lon="-73.64406">
        <ele>561.94</ele>
        <time>2026-07-05T21:42:44Z</time>
      </trkpt>
      <trkpt lat="44.15393" lon="-73.64405">
        <ele>561.92</ele>
        <time>2026-07-05T21:42:46Z</time>
      </trkpt>
      <trkpt lat="44.15389" lon="-73.64399">
        <ele>561.16</ele>
        <time>2026-07-05T21:42:53Z</time>
      </trkpt>
      <trkpt lat="44.15384" lon="-73.64396">
        <ele>560.19</ele>
        <time>2026-07-05T21:43:02Z</time>
      </trkpt>
      <trkpt lat="44.15383" lon="-73.64393">
        <ele>559.13</ele>
        <time>2026-07-05T21:43:07Z</time>
      </trkpt>
      <trkpt lat="44.15381" lon="-73.64389">
        <ele>557.89</ele>
        <time>2026-07-05T21:43:11Z</time>
      </trkpt>
      <trkpt lat="44.1538" lon="-73.6439">
        <ele>558.32</ele>
        <time>2026-07-05T21:43:13Z</time>
      </trkpt>
      <trkpt lat="44.1538" lon="-73.64394">
        <ele>559.64</ele>
        <time>2026-07-05T21:43:18Z</time>
      </trkpt>
      <trkpt lat="44.15378" lon="-73.64396">
        <ele>560.44</ele>
        <time>2026-07-05T21:43:29Z</time>
      </trkpt>
      <trkpt lat="44.1538" lon="-73.64395">
        <ele>559.97</ele>
        <time>2026-07-05T21:43:34Z</time>
      </trkpt>
      <trkpt lat="44.1538" lon="-73.64393">
        <ele>559.31</ele>
        <time>2026-07-05T21:43:39Z</time>
      </trkpt>
      <trkpt lat="44.15379" lon="-73.6439">
        <ele>558.37</ele>
        <time>2026-07-05T21:43:42Z</time>
      </trkpt>
      <trkpt lat="44.15379" lon="-73.64387">
        <ele>556.99</ele>
        <time>2026-07-05T21:43:44Z</time>
      </trkpt>
      <trkpt lat="44.15379" lon="-73.64384">
        <ele>555.4</ele>
        <time>2026-07-05T21:43:46Z</time>
      </trkpt>
      <trkpt lat="44.15379" lon="-73.64384">
        <ele>555.4</ele>
        <time>2026-07-05T21:43:50Z</time>
      </trkpt>
      <trkpt lat="44.15379" lon="-73.64382">
        <ele>554.33</ele>
        <time>2026-07-05T21:43:53Z</time>
      </trkpt>
      <trkpt lat="44.15378" lon="-73.64381">
        <ele>553.89</ele>
        <time>2026-07-05T21:43:55Z</time>
      </trkpt>
      <trkpt lat="44.15378" lon="-73.6438">
        <ele>553.37</ele>
        <time>2026-07-05T21:43:56Z</time>
      </trkpt>
      <trkpt lat="44.15374" lon="-73.64376">
        <ele>552.04</ele>
        <time>2026-07-05T21:44:04Z</time>
      </trkpt>
      <trkpt lat="44.15374" lon="-73.64375">
        <ele>551.61</ele>
        <time>2026-07-05T21:44:06Z</time>
      </trkpt>
      <trkpt lat="44.15372" lon="-73.64371">
        <ele>550.1</ele>
        <time>2026-07-05T21:44:13Z</time>
      </trkpt>
      <trkpt lat="44.15371" lon="-73.6437">
        <ele>549.77</ele>
        <time>2026-07-05T21:44:15Z</time>
      </trkpt>
      <trkpt lat="44.1537" lon="-73.64367">
        <ele>548.58</ele>
        <time>2026-07-05T21:44:19Z</time>
      </trkpt>
      <trkpt lat="44.15368" lon="-73.64365">
        <ele>547.94</ele>
        <time>2026-07-05T21:44:23Z</time>
      </trkpt>
      <trkpt lat="44.15368" lon="-73.64365">
        <ele>547.94</ele>
        <time>2026-07-05T21:44:24Z</time>
      </trkpt>
      <trkpt lat="44.15364" lon="-73.64358">
        <ele>545.68</ele>
        <time>2026-07-05T21:44:31Z</time>
      </trkpt>
      <trkpt lat="44.15363" lon="-73.64357">
        <ele>545.46</ele>
        <time>2026-07-05T21:44:32Z</time>
      </trkpt>
      <trkpt lat="44.1536" lon="-73.64352">
        <ele>544.05</ele>
        <time>2026-07-05T21:44:40Z</time>
      </trkpt>
      <trkpt lat="44.15355" lon="-73.64347">
        <ele>542.77</ele>
        <time>2026-07-05T21:44:47Z</time>
      </trkpt>
      <trkpt lat="44.15354" lon="-73.64346">
        <ele>542.59</ele>
        <time>2026-07-05T21:44:49Z</time>
      </trkpt>
      <trkpt lat="44.15351" lon="-73.64345">
        <ele>542.45</ele>
        <time>2026-07-05T21:44:55Z</time>
      </trkpt>
      <trkpt lat="44.15349" lon="-73.64345">
        <ele>542.29</ele>
        <time>2026-07-05T21:44:57Z</time>
      </trkpt>
      <trkpt lat="44.15346" lon="-73.64345">
        <ele>542.05</ele>
        <time>2026-07-05T21:45:03Z</time>
      </trkpt>
      <trkpt lat="44.15344" lon="-73.64344">
        <ele>541.58</ele>
        <time>2026-07-05T21:45:07Z</time>
      </trkpt>
      <trkpt lat="44.15343" lon="-73.64344">
        <ele>541.49</ele>
        <time>2026-07-05T21:45:09Z</time>
      </trkpt>
      <trkpt lat="44.1534" lon="-73.64341">
        <ele>540.42</ele>
        <time>2026-07-05T21:45:16Z</time>
      </trkpt>
      <trkpt lat="44.1534" lon="-73.64341">
        <ele>540.42</ele>
        <time>2026-07-05T21:45:17Z</time>
      </trkpt>
      <trkpt lat="44.1534" lon="-73.64339">
        <ele>540.05</ele>
        <time>2026-07-05T21:45:22Z</time>
      </trkpt>
      <trkpt lat="44.1534" lon="-73.64337">
        <ele>539.68</ele>
        <time>2026-07-05T21:45:25Z</time>
      </trkpt>
      <trkpt lat="44.15339" lon="-73.64335">
        <ele>539.29</ele>
        <time>2026-07-05T21:45:27Z</time>
      </trkpt>
      <trkpt lat="44.15336" lon="-73.6433">
        <ele>538.38</ele>
        <time>2026-07-05T21:45:32Z</time>
      </trkpt>
      <trkpt lat="44.15335" lon="-73.64329">
        <ele>538.15</ele>
        <time>2026-07-05T21:45:34Z</time>
      </trkpt>
      <trkpt lat="44.15334" lon="-73.64328">
        <ele>537.89</ele>
        <time>2026-07-05T21:45:38Z</time>
      </trkpt>
      <trkpt lat="44.1533" lon="-73.64325">
        <ele>537.16</ele>
        <time>2026-07-05T21:45:43Z</time>
      </trkpt>
      <trkpt lat="44.15327" lon="-73.64323">
        <ele>536.88</ele>
        <time>2026-07-05T21:45:46Z</time>
      </trkpt>
      <trkpt lat="44.15327" lon="-73.64323">
        <ele>536.88</ele>
        <time>2026-07-05T21:45:48Z</time>
      </trkpt>
      <trkpt lat="44.15326" lon="-73.64322">
        <ele>536.78</ele>
        <time>2026-07-05T21:45:53Z</time>
      </trkpt>
      <trkpt lat="44.15326" lon="-73.64322">
        <ele>536.78</ele>
        <time>2026-07-05T21:45:57Z</time>
      </trkpt>
      <trkpt lat="44.15326" lon="-73.6432">
        <ele>536.56</ele>
        <time>2026-07-05T21:46:00Z</time>
      </trkpt>
      <trkpt lat="44.15325" lon="-73.64315">
        <ele>536.02</ele>
        <time>2026-07-05T21:46:05Z</time>
      </trkpt>
      <trkpt lat="44.15325" lon="-73.64313">
        <ele>535.61</ele>
        <time>2026-07-05T21:46:06Z</time>
      </trkpt>
      <trkpt lat="44.15326" lon="-73.64306">
        <ele>534.1</ele>
        <time>2026-07-05T21:46:15Z</time>
      </trkpt>
      <trkpt lat="44.15327" lon="-73.64304">
        <ele>533.83</ele>
        <time>2026-07-05T21:46:17Z</time>
      </trkpt>
      <trkpt lat="44.15333" lon="-73.64303">
        <ele>533.72</ele>
        <time>2026-07-05T21:46:26Z</time>
      </trkpt>
      <trkpt lat="44.15337" lon="-73.64298">
        <ele>532.86</ele>
        <time>2026-07-05T21:46:34Z</time>
      </trkpt>
      <trkpt lat="44.15338" lon="-73.64297">
        <ele>532.61</ele>
        <time>2026-07-05T21:46:36Z</time>
      </trkpt>
      <trkpt lat="44.15339" lon="-73.64296">
        <ele>532.32</ele>
        <time>2026-07-05T21:46:40Z</time>
      </trkpt>
      <trkpt lat="44.1534" lon="-73.64296">
        <ele>532.22</ele>
        <time>2026-07-05T21:46:44Z</time>
      </trkpt>
      <trkpt lat="44.1534" lon="-73.64295">
        <ele>532.0</ele>
        <time>2026-07-05T21:46:48Z</time>
      </trkpt>
      <trkpt lat="44.15342" lon="-73.64292">
        <ele>531.14</ele>
        <time>2026-07-05T21:46:54Z</time>
      </trkpt>
      <trkpt lat="44.15342" lon="-73.64292">
        <ele>531.14</ele>
        <time>2026-07-05T21:46:55Z</time>
      </trkpt>
      <trkpt lat="44.15345" lon="-73.64287">
        <ele>529.73</ele>
        <time>2026-07-05T21:47:00Z</time>
      </trkpt>
      <trkpt lat="44.15345" lon="-73.64287">
        <ele>529.73</ele>
        <time>2026-07-05T21:47:01Z</time>
      </trkpt>
      <trkpt lat="44.15345" lon="-73.64285">
        <ele>529.24</ele>
        <time>2026-07-05T21:47:08Z</time>
      </trkpt>
      <trkpt lat="44.15345" lon="-73.64285">
        <ele>529.24</ele>
        <time>2026-07-05T21:47:09Z</time>
      </trkpt>
      <trkpt lat="44.15345" lon="-73.64284">
        <ele>529.0</ele>
        <time>2026-07-05T21:47:11Z</time>
      </trkpt>
      <trkpt lat="44.15345" lon="-73.64282">
        <ele>528.51</ele>
        <time>2026-07-05T21:47:15Z</time>
      </trkpt>
      <trkpt lat="44.15345" lon="-73.64281">
        <ele>528.27</ele>
        <time>2026-07-05T21:47:16Z</time>
      </trkpt>
      <trkpt lat="44.15345" lon="-73.6428">
        <ele>528.02</ele>
        <time>2026-07-05T21:47:18Z</time>
      </trkpt>
      <trkpt lat="44.15347" lon="-73.64273">
        <ele>526.02</ele>
        <time>2026-07-05T21:47:25Z</time>
      </trkpt>
      <trkpt lat="44.15347" lon="-73.64272">
        <ele>525.8</ele>
        <time>2026-07-05T21:47:26Z</time>
      </trkpt>
      <trkpt lat="44.15348" lon="-73.64266">
        <ele>524.02</ele>
        <time>2026-07-05T21:47:33Z</time>
      </trkpt>
      <trkpt lat="44.1535" lon="-73.64262">
        <ele>522.29</ele>
        <time>2026-07-05T21:47:39Z</time>
      </trkpt>
      <trkpt lat="44.15351" lon="-73.64259">
        <ele>521.1</ele>
        <time>2026-07-05T21:47:43Z</time>
      </trkpt>
      <trkpt lat="44.15352" lon="-73.64258">
        <ele>520.54</ele>
        <time>2026-07-05T21:47:45Z</time>
      </trkpt>
      <trkpt lat="44.15353" lon="-73.64256">
        <ele>519.57</ele>
        <time>2026-07-05T21:47:52Z</time>
      </trkpt>
      <trkpt lat="44.15354" lon="-73.64253">
        <ele>518.28</ele>
        <time>2026-07-05T21:47:55Z</time>
      </trkpt>
      <trkpt lat="44.15354" lon="-73.64247">
        <ele>516.33</ele>
        <time>2026-07-05T21:48:00Z</time>
      </trkpt>
      <trkpt lat="44.15353" lon="-73.64246">
        <ele>516.33</ele>
        <time>2026-07-05T21:48:02Z</time>
      </trkpt>
      <trkpt lat="44.15354" lon="-73.64242">
        <ele>514.71</ele>
        <time>2026-07-05T21:48:07Z</time>
      </trkpt>
      <trkpt lat="44.15354" lon="-73.6424">
        <ele>514.0</ele>
        <time>2026-07-05T21:48:09Z</time>
      </trkpt>
      <trkpt lat="44.15354" lon="-73.64238">
        <ele>513.19</ele>
        <time>2026-07-05T21:48:11Z</time>
      </trkpt>
      <trkpt lat="44.15353" lon="-73.64234">
        <ele>511.81</ele>
        <time>2026-07-05T21:48:16Z</time>
      </trkpt>
      <trkpt lat="44.15353" lon="-73.64233">
        <ele>511.39</ele>
        <time>2026-07-05T21:48:17Z</time>
      </trkpt>
      <trkpt lat="44.15353" lon="-73.64229">
        <ele>509.95</ele>
        <time>2026-07-05T21:48:22Z</time>
      </trkpt>
      <trkpt lat="44.15354" lon="-73.64229">
        <ele>509.73</ele>
        <time>2026-07-05T21:48:24Z</time>
      </trkpt>
      <trkpt lat="44.15355" lon="-73.64227">
        <ele>508.87</ele>
        <time>2026-07-05T21:48:27Z</time>
      </trkpt>
      <trkpt lat="44.15357" lon="-73.64225">
        <ele>507.79</ele>
        <time>2026-07-05T21:48:32Z</time>
      </trkpt>
      <trkpt lat="44.15357" lon="-73.64225">
        <ele>507.79</ele>
        <time>2026-07-05T21:48:33Z</time>
      </trkpt>
      <trkpt lat="44.15357" lon="-73.64224">
        <ele>507.46</ele>
        <time>2026-07-05T21:48:34Z</time>
      </trkpt>
      <trkpt lat="44.1536" lon="-73.64222">
        <ele>506.17</ele>
        <time>2026-07-05T21:48:39Z</time>
      </trkpt>
      <trkpt lat="44.15361" lon="-73.64222">
        <ele>505.95</ele>
        <time>2026-07-05T21:48:42Z</time>
      </trkpt>
      <trkpt lat="44.15364" lon="-73.64223">
        <ele>505.63</ele>
        <time>2026-07-05T21:48:46Z</time>
      </trkpt>
      <trkpt lat="44.15367" lon="-73.64221">
        <ele>504.33</ele>
        <time>2026-07-05T21:48:51Z</time>
      </trkpt>
      <trkpt lat="44.15367" lon="-73.64221">
        <ele>504.33</ele>
        <time>2026-07-05T21:48:52Z</time>
      </trkpt>
      <trkpt lat="44.15373" lon="-73.64221">
        <ele>503.07</ele>
        <time>2026-07-05T21:49:00Z</time>
      </trkpt>
      <trkpt lat="44.15375" lon="-73.6422">
        <ele>502.4</ele>
        <time>2026-07-05T21:49:01Z</time>
      </trkpt>
      <trkpt lat="44.15378" lon="-73.6422">
        <ele>501.83</ele>
        <time>2026-07-05T21:49:07Z</time>
      </trkpt>
      <trkpt lat="44.15379" lon="-73.64221">
        <ele>501.86</ele>
        <time>2026-07-05T21:49:09Z</time>
      </trkpt>
      <trkpt lat="44.15383" lon="-73.6422">
        <ele>500.79</ele>
        <time>2026-07-05T21:49:15Z</time>
      </trkpt>
      <trkpt lat="44.15385" lon="-73.64218">
        <ele>499.93</ele>
        <time>2026-07-05T21:49:17Z</time>
      </trkpt>
      <trkpt lat="44.15387" lon="-73.64217">
        <ele>499.28</ele>
        <time>2026-07-05T21:49:20Z</time>
      </trkpt>
      <trkpt lat="44.15389" lon="-73.64212">
        <ele>497.65</ele>
        <time>2026-07-05T21:49:25Z</time>
      </trkpt>
      <trkpt lat="44.15389" lon="-73.64212">
        <ele>497.65</ele>
        <time>2026-07-05T21:49:26Z</time>
      </trkpt>
      <trkpt lat="44.15389" lon="-73.6421">
        <ele>497.01</ele>
        <time>2026-07-05T21:49:31Z</time>
      </trkpt>
      <trkpt lat="44.1539" lon="-73.64207">
        <ele>495.79</ele>
        <time>2026-07-05T21:49:34Z</time>
      </trkpt>
      <trkpt lat="44.1539" lon="-73.64206">
        <ele>495.47</ele>
        <time>2026-07-05T21:49:36Z</time>
      </trkpt>
      <trkpt lat="44.15392" lon="-73.64203">
        <ele>494.18</ele>
        <time>2026-07-05T21:49:43Z</time>
      </trkpt>
      <trkpt lat="44.15394" lon="-73.64199">
        <ele>492.88</ele>
        <time>2026-07-05T21:49:50Z</time>
      </trkpt>
      <trkpt lat="44.15395" lon="-73.64195">
        <ele>491.8</ele>
        <time>2026-07-05T21:49:57Z</time>
      </trkpt>
      <trkpt lat="44.15395" lon="-73.64194">
        <ele>491.54</ele>
        <time>2026-07-05T21:49:59Z</time>
      </trkpt>
      <trkpt lat="44.15397" lon="-73.64194">
        <ele>491.1</ele>
        <time>2026-07-05T21:50:02Z</time>
      </trkpt>
      <trkpt lat="44.15397" lon="-73.64193">
        <ele>490.78</ele>
        <time>2026-07-05T21:50:04Z</time>
      </trkpt>
      <trkpt lat="44.15399" lon="-73.6419">
        <ele>489.38</ele>
        <time>2026-07-05T21:50:09Z</time>
      </trkpt>
      <trkpt lat="44.15401" lon="-73.64186">
        <ele>487.65</ele>
        <time>2026-07-05T21:50:12Z</time>
      </trkpt>
      <trkpt lat="44.15403" lon="-73.64184">
        <ele>486.57</ele>
        <time>2026-07-05T21:50:18Z</time>
      </trkpt>
      <trkpt lat="44.15405" lon="-73.64181">
        <ele>485.16</ele>
        <time>2026-07-05T21:50:23Z</time>
      </trkpt>
      <trkpt lat="44.15409" lon="-73.64178">
        <ele>483.33</ele>
        <time>2026-07-05T21:50:29Z</time>
      </trkpt>
      <trkpt lat="44.15409" lon="-73.64178">
        <ele>483.33</ele>
        <time>2026-07-05T21:50:30Z</time>
      </trkpt>
      <trkpt lat="44.15412" lon="-73.64177">
        <ele>482.36</ele>
        <time>2026-07-05T21:50:36Z</time>
      </trkpt>
      <trkpt lat="44.15412" lon="-73.64177">
        <ele>482.36</ele>
        <time>2026-07-05T21:50:37Z</time>
      </trkpt>
      <trkpt lat="44.15414" lon="-73.64177">
        <ele>481.92</ele>
        <time>2026-07-05T21:50:45Z</time>
      </trkpt>
      <trkpt lat="44.15415" lon="-73.64177">
        <ele>481.71</ele>
        <time>2026-07-05T21:50:46Z</time>
      </trkpt>
      <trkpt lat="44.15418" lon="-73.64174">
        <ele>480.44</ele>
        <time>2026-07-05T21:50:52Z</time>
      </trkpt>
      <trkpt lat="44.15419" lon="-73.64174">
        <ele>480.33</ele>
        <time>2026-07-05T21:50:53Z</time>
      </trkpt>
      <trkpt lat="44.15421" lon="-73.64174">
        <ele>480.12</ele>
        <time>2026-07-05T21:50:57Z</time>
      </trkpt>
      <trkpt lat="44.15424" lon="-73.64174">
        <ele>479.79</ele>
        <time>2026-07-05T21:51:03Z</time>
      </trkpt>
      <trkpt lat="44.15424" lon="-73.64174">
        <ele>479.79</ele>
        <time>2026-07-05T21:51:05Z</time>
      </trkpt>
      <trkpt lat="44.15429" lon="-73.64175">
        <ele>480.13</ele>
        <time>2026-07-05T21:51:13Z</time>
      </trkpt>
      <trkpt lat="44.15429" lon="-73.64174">
        <ele>479.92</ele>
        <time>2026-07-05T21:51:15Z</time>
      </trkpt>
      <trkpt lat="44.1543" lon="-73.64174">
        <ele>480.02</ele>
        <time>2026-07-05T21:51:18Z</time>
      </trkpt>
      <trkpt lat="44.1543" lon="-73.64173">
        <ele>479.81</ele>
        <time>2026-07-05T21:51:20Z</time>
      </trkpt>
      <trkpt lat="44.15434" lon="-73.64172">
        <ele>480.02</ele>
        <time>2026-07-05T21:51:25Z</time>
      </trkpt>
      <trkpt lat="44.15435" lon="-73.64172">
        <ele>480.13</ele>
        <time>2026-07-05T21:51:27Z</time>
      </trkpt>
      <trkpt lat="44.15436" lon="-73.64172">
        <ele>480.24</ele>
        <time>2026-07-05T21:51:29Z</time>
      </trkpt>
      <trkpt lat="44.15438" lon="-73.64172">
        <ele>480.46</ele>
        <time>2026-07-05T21:51:33Z</time>
      </trkpt>
      <trkpt lat="44.15438" lon="-73.64172">
        <ele>480.46</ele>
        <time>2026-07-05T21:51:34Z</time>
      </trkpt>
      <trkpt lat="44.15438" lon="-73.64171">
        <ele>480.24</ele>
        <time>2026-07-05T21:51:35Z</time>
      </trkpt>
      <trkpt lat="44.1544" lon="-73.64168">
        <ele>479.81</ele>
        <time>2026-07-05T21:51:38Z</time>
      </trkpt>
      <trkpt lat="44.15442" lon="-73.64168">
        <ele>480.02</ele>
        <time>2026-07-05T21:51:40Z</time>
      </trkpt>
      <trkpt lat="44.15443" lon="-73.64167">
        <ele>479.92</ele>
        <time>2026-07-05T21:51:41Z</time>
      </trkpt>
      <trkpt lat="44.15444" lon="-73.64166">
        <ele>479.81</ele>
        <time>2026-07-05T21:51:43Z</time>
      </trkpt>
      <trkpt lat="44.15448" lon="-73.64166">
        <ele>480.24</ele>
        <time>2026-07-05T21:51:50Z</time>
      </trkpt>
      <trkpt lat="44.15448" lon="-73.64166">
        <ele>480.24</ele>
        <time>2026-07-05T21:51:51Z</time>
      </trkpt>
      <trkpt lat="44.15452" lon="-73.64166">
        <ele>480.67</ele>
        <time>2026-07-05T21:51:58Z</time>
      </trkpt>
      <trkpt lat="44.15452" lon="-73.64166">
        <ele>480.67</ele>
        <time>2026-07-05T21:51:59Z</time>
      </trkpt>
      <trkpt lat="44.15455" lon="-73.64162">
        <ele>480.13</ele>
        <time>2026-07-05T21:52:05Z</time>
      </trkpt>
      <trkpt lat="44.15456" lon="-73.64161">
        <ele>480.02</ele>
        <time>2026-07-05T21:52:06Z</time>
      </trkpt>
      <trkpt lat="44.15458" lon="-73.6416">
        <ele>480.02</ele>
        <time>2026-07-05T21:52:11Z</time>
      </trkpt>
      <trkpt lat="44.15458" lon="-73.6416">
        <ele>480.02</ele>
        <time>2026-07-05T21:52:12Z</time>
      </trkpt>
      <trkpt lat="44.15458" lon="-73.64161">
        <ele>480.24</ele>
        <time>2026-07-05T21:52:13Z</time>
      </trkpt>
      <trkpt lat="44.15464" lon="-73.64161">
        <ele>480.78</ele>
        <time>2026-07-05T21:52:19Z</time>
      </trkpt>
      <trkpt lat="44.15465" lon="-73.64161">
        <ele>480.78</ele>
        <time>2026-07-05T21:52:20Z</time>
      </trkpt>
      <trkpt lat="44.15465" lon="-73.6416">
        <ele>480.56</ele>
        <time>2026-07-05T21:52:21Z</time>
      </trkpt>
      <trkpt lat="44.15469" lon="-73.64156">
        <ele>479.7</ele>
        <time>2026-07-05T21:52:27Z</time>
      </trkpt>
      <trkpt lat="44.1547" lon="-73.64156">
        <ele>479.7</ele>
        <time>2026-07-05T21:52:28Z</time>
      </trkpt>
      <trkpt lat="44.15473" lon="-73.64153">
        <ele>479.05</ele>
        <time>2026-07-05T21:52:33Z</time>
      </trkpt>
      <trkpt lat="44.15473" lon="-73.64153">
        <ele>479.05</ele>
        <time>2026-07-05T21:52:34Z</time>
      </trkpt>
      <trkpt lat="44.15475" lon="-73.64147">
        <ele>477.75</ele>
        <time>2026-07-05T21:52:38Z</time>
      </trkpt>
      <trkpt lat="44.15476" lon="-73.64143">
        <ele>476.89</ele>
        <time>2026-07-05T21:52:41Z</time>
      </trkpt>
      <trkpt lat="44.15476" lon="-73.64138">
        <ele>475.81</ele>
        <time>2026-07-05T21:52:46Z</time>
      </trkpt>
      <trkpt lat="44.15478" lon="-73.64135">
        <ele>475.16</ele>
        <time>2026-07-05T21:52:54Z</time>
      </trkpt>
      <trkpt lat="44.15478" lon="-73.64131">
        <ele>474.3</ele>
        <time>2026-07-05T21:52:58Z</time>
      </trkpt>
      <trkpt lat="44.1548" lon="-73.64126">
        <ele>473.22</ele>
        <time>2026-07-05T21:53:02Z</time>
      </trkpt>
      <trkpt lat="44.1548" lon="-73.64123">
        <ele>472.57</ele>
        <time>2026-07-05T21:53:05Z</time>
      </trkpt>
      <trkpt lat="44.15481" lon="-73.6412">
        <ele>471.92</ele>
        <time>2026-07-05T21:53:09Z</time>
      </trkpt>
      <trkpt lat="44.15481" lon="-73.64118">
        <ele>471.49</ele>
        <time>2026-07-05T21:53:11Z</time>
      </trkpt>
      <trkpt lat="44.15481" lon="-73.64111">
        <ele>469.96</ele>
        <time>2026-07-05T21:53:17Z</time>
      </trkpt>
      <trkpt lat="44.15481" lon="-73.64107">
        <ele>468.69</ele>
        <time>2026-07-05T21:53:21Z</time>
      </trkpt>
      <trkpt lat="44.15479" lon="-73.64103">
        <ele>467.61</ele>
        <time>2026-07-05T21:53:27Z</time>
      </trkpt>
      <trkpt lat="44.15478" lon="-73.641">
        <ele>466.78</ele>
        <time>2026-07-05T21:53:31Z</time>
      </trkpt>
      <trkpt lat="44.15478" lon="-73.64098">
        <ele>466.13</ele>
        <time>2026-07-05T21:53:34Z</time>
      </trkpt>
      <trkpt lat="44.1548" lon="-73.64092">
        <ele>463.97</ele>
        <time>2026-07-05T21:53:41Z</time>
      </trkpt>
      <trkpt lat="44.15482" lon="-73.64088">
        <ele>462.51</ele>
        <time>2026-07-05T21:53:48Z</time>
      </trkpt>
      <trkpt lat="44.15482" lon="-73.64085">
        <ele>461.54</ele>
        <time>2026-07-05T21:53:51Z</time>
      </trkpt>
      <trkpt lat="44.15481" lon="-73.64083">
        <ele>460.98</ele>
        <time>2026-07-05T21:53:55Z</time>
      </trkpt>
      <trkpt lat="44.15481" lon="-73.64079">
        <ele>460.09</ele>
        <time>2026-07-05T21:54:01Z</time>
      </trkpt>
      <trkpt lat="44.1548" lon="-73.64076">
        <ele>459.45</ele>
        <time>2026-07-05T21:54:03Z</time>
      </trkpt>
      <trkpt lat="44.15479" lon="-73.64071">
        <ele>458.0</ele>
        <time>2026-07-05T21:54:09Z</time>
      </trkpt>
      <trkpt lat="44.15478" lon="-73.64068">
        <ele>457.03</ele>
        <time>2026-07-05T21:54:12Z</time>
      </trkpt>
      <trkpt lat="44.15479" lon="-73.64062">
        <ele>455.09</ele>
        <time>2026-07-05T21:54:17Z</time>
      </trkpt>
      <trkpt lat="44.15479" lon="-73.6406">
        <ele>454.44</ele>
        <time>2026-07-05T21:54:19Z</time>
      </trkpt>
      <trkpt lat="44.1548" lon="-73.64057">
        <ele>453.47</ele>
        <time>2026-07-05T21:54:23Z</time>
      </trkpt>
      <trkpt lat="44.1548" lon="-73.6405">
        <ele>451.2</ele>
        <time>2026-07-05T21:54:29Z</time>
      </trkpt>
      <trkpt lat="44.15479" lon="-73.64044">
        <ele>449.5</ele>
        <time>2026-07-05T21:54:33Z</time>
      </trkpt>
      <trkpt lat="44.1548" lon="-73.64039">
        <ele>448.42</ele>
        <time>2026-07-05T21:54:39Z</time>
      </trkpt>
      <trkpt lat="44.15481" lon="-73.64034">
        <ele>447.34</ele>
        <time>2026-07-05T21:54:44Z</time>
      </trkpt>
      <trkpt lat="44.15481" lon="-73.64033">
        <ele>447.13</ele>
        <time>2026-07-05T21:54:45Z</time>
      </trkpt>
      <trkpt lat="44.1548" lon="-73.64029">
        <ele>446.26</ele>
        <time>2026-07-05T21:54:50Z</time>
      </trkpt>
      <trkpt lat="44.1548" lon="-73.64028">
        <ele>446.05</ele>
        <time>2026-07-05T21:54:52Z</time>
      </trkpt>
      <trkpt lat="44.1548" lon="-73.64026">
        <ele>445.78</ele>
        <time>2026-07-05T21:54:56Z</time>
      </trkpt>
      <trkpt lat="44.15482" lon="-73.64021">
        <ele>445.27</ele>
        <time>2026-07-05T21:55:02Z</time>
      </trkpt>
      <trkpt lat="44.15482" lon="-73.64019">
        <ele>445.05</ele>
        <time>2026-07-05T21:55:03Z</time>
      </trkpt>
      <trkpt lat="44.15483" lon="-73.64016">
        <ele>444.46</ele>
        <time>2026-07-05T21:55:07Z</time>
      </trkpt>
      <trkpt lat="44.15484" lon="-73.64012">
        <ele>443.59</ele>
        <time>2026-07-05T21:55:12Z</time>
      </trkpt>
      <trkpt lat="44.15484" lon="-73.6401">
        <ele>443.16</ele>
        <time>2026-07-05T21:55:17Z</time>
      </trkpt>
      <trkpt lat="44.15483" lon="-73.64007">
        <ele>442.51</ele>
        <time>2026-07-05T21:55:20Z</time>
      </trkpt>
      <trkpt lat="44.15483" lon="-73.64003">
        <ele>441.65</ele>
        <time>2026-07-05T21:55:24Z</time>
      </trkpt>
      <trkpt lat="44.15481" lon="-73.63999">
        <ele>440.78</ele>
        <time>2026-07-05T21:55:30Z</time>
      </trkpt>
      <trkpt lat="44.15481" lon="-73.63998">
        <ele>440.57</ele>
        <time>2026-07-05T21:55:32Z</time>
      </trkpt>
      <trkpt lat="44.15478" lon="-73.63992">
        <ele>439.27</ele>
        <time>2026-07-05T21:55:39Z</time>
      </trkpt>
      <trkpt lat="44.15476" lon="-73.63987">
        <ele>438.19</ele>
        <time>2026-07-05T21:55:48Z</time>
      </trkpt>
      <trkpt lat="44.15475" lon="-73.63986">
        <ele>437.98</ele>
        <time>2026-07-05T21:55:51Z</time>
      </trkpt>
      <trkpt lat="44.15476" lon="-73.63987">
        <ele>438.19</ele>
        <time>2026-07-05T21:55:53Z</time>
      </trkpt>
      <trkpt lat="44.15477" lon="-73.63987">
        <ele>438.19</ele>
        <time>2026-07-05T21:56:01Z</time>
      </trkpt>
      <trkpt lat="44.15477" lon="-73.63988">
        <ele>438.41</ele>
        <time>2026-07-05T21:56:04Z</time>
      </trkpt>
      <trkpt lat="44.15475" lon="-73.63986">
        <ele>437.98</ele>
        <time>2026-07-05T21:56:09Z</time>
      </trkpt>
      <trkpt lat="44.15475" lon="-73.63985">
        <ele>437.76</ele>
        <time>2026-07-05T21:56:10Z</time>
      </trkpt>
      <trkpt lat="44.15476" lon="-73.63981">
        <ele>436.92</ele>
        <time>2026-07-05T21:56:16Z</time>
      </trkpt>
      <trkpt lat="44.15478" lon="-73.63977">
        <ele>436.33</ele>
        <time>2026-07-05T21:56:20Z</time>
      </trkpt>
      <trkpt lat="44.15478" lon="-73.63977">
        <ele>436.33</ele>
        <time>2026-07-05T21:56:22Z</time>
      </trkpt>
      <trkpt lat="44.15478" lon="-73.63976">
        <ele>436.19</ele>
        <time>2026-07-05T21:56:24Z</time>
      </trkpt>
      <trkpt lat="44.15478" lon="-73.63973">
        <ele>435.74</ele>
        <time>2026-07-05T21:56:27Z</time>
      </trkpt>
      <trkpt lat="44.15478" lon="-73.63972">
        <ele>435.59</ele>
        <time>2026-07-05T21:56:28Z</time>
      </trkpt>
      <trkpt lat="44.15478" lon="-73.63967">
        <ele>434.71</ele>
        <time>2026-07-05T21:56:34Z</time>
      </trkpt>
      <trkpt lat="44.15479" lon="-73.63964">
        <ele>434.19</ele>
        <time>2026-07-05T21:56:38Z</time>
      </trkpt>
      <trkpt lat="44.1548" lon="-73.63961">
        <ele>433.58</ele>
        <time>2026-07-05T21:56:42Z</time>
      </trkpt>
      <trkpt lat="44.15481" lon="-73.63959">
        <ele>433.14</ele>
        <time>2026-07-05T21:56:45Z</time>
      </trkpt>
      <trkpt lat="44.1548" lon="-73.63959">
        <ele>433.14</ele>
        <time>2026-07-05T21:56:46Z</time>
      </trkpt>
      <trkpt lat="44.1548" lon="-73.63954">
        <ele>432.06</ele>
        <time>2026-07-05T21:56:52Z</time>
      </trkpt>
      <trkpt lat="44.1548" lon="-73.63953">
        <ele>431.85</ele>
        <time>2026-07-05T21:56:53Z</time>
      </trkpt>
      <trkpt lat="44.1548" lon="-73.63949">
        <ele>430.98</ele>
        <time>2026-07-05T21:56:59Z</time>
      </trkpt>
      <trkpt lat="44.1548" lon="-73.63948">
        <ele>430.77</ele>
        <time>2026-07-05T21:57:01Z</time>
      </trkpt>
      <trkpt lat="44.15479" lon="-73.63945">
        <ele>430.12</ele>
        <time>2026-07-05T21:57:04Z</time>
      </trkpt>
      <trkpt lat="44.15475" lon="-73.63942">
        <ele>429.47</ele>
        <time>2026-07-05T21:57:10Z</time>
      </trkpt>
      <trkpt lat="44.15475" lon="-73.63941">
        <ele>429.26</ele>
        <time>2026-07-05T21:57:12Z</time>
      </trkpt>
      <trkpt lat="44.15476" lon="-73.63936">
        <ele>428.18</ele>
        <time>2026-07-05T21:57:16Z</time>
      </trkpt>
      <trkpt lat="44.15476" lon="-73.63935">
        <ele>427.98</ele>
        <time>2026-07-05T21:57:17Z</time>
      </trkpt>
      <trkpt lat="44.15477" lon="-73.63932">
        <ele>427.66</ele>
        <time>2026-07-05T21:57:20Z</time>
      </trkpt>
      <trkpt lat="44.15476" lon="-73.63925">
        <ele>426.8</ele>
        <time>2026-07-05T21:57:25Z</time>
      </trkpt>
      <trkpt lat="44.15475" lon="-73.63924">
        <ele>426.58</ele>
        <time>2026-07-05T21:57:27Z</time>
      </trkpt>
      <trkpt lat="44.15474" lon="-73.63917">
        <ele>425.07</ele>
        <time>2026-07-05T21:57:32Z</time>
      </trkpt>
      <trkpt lat="44.15473" lon="-73.63913">
        <ele>424.6</ele>
        <time>2026-07-05T21:57:35Z</time>
      </trkpt>
      <trkpt lat="44.15472" lon="-73.63906">
        <ele>423.68</ele>
        <time>2026-07-05T21:57:39Z</time>
      </trkpt>
      <trkpt lat="44.15472" lon="-73.63904">
        <ele>423.25</ele>
        <time>2026-07-05T21:57:40Z</time>
      </trkpt>
      <trkpt lat="44.15471" lon="-73.63894">
        <ele>421.55</ele>
        <time>2026-07-05T21:57:46Z</time>
      </trkpt>
      <trkpt lat="44.15469" lon="-73.63883">
        <ele>420.14</ele>
        <time>2026-07-05T21:57:54Z</time>
      </trkpt>
      <trkpt lat="44.1547" lon="-73.63879">
        <ele>419.69</ele>
        <time>2026-07-05T21:58:01Z</time>
      </trkpt>
      <trkpt lat="44.1547" lon="-73.6388">
        <ele>419.81</ele>
        <time>2026-07-05T21:58:13Z</time>
      </trkpt>
      <trkpt lat="44.1547" lon="-73.63878">
        <ele>419.58</ele>
        <time>2026-07-05T21:58:24Z</time>
      </trkpt>
      <trkpt lat="44.1547" lon="-73.63877">
        <ele>419.48</ele>
        <time>2026-07-05T21:58:27Z</time>
      </trkpt>
      <trkpt lat="44.1547" lon="-73.63873">
        <ele>419.04</ele>
        <time>2026-07-05T21:58:36Z</time>
      </trkpt>
      <trkpt lat="44.1547" lon="-73.63871">
        <ele>418.83</ele>
        <time>2026-07-05T21:58:39Z</time>
      </trkpt>
      <trkpt lat="44.1547" lon="-73.63867">
        <ele>418.12</ele>
        <time>2026-07-05T21:58:46Z</time>
      </trkpt>
      <trkpt lat="44.15471" lon="-73.63865">
        <ele>417.78</ele>
        <time>2026-07-05T21:58:49Z</time>
      </trkpt>
      <trkpt lat="44.15472" lon="-73.63862">
        <ele>417.19</ele>
        <time>2026-07-05T21:58:51Z</time>
      </trkpt>
      <trkpt lat="44.15471" lon="-73.63853">
        <ele>416.12</ele>
        <time>2026-07-05T21:58:58Z</time>
      </trkpt>
      <trkpt lat="44.15463" lon="-73.63845">
        <ele>415.26</ele>
        <time>2026-07-05T21:59:07Z</time>
      </trkpt>
      <trkpt lat="44.15459" lon="-73.63845">
        <ele>414.83</ele>
        <time>2026-07-05T21:59:12Z</time>
      </trkpt>
      <trkpt lat="44.15456" lon="-73.63844">
        <ele>414.4</ele>
        <time>2026-07-05T21:59:15Z</time>
      </trkpt>
      <trkpt lat="44.15451" lon="-73.63845">
        <ele>414.26</ele>
        <time>2026-07-05T21:59:21Z</time>
      </trkpt>
      <trkpt lat="44.15448" lon="-73.63845">
        <ele>414.26</ele>
        <time>2026-07-05T21:59:24Z</time>
      </trkpt>
      <trkpt lat="44.15442" lon="-73.63843">
        <ele>413.78</ele>
        <time>2026-07-05T21:59:28Z</time>
      </trkpt>
      <trkpt lat="44.15438" lon="-73.63839">
        <ele>412.92</ele>
        <time>2026-07-05T21:59:32Z</time>
      </trkpt>
      <trkpt lat="44.15436" lon="-73.63838">
        <ele>412.59</ele>
        <time>2026-07-05T21:59:33Z</time>
      </trkpt>
      <trkpt lat="44.15434" lon="-73.63838">
        <ele>412.44</ele>
        <time>2026-07-05T21:59:34Z</time>
      </trkpt>
      <trkpt lat="44.15428" lon="-73.63836">
        <ele>411.74</ele>
        <time>2026-07-05T21:59:41Z</time>
      </trkpt>
      <trkpt lat="44.15423" lon="-73.63832">
        <ele>410.86</ele>
        <time>2026-07-05T21:59:45Z</time>
      </trkpt>
      <trkpt lat="44.15421" lon="-73.63832">
        <ele>410.86</ele>
        <time>2026-07-05T21:59:47Z</time>
      </trkpt>
      <trkpt lat="44.15415" lon="-73.63829">
        <ele>410.35</ele>
        <time>2026-07-05T21:59:52Z</time>
      </trkpt>
      <trkpt lat="44.15414" lon="-73.63828">
        <ele>410.14</ele>
        <time>2026-07-05T21:59:53Z</time>
      </trkpt>
      <trkpt lat="44.15413" lon="-73.63828">
        <ele>410.03</ele>
        <time>2026-07-05T21:59:54Z</time>
      </trkpt>
      <trkpt lat="44.15409" lon="-73.63827">
        <ele>409.49</ele>
        <time>2026-07-05T22:00:00Z</time>
      </trkpt>
      <trkpt lat="44.15407" lon="-73.63824">
        <ele>409.0</ele>
        <time>2026-07-05T22:00:04Z</time>
      </trkpt>
      <trkpt lat="44.15406" lon="-73.63824">
        <ele>409.0</ele>
        <time>2026-07-05T22:00:08Z</time>
      </trkpt>
      <trkpt lat="44.15405" lon="-73.63821">
        <ele>408.91</ele>
        <time>2026-07-05T22:00:11Z</time>
      </trkpt>
      <trkpt lat="44.15405" lon="-73.63819">
        <ele>408.86</ele>
        <time>2026-07-05T22:00:15Z</time>
      </trkpt>
      <trkpt lat="44.15405" lon="-73.63819">
        <ele>408.86</ele>
        <time>2026-07-05T22:00:17Z</time>
      </trkpt>
      <trkpt lat="44.15402" lon="-73.63814">
        <ele>408.38</ele>
        <time>2026-07-05T22:00:24Z</time>
      </trkpt>
      <trkpt lat="44.15402" lon="-73.63812">
        <ele>408.29</ele>
        <time>2026-07-05T22:00:28Z</time>
      </trkpt>
      <trkpt lat="44.15401" lon="-73.63811">
        <ele>408.18</ele>
        <time>2026-07-05T22:00:30Z</time>
      </trkpt>
      <trkpt lat="44.15401" lon="-73.63809">
        <ele>408.11</ele>
        <time>2026-07-05T22:00:33Z</time>
      </trkpt>
      <trkpt lat="44.154" lon="-73.63808">
        <ele>408.05</ele>
        <time>2026-07-05T22:00:35Z</time>
      </trkpt>
      <trkpt lat="44.15399" lon="-73.63803">
        <ele>407.72</ele>
        <time>2026-07-05T22:00:40Z</time>
      </trkpt>
      <trkpt lat="44.15397" lon="-73.638">
        <ele>407.28</ele>
        <time>2026-07-05T22:00:43Z</time>
      </trkpt>
      <trkpt lat="44.15396" lon="-73.63798">
        <ele>406.95</ele>
        <time>2026-07-05T22:00:48Z</time>
      </trkpt>
      <trkpt lat="44.15396" lon="-73.63797">
        <ele>406.84</ele>
        <time>2026-07-05T22:00:49Z</time>
      </trkpt>
      <trkpt lat="44.15395" lon="-73.63793">
        <ele>406.43</ele>
        <time>2026-07-05T22:00:55Z</time>
      </trkpt>
      <trkpt lat="44.15394" lon="-73.63791">
        <ele>406.24</ele>
        <time>2026-07-05T22:00:58Z</time>
      </trkpt>
      <trkpt lat="44.15391" lon="-73.63788">
        <ele>406.02</ele>
        <time>2026-07-05T22:01:02Z</time>
      </trkpt>
      <trkpt lat="44.15387" lon="-73.63787">
        <ele>406.0</ele>
        <time>2026-07-05T22:01:06Z</time>
      </trkpt>
      <trkpt lat="44.15385" lon="-73.63787">
        <ele>406.0</ele>
        <time>2026-07-05T22:01:08Z</time>
      </trkpt>
      <trkpt lat="44.15384" lon="-73.63787">
        <ele>406.0</ele>
        <time>2026-07-05T22:01:10Z</time>
      </trkpt>
      <trkpt lat="44.15378" lon="-73.63787">
        <ele>406.0</ele>
        <time>2026-07-05T22:01:15Z</time>
      </trkpt>
      <trkpt lat="44.15371" lon="-73.63783">
        <ele>405.56</ele>
        <time>2026-07-05T22:01:22Z</time>
      </trkpt>
      <trkpt lat="44.15368" lon="-73.63777">
        <ele>405.0</ele>
        <time>2026-07-05T22:01:29Z</time>
      </trkpt>
      <trkpt lat="44.15368" lon="-73.63776">
        <ele>405.0</ele>
        <time>2026-07-05T22:01:39Z</time>
      </trkpt>
      <trkpt lat="44.15368" lon="-73.63776">
        <ele>405.0</ele>
        <time>2026-07-05T22:01:43Z</time>
      </trkpt>
      <trkpt lat="44.15368" lon="-73.63776">
        <ele>405.0</ele>
        <time>2026-07-05T22:01:44Z</time>
      </trkpt>
      <trkpt lat="44.15369" lon="-73.63775">
        <ele>405.0</ele>
        <time>2026-07-05T22:01:49Z</time>
      </trkpt>
      <trkpt lat="44.15367" lon="-73.63774">
        <ele>405.0</ele>
        <time>2026-07-05T22:01:54Z</time>
      </trkpt>
      <trkpt lat="44.15366" lon="-73.63774">
        <ele>405.0</ele>
        <time>2026-07-05T22:01:57Z</time>
      </trkpt>
      <trkpt lat="44.15363" lon="-73.63772">
        <ele>405.0</ele>
        <time>2026-07-05T22:01:59Z</time>
      </trkpt>
      <trkpt lat="44.15359" lon="-73.63769">
        <ele>405.0</ele>
        <time>2026-07-05T22:02:03Z</time>
      </trkpt>
      <trkpt lat="44.15351" lon="-73.63764">
        <ele>405.49</ele>
        <time>2026-07-05T22:02:11Z</time>
      </trkpt>
      <trkpt lat="44.15344" lon="-73.63763">
        <ele>405.6</ele>
        <time>2026-07-05T22:02:19Z</time>
      </trkpt>
      <trkpt lat="44.15337" lon="-73.6376">
        <ele>406.52</ele>
        <time>2026-07-05T22:02:25Z</time>
      </trkpt>
      <trkpt lat="44.1533" lon="-73.63766">
        <ele>406.63</ele>
        <time>2026-07-05T22:02:33Z</time>
      </trkpt>
      <trkpt lat="44.15325" lon="-73.63771">
        <ele>406.63</ele>
        <time>2026-07-05T22:02:40Z</time>
      </trkpt>
      <trkpt lat="44.15323" lon="-73.63773">
        <ele>406.63</ele>
        <time>2026-07-05T22:02:42Z</time>
      </trkpt>
      <trkpt lat="44.15321" lon="-73.63776">
        <ele>406.52</ele>
        <time>2026-07-05T22:02:45Z</time>
      </trkpt>
      <trkpt lat="44.15318" lon="-73.63779">
        <ele>406.52</ele>
        <time>2026-07-05T22:02:48Z</time>
      </trkpt>
      <trkpt lat="44.15317" lon="-73.63781">
        <ele>406.42</ele>
        <time>2026-07-05T22:02:50Z</time>
      </trkpt>
      <trkpt lat="44.15314" lon="-73.63784">
        <ele>406.42</ele>
        <time>2026-07-05T22:02:53Z</time>
      </trkpt>
      <trkpt lat="44.1531" lon="-73.63787">
        <ele>406.52</ele>
        <time>2026-07-05T22:02:58Z</time>
      </trkpt>
      <trkpt lat="44.15308" lon="-73.6379">
        <ele>406.42</ele>
        <time>2026-07-05T22:03:00Z</time>
      </trkpt>
      <trkpt lat="44.15302" lon="-73.63797">
        <ele>405.92</ele>
        <time>2026-07-05T22:03:06Z</time>
      </trkpt>
      <trkpt lat="44.15299" lon="-73.63801">
        <ele>405.49</ele>
        <time>2026-07-05T22:03:12Z</time>
      </trkpt>
      <trkpt lat="44.15296" lon="-73.63803">
        <ele>405.32</ele>
        <time>2026-07-05T22:03:20Z</time>
      </trkpt>
      <trkpt lat="44.15295" lon="-73.63803">
        <ele>405.45</ele>
        <time>2026-07-05T22:03:21Z</time>
      </trkpt>
      <trkpt lat="44.15288" lon="-73.63809">
        <ele>405.56</ele>
        <time>2026-07-05T22:03:29Z</time>
      </trkpt>
      <trkpt lat="44.15283" lon="-73.63813">
        <ele>405.63</ele>
        <time>2026-07-05T22:03:35Z</time>
      </trkpt>
      <trkpt lat="44.15273" lon="-73.63817">
        <ele>406.16</ele>
        <time>2026-07-05T22:03:44Z</time>
      </trkpt>
      <trkpt lat="44.15264" lon="-73.63821">
        <ele>406.48</ele>
        <time>2026-07-05T22:03:52Z</time>
      </trkpt>
      <trkpt lat="44.1526" lon="-73.63821">
        <ele>407.2</ele>
        <time>2026-07-05T22:03:56Z</time>
      </trkpt>
      <trkpt lat="44.15256" lon="-73.63821">
        <ele>407.8</ele>
        <time>2026-07-05T22:03:59Z</time>
      </trkpt>
      <trkpt lat="44.15248" lon="-73.6383">
        <ele>407.01</ele>
        <time>2026-07-05T22:04:09Z</time>
      </trkpt>
      <trkpt lat="44.15244" lon="-73.63832">
        <ele>407.03</ele>
        <time>2026-07-05T22:04:12Z</time>
      </trkpt>
      <trkpt lat="44.15241" lon="-73.63835">
        <ele>406.79</ele>
        <time>2026-07-05T22:04:15Z</time>
      </trkpt>
      <trkpt lat="44.15238" lon="-73.63838">
        <ele>406.94</ele>
        <time>2026-07-05T22:04:19Z</time>
      </trkpt>
      <trkpt lat="44.15234" lon="-73.63842">
        <ele>406.84</ele>
        <time>2026-07-05T22:04:24Z</time>
      </trkpt>
      <trkpt lat="44.15228" lon="-73.63847">
        <ele>406.6</ele>
        <time>2026-07-05T22:04:31Z</time>
      </trkpt>
      <trkpt lat="44.15226" lon="-73.63846">
        <ele>407.07</ele>
        <time>2026-07-05T22:04:33Z</time>
      </trkpt>
      <trkpt lat="44.15226" lon="-73.63846">
        <ele>407.07</ele>
        <time>2026-07-05T22:04:34Z</time>
      </trkpt>
      <trkpt lat="44.15225" lon="-73.63847">
        <ele>407.08</ele>
        <time>2026-07-05T22:04:39Z</time>
      </trkpt>
      <trkpt lat="44.15224" lon="-73.63849">
        <ele>406.98</ele>
        <time>2026-07-05T22:04:49Z</time>
      </trkpt>
      <trkpt lat="44.15224" lon="-73.63851">
        <ele>406.73</ele>
        <time>2026-07-05T22:04:53Z</time>
      </trkpt>
      <trkpt lat="44.15223" lon="-73.6385">
        <ele>407.05</ele>
        <time>2026-07-05T22:04:58Z</time>
      </trkpt>
      <trkpt lat="44.1522" lon="-73.63849">
        <ele>407.62</ele>
        <time>2026-07-05T22:05:05Z</time>
      </trkpt>
      <trkpt lat="44.15219" lon="-73.6385">
        <ele>407.62</ele>
        <time>2026-07-05T22:05:07Z</time>
      </trkpt>
      <trkpt lat="44.15215" lon="-73.63852">
        <ele>407.76</ele>
        <time>2026-07-05T22:05:13Z</time>
      </trkpt>
      <trkpt lat="44.15214" lon="-73.63854">
        <ele>407.63</ele>
        <time>2026-07-05T22:05:15Z</time>
      </trkpt>
      <trkpt lat="44.15212" lon="-73.63858">
        <ele>407.47</ele>
        <time>2026-07-05T22:05:19Z</time>
      </trkpt>
      <trkpt lat="44.15211" lon="-73.63858">
        <ele>407.62</ele>
        <time>2026-07-05T22:05:20Z</time>
      </trkpt>
      <trkpt lat="44.15211" lon="-73.63859">
        <ele>407.49</ele>
        <time>2026-07-05T22:05:22Z</time>
      </trkpt>
      <trkpt lat="44.15206" lon="-73.63865">
        <ele>407.23</ele>
        <time>2026-07-05T22:05:30Z</time>
      </trkpt>
      <trkpt lat="44.15201" lon="-73.6387">
        <ele>407.34</ele>
        <time>2026-07-05T22:05:39Z</time>
      </trkpt>
      <trkpt lat="44.15199" lon="-73.63872">
        <ele>407.33</ele>
        <time>2026-07-05T22:05:42Z</time>
      </trkpt>
      <trkpt lat="44.15197" lon="-73.63873">
        <ele>407.44</ele>
        <time>2026-07-05T22:05:47Z</time>
      </trkpt>
      <trkpt lat="44.15185" lon="-73.6388">
        <ele>408.0</ele>
        <time>2026-07-05T22:05:56Z</time>
      </trkpt>
      <trkpt lat="44.15182" lon="-73.63881">
        <ele>408.49</ele>
        <time>2026-07-05T22:06:00Z</time>
      </trkpt>
      <trkpt lat="44.15181" lon="-73.63883">
        <ele>408.38</ele>
        <time>2026-07-05T22:06:05Z</time>
      </trkpt>
      <trkpt lat="44.15179" lon="-73.63885">
        <ele>408.37</ele>
        <time>2026-07-05T22:06:08Z</time>
      </trkpt>
      <trkpt lat="44.15177" lon="-73.6389">
        <ele>407.64</ele>
        <time>2026-07-05T22:06:13Z</time>
      </trkpt>
      <trkpt lat="44.15177" lon="-73.63895">
        <ele>406.56</ele>
        <time>2026-07-05T22:06:18Z</time>
      </trkpt>
      <trkpt lat="44.15176" lon="-73.63898">
        <ele>406.02</ele>
        <time>2026-07-05T22:06:20Z</time>
      </trkpt>
      <trkpt lat="44.15172" lon="-73.63905">
        <ele>405.68</ele>
        <time>2026-07-05T22:06:29Z</time>
      </trkpt>
      <trkpt lat="44.15171" lon="-73.63905">
        <ele>405.79</ele>
        <time>2026-07-05T22:06:31Z</time>
      </trkpt>
      <trkpt lat="44.15168" lon="-73.63907">
        <ele>405.9</ele>
        <time>2026-07-05T22:06:36Z</time>
      </trkpt>
      <trkpt lat="44.15162" lon="-73.63911">
        <ele>405.73</ele>
        <time>2026-07-05T22:06:43Z</time>
      </trkpt>
      <trkpt lat="44.15161" lon="-73.63914">
        <ele>405.19</ele>
        <time>2026-07-05T22:06:49Z</time>
      </trkpt>
      <trkpt lat="44.15162" lon="-73.63913">
        <ele>405.3</ele>
        <time>2026-07-05T22:06:52Z</time>
      </trkpt>
      <trkpt lat="44.15158" lon="-73.63917">
        <ele>404.9</ele>
        <time>2026-07-05T22:06:56Z</time>
      </trkpt>
      <trkpt lat="44.15156" lon="-73.63921">
        <ele>404.68</ele>
        <time>2026-07-05T22:07:00Z</time>
      </trkpt>
      <trkpt lat="44.15154" lon="-73.63923">
        <ele>404.68</ele>
        <time>2026-07-05T22:07:03Z</time>
      </trkpt>
      <trkpt lat="44.15148" lon="-73.63933">
        <ele>403.49</ele>
        <time>2026-07-05T22:07:12Z</time>
      </trkpt>
      <trkpt lat="44.15146" lon="-73.63936">
        <ele>403.14</ele>
        <time>2026-07-05T22:07:17Z</time>
      </trkpt>
      <trkpt lat="44.15144" lon="-73.63937">
        <ele>403.25</ele>
        <time>2026-07-05T22:07:19Z</time>
      </trkpt>
      <trkpt lat="44.15139" lon="-73.63941">
        <ele>403.36</ele>
        <time>2026-07-05T22:07:24Z</time>
      </trkpt>
      <trkpt lat="44.15137" lon="-73.63943">
        <ele>403.36</ele>
        <time>2026-07-05T22:07:27Z</time>
      </trkpt>
      <trkpt lat="44.1513" lon="-73.63947">
        <ele>403.41</ele>
        <time>2026-07-05T22:07:34Z</time>
      </trkpt>
      <trkpt lat="44.15124" lon="-73.63949">
        <ele>403.62</ele>
        <time>2026-07-05T22:07:41Z</time>
      </trkpt>
      <trkpt lat="44.15118" lon="-73.63952">
        <ele>403.58</ele>
        <time>2026-07-05T22:07:47Z</time>
      </trkpt>
      <trkpt lat="44.15113" lon="-73.63952">
        <ele>404.02</ele>
        <time>2026-07-05T22:07:53Z</time>
      </trkpt>
      <trkpt lat="44.15108" lon="-73.63951">
        <ele>404.39</ele>
        <time>2026-07-05T22:07:59Z</time>
      </trkpt>
      <trkpt lat="44.15108" lon="-73.6395">
        <ele>404.53</ele>
        <time>2026-07-05T22:08:00Z</time>
      </trkpt>
      <trkpt lat="44.15102" lon="-73.6395">
        <ele>404.79</ele>
        <time>2026-07-05T22:08:07Z</time>
      </trkpt>
      <trkpt lat="44.15098" lon="-73.63951">
        <ele>405.0</ele>
        <time>2026-07-05T22:08:12Z</time>
      </trkpt>
      <trkpt lat="44.15096" lon="-73.63953">
        <ele>404.78</ele>
        <time>2026-07-05T22:08:15Z</time>
      </trkpt>
      <trkpt lat="44.15095" lon="-73.63954">
        <ele>404.71</ele>
        <time>2026-07-05T22:08:17Z</time>
      </trkpt>
      <trkpt lat="44.15091" lon="-73.63955">
        <ele>404.86</ele>
        <time>2026-07-05T22:08:23Z</time>
      </trkpt>
      <trkpt lat="44.15089" lon="-73.63955">
        <ele>404.86</ele>
        <time>2026-07-05T22:08:26Z</time>
      </trkpt>
      <trkpt lat="44.15088" lon="-73.63956">
        <ele>404.75</ele>
        <time>2026-07-05T22:08:29Z</time>
      </trkpt>
      <trkpt lat="44.15087" lon="-73.63956">
        <ele>404.75</ele>
        <time>2026-07-05T22:08:31Z</time>
      </trkpt>
      <trkpt lat="44.15085" lon="-73.63958">
        <ele>404.54</ele>
        <time>2026-07-05T22:08:33Z</time>
      </trkpt>
      <trkpt lat="44.15084" lon="-73.63957">
        <ele>404.64</ele>
        <time>2026-07-05T22:08:35Z</time>
      </trkpt>
      <trkpt lat="44.15081" lon="-73.63958">
        <ele>404.67</ele>
        <time>2026-07-05T22:08:40Z</time>
      </trkpt>
      <trkpt lat="44.15081" lon="-73.63959">
        <ele>404.54</ele>
        <time>2026-07-05T22:08:41Z</time>
      </trkpt>
      <trkpt lat="44.15077" lon="-73.63962">
        <ele>404.18</ele>
        <time>2026-07-05T22:08:48Z</time>
      </trkpt>
      <trkpt lat="44.15075" lon="-73.63963">
        <ele>404.0</ele>
        <time>2026-07-05T22:08:53Z</time>
      </trkpt>
      <trkpt lat="44.15072" lon="-73.63965">
        <ele>403.95</ele>
        <time>2026-07-05T22:08:55Z</time>
      </trkpt>
      <trkpt lat="44.15066" lon="-73.6397">
        <ele>403.45</ele>
        <time>2026-07-05T22:09:03Z</time>
      </trkpt>
      <trkpt lat="44.15061" lon="-73.63973">
        <ele>402.92</ele>
        <time>2026-07-05T22:09:10Z</time>
      </trkpt>
      <trkpt lat="44.15054" lon="-73.63977">
        <ele>402.48</ele>
        <time>2026-07-05T22:09:19Z</time>
      </trkpt>
      <trkpt lat="44.15049" lon="-73.63978">
        <ele>402.38</ele>
        <time>2026-07-05T22:09:25Z</time>
      </trkpt>
      <trkpt lat="44.15048" lon="-73.63978">
        <ele>402.38</ele>
        <time>2026-07-05T22:09:26Z</time>
      </trkpt>
      <trkpt lat="44.15042" lon="-73.63983">
        <ele>401.84</ele>
        <time>2026-07-05T22:09:33Z</time>
      </trkpt>
      <trkpt lat="44.15037" lon="-73.63988">
        <ele>401.3</ele>
        <time>2026-07-05T22:09:39Z</time>
      </trkpt>
      <trkpt lat="44.15037" lon="-73.6399">
        <ele>401.08</ele>
        <time>2026-07-05T22:09:41Z</time>
      </trkpt>
      <trkpt lat="44.15036" lon="-73.63992">
        <ele>400.73</ele>
        <time>2026-07-05T22:09:43Z</time>
      </trkpt>
      <trkpt lat="44.15034" lon="-73.63998">
        <ele>399.43</ele>
        <time>2026-07-05T22:09:49Z</time>
      </trkpt>
      <trkpt lat="44.1503" lon="-73.64003">
        <ele>398.03</ele>
        <time>2026-07-05T22:09:54Z</time>
      </trkpt>
      <trkpt lat="44.15027" lon="-73.64006">
        <ele>396.97</ele>
        <time>2026-07-05T22:09:58Z</time>
      </trkpt>
      <trkpt lat="44.15024" lon="-73.64008">
        <ele>396.0</ele>
        <time>2026-07-05T22:10:01Z</time>
      </trkpt>
      <trkpt lat="44.15021" lon="-73.6401">
        <ele>395.01</ele>
        <time>2026-07-05T22:10:05Z</time>
      </trkpt>
      <trkpt lat="44.1502" lon="-73.64011">
        <ele>394.57</ele>
        <time>2026-07-05T22:10:06Z</time>
      </trkpt>
      <trkpt lat="44.15017" lon="-73.64012">
        <ele>393.95</ele>
        <time>2026-07-05T22:10:11Z</time>
      </trkpt>
      <trkpt lat="44.15015" lon="-73.64012">
        <ele>393.73</ele>
        <time>2026-07-05T22:10:13Z</time>
      </trkpt>
      <trkpt lat="44.15009" lon="-73.64012">
        <ele>393.06</ele>
        <time>2026-07-05T22:10:20Z</time>
      </trkpt>
      <trkpt lat="44.15007" lon="-73.64011">
        <ele>392.95</ele>
        <time>2026-07-05T22:10:21Z</time>
      </trkpt>
      <trkpt lat="44.15001" lon="-73.64011">
        <ele>391.65</ele>
        <time>2026-07-05T22:10:27Z</time>
      </trkpt>
      <trkpt lat="44.14999" lon="-73.6401">
        <ele>391.65</ele>
        <time>2026-07-05T22:10:28Z</time>
      </trkpt>
      <trkpt lat="44.14992" lon="-73.64009">
        <ele>391.2</ele>
        <time>2026-07-05T22:10:35Z</time>
      </trkpt>
      <trkpt lat="44.14989" lon="-73.64009">
        <ele>390.69</ele>
        <time>2026-07-05T22:10:38Z</time>
      </trkpt>
      <trkpt lat="44.14984" lon="-73.64009">
        <ele>389.62</ele>
        <time>2026-07-05T22:10:42Z</time>
      </trkpt>
      <trkpt lat="44.14977" lon="-73.64009">
        <ele>388.59</ele>
        <time>2026-07-05T22:10:48Z</time>
      </trkpt>
      <trkpt lat="44.14976" lon="-73.6401">
        <ele>388.2</ele>
        <time>2026-07-05T22:10:49Z</time>
      </trkpt>
      <trkpt lat="44.14971" lon="-73.6401">
        <ele>387.49</ele>
        <time>2026-07-05T22:10:55Z</time>
      </trkpt>
      <trkpt lat="44.14968" lon="-73.6401">
        <ele>386.81</ele>
        <time>2026-07-05T22:10:57Z</time>
      </trkpt>
      <trkpt lat="44.14963" lon="-73.64011">
        <ele>385.26</ele>
        <time>2026-07-05T22:11:01Z</time>
      </trkpt>
      <trkpt lat="44.14962" lon="-73.64012">
        <ele>384.53</ele>
        <time>2026-07-05T22:11:02Z</time>
      </trkpt>
      <trkpt lat="44.1496" lon="-73.64013">
        <ele>383.55</ele>
        <time>2026-07-05T22:11:04Z</time>
      </trkpt>
      <trkpt lat="44.14954" lon="-73.64014">
        <ele>381.54</ele>
        <time>2026-07-05T22:11:09Z</time>
      </trkpt>
      <trkpt lat="44.14953" lon="-73.64015">
        <ele>380.91</ele>
        <time>2026-07-05T22:11:11Z</time>
      </trkpt>
      <trkpt lat="44.14949" lon="-73.64015">
        <ele>379.62</ele>
        <time>2026-07-05T22:11:16Z</time>
      </trkpt>
      <trkpt lat="44.14944" lon="-73.64019">
        <ele>376.8</ele>
        <time>2026-07-05T22:11:21Z</time>
      </trkpt>
      <trkpt lat="44.14943" lon="-73.6402">
        <ele>376.37</ele>
        <time>2026-07-05T22:11:22Z</time>
      </trkpt>
      <trkpt lat="44.14938" lon="-73.6402">
        <ele>374.75</ele>
        <time>2026-07-05T22:11:29Z</time>
      </trkpt>
      <trkpt lat="44.14936" lon="-73.6402">
        <ele>374.1</ele>
        <time>2026-07-05T22:11:32Z</time>
      </trkpt>
      <trkpt lat="44.14932" lon="-73.6402">
        <ele>373.21</ele>
        <time>2026-07-05T22:11:38Z</time>
      </trkpt>
      <trkpt lat="44.14931" lon="-73.64019">
        <ele>373.07</ele>
        <time>2026-07-05T22:11:40Z</time>
      </trkpt>
      <trkpt lat="44.14927" lon="-73.64016">
        <ele>372.54</ele>
        <time>2026-07-05T22:11:45Z</time>
      </trkpt>
      <trkpt lat="44.14922" lon="-73.64013">
        <ele>372.34</ele>
        <time>2026-07-05T22:11:51Z</time>
      </trkpt>
      <trkpt lat="44.14919" lon="-73.6401">
        <ele>372.23</ele>
        <time>2026-07-05T22:11:55Z</time>
      </trkpt>
      <trkpt lat="44.14916" lon="-73.64006">
        <ele>372.23</ele>
        <time>2026-07-05T22:11:59Z</time>
      </trkpt>
      <trkpt lat="44.14911" lon="-73.64004">
        <ele>371.26</ele>
        <time>2026-07-05T22:12:06Z</time>
      </trkpt>
      <trkpt lat="44.14909" lon="-73.64003">
        <ele>370.73</ele>
        <time>2026-07-05T22:12:08Z</time>
      </trkpt>
      <trkpt lat="44.14908" lon="-73.64003">
        <ele>370.47</ele>
        <time>2026-07-05T22:12:13Z</time>
      </trkpt>
      <trkpt lat="44.14908" lon="-73.63999">
        <ele>370.31</ele>
        <time>2026-07-05T22:12:23Z</time>
      </trkpt>
      <trkpt lat="44.14908" lon="-73.63999">
        <ele>370.31</ele>
        <time>2026-07-05T22:12:38Z</time>
      </trkpt>
      <trkpt lat="44.1491" lon="-73.63999">
        <ele>370.98</ele>
        <time>2026-07-05T22:12:46Z</time>
      </trkpt>
      <trkpt lat="44.14911" lon="-73.63998">
        <ele>371.46</ele>
        <time>2026-07-05T22:12:51Z</time>
      </trkpt>
      <trkpt lat="44.14908" lon="-73.63999">
        <ele>370.31</ele>
        <time>2026-07-05T22:12:59Z</time>
      </trkpt>
      <trkpt lat="44.14907" lon="-73.63998">
        <ele>370.17</ele>
        <time>2026-07-05T22:13:00Z</time>
      </trkpt>
      <trkpt lat="44.14904" lon="-73.63996">
        <ele>370.06</ele>
        <time>2026-07-05T22:13:06Z</time>
      </trkpt>
      <trkpt lat="44.14903" lon="-73.63995">
        <ele>370.06</ele>
        <time>2026-07-05T22:13:07Z</time>
      </trkpt>
      <trkpt lat="44.14898" lon="-73.63989">
        <ele>370.16</ele>
        <time>2026-07-05T22:13:14Z</time>
      </trkpt>
      <trkpt lat="44.14898" lon="-73.63988">
        <ele>370.26</ele>
        <time>2026-07-05T22:13:15Z</time>
      </trkpt>
      <trkpt lat="44.14894" lon="-73.63987">
        <ele>369.51</ele>
        <time>2026-07-05T22:13:22Z</time>
      </trkpt>
      <trkpt lat="44.14889" lon="-73.63983">
        <ele>368.86</ele>
        <time>2026-07-05T22:13:28Z</time>
      </trkpt>
      <trkpt lat="44.14888" lon="-73.63983">
        <ele>368.66</ele>
        <time>2026-07-05T22:13:29Z</time>
      </trkpt>
      <trkpt lat="44.14884" lon="-73.63982">
        <ele>367.92</ele>
        <time>2026-07-05T22:13:33Z</time>
      </trkpt>
      <trkpt lat="44.14882" lon="-73.63984">
        <ele>367.44</ele>
        <time>2026-07-05T22:13:36Z</time>
      </trkpt>
      <trkpt lat="44.14881" lon="-73.63983">
        <ele>367.27</ele>
        <time>2026-07-05T22:13:40Z</time>
      </trkpt>
      <trkpt lat="44.1488" lon="-73.63983">
        <ele>367.07</ele>
        <time>2026-07-05T22:13:41Z</time>
      </trkpt>
      <trkpt lat="44.14879" lon="-73.63983">
        <ele>366.88</ele>
        <time>2026-07-05T22:13:43Z</time>
      </trkpt>
      <trkpt lat="44.14874" lon="-73.63982">
        <ele>365.82</ele>
        <time>2026-07-05T22:13:51Z</time>
      </trkpt>
      <trkpt lat="44.14872" lon="-73.63981">
        <ele>365.36</ele>
        <time>2026-07-05T22:13:53Z</time>
      </trkpt>
      <trkpt lat="44.14868" lon="-73.6398">
        <ele>364.66</ele>
        <time>2026-07-05T22:13:57Z</time>
      </trkpt>
      <trkpt lat="44.1486" lon="-73.63976">
        <ele>362.53</ele>
        <time>2026-07-05T22:14:06Z</time>
      </trkpt>
      <trkpt lat="44.14856" lon="-73.63976">
        <ele>361.49</ele>
        <time>2026-07-05T22:14:13Z</time>
      </trkpt>
      <trkpt lat="44.14854" lon="-73.63975">
        <ele>360.83</ele>
        <time>2026-07-05T22:14:19Z</time>
      </trkpt>
      <trkpt lat="44.14848" lon="-73.63973">
        <ele>359.7</ele>
        <time>2026-07-05T22:14:26Z</time>
      </trkpt>
      <trkpt lat="44.14847" lon="-73.63973">
        <ele>359.6</ele>
        <time>2026-07-05T22:14:27Z</time>
      </trkpt>
      <trkpt lat="44.14842" lon="-73.63972">
        <ele>358.98</ele>
        <time>2026-07-05T22:14:33Z</time>
      </trkpt>
      <trkpt lat="44.14838" lon="-73.63971">
        <ele>358.87</ele>
        <time>2026-07-05T22:14:40Z</time>
      </trkpt>
      <trkpt lat="44.14837" lon="-73.63972">
        <ele>358.98</ele>
        <time>2026-07-05T22:14:41Z</time>
      </trkpt>
      <trkpt lat="44.14832" lon="-73.63971">
        <ele>358.85</ele>
        <time>2026-07-05T22:14:48Z</time>
      </trkpt>
      <trkpt lat="44.14831" lon="-73.6397">
        <ele>358.7</ele>
        <time>2026-07-05T22:14:50Z</time>
      </trkpt>
      <trkpt lat="44.1483" lon="-73.6397">
        <ele>358.67</ele>
        <time>2026-07-05T22:14:56Z</time>
      </trkpt>
      <trkpt lat="44.14829" lon="-73.63969">
        <ele>358.49</ele>
        <time>2026-07-05T22:15:00Z</time>
      </trkpt>
      <trkpt lat="44.14828" lon="-73.63969">
        <ele>358.45</ele>
        <time>2026-07-05T22:15:02Z</time>
      </trkpt>
      <trkpt lat="44.14827" lon="-73.63969">
        <ele>358.41</ele>
        <time>2026-07-05T22:15:04Z</time>
      </trkpt>
      <trkpt lat="44.14825" lon="-73.63968">
        <ele>358.13</ele>
        <time>2026-07-05T22:15:08Z</time>
      </trkpt>
      <trkpt lat="44.14824" lon="-73.63967">
        <ele>357.87</ele>
        <time>2026-07-05T22:15:11Z</time>
      </trkpt>
      <trkpt lat="44.14824" lon="-73.63967">
        <ele>357.87</ele>
        <time>2026-07-05T22:15:12Z</time>
      </trkpt>
      <trkpt lat="44.14821" lon="-73.63963">
        <ele>357.01</ele>
        <time>2026-07-05T22:15:19Z</time>
      </trkpt>
      <trkpt lat="44.1482" lon="-73.63962">
        <ele>356.85</ele>
        <time>2026-07-05T22:15:20Z</time>
      </trkpt>
      <trkpt lat="44.14819" lon="-73.63958">
        <ele>356.17</ele>
        <time>2026-07-05T22:15:25Z</time>
      </trkpt>
      <trkpt lat="44.14818" lon="-73.63957">
        <ele>355.93</ele>
        <time>2026-07-05T22:15:30Z</time>
      </trkpt>
      <trkpt lat="44.14818" lon="-73.63957">
        <ele>355.93</ele>
        <time>2026-07-05T22:15:31Z</time>
      </trkpt>
      <trkpt lat="44.14815" lon="-73.63953">
        <ele>354.87</ele>
        <time>2026-07-05T22:15:37Z</time>
      </trkpt>
      <trkpt lat="44.14814" lon="-73.63947">
        <ele>353.49</ele>
        <time>2026-07-05T22:15:45Z</time>
      </trkpt>
      <trkpt lat="44.14814" lon="-73.63945">
        <ele>353.04</ele>
        <time>2026-07-05T22:15:48Z</time>
      </trkpt>
      <trkpt lat="44.14813" lon="-73.63936">
        <ele>350.98</ele>
        <time>2026-07-05T22:15:55Z</time>
      </trkpt>
      <trkpt lat="44.14812" lon="-73.63932">
        <ele>349.9</ele>
        <time>2026-07-05T22:15:58Z</time>
      </trkpt>
      <trkpt lat="44.14811" lon="-73.63927">
        <ele>348.46</ele>
        <time>2026-07-05T22:16:02Z</time>
      </trkpt>
      <trkpt lat="44.14808" lon="-73.63919">
        <ele>345.48</ele>
        <time>2026-07-05T22:16:08Z</time>
      </trkpt>
      <trkpt lat="44.14806" lon="-73.63914">
        <ele>343.31</ele>
        <time>2026-07-05T22:16:13Z</time>
      </trkpt>
      <trkpt lat="44.14805" lon="-73.63911">
        <ele>342.22</ele>
        <time>2026-07-05T22:16:16Z</time>
      </trkpt>
      <trkpt lat="44.14804" lon="-73.63908">
        <ele>341.36</ele>
        <time>2026-07-05T22:16:18Z</time>
      </trkpt>
      <trkpt lat="44.14802" lon="-73.63901">
        <ele>340.85</ele>
        <time>2026-07-05T22:16:23Z</time>
      </trkpt>
      <trkpt lat="44.14801" lon="-73.63895">
        <ele>340.51</ele>
        <time>2026-07-05T22:16:27Z</time>
      </trkpt>
      <trkpt lat="44.148" lon="-73.63893">
        <ele>340.4</ele>
        <time>2026-07-05T22:16:28Z</time>
      </trkpt>
      <trkpt lat="44.14798" lon="-73.63891">
        <ele>340.18</ele>
        <time>2026-07-05T22:16:30Z</time>
      </trkpt>
      <trkpt lat="44.14794" lon="-73.63885">
        <ele>340.14</ele>
        <time>2026-07-05T22:16:36Z</time>
      </trkpt>
      <trkpt lat="44.14791" lon="-73.63881">
        <ele>340.08</ele>
        <time>2026-07-05T22:16:39Z</time>
      </trkpt>
      <trkpt lat="44.14787" lon="-73.63877">
        <ele>339.72</ele>
        <time>2026-07-05T22:16:43Z</time>
      </trkpt>
      <trkpt lat="44.14786" lon="-73.63876">
        <ele>339.61</ele>
        <time>2026-07-05T22:16:44Z</time>
      </trkpt>
      <trkpt lat="44.14784" lon="-73.63874">
        <ele>339.39</ele>
        <time>2026-07-05T22:16:49Z</time>
      </trkpt>
      <trkpt lat="44.14781" lon="-73.63865">
        <ele>338.62</ele>
        <time>2026-07-05T22:16:57Z</time>
      </trkpt>
      <trkpt lat="44.14781" lon="-73.63863">
        <ele>338.48</ele>
        <time>2026-07-05T22:16:58Z</time>
      </trkpt>
      <trkpt lat="44.14782" lon="-73.63863">
        <ele>338.57</ele>
        <time>2026-07-05T22:17:04Z</time>
      </trkpt>
      <trkpt lat="44.14781" lon="-73.63862">
        <ele>338.41</ele>
        <time>2026-07-05T22:17:15Z</time>
      </trkpt>
      <trkpt lat="44.14783" lon="-73.63857">
        <ele>338.37</ele>
        <time>2026-07-05T22:17:24Z</time>
      </trkpt>
      <trkpt lat="44.14784" lon="-73.63853">
        <ele>338.38</ele>
        <time>2026-07-05T22:17:27Z</time>
      </trkpt>
      <trkpt lat="44.14783" lon="-73.63849">
        <ele>337.34</ele>
        <time>2026-07-05T22:17:32Z</time>
      </trkpt>
      <trkpt lat="44.14782" lon="-73.63845">
        <ele>336.09</ele>
        <time>2026-07-05T22:17:35Z</time>
      </trkpt>
      <trkpt lat="44.14782" lon="-73.6384">
        <ele>334.74</ele>
        <time>2026-07-05T22:17:39Z</time>
      </trkpt>
      <trkpt lat="44.14781" lon="-73.63838">
        <ele>334.03</ele>
        <time>2026-07-05T22:17:41Z</time>
      </trkpt>
      <trkpt lat="44.1478" lon="-73.63831">
        <ele>332.29</ele>
        <time>2026-07-05T22:17:48Z</time>
      </trkpt>
      <trkpt lat="44.14779" lon="-73.6383">
        <ele>331.95</ele>
        <time>2026-07-05T22:17:49Z</time>
      </trkpt>
      <trkpt lat="44.14777" lon="-73.63825">
        <ele>331.02</ele>
        <time>2026-07-05T22:17:55Z</time>
      </trkpt>
      <trkpt lat="44.14776" lon="-73.63823">
        <ele>330.79</ele>
        <time>2026-07-05T22:17:58Z</time>
      </trkpt>
      <trkpt lat="44.14775" lon="-73.63819">
        <ele>330.54</ele>
        <time>2026-07-05T22:18:01Z</time>
      </trkpt>
      <trkpt lat="44.14773" lon="-73.63816">
        <ele>330.03</ele>
        <time>2026-07-05T22:18:06Z</time>
      </trkpt>
      <trkpt lat="44.14773" lon="-73.63816">
        <ele>330.03</ele>
        <time>2026-07-05T22:18:07Z</time>
      </trkpt>
      <trkpt lat="44.14772" lon="-73.63809">
        <ele>329.36</ele>
        <time>2026-07-05T22:18:12Z</time>
      </trkpt>
      <trkpt lat="44.1477" lon="-73.63806">
        <ele>328.52</ele>
        <time>2026-07-05T22:18:15Z</time>
      </trkpt>
      <trkpt lat="44.14768" lon="-73.63801">
        <ele>327.89</ele>
        <time>2026-07-05T22:18:19Z</time>
      </trkpt>
      <trkpt lat="44.14764" lon="-73.63795">
        <ele>326.33</ele>
        <time>2026-07-05T22:18:26Z</time>
      </trkpt>
      <trkpt lat="44.14763" lon="-73.63794">
        <ele>325.82</ele>
        <time>2026-07-05T22:18:28Z</time>
      </trkpt>
      <trkpt lat="44.14762" lon="-73.63794">
        <ele>325.47</ele>
        <time>2026-07-05T22:18:29Z</time>
      </trkpt>
      <trkpt lat="44.14758" lon="-73.63796">
        <ele>324.8</ele>
        <time>2026-07-05T22:18:35Z</time>
      </trkpt>
      <trkpt lat="44.14758" lon="-73.63796">
        <ele>324.8</ele>
        <time>2026-07-05T22:18:37Z</time>
      </trkpt>
      <trkpt lat="44.14756" lon="-73.63796">
        <ele>324.58</ele>
        <time>2026-07-05T22:18:40Z</time>
      </trkpt>
      <trkpt lat="44.14757" lon="-73.63796">
        <ele>324.69</ele>
        <time>2026-07-05T22:18:45Z</time>
      </trkpt>
      <trkpt lat="44.14747" lon="-73.63795">
        <ele>323.67</ele>
        <time>2026-07-05T22:18:53Z</time>
      </trkpt>
      <trkpt lat="44.14746" lon="-73.63795">
        <ele>323.66</ele>
        <time>2026-07-05T22:18:54Z</time>
      </trkpt>
      <trkpt lat="44.14739" lon="-73.63794">
        <ele>323.26</ele>
        <time>2026-07-05T22:19:02Z</time>
      </trkpt>
      <trkpt lat="44.14738" lon="-73.63794">
        <ele>323.26</ele>
        <time>2026-07-05T22:19:03Z</time>
      </trkpt>
      <trkpt lat="44.14735" lon="-73.63793">
        <ele>322.93</ele>
        <time>2026-07-05T22:19:08Z</time>
      </trkpt>
      <trkpt lat="44.14734" lon="-73.63793">
        <ele>322.93</ele>
        <time>2026-07-05T22:19:09Z</time>
      </trkpt>
      <trkpt lat="44.14733" lon="-73.63792">
        <ele>322.61</ele>
        <time>2026-07-05T22:19:11Z</time>
      </trkpt>
      <trkpt lat="44.1473" lon="-73.63791">
        <ele>322.44</ele>
        <time>2026-07-05T22:19:16Z</time>
      </trkpt>
      <trkpt lat="44.14728" lon="-73.6379">
        <ele>322.34</ele>
        <time>2026-07-05T22:19:19Z</time>
      </trkpt>
      <trkpt lat="44.14724" lon="-73.6379">
        <ele>322.77</ele>
        <time>2026-07-05T22:19:25Z</time>
      </trkpt>
      <trkpt lat="44.14722" lon="-73.63789">
        <ele>322.63</ele>
        <time>2026-07-05T22:19:30Z</time>
      </trkpt>
      <trkpt lat="44.1472" lon="-73.63788">
        <ele>322.29</ele>
        <time>2026-07-05T22:19:32Z</time>
      </trkpt>
      <trkpt lat="44.14717" lon="-73.63784">
        <ele>321.34</ele>
        <time>2026-07-05T22:19:38Z</time>
      </trkpt>
      <trkpt lat="44.14716" lon="-73.6378">
        <ele>320.48</ele>
        <time>2026-07-05T22:19:45Z</time>
      </trkpt>
      <trkpt lat="44.14716" lon="-73.63779">
        <ele>320.26</ele>
        <time>2026-07-05T22:19:46Z</time>
      </trkpt>
      <trkpt lat="44.14716" lon="-73.63776">
        <ele>319.62</ele>
        <time>2026-07-05T22:19:50Z</time>
      </trkpt>
      <trkpt lat="44.14715" lon="-73.63773">
        <ele>318.97</ele>
        <time>2026-07-05T22:19:55Z</time>
      </trkpt>
      <trkpt lat="44.14715" lon="-73.63771">
        <ele>318.54</ele>
        <time>2026-07-05T22:19:58Z</time>
      </trkpt>
      <trkpt lat="44.14714" lon="-73.63769">
        <ele>318.1</ele>
        <time>2026-07-05T22:20:02Z</time>
      </trkpt>
      <trkpt lat="44.14714" lon="-73.63767">
        <ele>317.84</ele>
        <time>2026-07-05T22:20:05Z</time>
      </trkpt>
      <trkpt lat="44.14712" lon="-73.63764">
        <ele>317.46</ele>
        <time>2026-07-05T22:20:10Z</time>
      </trkpt>
      <trkpt lat="44.14711" lon="-73.63762">
        <ele>317.15</ele>
        <time>2026-07-05T22:20:14Z</time>
      </trkpt>
      <trkpt lat="44.14709" lon="-73.6376">
        <ele>316.69</ele>
        <time>2026-07-05T22:20:18Z</time>
      </trkpt>
      <trkpt lat="44.14709" lon="-73.63759">
        <ele>316.5</ele>
        <time>2026-07-05T22:20:19Z</time>
      </trkpt>
      <trkpt lat="44.14708" lon="-73.63754">
        <ele>315.02</ele>
        <time>2026-07-05T22:20:25Z</time>
      </trkpt>
      <trkpt lat="44.14706" lon="-73.63748">
        <ele>313.06</ele>
        <time>2026-07-05T22:20:31Z</time>
      </trkpt>
      <trkpt lat="44.14705" lon="-73.63747">
        <ele>312.63</ele>
        <time>2026-07-05T22:20:33Z</time>
      </trkpt>
      <trkpt lat="44.14702" lon="-73.63743">
        <ele>311.49</ele>
        <time>2026-07-05T22:20:40Z</time>
      </trkpt>
      <trkpt lat="44.14701" lon="-73.63741">
        <ele>311.06</ele>
        <time>2026-07-05T22:20:42Z</time>
      </trkpt>
      <trkpt lat="44.14701" lon="-73.63737">
        <ele>310.07</ele>
        <time>2026-07-05T22:20:45Z</time>
      </trkpt>
      <trkpt lat="44.147" lon="-73.63735">
        <ele>309.51</ele>
        <time>2026-07-05T22:20:48Z</time>
      </trkpt>
      <trkpt lat="44.147" lon="-73.63735">
        <ele>309.51</ele>
        <time>2026-07-05T22:20:49Z</time>
      </trkpt>
      <trkpt lat="44.14696" lon="-73.63732">
        <ele>308.33</ele>
        <time>2026-07-05T22:20:54Z</time>
      </trkpt>
      <trkpt lat="44.14691" lon="-73.63731">
        <ele>308.27</ele>
        <time>2026-07-05T22:20:58Z</time>
      </trkpt>
      <trkpt lat="44.14688" lon="-73.6373">
        <ele>308.38</ele>
        <time>2026-07-05T22:21:01Z</time>
      </trkpt>
      <trkpt lat="44.14684" lon="-73.63731">
        <ele>308.9</ele>
        <time>2026-07-05T22:21:07Z</time>
      </trkpt>
      <trkpt lat="44.14684" lon="-73.63731">
        <ele>308.9</ele>
        <time>2026-07-05T22:21:08Z</time>
      </trkpt>
      <trkpt lat="44.14682" lon="-73.6373">
        <ele>308.68</ele>
        <time>2026-07-05T22:21:16Z</time>
      </trkpt>
      <trkpt lat="44.14679" lon="-73.63727">
        <ele>308.03</ele>
        <time>2026-07-05T22:21:22Z</time>
      </trkpt>
      <trkpt lat="44.14678" lon="-73.63726">
        <ele>307.82</ele>
        <time>2026-07-05T22:21:24Z</time>
      </trkpt>
      <trkpt lat="44.14677" lon="-73.63726">
        <ele>307.82</ele>
        <time>2026-07-05T22:21:25Z</time>
      </trkpt>
      <trkpt lat="44.14673" lon="-73.63725">
        <ele>307.38</ele>
        <time>2026-07-05T22:21:32Z</time>
      </trkpt>
      <trkpt lat="44.14672" lon="-73.63724">
        <ele>307.04</ele>
        <time>2026-07-05T22:21:39Z</time>
      </trkpt>
      <trkpt lat="44.14671" lon="-73.63721">
        <ele>306.08</ele>
        <time>2026-07-05T22:21:45Z</time>
      </trkpt>
      <trkpt lat="44.14671" lon="-73.63719">
        <ele>305.45</ele>
        <time>2026-07-05T22:21:47Z</time>
      </trkpt>
      <trkpt lat="44.14671" lon="-73.63717">
        <ele>304.81</ele>
        <time>2026-07-05T22:21:50Z</time>
      </trkpt>
      <trkpt lat="44.1467" lon="-73.63715">
        <ele>304.24</ele>
        <time>2026-07-05T22:21:54Z</time>
      </trkpt>
      <trkpt lat="44.14669" lon="-73.63714">
        <ele>304.03</ele>
        <time>2026-07-05T22:21:55Z</time>
      </trkpt>
      <trkpt lat="44.14669" lon="-73.6371">
        <ele>302.79</ele>
        <time>2026-07-05T22:21:59Z</time>
      </trkpt>
      <trkpt lat="44.14669" lon="-73.63709">
        <ele>302.46</ele>
        <time>2026-07-05T22:22:00Z</time>
      </trkpt>
      <trkpt lat="44.14668" lon="-73.63708">
        <ele>302.25</ele>
        <time>2026-07-05T22:22:01Z</time>
      </trkpt>
      <trkpt lat="44.14668" lon="-73.63705">
        <ele>301.28</ele>
        <time>2026-07-05T22:22:04Z</time>
      </trkpt>
      <trkpt lat="44.14669" lon="-73.63702">
        <ele>300.43</ele>
        <time>2026-07-05T22:22:06Z</time>
      </trkpt>
      <trkpt lat="44.14669" lon="-73.63699">
        <ele>299.86</ele>
        <time>2026-07-05T22:22:08Z</time>
      </trkpt>
      <trkpt lat="44.14673" lon="-73.6369">
        <ele>298.37</ele>
        <time>2026-07-05T22:22:16Z</time>
      </trkpt>
      <trkpt lat="44.14675" lon="-73.6368">
        <ele>296.78</ele>
        <time>2026-07-05T22:22:25Z</time>
      </trkpt>
      <trkpt lat="44.14676" lon="-73.63677">
        <ele>296.25</ele>
        <time>2026-07-05T22:22:29Z</time>
      </trkpt>
      <trkpt lat="44.14678" lon="-73.63673">
        <ele>296.52</ele>
        <time>2026-07-05T22:22:34Z</time>
      </trkpt>
      <trkpt lat="44.1468" lon="-73.63668">
        <ele>297.26</ele>
        <time>2026-07-05T22:22:38Z</time>
      </trkpt>
      <trkpt lat="44.14681" lon="-73.63663">
        <ele>297.68</ele>
        <time>2026-07-05T22:22:43Z</time>
      </trkpt>
      <trkpt lat="44.14681" lon="-73.63661">
        <ele>297.7</ele>
        <time>2026-07-05T22:22:45Z</time>
      </trkpt>
      <trkpt lat="44.1468" lon="-73.63656">
        <ele>297.2</ele>
        <time>2026-07-05T22:22:50Z</time>
      </trkpt>
      <trkpt lat="44.14681" lon="-73.63653">
        <ele>297.74</ele>
        <time>2026-07-05T22:22:53Z</time>
      </trkpt>
      <trkpt lat="44.14681" lon="-73.63649">
        <ele>297.74</ele>
        <time>2026-07-05T22:22:57Z</time>
      </trkpt>
      <trkpt lat="44.1468" lon="-73.63646">
        <ele>297.33</ele>
        <time>2026-07-05T22:23:00Z</time>
      </trkpt>
      <trkpt lat="44.14681" lon="-73.63634">
        <ele>297.9</ele>
        <time>2026-07-05T22:23:09Z</time>
      </trkpt>
      <trkpt lat="44.1468" lon="-73.63629">
        <ele>297.22</ele>
        <time>2026-07-05T22:23:15Z</time>
      </trkpt>
      <trkpt lat="44.1468" lon="-73.63628">
        <ele>297.07</ele>
        <time>2026-07-05T22:23:24Z</time>
      </trkpt>
      <trkpt lat="44.1468" lon="-73.63627">
        <ele>296.91</ele>
        <time>2026-07-05T22:23:34Z</time>
      </trkpt>
      <trkpt lat="44.1468" lon="-73.63625">
        <ele>296.6</ele>
        <time>2026-07-05T22:23:46Z</time>
      </trkpt>
      <trkpt lat="44.14677" lon="-73.63627">
        <ele>296.03</ele>
        <time>2026-07-05T22:23:53Z</time>
      </trkpt>
      <trkpt lat="44.14677" lon="-73.63629">
        <ele>296.27</ele>
        <time>2026-07-05T22:23:56Z</time>
      </trkpt>
      <trkpt lat="44.1468" lon="-73.63629">
        <ele>297.22</ele>
        <time>2026-07-05T22:24:06Z</time>
      </trkpt>
      <trkpt lat="44.1468" lon="-73.63627">
        <ele>296.91</ele>
        <time>2026-07-05T22:24:16Z</time>
      </trkpt>
      <trkpt lat="44.14681" lon="-73.63628">
        <ele>297.37</ele>
        <time>2026-07-05T22:24:21Z</time>
      </trkpt>
      <trkpt lat="44.14682" lon="-73.63627">
        <ele>297.5</ele>
        <time>2026-07-05T22:24:23Z</time>
      </trkpt>
      <trkpt lat="44.14682" lon="-73.63626">
        <ele>297.32</ele>
        <time>2026-07-05T22:24:24Z</time>
      </trkpt>
      <trkpt lat="44.14683" lon="-73.63615">
        <ele>295.95</ele>
        <time>2026-07-05T22:24:32Z</time>
      </trkpt>
      <trkpt lat="44.14682" lon="-73.63613">
        <ele>295.52</ele>
        <time>2026-07-05T22:24:36Z</time>
      </trkpt>
      <trkpt lat="44.14683" lon="-73.63611">
        <ele>295.5</ele>
        <time>2026-07-05T22:24:40Z</time>
      </trkpt>
      <trkpt lat="44.14683" lon="-73.6361">
        <ele>295.29</ele>
        <time>2026-07-05T22:24:41Z</time>
      </trkpt>
      <trkpt lat="44.14682" lon="-73.63603">
        <ele>293.56</ele>
        <time>2026-07-05T22:24:47Z</time>
      </trkpt>
      <trkpt lat="44.14682" lon="-73.63601">
        <ele>293.16</ele>
        <time>2026-07-05T22:24:49Z</time>
      </trkpt>
      <trkpt lat="44.14682" lon="-73.63596">
        <ele>292.27</ele>
        <time>2026-07-05T22:24:54Z</time>
      </trkpt>
      <trkpt lat="44.14683" lon="-73.63596">
        <ele>292.41</ele>
        <time>2026-07-05T22:24:55Z</time>
      </trkpt>
      <trkpt lat="44.14685" lon="-73.63591">
        <ele>291.8</ele>
        <time>2026-07-05T22:25:01Z</time>
      </trkpt>
      <trkpt lat="44.14685" lon="-73.6359">
        <ele>291.69</ele>
        <time>2026-07-05T22:25:02Z</time>
      </trkpt>
      <trkpt lat="44.14685" lon="-73.63585">
        <ele>291.14</ele>
        <time>2026-07-05T22:25:08Z</time>
      </trkpt>
      <trkpt lat="44.14685" lon="-73.63584">
        <ele>291.03</ele>
        <time>2026-07-05T22:25:09Z</time>
      </trkpt>
      <trkpt lat="44.14687" lon="-73.63579">
        <ele>290.26</ele>
        <time>2026-07-05T22:25:15Z</time>
      </trkpt>
      <trkpt lat="44.14688" lon="-73.63578">
        <ele>290.15</ele>
        <time>2026-07-05T22:25:18Z</time>
      </trkpt>
      <trkpt lat="44.14688" lon="-73.63577">
        <ele>289.94</ele>
        <time>2026-07-05T22:25:19Z</time>
      </trkpt>
      <trkpt lat="44.14689" lon="-73.63575">
        <ele>289.61</ele>
        <time>2026-07-05T22:25:21Z</time>
      </trkpt>
      <trkpt lat="44.14691" lon="-73.63572">
        <ele>289.32</ele>
        <time>2026-07-05T22:25:26Z</time>
      </trkpt>
      <trkpt lat="44.14694" lon="-73.63569">
        <ele>289.38</ele>
        <time>2026-07-05T22:25:29Z</time>
      </trkpt>
      <trkpt lat="44.14695" lon="-73.63568">
        <ele>289.42</ele>
        <time>2026-07-05T22:25:31Z</time>
      </trkpt>
      <trkpt lat="44.14695" lon="-73.63564">
        <ele>288.8</ele>
        <time>2026-07-05T22:25:37Z</time>
      </trkpt>
      <trkpt lat="44.14695" lon="-73.63562">
        <ele>288.17</ele>
        <time>2026-07-05T22:25:39Z</time>
      </trkpt>
      <trkpt lat="44.14695" lon="-73.63559">
        <ele>287.21</ele>
        <time>2026-07-05T22:25:45Z</time>
      </trkpt>
      <trkpt lat="44.14695" lon="-73.63558">
        <ele>286.9</ele>
        <time>2026-07-05T22:25:46Z</time>
      </trkpt>
      <trkpt lat="44.14696" lon="-73.63556">
        <ele>286.47</ele>
        <time>2026-07-05T22:25:51Z</time>
      </trkpt>
      <trkpt lat="44.14697" lon="-73.63553">
        <ele>286.0</ele>
        <time>2026-07-05T22:25:55Z</time>
      </trkpt>
      <trkpt lat="44.14697" lon="-73.63552">
        <ele>285.78</ele>
        <time>2026-07-05T22:25:56Z</time>
      </trkpt>
      <trkpt lat="44.14699" lon="-73.63547">
        <ele>285.14</ele>
        <time>2026-07-05T22:26:00Z</time>
      </trkpt>
      <trkpt lat="44.14701" lon="-73.63545">
        <ele>285.0</ele>
        <time>2026-07-05T22:26:06Z</time>
      </trkpt>
      <trkpt lat="44.14704" lon="-73.63542">
        <ele>284.67</ele>
        <time>2026-07-05T22:26:13Z</time>
      </trkpt>
      <trkpt lat="44.14705" lon="-73.6354">
        <ele>284.24</ele>
        <time>2026-07-05T22:26:15Z</time>
      </trkpt>
      <trkpt lat="44.14705" lon="-73.63536">
        <ele>283.06</ele>
        <time>2026-07-05T22:26:19Z</time>
      </trkpt>
      <trkpt lat="44.14707" lon="-73.63531">
        <ele>282.41</ele>
        <time>2026-07-05T22:26:24Z</time>
      </trkpt>
      <trkpt lat="44.14708" lon="-73.63531">
        <ele>282.62</ele>
        <time>2026-07-05T22:26:25Z</time>
      </trkpt>
      <trkpt lat="44.1471" lon="-73.63525">
        <ele>281.57</ele>
        <time>2026-07-05T22:26:31Z</time>
      </trkpt>
      <trkpt lat="44.14711" lon="-73.63521">
        <ele>280.8</ele>
        <time>2026-07-05T22:26:37Z</time>
      </trkpt>
      <trkpt lat="44.14714" lon="-73.63515">
        <ele>280.17</ele>
        <time>2026-07-05T22:26:41Z</time>
      </trkpt>
      <trkpt lat="44.14717" lon="-73.63511">
        <ele>280.14</ele>
        <time>2026-07-05T22:26:45Z</time>
      </trkpt>
      <trkpt lat="44.14718" lon="-73.6351">
        <ele>280.33</ele>
        <time>2026-07-05T22:26:49Z</time>
      </trkpt>
      <trkpt lat="44.14718" lon="-73.63509">
        <ele>280.09</ele>
        <time>2026-07-05T22:26:51Z</time>
      </trkpt>
      <trkpt lat="44.14719" lon="-73.63506">
        <ele>279.55</ele>
        <time>2026-07-05T22:26:56Z</time>
      </trkpt>
      <trkpt lat="44.14719" lon="-73.63504">
        <ele>278.9</ele>
        <time>2026-07-05T22:26:58Z</time>
      </trkpt>
      <trkpt lat="44.1472" lon="-73.63497">
        <ele>276.99</ele>
        <time>2026-07-05T22:27:03Z</time>
      </trkpt>
      <trkpt lat="44.14721" lon="-73.63496">
        <ele>277.12</ele>
        <time>2026-07-05T22:27:04Z</time>
      </trkpt>
      <trkpt lat="44.14723" lon="-73.6349">
        <ele>276.02</ele>
        <time>2026-07-05T22:27:12Z</time>
      </trkpt>
      <trkpt lat="44.14727" lon="-73.63486">
        <ele>276.28</ele>
        <time>2026-07-05T22:27:17Z</time>
      </trkpt>
      <trkpt lat="44.14732" lon="-73.63483">
        <ele>277.7</ele>
        <time>2026-07-05T22:27:21Z</time>
      </trkpt>
      <trkpt lat="44.14735" lon="-73.6348">
        <ele>278.04</ele>
        <time>2026-07-05T22:27:26Z</time>
      </trkpt>
      <trkpt lat="44.14736" lon="-73.63478">
        <ele>277.82</ele>
        <time>2026-07-05T22:27:28Z</time>
      </trkpt>
      <trkpt lat="44.14737" lon="-73.63477">
        <ele>277.93</ele>
        <time>2026-07-05T22:27:29Z</time>
      </trkpt>
      <trkpt lat="44.1474" lon="-73.63474">
        <ele>278.26</ele>
        <time>2026-07-05T22:27:33Z</time>
      </trkpt>
      <trkpt lat="44.14741" lon="-73.63471">
        <ele>277.69</ele>
        <time>2026-07-05T22:27:36Z</time>
      </trkpt>
      <trkpt lat="44.14747" lon="-73.63465">
        <ele>278.22</ele>
        <time>2026-07-05T22:27:42Z</time>
      </trkpt>
      <trkpt lat="44.14748" lon="-73.63464">
        <ele>278.38</ele>
        <time>2026-07-05T22:27:44Z</time>
      </trkpt>
      <trkpt lat="44.14753" lon="-73.63459">
        <ele>278.64</ele>
        <time>2026-07-05T22:27:52Z</time>
      </trkpt>
      <trkpt lat="44.14754" lon="-73.63459">
        <ele>278.95</ele>
        <time>2026-07-05T22:27:54Z</time>
      </trkpt>
      <trkpt lat="44.14758" lon="-73.63454">
        <ele>279.5</ele>
        <time>2026-07-05T22:28:01Z</time>
      </trkpt>
      <trkpt lat="44.14758" lon="-73.63453">
        <ele>279.23</ele>
        <time>2026-07-05T22:28:02Z</time>
      </trkpt>
      <trkpt lat="44.14758" lon="-73.63451">
        <ele>278.58</ele>
        <time>2026-07-05T22:28:04Z</time>
      </trkpt>
      <trkpt lat="44.14758" lon="-73.63444">
        <ele>276.31</ele>
        <time>2026-07-05T22:28:09Z</time>
      </trkpt>
      <trkpt lat="44.14759" lon="-73.63442">
        <ele>276.1</ele>
        <time>2026-07-05T22:28:11Z</time>
      </trkpt>
      <trkpt lat="44.14763" lon="-73.63437">
        <ele>275.8</ele>
        <time>2026-07-05T22:28:18Z</time>
      </trkpt>
      <trkpt lat="44.14767" lon="-73.63433">
        <ele>275.8</ele>
        <time>2026-07-05T22:28:25Z</time>
      </trkpt>
      <trkpt lat="44.14767" lon="-73.63433">
        <ele>275.8</ele>
        <time>2026-07-05T22:28:26Z</time>
      </trkpt>
      <trkpt lat="44.14771" lon="-73.63428">
        <ele>275.48</ele>
        <time>2026-07-05T22:28:32Z</time>
      </trkpt>
      <trkpt lat="44.14771" lon="-73.63425">
        <ele>274.5</ele>
        <time>2026-07-05T22:28:35Z</time>
      </trkpt>
      <trkpt lat="44.1477" lon="-73.63423">
        <ele>273.53</ele>
        <time>2026-07-05T22:28:37Z</time>
      </trkpt>
      <trkpt lat="44.14771" lon="-73.63421">
        <ele>273.21</ele>
        <time>2026-07-05T22:28:40Z</time>
      </trkpt>
      <trkpt lat="44.14772" lon="-73.6342">
        <ele>273.21</ele>
        <time>2026-07-05T22:28:41Z</time>
      </trkpt>
      <trkpt lat="44.14775" lon="-73.63416">
        <ele>272.88</ele>
        <time>2026-07-05T22:28:47Z</time>
      </trkpt>
      <trkpt lat="44.14775" lon="-73.63413">
        <ele>271.91</ele>
        <time>2026-07-05T22:28:50Z</time>
      </trkpt>
      <trkpt lat="44.14775" lon="-73.63408">
        <ele>270.29</ele>
        <time>2026-07-05T22:28:54Z</time>
      </trkpt>
      <trkpt lat="44.14778" lon="-73.63399">
        <ele>268.35</ele>
        <time>2026-07-05T22:29:01Z</time>
      </trkpt>
      <trkpt lat="44.14779" lon="-73.63399">
        <ele>268.68</ele>
        <time>2026-07-05T22:29:03Z</time>
      </trkpt>
      <trkpt lat="44.14784" lon="-73.6339">
        <ele>268.54</ele>
        <time>2026-07-05T22:29:11Z</time>
      </trkpt>
      <trkpt lat="44.14789" lon="-73.63384">
        <ele>268.37</ele>
        <time>2026-07-05T22:29:18Z</time>
      </trkpt>
      <trkpt lat="44.14793" lon="-73.6338">
        <ele>268.37</ele>
        <time>2026-07-05T22:29:23Z</time>
      </trkpt>
      <trkpt lat="44.14794" lon="-73.63379">
        <ele>268.37</ele>
        <time>2026-07-05T22:29:26Z</time>
      </trkpt>
      <trkpt lat="44.14799" lon="-73.63375">
        <ele>268.58</ele>
        <time>2026-07-05T22:29:33Z</time>
      </trkpt>
      <trkpt lat="44.14801" lon="-73.63375">
        <ele>269.02</ele>
        <time>2026-07-05T22:29:35Z</time>
      </trkpt>
      <trkpt lat="44.14806" lon="-73.63371">
        <ele>269.28</ele>
        <time>2026-07-05T22:29:40Z</time>
      </trkpt>
      <trkpt lat="44.14809" lon="-73.63369">
        <ele>269.76</ele>
        <time>2026-07-05T22:29:44Z</time>
      </trkpt>
      <trkpt lat="44.14812" lon="-73.63369">
        <ele>270.69</ele>
        <time>2026-07-05T22:29:47Z</time>
      </trkpt>
      <trkpt lat="44.14815" lon="-73.63365">
        <ele>270.32</ele>
        <time>2026-07-05T22:29:51Z</time>
      </trkpt>
      <trkpt lat="44.14818" lon="-73.63361">
        <ele>270.0</ele>
        <time>2026-07-05T22:29:56Z</time>
      </trkpt>
      <trkpt lat="44.14821" lon="-73.6335">
        <ele>268.14</ele>
        <time>2026-07-05T22:30:04Z</time>
      </trkpt>
      <trkpt lat="44.14824" lon="-73.63344">
        <ele>268.14</ele>
        <time>2026-07-05T22:30:10Z</time>
      </trkpt>
      <trkpt lat="44.14825" lon="-73.63344">
        <ele>268.28</ele>
        <time>2026-07-05T22:30:11Z</time>
      </trkpt>
      <trkpt lat="44.14826" lon="-73.63341">
        <ele>267.9</ele>
        <time>2026-07-05T22:30:17Z</time>
      </trkpt>
      <trkpt lat="44.14827" lon="-73.6334">
        <ele>267.84</ele>
        <time>2026-07-05T22:30:19Z</time>
      </trkpt>
      <trkpt lat="44.14828" lon="-73.6334">
        <ele>267.98</ele>
        <time>2026-07-05T22:30:21Z</time>
      </trkpt>
      <trkpt lat="44.1483" lon="-73.63341">
        <ele>268.41</ele>
        <time>2026-07-05T22:30:25Z</time>
      </trkpt>
      <trkpt lat="44.14831" lon="-73.6334">
        <ele>268.4</ele>
        <time>2026-07-05T22:30:28Z</time>
      </trkpt>
      <trkpt lat="44.14836" lon="-73.63336">
        <ele>268.74</ele>
        <time>2026-07-05T22:30:33Z</time>
      </trkpt>
      <trkpt lat="44.14837" lon="-73.63335">
        <ele>268.72</ele>
        <time>2026-07-05T22:30:34Z</time>
      </trkpt>
      <trkpt lat="44.14841" lon="-73.63331">
        <ele>268.53</ele>
        <time>2026-07-05T22:30:41Z</time>
      </trkpt>
      <trkpt lat="44.14844" lon="-73.63329">
        <ele>268.92</ele>
        <time>2026-07-05T22:30:45Z</time>
      </trkpt>
      <trkpt lat="44.14846" lon="-73.63329">
        <ele>269.46</ele>
        <time>2026-07-05T22:30:48Z</time>
      </trkpt>
      <trkpt lat="44.14852" lon="-73.63327">
        <ele>270.66</ele>
        <time>2026-07-05T22:30:54Z</time>
      </trkpt>
      <trkpt lat="44.14858" lon="-73.63322">
        <ele>270.73</ele>
        <time>2026-07-05T22:31:01Z</time>
      </trkpt>
      <trkpt lat="44.1486" lon="-73.63321">
        <ele>270.8</ele>
        <time>2026-07-05T22:31:02Z</time>
      </trkpt>
      <trkpt lat="44.14862" lon="-73.63319">
        <ele>270.5</ele>
        <time>2026-07-05T22:31:07Z</time>
      </trkpt>
      <trkpt lat="44.14863" lon="-73.63318">
        <ele>270.37</ele>
        <time>2026-07-05T22:31:09Z</time>
      </trkpt>
      <trkpt lat="44.14865" lon="-73.63314">
        <ele>269.72</ele>
        <time>2026-07-05T22:31:15Z</time>
      </trkpt>
      <trkpt lat="44.14865" lon="-73.63312">
        <ele>269.41</ele>
        <time>2026-07-05T22:31:17Z</time>
      </trkpt>
      <trkpt lat="44.14867" lon="-73.63307">
        <ele>268.89</ele>
        <time>2026-07-05T22:31:23Z</time>
      </trkpt>
      <trkpt lat="44.14867" lon="-73.63306">
        <ele>268.71</ele>
        <time>2026-07-05T22:31:24Z</time>
      </trkpt>
      <trkpt lat="44.14869" lon="-73.63298">
        <ele>267.22</ele>
        <time>2026-07-05T22:31:31Z</time>
      </trkpt>
      <trkpt lat="44.14873" lon="-73.63292">
        <ele>266.82</ele>
        <time>2026-07-05T22:31:39Z</time>
      </trkpt>
      <trkpt lat="44.14873" lon="-73.63285">
        <ele>265.84</ele>
        <time>2026-07-05T22:31:46Z</time>
      </trkpt>
      <trkpt lat="44.14873" lon="-73.63283">
        <ele>265.41</ele>
        <time>2026-07-05T22:31:48Z</time>
      </trkpt>
      <trkpt lat="44.14873" lon="-73.63275">
        <ele>263.98</ele>
        <time>2026-07-05T22:31:54Z</time>
      </trkpt>
      <trkpt lat="44.14873" lon="-73.63272">
        <ele>263.66</ele>
        <time>2026-07-05T22:31:56Z</time>
      </trkpt>
      <trkpt lat="44.14872" lon="-73.63268">
        <ele>263.06</ele>
        <time>2026-07-05T22:32:01Z</time>
      </trkpt>
      <trkpt lat="44.14871" lon="-73.63263">
        <ele>261.88</ele>
        <time>2026-07-05T22:32:05Z</time>
      </trkpt>
      <trkpt lat="44.1487" lon="-73.63259">
        <ele>260.93</ele>
        <time>2026-07-05T22:32:08Z</time>
      </trkpt>
      <trkpt lat="44.14872" lon="-73.63257">
        <ele>260.93</ele>
        <time>2026-07-05T22:32:13Z</time>
      </trkpt>
      <trkpt lat="44.14872" lon="-73.63257">
        <ele>260.93</ele>
        <time>2026-07-05T22:32:14Z</time>
      </trkpt>
      <trkpt lat="44.14872" lon="-73.63253">
        <ele>260.5</ele>
        <time>2026-07-05T22:32:19Z</time>
      </trkpt>
      <trkpt lat="44.14871" lon="-73.63252">
        <ele>260.28</ele>
        <time>2026-07-05T22:32:21Z</time>
      </trkpt>
      <trkpt lat="44.14872" lon="-73.6325">
        <ele>260.18</ele>
        <time>2026-07-05T22:32:24Z</time>
      </trkpt>
      <trkpt lat="44.14872" lon="-73.63247">
        <ele>259.53</ele>
        <time>2026-07-05T22:32:28Z</time>
      </trkpt>
      <trkpt lat="44.14873" lon="-73.63245">
        <ele>259.2</ele>
        <time>2026-07-05T22:32:31Z</time>
      </trkpt>
      <trkpt lat="44.14875" lon="-73.63241">
        <ele>258.56</ele>
        <time>2026-07-05T22:32:37Z</time>
      </trkpt>
      <trkpt lat="44.14875" lon="-73.63239">
        <ele>258.03</ele>
        <time>2026-07-05T22:32:41Z</time>
      </trkpt>
      <trkpt lat="44.14875" lon="-73.63235">
        <ele>256.95</ele>
        <time>2026-07-05T22:32:46Z</time>
      </trkpt>
      <trkpt lat="44.14876" lon="-73.63232">
        <ele>256.35</ele>
        <time>2026-07-05T22:32:49Z</time>
      </trkpt>
      <trkpt lat="44.14875" lon="-73.6323">
        <ele>255.68</ele>
        <time>2026-07-05T22:32:53Z</time>
      </trkpt>
      <trkpt lat="44.14874" lon="-73.63228">
        <ele>255.03</ele>
        <time>2026-07-05T22:32:55Z</time>
      </trkpt>
      <trkpt lat="44.14873" lon="-73.63225">
        <ele>254.17</ele>
        <time>2026-07-05T22:33:01Z</time>
      </trkpt>
      <trkpt lat="44.14873" lon="-73.63224">
        <ele>253.95</ele>
        <time>2026-07-05T22:33:02Z</time>
      </trkpt>
      <trkpt lat="44.14874" lon="-73.63218">
        <ele>252.69</ele>
        <time>2026-07-05T22:33:09Z</time>
      </trkpt>
      <trkpt lat="44.14874" lon="-73.63217">
        <ele>252.43</ele>
        <time>2026-07-05T22:33:10Z</time>
      </trkpt>
      <trkpt lat="44.14874" lon="-73.63211">
        <ele>250.97</ele>
        <time>2026-07-05T22:33:16Z</time>
      </trkpt>
      <trkpt lat="44.14875" lon="-73.63203">
        <ele>249.42</ele>
        <time>2026-07-05T22:33:25Z</time>
      </trkpt>
      <trkpt lat="44.14876" lon="-73.63202">
        <ele>249.42</ele>
        <time>2026-07-05T22:33:26Z</time>
      </trkpt>
      <trkpt lat="44.14877" lon="-73.63201">
        <ele>249.42</ele>
        <time>2026-07-05T22:33:29Z</time>
      </trkpt>
      <trkpt lat="44.14877" lon="-73.63199">
        <ele>249.21</ele>
        <time>2026-07-05T22:33:31Z</time>
      </trkpt>
      <trkpt lat="44.14878" lon="-73.63197">
        <ele>249.1</ele>
        <time>2026-07-05T22:33:33Z</time>
      </trkpt>
      <trkpt lat="44.1488" lon="-73.63193">
        <ele>248.88</ele>
        <time>2026-07-05T22:33:37Z</time>
      </trkpt>
      <trkpt lat="44.14883" lon="-73.63188">
        <ele>248.41</ele>
        <time>2026-07-05T22:33:41Z</time>
      </trkpt>
      <trkpt lat="44.14889" lon="-73.6318">
        <ele>247.44</ele>
        <time>2026-07-05T22:33:49Z</time>
      </trkpt>
      <trkpt lat="44.14892" lon="-73.63174">
        <ele>246.72</ele>
        <time>2026-07-05T22:33:57Z</time>
      </trkpt>
      <trkpt lat="44.14893" lon="-73.63171">
        <ele>246.23</ele>
        <time>2026-07-05T22:33:59Z</time>
      </trkpt>
      <trkpt lat="44.14896" lon="-73.63164">
        <ele>244.94</ele>
        <time>2026-07-05T22:34:05Z</time>
      </trkpt>
      <trkpt lat="44.14897" lon="-73.63163">
        <ele>244.73</ele>
        <time>2026-07-05T22:34:07Z</time>
      </trkpt>
      <trkpt lat="44.14898" lon="-73.63163">
        <ele>244.62</ele>
        <time>2026-07-05T22:34:09Z</time>
      </trkpt>
      <trkpt lat="44.149" lon="-73.63162">
        <ele>244.3</ele>
        <time>2026-07-05T22:34:13Z</time>
      </trkpt>
      <trkpt lat="44.149" lon="-73.63161">
        <ele>244.19</ele>
        <time>2026-07-05T22:34:15Z</time>
      </trkpt>
      <trkpt lat="44.14904" lon="-73.63157">
        <ele>243.32</ele>
        <time>2026-07-05T22:34:21Z</time>
      </trkpt>
      <trkpt lat="44.14904" lon="-73.63156">
        <ele>243.22</ele>
        <time>2026-07-05T22:34:22Z</time>
      </trkpt>
      <trkpt lat="44.14907" lon="-73.6315">
        <ele>242.24</ele>
        <time>2026-07-05T22:34:28Z</time>
      </trkpt>
      <trkpt lat="44.1491" lon="-73.63148">
        <ele>241.42</ele>
        <time>2026-07-05T22:34:31Z</time>
      </trkpt>
      <trkpt lat="44.14915" lon="-73.63144">
        <ele>239.91</ele>
        <time>2026-07-05T22:34:36Z</time>
      </trkpt>
      <trkpt lat="44.14918" lon="-73.63142">
        <ele>239.1</ele>
        <time>2026-07-05T22:34:40Z</time>
      </trkpt>
      <trkpt lat="44.14919" lon="-73.63139">
        <ele>238.51</ele>
        <time>2026-07-05T22:34:44Z</time>
      </trkpt>
      <trkpt lat="44.14922" lon="-73.63136">
        <ele>237.36</ele>
        <time>2026-07-05T22:34:48Z</time>
      </trkpt>
      <trkpt lat="44.14924" lon="-73.63133">
        <ele>236.28</ele>
        <time>2026-07-05T22:34:51Z</time>
      </trkpt>
      <trkpt lat="44.14928" lon="-73.63131">
        <ele>234.85</ele>
        <time>2026-07-05T22:34:55Z</time>
      </trkpt>
      <trkpt lat="44.14931" lon="-73.6313">
        <ele>233.98</ele>
        <time>2026-07-05T22:34:58Z</time>
      </trkpt>
      <trkpt lat="44.14936" lon="-73.63128">
        <ele>232.4</ele>
        <time>2026-07-05T22:35:05Z</time>
      </trkpt>
      <trkpt lat="44.14936" lon="-73.63128">
        <ele>232.4</ele>
        <time>2026-07-05T22:35:06Z</time>
      </trkpt>
      <trkpt lat="44.14944" lon="-73.63126">
        <ele>229.73</ele>
        <time>2026-07-05T22:35:15Z</time>
      </trkpt>
      <trkpt lat="44.14947" lon="-73.63124">
        <ele>228.84</ele>
        <time>2026-07-05T22:35:23Z</time>
      </trkpt>
      <trkpt lat="44.14949" lon="-73.63122">
        <ele>228.19</ele>
        <time>2026-07-05T22:35:24Z</time>
      </trkpt>
      <trkpt lat="44.14952" lon="-73.63118">
        <ele>227.11</ele>
        <time>2026-07-05T22:35:31Z</time>
      </trkpt>
      <trkpt lat="44.14953" lon="-73.63117">
        <ele>226.79</ele>
        <time>2026-07-05T22:35:34Z</time>
      </trkpt>
      <trkpt lat="44.14955" lon="-73.63115">
        <ele>226.2</ele>
        <time>2026-07-05T22:35:38Z</time>
      </trkpt>
      <trkpt lat="44.14957" lon="-73.63112">
        <ele>225.42</ele>
        <time>2026-07-05T22:35:44Z</time>
      </trkpt>
      <trkpt lat="44.14958" lon="-73.63111">
        <ele>225.06</ele>
        <time>2026-07-05T22:35:46Z</time>
      </trkpt>
      <trkpt lat="44.14961" lon="-73.63107">
        <ele>223.98</ele>
        <time>2026-07-05T22:35:52Z</time>
      </trkpt>
      <trkpt lat="44.14962" lon="-73.63106">
        <ele>223.66</ele>
        <time>2026-07-05T22:35:54Z</time>
      </trkpt>
      <trkpt lat="44.14966" lon="-73.63103">
        <ele>222.22</ele>
        <time>2026-07-05T22:36:00Z</time>
      </trkpt>
      <trkpt lat="44.14967" lon="-73.63102">
        <ele>221.72</ele>
        <time>2026-07-05T22:36:03Z</time>
      </trkpt>
      <trkpt lat="44.14969" lon="-73.631">
        <ele>220.84</ele>
        <time>2026-07-05T22:36:07Z</time>
      </trkpt>
      <trkpt lat="44.14969" lon="-73.63098">
        <ele>220.63</ele>
        <time>2026-07-05T22:36:11Z</time>
      </trkpt>
      <trkpt lat="44.1497" lon="-73.63096">
        <ele>220.09</ele>
        <time>2026-07-05T22:36:14Z</time>
      </trkpt>
      <trkpt lat="44.1497" lon="-73.63095">
        <ele>219.98</ele>
        <time>2026-07-05T22:36:18Z</time>
      </trkpt>
      <trkpt lat="44.14973" lon="-73.63093">
        <ele>218.88</ele>
        <time>2026-07-05T22:36:24Z</time>
      </trkpt>
      <trkpt lat="44.14973" lon="-73.63092">
        <ele>218.82</ele>
        <time>2026-07-05T22:36:25Z</time>
      </trkpt>
      <trkpt lat="44.14977" lon="-73.63087">
        <ele>217.34</ele>
        <time>2026-07-05T22:36:33Z</time>
      </trkpt>
      <trkpt lat="44.14978" lon="-73.63086">
        <ele>216.86</ele>
        <time>2026-07-05T22:36:35Z</time>
      </trkpt>
      <trkpt lat="44.1498" lon="-73.63083">
        <ele>215.54</ele>
        <time>2026-07-05T22:36:42Z</time>
      </trkpt>
      <trkpt lat="44.1498" lon="-73.63082">
        <ele>215.23</ele>
        <time>2026-07-05T22:36:44Z</time>
      </trkpt>
      <trkpt lat="44.14982" lon="-73.63081">
        <ele>214.23</ele>
        <time>2026-07-05T22:36:49Z</time>
      </trkpt>
      <trkpt lat="44.14983" lon="-73.63081">
        <ele>214.2</ele>
        <time>2026-07-05T22:36:52Z</time>
      </trkpt>
      <trkpt lat="44.14984" lon="-73.6308">
        <ele>213.82</ele>
        <time>2026-07-05T22:36:54Z</time>
      </trkpt>
      <trkpt lat="44.14985" lon="-73.63077">
        <ele>212.69</ele>
        <time>2026-07-05T22:36:59Z</time>
      </trkpt>
      <trkpt lat="44.14986" lon="-73.63075">
        <ele>211.86</ele>
        <time>2026-07-05T22:37:01Z</time>
      </trkpt>
      <trkpt lat="44.14988" lon="-73.63072">
        <ele>210.62</ele>
        <time>2026-07-05T22:37:08Z</time>
      </trkpt>
      <trkpt lat="44.14988" lon="-73.63071">
        <ele>210.3</ele>
        <time>2026-07-05T22:37:09Z</time>
      </trkpt>
      <trkpt lat="44.1499" lon="-73.63067">
        <ele>208.79</ele>
        <time>2026-07-05T22:37:14Z</time>
      </trkpt>
      <trkpt lat="44.1499" lon="-73.63067">
        <ele>208.79</ele>
        <time>2026-07-05T22:37:15Z</time>
      </trkpt>
      <trkpt lat="44.1499" lon="-73.63066">
        <ele>208.46</ele>
        <time>2026-07-05T22:37:16Z</time>
      </trkpt>
      <trkpt lat="44.14993" lon="-73.63064">
        <ele>208.6</ele>
        <time>2026-07-05T22:37:24Z</time>
      </trkpt>
      <trkpt lat="44.14993" lon="-73.63064">
        <ele>208.6</ele>
        <time>2026-07-05T22:37:25Z</time>
      </trkpt>
      <trkpt lat="44.14997" lon="-73.6306">
        <ele>208.8</ele>
        <time>2026-07-05T22:37:31Z</time>
      </trkpt>
      <trkpt lat="44.14998" lon="-73.63057">
        <ele>208.18</ele>
        <time>2026-07-05T22:37:34Z</time>
      </trkpt>
      <trkpt lat="44.14999" lon="-73.63054">
        <ele>207.39</ele>
        <time>2026-07-05T22:37:39Z</time>
      </trkpt>
      <trkpt lat="44.14999" lon="-73.63053">
        <ele>207.06</ele>
        <time>2026-07-05T22:37:40Z</time>
      </trkpt>
      <trkpt lat="44.15002" lon="-73.63048">
        <ele>206.42</ele>
        <time>2026-07-05T22:37:48Z</time>
      </trkpt>
      <trkpt lat="44.15002" lon="-73.63048">
        <ele>206.42</ele>
        <time>2026-07-05T22:37:50Z</time>
      </trkpt>
      <trkpt lat="44.15006" lon="-73.63045">
        <ele>207.17</ele>
        <time>2026-07-05T22:37:55Z</time>
      </trkpt>
      <trkpt lat="44.15008" lon="-73.63043">
        <ele>207.39</ele>
        <time>2026-07-05T22:37:57Z</time>
      </trkpt>
      <trkpt lat="44.1501" lon="-73.63039">
        <ele>206.89</ele>
        <time>2026-07-05T22:38:02Z</time>
      </trkpt>
      <trkpt lat="44.15011" lon="-73.63035">
        <ele>205.95</ele>
        <time>2026-07-05T22:38:06Z</time>
      </trkpt>
      <trkpt lat="44.15011" lon="-73.63032">
        <ele>205.03</ele>
        <time>2026-07-05T22:38:09Z</time>
      </trkpt>
      <trkpt lat="44.15012" lon="-73.63028">
        <ele>204.25</ele>
        <time>2026-07-05T22:38:14Z</time>
      </trkpt>
      <trkpt lat="44.15013" lon="-73.63028">
        <ele>204.68</ele>
        <time>2026-07-05T22:38:15Z</time>
      </trkpt>
      <trkpt lat="44.15014" lon="-73.63025">
        <ele>204.29</ele>
        <time>2026-07-05T22:38:21Z</time>
      </trkpt>
      <trkpt lat="44.15015" lon="-73.63023">
        <ele>204.13</ele>
        <time>2026-07-05T22:38:24Z</time>
      </trkpt>
      <trkpt lat="44.15017" lon="-73.63021">
        <ele>204.27</ele>
        <time>2026-07-05T22:38:28Z</time>
      </trkpt>
      <trkpt lat="44.15017" lon="-73.63017">
        <ele>203.18</ele>
        <time>2026-07-05T22:38:31Z</time>
      </trkpt>
      <trkpt lat="44.15016" lon="-73.63013">
        <ele>201.99</ele>
        <time>2026-07-05T22:38:36Z</time>
      </trkpt>
      <trkpt lat="44.15016" lon="-73.6301">
        <ele>201.34</ele>
        <time>2026-07-05T22:38:38Z</time>
      </trkpt>
      <trkpt lat="44.15018" lon="-73.63001">
        <ele>200.05</ele>
        <time>2026-07-05T22:38:46Z</time>
      </trkpt>
      <trkpt lat="44.15018" lon="-73.62991">
        <ele>196.0</ele>
        <time>2026-07-05T22:38:52Z</time>
      </trkpt>
      <trkpt lat="44.15018" lon="-73.6299">
        <ele>195.49</ele>
        <time>2026-07-05T22:38:53Z</time>
      </trkpt>
      <trkpt lat="44.15019" lon="-73.62983">
        <ele>192.17</ele>
        <time>2026-07-05T22:39:00Z</time>
      </trkpt>
      <trkpt lat="44.15019" lon="-73.62982">
        <ele>191.64</ele>
        <time>2026-07-05T22:39:01Z</time>
      </trkpt>
      <trkpt lat="44.1502" lon="-73.62979">
        <ele>191.5</ele>
        <time>2026-07-05T22:39:04Z</time>
      </trkpt>
      <trkpt lat="44.1502" lon="-73.62972">
        <ele>189.78</ele>
        <time>2026-07-05T22:39:08Z</time>
      </trkpt>
      <trkpt lat="44.1502" lon="-73.62969">
        <ele>189.58</ele>
        <time>2026-07-05T22:39:10Z</time>
      </trkpt>
      <trkpt lat="44.15021" lon="-73.62959">
        <ele>189.15</ele>
        <time>2026-07-05T22:39:17Z</time>
      </trkpt>
      <trkpt lat="44.15022" lon="-73.62947">
        <ele>189.0</ele>
        <time>2026-07-05T22:39:27Z</time>
      </trkpt>
      <trkpt lat="44.15023" lon="-73.62945">
        <ele>189.0</ele>
        <time>2026-07-05T22:39:29Z</time>
      </trkpt>
      <trkpt lat="44.15025" lon="-73.62941">
        <ele>189.0</ele>
        <time>2026-07-05T22:39:34Z</time>
      </trkpt>
      <trkpt lat="44.15025" lon="-73.6294">
        <ele>189.0</ele>
        <time>2026-07-05T22:39:35Z</time>
      </trkpt>
      <trkpt lat="44.15024" lon="-73.62929">
        <ele>188.73</ele>
        <time>2026-07-05T22:39:42Z</time>
      </trkpt>
      <trkpt lat="44.15024" lon="-73.62927">
        <ele>188.64</ele>
        <time>2026-07-05T22:39:44Z</time>
      </trkpt>
      <trkpt lat="44.15027" lon="-73.62914">
        <ele>188.0</ele>
        <time>2026-07-05T22:39:53Z</time>
      </trkpt>
      <trkpt lat="44.15032" lon="-73.62907">
        <ele>188.0</ele>
        <time>2026-07-05T22:40:01Z</time>
      </trkpt>
      <trkpt lat="44.15032" lon="-73.629">
        <ele>188.0</ele>
        <time>2026-07-05T22:40:08Z</time>
      </trkpt>
      <trkpt lat="44.15031" lon="-73.62899">
        <ele>188.0</ele>
        <time>2026-07-05T22:40:09Z</time>
      </trkpt>
      <trkpt lat="44.1503" lon="-73.62898">
        <ele>188.0</ele>
        <time>2026-07-05T22:40:10Z</time>
      </trkpt>
      <trkpt lat="44.1503" lon="-73.62896">
        <ele>188.0</ele>
        <time>2026-07-05T22:40:12Z</time>
      </trkpt>
      <trkpt lat="44.15031" lon="-73.62894">
        <ele>188.0</ele>
        <time>2026-07-05T22:40:17Z</time>
      </trkpt>
      <trkpt lat="44.15032" lon="-73.62894">
        <ele>188.0</ele>
        <time>2026-07-05T22:40:18Z</time>
      </trkpt>
      <trkpt lat="44.1503" lon="-73.62886">
        <ele>188.0</ele>
        <time>2026-07-05T22:40:24Z</time>
      </trkpt>
      <trkpt lat="44.1503" lon="-73.62885">
        <ele>188.0</ele>
        <time>2026-07-05T22:40:25Z</time>
      </trkpt>
      <trkpt lat="44.15028" lon="-73.62878">
        <ele>188.0</ele>
        <time>2026-07-05T22:40:29Z</time>
      </trkpt>
      <trkpt lat="44.15026" lon="-73.62876">
        <ele>188.0</ele>
        <time>2026-07-05T22:40:32Z</time>
      </trkpt>
      <trkpt lat="44.15021" lon="-73.62872">
        <ele>188.0</ele>
        <time>2026-07-05T22:40:38Z</time>
      </trkpt>
      <trkpt lat="44.15016" lon="-73.62866">
        <ele>188.0</ele>
        <time>2026-07-05T22:40:44Z</time>
      </trkpt>
      <trkpt lat="44.15012" lon="-73.62859">
        <ele>188.0</ele>
        <time>2026-07-05T22:40:51Z</time>
      </trkpt>
      <trkpt lat="44.15008" lon="-73.6285">
        <ele>188.0</ele>
        <time>2026-07-05T22:40:59Z</time>
      </trkpt>
      <trkpt lat="44.15004" lon="-73.62843">
        <ele>188.0</ele>
        <time>2026-07-05T22:41:06Z</time>
      </trkpt>
      <trkpt lat="44.15001" lon="-73.62835">
        <ele>188.0</ele>
        <time>2026-07-05T22:41:13Z</time>
      </trkpt>
      <trkpt lat="44.14999" lon="-73.62828">
        <ele>187.89</ele>
        <time>2026-07-05T22:41:19Z</time>
      </trkpt>
      <trkpt lat="44.14998" lon="-73.62825">
        <ele>187.78</ele>
        <time>2026-07-05T22:41:22Z</time>
      </trkpt>
      <trkpt lat="44.14996" lon="-73.62821">
        <ele>187.71</ele>
        <time>2026-07-05T22:41:27Z</time>
      </trkpt>
      <trkpt lat="44.1499" lon="-73.62809">
        <ele>187.34</ele>
        <time>2026-07-05T22:41:36Z</time>
      </trkpt>
      <trkpt lat="44.1499" lon="-73.62801">
        <ele>187.0</ele>
        <time>2026-07-05T22:41:44Z</time>
      </trkpt>
      <trkpt lat="44.14991" lon="-73.62795">
        <ele>187.03</ele>
        <time>2026-07-05T22:41:52Z</time>
      </trkpt>
      <trkpt lat="44.1499" lon="-73.62789">
        <ele>187.0</ele>
        <time>2026-07-05T22:41:56Z</time>
      </trkpt>
      <trkpt lat="44.1499" lon="-73.62785">
        <ele>187.0</ele>
        <time>2026-07-05T22:41:59Z</time>
      </trkpt>
      <trkpt lat="44.1499" lon="-73.62782">
        <ele>187.0</ele>
        <time>2026-07-05T22:42:01Z</time>
      </trkpt>
      <trkpt lat="44.14988" lon="-73.62769">
        <ele>187.0</ele>
        <time>2026-07-05T22:42:09Z</time>
      </trkpt>
      <trkpt lat="44.14987" lon="-73.62762">
        <ele>187.0</ele>
        <time>2026-07-05T22:42:16Z</time>
      </trkpt>
      <trkpt lat="44.14986" lon="-73.62749">
        <ele>187.0</ele>
        <time>2026-07-05T22:42:23Z</time>
      </trkpt>
      <trkpt lat="44.14987" lon="-73.62741">
        <ele>187.0</ele>
        <time>2026-07-05T22:42:30Z</time>
      </trkpt>
      <trkpt lat="44.14988" lon="-73.62736">
        <ele>187.0</ele>
        <time>2026-07-05T22:42:34Z</time>
      </trkpt>
      <trkpt lat="44.14989" lon="-73.62733">
        <ele>187.0</ele>
        <time>2026-07-05T22:42:37Z</time>
      </trkpt>
      <trkpt lat="44.14993" lon="-73.62725">
        <ele>187.0</ele>
        <time>2026-07-05T22:42:43Z</time>
      </trkpt>
      <trkpt lat="44.14993" lon="-73.62723">
        <ele>187.0</ele>
        <time>2026-07-05T22:42:45Z</time>
      </trkpt>
      <trkpt lat="44.14996" lon="-73.62715">
        <ele>187.0</ele>
        <time>2026-07-05T22:42:55Z</time>
      </trkpt>
      <trkpt lat="44.14994" lon="-73.627">
        <ele>186.35</ele>
        <time>2026-07-05T22:43:03Z</time>
      </trkpt>
      <trkpt lat="44.14992" lon="-73.62697">
        <ele>186.14</ele>
        <time>2026-07-05T22:43:05Z</time>
      </trkpt>
      <trkpt lat="44.14991" lon="-73.62686">
        <ele>186.0</ele>
        <time>2026-07-05T22:43:11Z</time>
      </trkpt>
      <trkpt lat="44.14993" lon="-73.6268">
        <ele>186.0</ele>
        <time>2026-07-05T22:43:19Z</time>
      </trkpt>
      <trkpt lat="44.1499" lon="-73.62682">
        <ele>185.97</ele>
        <time>2026-07-05T22:43:25Z</time>
      </trkpt>
    </trkseg>
  </trk>
</gpx>
