<?xml version="1.0"?>
<gpx xmlns="http://www.topografix.com/GPX/1/1" xmlns:xsi="http://www.w3.org/2001/XMLSchema-instance" version="1.1" creator="AllTrails.com" xsi:schemaLocation="http://www.topografix.com/GPX/1/1 http://www.topografix.com/GPX/1/1/gpx.xsd">
  <metadata>
    <name><![CDATA[Keene Hiking]]></name>
    <desc><![CDATA[]]></desc>
    <link href="http://www.alltrails.com">
      <text>AllTrails, LLC</text>
    </link>
    <bounds minlat="44.16738" minlon="-73.87098" maxlat="44.19185" maxlon="-73.81639"/>
  </metadata>
  <trk>
    <name><![CDATA[Keene Hiking]]></name>
    <src>AllTrails</src>
    <trkseg>
      <trkpt lat="44.1889" lon="-73.81639">
        <ele>464.13</ele>
        <time>2026-05-09T13:13:11Z</time>
      </trkpt>
      <trkpt lat="44.18887" lon="-73.8164">
        <ele>463.92</ele>
        <time>2026-05-09T13:13:12Z</time>
      </trkpt>
      <trkpt lat="44.18885" lon="-73.81641">
        <ele>463.81</ele>
        <time>2026-05-09T13:13:13Z</time>
      </trkpt>
      <trkpt lat="44.18887" lon="-73.81644">
        <ele>464.35</ele>
        <time>2026-05-09T13:13:17Z</time>
      </trkpt>
      <trkpt lat="44.18887" lon="-73.81645">
        <ele>464.46</ele>
        <time>2026-05-09T13:13:18Z</time>
      </trkpt>
      <trkpt lat="44.18889" lon="-73.81649">
        <ele>465.1</ele>
        <time>2026-05-09T13:13:20Z</time>
      </trkpt>
      <trkpt lat="44.18889" lon="-73.81649">
        <ele>465.1</ele>
        <time>2026-05-09T13:13:22Z</time>
      </trkpt>
      <trkpt lat="44.18899" lon="-73.81655">
        <ele>466.76</ele>
        <time>2026-05-09T13:13:26Z</time>
      </trkpt>
      <trkpt lat="44.18903" lon="-73.81655">
        <ele>466.88</ele>
        <time>2026-05-09T13:13:31Z</time>
      </trkpt>
      <trkpt lat="44.18905" lon="-73.81655">
        <ele>466.93</ele>
        <time>2026-05-09T13:13:33Z</time>
      </trkpt>
      <trkpt lat="44.18908" lon="-73.81657">
        <ele>467.13</ele>
        <time>2026-05-09T13:13:36Z</time>
      </trkpt>
      <trkpt lat="44.18909" lon="-73.81657">
        <ele>467.34</ele>
        <time>2026-05-09T13:13:37Z</time>
      </trkpt>
      <trkpt lat="44.1891" lon="-73.81659">
        <ele>467.68</ele>
        <time>2026-05-09T13:13:39Z</time>
      </trkpt>
      <trkpt lat="44.1891" lon="-73.8166">
        <ele>467.76</ele>
        <time>2026-05-09T13:13:40Z</time>
      </trkpt>
      <trkpt lat="44.18914" lon="-73.81663">
        <ele>468.6</ele>
        <time>2026-05-09T13:13:46Z</time>
      </trkpt>
      <trkpt lat="44.18915" lon="-73.81663">
        <ele>468.75</ele>
        <time>2026-05-09T13:13:47Z</time>
      </trkpt>
      <trkpt lat="44.18919" lon="-73.81665">
        <ele>469.46</ele>
        <time>2026-05-09T13:13:52Z</time>
      </trkpt>
      <trkpt lat="44.18919" lon="-73.81665">
        <ele>469.46</ele>
        <time>2026-05-09T13:13:53Z</time>
      </trkpt>
      <trkpt lat="44.18922" lon="-73.8167">
        <ele>470.36</ele>
        <time>2026-05-09T13:13:57Z</time>
      </trkpt>
      <trkpt lat="44.18923" lon="-73.81672">
        <ele>470.76</ele>
        <time>2026-05-09T13:14:00Z</time>
      </trkpt>
      <trkpt lat="44.18924" lon="-73.81675">
        <ele>471.3</ele>
        <time>2026-05-09T13:14:03Z</time>
      </trkpt>
      <trkpt lat="44.18925" lon="-73.81679">
        <ele>471.7</ele>
        <time>2026-05-09T13:14:08Z</time>
      </trkpt>
      <trkpt lat="44.18925" lon="-73.81679">
        <ele>471.7</ele>
        <time>2026-05-09T13:14:09Z</time>
      </trkpt>
      <trkpt lat="44.18926" lon="-73.81681">
        <ele>472.04</ele>
        <time>2026-05-09T13:14:12Z</time>
      </trkpt>
      <trkpt lat="44.18927" lon="-73.81684">
        <ele>472.67</ele>
        <time>2026-05-09T13:14:15Z</time>
      </trkpt>
      <trkpt lat="44.18927" lon="-73.81685">
        <ele>472.69</ele>
        <time>2026-05-09T13:14:17Z</time>
      </trkpt>
      <trkpt lat="44.18927" lon="-73.81689">
        <ele>473.06</ele>
        <time>2026-05-09T13:14:22Z</time>
      </trkpt>
      <trkpt lat="44.18928" lon="-73.81691">
        <ele>473.83</ele>
        <time>2026-05-09T13:14:25Z</time>
      </trkpt>
      <trkpt lat="44.18928" lon="-73.81698">
        <ele>474.42</ele>
        <time>2026-05-09T13:14:32Z</time>
      </trkpt>
      <trkpt lat="44.18929" lon="-73.81707">
        <ele>475.45</ele>
        <time>2026-05-09T13:14:39Z</time>
      </trkpt>
      <trkpt lat="44.18929" lon="-73.81708">
        <ele>475.48</ele>
        <time>2026-05-09T13:14:40Z</time>
      </trkpt>
      <trkpt lat="44.18931" lon="-73.81716">
        <ele>476.56</ele>
        <time>2026-05-09T13:14:47Z</time>
      </trkpt>
      <trkpt lat="44.18933" lon="-73.81728">
        <ele>477.06</ele>
        <time>2026-05-09T13:14:56Z</time>
      </trkpt>
      <trkpt lat="44.18933" lon="-73.81729">
        <ele>477.06</ele>
        <time>2026-05-09T13:14:57Z</time>
      </trkpt>
      <trkpt lat="44.18933" lon="-73.81737">
        <ele>476.46</ele>
        <time>2026-05-09T13:15:05Z</time>
      </trkpt>
      <trkpt lat="44.18938" lon="-73.81744">
        <ele>477.86</ele>
        <time>2026-05-09T13:15:13Z</time>
      </trkpt>
      <trkpt lat="44.1894" lon="-73.81746">
        <ele>478.51</ele>
        <time>2026-05-09T13:15:16Z</time>
      </trkpt>
      <trkpt lat="44.18942" lon="-73.8175">
        <ele>478.94</ele>
        <time>2026-05-09T13:15:20Z</time>
      </trkpt>
      <trkpt lat="44.18945" lon="-73.81755">
        <ele>479.7</ele>
        <time>2026-05-09T13:15:25Z</time>
      </trkpt>
      <trkpt lat="44.18946" lon="-73.81758">
        <ele>479.81</ele>
        <time>2026-05-09T13:15:28Z</time>
      </trkpt>
      <trkpt lat="44.18947" lon="-73.81763">
        <ele>479.81</ele>
        <time>2026-05-09T13:15:32Z</time>
      </trkpt>
      <trkpt lat="44.18946" lon="-73.81768">
        <ele>478.89</ele>
        <time>2026-05-09T13:15:38Z</time>
      </trkpt>
      <trkpt lat="44.18946" lon="-73.8177">
        <ele>478.84</ele>
        <time>2026-05-09T13:15:43Z</time>
      </trkpt>
      <trkpt lat="44.18946" lon="-73.81772">
        <ele>478.84</ele>
        <time>2026-05-09T13:15:46Z</time>
      </trkpt>
      <trkpt lat="44.18947" lon="-73.81775">
        <ele>479.38</ele>
        <time>2026-05-09T13:15:49Z</time>
      </trkpt>
      <trkpt lat="44.18949" lon="-73.81782">
        <ele>480.46</ele>
        <time>2026-05-09T13:15:53Z</time>
      </trkpt>
      <trkpt lat="44.18953" lon="-73.81795">
        <ele>481.83</ele>
        <time>2026-05-09T13:16:01Z</time>
      </trkpt>
      <trkpt lat="44.18954" lon="-73.81796">
        <ele>482.19</ele>
        <time>2026-05-09T13:16:03Z</time>
      </trkpt>
      <trkpt lat="44.18956" lon="-73.81797">
        <ele>483.24</ele>
        <time>2026-05-09T13:16:09Z</time>
      </trkpt>
      <trkpt lat="44.18958" lon="-73.81801">
        <ele>484.32</ele>
        <time>2026-05-09T13:16:16Z</time>
      </trkpt>
      <trkpt lat="44.1896" lon="-73.81801">
        <ele>485.4</ele>
        <time>2026-05-09T13:16:20Z</time>
      </trkpt>
      <trkpt lat="44.18961" lon="-73.81802">
        <ele>485.94</ele>
        <time>2026-05-09T13:16:24Z</time>
      </trkpt>
      <trkpt lat="44.18962" lon="-73.81806">
        <ele>486.48</ele>
        <time>2026-05-09T13:16:28Z</time>
      </trkpt>
      <trkpt lat="44.18962" lon="-73.81807">
        <ele>486.46</ele>
        <time>2026-05-09T13:16:30Z</time>
      </trkpt>
      <trkpt lat="44.18962" lon="-73.81809">
        <ele>486.44</ele>
        <time>2026-05-09T13:16:32Z</time>
      </trkpt>
      <trkpt lat="44.18964" lon="-73.81815">
        <ele>487.43</ele>
        <time>2026-05-09T13:16:39Z</time>
      </trkpt>
      <trkpt lat="44.18965" lon="-73.81815">
        <ele>487.86</ele>
        <time>2026-05-09T13:16:40Z</time>
      </trkpt>
      <trkpt lat="44.1897" lon="-73.81819">
        <ele>489.93</ele>
        <time>2026-05-09T13:16:49Z</time>
      </trkpt>
      <trkpt lat="44.1897" lon="-73.8182">
        <ele>489.91</ele>
        <time>2026-05-09T13:16:50Z</time>
      </trkpt>
      <trkpt lat="44.18971" lon="-73.81823">
        <ele>490.36</ele>
        <time>2026-05-09T13:16:55Z</time>
      </trkpt>
      <trkpt lat="44.18972" lon="-73.81825">
        <ele>490.88</ele>
        <time>2026-05-09T13:16:57Z</time>
      </trkpt>
      <trkpt lat="44.18976" lon="-73.81832">
        <ele>492.22</ele>
        <time>2026-05-09T13:17:04Z</time>
      </trkpt>
      <trkpt lat="44.18978" lon="-73.81834">
        <ele>492.84</ele>
        <time>2026-05-09T13:17:07Z</time>
      </trkpt>
      <trkpt lat="44.1898" lon="-73.81838">
        <ele>493.44</ele>
        <time>2026-05-09T13:17:12Z</time>
      </trkpt>
      <trkpt lat="44.18982" lon="-73.81842">
        <ele>494.17</ele>
        <time>2026-05-09T13:17:16Z</time>
      </trkpt>
      <trkpt lat="44.18986" lon="-73.81851">
        <ele>495.91</ele>
        <time>2026-05-09T13:17:27Z</time>
      </trkpt>
      <trkpt lat="44.18987" lon="-73.81852">
        <ele>496.38</ele>
        <time>2026-05-09T13:17:28Z</time>
      </trkpt>
      <trkpt lat="44.18989" lon="-73.81856">
        <ele>497.25</ele>
        <time>2026-05-09T13:17:33Z</time>
      </trkpt>
      <trkpt lat="44.18991" lon="-73.81861">
        <ele>498.08</ele>
        <time>2026-05-09T13:17:38Z</time>
      </trkpt>
      <trkpt lat="44.18992" lon="-73.81864">
        <ele>498.41</ele>
        <time>2026-05-09T13:17:41Z</time>
      </trkpt>
      <trkpt lat="44.18997" lon="-73.81869">
        <ele>500.03</ele>
        <time>2026-05-09T13:17:49Z</time>
      </trkpt>
      <trkpt lat="44.18998" lon="-73.8187">
        <ele>500.35</ele>
        <time>2026-05-09T13:17:51Z</time>
      </trkpt>
      <trkpt lat="44.18999" lon="-73.81872">
        <ele>500.68</ele>
        <time>2026-05-09T13:17:56Z</time>
      </trkpt>
      <trkpt lat="44.19" lon="-73.81874">
        <ele>501.0</ele>
        <time>2026-05-09T13:17:59Z</time>
      </trkpt>
      <trkpt lat="44.19" lon="-73.81875">
        <ele>501.0</ele>
        <time>2026-05-09T13:18:01Z</time>
      </trkpt>
      <trkpt lat="44.19" lon="-73.81875">
        <ele>501.0</ele>
        <time>2026-05-09T13:18:03Z</time>
      </trkpt>
      <trkpt lat="44.19003" lon="-73.8188">
        <ele>501.97</ele>
        <time>2026-05-09T13:18:09Z</time>
      </trkpt>
      <trkpt lat="44.19003" lon="-73.81881">
        <ele>501.97</ele>
        <time>2026-05-09T13:18:10Z</time>
      </trkpt>
      <trkpt lat="44.19006" lon="-73.81886">
        <ele>502.94</ele>
        <time>2026-05-09T13:18:17Z</time>
      </trkpt>
      <trkpt lat="44.19006" lon="-73.81887">
        <ele>502.94</ele>
        <time>2026-05-09T13:18:19Z</time>
      </trkpt>
      <trkpt lat="44.19007" lon="-73.8189">
        <ele>503.24</ele>
        <time>2026-05-09T13:18:25Z</time>
      </trkpt>
      <trkpt lat="44.19008" lon="-73.8189">
        <ele>503.58</ele>
        <time>2026-05-09T13:18:26Z</time>
      </trkpt>
      <trkpt lat="44.1901" lon="-73.81893">
        <ele>504.28</ele>
        <time>2026-05-09T13:18:32Z</time>
      </trkpt>
      <trkpt lat="44.19012" lon="-73.81894">
        <ele>505.05</ele>
        <time>2026-05-09T13:18:35Z</time>
      </trkpt>
      <trkpt lat="44.19014" lon="-73.81896">
        <ele>505.93</ele>
        <time>2026-05-09T13:18:39Z</time>
      </trkpt>
      <trkpt lat="44.19015" lon="-73.81896">
        <ele>506.34</ele>
        <time>2026-05-09T13:18:45Z</time>
      </trkpt>
      <trkpt lat="44.19015" lon="-73.81896">
        <ele>506.34</ele>
        <time>2026-05-09T13:18:46Z</time>
      </trkpt>
      <trkpt lat="44.1902" lon="-73.81901">
        <ele>508.37</ele>
        <time>2026-05-09T13:18:53Z</time>
      </trkpt>
      <trkpt lat="44.1902" lon="-73.81902">
        <ele>508.39</ele>
        <time>2026-05-09T13:18:54Z</time>
      </trkpt>
      <trkpt lat="44.19022" lon="-73.81908">
        <ele>509.09</ele>
        <time>2026-05-09T13:19:00Z</time>
      </trkpt>
      <trkpt lat="44.19022" lon="-73.81909">
        <ele>509.02</ele>
        <time>2026-05-09T13:19:02Z</time>
      </trkpt>
      <trkpt lat="44.19026" lon="-73.81913">
        <ele>510.31</ele>
        <time>2026-05-09T13:19:09Z</time>
      </trkpt>
      <trkpt lat="44.19027" lon="-73.81916">
        <ele>510.67</ele>
        <time>2026-05-09T13:19:14Z</time>
      </trkpt>
      <trkpt lat="44.19027" lon="-73.81917">
        <ele>510.66</ele>
        <time>2026-05-09T13:19:18Z</time>
      </trkpt>
      <trkpt lat="44.19028" lon="-73.81919">
        <ele>511.05</ele>
        <time>2026-05-09T13:19:20Z</time>
      </trkpt>
      <trkpt lat="44.19031" lon="-73.81924">
        <ele>511.7</ele>
        <time>2026-05-09T13:19:27Z</time>
      </trkpt>
      <trkpt lat="44.19038" lon="-73.81934">
        <ele>514.09</ele>
        <time>2026-05-09T13:19:36Z</time>
      </trkpt>
      <trkpt lat="44.19039" lon="-73.81935">
        <ele>514.41</ele>
        <time>2026-05-09T13:19:37Z</time>
      </trkpt>
      <trkpt lat="44.19041" lon="-73.81938">
        <ele>514.68</ele>
        <time>2026-05-09T13:19:43Z</time>
      </trkpt>
      <trkpt lat="44.19043" lon="-73.81941">
        <ele>515.06</ele>
        <time>2026-05-09T13:19:46Z</time>
      </trkpt>
      <trkpt lat="44.19045" lon="-73.81945">
        <ele>515.58</ele>
        <time>2026-05-09T13:19:50Z</time>
      </trkpt>
      <trkpt lat="44.19047" lon="-73.8195">
        <ele>516.23</ele>
        <time>2026-05-09T13:19:55Z</time>
      </trkpt>
      <trkpt lat="44.19047" lon="-73.81954">
        <ele>516.23</ele>
        <time>2026-05-09T13:20:00Z</time>
      </trkpt>
      <trkpt lat="44.19049" lon="-73.81957">
        <ele>516.88</ele>
        <time>2026-05-09T13:20:05Z</time>
      </trkpt>
      <trkpt lat="44.19054" lon="-73.81963">
        <ele>518.5</ele>
        <time>2026-05-09T13:20:11Z</time>
      </trkpt>
      <trkpt lat="44.19054" lon="-73.81963">
        <ele>518.5</ele>
        <time>2026-05-09T13:20:13Z</time>
      </trkpt>
      <trkpt lat="44.19057" lon="-73.8197">
        <ele>520.23</ele>
        <time>2026-05-09T13:20:22Z</time>
      </trkpt>
      <trkpt lat="44.19055" lon="-73.81968">
        <ele>519.33</ele>
        <time>2026-05-09T13:20:29Z</time>
      </trkpt>
      <trkpt lat="44.19054" lon="-73.81973">
        <ele>519.33</ele>
        <time>2026-05-09T13:20:38Z</time>
      </trkpt>
      <trkpt lat="44.19054" lon="-73.81973">
        <ele>519.33</ele>
        <time>2026-05-09T13:20:39Z</time>
      </trkpt>
      <trkpt lat="44.19055" lon="-73.81968">
        <ele>519.33</ele>
        <time>2026-05-09T13:20:42Z</time>
      </trkpt>
      <trkpt lat="44.19057" lon="-73.81962">
        <ele>519.45</ele>
        <time>2026-05-09T13:20:47Z</time>
      </trkpt>
      <trkpt lat="44.19057" lon="-73.81961">
        <ele>519.43</ele>
        <time>2026-05-09T13:20:50Z</time>
      </trkpt>
      <trkpt lat="44.19056" lon="-73.81961">
        <ele>519.13</ele>
        <time>2026-05-09T13:20:53Z</time>
      </trkpt>
      <trkpt lat="44.19056" lon="-73.81962">
        <ele>519.14</ele>
        <time>2026-05-09T13:20:55Z</time>
      </trkpt>
      <trkpt lat="44.19055" lon="-73.81962">
        <ele>518.82</ele>
        <time>2026-05-09T13:21:00Z</time>
      </trkpt>
      <trkpt lat="44.19055" lon="-73.81962">
        <ele>518.82</ele>
        <time>2026-05-09T13:21:09Z</time>
      </trkpt>
      <trkpt lat="44.19055" lon="-73.81962">
        <ele>518.82</ele>
        <time>2026-05-09T13:21:14Z</time>
      </trkpt>
      <trkpt lat="44.19054" lon="-73.8196">
        <ele>518.5</ele>
        <time>2026-05-09T13:21:20Z</time>
      </trkpt>
      <trkpt lat="44.19054" lon="-73.81962">
        <ele>518.5</ele>
        <time>2026-05-09T13:21:30Z</time>
      </trkpt>
      <trkpt lat="44.19054" lon="-73.81959">
        <ele>518.5</ele>
        <time>2026-05-09T13:21:38Z</time>
      </trkpt>
      <trkpt lat="44.19053" lon="-73.81959">
        <ele>518.17</ele>
        <time>2026-05-09T13:21:40Z</time>
      </trkpt>
      <trkpt lat="44.19054" lon="-73.81959">
        <ele>518.5</ele>
        <time>2026-05-09T13:21:42Z</time>
      </trkpt>
      <trkpt lat="44.19055" lon="-73.81963">
        <ele>518.82</ele>
        <time>2026-05-09T13:21:50Z</time>
      </trkpt>
      <trkpt lat="44.19056" lon="-73.81967">
        <ele>519.58</ele>
        <time>2026-05-09T13:22:01Z</time>
      </trkpt>
      <trkpt lat="44.19056" lon="-73.81967">
        <ele>519.58</ele>
        <time>2026-05-09T13:22:03Z</time>
      </trkpt>
      <trkpt lat="44.19056" lon="-73.8197">
        <ele>519.9</ele>
        <time>2026-05-09T13:22:14Z</time>
      </trkpt>
      <trkpt lat="44.19058" lon="-73.81973">
        <ele>520.79</ele>
        <time>2026-05-09T13:22:22Z</time>
      </trkpt>
      <trkpt lat="44.19059" lon="-73.81973">
        <ele>521.12</ele>
        <time>2026-05-09T13:22:24Z</time>
      </trkpt>
      <trkpt lat="44.19058" lon="-73.81971">
        <ele>520.66</ele>
        <time>2026-05-09T13:22:34Z</time>
      </trkpt>
      <trkpt lat="44.19058" lon="-73.81969">
        <ele>520.44</ele>
        <time>2026-05-09T13:22:38Z</time>
      </trkpt>
      <trkpt lat="44.1906" lon="-73.81969">
        <ele>521.09</ele>
        <time>2026-05-09T13:22:42Z</time>
      </trkpt>
      <trkpt lat="44.19061" lon="-73.81969">
        <ele>521.42</ele>
        <time>2026-05-09T13:22:43Z</time>
      </trkpt>
      <trkpt lat="44.19063" lon="-73.8197">
        <ele>522.17</ele>
        <time>2026-05-09T13:22:48Z</time>
      </trkpt>
      <trkpt lat="44.19064" lon="-73.81971">
        <ele>522.6</ele>
        <time>2026-05-09T13:22:50Z</time>
      </trkpt>
      <trkpt lat="44.19066" lon="-73.81971">
        <ele>523.12</ele>
        <time>2026-05-09T13:22:53Z</time>
      </trkpt>
      <trkpt lat="44.19069" lon="-73.81971">
        <ele>523.77</ele>
        <time>2026-05-09T13:22:59Z</time>
      </trkpt>
      <trkpt lat="44.1907" lon="-73.81971">
        <ele>523.99</ele>
        <time>2026-05-09T13:23:00Z</time>
      </trkpt>
      <trkpt lat="44.19073" lon="-73.81978">
        <ele>525.32</ele>
        <time>2026-05-09T13:23:07Z</time>
      </trkpt>
      <trkpt lat="44.19074" lon="-73.81982">
        <ele>526.09</ele>
        <time>2026-05-09T13:23:10Z</time>
      </trkpt>
      <trkpt lat="44.19076" lon="-73.81985">
        <ele>527.18</ele>
        <time>2026-05-09T13:23:14Z</time>
      </trkpt>
      <trkpt lat="44.19076" lon="-73.81986">
        <ele>527.39</ele>
        <time>2026-05-09T13:23:16Z</time>
      </trkpt>
      <trkpt lat="44.19077" lon="-73.81988">
        <ele>528.04</ele>
        <time>2026-05-09T13:23:18Z</time>
      </trkpt>
      <trkpt lat="44.19077" lon="-73.81988">
        <ele>528.04</ele>
        <time>2026-05-09T13:23:19Z</time>
      </trkpt>
      <trkpt lat="44.19077" lon="-73.81989">
        <ele>528.26</ele>
        <time>2026-05-09T13:23:20Z</time>
      </trkpt>
      <trkpt lat="44.19077" lon="-73.81992">
        <ele>528.63</ele>
        <time>2026-05-09T13:23:23Z</time>
      </trkpt>
      <trkpt lat="44.19077" lon="-73.81994">
        <ele>528.63</ele>
        <time>2026-05-09T13:23:25Z</time>
      </trkpt>
      <trkpt lat="44.19077" lon="-73.81999">
        <ele>528.63</ele>
        <time>2026-05-09T13:23:29Z</time>
      </trkpt>
      <trkpt lat="44.19077" lon="-73.82001">
        <ele>528.74</ele>
        <time>2026-05-09T13:23:31Z</time>
      </trkpt>
      <trkpt lat="44.19077" lon="-73.82004">
        <ele>529.06</ele>
        <time>2026-05-09T13:23:34Z</time>
      </trkpt>
      <trkpt lat="44.19077" lon="-73.82012">
        <ele>529.63</ele>
        <time>2026-05-09T13:23:41Z</time>
      </trkpt>
      <trkpt lat="44.19077" lon="-73.82014">
        <ele>529.63</ele>
        <time>2026-05-09T13:23:43Z</time>
      </trkpt>
      <trkpt lat="44.19077" lon="-73.8202">
        <ele>529.52</ele>
        <time>2026-05-09T13:23:49Z</time>
      </trkpt>
      <trkpt lat="44.19078" lon="-73.8203">
        <ele>528.89</ele>
        <time>2026-05-09T13:23:55Z</time>
      </trkpt>
      <trkpt lat="44.19078" lon="-73.82031">
        <ele>528.72</ele>
        <time>2026-05-09T13:23:56Z</time>
      </trkpt>
      <trkpt lat="44.19079" lon="-73.82033">
        <ele>528.77</ele>
        <time>2026-05-09T13:23:58Z</time>
      </trkpt>
      <trkpt lat="44.19079" lon="-73.82038">
        <ele>528.02</ele>
        <time>2026-05-09T13:24:04Z</time>
      </trkpt>
      <trkpt lat="44.1908" lon="-73.82041">
        <ele>528.13</ele>
        <time>2026-05-09T13:24:09Z</time>
      </trkpt>
      <trkpt lat="44.1908" lon="-73.82043">
        <ele>527.92</ele>
        <time>2026-05-09T13:24:11Z</time>
      </trkpt>
      <trkpt lat="44.19085" lon="-73.82054">
        <ele>528.86</ele>
        <time>2026-05-09T13:24:19Z</time>
      </trkpt>
      <trkpt lat="44.19087" lon="-73.82056">
        <ele>529.54</ele>
        <time>2026-05-09T13:24:22Z</time>
      </trkpt>
      <trkpt lat="44.19092" lon="-73.82063">
        <ele>530.94</ele>
        <time>2026-05-09T13:24:29Z</time>
      </trkpt>
      <trkpt lat="44.19092" lon="-73.82064">
        <ele>530.83</ele>
        <time>2026-05-09T13:24:30Z</time>
      </trkpt>
      <trkpt lat="44.19094" lon="-73.82069">
        <ele>531.69</ele>
        <time>2026-05-09T13:24:36Z</time>
      </trkpt>
      <trkpt lat="44.19095" lon="-73.82073">
        <ele>532.07</ele>
        <time>2026-05-09T13:24:39Z</time>
      </trkpt>
      <trkpt lat="44.19098" lon="-73.82078">
        <ele>533.16</ele>
        <time>2026-05-09T13:24:44Z</time>
      </trkpt>
      <trkpt lat="44.19099" lon="-73.82078">
        <ele>533.64</ele>
        <time>2026-05-09T13:24:49Z</time>
      </trkpt>
      <trkpt lat="44.19102" lon="-73.8208">
        <ele>535.06</ele>
        <time>2026-05-09T13:24:53Z</time>
      </trkpt>
      <trkpt lat="44.19104" lon="-73.82083">
        <ele>535.93</ele>
        <time>2026-05-09T13:24:58Z</time>
      </trkpt>
      <trkpt lat="44.19106" lon="-73.82083">
        <ele>536.79</ele>
        <time>2026-05-09T13:25:01Z</time>
      </trkpt>
      <trkpt lat="44.19109" lon="-73.82085">
        <ele>538.05</ele>
        <time>2026-05-09T13:25:07Z</time>
      </trkpt>
      <trkpt lat="44.1911" lon="-73.82086">
        <ele>538.49</ele>
        <time>2026-05-09T13:25:08Z</time>
      </trkpt>
      <trkpt lat="44.19111" lon="-73.82092">
        <ele>538.94</ele>
        <time>2026-05-09T13:25:15Z</time>
      </trkpt>
      <trkpt lat="44.19113" lon="-73.82101">
        <ele>538.69</ele>
        <time>2026-05-09T13:25:23Z</time>
      </trkpt>
      <trkpt lat="44.19117" lon="-73.82108">
        <ele>539.91</ele>
        <time>2026-05-09T13:25:31Z</time>
      </trkpt>
      <trkpt lat="44.19119" lon="-73.82112">
        <ele>540.54</ele>
        <time>2026-05-09T13:25:37Z</time>
      </trkpt>
      <trkpt lat="44.1912" lon="-73.82113">
        <ele>540.87</ele>
        <time>2026-05-09T13:25:40Z</time>
      </trkpt>
      <trkpt lat="44.19122" lon="-73.82117">
        <ele>541.18</ele>
        <time>2026-05-09T13:25:47Z</time>
      </trkpt>
      <trkpt lat="44.19125" lon="-73.8212">
        <ele>541.5</ele>
        <time>2026-05-09T13:25:51Z</time>
      </trkpt>
      <trkpt lat="44.19129" lon="-73.82129">
        <ele>541.87</ele>
        <time>2026-05-09T13:26:00Z</time>
      </trkpt>
      <trkpt lat="44.19133" lon="-73.82141">
        <ele>542.36</ele>
        <time>2026-05-09T13:26:09Z</time>
      </trkpt>
      <trkpt lat="44.19134" lon="-73.82142">
        <ele>542.47</ele>
        <time>2026-05-09T13:26:10Z</time>
      </trkpt>
      <trkpt lat="44.19138" lon="-73.8215">
        <ele>542.88</ele>
        <time>2026-05-09T13:26:20Z</time>
      </trkpt>
      <trkpt lat="44.19141" lon="-73.82161">
        <ele>543.32</ele>
        <time>2026-05-09T13:26:29Z</time>
      </trkpt>
      <trkpt lat="44.19144" lon="-73.82168">
        <ele>544.18</ele>
        <time>2026-05-09T13:26:38Z</time>
      </trkpt>
      <trkpt lat="44.19145" lon="-73.82169">
        <ele>544.49</ele>
        <time>2026-05-09T13:26:40Z</time>
      </trkpt>
      <trkpt lat="44.19145" lon="-73.8217">
        <ele>544.56</ele>
        <time>2026-05-09T13:26:41Z</time>
      </trkpt>
      <trkpt lat="44.19146" lon="-73.82171">
        <ele>544.9</ele>
        <time>2026-05-09T13:26:44Z</time>
      </trkpt>
      <trkpt lat="44.19149" lon="-73.82176">
        <ele>546.09</ele>
        <time>2026-05-09T13:26:49Z</time>
      </trkpt>
      <trkpt lat="44.1915" lon="-73.82179">
        <ele>546.27</ele>
        <time>2026-05-09T13:26:51Z</time>
      </trkpt>
      <trkpt lat="44.19151" lon="-73.82182">
        <ele>546.51</ele>
        <time>2026-05-09T13:26:55Z</time>
      </trkpt>
      <trkpt lat="44.19153" lon="-73.82187">
        <ele>547.15</ele>
        <time>2026-05-09T13:27:00Z</time>
      </trkpt>
      <trkpt lat="44.19153" lon="-73.82189">
        <ele>547.26</ele>
        <time>2026-05-09T13:27:03Z</time>
      </trkpt>
      <trkpt lat="44.19157" lon="-73.82197">
        <ele>548.87</ele>
        <time>2026-05-09T13:27:09Z</time>
      </trkpt>
      <trkpt lat="44.19158" lon="-73.822">
        <ele>549.06</ele>
        <time>2026-05-09T13:27:11Z</time>
      </trkpt>
      <trkpt lat="44.19161" lon="-73.82205">
        <ele>549.53</ele>
        <time>2026-05-09T13:27:16Z</time>
      </trkpt>
      <trkpt lat="44.19163" lon="-73.82211">
        <ele>550.39</ele>
        <time>2026-05-09T13:27:21Z</time>
      </trkpt>
      <trkpt lat="44.19166" lon="-73.82216">
        <ele>550.9</ele>
        <time>2026-05-09T13:27:28Z</time>
      </trkpt>
      <trkpt lat="44.19166" lon="-73.82218">
        <ele>550.89</ele>
        <time>2026-05-09T13:27:30Z</time>
      </trkpt>
      <trkpt lat="44.19166" lon="-73.82225">
        <ele>550.86</ele>
        <time>2026-05-09T13:27:38Z</time>
      </trkpt>
      <trkpt lat="44.19167" lon="-73.82227">
        <ele>551.02</ele>
        <time>2026-05-09T13:27:40Z</time>
      </trkpt>
      <trkpt lat="44.19169" lon="-73.82234">
        <ele>551.25</ele>
        <time>2026-05-09T13:27:47Z</time>
      </trkpt>
      <trkpt lat="44.1917" lon="-73.82241">
        <ele>551.34</ele>
        <time>2026-05-09T13:27:54Z</time>
      </trkpt>
      <trkpt lat="44.19171" lon="-73.82246">
        <ele>551.17</ele>
        <time>2026-05-09T13:27:57Z</time>
      </trkpt>
      <trkpt lat="44.1917" lon="-73.82253">
        <ele>550.72</ele>
        <time>2026-05-09T13:28:06Z</time>
      </trkpt>
      <trkpt lat="44.19171" lon="-73.82257">
        <ele>550.94</ele>
        <time>2026-05-09T13:28:14Z</time>
      </trkpt>
      <trkpt lat="44.19171" lon="-73.82261">
        <ele>550.94</ele>
        <time>2026-05-09T13:28:17Z</time>
      </trkpt>
      <trkpt lat="44.19171" lon="-73.82264">
        <ele>550.94</ele>
        <time>2026-05-09T13:28:20Z</time>
      </trkpt>
      <trkpt lat="44.19172" lon="-73.82263">
        <ele>551.15</ele>
        <time>2026-05-09T13:28:22Z</time>
      </trkpt>
      <trkpt lat="44.1917" lon="-73.82266">
        <ele>550.72</ele>
        <time>2026-05-09T13:28:27Z</time>
      </trkpt>
      <trkpt lat="44.19169" lon="-73.82269">
        <ele>550.5</ele>
        <time>2026-05-09T13:28:30Z</time>
      </trkpt>
      <trkpt lat="44.19167" lon="-73.82271">
        <ele>550.07</ele>
        <time>2026-05-09T13:28:32Z</time>
      </trkpt>
      <trkpt lat="44.19167" lon="-73.82274">
        <ele>550.07</ele>
        <time>2026-05-09T13:28:34Z</time>
      </trkpt>
      <trkpt lat="44.19167" lon="-73.82275">
        <ele>550.07</ele>
        <time>2026-05-09T13:28:35Z</time>
      </trkpt>
      <trkpt lat="44.19167" lon="-73.82281">
        <ele>550.07</ele>
        <time>2026-05-09T13:28:39Z</time>
      </trkpt>
      <trkpt lat="44.19166" lon="-73.82294">
        <ele>549.93</ele>
        <time>2026-05-09T13:28:50Z</time>
      </trkpt>
      <trkpt lat="44.19168" lon="-73.823">
        <ele>550.14</ele>
        <time>2026-05-09T13:29:00Z</time>
      </trkpt>
      <trkpt lat="44.19168" lon="-73.82299">
        <ele>550.14</ele>
        <time>2026-05-09T13:29:04Z</time>
      </trkpt>
      <trkpt lat="44.19169" lon="-73.82299">
        <ele>550.25</ele>
        <time>2026-05-09T13:29:08Z</time>
      </trkpt>
      <trkpt lat="44.19168" lon="-73.82302">
        <ele>550.14</ele>
        <time>2026-05-09T13:29:13Z</time>
      </trkpt>
      <trkpt lat="44.19167" lon="-73.82303">
        <ele>550.04</ele>
        <time>2026-05-09T13:29:16Z</time>
      </trkpt>
      <trkpt lat="44.19164" lon="-73.8231">
        <ele>550.0</ele>
        <time>2026-05-09T13:29:22Z</time>
      </trkpt>
      <trkpt lat="44.19164" lon="-73.82312">
        <ele>550.0</ele>
        <time>2026-05-09T13:29:24Z</time>
      </trkpt>
      <trkpt lat="44.19162" lon="-73.82315">
        <ele>550.01</ele>
        <time>2026-05-09T13:29:29Z</time>
      </trkpt>
      <trkpt lat="44.19161" lon="-73.82319">
        <ele>550.28</ele>
        <time>2026-05-09T13:29:32Z</time>
      </trkpt>
      <trkpt lat="44.1916" lon="-73.82322">
        <ele>550.56</ele>
        <time>2026-05-09T13:29:35Z</time>
      </trkpt>
      <trkpt lat="44.19159" lon="-73.82324">
        <ele>550.82</ele>
        <time>2026-05-09T13:29:40Z</time>
      </trkpt>
      <trkpt lat="44.19157" lon="-73.82326">
        <ele>551.46</ele>
        <time>2026-05-09T13:29:43Z</time>
      </trkpt>
      <trkpt lat="44.19155" lon="-73.82333">
        <ele>553.19</ele>
        <time>2026-05-09T13:29:48Z</time>
      </trkpt>
      <trkpt lat="44.19152" lon="-73.82337">
        <ele>553.98</ele>
        <time>2026-05-09T13:29:56Z</time>
      </trkpt>
      <trkpt lat="44.19148" lon="-73.82341">
        <ele>554.83</ele>
        <time>2026-05-09T13:30:04Z</time>
      </trkpt>
      <trkpt lat="44.19147" lon="-73.82342">
        <ele>554.94</ele>
        <time>2026-05-09T13:30:05Z</time>
      </trkpt>
      <trkpt lat="44.19141" lon="-73.82349">
        <ele>556.23</ele>
        <time>2026-05-09T13:30:13Z</time>
      </trkpt>
      <trkpt lat="44.19136" lon="-73.82353">
        <ele>557.44</ele>
        <time>2026-05-09T13:30:19Z</time>
      </trkpt>
      <trkpt lat="44.19135" lon="-73.82354">
        <ele>557.65</ele>
        <time>2026-05-09T13:30:22Z</time>
      </trkpt>
      <trkpt lat="44.19133" lon="-73.82355">
        <ele>557.98</ele>
        <time>2026-05-09T13:30:27Z</time>
      </trkpt>
      <trkpt lat="44.19129" lon="-73.82358">
        <ele>558.66</ele>
        <time>2026-05-09T13:30:33Z</time>
      </trkpt>
      <trkpt lat="44.19128" lon="-73.82358">
        <ele>558.66</ele>
        <time>2026-05-09T13:30:34Z</time>
      </trkpt>
      <trkpt lat="44.19124" lon="-73.8236">
        <ele>558.88</ele>
        <time>2026-05-09T13:30:40Z</time>
      </trkpt>
      <trkpt lat="44.19123" lon="-73.82362">
        <ele>559.16</ele>
        <time>2026-05-09T13:30:42Z</time>
      </trkpt>
      <trkpt lat="44.19122" lon="-73.82366">
        <ele>559.96</ele>
        <time>2026-05-09T13:30:47Z</time>
      </trkpt>
      <trkpt lat="44.19121" lon="-73.82367">
        <ele>560.23</ele>
        <time>2026-05-09T13:30:48Z</time>
      </trkpt>
      <trkpt lat="44.19121" lon="-73.82367">
        <ele>560.23</ele>
        <time>2026-05-09T13:30:50Z</time>
      </trkpt>
      <trkpt lat="44.19119" lon="-73.8237">
        <ele>561.07</ele>
        <time>2026-05-09T13:30:56Z</time>
      </trkpt>
      <trkpt lat="44.19118" lon="-73.8237">
        <ele>561.18</ele>
        <time>2026-05-09T13:30:58Z</time>
      </trkpt>
      <trkpt lat="44.19116" lon="-73.82371">
        <ele>561.54</ele>
        <time>2026-05-09T13:31:03Z</time>
      </trkpt>
      <trkpt lat="44.19112" lon="-73.82373">
        <ele>562.19</ele>
        <time>2026-05-09T13:31:09Z</time>
      </trkpt>
      <trkpt lat="44.19108" lon="-73.82378">
        <ele>563.1</ele>
        <time>2026-05-09T13:31:17Z</time>
      </trkpt>
      <trkpt lat="44.19107" lon="-73.82378">
        <ele>563.19</ele>
        <time>2026-05-09T13:31:18Z</time>
      </trkpt>
      <trkpt lat="44.19106" lon="-73.82384">
        <ele>564.5</ele>
        <time>2026-05-09T13:31:24Z</time>
      </trkpt>
      <trkpt lat="44.19106" lon="-73.82385">
        <ele>564.71</ele>
        <time>2026-05-09T13:31:28Z</time>
      </trkpt>
      <trkpt lat="44.19106" lon="-73.82385">
        <ele>564.71</ele>
        <time>2026-05-09T13:31:29Z</time>
      </trkpt>
      <trkpt lat="44.19106" lon="-73.82386">
        <ele>564.93</ele>
        <time>2026-05-09T13:31:30Z</time>
      </trkpt>
      <trkpt lat="44.19104" lon="-73.82389">
        <ele>565.78</ele>
        <time>2026-05-09T13:31:37Z</time>
      </trkpt>
      <trkpt lat="44.191" lon="-73.82395">
        <ele>566.86</ele>
        <time>2026-05-09T13:31:44Z</time>
      </trkpt>
      <trkpt lat="44.191" lon="-73.82396">
        <ele>566.97</ele>
        <time>2026-05-09T13:31:46Z</time>
      </trkpt>
      <trkpt lat="44.19099" lon="-73.824">
        <ele>567.71</ele>
        <time>2026-05-09T13:31:51Z</time>
      </trkpt>
      <trkpt lat="44.19098" lon="-73.824">
        <ele>567.82</ele>
        <time>2026-05-09T13:31:57Z</time>
      </trkpt>
      <trkpt lat="44.19099" lon="-73.82408">
        <ele>569.44</ele>
        <time>2026-05-09T13:32:05Z</time>
      </trkpt>
      <trkpt lat="44.19101" lon="-73.82411">
        <ele>569.87</ele>
        <time>2026-05-09T13:32:10Z</time>
      </trkpt>
      <trkpt lat="44.19102" lon="-73.82411">
        <ele>569.76</ele>
        <time>2026-05-09T13:32:13Z</time>
      </trkpt>
      <trkpt lat="44.19102" lon="-73.82413">
        <ele>570.19</ele>
        <time>2026-05-09T13:32:15Z</time>
      </trkpt>
      <trkpt lat="44.191" lon="-73.82411">
        <ele>569.98</ele>
        <time>2026-05-09T13:32:18Z</time>
      </trkpt>
      <trkpt lat="44.19099" lon="-73.8241">
        <ele>569.87</ele>
        <time>2026-05-09T13:32:21Z</time>
      </trkpt>
      <trkpt lat="44.191" lon="-73.82411">
        <ele>569.98</ele>
        <time>2026-05-09T13:32:22Z</time>
      </trkpt>
      <trkpt lat="44.19099" lon="-73.82414">
        <ele>570.73</ele>
        <time>2026-05-09T13:32:27Z</time>
      </trkpt>
      <trkpt lat="44.19098" lon="-73.82413">
        <ele>570.62</ele>
        <time>2026-05-09T13:32:29Z</time>
      </trkpt>
      <trkpt lat="44.19097" lon="-73.82412">
        <ele>570.52</ele>
        <time>2026-05-09T13:32:30Z</time>
      </trkpt>
      <trkpt lat="44.19093" lon="-73.82413">
        <ele>571.16</ele>
        <time>2026-05-09T13:32:37Z</time>
      </trkpt>
      <trkpt lat="44.19093" lon="-73.82414">
        <ele>571.38</ele>
        <time>2026-05-09T13:32:38Z</time>
      </trkpt>
      <trkpt lat="44.1909" lon="-73.82425">
        <ele>573.15</ele>
        <time>2026-05-09T13:32:48Z</time>
      </trkpt>
      <trkpt lat="44.19087" lon="-73.82433">
        <ele>574.37</ele>
        <time>2026-05-09T13:32:57Z</time>
      </trkpt>
      <trkpt lat="44.19085" lon="-73.8244">
        <ele>575.86</ele>
        <time>2026-05-09T13:33:04Z</time>
      </trkpt>
      <trkpt lat="44.19085" lon="-73.82441">
        <ele>576.08</ele>
        <time>2026-05-09T13:33:06Z</time>
      </trkpt>
      <trkpt lat="44.19082" lon="-73.82445">
        <ele>577.2</ele>
        <time>2026-05-09T13:33:14Z</time>
      </trkpt>
      <trkpt lat="44.19082" lon="-73.82447">
        <ele>577.42</ele>
        <time>2026-05-09T13:33:17Z</time>
      </trkpt>
      <trkpt lat="44.1908" lon="-73.8245">
        <ele>577.96</ele>
        <time>2026-05-09T13:33:24Z</time>
      </trkpt>
      <trkpt lat="44.1908" lon="-73.82451">
        <ele>578.07</ele>
        <time>2026-05-09T13:33:27Z</time>
      </trkpt>
      <trkpt lat="44.1908" lon="-73.82452">
        <ele>578.18</ele>
        <time>2026-05-09T13:33:30Z</time>
      </trkpt>
      <trkpt lat="44.19081" lon="-73.82454">
        <ele>578.32</ele>
        <time>2026-05-09T13:33:35Z</time>
      </trkpt>
      <trkpt lat="44.1908" lon="-73.82456">
        <ele>578.86</ele>
        <time>2026-05-09T13:33:41Z</time>
      </trkpt>
      <trkpt lat="44.19079" lon="-73.82458">
        <ele>579.4</ele>
        <time>2026-05-09T13:33:43Z</time>
      </trkpt>
      <trkpt lat="44.19078" lon="-73.8246">
        <ele>579.94</ele>
        <time>2026-05-09T13:33:45Z</time>
      </trkpt>
      <trkpt lat="44.19077" lon="-73.82465">
        <ele>581.05</ele>
        <time>2026-05-09T13:33:54Z</time>
      </trkpt>
      <trkpt lat="44.19077" lon="-73.82466">
        <ele>581.24</ele>
        <time>2026-05-09T13:33:55Z</time>
      </trkpt>
      <trkpt lat="44.19079" lon="-73.82471">
        <ele>581.74</ele>
        <time>2026-05-09T13:34:00Z</time>
      </trkpt>
      <trkpt lat="44.19079" lon="-73.82473">
        <ele>582.06</ele>
        <time>2026-05-09T13:34:04Z</time>
      </trkpt>
      <trkpt lat="44.19079" lon="-73.82477">
        <ele>582.73</ele>
        <time>2026-05-09T13:34:10Z</time>
      </trkpt>
      <trkpt lat="44.19078" lon="-73.82478">
        <ele>583.04</ele>
        <time>2026-05-09T13:34:14Z</time>
      </trkpt>
      <trkpt lat="44.19078" lon="-73.82486">
        <ele>584.55</ele>
        <time>2026-05-09T13:34:22Z</time>
      </trkpt>
      <trkpt lat="44.19078" lon="-73.82488">
        <ele>584.98</ele>
        <time>2026-05-09T13:34:24Z</time>
      </trkpt>
      <trkpt lat="44.19075" lon="-73.82496">
        <ele>587.04</ele>
        <time>2026-05-09T13:34:32Z</time>
      </trkpt>
      <trkpt lat="44.19075" lon="-73.82497">
        <ele>587.25</ele>
        <time>2026-05-09T13:34:34Z</time>
      </trkpt>
      <trkpt lat="44.19075" lon="-73.82504">
        <ele>588.76</ele>
        <time>2026-05-09T13:34:41Z</time>
      </trkpt>
      <trkpt lat="44.19075" lon="-73.82504">
        <ele>588.76</ele>
        <time>2026-05-09T13:34:42Z</time>
      </trkpt>
      <trkpt lat="44.19076" lon="-73.82505">
        <ele>588.87</ele>
        <time>2026-05-09T13:34:49Z</time>
      </trkpt>
      <trkpt lat="44.19076" lon="-73.82505">
        <ele>588.87</ele>
        <time>2026-05-09T13:34:51Z</time>
      </trkpt>
      <trkpt lat="44.19077" lon="-73.82511">
        <ele>590.0</ele>
        <time>2026-05-09T13:34:56Z</time>
      </trkpt>
      <trkpt lat="44.19077" lon="-73.82512">
        <ele>590.18</ele>
        <time>2026-05-09T13:34:59Z</time>
      </trkpt>
      <trkpt lat="44.19076" lon="-73.82513">
        <ele>590.52</ele>
        <time>2026-05-09T13:35:04Z</time>
      </trkpt>
      <trkpt lat="44.19074" lon="-73.82516">
        <ele>591.46</ele>
        <time>2026-05-09T13:35:10Z</time>
      </trkpt>
      <trkpt lat="44.19078" lon="-73.82516">
        <ele>590.72</ele>
        <time>2026-05-09T13:35:21Z</time>
      </trkpt>
      <trkpt lat="44.19079" lon="-73.82516">
        <ele>590.54</ele>
        <time>2026-05-09T13:35:26Z</time>
      </trkpt>
      <trkpt lat="44.19077" lon="-73.82519">
        <ele>591.44</ele>
        <time>2026-05-09T13:35:34Z</time>
      </trkpt>
      <trkpt lat="44.19076" lon="-73.82522">
        <ele>592.04</ele>
        <time>2026-05-09T13:35:39Z</time>
      </trkpt>
      <trkpt lat="44.19076" lon="-73.82523">
        <ele>592.17</ele>
        <time>2026-05-09T13:35:43Z</time>
      </trkpt>
      <trkpt lat="44.19076" lon="-73.82524">
        <ele>592.3</ele>
        <time>2026-05-09T13:35:45Z</time>
      </trkpt>
      <trkpt lat="44.19076" lon="-73.82525">
        <ele>592.43</ele>
        <time>2026-05-09T13:35:52Z</time>
      </trkpt>
      <trkpt lat="44.19075" lon="-73.82526">
        <ele>592.69</ele>
        <time>2026-05-09T13:35:54Z</time>
      </trkpt>
      <trkpt lat="44.19076" lon="-73.8253">
        <ele>593.27</ele>
        <time>2026-05-09T13:36:00Z</time>
      </trkpt>
      <trkpt lat="44.19077" lon="-73.8253">
        <ele>593.16</ele>
        <time>2026-05-09T13:36:02Z</time>
      </trkpt>
      <trkpt lat="44.19076" lon="-73.82528">
        <ele>592.84</ele>
        <time>2026-05-09T13:36:09Z</time>
      </trkpt>
      <trkpt lat="44.19075" lon="-73.82529">
        <ele>593.16</ele>
        <time>2026-05-09T13:36:11Z</time>
      </trkpt>
      <trkpt lat="44.19074" lon="-73.82531">
        <ele>593.7</ele>
        <time>2026-05-09T13:36:13Z</time>
      </trkpt>
      <trkpt lat="44.19073" lon="-73.82535">
        <ele>594.68</ele>
        <time>2026-05-09T13:36:16Z</time>
      </trkpt>
      <trkpt lat="44.19073" lon="-73.82536">
        <ele>594.89</ele>
        <time>2026-05-09T13:36:17Z</time>
      </trkpt>
      <trkpt lat="44.19072" lon="-73.8254">
        <ele>595.86</ele>
        <time>2026-05-09T13:36:21Z</time>
      </trkpt>
      <trkpt lat="44.19069" lon="-73.82546">
        <ele>597.48</ele>
        <time>2026-05-09T13:36:28Z</time>
      </trkpt>
      <trkpt lat="44.19068" lon="-73.82549">
        <ele>598.14</ele>
        <time>2026-05-09T13:36:30Z</time>
      </trkpt>
      <trkpt lat="44.19068" lon="-73.82554">
        <ele>599.03</ele>
        <time>2026-05-09T13:36:35Z</time>
      </trkpt>
      <trkpt lat="44.19069" lon="-73.82555">
        <ele>599.0</ele>
        <time>2026-05-09T13:36:38Z</time>
      </trkpt>
      <trkpt lat="44.19071" lon="-73.82553">
        <ele>598.3</ele>
        <time>2026-05-09T13:36:45Z</time>
      </trkpt>
      <trkpt lat="44.19071" lon="-73.82555">
        <ele>598.58</ele>
        <time>2026-05-09T13:36:47Z</time>
      </trkpt>
      <trkpt lat="44.19069" lon="-73.82556">
        <ele>599.17</ele>
        <time>2026-05-09T13:36:55Z</time>
      </trkpt>
      <trkpt lat="44.19068" lon="-73.82558">
        <ele>599.67</ele>
        <time>2026-05-09T13:36:58Z</time>
      </trkpt>
      <trkpt lat="44.19062" lon="-73.82562">
        <ele>601.21</ele>
        <time>2026-05-09T13:37:06Z</time>
      </trkpt>
      <trkpt lat="44.19061" lon="-73.82563">
        <ele>601.55</ele>
        <time>2026-05-09T13:37:08Z</time>
      </trkpt>
      <trkpt lat="44.19057" lon="-73.82567">
        <ele>603.16</ele>
        <time>2026-05-09T13:37:15Z</time>
      </trkpt>
      <trkpt lat="44.19057" lon="-73.82567">
        <ele>603.16</ele>
        <time>2026-05-09T13:37:16Z</time>
      </trkpt>
      <trkpt lat="44.19055" lon="-73.82573">
        <ele>604.83</ele>
        <time>2026-05-09T13:37:24Z</time>
      </trkpt>
      <trkpt lat="44.19055" lon="-73.82573">
        <ele>604.83</ele>
        <time>2026-05-09T13:37:25Z</time>
      </trkpt>
      <trkpt lat="44.19051" lon="-73.82579">
        <ele>606.29</ele>
        <time>2026-05-09T13:37:36Z</time>
      </trkpt>
      <trkpt lat="44.1905" lon="-73.8258">
        <ele>606.62</ele>
        <time>2026-05-09T13:37:37Z</time>
      </trkpt>
      <trkpt lat="44.19045" lon="-73.82583">
        <ele>608.21</ele>
        <time>2026-05-09T13:37:46Z</time>
      </trkpt>
      <trkpt lat="44.19044" lon="-73.82583">
        <ele>608.42</ele>
        <time>2026-05-09T13:37:47Z</time>
      </trkpt>
      <trkpt lat="44.19039" lon="-73.82582">
        <ele>609.29</ele>
        <time>2026-05-09T13:37:55Z</time>
      </trkpt>
      <trkpt lat="44.19038" lon="-73.82582">
        <ele>609.5</ele>
        <time>2026-05-09T13:37:56Z</time>
      </trkpt>
      <trkpt lat="44.19033" lon="-73.82576">
        <ele>608.94</ele>
        <time>2026-05-09T13:38:05Z</time>
      </trkpt>
      <trkpt lat="44.19031" lon="-73.82575">
        <ele>608.92</ele>
        <time>2026-05-09T13:38:08Z</time>
      </trkpt>
      <trkpt lat="44.19029" lon="-73.82577">
        <ele>609.77</ele>
        <time>2026-05-09T13:38:13Z</time>
      </trkpt>
      <trkpt lat="44.19027" lon="-73.82578">
        <ele>610.44</ele>
        <time>2026-05-09T13:38:16Z</time>
      </trkpt>
      <trkpt lat="44.19022" lon="-73.82579">
        <ele>611.84</ele>
        <time>2026-05-09T13:38:23Z</time>
      </trkpt>
      <trkpt lat="44.19022" lon="-73.82579">
        <ele>611.84</ele>
        <time>2026-05-09T13:38:24Z</time>
      </trkpt>
      <trkpt lat="44.19018" lon="-73.82581">
        <ele>613.3</ele>
        <time>2026-05-09T13:38:31Z</time>
      </trkpt>
      <trkpt lat="44.19017" lon="-73.82588">
        <ele>615.68</ele>
        <time>2026-05-09T13:38:38Z</time>
      </trkpt>
      <trkpt lat="44.19016" lon="-73.82588">
        <ele>615.78</ele>
        <time>2026-05-09T13:38:39Z</time>
      </trkpt>
      <trkpt lat="44.19014" lon="-73.82591">
        <ele>616.97</ele>
        <time>2026-05-09T13:38:45Z</time>
      </trkpt>
      <trkpt lat="44.19014" lon="-73.82592">
        <ele>617.3</ele>
        <time>2026-05-09T13:38:49Z</time>
      </trkpt>
      <trkpt lat="44.19013" lon="-73.82592">
        <ele>617.4</ele>
        <time>2026-05-09T13:38:52Z</time>
      </trkpt>
      <trkpt lat="44.19009" lon="-73.82596">
        <ele>619.15</ele>
        <time>2026-05-09T13:38:57Z</time>
      </trkpt>
      <trkpt lat="44.19008" lon="-73.826">
        <ele>620.56</ele>
        <time>2026-05-09T13:39:01Z</time>
      </trkpt>
      <trkpt lat="44.19007" lon="-73.82602">
        <ele>621.28</ele>
        <time>2026-05-09T13:39:04Z</time>
      </trkpt>
      <trkpt lat="44.19007" lon="-73.82603">
        <ele>621.52</ele>
        <time>2026-05-09T13:39:10Z</time>
      </trkpt>
      <trkpt lat="44.19006" lon="-73.82603">
        <ele>621.64</ele>
        <time>2026-05-09T13:39:14Z</time>
      </trkpt>
      <trkpt lat="44.19007" lon="-73.82605">
        <ele>622.01</ele>
        <time>2026-05-09T13:39:24Z</time>
      </trkpt>
      <trkpt lat="44.19007" lon="-73.82608">
        <ele>622.73</ele>
        <time>2026-05-09T13:39:30Z</time>
      </trkpt>
      <trkpt lat="44.19006" lon="-73.82608">
        <ele>622.91</ele>
        <time>2026-05-09T13:39:33Z</time>
      </trkpt>
      <trkpt lat="44.19004" lon="-73.82612">
        <ele>624.33</ele>
        <time>2026-05-09T13:39:38Z</time>
      </trkpt>
      <trkpt lat="44.19004" lon="-73.82615">
        <ele>624.98</ele>
        <time>2026-05-09T13:39:41Z</time>
      </trkpt>
      <trkpt lat="44.19004" lon="-73.82616">
        <ele>625.19</ele>
        <time>2026-05-09T13:39:42Z</time>
      </trkpt>
      <trkpt lat="44.19007" lon="-73.82616">
        <ele>624.54</ele>
        <time>2026-05-09T13:39:47Z</time>
      </trkpt>
      <trkpt lat="44.1901" lon="-73.82614">
        <ele>623.54</ele>
        <time>2026-05-09T13:39:50Z</time>
      </trkpt>
      <trkpt lat="44.19011" lon="-73.82614">
        <ele>623.44</ele>
        <time>2026-05-09T13:39:53Z</time>
      </trkpt>
      <trkpt lat="44.19011" lon="-73.82613">
        <ele>623.22</ele>
        <time>2026-05-09T13:39:55Z</time>
      </trkpt>
      <trkpt lat="44.19011" lon="-73.82612">
        <ele>623.0</ele>
        <time>2026-05-09T13:39:57Z</time>
      </trkpt>
      <trkpt lat="44.19011" lon="-73.8261">
        <ele>622.55</ele>
        <time>2026-05-09T13:40:00Z</time>
      </trkpt>
      <trkpt lat="44.19011" lon="-73.8261">
        <ele>622.55</ele>
        <time>2026-05-09T13:40:03Z</time>
      </trkpt>
      <trkpt lat="44.19011" lon="-73.82614">
        <ele>623.44</ele>
        <time>2026-05-09T13:40:12Z</time>
      </trkpt>
      <trkpt lat="44.1901" lon="-73.82613">
        <ele>623.33</ele>
        <time>2026-05-09T13:40:13Z</time>
      </trkpt>
      <trkpt lat="44.19006" lon="-73.8261">
        <ele>623.42</ele>
        <time>2026-05-09T13:40:18Z</time>
      </trkpt>
      <trkpt lat="44.19005" lon="-73.82607">
        <ele>622.83</ele>
        <time>2026-05-09T13:40:21Z</time>
      </trkpt>
      <trkpt lat="44.19005" lon="-73.82607">
        <ele>622.83</ele>
        <time>2026-05-09T13:40:23Z</time>
      </trkpt>
      <trkpt lat="44.19005" lon="-73.82608">
        <ele>623.09</ele>
        <time>2026-05-09T13:40:24Z</time>
      </trkpt>
      <trkpt lat="44.19003" lon="-73.8261">
        <ele>624.03</ele>
        <time>2026-05-09T13:40:29Z</time>
      </trkpt>
      <trkpt lat="44.19002" lon="-73.8261">
        <ele>624.23</ele>
        <time>2026-05-09T13:40:30Z</time>
      </trkpt>
      <trkpt lat="44.19002" lon="-73.82609">
        <ele>623.93</ele>
        <time>2026-05-09T13:40:32Z</time>
      </trkpt>
      <trkpt lat="44.19001" lon="-73.82612">
        <ele>624.98</ele>
        <time>2026-05-09T13:40:38Z</time>
      </trkpt>
      <trkpt lat="44.19001" lon="-73.82613">
        <ele>625.19</ele>
        <time>2026-05-09T13:40:39Z</time>
      </trkpt>
      <trkpt lat="44.19001" lon="-73.82616">
        <ele>625.84</ele>
        <time>2026-05-09T13:40:48Z</time>
      </trkpt>
      <trkpt lat="44.19001" lon="-73.82617">
        <ele>626.06</ele>
        <time>2026-05-09T13:40:50Z</time>
      </trkpt>
      <trkpt lat="44.19" lon="-73.8262">
        <ele>626.92</ele>
        <time>2026-05-09T13:40:55Z</time>
      </trkpt>
      <trkpt lat="44.19001" lon="-73.82621">
        <ele>626.99</ele>
        <time>2026-05-09T13:41:00Z</time>
      </trkpt>
      <trkpt lat="44.19" lon="-73.82622">
        <ele>627.53</ele>
        <time>2026-05-09T13:41:03Z</time>
      </trkpt>
      <trkpt lat="44.18999" lon="-73.82622">
        <ele>627.74</ele>
        <time>2026-05-09T13:41:04Z</time>
      </trkpt>
      <trkpt lat="44.18999" lon="-73.82618">
        <ele>626.68</ele>
        <time>2026-05-09T13:41:10Z</time>
      </trkpt>
      <trkpt lat="44.18999" lon="-73.82616">
        <ele>626.22</ele>
        <time>2026-05-09T13:41:14Z</time>
      </trkpt>
      <trkpt lat="44.18999" lon="-73.82614">
        <ele>625.77</ele>
        <time>2026-05-09T13:41:16Z</time>
      </trkpt>
      <trkpt lat="44.18998" lon="-73.82613">
        <ele>625.67</ele>
        <time>2026-05-09T13:41:18Z</time>
      </trkpt>
      <trkpt lat="44.18997" lon="-73.82614">
        <ele>626.05</ele>
        <time>2026-05-09T13:41:20Z</time>
      </trkpt>
      <trkpt lat="44.18995" lon="-73.82615">
        <ele>626.61</ele>
        <time>2026-05-09T13:41:24Z</time>
      </trkpt>
      <trkpt lat="44.18993" lon="-73.82616">
        <ele>627.21</ele>
        <time>2026-05-09T13:41:27Z</time>
      </trkpt>
      <trkpt lat="44.18992" lon="-73.82616">
        <ele>627.38</ele>
        <time>2026-05-09T13:41:30Z</time>
      </trkpt>
      <trkpt lat="44.18992" lon="-73.82616">
        <ele>627.38</ele>
        <time>2026-05-09T13:41:31Z</time>
      </trkpt>
      <trkpt lat="44.18988" lon="-73.82618">
        <ele>628.53</ele>
        <time>2026-05-09T13:41:37Z</time>
      </trkpt>
      <trkpt lat="44.18988" lon="-73.82619">
        <ele>628.85</ele>
        <time>2026-05-09T13:41:38Z</time>
      </trkpt>
      <trkpt lat="44.18984" lon="-73.82622">
        <ele>630.26</ele>
        <time>2026-05-09T13:41:45Z</time>
      </trkpt>
      <trkpt lat="44.18984" lon="-73.82623">
        <ele>630.58</ele>
        <time>2026-05-09T13:41:47Z</time>
      </trkpt>
      <trkpt lat="44.18983" lon="-73.82625">
        <ele>631.34</ele>
        <time>2026-05-09T13:41:50Z</time>
      </trkpt>
      <trkpt lat="44.18983" lon="-73.82628">
        <ele>632.31</ele>
        <time>2026-05-09T13:41:54Z</time>
      </trkpt>
      <trkpt lat="44.18982" lon="-73.82632">
        <ele>633.7</ele>
        <time>2026-05-09T13:42:00Z</time>
      </trkpt>
      <trkpt lat="44.18982" lon="-73.82632">
        <ele>633.7</ele>
        <time>2026-05-09T13:42:02Z</time>
      </trkpt>
      <trkpt lat="44.18983" lon="-73.82632">
        <ele>633.56</ele>
        <time>2026-05-09T13:42:08Z</time>
      </trkpt>
      <trkpt lat="44.18982" lon="-73.82633">
        <ele>634.02</ele>
        <time>2026-05-09T13:42:09Z</time>
      </trkpt>
      <trkpt lat="44.18981" lon="-73.82636">
        <ele>635.17</ele>
        <time>2026-05-09T13:42:13Z</time>
      </trkpt>
      <trkpt lat="44.1898" lon="-73.82639">
        <ele>636.36</ele>
        <time>2026-05-09T13:42:17Z</time>
      </trkpt>
      <trkpt lat="44.18978" lon="-73.82639">
        <ele>636.79</ele>
        <time>2026-05-09T13:42:20Z</time>
      </trkpt>
      <trkpt lat="44.18976" lon="-73.8264">
        <ele>637.54</ele>
        <time>2026-05-09T13:42:26Z</time>
      </trkpt>
      <trkpt lat="44.18975" lon="-73.8264">
        <ele>637.76</ele>
        <time>2026-05-09T13:42:33Z</time>
      </trkpt>
      <trkpt lat="44.18979" lon="-73.82641">
        <ele>637.22</ele>
        <time>2026-05-09T13:42:42Z</time>
      </trkpt>
      <trkpt lat="44.18978" lon="-73.8264">
        <ele>637.11</ele>
        <time>2026-05-09T13:42:46Z</time>
      </trkpt>
      <trkpt lat="44.18977" lon="-73.8264">
        <ele>637.33</ele>
        <time>2026-05-09T13:42:48Z</time>
      </trkpt>
      <trkpt lat="44.18974" lon="-73.8264">
        <ele>637.98</ele>
        <time>2026-05-09T13:42:50Z</time>
      </trkpt>
      <trkpt lat="44.18972" lon="-73.82639">
        <ele>638.06</ele>
        <time>2026-05-09T13:42:55Z</time>
      </trkpt>
      <trkpt lat="44.18972" lon="-73.8264">
        <ele>638.38</ele>
        <time>2026-05-09T13:42:57Z</time>
      </trkpt>
      <trkpt lat="44.1897" lon="-73.82639">
        <ele>638.28</ele>
        <time>2026-05-09T13:43:04Z</time>
      </trkpt>
      <trkpt lat="44.18968" lon="-73.8264">
        <ele>638.82</ele>
        <time>2026-05-09T13:43:13Z</time>
      </trkpt>
      <trkpt lat="44.18968" lon="-73.82641">
        <ele>639.14</ele>
        <time>2026-05-09T13:43:14Z</time>
      </trkpt>
      <trkpt lat="44.18968" lon="-73.82645">
        <ele>640.44</ele>
        <time>2026-05-09T13:43:18Z</time>
      </trkpt>
      <trkpt lat="44.18968" lon="-73.82645">
        <ele>640.44</ele>
        <time>2026-05-09T13:43:22Z</time>
      </trkpt>
      <trkpt lat="44.18968" lon="-73.82645">
        <ele>640.44</ele>
        <time>2026-05-09T13:43:23Z</time>
      </trkpt>
      <trkpt lat="44.18967" lon="-73.82647">
        <ele>641.19</ele>
        <time>2026-05-09T13:43:28Z</time>
      </trkpt>
      <trkpt lat="44.18966" lon="-73.82651">
        <ele>642.49</ele>
        <time>2026-05-09T13:43:32Z</time>
      </trkpt>
      <trkpt lat="44.18965" lon="-73.82651">
        <ele>642.64</ele>
        <time>2026-05-09T13:43:37Z</time>
      </trkpt>
      <trkpt lat="44.18966" lon="-73.8265">
        <ele>642.21</ele>
        <time>2026-05-09T13:43:41Z</time>
      </trkpt>
      <trkpt lat="44.18968" lon="-73.82655">
        <ele>643.27</ele>
        <time>2026-05-09T13:43:48Z</time>
      </trkpt>
      <trkpt lat="44.1897" lon="-73.82657">
        <ele>643.38</ele>
        <time>2026-05-09T13:43:53Z</time>
      </trkpt>
      <trkpt lat="44.18971" lon="-73.82658">
        <ele>643.45</ele>
        <time>2026-05-09T13:43:58Z</time>
      </trkpt>
      <trkpt lat="44.18972" lon="-73.82658">
        <ele>643.24</ele>
        <time>2026-05-09T13:44:04Z</time>
      </trkpt>
      <trkpt lat="44.18971" lon="-73.82658">
        <ele>643.45</ele>
        <time>2026-05-09T13:44:07Z</time>
      </trkpt>
      <trkpt lat="44.18972" lon="-73.8266">
        <ele>643.88</ele>
        <time>2026-05-09T13:44:15Z</time>
      </trkpt>
      <trkpt lat="44.18976" lon="-73.82664">
        <ele>644.73</ele>
        <time>2026-05-09T13:44:22Z</time>
      </trkpt>
      <trkpt lat="44.18977" lon="-73.82666">
        <ele>645.27</ele>
        <time>2026-05-09T13:44:23Z</time>
      </trkpt>
      <trkpt lat="44.18977" lon="-73.82669">
        <ele>646.11</ele>
        <time>2026-05-09T13:44:30Z</time>
      </trkpt>
      <trkpt lat="44.18977" lon="-73.82668">
        <ele>645.84</ele>
        <time>2026-05-09T13:44:37Z</time>
      </trkpt>
      <trkpt lat="44.18977" lon="-73.82669">
        <ele>646.11</ele>
        <time>2026-05-09T13:44:40Z</time>
      </trkpt>
      <trkpt lat="44.18977" lon="-73.82672">
        <ele>646.91</ele>
        <time>2026-05-09T13:44:44Z</time>
      </trkpt>
      <trkpt lat="44.18978" lon="-73.82672">
        <ele>646.74</ele>
        <time>2026-05-09T13:44:52Z</time>
      </trkpt>
      <trkpt lat="44.18979" lon="-73.82669">
        <ele>645.84</ele>
        <time>2026-05-09T13:45:03Z</time>
      </trkpt>
      <trkpt lat="44.1898" lon="-73.82669">
        <ele>645.7</ele>
        <time>2026-05-09T13:45:04Z</time>
      </trkpt>
      <trkpt lat="44.18981" lon="-73.82669">
        <ele>645.57</ele>
        <time>2026-05-09T13:45:16Z</time>
      </trkpt>
      <trkpt lat="44.18982" lon="-73.82674">
        <ele>646.47</ele>
        <time>2026-05-09T13:45:24Z</time>
      </trkpt>
      <trkpt lat="44.18981" lon="-73.82676">
        <ele>647.14</ele>
        <time>2026-05-09T13:45:28Z</time>
      </trkpt>
      <trkpt lat="44.1898" lon="-73.82676">
        <ele>647.35</ele>
        <time>2026-05-09T13:45:32Z</time>
      </trkpt>
      <trkpt lat="44.18984" lon="-73.82679">
        <ele>647.69</ele>
        <time>2026-05-09T13:45:40Z</time>
      </trkpt>
      <trkpt lat="44.18989" lon="-73.82683">
        <ele>647.81</ele>
        <time>2026-05-09T13:45:48Z</time>
      </trkpt>
      <trkpt lat="44.18991" lon="-73.82685">
        <ele>647.88</ele>
        <time>2026-05-09T13:45:53Z</time>
      </trkpt>
      <trkpt lat="44.18992" lon="-73.82686">
        <ele>648.07</ele>
        <time>2026-05-09T13:45:56Z</time>
      </trkpt>
      <trkpt lat="44.18993" lon="-73.82688">
        <ele>648.65</ele>
        <time>2026-05-09T13:45:59Z</time>
      </trkpt>
      <trkpt lat="44.18996" lon="-73.82689">
        <ele>648.28</ele>
        <time>2026-05-09T13:46:05Z</time>
      </trkpt>
      <trkpt lat="44.18996" lon="-73.8269">
        <ele>648.65</ele>
        <time>2026-05-09T13:46:09Z</time>
      </trkpt>
      <trkpt lat="44.18995" lon="-73.82692">
        <ele>649.69</ele>
        <time>2026-05-09T13:46:16Z</time>
      </trkpt>
      <trkpt lat="44.18996" lon="-73.82693">
        <ele>649.76</ele>
        <time>2026-05-09T13:46:21Z</time>
      </trkpt>
      <trkpt lat="44.18997" lon="-73.82694">
        <ele>649.81</ele>
        <time>2026-05-09T13:46:24Z</time>
      </trkpt>
      <trkpt lat="44.19001" lon="-73.82698">
        <ele>649.79</ele>
        <time>2026-05-09T13:46:30Z</time>
      </trkpt>
      <trkpt lat="44.19002" lon="-73.82699">
        <ele>649.72</ele>
        <time>2026-05-09T13:46:32Z</time>
      </trkpt>
      <trkpt lat="44.19003" lon="-73.82701">
        <ele>649.92</ele>
        <time>2026-05-09T13:46:42Z</time>
      </trkpt>
      <trkpt lat="44.19004" lon="-73.82704">
        <ele>650.4</ele>
        <time>2026-05-09T13:46:45Z</time>
      </trkpt>
      <trkpt lat="44.19004" lon="-73.82706">
        <ele>651.3</ele>
        <time>2026-05-09T13:46:50Z</time>
      </trkpt>
      <trkpt lat="44.19005" lon="-73.82713">
        <ele>653.78</ele>
        <time>2026-05-09T13:46:57Z</time>
      </trkpt>
      <trkpt lat="44.19006" lon="-73.82716">
        <ele>654.54</ele>
        <time>2026-05-09T13:47:00Z</time>
      </trkpt>
      <trkpt lat="44.19007" lon="-73.82717">
        <ele>654.31</ele>
        <time>2026-05-09T13:47:09Z</time>
      </trkpt>
      <trkpt lat="44.19007" lon="-73.82719">
        <ele>655.23</ele>
        <time>2026-05-09T13:47:16Z</time>
      </trkpt>
      <trkpt lat="44.19008" lon="-73.8272">
        <ele>654.96</ele>
        <time>2026-05-09T13:47:19Z</time>
      </trkpt>
      <trkpt lat="44.19009" lon="-73.82723">
        <ele>655.61</ele>
        <time>2026-05-09T13:47:25Z</time>
      </trkpt>
      <trkpt lat="44.19009" lon="-73.82726">
        <ele>657.21</ele>
        <time>2026-05-09T13:47:30Z</time>
      </trkpt>
      <trkpt lat="44.19011" lon="-73.82725">
        <ele>655.45</ele>
        <time>2026-05-09T13:47:40Z</time>
      </trkpt>
      <trkpt lat="44.19012" lon="-73.82725">
        <ele>654.84</ele>
        <time>2026-05-09T13:47:43Z</time>
      </trkpt>
      <trkpt lat="44.19013" lon="-73.82728">
        <ele>655.6</ele>
        <time>2026-05-09T13:47:47Z</time>
      </trkpt>
      <trkpt lat="44.19014" lon="-73.8273">
        <ele>655.78</ele>
        <time>2026-05-09T13:47:52Z</time>
      </trkpt>
      <trkpt lat="44.19015" lon="-73.82732">
        <ele>655.92</ele>
        <time>2026-05-09T13:47:56Z</time>
      </trkpt>
      <trkpt lat="44.19015" lon="-73.82733">
        <ele>656.42</ele>
        <time>2026-05-09T13:47:57Z</time>
      </trkpt>
      <trkpt lat="44.19015" lon="-73.82734">
        <ele>656.92</ele>
        <time>2026-05-09T13:48:03Z</time>
      </trkpt>
      <trkpt lat="44.19016" lon="-73.82735">
        <ele>656.7</ele>
        <time>2026-05-09T13:48:05Z</time>
      </trkpt>
      <trkpt lat="44.19017" lon="-73.82737">
        <ele>657.03</ele>
        <time>2026-05-09T13:48:14Z</time>
      </trkpt>
      <trkpt lat="44.19018" lon="-73.82738">
        <ele>656.87</ele>
        <time>2026-05-09T13:48:20Z</time>
      </trkpt>
      <trkpt lat="44.19017" lon="-73.8274">
        <ele>658.6</ele>
        <time>2026-05-09T13:48:26Z</time>
      </trkpt>
      <trkpt lat="44.19017" lon="-73.82742">
        <ele>659.51</ele>
        <time>2026-05-09T13:48:30Z</time>
      </trkpt>
      <trkpt lat="44.19018" lon="-73.82745">
        <ele>660.15</ele>
        <time>2026-05-09T13:48:34Z</time>
      </trkpt>
      <trkpt lat="44.19018" lon="-73.82748">
        <ele>661.43</ele>
        <time>2026-05-09T13:48:36Z</time>
      </trkpt>
      <trkpt lat="44.19018" lon="-73.82751">
        <ele>662.6</ele>
        <time>2026-05-09T13:48:39Z</time>
      </trkpt>
      <trkpt lat="44.19017" lon="-73.82751">
        <ele>663.14</ele>
        <time>2026-05-09T13:48:41Z</time>
      </trkpt>
      <trkpt lat="44.19017" lon="-73.82754">
        <ele>664.12</ele>
        <time>2026-05-09T13:48:49Z</time>
      </trkpt>
      <trkpt lat="44.19016" lon="-73.82754">
        <ele>664.66</ele>
        <time>2026-05-09T13:48:52Z</time>
      </trkpt>
      <trkpt lat="44.19016" lon="-73.82754">
        <ele>664.66</ele>
        <time>2026-05-09T13:48:53Z</time>
      </trkpt>
      <trkpt lat="44.19016" lon="-73.82756">
        <ele>665.3</ele>
        <time>2026-05-09T13:48:59Z</time>
      </trkpt>
      <trkpt lat="44.19017" lon="-73.82757">
        <ele>665.09</ele>
        <time>2026-05-09T13:49:02Z</time>
      </trkpt>
      <trkpt lat="44.19017" lon="-73.82758">
        <ele>665.41</ele>
        <time>2026-05-09T13:49:09Z</time>
      </trkpt>
      <trkpt lat="44.19017" lon="-73.82758">
        <ele>665.41</ele>
        <time>2026-05-09T13:49:10Z</time>
      </trkpt>
      <trkpt lat="44.19018" lon="-73.82759">
        <ele>665.2</ele>
        <time>2026-05-09T13:49:11Z</time>
      </trkpt>
      <trkpt lat="44.19018" lon="-73.82761">
        <ele>666.02</ele>
        <time>2026-05-09T13:49:16Z</time>
      </trkpt>
      <trkpt lat="44.19018" lon="-73.82763">
        <ele>666.87</ele>
        <time>2026-05-09T13:49:20Z</time>
      </trkpt>
      <trkpt lat="44.19018" lon="-73.82764">
        <ele>667.3</ele>
        <time>2026-05-09T13:49:22Z</time>
      </trkpt>
      <trkpt lat="44.19018" lon="-73.82763">
        <ele>666.87</ele>
        <time>2026-05-09T13:49:30Z</time>
      </trkpt>
      <trkpt lat="44.19018" lon="-73.82763">
        <ele>666.87</ele>
        <time>2026-05-09T13:49:36Z</time>
      </trkpt>
      <trkpt lat="44.19018" lon="-73.82763">
        <ele>666.87</ele>
        <time>2026-05-09T13:49:39Z</time>
      </trkpt>
      <trkpt lat="44.19016" lon="-73.82765">
        <ele>668.67</ele>
        <time>2026-05-09T13:49:48Z</time>
      </trkpt>
      <trkpt lat="44.19015" lon="-73.82761">
        <ele>667.58</ele>
        <time>2026-05-09T13:49:56Z</time>
      </trkpt>
      <trkpt lat="44.19015" lon="-73.82761">
        <ele>667.58</ele>
        <time>2026-05-09T13:49:57Z</time>
      </trkpt>
      <trkpt lat="44.19015" lon="-73.82761">
        <ele>667.58</ele>
        <time>2026-05-09T13:50:01Z</time>
      </trkpt>
      <trkpt lat="44.19013" lon="-73.82762">
        <ele>668.99</ele>
        <time>2026-05-09T13:50:06Z</time>
      </trkpt>
      <trkpt lat="44.19013" lon="-73.82763">
        <ele>669.36</ele>
        <time>2026-05-09T13:50:08Z</time>
      </trkpt>
      <trkpt lat="44.19013" lon="-73.82765">
        <ele>670.09</ele>
        <time>2026-05-09T13:50:14Z</time>
      </trkpt>
      <trkpt lat="44.19012" lon="-73.82768">
        <ele>671.63</ele>
        <time>2026-05-09T13:50:17Z</time>
      </trkpt>
      <trkpt lat="44.19013" lon="-73.82774">
        <ele>673.16</ele>
        <time>2026-05-09T13:50:22Z</time>
      </trkpt>
      <trkpt lat="44.19013" lon="-73.82774">
        <ele>673.16</ele>
        <time>2026-05-09T13:50:23Z</time>
      </trkpt>
      <trkpt lat="44.19015" lon="-73.82774">
        <ele>672.3</ele>
        <time>2026-05-09T13:50:29Z</time>
      </trkpt>
      <trkpt lat="44.19016" lon="-73.82775">
        <ele>672.19</ele>
        <time>2026-05-09T13:50:32Z</time>
      </trkpt>
      <trkpt lat="44.19019" lon="-73.82781">
        <ele>672.78</ele>
        <time>2026-05-09T13:50:42Z</time>
      </trkpt>
      <trkpt lat="44.19018" lon="-73.82783">
        <ele>673.92</ele>
        <time>2026-05-09T13:50:47Z</time>
      </trkpt>
      <trkpt lat="44.19018" lon="-73.82784">
        <ele>674.24</ele>
        <time>2026-05-09T13:50:48Z</time>
      </trkpt>
      <trkpt lat="44.19017" lon="-73.82788">
        <ele>675.88</ele>
        <time>2026-05-09T13:50:54Z</time>
      </trkpt>
      <trkpt lat="44.19018" lon="-73.82791">
        <ele>676.1</ele>
        <time>2026-05-09T13:50:59Z</time>
      </trkpt>
      <trkpt lat="44.19017" lon="-73.82793">
        <ele>677.05</ele>
        <time>2026-05-09T13:51:05Z</time>
      </trkpt>
      <trkpt lat="44.19017" lon="-73.82793">
        <ele>677.05</ele>
        <time>2026-05-09T13:51:09Z</time>
      </trkpt>
      <trkpt lat="44.19016" lon="-73.82793">
        <ele>677.55</ele>
        <time>2026-05-09T13:51:12Z</time>
      </trkpt>
      <trkpt lat="44.19016" lon="-73.82792">
        <ele>677.31</ele>
        <time>2026-05-09T13:51:14Z</time>
      </trkpt>
      <trkpt lat="44.19015" lon="-73.82793">
        <ele>678.05</ele>
        <time>2026-05-09T13:51:20Z</time>
      </trkpt>
      <trkpt lat="44.19015" lon="-73.82794">
        <ele>678.31</ele>
        <time>2026-05-09T13:51:21Z</time>
      </trkpt>
      <trkpt lat="44.19015" lon="-73.82796">
        <ele>678.82</ele>
        <time>2026-05-09T13:51:25Z</time>
      </trkpt>
      <trkpt lat="44.19014" lon="-73.82797">
        <ele>679.67</ele>
        <time>2026-05-09T13:51:30Z</time>
      </trkpt>
      <trkpt lat="44.19013" lon="-73.82798">
        <ele>680.53</ele>
        <time>2026-05-09T13:51:31Z</time>
      </trkpt>
      <trkpt lat="44.19012" lon="-73.82801">
        <ele>682.04</ele>
        <time>2026-05-09T13:51:36Z</time>
      </trkpt>
      <trkpt lat="44.19012" lon="-73.82801">
        <ele>682.04</ele>
        <time>2026-05-09T13:51:38Z</time>
      </trkpt>
      <trkpt lat="44.19013" lon="-73.82799">
        <ele>680.86</ele>
        <time>2026-05-09T13:51:45Z</time>
      </trkpt>
      <trkpt lat="44.19013" lon="-73.828">
        <ele>681.18</ele>
        <time>2026-05-09T13:51:48Z</time>
      </trkpt>
      <trkpt lat="44.1901" lon="-73.828">
        <ele>682.8</ele>
        <time>2026-05-09T13:51:55Z</time>
      </trkpt>
      <trkpt lat="44.1901" lon="-73.828">
        <ele>682.8</ele>
        <time>2026-05-09T13:51:56Z</time>
      </trkpt>
      <trkpt lat="44.19009" lon="-73.828">
        <ele>683.34</ele>
        <time>2026-05-09T13:51:57Z</time>
      </trkpt>
      <trkpt lat="44.19005" lon="-73.82799">
        <ele>685.18</ele>
        <time>2026-05-09T13:52:04Z</time>
      </trkpt>
      <trkpt lat="44.19005" lon="-73.82799">
        <ele>685.18</ele>
        <time>2026-05-09T13:52:07Z</time>
      </trkpt>
      <trkpt lat="44.19004" lon="-73.82798">
        <ele>685.39</ele>
        <time>2026-05-09T13:52:10Z</time>
      </trkpt>
      <trkpt lat="44.19001" lon="-73.82796">
        <ele>686.36</ele>
        <time>2026-05-09T13:52:15Z</time>
      </trkpt>
      <trkpt lat="44.19" lon="-73.82795">
        <ele>686.58</ele>
        <time>2026-05-09T13:52:19Z</time>
      </trkpt>
      <trkpt lat="44.19" lon="-73.82794">
        <ele>686.26</ele>
        <time>2026-05-09T13:52:24Z</time>
      </trkpt>
      <trkpt lat="44.18997" lon="-73.82793">
        <ele>687.34</ele>
        <time>2026-05-09T13:52:30Z</time>
      </trkpt>
      <trkpt lat="44.18996" lon="-73.82794">
        <ele>688.09</ele>
        <time>2026-05-09T13:52:33Z</time>
      </trkpt>
      <trkpt lat="44.18995" lon="-73.82794">
        <ele>688.55</ele>
        <time>2026-05-09T13:52:36Z</time>
      </trkpt>
      <trkpt lat="44.18993" lon="-73.82793">
        <ele>689.23</ele>
        <time>2026-05-09T13:52:42Z</time>
      </trkpt>
      <trkpt lat="44.18992" lon="-73.82793">
        <ele>689.7</ele>
        <time>2026-05-09T13:52:43Z</time>
      </trkpt>
      <trkpt lat="44.1899" lon="-73.82792">
        <ele>690.39</ele>
        <time>2026-05-09T13:52:48Z</time>
      </trkpt>
      <trkpt lat="44.1899" lon="-73.82792">
        <ele>690.39</ele>
        <time>2026-05-09T13:52:50Z</time>
      </trkpt>
      <trkpt lat="44.18989" lon="-73.82793">
        <ele>691.04</ele>
        <time>2026-05-09T13:52:54Z</time>
      </trkpt>
      <trkpt lat="44.18988" lon="-73.82794">
        <ele>691.69</ele>
        <time>2026-05-09T13:53:01Z</time>
      </trkpt>
      <trkpt lat="44.18987" lon="-73.82794">
        <ele>692.12</ele>
        <time>2026-05-09T13:53:03Z</time>
      </trkpt>
      <trkpt lat="44.18988" lon="-73.82795">
        <ele>691.9</ele>
        <time>2026-05-09T13:53:08Z</time>
      </trkpt>
      <trkpt lat="44.18988" lon="-73.82794">
        <ele>691.69</ele>
        <time>2026-05-09T13:53:11Z</time>
      </trkpt>
      <trkpt lat="44.18986" lon="-73.82794">
        <ele>692.55</ele>
        <time>2026-05-09T13:53:19Z</time>
      </trkpt>
      <trkpt lat="44.18986" lon="-73.82794">
        <ele>692.55</ele>
        <time>2026-05-09T13:53:20Z</time>
      </trkpt>
      <trkpt lat="44.18986" lon="-73.82793">
        <ele>692.34</ele>
        <time>2026-05-09T13:53:21Z</time>
      </trkpt>
      <trkpt lat="44.18982" lon="-73.82789">
        <ele>693.2</ele>
        <time>2026-05-09T13:53:29Z</time>
      </trkpt>
      <trkpt lat="44.18981" lon="-73.82787">
        <ele>693.25</ele>
        <time>2026-05-09T13:53:37Z</time>
      </trkpt>
      <trkpt lat="44.1898" lon="-73.82784">
        <ele>693.09</ele>
        <time>2026-05-09T13:53:39Z</time>
      </trkpt>
      <trkpt lat="44.18979" lon="-73.82781">
        <ele>692.86</ele>
        <time>2026-05-09T13:53:42Z</time>
      </trkpt>
      <trkpt lat="44.18977" lon="-73.82779">
        <ele>693.26</ele>
        <time>2026-05-09T13:53:46Z</time>
      </trkpt>
      <trkpt lat="44.18976" lon="-73.82778">
        <ele>693.43</ele>
        <time>2026-05-09T13:53:47Z</time>
      </trkpt>
      <trkpt lat="44.18973" lon="-73.82772">
        <ele>692.79</ele>
        <time>2026-05-09T13:53:56Z</time>
      </trkpt>
      <trkpt lat="44.18973" lon="-73.82771">
        <ele>692.47</ele>
        <time>2026-05-09T13:53:58Z</time>
      </trkpt>
      <trkpt lat="44.18966" lon="-73.82766">
        <ele>694.36</ele>
        <time>2026-05-09T13:54:06Z</time>
      </trkpt>
      <trkpt lat="44.18959" lon="-73.82763">
        <ele>695.9</ele>
        <time>2026-05-09T13:54:16Z</time>
      </trkpt>
      <trkpt lat="44.18956" lon="-73.82763">
        <ele>696.87</ele>
        <time>2026-05-09T13:54:21Z</time>
      </trkpt>
      <trkpt lat="44.18954" lon="-73.82762">
        <ele>697.09</ele>
        <time>2026-05-09T13:54:25Z</time>
      </trkpt>
      <trkpt lat="44.18947" lon="-73.82762">
        <ele>697.91</ele>
        <time>2026-05-09T13:54:35Z</time>
      </trkpt>
      <trkpt lat="44.18938" lon="-73.82758">
        <ele>696.59</ele>
        <time>2026-05-09T13:54:48Z</time>
      </trkpt>
      <trkpt lat="44.18932" lon="-73.8276">
        <ele>696.87</ele>
        <time>2026-05-09T13:54:56Z</time>
      </trkpt>
      <trkpt lat="44.18931" lon="-73.82763">
        <ele>697.58</ele>
        <time>2026-05-09T13:55:03Z</time>
      </trkpt>
      <trkpt lat="44.18931" lon="-73.82764">
        <ele>697.85</ele>
        <time>2026-05-09T13:55:06Z</time>
      </trkpt>
      <trkpt lat="44.18932" lon="-73.82767">
        <ele>698.88</ele>
        <time>2026-05-09T13:55:10Z</time>
      </trkpt>
      <trkpt lat="44.18934" lon="-73.82769">
        <ele>699.85</ele>
        <time>2026-05-09T13:55:13Z</time>
      </trkpt>
      <trkpt lat="44.18934" lon="-73.8277">
        <ele>700.06</ele>
        <time>2026-05-09T13:55:16Z</time>
      </trkpt>
      <trkpt lat="44.18934" lon="-73.82771">
        <ele>700.28</ele>
        <time>2026-05-09T13:55:21Z</time>
      </trkpt>
      <trkpt lat="44.18934" lon="-73.82771">
        <ele>700.28</ele>
        <time>2026-05-09T13:55:23Z</time>
      </trkpt>
      <trkpt lat="44.18934" lon="-73.82774">
        <ele>700.93</ele>
        <time>2026-05-09T13:55:25Z</time>
      </trkpt>
      <trkpt lat="44.18932" lon="-73.82776">
        <ele>700.93</ele>
        <time>2026-05-09T13:55:28Z</time>
      </trkpt>
      <trkpt lat="44.18929" lon="-73.82778">
        <ele>700.71</ele>
        <time>2026-05-09T13:55:34Z</time>
      </trkpt>
      <trkpt lat="44.1893" lon="-73.82777">
        <ele>700.71</ele>
        <time>2026-05-09T13:55:38Z</time>
      </trkpt>
      <trkpt lat="44.1893" lon="-73.82774">
        <ele>700.06</ele>
        <time>2026-05-09T13:55:46Z</time>
      </trkpt>
      <trkpt lat="44.1893" lon="-73.82773">
        <ele>699.85</ele>
        <time>2026-05-09T13:55:49Z</time>
      </trkpt>
      <trkpt lat="44.18929" lon="-73.82772">
        <ele>699.42</ele>
        <time>2026-05-09T13:55:52Z</time>
      </trkpt>
      <trkpt lat="44.18928" lon="-73.82772">
        <ele>699.2</ele>
        <time>2026-05-09T13:55:59Z</time>
      </trkpt>
      <trkpt lat="44.18927" lon="-73.8277">
        <ele>698.55</ele>
        <time>2026-05-09T13:56:05Z</time>
      </trkpt>
      <trkpt lat="44.18927" lon="-73.82771">
        <ele>698.77</ele>
        <time>2026-05-09T13:56:07Z</time>
      </trkpt>
      <trkpt lat="44.18928" lon="-73.82772">
        <ele>699.2</ele>
        <time>2026-05-09T13:56:09Z</time>
      </trkpt>
      <trkpt lat="44.18928" lon="-73.82772">
        <ele>699.2</ele>
        <time>2026-05-09T13:56:14Z</time>
      </trkpt>
      <trkpt lat="44.18929" lon="-73.82771">
        <ele>699.2</ele>
        <time>2026-05-09T13:56:16Z</time>
      </trkpt>
      <trkpt lat="44.18931" lon="-73.82768">
        <ele>698.95</ele>
        <time>2026-05-09T13:56:28Z</time>
      </trkpt>
      <trkpt lat="44.18931" lon="-73.82769">
        <ele>699.2</ele>
        <time>2026-05-09T13:56:30Z</time>
      </trkpt>
      <trkpt lat="44.18931" lon="-73.82769">
        <ele>699.2</ele>
        <time>2026-05-09T13:56:33Z</time>
      </trkpt>
      <trkpt lat="44.18931" lon="-73.82769">
        <ele>699.2</ele>
        <time>2026-05-09T13:56:39Z</time>
      </trkpt>
      <trkpt lat="44.18929" lon="-73.82771">
        <ele>699.2</ele>
        <time>2026-05-09T13:56:42Z</time>
      </trkpt>
      <trkpt lat="44.18928" lon="-73.82773">
        <ele>699.42</ele>
        <time>2026-05-09T13:56:45Z</time>
      </trkpt>
      <trkpt lat="44.18923" lon="-73.82779">
        <ele>699.32</ele>
        <time>2026-05-09T13:56:54Z</time>
      </trkpt>
      <trkpt lat="44.18922" lon="-73.82785">
        <ele>700.29</ele>
        <time>2026-05-09T13:57:01Z</time>
      </trkpt>
      <trkpt lat="44.18921" lon="-73.82786">
        <ele>700.18</ele>
        <time>2026-05-09T13:57:02Z</time>
      </trkpt>
      <trkpt lat="44.18921" lon="-73.82789">
        <ele>700.72</ele>
        <time>2026-05-09T13:57:04Z</time>
      </trkpt>
      <trkpt lat="44.18923" lon="-73.82795">
        <ele>702.5</ele>
        <time>2026-05-09T13:57:09Z</time>
      </trkpt>
      <trkpt lat="44.18923" lon="-73.82796">
        <ele>702.68</ele>
        <time>2026-05-09T13:57:10Z</time>
      </trkpt>
      <trkpt lat="44.18925" lon="-73.82798">
        <ele>703.78</ele>
        <time>2026-05-09T13:57:13Z</time>
      </trkpt>
      <trkpt lat="44.18925" lon="-73.82798">
        <ele>703.78</ele>
        <time>2026-05-09T13:57:16Z</time>
      </trkpt>
      <trkpt lat="44.18925" lon="-73.82798">
        <ele>703.78</ele>
        <time>2026-05-09T13:57:17Z</time>
      </trkpt>
      <trkpt lat="44.18925" lon="-73.828">
        <ele>704.0</ele>
        <time>2026-05-09T13:57:19Z</time>
      </trkpt>
      <trkpt lat="44.18925" lon="-73.82801">
        <ele>704.11</ele>
        <time>2026-05-09T13:57:20Z</time>
      </trkpt>
      <trkpt lat="44.18926" lon="-73.82803">
        <ele>704.75</ele>
        <time>2026-05-09T13:57:22Z</time>
      </trkpt>
      <trkpt lat="44.18926" lon="-73.82804">
        <ele>704.85</ele>
        <time>2026-05-09T13:57:23Z</time>
      </trkpt>
      <trkpt lat="44.18927" lon="-73.82806">
        <ele>705.44</ele>
        <time>2026-05-09T13:57:25Z</time>
      </trkpt>
      <trkpt lat="44.18928" lon="-73.82805">
        <ele>705.6</ele>
        <time>2026-05-09T13:57:29Z</time>
      </trkpt>
      <trkpt lat="44.18927" lon="-73.82806">
        <ele>705.44</ele>
        <time>2026-05-09T13:57:39Z</time>
      </trkpt>
      <trkpt lat="44.18927" lon="-73.82808">
        <ele>705.88</ele>
        <time>2026-05-09T13:57:40Z</time>
      </trkpt>
      <trkpt lat="44.18927" lon="-73.8281">
        <ele>706.31</ele>
        <time>2026-05-09T13:57:42Z</time>
      </trkpt>
      <trkpt lat="44.18929" lon="-73.82813">
        <ele>707.6</ele>
        <time>2026-05-09T13:57:46Z</time>
      </trkpt>
      <trkpt lat="44.18929" lon="-73.82814">
        <ele>707.82</ele>
        <time>2026-05-09T13:57:47Z</time>
      </trkpt>
      <trkpt lat="44.18935" lon="-73.82823">
        <ele>710.82</ele>
        <time>2026-05-09T13:57:56Z</time>
      </trkpt>
      <trkpt lat="44.18935" lon="-73.82825">
        <ele>711.14</ele>
        <time>2026-05-09T13:57:57Z</time>
      </trkpt>
      <trkpt lat="44.18935" lon="-73.82826">
        <ele>711.35</ele>
        <time>2026-05-09T13:57:58Z</time>
      </trkpt>
      <trkpt lat="44.18937" lon="-73.82831">
        <ele>712.69</ele>
        <time>2026-05-09T13:58:02Z</time>
      </trkpt>
      <trkpt lat="44.18938" lon="-73.82835">
        <ele>713.54</ele>
        <time>2026-05-09T13:58:06Z</time>
      </trkpt>
      <trkpt lat="44.18937" lon="-73.82838">
        <ele>713.8</ele>
        <time>2026-05-09T13:58:11Z</time>
      </trkpt>
      <trkpt lat="44.18937" lon="-73.82838">
        <ele>713.8</ele>
        <time>2026-05-09T13:58:12Z</time>
      </trkpt>
      <trkpt lat="44.18936" lon="-73.82839">
        <ele>713.75</ele>
        <time>2026-05-09T13:58:14Z</time>
      </trkpt>
      <trkpt lat="44.18932" lon="-73.82844">
        <ele>712.78</ele>
        <time>2026-05-09T13:58:21Z</time>
      </trkpt>
      <trkpt lat="44.18931" lon="-73.82853">
        <ele>713.44</ele>
        <time>2026-05-09T13:58:28Z</time>
      </trkpt>
      <trkpt lat="44.18932" lon="-73.82858">
        <ele>714.95</ele>
        <time>2026-05-09T13:58:33Z</time>
      </trkpt>
      <trkpt lat="44.18934" lon="-73.82862">
        <ele>716.67</ele>
        <time>2026-05-09T13:58:37Z</time>
      </trkpt>
      <trkpt lat="44.18935" lon="-73.82863">
        <ele>717.32</ele>
        <time>2026-05-09T13:58:39Z</time>
      </trkpt>
      <trkpt lat="44.18937" lon="-73.82864">
        <ele>718.15</ele>
        <time>2026-05-09T13:58:44Z</time>
      </trkpt>
      <trkpt lat="44.18937" lon="-73.82865">
        <ele>718.35</ele>
        <time>2026-05-09T13:58:46Z</time>
      </trkpt>
      <trkpt lat="44.18938" lon="-73.82867">
        <ele>718.99</ele>
        <time>2026-05-09T13:58:52Z</time>
      </trkpt>
      <trkpt lat="44.18938" lon="-73.82868">
        <ele>719.17</ele>
        <time>2026-05-09T13:58:57Z</time>
      </trkpt>
      <trkpt lat="44.18938" lon="-73.82872">
        <ele>719.84</ele>
        <time>2026-05-09T13:59:02Z</time>
      </trkpt>
      <trkpt lat="44.18938" lon="-73.82873">
        <ele>719.98</ele>
        <time>2026-05-09T13:59:04Z</time>
      </trkpt>
      <trkpt lat="44.18939" lon="-73.82876">
        <ele>720.68</ele>
        <time>2026-05-09T13:59:09Z</time>
      </trkpt>
      <trkpt lat="44.18939" lon="-73.82877">
        <ele>720.83</ele>
        <time>2026-05-09T13:59:10Z</time>
      </trkpt>
      <trkpt lat="44.1894" lon="-73.82877">
        <ele>721.13</ele>
        <time>2026-05-09T13:59:12Z</time>
      </trkpt>
      <trkpt lat="44.18941" lon="-73.8288">
        <ele>721.92</ele>
        <time>2026-05-09T13:59:18Z</time>
      </trkpt>
      <trkpt lat="44.18942" lon="-73.82882">
        <ele>722.46</ele>
        <time>2026-05-09T13:59:21Z</time>
      </trkpt>
      <trkpt lat="44.18944" lon="-73.82887">
        <ele>723.65</ele>
        <time>2026-05-09T13:59:26Z</time>
      </trkpt>
      <trkpt lat="44.18945" lon="-73.82891">
        <ele>724.29</ele>
        <time>2026-05-09T13:59:31Z</time>
      </trkpt>
      <trkpt lat="44.18946" lon="-73.82892">
        <ele>724.5</ele>
        <time>2026-05-09T13:59:33Z</time>
      </trkpt>
      <trkpt lat="44.18946" lon="-73.82895">
        <ele>724.83</ele>
        <time>2026-05-09T13:59:39Z</time>
      </trkpt>
      <trkpt lat="44.18946" lon="-73.82897">
        <ele>725.04</ele>
        <time>2026-05-09T13:59:41Z</time>
      </trkpt>
      <trkpt lat="44.18946" lon="-73.829">
        <ele>725.4</ele>
        <time>2026-05-09T13:59:45Z</time>
      </trkpt>
      <trkpt lat="44.18947" lon="-73.82903">
        <ele>725.94</ele>
        <time>2026-05-09T13:59:50Z</time>
      </trkpt>
      <trkpt lat="44.18947" lon="-73.82905">
        <ele>726.22</ele>
        <time>2026-05-09T13:59:54Z</time>
      </trkpt>
      <trkpt lat="44.18947" lon="-73.82907">
        <ele>726.5</ele>
        <time>2026-05-09T13:59:57Z</time>
      </trkpt>
      <trkpt lat="44.18946" lon="-73.82912">
        <ele>726.92</ele>
        <time>2026-05-09T14:00:02Z</time>
      </trkpt>
      <trkpt lat="44.18946" lon="-73.82913">
        <ele>727.04</ele>
        <time>2026-05-09T14:00:04Z</time>
      </trkpt>
      <trkpt lat="44.18946" lon="-73.82915">
        <ele>727.29</ele>
        <time>2026-05-09T14:00:09Z</time>
      </trkpt>
      <trkpt lat="44.18946" lon="-73.82919">
        <ele>728.01</ele>
        <time>2026-05-09T14:00:14Z</time>
      </trkpt>
      <trkpt lat="44.18946" lon="-73.82919">
        <ele>728.01</ele>
        <time>2026-05-09T14:00:15Z</time>
      </trkpt>
      <trkpt lat="44.18945" lon="-73.8292">
        <ele>727.9</ele>
        <time>2026-05-09T14:00:18Z</time>
      </trkpt>
      <trkpt lat="44.18942" lon="-73.82923">
        <ele>727.13</ele>
        <time>2026-05-09T14:00:24Z</time>
      </trkpt>
      <trkpt lat="44.18941" lon="-73.82925">
        <ele>726.98</ele>
        <time>2026-05-09T14:00:26Z</time>
      </trkpt>
      <trkpt lat="44.18939" lon="-73.82929">
        <ele>726.86</ele>
        <time>2026-05-09T14:00:33Z</time>
      </trkpt>
      <trkpt lat="44.18939" lon="-73.82929">
        <ele>726.86</ele>
        <time>2026-05-09T14:00:35Z</time>
      </trkpt>
      <trkpt lat="44.1894" lon="-73.82931">
        <ele>727.98</ele>
        <time>2026-05-09T14:00:39Z</time>
      </trkpt>
      <trkpt lat="44.18939" lon="-73.82932">
        <ele>727.64</ele>
        <time>2026-05-09T14:00:52Z</time>
      </trkpt>
      <trkpt lat="44.18937" lon="-73.82933">
        <ele>726.66</ele>
        <time>2026-05-09T14:01:01Z</time>
      </trkpt>
      <trkpt lat="44.18937" lon="-73.82934">
        <ele>726.89</ele>
        <time>2026-05-09T14:01:02Z</time>
      </trkpt>
      <trkpt lat="44.18937" lon="-73.82936">
        <ele>727.41</ele>
        <time>2026-05-09T14:01:05Z</time>
      </trkpt>
      <trkpt lat="44.18936" lon="-73.82938">
        <ele>727.39</ele>
        <time>2026-05-09T14:01:07Z</time>
      </trkpt>
      <trkpt lat="44.18935" lon="-73.82942">
        <ele>728.04</ele>
        <time>2026-05-09T14:01:10Z</time>
      </trkpt>
      <trkpt lat="44.18935" lon="-73.82945">
        <ele>728.88</ele>
        <time>2026-05-09T14:01:13Z</time>
      </trkpt>
      <trkpt lat="44.18934" lon="-73.8295">
        <ele>728.52</ele>
        <time>2026-05-09T14:01:18Z</time>
      </trkpt>
      <trkpt lat="44.18934" lon="-73.82951">
        <ele>728.65</ele>
        <time>2026-05-09T14:01:19Z</time>
      </trkpt>
      <trkpt lat="44.18933" lon="-73.82956">
        <ele>728.36</ele>
        <time>2026-05-09T14:01:24Z</time>
      </trkpt>
      <trkpt lat="44.18933" lon="-73.82961">
        <ele>728.9</ele>
        <time>2026-05-09T14:01:28Z</time>
      </trkpt>
      <trkpt lat="44.18932" lon="-73.82964">
        <ele>728.4</ele>
        <time>2026-05-09T14:01:31Z</time>
      </trkpt>
      <trkpt lat="44.18931" lon="-73.82969">
        <ele>728.33</ele>
        <time>2026-05-09T14:01:35Z</time>
      </trkpt>
      <trkpt lat="44.18932" lon="-73.82975">
        <ele>730.0</ele>
        <time>2026-05-09T14:01:39Z</time>
      </trkpt>
      <trkpt lat="44.18932" lon="-73.82976">
        <ele>730.14</ele>
        <time>2026-05-09T14:01:40Z</time>
      </trkpt>
      <trkpt lat="44.18934" lon="-73.82981">
        <ele>732.17</ele>
        <time>2026-05-09T14:01:46Z</time>
      </trkpt>
      <trkpt lat="44.18934" lon="-73.82982">
        <ele>732.29</ele>
        <time>2026-05-09T14:01:48Z</time>
      </trkpt>
      <trkpt lat="44.18935" lon="-73.82984">
        <ele>733.15</ele>
        <time>2026-05-09T14:01:51Z</time>
      </trkpt>
      <trkpt lat="44.18935" lon="-73.82984">
        <ele>733.15</ele>
        <time>2026-05-09T14:01:52Z</time>
      </trkpt>
      <trkpt lat="44.18936" lon="-73.82985">
        <ele>733.91</ele>
        <time>2026-05-09T14:01:54Z</time>
      </trkpt>
      <trkpt lat="44.18938" lon="-73.82988">
        <ele>735.53</ele>
        <time>2026-05-09T14:01:59Z</time>
      </trkpt>
      <trkpt lat="44.18941" lon="-73.82986">
        <ele>737.26</ele>
        <time>2026-05-09T14:02:04Z</time>
      </trkpt>
      <trkpt lat="44.18944" lon="-73.82983">
        <ele>738.88</ele>
        <time>2026-05-09T14:02:08Z</time>
      </trkpt>
      <trkpt lat="44.18946" lon="-73.82983">
        <ele>739.7</ele>
        <time>2026-05-09T14:02:14Z</time>
      </trkpt>
      <trkpt lat="44.1895" lon="-73.82979">
        <ele>740.26</ele>
        <time>2026-05-09T14:02:22Z</time>
      </trkpt>
      <trkpt lat="44.18948" lon="-73.8298">
        <ele>739.83</ele>
        <time>2026-05-09T14:02:27Z</time>
      </trkpt>
      <trkpt lat="44.18948" lon="-73.82981">
        <ele>740.05</ele>
        <time>2026-05-09T14:02:29Z</time>
      </trkpt>
      <trkpt lat="44.18949" lon="-73.82983">
        <ele>740.72</ele>
        <time>2026-05-09T14:02:38Z</time>
      </trkpt>
      <trkpt lat="44.18949" lon="-73.82982">
        <ele>740.56</ele>
        <time>2026-05-09T14:02:46Z</time>
      </trkpt>
      <trkpt lat="44.18949" lon="-73.82982">
        <ele>740.56</ele>
        <time>2026-05-09T14:02:47Z</time>
      </trkpt>
      <trkpt lat="44.18949" lon="-73.82982">
        <ele>740.56</ele>
        <time>2026-05-09T14:02:48Z</time>
      </trkpt>
      <trkpt lat="44.18949" lon="-73.82983">
        <ele>740.72</ele>
        <time>2026-05-09T14:02:50Z</time>
      </trkpt>
      <trkpt lat="44.18949" lon="-73.82983">
        <ele>740.72</ele>
        <time>2026-05-09T14:02:52Z</time>
      </trkpt>
      <trkpt lat="44.18951" lon="-73.82982">
        <ele>741.22</ele>
        <time>2026-05-09T14:02:58Z</time>
      </trkpt>
      <trkpt lat="44.18952" lon="-73.82982">
        <ele>741.55</ele>
        <time>2026-05-09T14:02:59Z</time>
      </trkpt>
      <trkpt lat="44.18952" lon="-73.82982">
        <ele>741.55</ele>
        <time>2026-05-09T14:03:00Z</time>
      </trkpt>
      <trkpt lat="44.18954" lon="-73.82981">
        <ele>741.93</ele>
        <time>2026-05-09T14:03:04Z</time>
      </trkpt>
      <trkpt lat="44.18955" lon="-73.8298">
        <ele>741.82</ele>
        <time>2026-05-09T14:03:05Z</time>
      </trkpt>
      <trkpt lat="44.1896" lon="-73.82979">
        <ele>742.14</ele>
        <time>2026-05-09T14:03:15Z</time>
      </trkpt>
      <trkpt lat="44.18964" lon="-73.8298">
        <ele>742.57</ele>
        <time>2026-05-09T14:03:23Z</time>
      </trkpt>
      <trkpt lat="44.18968" lon="-73.8298">
        <ele>742.14</ele>
        <time>2026-05-09T14:03:30Z</time>
      </trkpt>
      <trkpt lat="44.18974" lon="-73.82981">
        <ele>741.51</ele>
        <time>2026-05-09T14:03:38Z</time>
      </trkpt>
      <trkpt lat="44.18975" lon="-73.82984">
        <ele>741.86</ele>
        <time>2026-05-09T14:03:43Z</time>
      </trkpt>
      <trkpt lat="44.18975" lon="-73.82984">
        <ele>741.86</ele>
        <time>2026-05-09T14:03:47Z</time>
      </trkpt>
      <trkpt lat="44.18975" lon="-73.82984">
        <ele>741.86</ele>
        <time>2026-05-09T14:03:50Z</time>
      </trkpt>
      <trkpt lat="44.18976" lon="-73.82986">
        <ele>741.96</ele>
        <time>2026-05-09T14:03:54Z</time>
      </trkpt>
      <trkpt lat="44.18977" lon="-73.82988">
        <ele>742.01</ele>
        <time>2026-05-09T14:03:59Z</time>
      </trkpt>
      <trkpt lat="44.18977" lon="-73.82987">
        <ele>741.85</ele>
        <time>2026-05-09T14:04:08Z</time>
      </trkpt>
      <trkpt lat="44.18977" lon="-73.82989">
        <ele>742.17</ele>
        <time>2026-05-09T14:04:11Z</time>
      </trkpt>
      <trkpt lat="44.18977" lon="-73.82988">
        <ele>742.01</ele>
        <time>2026-05-09T14:04:14Z</time>
      </trkpt>
      <trkpt lat="44.18973" lon="-73.82987">
        <ele>742.97</ele>
        <time>2026-05-09T14:04:21Z</time>
      </trkpt>
      <trkpt lat="44.18971" lon="-73.82985">
        <ele>742.89</ele>
        <time>2026-05-09T14:04:31Z</time>
      </trkpt>
      <trkpt lat="44.1897" lon="-73.82985">
        <ele>743.0</ele>
        <time>2026-05-09T14:04:34Z</time>
      </trkpt>
      <trkpt lat="44.1897" lon="-73.82986">
        <ele>743.22</ele>
        <time>2026-05-09T14:04:38Z</time>
      </trkpt>
      <trkpt lat="44.18969" lon="-73.82987">
        <ele>743.54</ele>
        <time>2026-05-09T14:04:40Z</time>
      </trkpt>
      <trkpt lat="44.18968" lon="-73.82987">
        <ele>743.65</ele>
        <time>2026-05-09T14:04:46Z</time>
      </trkpt>
      <trkpt lat="44.18967" lon="-73.82987">
        <ele>743.76</ele>
        <time>2026-05-09T14:04:47Z</time>
      </trkpt>
      <trkpt lat="44.18968" lon="-73.82989">
        <ele>744.08</ele>
        <time>2026-05-09T14:04:52Z</time>
      </trkpt>
      <trkpt lat="44.18966" lon="-73.82991">
        <ele>744.7</ele>
        <time>2026-05-09T14:04:56Z</time>
      </trkpt>
      <trkpt lat="44.18963" lon="-73.82996">
        <ele>745.56</ele>
        <time>2026-05-09T14:05:03Z</time>
      </trkpt>
      <trkpt lat="44.18963" lon="-73.82996">
        <ele>745.56</ele>
        <time>2026-05-09T14:05:06Z</time>
      </trkpt>
      <trkpt lat="44.18962" lon="-73.82998">
        <ele>745.68</ele>
        <time>2026-05-09T14:05:13Z</time>
      </trkpt>
      <trkpt lat="44.18962" lon="-73.82997">
        <ele>745.57</ele>
        <time>2026-05-09T14:05:18Z</time>
      </trkpt>
      <trkpt lat="44.18962" lon="-73.82997">
        <ele>745.57</ele>
        <time>2026-05-09T14:05:23Z</time>
      </trkpt>
      <trkpt lat="44.18963" lon="-73.82998">
        <ele>745.78</ele>
        <time>2026-05-09T14:05:26Z</time>
      </trkpt>
      <trkpt lat="44.18963" lon="-73.82998">
        <ele>745.78</ele>
        <time>2026-05-09T14:05:28Z</time>
      </trkpt>
      <trkpt lat="44.18963" lon="-73.82998">
        <ele>745.78</ele>
        <time>2026-05-09T14:05:32Z</time>
      </trkpt>
      <trkpt lat="44.18963" lon="-73.82998">
        <ele>745.78</ele>
        <time>2026-05-09T14:05:37Z</time>
      </trkpt>
      <trkpt lat="44.18962" lon="-73.82997">
        <ele>745.57</ele>
        <time>2026-05-09T14:05:40Z</time>
      </trkpt>
      <trkpt lat="44.18962" lon="-73.82998">
        <ele>745.68</ele>
        <time>2026-05-09T14:05:47Z</time>
      </trkpt>
      <trkpt lat="44.18961" lon="-73.82999">
        <ele>745.68</ele>
        <time>2026-05-09T14:05:51Z</time>
      </trkpt>
      <trkpt lat="44.18959" lon="-73.83003">
        <ele>746.36</ele>
        <time>2026-05-09T14:06:01Z</time>
      </trkpt>
      <trkpt lat="44.18959" lon="-73.83003">
        <ele>746.36</ele>
        <time>2026-05-09T14:06:02Z</time>
      </trkpt>
      <trkpt lat="44.18957" lon="-73.83004">
        <ele>746.5</ele>
        <time>2026-05-09T14:06:09Z</time>
      </trkpt>
      <trkpt lat="44.18956" lon="-73.83004">
        <ele>746.44</ele>
        <time>2026-05-09T14:06:11Z</time>
      </trkpt>
      <trkpt lat="44.18955" lon="-73.83004">
        <ele>746.38</ele>
        <time>2026-05-09T14:06:15Z</time>
      </trkpt>
      <trkpt lat="44.18951" lon="-73.83004">
        <ele>745.29</ele>
        <time>2026-05-09T14:06:19Z</time>
      </trkpt>
      <trkpt lat="44.18948" lon="-73.83009">
        <ele>745.47</ele>
        <time>2026-05-09T14:06:25Z</time>
      </trkpt>
      <trkpt lat="44.18948" lon="-73.8301">
        <ele>745.78</ele>
        <time>2026-05-09T14:06:27Z</time>
      </trkpt>
      <trkpt lat="44.18947" lon="-73.83015">
        <ele>746.96</ele>
        <time>2026-05-09T14:06:32Z</time>
      </trkpt>
      <trkpt lat="44.18948" lon="-73.83019">
        <ele>748.67</ele>
        <time>2026-05-09T14:06:35Z</time>
      </trkpt>
      <trkpt lat="44.18948" lon="-73.83021">
        <ele>749.24</ele>
        <time>2026-05-09T14:06:39Z</time>
      </trkpt>
      <trkpt lat="44.18948" lon="-73.83022">
        <ele>749.52</ele>
        <time>2026-05-09T14:06:40Z</time>
      </trkpt>
      <trkpt lat="44.18948" lon="-73.83024">
        <ele>750.08</ele>
        <time>2026-05-09T14:06:42Z</time>
      </trkpt>
      <trkpt lat="44.18947" lon="-73.83027">
        <ele>750.6</ele>
        <time>2026-05-09T14:06:45Z</time>
      </trkpt>
      <trkpt lat="44.18947" lon="-73.8303">
        <ele>751.37</ele>
        <time>2026-05-09T14:06:50Z</time>
      </trkpt>
      <trkpt lat="44.18947" lon="-73.83032">
        <ele>751.87</ele>
        <time>2026-05-09T14:06:52Z</time>
      </trkpt>
      <trkpt lat="44.18948" lon="-73.83033">
        <ele>752.5</ele>
        <time>2026-05-09T14:06:54Z</time>
      </trkpt>
      <trkpt lat="44.18949" lon="-73.83036">
        <ele>753.69</ele>
        <time>2026-05-09T14:06:57Z</time>
      </trkpt>
      <trkpt lat="44.18947" lon="-73.83036">
        <ele>752.85</ele>
        <time>2026-05-09T14:07:02Z</time>
      </trkpt>
      <trkpt lat="44.18948" lon="-73.83041">
        <ele>754.39</ele>
        <time>2026-05-09T14:07:08Z</time>
      </trkpt>
      <trkpt lat="44.18948" lon="-73.83046">
        <ele>755.47</ele>
        <time>2026-05-09T14:07:13Z</time>
      </trkpt>
      <trkpt lat="44.18948" lon="-73.83046">
        <ele>755.47</ele>
        <time>2026-05-09T14:07:16Z</time>
      </trkpt>
      <trkpt lat="44.18948" lon="-73.83049">
        <ele>756.23</ele>
        <time>2026-05-09T14:07:21Z</time>
      </trkpt>
      <trkpt lat="44.1895" lon="-73.83051">
        <ele>757.72</ele>
        <time>2026-05-09T14:07:25Z</time>
      </trkpt>
      <trkpt lat="44.1895" lon="-73.83051">
        <ele>757.72</ele>
        <time>2026-05-09T14:07:29Z</time>
      </trkpt>
      <trkpt lat="44.18949" lon="-73.83055">
        <ele>758.31</ele>
        <time>2026-05-09T14:07:37Z</time>
      </trkpt>
      <trkpt lat="44.18948" lon="-73.83057">
        <ele>758.29</ele>
        <time>2026-05-09T14:07:41Z</time>
      </trkpt>
      <trkpt lat="44.18948" lon="-73.83057">
        <ele>758.29</ele>
        <time>2026-05-09T14:07:42Z</time>
      </trkpt>
      <trkpt lat="44.18948" lon="-73.83061">
        <ele>759.32</ele>
        <time>2026-05-09T14:07:51Z</time>
      </trkpt>
      <trkpt lat="44.18948" lon="-73.83061">
        <ele>759.32</ele>
        <time>2026-05-09T14:07:52Z</time>
      </trkpt>
      <trkpt lat="44.1895" lon="-73.83066">
        <ele>761.91</ele>
        <time>2026-05-09T14:08:02Z</time>
      </trkpt>
      <trkpt lat="44.1895" lon="-73.83066">
        <ele>761.91</ele>
        <time>2026-05-09T14:08:03Z</time>
      </trkpt>
      <trkpt lat="44.18951" lon="-73.83065">
        <ele>762.29</ele>
        <time>2026-05-09T14:08:13Z</time>
      </trkpt>
      <trkpt lat="44.18951" lon="-73.83067">
        <ele>762.79</ele>
        <time>2026-05-09T14:08:18Z</time>
      </trkpt>
      <trkpt lat="44.18952" lon="-73.83068">
        <ele>763.65</ele>
        <time>2026-05-09T14:08:21Z</time>
      </trkpt>
      <trkpt lat="44.18952" lon="-73.83069">
        <ele>763.88</ele>
        <time>2026-05-09T14:08:23Z</time>
      </trkpt>
      <trkpt lat="44.18953" lon="-73.83071">
        <ele>764.93</ele>
        <time>2026-05-09T14:08:27Z</time>
      </trkpt>
      <trkpt lat="44.18954" lon="-73.83072">
        <ele>765.64</ele>
        <time>2026-05-09T14:08:30Z</time>
      </trkpt>
      <trkpt lat="44.18954" lon="-73.83074">
        <ele>766.08</ele>
        <time>2026-05-09T14:08:35Z</time>
      </trkpt>
      <trkpt lat="44.18955" lon="-73.83075">
        <ele>766.72</ele>
        <time>2026-05-09T14:08:39Z</time>
      </trkpt>
      <trkpt lat="44.18956" lon="-73.83078">
        <ele>768.02</ele>
        <time>2026-05-09T14:08:43Z</time>
      </trkpt>
      <trkpt lat="44.18956" lon="-73.8308">
        <ele>768.66</ele>
        <time>2026-05-09T14:08:48Z</time>
      </trkpt>
      <trkpt lat="44.18956" lon="-73.8308">
        <ele>768.66</ele>
        <time>2026-05-09T14:08:49Z</time>
      </trkpt>
      <trkpt lat="44.18956" lon="-73.83082">
        <ele>769.31</ele>
        <time>2026-05-09T14:08:59Z</time>
      </trkpt>
      <trkpt lat="44.18956" lon="-73.83083">
        <ele>769.64</ele>
        <time>2026-05-09T14:09:13Z</time>
      </trkpt>
      <trkpt lat="44.18956" lon="-73.83085">
        <ele>770.15</ele>
        <time>2026-05-09T14:09:19Z</time>
      </trkpt>
      <trkpt lat="44.18956" lon="-73.83086">
        <ele>770.39</ele>
        <time>2026-05-09T14:09:21Z</time>
      </trkpt>
      <trkpt lat="44.18956" lon="-73.83088">
        <ele>770.88</ele>
        <time>2026-05-09T14:09:24Z</time>
      </trkpt>
      <trkpt lat="44.18958" lon="-73.83093">
        <ele>772.97</ele>
        <time>2026-05-09T14:09:30Z</time>
      </trkpt>
      <trkpt lat="44.18958" lon="-73.83095">
        <ele>773.52</ele>
        <time>2026-05-09T14:09:37Z</time>
      </trkpt>
      <trkpt lat="44.18958" lon="-73.83096">
        <ele>773.79</ele>
        <time>2026-05-09T14:09:38Z</time>
      </trkpt>
      <trkpt lat="44.1896" lon="-73.83099">
        <ele>775.33</ele>
        <time>2026-05-09T14:09:45Z</time>
      </trkpt>
      <trkpt lat="44.1896" lon="-73.83099">
        <ele>775.33</ele>
        <time>2026-05-09T14:09:47Z</time>
      </trkpt>
      <trkpt lat="44.18959" lon="-73.83102">
        <ele>775.77</ele>
        <time>2026-05-09T14:09:57Z</time>
      </trkpt>
      <trkpt lat="44.18959" lon="-73.83106">
        <ele>777.25</ele>
        <time>2026-05-09T14:10:05Z</time>
      </trkpt>
      <trkpt lat="44.18958" lon="-73.83107">
        <ele>777.36</ele>
        <time>2026-05-09T14:10:08Z</time>
      </trkpt>
      <trkpt lat="44.18957" lon="-73.83108">
        <ele>777.49</ele>
        <time>2026-05-09T14:10:12Z</time>
      </trkpt>
      <trkpt lat="44.18955" lon="-73.83111">
        <ele>778.23</ele>
        <time>2026-05-09T14:10:15Z</time>
      </trkpt>
      <trkpt lat="44.18954" lon="-73.83115">
        <ele>779.31</ele>
        <time>2026-05-09T14:10:21Z</time>
      </trkpt>
      <trkpt lat="44.18954" lon="-73.83115">
        <ele>779.31</ele>
        <time>2026-05-09T14:10:22Z</time>
      </trkpt>
      <trkpt lat="44.18951" lon="-73.83119">
        <ele>778.18</ele>
        <time>2026-05-09T14:10:29Z</time>
      </trkpt>
      <trkpt lat="44.1895" lon="-73.83123">
        <ele>778.77</ele>
        <time>2026-05-09T14:10:33Z</time>
      </trkpt>
      <trkpt lat="44.18949" lon="-73.83126">
        <ele>779.07</ele>
        <time>2026-05-09T14:10:38Z</time>
      </trkpt>
      <trkpt lat="44.18949" lon="-73.83128">
        <ele>779.83</ele>
        <time>2026-05-09T14:10:40Z</time>
      </trkpt>
      <trkpt lat="44.18948" lon="-73.83131">
        <ele>780.17</ele>
        <time>2026-05-09T14:10:45Z</time>
      </trkpt>
      <trkpt lat="44.18948" lon="-73.83132">
        <ele>780.52</ele>
        <time>2026-05-09T14:10:47Z</time>
      </trkpt>
      <trkpt lat="44.18948" lon="-73.83136">
        <ele>781.91</ele>
        <time>2026-05-09T14:10:52Z</time>
      </trkpt>
      <trkpt lat="44.18948" lon="-73.83138">
        <ele>782.61</ele>
        <time>2026-05-09T14:10:59Z</time>
      </trkpt>
      <trkpt lat="44.18947" lon="-73.83139">
        <ele>782.41</ele>
        <time>2026-05-09T14:11:08Z</time>
      </trkpt>
      <trkpt lat="44.18947" lon="-73.83139">
        <ele>782.41</ele>
        <time>2026-05-09T14:11:12Z</time>
      </trkpt>
      <trkpt lat="44.18947" lon="-73.83136">
        <ele>781.3</ele>
        <time>2026-05-09T14:11:19Z</time>
      </trkpt>
      <trkpt lat="44.18947" lon="-73.83136">
        <ele>781.3</ele>
        <time>2026-05-09T14:11:27Z</time>
      </trkpt>
      <trkpt lat="44.18947" lon="-73.83136">
        <ele>781.3</ele>
        <time>2026-05-09T14:11:28Z</time>
      </trkpt>
      <trkpt lat="44.18947" lon="-73.83137">
        <ele>781.68</ele>
        <time>2026-05-09T14:11:45Z</time>
      </trkpt>
      <trkpt lat="44.18947" lon="-73.83139">
        <ele>782.41</ele>
        <time>2026-05-09T14:11:46Z</time>
      </trkpt>
      <trkpt lat="44.18947" lon="-73.83142">
        <ele>783.3</ele>
        <time>2026-05-09T14:11:48Z</time>
      </trkpt>
      <trkpt lat="44.18947" lon="-73.83145">
        <ele>784.18</ele>
        <time>2026-05-09T14:11:52Z</time>
      </trkpt>
      <trkpt lat="44.18948" lon="-73.83146">
        <ele>784.93</ele>
        <time>2026-05-09T14:11:53Z</time>
      </trkpt>
      <trkpt lat="44.18948" lon="-73.83149">
        <ele>785.72</ele>
        <time>2026-05-09T14:11:57Z</time>
      </trkpt>
      <trkpt lat="44.18948" lon="-73.83153">
        <ele>786.58</ele>
        <time>2026-05-09T14:12:01Z</time>
      </trkpt>
      <trkpt lat="44.18949" lon="-73.83154">
        <ele>787.23</ele>
        <time>2026-05-09T14:12:02Z</time>
      </trkpt>
      <trkpt lat="44.1895" lon="-73.83155">
        <ele>787.88</ele>
        <time>2026-05-09T14:12:05Z</time>
      </trkpt>
      <trkpt lat="44.18951" lon="-73.83157">
        <ele>788.74</ele>
        <time>2026-05-09T14:12:09Z</time>
      </trkpt>
      <trkpt lat="44.18951" lon="-73.83158">
        <ele>788.98</ele>
        <time>2026-05-09T14:12:11Z</time>
      </trkpt>
      <trkpt lat="44.18951" lon="-73.83159">
        <ele>789.23</ele>
        <time>2026-05-09T14:12:13Z</time>
      </trkpt>
      <trkpt lat="44.18949" lon="-73.83163">
        <ele>789.48</ele>
        <time>2026-05-09T14:12:19Z</time>
      </trkpt>
      <trkpt lat="44.18949" lon="-73.83167">
        <ele>790.55</ele>
        <time>2026-05-09T14:12:29Z</time>
      </trkpt>
      <trkpt lat="44.1895" lon="-73.83168">
        <ele>791.09</ele>
        <time>2026-05-09T14:12:34Z</time>
      </trkpt>
      <trkpt lat="44.1895" lon="-73.83168">
        <ele>791.09</ele>
        <time>2026-05-09T14:12:35Z</time>
      </trkpt>
      <trkpt lat="44.18951" lon="-73.8317">
        <ele>791.84</ele>
        <time>2026-05-09T14:12:38Z</time>
      </trkpt>
      <trkpt lat="44.18952" lon="-73.83172">
        <ele>792.6</ele>
        <time>2026-05-09T14:12:42Z</time>
      </trkpt>
      <trkpt lat="44.18953" lon="-73.83172">
        <ele>792.92</ele>
        <time>2026-05-09T14:12:47Z</time>
      </trkpt>
      <trkpt lat="44.18954" lon="-73.83176">
        <ele>794.02</ele>
        <time>2026-05-09T14:12:57Z</time>
      </trkpt>
      <trkpt lat="44.18954" lon="-73.83176">
        <ele>794.02</ele>
        <time>2026-05-09T14:12:58Z</time>
      </trkpt>
      <trkpt lat="44.18954" lon="-73.83177">
        <ele>794.23</ele>
        <time>2026-05-09T14:13:03Z</time>
      </trkpt>
      <trkpt lat="44.18955" lon="-73.83177">
        <ele>794.23</ele>
        <time>2026-05-09T14:13:05Z</time>
      </trkpt>
      <trkpt lat="44.18955" lon="-73.83177">
        <ele>794.23</ele>
        <time>2026-05-09T14:13:06Z</time>
      </trkpt>
      <trkpt lat="44.18954" lon="-73.8318">
        <ele>794.88</ele>
        <time>2026-05-09T14:13:13Z</time>
      </trkpt>
      <trkpt lat="44.18954" lon="-73.8318">
        <ele>794.88</ele>
        <time>2026-05-09T14:13:14Z</time>
      </trkpt>
      <trkpt lat="44.18952" lon="-73.83184">
        <ele>795.19</ele>
        <time>2026-05-09T14:13:20Z</time>
      </trkpt>
      <trkpt lat="44.18953" lon="-73.83184">
        <ele>795.52</ele>
        <time>2026-05-09T14:13:21Z</time>
      </trkpt>
      <trkpt lat="44.18953" lon="-73.83186">
        <ele>796.04</ele>
        <time>2026-05-09T14:13:26Z</time>
      </trkpt>
      <trkpt lat="44.18953" lon="-73.83187">
        <ele>796.37</ele>
        <time>2026-05-09T14:13:28Z</time>
      </trkpt>
      <trkpt lat="44.18952" lon="-73.83188">
        <ele>796.42</ele>
        <time>2026-05-09T14:13:30Z</time>
      </trkpt>
      <trkpt lat="44.1895" lon="-73.83191">
        <ele>796.94</ele>
        <time>2026-05-09T14:13:36Z</time>
      </trkpt>
      <trkpt lat="44.18948" lon="-73.83196">
        <ele>798.21</ele>
        <time>2026-05-09T14:13:44Z</time>
      </trkpt>
      <trkpt lat="44.18948" lon="-73.83197">
        <ele>798.49</ele>
        <time>2026-05-09T14:13:46Z</time>
      </trkpt>
      <trkpt lat="44.18949" lon="-73.83201">
        <ele>799.76</ele>
        <time>2026-05-09T14:13:53Z</time>
      </trkpt>
      <trkpt lat="44.18949" lon="-73.83202">
        <ele>800.03</ele>
        <time>2026-05-09T14:13:54Z</time>
      </trkpt>
      <trkpt lat="44.18949" lon="-73.83201">
        <ele>799.76</ele>
        <time>2026-05-09T14:14:00Z</time>
      </trkpt>
      <trkpt lat="44.1895" lon="-73.83205">
        <ele>800.88</ele>
        <time>2026-05-09T14:14:09Z</time>
      </trkpt>
      <trkpt lat="44.18949" lon="-73.83208">
        <ele>801.42</ele>
        <time>2026-05-09T14:14:15Z</time>
      </trkpt>
      <trkpt lat="44.1895" lon="-73.83209">
        <ele>801.74</ele>
        <time>2026-05-09T14:14:17Z</time>
      </trkpt>
      <trkpt lat="44.1895" lon="-73.83212">
        <ele>802.39</ele>
        <time>2026-05-09T14:14:21Z</time>
      </trkpt>
      <trkpt lat="44.1895" lon="-73.83213">
        <ele>802.61</ele>
        <time>2026-05-09T14:14:22Z</time>
      </trkpt>
      <trkpt lat="44.18951" lon="-73.83215">
        <ele>803.3</ele>
        <time>2026-05-09T14:14:25Z</time>
      </trkpt>
      <trkpt lat="44.18951" lon="-73.83219">
        <ele>804.47</ele>
        <time>2026-05-09T14:14:31Z</time>
      </trkpt>
      <trkpt lat="44.18951" lon="-73.8322">
        <ele>804.77</ele>
        <time>2026-05-09T14:14:34Z</time>
      </trkpt>
      <trkpt lat="44.18951" lon="-73.83224">
        <ele>805.99</ele>
        <time>2026-05-09T14:14:41Z</time>
      </trkpt>
      <trkpt lat="44.18949" lon="-73.8323">
        <ele>807.5</ele>
        <time>2026-05-09T14:14:49Z</time>
      </trkpt>
      <trkpt lat="44.18949" lon="-73.83231">
        <ele>807.83</ele>
        <time>2026-05-09T14:14:50Z</time>
      </trkpt>
      <trkpt lat="44.18948" lon="-73.83236">
        <ele>808.74</ele>
        <time>2026-05-09T14:14:56Z</time>
      </trkpt>
      <trkpt lat="44.18948" lon="-73.83236">
        <ele>808.74</ele>
        <time>2026-05-09T14:14:59Z</time>
      </trkpt>
      <trkpt lat="44.18948" lon="-73.83239">
        <ele>809.39</ele>
        <time>2026-05-09T14:15:05Z</time>
      </trkpt>
      <trkpt lat="44.18947" lon="-73.8324">
        <ele>809.39</ele>
        <time>2026-05-09T14:15:12Z</time>
      </trkpt>
      <trkpt lat="44.18946" lon="-73.83244">
        <ele>810.04</ele>
        <time>2026-05-09T14:15:17Z</time>
      </trkpt>
      <trkpt lat="44.18946" lon="-73.83245">
        <ele>810.26</ele>
        <time>2026-05-09T14:15:18Z</time>
      </trkpt>
      <trkpt lat="44.18945" lon="-73.8325">
        <ele>811.12</ele>
        <time>2026-05-09T14:15:26Z</time>
      </trkpt>
      <trkpt lat="44.18944" lon="-73.83251">
        <ele>811.02</ele>
        <time>2026-05-09T14:15:27Z</time>
      </trkpt>
      <trkpt lat="44.18943" lon="-73.83252">
        <ele>810.81</ele>
        <time>2026-05-09T14:15:30Z</time>
      </trkpt>
      <trkpt lat="44.18942" lon="-73.83254">
        <ele>810.81</ele>
        <time>2026-05-09T14:15:34Z</time>
      </trkpt>
      <trkpt lat="44.18941" lon="-73.83255">
        <ele>810.59</ele>
        <time>2026-05-09T14:15:36Z</time>
      </trkpt>
      <trkpt lat="44.18941" lon="-73.83258">
        <ele>811.24</ele>
        <time>2026-05-09T14:15:42Z</time>
      </trkpt>
      <trkpt lat="44.18941" lon="-73.8326">
        <ele>811.75</ele>
        <time>2026-05-09T14:15:47Z</time>
      </trkpt>
      <trkpt lat="44.18941" lon="-73.8326">
        <ele>811.75</ele>
        <time>2026-05-09T14:15:48Z</time>
      </trkpt>
      <trkpt lat="44.18941" lon="-73.83261">
        <ele>812.08</ele>
        <time>2026-05-09T14:15:50Z</time>
      </trkpt>
      <trkpt lat="44.18942" lon="-73.83261">
        <ele>812.51</ele>
        <time>2026-05-09T14:15:51Z</time>
      </trkpt>
      <trkpt lat="44.18941" lon="-73.83263">
        <ele>812.72</ele>
        <time>2026-05-09T14:16:01Z</time>
      </trkpt>
      <trkpt lat="44.1894" lon="-73.83264">
        <ele>812.62</ele>
        <time>2026-05-09T14:16:04Z</time>
      </trkpt>
      <trkpt lat="44.1894" lon="-73.83265">
        <ele>812.94</ele>
        <time>2026-05-09T14:16:10Z</time>
      </trkpt>
      <trkpt lat="44.1894" lon="-73.83267">
        <ele>813.59</ele>
        <time>2026-05-09T14:16:23Z</time>
      </trkpt>
      <trkpt lat="44.1894" lon="-73.8327">
        <ele>814.48</ele>
        <time>2026-05-09T14:16:28Z</time>
      </trkpt>
      <trkpt lat="44.1894" lon="-73.83271">
        <ele>814.76</ele>
        <time>2026-05-09T14:16:33Z</time>
      </trkpt>
      <trkpt lat="44.18941" lon="-73.83273">
        <ele>815.78</ele>
        <time>2026-05-09T14:16:36Z</time>
      </trkpt>
      <trkpt lat="44.18941" lon="-73.83275">
        <ele>816.35</ele>
        <time>2026-05-09T14:16:40Z</time>
      </trkpt>
      <trkpt lat="44.1894" lon="-73.83276">
        <ele>816.12</ele>
        <time>2026-05-09T14:16:42Z</time>
      </trkpt>
      <trkpt lat="44.18939" lon="-73.83276">
        <ele>815.6</ele>
        <time>2026-05-09T14:16:45Z</time>
      </trkpt>
      <trkpt lat="44.18938" lon="-73.83276">
        <ele>815.08</ele>
        <time>2026-05-09T14:16:46Z</time>
      </trkpt>
      <trkpt lat="44.18936" lon="-73.83278">
        <ele>814.51</ele>
        <time>2026-05-09T14:16:53Z</time>
      </trkpt>
      <trkpt lat="44.18935" lon="-73.8328">
        <ele>814.62</ele>
        <time>2026-05-09T14:16:55Z</time>
      </trkpt>
      <trkpt lat="44.18934" lon="-73.83285">
        <ele>815.7</ele>
        <time>2026-05-09T14:17:01Z</time>
      </trkpt>
      <trkpt lat="44.18931" lon="-73.83293">
        <ele>816.67</ele>
        <time>2026-05-09T14:17:09Z</time>
      </trkpt>
      <trkpt lat="44.18931" lon="-73.83294">
        <ele>817.0</ele>
        <time>2026-05-09T14:17:10Z</time>
      </trkpt>
      <trkpt lat="44.18935" lon="-73.83297">
        <ele>820.05</ele>
        <time>2026-05-09T14:17:15Z</time>
      </trkpt>
      <trkpt lat="44.18936" lon="-73.83298">
        <ele>820.65</ele>
        <time>2026-05-09T14:17:18Z</time>
      </trkpt>
      <trkpt lat="44.18938" lon="-73.83306">
        <ele>823.36</ele>
        <time>2026-05-09T14:17:26Z</time>
      </trkpt>
      <trkpt lat="44.18938" lon="-73.83307">
        <ele>823.68</ele>
        <time>2026-05-09T14:17:27Z</time>
      </trkpt>
      <trkpt lat="44.18939" lon="-73.83311">
        <ele>825.41</ele>
        <time>2026-05-09T14:17:35Z</time>
      </trkpt>
      <trkpt lat="44.18936" lon="-73.83317">
        <ele>825.82</ele>
        <time>2026-05-09T14:17:47Z</time>
      </trkpt>
      <trkpt lat="44.18936" lon="-73.83319">
        <ele>826.26</ele>
        <time>2026-05-09T14:17:50Z</time>
      </trkpt>
      <trkpt lat="44.18935" lon="-73.83322">
        <ele>826.47</ele>
        <time>2026-05-09T14:17:55Z</time>
      </trkpt>
      <trkpt lat="44.18935" lon="-73.83324">
        <ele>826.9</ele>
        <time>2026-05-09T14:17:58Z</time>
      </trkpt>
      <trkpt lat="44.18934" lon="-73.83323">
        <ele>826.24</ele>
        <time>2026-05-09T14:18:00Z</time>
      </trkpt>
      <trkpt lat="44.18929" lon="-73.83326">
        <ele>824.74</ele>
        <time>2026-05-09T14:18:08Z</time>
      </trkpt>
      <trkpt lat="44.18925" lon="-73.83331">
        <ele>824.2</ele>
        <time>2026-05-09T14:18:17Z</time>
      </trkpt>
      <trkpt lat="44.18925" lon="-73.83332">
        <ele>824.41</ele>
        <time>2026-05-09T14:18:18Z</time>
      </trkpt>
      <trkpt lat="44.18922" lon="-73.83334">
        <ele>823.91</ele>
        <time>2026-05-09T14:18:26Z</time>
      </trkpt>
      <trkpt lat="44.18921" lon="-73.83334">
        <ele>823.58</ele>
        <time>2026-05-09T14:18:27Z</time>
      </trkpt>
      <trkpt lat="44.18919" lon="-73.83336">
        <ele>823.4</ele>
        <time>2026-05-09T14:18:33Z</time>
      </trkpt>
      <trkpt lat="44.18918" lon="-73.83337">
        <ele>823.28</ele>
        <time>2026-05-09T14:18:35Z</time>
      </trkpt>
      <trkpt lat="44.18913" lon="-73.8334">
        <ele>822.25</ele>
        <time>2026-05-09T14:18:45Z</time>
      </trkpt>
      <trkpt lat="44.18913" lon="-73.83341">
        <ele>822.47</ele>
        <time>2026-05-09T14:18:46Z</time>
      </trkpt>
      <trkpt lat="44.18911" lon="-73.83342">
        <ele>822.04</ele>
        <time>2026-05-09T14:18:49Z</time>
      </trkpt>
      <trkpt lat="44.18909" lon="-73.83344">
        <ele>821.82</ele>
        <time>2026-05-09T14:18:54Z</time>
      </trkpt>
      <trkpt lat="44.18903" lon="-73.83347">
        <ele>820.52</ele>
        <time>2026-05-09T14:19:02Z</time>
      </trkpt>
      <trkpt lat="44.18902" lon="-73.8335">
        <ele>820.85</ele>
        <time>2026-05-09T14:19:05Z</time>
      </trkpt>
      <trkpt lat="44.18899" lon="-73.83354">
        <ele>820.51</ele>
        <time>2026-05-09T14:19:10Z</time>
      </trkpt>
      <trkpt lat="44.18896" lon="-73.8336">
        <ele>819.92</ele>
        <time>2026-05-09T14:19:18Z</time>
      </trkpt>
      <trkpt lat="44.18895" lon="-73.83362">
        <ele>819.74</ele>
        <time>2026-05-09T14:19:25Z</time>
      </trkpt>
      <trkpt lat="44.18895" lon="-73.83362">
        <ele>819.74</ele>
        <time>2026-05-09T14:19:26Z</time>
      </trkpt>
      <trkpt lat="44.18895" lon="-73.83363">
        <ele>819.84</ele>
        <time>2026-05-09T14:19:35Z</time>
      </trkpt>
      <trkpt lat="44.18894" lon="-73.83362">
        <ele>819.3</ele>
        <time>2026-05-09T14:19:58Z</time>
      </trkpt>
      <trkpt lat="44.18894" lon="-73.83363">
        <ele>819.41</ele>
        <time>2026-05-09T14:20:01Z</time>
      </trkpt>
      <trkpt lat="44.18893" lon="-73.83366">
        <ele>819.3</ele>
        <time>2026-05-09T14:20:06Z</time>
      </trkpt>
      <trkpt lat="44.18891" lon="-73.83372">
        <ele>819.09</ele>
        <time>2026-05-09T14:20:13Z</time>
      </trkpt>
      <trkpt lat="44.1889" lon="-73.83373">
        <ele>818.76</ele>
        <time>2026-05-09T14:20:14Z</time>
      </trkpt>
      <trkpt lat="44.1889" lon="-73.83374">
        <ele>818.87</ele>
        <time>2026-05-09T14:20:15Z</time>
      </trkpt>
      <trkpt lat="44.1889" lon="-73.83374">
        <ele>818.87</ele>
        <time>2026-05-09T14:20:16Z</time>
      </trkpt>
      <trkpt lat="44.18886" lon="-73.8338">
        <ele>817.82</ele>
        <time>2026-05-09T14:20:23Z</time>
      </trkpt>
      <trkpt lat="44.18884" lon="-73.83387">
        <ele>818.06</ele>
        <time>2026-05-09T14:20:31Z</time>
      </trkpt>
      <trkpt lat="44.18884" lon="-73.83392">
        <ele>818.87</ele>
        <time>2026-05-09T14:20:40Z</time>
      </trkpt>
      <trkpt lat="44.18885" lon="-73.83393">
        <ele>819.53</ele>
        <time>2026-05-09T14:20:42Z</time>
      </trkpt>
      <trkpt lat="44.18887" lon="-73.83396">
        <ele>820.9</ele>
        <time>2026-05-09T14:20:47Z</time>
      </trkpt>
      <trkpt lat="44.18887" lon="-73.83398">
        <ele>821.16</ele>
        <time>2026-05-09T14:20:51Z</time>
      </trkpt>
      <trkpt lat="44.18886" lon="-73.83403">
        <ele>821.28</ele>
        <time>2026-05-09T14:20:58Z</time>
      </trkpt>
      <trkpt lat="44.18885" lon="-73.83403">
        <ele>820.84</ele>
        <time>2026-05-09T14:21:04Z</time>
      </trkpt>
      <trkpt lat="44.18886" lon="-73.83404">
        <ele>821.38</ele>
        <time>2026-05-09T14:21:08Z</time>
      </trkpt>
      <trkpt lat="44.18886" lon="-73.83405">
        <ele>821.49</ele>
        <time>2026-05-09T14:21:09Z</time>
      </trkpt>
      <trkpt lat="44.1889" lon="-73.83411">
        <ele>823.87</ele>
        <time>2026-05-09T14:21:16Z</time>
      </trkpt>
      <trkpt lat="44.18896" lon="-73.83417">
        <ele>827.11</ele>
        <time>2026-05-09T14:21:25Z</time>
      </trkpt>
      <trkpt lat="44.18902" lon="-73.83423">
        <ele>830.76</ele>
        <time>2026-05-09T14:21:35Z</time>
      </trkpt>
      <trkpt lat="44.18902" lon="-73.83423">
        <ele>830.76</ele>
        <time>2026-05-09T14:21:36Z</time>
      </trkpt>
      <trkpt lat="44.18903" lon="-73.83424">
        <ele>831.41</ele>
        <time>2026-05-09T14:21:37Z</time>
      </trkpt>
      <trkpt lat="44.18905" lon="-73.83426">
        <ele>832.71</ele>
        <time>2026-05-09T14:21:43Z</time>
      </trkpt>
      <trkpt lat="44.18906" lon="-73.83426">
        <ele>833.25</ele>
        <time>2026-05-09T14:21:44Z</time>
      </trkpt>
      <trkpt lat="44.18906" lon="-73.83436">
        <ele>834.4</ele>
        <time>2026-05-09T14:21:54Z</time>
      </trkpt>
      <trkpt lat="44.18908" lon="-73.83443">
        <ele>837.01</ele>
        <time>2026-05-09T14:22:01Z</time>
      </trkpt>
      <trkpt lat="44.18908" lon="-73.83444">
        <ele>837.22</ele>
        <time>2026-05-09T14:22:04Z</time>
      </trkpt>
      <trkpt lat="44.18909" lon="-73.83444">
        <ele>837.76</ele>
        <time>2026-05-09T14:22:06Z</time>
      </trkpt>
      <trkpt lat="44.1891" lon="-73.83449">
        <ele>838.89</ele>
        <time>2026-05-09T14:22:14Z</time>
      </trkpt>
      <trkpt lat="44.18909" lon="-73.83451">
        <ele>838.57</ele>
        <time>2026-05-09T14:22:16Z</time>
      </trkpt>
      <trkpt lat="44.18909" lon="-73.83457">
        <ele>839.28</ele>
        <time>2026-05-09T14:22:24Z</time>
      </trkpt>
      <trkpt lat="44.18909" lon="-73.83462">
        <ele>839.91</ele>
        <time>2026-05-09T14:22:31Z</time>
      </trkpt>
      <trkpt lat="44.18909" lon="-73.83461">
        <ele>839.78</ele>
        <time>2026-05-09T14:22:34Z</time>
      </trkpt>
      <trkpt lat="44.18912" lon="-73.83463">
        <ele>841.98</ele>
        <time>2026-05-09T14:22:41Z</time>
      </trkpt>
      <trkpt lat="44.18912" lon="-73.83463">
        <ele>841.98</ele>
        <time>2026-05-09T14:22:42Z</time>
      </trkpt>
      <trkpt lat="44.18914" lon="-73.83462">
        <ele>843.09</ele>
        <time>2026-05-09T14:22:51Z</time>
      </trkpt>
      <trkpt lat="44.18914" lon="-73.83462">
        <ele>843.09</ele>
        <time>2026-05-09T14:22:53Z</time>
      </trkpt>
      <trkpt lat="44.18915" lon="-73.83462">
        <ele>843.73</ele>
        <time>2026-05-09T14:22:57Z</time>
      </trkpt>
      <trkpt lat="44.18916" lon="-73.83463">
        <ele>844.57</ele>
        <time>2026-05-09T14:23:00Z</time>
      </trkpt>
      <trkpt lat="44.18916" lon="-73.83462">
        <ele>844.37</ele>
        <time>2026-05-09T14:23:03Z</time>
      </trkpt>
      <trkpt lat="44.18918" lon="-73.83463">
        <ele>845.72</ele>
        <time>2026-05-09T14:23:10Z</time>
      </trkpt>
      <trkpt lat="44.1892" lon="-73.83463">
        <ele>846.8</ele>
        <time>2026-05-09T14:23:13Z</time>
      </trkpt>
      <trkpt lat="44.18921" lon="-73.83461">
        <ele>846.92</ele>
        <time>2026-05-09T14:23:19Z</time>
      </trkpt>
      <trkpt lat="44.18922" lon="-73.83461">
        <ele>847.46</ele>
        <time>2026-05-09T14:23:20Z</time>
      </trkpt>
      <trkpt lat="44.18925" lon="-73.83458">
        <ele>848.43</ele>
        <time>2026-05-09T14:23:28Z</time>
      </trkpt>
      <trkpt lat="44.18925" lon="-73.83457">
        <ele>848.21</ele>
        <time>2026-05-09T14:23:30Z</time>
      </trkpt>
      <trkpt lat="44.18926" lon="-73.83456">
        <ele>848.55</ele>
        <time>2026-05-09T14:23:40Z</time>
      </trkpt>
      <trkpt lat="44.18927" lon="-73.83456">
        <ele>849.31</ele>
        <time>2026-05-09T14:23:46Z</time>
      </trkpt>
      <trkpt lat="44.18927" lon="-73.83456">
        <ele>849.31</ele>
        <time>2026-05-09T14:23:48Z</time>
      </trkpt>
      <trkpt lat="44.18927" lon="-73.83454">
        <ele>848.88</ele>
        <time>2026-05-09T14:23:54Z</time>
      </trkpt>
      <trkpt lat="44.18928" lon="-73.83457">
        <ele>850.28</ele>
        <time>2026-05-09T14:24:01Z</time>
      </trkpt>
      <trkpt lat="44.18928" lon="-73.83458">
        <ele>850.5</ele>
        <time>2026-05-09T14:24:02Z</time>
      </trkpt>
      <trkpt lat="44.18928" lon="-73.83458">
        <ele>850.5</ele>
        <time>2026-05-09T14:24:03Z</time>
      </trkpt>
      <trkpt lat="44.1893" lon="-73.83461">
        <ele>852.66</ele>
        <time>2026-05-09T14:24:13Z</time>
      </trkpt>
      <trkpt lat="44.18929" lon="-73.83462">
        <ele>852.12</ele>
        <time>2026-05-09T14:24:17Z</time>
      </trkpt>
      <trkpt lat="44.18929" lon="-73.83461">
        <ele>851.9</ele>
        <time>2026-05-09T14:24:19Z</time>
      </trkpt>
      <trkpt lat="44.18928" lon="-73.83461">
        <ele>851.14</ele>
        <time>2026-05-09T14:24:23Z</time>
      </trkpt>
      <trkpt lat="44.18931" lon="-73.83461">
        <ele>853.41</ele>
        <time>2026-05-09T14:24:33Z</time>
      </trkpt>
      <trkpt lat="44.1893" lon="-73.83459">
        <ele>852.22</ele>
        <time>2026-05-09T14:24:37Z</time>
      </trkpt>
      <trkpt lat="44.1893" lon="-73.83459">
        <ele>852.22</ele>
        <time>2026-05-09T14:24:38Z</time>
      </trkpt>
      <trkpt lat="44.1893" lon="-73.83458">
        <ele>852.01</ele>
        <time>2026-05-09T14:24:41Z</time>
      </trkpt>
      <trkpt lat="44.1893" lon="-73.83457">
        <ele>851.79</ele>
        <time>2026-05-09T14:24:55Z</time>
      </trkpt>
      <trkpt lat="44.1893" lon="-73.83459">
        <ele>852.22</ele>
        <time>2026-05-09T14:25:09Z</time>
      </trkpt>
      <trkpt lat="44.18929" lon="-73.83461">
        <ele>851.9</ele>
        <time>2026-05-09T14:25:12Z</time>
      </trkpt>
      <trkpt lat="44.18929" lon="-73.83464">
        <ele>852.55</ele>
        <time>2026-05-09T14:25:18Z</time>
      </trkpt>
      <trkpt lat="44.18929" lon="-73.83464">
        <ele>852.55</ele>
        <time>2026-05-09T14:25:19Z</time>
      </trkpt>
      <trkpt lat="44.18929" lon="-73.83465">
        <ele>852.76</ele>
        <time>2026-05-09T14:25:25Z</time>
      </trkpt>
      <trkpt lat="44.18929" lon="-73.83467">
        <ele>853.2</ele>
        <time>2026-05-09T14:25:30Z</time>
      </trkpt>
      <trkpt lat="44.18929" lon="-73.83467">
        <ele>853.2</ele>
        <time>2026-05-09T14:25:32Z</time>
      </trkpt>
      <trkpt lat="44.18929" lon="-73.83467">
        <ele>853.2</ele>
        <time>2026-05-09T14:25:33Z</time>
      </trkpt>
      <trkpt lat="44.18929" lon="-73.83468">
        <ele>853.41</ele>
        <time>2026-05-09T14:25:34Z</time>
      </trkpt>
      <trkpt lat="44.18929" lon="-73.83472">
        <ele>854.28</ele>
        <time>2026-05-09T14:25:42Z</time>
      </trkpt>
      <trkpt lat="44.18929" lon="-73.83472">
        <ele>854.28</ele>
        <time>2026-05-09T14:25:52Z</time>
      </trkpt>
      <trkpt lat="44.18929" lon="-73.83473">
        <ele>854.44</ele>
        <time>2026-05-09T14:26:03Z</time>
      </trkpt>
      <trkpt lat="44.1893" lon="-73.83474">
        <ele>855.36</ele>
        <time>2026-05-09T14:26:05Z</time>
      </trkpt>
      <trkpt lat="44.18931" lon="-73.83475">
        <ele>856.3</ele>
        <time>2026-05-09T14:26:12Z</time>
      </trkpt>
      <trkpt lat="44.18933" lon="-73.83475">
        <ele>857.88</ele>
        <time>2026-05-09T14:26:19Z</time>
      </trkpt>
      <trkpt lat="44.18933" lon="-73.83475">
        <ele>857.88</ele>
        <time>2026-05-09T14:26:20Z</time>
      </trkpt>
      <trkpt lat="44.18934" lon="-73.83476">
        <ele>858.87</ele>
        <time>2026-05-09T14:26:28Z</time>
      </trkpt>
      <trkpt lat="44.18934" lon="-73.83476">
        <ele>858.87</ele>
        <time>2026-05-09T14:26:30Z</time>
      </trkpt>
      <trkpt lat="44.18936" lon="-73.83477">
        <ele>860.6</ele>
        <time>2026-05-09T14:26:36Z</time>
      </trkpt>
      <trkpt lat="44.18938" lon="-73.83476">
        <ele>861.82</ele>
        <time>2026-05-09T14:26:38Z</time>
      </trkpt>
      <trkpt lat="44.18939" lon="-73.83476">
        <ele>862.53</ele>
        <time>2026-05-09T14:26:43Z</time>
      </trkpt>
      <trkpt lat="44.18939" lon="-73.83476">
        <ele>862.53</ele>
        <time>2026-05-09T14:26:48Z</time>
      </trkpt>
      <trkpt lat="44.18939" lon="-73.83476">
        <ele>862.53</ele>
        <time>2026-05-09T14:26:51Z</time>
      </trkpt>
      <trkpt lat="44.18939" lon="-73.83476">
        <ele>862.53</ele>
        <time>2026-05-09T14:26:52Z</time>
      </trkpt>
      <trkpt lat="44.18938" lon="-73.83476">
        <ele>861.82</ele>
        <time>2026-05-09T14:26:56Z</time>
      </trkpt>
      <trkpt lat="44.18938" lon="-73.83476">
        <ele>861.82</ele>
        <time>2026-05-09T14:26:59Z</time>
      </trkpt>
      <trkpt lat="44.18938" lon="-73.83476">
        <ele>861.82</ele>
        <time>2026-05-09T14:27:02Z</time>
      </trkpt>
      <trkpt lat="44.18939" lon="-73.83477">
        <ele>862.7</ele>
        <time>2026-05-09T14:27:06Z</time>
      </trkpt>
      <trkpt lat="44.18939" lon="-73.83477">
        <ele>862.7</ele>
        <time>2026-05-09T14:27:07Z</time>
      </trkpt>
      <trkpt lat="44.18941" lon="-73.83479">
        <ele>864.4</ele>
        <time>2026-05-09T14:27:13Z</time>
      </trkpt>
      <trkpt lat="44.18942" lon="-73.83479">
        <ele>865.08</ele>
        <time>2026-05-09T14:27:14Z</time>
      </trkpt>
      <trkpt lat="44.18943" lon="-73.83478">
        <ele>865.63</ele>
        <time>2026-05-09T14:27:17Z</time>
      </trkpt>
      <trkpt lat="44.18945" lon="-73.83478">
        <ele>866.92</ele>
        <time>2026-05-09T14:27:20Z</time>
      </trkpt>
      <trkpt lat="44.18945" lon="-73.83478">
        <ele>866.92</ele>
        <time>2026-05-09T14:27:21Z</time>
      </trkpt>
      <trkpt lat="44.18946" lon="-73.83475">
        <ele>867.14</ele>
        <time>2026-05-09T14:27:27Z</time>
      </trkpt>
      <trkpt lat="44.18947" lon="-73.83475">
        <ele>867.68</ele>
        <time>2026-05-09T14:27:35Z</time>
      </trkpt>
      <trkpt lat="44.18947" lon="-73.83474">
        <ele>867.57</ele>
        <time>2026-05-09T14:27:50Z</time>
      </trkpt>
      <trkpt lat="44.18948" lon="-73.83473">
        <ele>868.0</ele>
        <time>2026-05-09T14:27:53Z</time>
      </trkpt>
      <trkpt lat="44.18949" lon="-73.83471">
        <ele>868.33</ele>
        <time>2026-05-09T14:27:57Z</time>
      </trkpt>
      <trkpt lat="44.18953" lon="-73.83469">
        <ele>870.27</ele>
        <time>2026-05-09T14:28:05Z</time>
      </trkpt>
      <trkpt lat="44.18953" lon="-73.83469">
        <ele>870.27</ele>
        <time>2026-05-09T14:28:06Z</time>
      </trkpt>
      <trkpt lat="44.18954" lon="-73.83468">
        <ele>870.67</ele>
        <time>2026-05-09T14:28:10Z</time>
      </trkpt>
      <trkpt lat="44.18955" lon="-73.83466">
        <ele>870.89</ele>
        <time>2026-05-09T14:28:13Z</time>
      </trkpt>
      <trkpt lat="44.18955" lon="-73.83465">
        <ele>870.78</ele>
        <time>2026-05-09T14:28:22Z</time>
      </trkpt>
      <trkpt lat="44.18956" lon="-73.83465">
        <ele>871.21</ele>
        <time>2026-05-09T14:28:32Z</time>
      </trkpt>
      <trkpt lat="44.18957" lon="-73.83465">
        <ele>871.64</ele>
        <time>2026-05-09T14:28:35Z</time>
      </trkpt>
      <trkpt lat="44.18958" lon="-73.83465">
        <ele>872.08</ele>
        <time>2026-05-09T14:28:38Z</time>
      </trkpt>
      <trkpt lat="44.18959" lon="-73.83462">
        <ele>872.12</ele>
        <time>2026-05-09T14:28:42Z</time>
      </trkpt>
      <trkpt lat="44.18959" lon="-73.83463">
        <ele>872.29</ele>
        <time>2026-05-09T14:28:43Z</time>
      </trkpt>
      <trkpt lat="44.1896" lon="-73.83468">
        <ele>873.26</ele>
        <time>2026-05-09T14:28:49Z</time>
      </trkpt>
      <trkpt lat="44.18963" lon="-73.83471">
        <ele>874.88</ele>
        <time>2026-05-09T14:28:55Z</time>
      </trkpt>
      <trkpt lat="44.18964" lon="-73.83471">
        <ele>875.2</ele>
        <time>2026-05-09T14:28:56Z</time>
      </trkpt>
      <trkpt lat="44.18964" lon="-73.83472">
        <ele>875.31</ele>
        <time>2026-05-09T14:28:59Z</time>
      </trkpt>
      <trkpt lat="44.18963" lon="-73.83472">
        <ele>874.99</ele>
        <time>2026-05-09T14:29:03Z</time>
      </trkpt>
      <trkpt lat="44.18964" lon="-73.83472">
        <ele>875.31</ele>
        <time>2026-05-09T14:29:13Z</time>
      </trkpt>
      <trkpt lat="44.18964" lon="-73.83472">
        <ele>875.31</ele>
        <time>2026-05-09T14:29:18Z</time>
      </trkpt>
      <trkpt lat="44.18963" lon="-73.83475">
        <ele>875.31</ele>
        <time>2026-05-09T14:29:20Z</time>
      </trkpt>
      <trkpt lat="44.18966" lon="-73.83483">
        <ele>877.48</ele>
        <time>2026-05-09T14:29:27Z</time>
      </trkpt>
      <trkpt lat="44.18969" lon="-73.83489">
        <ele>879.42</ele>
        <time>2026-05-09T14:29:32Z</time>
      </trkpt>
      <trkpt lat="44.1897" lon="-73.8349">
        <ele>879.96</ele>
        <time>2026-05-09T14:29:34Z</time>
      </trkpt>
      <trkpt lat="44.1897" lon="-73.8349">
        <ele>879.96</ele>
        <time>2026-05-09T14:29:37Z</time>
      </trkpt>
      <trkpt lat="44.18971" lon="-73.83489">
        <ele>880.28</ele>
        <time>2026-05-09T14:29:41Z</time>
      </trkpt>
      <trkpt lat="44.18971" lon="-73.8349">
        <ele>880.39</ele>
        <time>2026-05-09T14:29:48Z</time>
      </trkpt>
      <trkpt lat="44.18971" lon="-73.83491">
        <ele>880.5</ele>
        <time>2026-05-09T14:29:54Z</time>
      </trkpt>
      <trkpt lat="44.18971" lon="-73.83491">
        <ele>880.5</ele>
        <time>2026-05-09T14:29:57Z</time>
      </trkpt>
      <trkpt lat="44.18971" lon="-73.8349">
        <ele>880.39</ele>
        <time>2026-05-09T14:30:02Z</time>
      </trkpt>
      <trkpt lat="44.18971" lon="-73.8349">
        <ele>880.39</ele>
        <time>2026-05-09T14:30:06Z</time>
      </trkpt>
      <trkpt lat="44.1897" lon="-73.8349">
        <ele>879.96</ele>
        <time>2026-05-09T14:30:08Z</time>
      </trkpt>
      <trkpt lat="44.1897" lon="-73.8349">
        <ele>879.96</ele>
        <time>2026-05-09T14:30:13Z</time>
      </trkpt>
      <trkpt lat="44.1897" lon="-73.8349">
        <ele>879.96</ele>
        <time>2026-05-09T14:30:20Z</time>
      </trkpt>
      <trkpt lat="44.18971" lon="-73.83491">
        <ele>880.5</ele>
        <time>2026-05-09T14:30:28Z</time>
      </trkpt>
      <trkpt lat="44.18973" lon="-73.83491">
        <ele>881.28</ele>
        <time>2026-05-09T14:30:33Z</time>
      </trkpt>
      <trkpt lat="44.18973" lon="-73.83491">
        <ele>881.28</ele>
        <time>2026-05-09T14:30:34Z</time>
      </trkpt>
      <trkpt lat="44.18977" lon="-73.8349">
        <ele>882.47</ele>
        <time>2026-05-09T14:30:37Z</time>
      </trkpt>
      <trkpt lat="44.18982" lon="-73.83485">
        <ele>883.51</ele>
        <time>2026-05-09T14:30:45Z</time>
      </trkpt>
      <trkpt lat="44.18982" lon="-73.83484">
        <ele>883.4</ele>
        <time>2026-05-09T14:30:46Z</time>
      </trkpt>
      <trkpt lat="44.18986" lon="-73.83486">
        <ele>884.7</ele>
        <time>2026-05-09T14:30:52Z</time>
      </trkpt>
      <trkpt lat="44.18989" lon="-73.83488">
        <ele>885.9</ele>
        <time>2026-05-09T14:30:58Z</time>
      </trkpt>
      <trkpt lat="44.18995" lon="-73.8349">
        <ele>887.26</ele>
        <time>2026-05-09T14:31:06Z</time>
      </trkpt>
      <trkpt lat="44.18995" lon="-73.8349">
        <ele>887.26</ele>
        <time>2026-05-09T14:31:07Z</time>
      </trkpt>
      <trkpt lat="44.18995" lon="-73.83491">
        <ele>887.52</ele>
        <time>2026-05-09T14:31:09Z</time>
      </trkpt>
      <trkpt lat="44.18996" lon="-73.83491">
        <ele>887.62</ele>
        <time>2026-05-09T14:31:11Z</time>
      </trkpt>
      <trkpt lat="44.18995" lon="-73.83491">
        <ele>887.52</ele>
        <time>2026-05-09T14:31:14Z</time>
      </trkpt>
      <trkpt lat="44.18995" lon="-73.83491">
        <ele>887.52</ele>
        <time>2026-05-09T14:31:18Z</time>
      </trkpt>
      <trkpt lat="44.18995" lon="-73.83491">
        <ele>887.52</ele>
        <time>2026-05-09T14:31:21Z</time>
      </trkpt>
      <trkpt lat="44.18995" lon="-73.83491">
        <ele>887.52</ele>
        <time>2026-05-09T14:31:24Z</time>
      </trkpt>
      <trkpt lat="44.18993" lon="-73.83492">
        <ele>887.52</ele>
        <time>2026-05-09T14:31:27Z</time>
      </trkpt>
      <trkpt lat="44.18993" lon="-73.83494">
        <ele>887.95</ele>
        <time>2026-05-09T14:31:29Z</time>
      </trkpt>
      <trkpt lat="44.18993" lon="-73.83497">
        <ele>888.6</ele>
        <time>2026-05-09T14:31:33Z</time>
      </trkpt>
      <trkpt lat="44.18993" lon="-73.83498">
        <ele>888.81</ele>
        <time>2026-05-09T14:31:34Z</time>
      </trkpt>
      <trkpt lat="44.18994" lon="-73.83498">
        <ele>888.92</ele>
        <time>2026-05-09T14:31:37Z</time>
      </trkpt>
      <trkpt lat="44.18993" lon="-73.83499">
        <ele>889.03</ele>
        <time>2026-05-09T14:31:39Z</time>
      </trkpt>
      <trkpt lat="44.18992" lon="-73.835">
        <ele>889.14</ele>
        <time>2026-05-09T14:31:41Z</time>
      </trkpt>
      <trkpt lat="44.18992" lon="-73.83503">
        <ele>889.78</ele>
        <time>2026-05-09T14:31:44Z</time>
      </trkpt>
      <trkpt lat="44.18991" lon="-73.83508">
        <ele>890.76</ele>
        <time>2026-05-09T14:31:49Z</time>
      </trkpt>
      <trkpt lat="44.1899" lon="-73.83511">
        <ele>890.95</ele>
        <time>2026-05-09T14:31:56Z</time>
      </trkpt>
      <trkpt lat="44.1899" lon="-73.83511">
        <ele>890.95</ele>
        <time>2026-05-09T14:32:02Z</time>
      </trkpt>
      <trkpt lat="44.18989" lon="-73.83514">
        <ele>890.95</ele>
        <time>2026-05-09T14:32:30Z</time>
      </trkpt>
      <trkpt lat="44.18989" lon="-73.83516">
        <ele>891.16</ele>
        <time>2026-05-09T14:32:38Z</time>
      </trkpt>
      <trkpt lat="44.1899" lon="-73.83516">
        <ele>891.49</ele>
        <time>2026-05-09T14:32:40Z</time>
      </trkpt>
      <trkpt lat="44.1899" lon="-73.83516">
        <ele>891.49</ele>
        <time>2026-05-09T14:32:42Z</time>
      </trkpt>
      <trkpt lat="44.1899" lon="-73.83515">
        <ele>891.38</ele>
        <time>2026-05-09T14:32:44Z</time>
      </trkpt>
      <trkpt lat="44.1899" lon="-73.83516">
        <ele>891.49</ele>
        <time>2026-05-09T14:32:49Z</time>
      </trkpt>
      <trkpt lat="44.18991" lon="-73.83514">
        <ele>891.55</ele>
        <time>2026-05-09T14:33:32Z</time>
      </trkpt>
      <trkpt lat="44.1899" lon="-73.83513">
        <ele>891.16</ele>
        <time>2026-05-09T14:33:41Z</time>
      </trkpt>
      <trkpt lat="44.18989" lon="-73.83512">
        <ele>890.73</ele>
        <time>2026-05-09T14:33:50Z</time>
      </trkpt>
      <trkpt lat="44.18989" lon="-73.83512">
        <ele>890.73</ele>
        <time>2026-05-09T14:33:56Z</time>
      </trkpt>
      <trkpt lat="44.18989" lon="-73.83512">
        <ele>890.73</ele>
        <time>2026-05-09T14:33:58Z</time>
      </trkpt>
      <trkpt lat="44.18989" lon="-73.83513">
        <ele>890.84</ele>
        <time>2026-05-09T14:34:09Z</time>
      </trkpt>
      <trkpt lat="44.18989" lon="-73.83513">
        <ele>890.84</ele>
        <time>2026-05-09T14:34:12Z</time>
      </trkpt>
      <trkpt lat="44.18989" lon="-73.83514">
        <ele>890.95</ele>
        <time>2026-05-09T14:34:55Z</time>
      </trkpt>
      <trkpt lat="44.18989" lon="-73.83515">
        <ele>891.06</ele>
        <time>2026-05-09T14:35:09Z</time>
      </trkpt>
      <trkpt lat="44.1899" lon="-73.83515">
        <ele>891.38</ele>
        <time>2026-05-09T14:35:32Z</time>
      </trkpt>
      <trkpt lat="44.1899" lon="-73.83514">
        <ele>891.27</ele>
        <time>2026-05-09T14:35:33Z</time>
      </trkpt>
      <trkpt lat="44.1899" lon="-73.83514">
        <ele>891.27</ele>
        <time>2026-05-09T14:35:40Z</time>
      </trkpt>
      <trkpt lat="44.18992" lon="-73.83516">
        <ele>891.96</ele>
        <time>2026-05-09T14:35:49Z</time>
      </trkpt>
      <trkpt lat="44.18994" lon="-73.83517">
        <ele>892.48</ele>
        <time>2026-05-09T14:35:51Z</time>
      </trkpt>
      <trkpt lat="44.18996" lon="-73.83519">
        <ele>893.24</ele>
        <time>2026-05-09T14:35:58Z</time>
      </trkpt>
      <trkpt lat="44.18996" lon="-73.83519">
        <ele>893.24</ele>
        <time>2026-05-09T14:36:01Z</time>
      </trkpt>
      <trkpt lat="44.18997" lon="-73.8352">
        <ele>893.67</ele>
        <time>2026-05-09T14:36:05Z</time>
      </trkpt>
      <trkpt lat="44.18997" lon="-73.83522">
        <ele>894.1</ele>
        <time>2026-05-09T14:36:10Z</time>
      </trkpt>
      <trkpt lat="44.18997" lon="-73.83522">
        <ele>894.1</ele>
        <time>2026-05-09T14:36:13Z</time>
      </trkpt>
      <trkpt lat="44.18997" lon="-73.83522">
        <ele>894.1</ele>
        <time>2026-05-09T14:36:16Z</time>
      </trkpt>
      <trkpt lat="44.18997" lon="-73.83524">
        <ele>894.54</ele>
        <time>2026-05-09T14:36:24Z</time>
      </trkpt>
      <trkpt lat="44.18998" lon="-73.83526">
        <ele>895.18</ele>
        <time>2026-05-09T14:36:26Z</time>
      </trkpt>
      <trkpt lat="44.18998" lon="-73.83529">
        <ele>895.83</ele>
        <time>2026-05-09T14:36:30Z</time>
      </trkpt>
      <trkpt lat="44.18999" lon="-73.83532">
        <ele>896.7</ele>
        <time>2026-05-09T14:36:34Z</time>
      </trkpt>
      <trkpt lat="44.18999" lon="-73.83533">
        <ele>896.91</ele>
        <time>2026-05-09T14:36:37Z</time>
      </trkpt>
      <trkpt lat="44.18999" lon="-73.8354">
        <ele>898.39</ele>
        <time>2026-05-09T14:36:45Z</time>
      </trkpt>
      <trkpt lat="44.19" lon="-73.8354">
        <ele>898.64</ele>
        <time>2026-05-09T14:36:46Z</time>
      </trkpt>
      <trkpt lat="44.19001" lon="-73.83541">
        <ele>898.79</ele>
        <time>2026-05-09T14:36:51Z</time>
      </trkpt>
      <trkpt lat="44.19001" lon="-73.83542">
        <ele>899.02</ele>
        <time>2026-05-09T14:36:54Z</time>
      </trkpt>
      <trkpt lat="44.19001" lon="-73.83542">
        <ele>899.02</ele>
        <time>2026-05-09T14:36:56Z</time>
      </trkpt>
      <trkpt lat="44.19002" lon="-73.83545">
        <ele>899.69</ele>
        <time>2026-05-09T14:37:01Z</time>
      </trkpt>
      <trkpt lat="44.19002" lon="-73.83547">
        <ele>900.15</ele>
        <time>2026-05-09T14:37:05Z</time>
      </trkpt>
      <trkpt lat="44.19002" lon="-73.83549">
        <ele>900.58</ele>
        <time>2026-05-09T14:37:07Z</time>
      </trkpt>
      <trkpt lat="44.19001" lon="-73.83553">
        <ele>901.45</ele>
        <time>2026-05-09T14:37:12Z</time>
      </trkpt>
      <trkpt lat="44.19001" lon="-73.83554">
        <ele>901.66</ele>
        <time>2026-05-09T14:37:13Z</time>
      </trkpt>
      <trkpt lat="44.19001" lon="-73.83561">
        <ele>902.59</ele>
        <time>2026-05-09T14:37:21Z</time>
      </trkpt>
      <trkpt lat="44.19001" lon="-73.83562">
        <ele>902.7</ele>
        <time>2026-05-09T14:37:22Z</time>
      </trkpt>
      <trkpt lat="44.19002" lon="-73.83567">
        <ele>903.05</ele>
        <time>2026-05-09T14:37:28Z</time>
      </trkpt>
      <trkpt lat="44.19002" lon="-73.83568">
        <ele>903.07</ele>
        <time>2026-05-09T14:37:30Z</time>
      </trkpt>
      <trkpt lat="44.19002" lon="-73.83569">
        <ele>903.1</ele>
        <time>2026-05-09T14:37:31Z</time>
      </trkpt>
      <trkpt lat="44.19002" lon="-73.83569">
        <ele>903.1</ele>
        <time>2026-05-09T14:37:32Z</time>
      </trkpt>
      <trkpt lat="44.19001" lon="-73.83572">
        <ele>903.08</ele>
        <time>2026-05-09T14:37:36Z</time>
      </trkpt>
      <trkpt lat="44.19001" lon="-73.83578">
        <ele>903.15</ele>
        <time>2026-05-09T14:37:44Z</time>
      </trkpt>
      <trkpt lat="44.19" lon="-73.8358">
        <ele>903.0</ele>
        <time>2026-05-09T14:37:49Z</time>
      </trkpt>
      <trkpt lat="44.18999" lon="-73.83583">
        <ele>902.68</ele>
        <time>2026-05-09T14:37:53Z</time>
      </trkpt>
      <trkpt lat="44.18998" lon="-73.83585">
        <ele>902.49</ele>
        <time>2026-05-09T14:37:55Z</time>
      </trkpt>
      <trkpt lat="44.18998" lon="-73.83587">
        <ele>902.66</ele>
        <time>2026-05-09T14:38:00Z</time>
      </trkpt>
      <trkpt lat="44.18998" lon="-73.83594">
        <ele>903.14</ele>
        <time>2026-05-09T14:38:06Z</time>
      </trkpt>
      <trkpt lat="44.18998" lon="-73.83602">
        <ele>903.14</ele>
        <time>2026-05-09T14:38:16Z</time>
      </trkpt>
      <trkpt lat="44.18998" lon="-73.83607">
        <ele>903.26</ele>
        <time>2026-05-09T14:38:21Z</time>
      </trkpt>
      <trkpt lat="44.18998" lon="-73.8361">
        <ele>903.33</ele>
        <time>2026-05-09T14:38:25Z</time>
      </trkpt>
      <trkpt lat="44.18999" lon="-73.83613">
        <ele>903.68</ele>
        <time>2026-05-09T14:38:32Z</time>
      </trkpt>
      <trkpt lat="44.19" lon="-73.83617">
        <ele>904.0</ele>
        <time>2026-05-09T14:38:36Z</time>
      </trkpt>
      <trkpt lat="44.19001" lon="-73.8362">
        <ele>904.22</ele>
        <time>2026-05-09T14:38:40Z</time>
      </trkpt>
      <trkpt lat="44.19001" lon="-73.83624">
        <ele>904.22</ele>
        <time>2026-05-09T14:38:45Z</time>
      </trkpt>
      <trkpt lat="44.19002" lon="-73.83626">
        <ele>904.43</ele>
        <time>2026-05-09T14:38:49Z</time>
      </trkpt>
      <trkpt lat="44.19004" lon="-73.83632">
        <ele>904.86</ele>
        <time>2026-05-09T14:38:58Z</time>
      </trkpt>
      <trkpt lat="44.19003" lon="-73.83638">
        <ele>904.65</ele>
        <time>2026-05-09T14:39:06Z</time>
      </trkpt>
      <trkpt lat="44.19004" lon="-73.83644">
        <ele>904.86</ele>
        <time>2026-05-09T14:39:15Z</time>
      </trkpt>
      <trkpt lat="44.19004" lon="-73.83647">
        <ele>904.86</ele>
        <time>2026-05-09T14:39:18Z</time>
      </trkpt>
      <trkpt lat="44.19006" lon="-73.83651">
        <ele>904.99</ele>
        <time>2026-05-09T14:39:22Z</time>
      </trkpt>
      <trkpt lat="44.19009" lon="-73.83653">
        <ele>905.42</ele>
        <time>2026-05-09T14:39:29Z</time>
      </trkpt>
      <trkpt lat="44.19009" lon="-73.83655">
        <ele>905.2</ele>
        <time>2026-05-09T14:39:36Z</time>
      </trkpt>
      <trkpt lat="44.19011" lon="-73.83655">
        <ele>905.78</ele>
        <time>2026-05-09T14:39:39Z</time>
      </trkpt>
      <trkpt lat="44.19012" lon="-73.83655">
        <ele>906.07</ele>
        <time>2026-05-09T14:39:41Z</time>
      </trkpt>
      <trkpt lat="44.19016" lon="-73.83652">
        <ele>907.34</ele>
        <time>2026-05-09T14:39:50Z</time>
      </trkpt>
      <trkpt lat="44.19017" lon="-73.8365">
        <ele>907.64</ele>
        <time>2026-05-09T14:39:57Z</time>
      </trkpt>
      <trkpt lat="44.19017" lon="-73.83649">
        <ele>907.66</ele>
        <time>2026-05-09T14:39:58Z</time>
      </trkpt>
      <trkpt lat="44.19018" lon="-73.83649">
        <ele>907.88</ele>
        <time>2026-05-09T14:40:02Z</time>
      </trkpt>
      <trkpt lat="44.19019" lon="-73.83647">
        <ele>907.93</ele>
        <time>2026-05-09T14:40:05Z</time>
      </trkpt>
      <trkpt lat="44.19022" lon="-73.83645">
        <ele>908.04</ele>
        <time>2026-05-09T14:40:13Z</time>
      </trkpt>
      <trkpt lat="44.19027" lon="-73.8364">
        <ele>908.04</ele>
        <time>2026-05-09T14:40:22Z</time>
      </trkpt>
      <trkpt lat="44.19027" lon="-73.83639">
        <ele>907.93</ele>
        <time>2026-05-09T14:40:23Z</time>
      </trkpt>
      <trkpt lat="44.19031" lon="-73.83635">
        <ele>906.04</ele>
        <time>2026-05-09T14:40:29Z</time>
      </trkpt>
      <trkpt lat="44.19031" lon="-73.83637">
        <ele>906.69</ele>
        <time>2026-05-09T14:40:33Z</time>
      </trkpt>
      <trkpt lat="44.19031" lon="-73.83638">
        <ele>907.02</ele>
        <time>2026-05-09T14:40:37Z</time>
      </trkpt>
      <trkpt lat="44.19029" lon="-73.83641">
        <ele>908.02</ele>
        <time>2026-05-09T14:40:44Z</time>
      </trkpt>
      <trkpt lat="44.19029" lon="-73.83642">
        <ele>908.16</ele>
        <time>2026-05-09T14:40:45Z</time>
      </trkpt>
      <trkpt lat="44.19029" lon="-73.83645">
        <ele>908.57</ele>
        <time>2026-05-09T14:40:50Z</time>
      </trkpt>
      <trkpt lat="44.19029" lon="-73.83646">
        <ele>908.71</ele>
        <time>2026-05-09T14:40:52Z</time>
      </trkpt>
      <trkpt lat="44.19028" lon="-73.83651">
        <ele>909.32</ele>
        <time>2026-05-09T14:40:57Z</time>
      </trkpt>
      <trkpt lat="44.19029" lon="-73.83655">
        <ele>909.84</ele>
        <time>2026-05-09T14:41:00Z</time>
      </trkpt>
      <trkpt lat="44.1903" lon="-73.83657">
        <ele>910.19</ele>
        <time>2026-05-09T14:41:02Z</time>
      </trkpt>
      <trkpt lat="44.1903" lon="-73.83657">
        <ele>910.19</ele>
        <time>2026-05-09T14:41:05Z</time>
      </trkpt>
      <trkpt lat="44.19032" lon="-73.83661">
        <ele>910.63</ele>
        <time>2026-05-09T14:41:15Z</time>
      </trkpt>
      <trkpt lat="44.19032" lon="-73.83662">
        <ele>910.68</ele>
        <time>2026-05-09T14:41:16Z</time>
      </trkpt>
      <trkpt lat="44.19032" lon="-73.83663">
        <ele>910.73</ele>
        <time>2026-05-09T14:41:18Z</time>
      </trkpt>
      <trkpt lat="44.19033" lon="-73.83666">
        <ele>911.09</ele>
        <time>2026-05-09T14:41:23Z</time>
      </trkpt>
      <trkpt lat="44.19034" lon="-73.83668">
        <ele>911.3</ele>
        <time>2026-05-09T14:41:25Z</time>
      </trkpt>
      <trkpt lat="44.19034" lon="-73.83672">
        <ele>911.16</ele>
        <time>2026-05-09T14:41:29Z</time>
      </trkpt>
      <trkpt lat="44.19035" lon="-73.83673">
        <ele>911.41</ele>
        <time>2026-05-09T14:41:31Z</time>
      </trkpt>
      <trkpt lat="44.19036" lon="-73.83675">
        <ele>911.68</ele>
        <time>2026-05-09T14:41:33Z</time>
      </trkpt>
      <trkpt lat="44.19036" lon="-73.83675">
        <ele>911.68</ele>
        <time>2026-05-09T14:41:34Z</time>
      </trkpt>
      <trkpt lat="44.19038" lon="-73.8368">
        <ele>911.65</ele>
        <time>2026-05-09T14:41:41Z</time>
      </trkpt>
      <trkpt lat="44.19039" lon="-73.83682">
        <ele>911.62</ele>
        <time>2026-05-09T14:41:43Z</time>
      </trkpt>
      <trkpt lat="44.19041" lon="-73.83687">
        <ele>911.86</ele>
        <time>2026-05-09T14:41:49Z</time>
      </trkpt>
      <trkpt lat="44.19042" lon="-73.83688">
        <ele>912.07</ele>
        <time>2026-05-09T14:41:50Z</time>
      </trkpt>
      <trkpt lat="44.19043" lon="-73.83695">
        <ele>912.27</ele>
        <time>2026-05-09T14:41:57Z</time>
      </trkpt>
      <trkpt lat="44.19044" lon="-73.83696">
        <ele>912.46</ele>
        <time>2026-05-09T14:41:58Z</time>
      </trkpt>
      <trkpt lat="44.19046" lon="-73.837">
        <ele>912.92</ele>
        <time>2026-05-09T14:42:02Z</time>
      </trkpt>
      <trkpt lat="44.19046" lon="-73.83703">
        <ele>912.91</ele>
        <time>2026-05-09T14:42:05Z</time>
      </trkpt>
      <trkpt lat="44.19047" lon="-73.83706">
        <ele>912.79</ele>
        <time>2026-05-09T14:42:08Z</time>
      </trkpt>
      <trkpt lat="44.19047" lon="-73.8371">
        <ele>912.42</ele>
        <time>2026-05-09T14:42:12Z</time>
      </trkpt>
      <trkpt lat="44.19049" lon="-73.83717">
        <ele>912.58</ele>
        <time>2026-05-09T14:42:20Z</time>
      </trkpt>
      <trkpt lat="44.1905" lon="-73.83722">
        <ele>912.8</ele>
        <time>2026-05-09T14:42:26Z</time>
      </trkpt>
      <trkpt lat="44.19051" lon="-73.83724">
        <ele>912.82</ele>
        <time>2026-05-09T14:42:28Z</time>
      </trkpt>
      <trkpt lat="44.19052" lon="-73.83731">
        <ele>912.28</ele>
        <time>2026-05-09T14:42:35Z</time>
      </trkpt>
      <trkpt lat="44.19052" lon="-73.83736">
        <ele>912.04</ele>
        <time>2026-05-09T14:42:41Z</time>
      </trkpt>
      <trkpt lat="44.19052" lon="-73.8374">
        <ele>911.88</ele>
        <time>2026-05-09T14:42:45Z</time>
      </trkpt>
      <trkpt lat="44.19053" lon="-73.83745">
        <ele>911.84</ele>
        <time>2026-05-09T14:42:50Z</time>
      </trkpt>
      <trkpt lat="44.19053" lon="-73.83746">
        <ele>911.76</ele>
        <time>2026-05-09T14:42:51Z</time>
      </trkpt>
      <trkpt lat="44.19054" lon="-73.83748">
        <ele>911.84</ele>
        <time>2026-05-09T14:42:53Z</time>
      </trkpt>
      <trkpt lat="44.19058" lon="-73.83756">
        <ele>911.52</ele>
        <time>2026-05-09T14:43:02Z</time>
      </trkpt>
      <trkpt lat="44.19058" lon="-73.83758">
        <ele>911.36</ele>
        <time>2026-05-09T14:43:05Z</time>
      </trkpt>
      <trkpt lat="44.19058" lon="-73.83763">
        <ele>910.75</ele>
        <time>2026-05-09T14:43:10Z</time>
      </trkpt>
      <trkpt lat="44.19059" lon="-73.83765">
        <ele>910.52</ele>
        <time>2026-05-09T14:43:12Z</time>
      </trkpt>
      <trkpt lat="44.19061" lon="-73.83767">
        <ele>910.26</ele>
        <time>2026-05-09T14:43:17Z</time>
      </trkpt>
      <trkpt lat="44.19063" lon="-73.83771">
        <ele>909.68</ele>
        <time>2026-05-09T14:43:21Z</time>
      </trkpt>
      <trkpt lat="44.19066" lon="-73.83775">
        <ele>908.83</ele>
        <time>2026-05-09T14:43:27Z</time>
      </trkpt>
      <trkpt lat="44.19066" lon="-73.83776">
        <ele>908.7</ele>
        <time>2026-05-09T14:43:28Z</time>
      </trkpt>
      <trkpt lat="44.19068" lon="-73.83785">
        <ele>906.6</ele>
        <time>2026-05-09T14:43:36Z</time>
      </trkpt>
      <trkpt lat="44.19068" lon="-73.8379">
        <ele>906.21</ele>
        <time>2026-05-09T14:43:43Z</time>
      </trkpt>
      <trkpt lat="44.19068" lon="-73.83791">
        <ele>906.18</ele>
        <time>2026-05-09T14:43:47Z</time>
      </trkpt>
      <trkpt lat="44.19067" lon="-73.83792">
        <ele>906.24</ele>
        <time>2026-05-09T14:43:51Z</time>
      </trkpt>
      <trkpt lat="44.19066" lon="-73.83794">
        <ele>906.18</ele>
        <time>2026-05-09T14:43:54Z</time>
      </trkpt>
      <trkpt lat="44.19068" lon="-73.83798">
        <ele>905.94</ele>
        <time>2026-05-09T14:44:00Z</time>
      </trkpt>
      <trkpt lat="44.19068" lon="-73.83798">
        <ele>905.94</ele>
        <time>2026-05-09T14:44:01Z</time>
      </trkpt>
      <trkpt lat="44.19069" lon="-73.83799">
        <ele>905.97</ele>
        <time>2026-05-09T14:44:06Z</time>
      </trkpt>
      <trkpt lat="44.19069" lon="-73.838">
        <ele>905.96</ele>
        <time>2026-05-09T14:44:07Z</time>
      </trkpt>
      <trkpt lat="44.1907" lon="-73.838">
        <ele>906.05</ele>
        <time>2026-05-09T14:44:10Z</time>
      </trkpt>
      <trkpt lat="44.1907" lon="-73.838">
        <ele>906.05</ele>
        <time>2026-05-09T14:44:13Z</time>
      </trkpt>
      <trkpt lat="44.1907" lon="-73.83801">
        <ele>906.06</ele>
        <time>2026-05-09T14:44:18Z</time>
      </trkpt>
      <trkpt lat="44.1907" lon="-73.83803">
        <ele>906.09</ele>
        <time>2026-05-09T14:44:22Z</time>
      </trkpt>
      <trkpt lat="44.19073" lon="-73.83802">
        <ele>906.47</ele>
        <time>2026-05-09T14:44:30Z</time>
      </trkpt>
      <trkpt lat="44.19074" lon="-73.83802">
        <ele>906.61</ele>
        <time>2026-05-09T14:44:31Z</time>
      </trkpt>
      <trkpt lat="44.19076" lon="-73.83802">
        <ele>906.66</ele>
        <time>2026-05-09T14:44:38Z</time>
      </trkpt>
      <trkpt lat="44.19076" lon="-73.83803">
        <ele>906.82</ele>
        <time>2026-05-09T14:44:40Z</time>
      </trkpt>
      <trkpt lat="44.19082" lon="-73.83804">
        <ele>907.4</ele>
        <time>2026-05-09T14:44:48Z</time>
      </trkpt>
      <trkpt lat="44.19083" lon="-73.83805">
        <ele>907.79</ele>
        <time>2026-05-09T14:44:50Z</time>
      </trkpt>
      <trkpt lat="44.19086" lon="-73.83804">
        <ele>907.74</ele>
        <time>2026-05-09T14:44:55Z</time>
      </trkpt>
      <trkpt lat="44.19087" lon="-73.83803">
        <ele>907.46</ele>
        <time>2026-05-09T14:44:56Z</time>
      </trkpt>
      <trkpt lat="44.19088" lon="-73.83802">
        <ele>907.16</ele>
        <time>2026-05-09T14:44:58Z</time>
      </trkpt>
      <trkpt lat="44.19089" lon="-73.83802">
        <ele>907.22</ele>
        <time>2026-05-09T14:45:03Z</time>
      </trkpt>
      <trkpt lat="44.19089" lon="-73.83802">
        <ele>907.22</ele>
        <time>2026-05-09T14:45:05Z</time>
      </trkpt>
      <trkpt lat="44.19089" lon="-73.83803">
        <ele>907.62</ele>
        <time>2026-05-09T14:45:07Z</time>
      </trkpt>
      <trkpt lat="44.1909" lon="-73.83804">
        <ele>908.1</ele>
        <time>2026-05-09T14:45:09Z</time>
      </trkpt>
      <trkpt lat="44.1909" lon="-73.83804">
        <ele>908.1</ele>
        <time>2026-05-09T14:45:10Z</time>
      </trkpt>
      <trkpt lat="44.19091" lon="-73.83804">
        <ele>908.18</ele>
        <time>2026-05-09T14:45:11Z</time>
      </trkpt>
      <trkpt lat="44.19091" lon="-73.83805">
        <ele>908.6</ele>
        <time>2026-05-09T14:45:16Z</time>
      </trkpt>
      <trkpt lat="44.19091" lon="-73.83805">
        <ele>908.6</ele>
        <time>2026-05-09T14:45:24Z</time>
      </trkpt>
      <trkpt lat="44.19091" lon="-73.83808">
        <ele>909.53</ele>
        <time>2026-05-09T14:45:33Z</time>
      </trkpt>
      <trkpt lat="44.1909" lon="-73.83811">
        <ele>910.15</ele>
        <time>2026-05-09T14:45:39Z</time>
      </trkpt>
      <trkpt lat="44.19089" lon="-73.83814">
        <ele>910.64</ele>
        <time>2026-05-09T14:45:42Z</time>
      </trkpt>
      <trkpt lat="44.1909" lon="-73.83816">
        <ele>911.38</ele>
        <time>2026-05-09T14:45:46Z</time>
      </trkpt>
      <trkpt lat="44.19092" lon="-73.83819">
        <ele>912.68</ele>
        <time>2026-05-09T14:45:50Z</time>
      </trkpt>
      <trkpt lat="44.19092" lon="-73.83819">
        <ele>912.68</ele>
        <time>2026-05-09T14:45:51Z</time>
      </trkpt>
      <trkpt lat="44.19093" lon="-73.8382">
        <ele>913.23</ele>
        <time>2026-05-09T14:45:55Z</time>
      </trkpt>
      <trkpt lat="44.19093" lon="-73.8382">
        <ele>913.23</ele>
        <time>2026-05-09T14:45:57Z</time>
      </trkpt>
      <trkpt lat="44.19095" lon="-73.83821">
        <ele>914.03</ele>
        <time>2026-05-09T14:46:12Z</time>
      </trkpt>
      <trkpt lat="44.191" lon="-73.83822">
        <ele>915.77</ele>
        <time>2026-05-09T14:46:20Z</time>
      </trkpt>
      <trkpt lat="44.19101" lon="-73.83822">
        <ele>916.07</ele>
        <time>2026-05-09T14:46:23Z</time>
      </trkpt>
      <trkpt lat="44.19102" lon="-73.83822">
        <ele>916.36</ele>
        <time>2026-05-09T14:46:24Z</time>
      </trkpt>
      <trkpt lat="44.19102" lon="-73.83821">
        <ele>916.03</ele>
        <time>2026-05-09T14:46:28Z</time>
      </trkpt>
      <trkpt lat="44.19104" lon="-73.8382">
        <ele>916.04</ele>
        <time>2026-05-09T14:46:30Z</time>
      </trkpt>
      <trkpt lat="44.19104" lon="-73.83822">
        <ele>916.74</ele>
        <time>2026-05-09T14:46:38Z</time>
      </trkpt>
      <trkpt lat="44.19104" lon="-73.83823">
        <ele>917.09</ele>
        <time>2026-05-09T14:46:40Z</time>
      </trkpt>
      <trkpt lat="44.19104" lon="-73.83824">
        <ele>917.44</ele>
        <time>2026-05-09T14:46:43Z</time>
      </trkpt>
      <trkpt lat="44.19103" lon="-73.83825">
        <ele>917.46</ele>
        <time>2026-05-09T14:46:47Z</time>
      </trkpt>
      <trkpt lat="44.19104" lon="-73.83826">
        <ele>917.93</ele>
        <time>2026-05-09T14:46:53Z</time>
      </trkpt>
      <trkpt lat="44.19104" lon="-73.83826">
        <ele>917.93</ele>
        <time>2026-05-09T14:46:54Z</time>
      </trkpt>
      <trkpt lat="44.19104" lon="-73.83826">
        <ele>917.93</ele>
        <time>2026-05-09T14:46:55Z</time>
      </trkpt>
      <trkpt lat="44.19103" lon="-73.83827">
        <ele>917.92</ele>
        <time>2026-05-09T14:47:03Z</time>
      </trkpt>
      <trkpt lat="44.19103" lon="-73.8383">
        <ele>918.61</ele>
        <time>2026-05-09T14:47:09Z</time>
      </trkpt>
      <trkpt lat="44.19104" lon="-73.8383">
        <ele>918.89</ele>
        <time>2026-05-09T14:47:10Z</time>
      </trkpt>
      <trkpt lat="44.19104" lon="-73.8383">
        <ele>918.89</ele>
        <time>2026-05-09T14:47:12Z</time>
      </trkpt>
      <trkpt lat="44.19106" lon="-73.83828">
        <ele>918.93</ele>
        <time>2026-05-09T14:47:17Z</time>
      </trkpt>
      <trkpt lat="44.19106" lon="-73.83828">
        <ele>918.93</ele>
        <time>2026-05-09T14:47:18Z</time>
      </trkpt>
      <trkpt lat="44.19107" lon="-73.83828">
        <ele>919.2</ele>
        <time>2026-05-09T14:47:20Z</time>
      </trkpt>
      <trkpt lat="44.19108" lon="-73.83828">
        <ele>919.46</ele>
        <time>2026-05-09T14:47:25Z</time>
      </trkpt>
      <trkpt lat="44.19109" lon="-73.83827">
        <ele>919.42</ele>
        <time>2026-05-09T14:47:27Z</time>
      </trkpt>
      <trkpt lat="44.1911" lon="-73.83827">
        <ele>919.67</ele>
        <time>2026-05-09T14:47:33Z</time>
      </trkpt>
      <trkpt lat="44.1911" lon="-73.83828">
        <ele>919.98</ele>
        <time>2026-05-09T14:47:34Z</time>
      </trkpt>
      <trkpt lat="44.1911" lon="-73.83829">
        <ele>920.29</ele>
        <time>2026-05-09T14:47:40Z</time>
      </trkpt>
      <trkpt lat="44.19111" lon="-73.83831">
        <ele>921.21</ele>
        <time>2026-05-09T14:47:44Z</time>
      </trkpt>
      <trkpt lat="44.19111" lon="-73.83832">
        <ele>921.53</ele>
        <time>2026-05-09T14:47:45Z</time>
      </trkpt>
      <trkpt lat="44.19111" lon="-73.83832">
        <ele>921.53</ele>
        <time>2026-05-09T14:47:46Z</time>
      </trkpt>
      <trkpt lat="44.19111" lon="-73.83831">
        <ele>921.21</ele>
        <time>2026-05-09T14:47:52Z</time>
      </trkpt>
      <trkpt lat="44.19111" lon="-73.83833">
        <ele>921.86</ele>
        <time>2026-05-09T14:47:56Z</time>
      </trkpt>
      <trkpt lat="44.19111" lon="-73.83836">
        <ele>922.25</ele>
        <time>2026-05-09T14:48:00Z</time>
      </trkpt>
      <trkpt lat="44.19111" lon="-73.83839">
        <ele>922.57</ele>
        <time>2026-05-09T14:48:04Z</time>
      </trkpt>
      <trkpt lat="44.19111" lon="-73.83841">
        <ele>922.78</ele>
        <time>2026-05-09T14:48:07Z</time>
      </trkpt>
      <trkpt lat="44.19113" lon="-73.83847">
        <ele>923.71</ele>
        <time>2026-05-09T14:48:15Z</time>
      </trkpt>
      <trkpt lat="44.19115" lon="-73.83848">
        <ele>924.51</ele>
        <time>2026-05-09T14:48:19Z</time>
      </trkpt>
      <trkpt lat="44.19116" lon="-73.83849">
        <ele>924.95</ele>
        <time>2026-05-09T14:48:21Z</time>
      </trkpt>
      <trkpt lat="44.19117" lon="-73.8385">
        <ele>925.42</ele>
        <time>2026-05-09T14:48:27Z</time>
      </trkpt>
      <trkpt lat="44.19117" lon="-73.83851">
        <ele>925.49</ele>
        <time>2026-05-09T14:48:29Z</time>
      </trkpt>
      <trkpt lat="44.19119" lon="-73.83856">
        <ele>926.79</ele>
        <time>2026-05-09T14:48:37Z</time>
      </trkpt>
      <trkpt lat="44.1912" lon="-73.83856">
        <ele>927.27</ele>
        <time>2026-05-09T14:48:38Z</time>
      </trkpt>
      <trkpt lat="44.1912" lon="-73.83857">
        <ele>927.37</ele>
        <time>2026-05-09T14:48:43Z</time>
      </trkpt>
      <trkpt lat="44.19122" lon="-73.83857">
        <ele>928.18</ele>
        <time>2026-05-09T14:48:46Z</time>
      </trkpt>
      <trkpt lat="44.19124" lon="-73.83857">
        <ele>928.95</ele>
        <time>2026-05-09T14:48:50Z</time>
      </trkpt>
      <trkpt lat="44.19125" lon="-73.83857">
        <ele>929.33</ele>
        <time>2026-05-09T14:48:52Z</time>
      </trkpt>
      <trkpt lat="44.19125" lon="-73.83857">
        <ele>929.33</ele>
        <time>2026-05-09T14:48:54Z</time>
      </trkpt>
      <trkpt lat="44.19128" lon="-73.83858">
        <ele>930.68</ele>
        <time>2026-05-09T14:48:59Z</time>
      </trkpt>
      <trkpt lat="44.19135" lon="-73.83857">
        <ele>931.69</ele>
        <time>2026-05-09T14:49:08Z</time>
      </trkpt>
      <trkpt lat="44.19134" lon="-73.83858">
        <ele>931.8</ele>
        <time>2026-05-09T14:49:11Z</time>
      </trkpt>
      <trkpt lat="44.19136" lon="-73.83859">
        <ele>932.23</ele>
        <time>2026-05-09T14:49:17Z</time>
      </trkpt>
      <trkpt lat="44.19137" lon="-73.83859">
        <ele>932.34</ele>
        <time>2026-05-09T14:49:19Z</time>
      </trkpt>
      <trkpt lat="44.19139" lon="-73.8386">
        <ele>932.76</ele>
        <time>2026-05-09T14:49:24Z</time>
      </trkpt>
      <trkpt lat="44.19141" lon="-73.83861">
        <ele>932.97</ele>
        <time>2026-05-09T14:49:27Z</time>
      </trkpt>
      <trkpt lat="44.19143" lon="-73.83862">
        <ele>933.18</ele>
        <time>2026-05-09T14:49:30Z</time>
      </trkpt>
      <trkpt lat="44.19143" lon="-73.83861">
        <ele>932.97</ele>
        <time>2026-05-09T14:49:31Z</time>
      </trkpt>
      <trkpt lat="44.19142" lon="-73.83862">
        <ele>933.16</ele>
        <time>2026-05-09T14:49:34Z</time>
      </trkpt>
      <trkpt lat="44.19142" lon="-73.83863">
        <ele>933.34</ele>
        <time>2026-05-09T14:49:36Z</time>
      </trkpt>
      <trkpt lat="44.19143" lon="-73.83864">
        <ele>933.59</ele>
        <time>2026-05-09T14:49:37Z</time>
      </trkpt>
      <trkpt lat="44.19143" lon="-73.83864">
        <ele>933.59</ele>
        <time>2026-05-09T14:49:39Z</time>
      </trkpt>
      <trkpt lat="44.19143" lon="-73.83865">
        <ele>933.79</ele>
        <time>2026-05-09T14:49:41Z</time>
      </trkpt>
      <trkpt lat="44.19144" lon="-73.83866">
        <ele>934.11</ele>
        <time>2026-05-09T14:49:42Z</time>
      </trkpt>
      <trkpt lat="44.19144" lon="-73.83867">
        <ele>934.34</ele>
        <time>2026-05-09T14:49:48Z</time>
      </trkpt>
      <trkpt lat="44.19144" lon="-73.83867">
        <ele>934.34</ele>
        <time>2026-05-09T14:49:51Z</time>
      </trkpt>
      <trkpt lat="44.19147" lon="-73.83868">
        <ele>935.05</ele>
        <time>2026-05-09T14:49:58Z</time>
      </trkpt>
      <trkpt lat="44.19146" lon="-73.8387">
        <ele>935.43</ele>
        <time>2026-05-09T14:50:00Z</time>
      </trkpt>
      <trkpt lat="44.19146" lon="-73.83872">
        <ele>935.89</ele>
        <time>2026-05-09T14:50:03Z</time>
      </trkpt>
      <trkpt lat="44.19146" lon="-73.83873">
        <ele>936.1</ele>
        <time>2026-05-09T14:50:04Z</time>
      </trkpt>
      <trkpt lat="44.19145" lon="-73.83875">
        <ele>936.32</ele>
        <time>2026-05-09T14:50:10Z</time>
      </trkpt>
      <trkpt lat="44.19146" lon="-73.83874">
        <ele>936.32</ele>
        <time>2026-05-09T14:50:18Z</time>
      </trkpt>
      <trkpt lat="44.19145" lon="-73.83875">
        <ele>936.32</ele>
        <time>2026-05-09T14:50:30Z</time>
      </trkpt>
      <trkpt lat="44.19144" lon="-73.83876">
        <ele>936.32</ele>
        <time>2026-05-09T14:50:32Z</time>
      </trkpt>
      <trkpt lat="44.19147" lon="-73.83878">
        <ele>937.4</ele>
        <time>2026-05-09T14:50:37Z</time>
      </trkpt>
      <trkpt lat="44.19147" lon="-73.83878">
        <ele>937.4</ele>
        <time>2026-05-09T14:50:38Z</time>
      </trkpt>
      <trkpt lat="44.1915" lon="-73.83877">
        <ele>937.72</ele>
        <time>2026-05-09T14:50:45Z</time>
      </trkpt>
      <trkpt lat="44.1915" lon="-73.83877">
        <ele>937.72</ele>
        <time>2026-05-09T14:50:58Z</time>
      </trkpt>
      <trkpt lat="44.1915" lon="-73.83875">
        <ele>937.2</ele>
        <time>2026-05-09T14:51:53Z</time>
      </trkpt>
      <trkpt lat="44.1915" lon="-73.83875">
        <ele>937.2</ele>
        <time>2026-05-09T14:51:59Z</time>
      </trkpt>
      <trkpt lat="44.19152" lon="-73.8388">
        <ele>938.9</ele>
        <time>2026-05-09T14:52:12Z</time>
      </trkpt>
      <trkpt lat="44.19152" lon="-73.83881">
        <ele>939.07</ele>
        <time>2026-05-09T14:52:13Z</time>
      </trkpt>
      <trkpt lat="44.19152" lon="-73.83884">
        <ele>939.58</ele>
        <time>2026-05-09T14:52:16Z</time>
      </trkpt>
      <trkpt lat="44.19152" lon="-73.83886">
        <ele>939.92</ele>
        <time>2026-05-09T14:52:19Z</time>
      </trkpt>
      <trkpt lat="44.19153" lon="-73.83889">
        <ele>940.54</ele>
        <time>2026-05-09T14:52:22Z</time>
      </trkpt>
      <trkpt lat="44.19154" lon="-73.8389">
        <ele>940.75</ele>
        <time>2026-05-09T14:52:25Z</time>
      </trkpt>
      <trkpt lat="44.19155" lon="-73.83895">
        <ele>941.4</ele>
        <time>2026-05-09T14:52:31Z</time>
      </trkpt>
      <trkpt lat="44.19156" lon="-73.839">
        <ele>942.02</ele>
        <time>2026-05-09T14:52:38Z</time>
      </trkpt>
      <trkpt lat="44.19155" lon="-73.83903">
        <ele>942.13</ele>
        <time>2026-05-09T14:52:43Z</time>
      </trkpt>
      <trkpt lat="44.19155" lon="-73.83904">
        <ele>942.21</ele>
        <time>2026-05-09T14:52:44Z</time>
      </trkpt>
      <trkpt lat="44.19156" lon="-73.83905">
        <ele>942.48</ele>
        <time>2026-05-09T14:52:46Z</time>
      </trkpt>
      <trkpt lat="44.19156" lon="-73.83906">
        <ele>942.57</ele>
        <time>2026-05-09T14:52:48Z</time>
      </trkpt>
      <trkpt lat="44.19155" lon="-73.83907">
        <ele>942.45</ele>
        <time>2026-05-09T14:52:53Z</time>
      </trkpt>
      <trkpt lat="44.19155" lon="-73.83908">
        <ele>942.53</ele>
        <time>2026-05-09T14:52:54Z</time>
      </trkpt>
      <trkpt lat="44.19154" lon="-73.83914">
        <ele>942.71</ele>
        <time>2026-05-09T14:52:59Z</time>
      </trkpt>
      <trkpt lat="44.19153" lon="-73.83918">
        <ele>942.64</ele>
        <time>2026-05-09T14:53:03Z</time>
      </trkpt>
      <trkpt lat="44.19153" lon="-73.83919">
        <ele>942.69</ele>
        <time>2026-05-09T14:53:13Z</time>
      </trkpt>
      <trkpt lat="44.19154" lon="-73.8392">
        <ele>943.03</ele>
        <time>2026-05-09T14:53:21Z</time>
      </trkpt>
      <trkpt lat="44.19154" lon="-73.83921">
        <ele>943.07</ele>
        <time>2026-05-09T14:53:30Z</time>
      </trkpt>
      <trkpt lat="44.19154" lon="-73.83921">
        <ele>943.07</ele>
        <time>2026-05-09T14:53:39Z</time>
      </trkpt>
      <trkpt lat="44.19154" lon="-73.83921">
        <ele>943.07</ele>
        <time>2026-05-09T14:53:43Z</time>
      </trkpt>
      <trkpt lat="44.19155" lon="-73.83921">
        <ele>943.34</ele>
        <time>2026-05-09T14:53:53Z</time>
      </trkpt>
      <trkpt lat="44.19154" lon="-73.8392">
        <ele>943.03</ele>
        <time>2026-05-09T14:53:58Z</time>
      </trkpt>
      <trkpt lat="44.19154" lon="-73.83921">
        <ele>943.07</ele>
        <time>2026-05-09T14:54:00Z</time>
      </trkpt>
      <trkpt lat="44.19155" lon="-73.83922">
        <ele>943.37</ele>
        <time>2026-05-09T14:54:10Z</time>
      </trkpt>
      <trkpt lat="44.19154" lon="-73.83921">
        <ele>943.07</ele>
        <time>2026-05-09T14:54:25Z</time>
      </trkpt>
      <trkpt lat="44.19154" lon="-73.83921">
        <ele>943.07</ele>
        <time>2026-05-09T14:54:27Z</time>
      </trkpt>
      <trkpt lat="44.19154" lon="-73.83922">
        <ele>943.11</ele>
        <time>2026-05-09T14:54:36Z</time>
      </trkpt>
      <trkpt lat="44.19154" lon="-73.83922">
        <ele>943.11</ele>
        <time>2026-05-09T14:54:44Z</time>
      </trkpt>
      <trkpt lat="44.19154" lon="-73.83921">
        <ele>943.07</ele>
        <time>2026-05-09T14:54:51Z</time>
      </trkpt>
      <trkpt lat="44.19153" lon="-73.83921">
        <ele>942.79</ele>
        <time>2026-05-09T14:54:57Z</time>
      </trkpt>
      <trkpt lat="44.19153" lon="-73.83921">
        <ele>942.79</ele>
        <time>2026-05-09T14:55:07Z</time>
      </trkpt>
      <trkpt lat="44.19155" lon="-73.83921">
        <ele>943.34</ele>
        <time>2026-05-09T14:55:15Z</time>
      </trkpt>
      <trkpt lat="44.19154" lon="-73.83923">
        <ele>943.15</ele>
        <time>2026-05-09T14:55:23Z</time>
      </trkpt>
      <trkpt lat="44.19153" lon="-73.83927">
        <ele>943.11</ele>
        <time>2026-05-09T14:55:29Z</time>
      </trkpt>
      <trkpt lat="44.19153" lon="-73.83928">
        <ele>943.17</ele>
        <time>2026-05-09T14:55:30Z</time>
      </trkpt>
      <trkpt lat="44.19154" lon="-73.83931">
        <ele>943.61</ele>
        <time>2026-05-09T14:55:33Z</time>
      </trkpt>
      <trkpt lat="44.19155" lon="-73.83931">
        <ele>943.89</ele>
        <time>2026-05-09T14:55:36Z</time>
      </trkpt>
      <trkpt lat="44.19155" lon="-73.83932">
        <ele>943.97</ele>
        <time>2026-05-09T14:55:37Z</time>
      </trkpt>
      <trkpt lat="44.19155" lon="-73.83933">
        <ele>944.05</ele>
        <time>2026-05-09T14:55:38Z</time>
      </trkpt>
      <trkpt lat="44.19152" lon="-73.83942">
        <ele>943.55</ele>
        <time>2026-05-09T14:55:46Z</time>
      </trkpt>
      <trkpt lat="44.19153" lon="-73.83945">
        <ele>944.16</ele>
        <time>2026-05-09T14:55:48Z</time>
      </trkpt>
      <trkpt lat="44.19154" lon="-73.83948">
        <ele>944.91</ele>
        <time>2026-05-09T14:55:51Z</time>
      </trkpt>
      <trkpt lat="44.19155" lon="-73.83949">
        <ele>945.45</ele>
        <time>2026-05-09T14:55:52Z</time>
      </trkpt>
      <trkpt lat="44.19159" lon="-73.83954">
        <ele>947.38</ele>
        <time>2026-05-09T14:55:56Z</time>
      </trkpt>
      <trkpt lat="44.19161" lon="-73.83955">
        <ele>947.97</ele>
        <time>2026-05-09T14:55:58Z</time>
      </trkpt>
      <trkpt lat="44.19165" lon="-73.83961">
        <ele>950.07</ele>
        <time>2026-05-09T14:56:06Z</time>
      </trkpt>
      <trkpt lat="44.19166" lon="-73.83967">
        <ele>951.22</ele>
        <time>2026-05-09T14:56:11Z</time>
      </trkpt>
      <trkpt lat="44.19166" lon="-73.83968">
        <ele>951.33</ele>
        <time>2026-05-09T14:56:12Z</time>
      </trkpt>
      <trkpt lat="44.19167" lon="-73.83969">
        <ele>951.62</ele>
        <time>2026-05-09T14:56:15Z</time>
      </trkpt>
      <trkpt lat="44.19168" lon="-73.83972">
        <ele>951.83</ele>
        <time>2026-05-09T14:56:19Z</time>
      </trkpt>
      <trkpt lat="44.19168" lon="-73.83974">
        <ele>951.88</ele>
        <time>2026-05-09T14:56:21Z</time>
      </trkpt>
      <trkpt lat="44.19168" lon="-73.83977">
        <ele>951.93</ele>
        <time>2026-05-09T14:56:24Z</time>
      </trkpt>
      <trkpt lat="44.19168" lon="-73.8398">
        <ele>951.98</ele>
        <time>2026-05-09T14:56:28Z</time>
      </trkpt>
      <trkpt lat="44.19168" lon="-73.83982">
        <ele>952.02</ele>
        <time>2026-05-09T14:56:29Z</time>
      </trkpt>
      <trkpt lat="44.1917" lon="-73.83985">
        <ele>952.27</ele>
        <time>2026-05-09T14:56:32Z</time>
      </trkpt>
      <trkpt lat="44.1917" lon="-73.8399">
        <ele>952.66</ele>
        <time>2026-05-09T14:56:37Z</time>
      </trkpt>
      <trkpt lat="44.19171" lon="-73.83992">
        <ele>953.0</ele>
        <time>2026-05-09T14:56:39Z</time>
      </trkpt>
      <trkpt lat="44.19171" lon="-73.83994">
        <ele>953.1</ele>
        <time>2026-05-09T14:56:41Z</time>
      </trkpt>
      <trkpt lat="44.19171" lon="-73.83996">
        <ele>953.2</ele>
        <time>2026-05-09T14:56:44Z</time>
      </trkpt>
      <trkpt lat="44.19171" lon="-73.83997">
        <ele>953.25</ele>
        <time>2026-05-09T14:56:45Z</time>
      </trkpt>
      <trkpt lat="44.19171" lon="-73.83999">
        <ele>953.35</ele>
        <time>2026-05-09T14:56:47Z</time>
      </trkpt>
      <trkpt lat="44.19173" lon="-73.84005">
        <ele>954.42</ele>
        <time>2026-05-09T14:56:54Z</time>
      </trkpt>
      <trkpt lat="44.1917" lon="-73.8401">
        <ele>953.5</ele>
        <time>2026-05-09T14:57:05Z</time>
      </trkpt>
      <trkpt lat="44.1917" lon="-73.84011">
        <ele>953.58</ele>
        <time>2026-05-09T14:57:06Z</time>
      </trkpt>
      <trkpt lat="44.1917" lon="-73.84019">
        <ele>954.21</ele>
        <time>2026-05-09T14:57:14Z</time>
      </trkpt>
      <trkpt lat="44.1917" lon="-73.84022">
        <ele>954.54</ele>
        <time>2026-05-09T14:57:16Z</time>
      </trkpt>
      <trkpt lat="44.19171" lon="-73.84028">
        <ele>955.81</ele>
        <time>2026-05-09T14:57:21Z</time>
      </trkpt>
      <trkpt lat="44.19171" lon="-73.84031">
        <ele>955.81</ele>
        <time>2026-05-09T14:57:24Z</time>
      </trkpt>
      <trkpt lat="44.1917" lon="-73.84037">
        <ele>955.16</ele>
        <time>2026-05-09T14:57:29Z</time>
      </trkpt>
      <trkpt lat="44.19173" lon="-73.84044">
        <ele>957.1</ele>
        <time>2026-05-09T14:57:37Z</time>
      </trkpt>
      <trkpt lat="44.19174" lon="-73.84045">
        <ele>957.75</ele>
        <time>2026-05-09T14:57:39Z</time>
      </trkpt>
      <trkpt lat="44.19175" lon="-73.84051">
        <ele>958.35</ele>
        <time>2026-05-09T14:57:45Z</time>
      </trkpt>
      <trkpt lat="44.19175" lon="-73.84052">
        <ele>958.34</ele>
        <time>2026-05-09T14:57:46Z</time>
      </trkpt>
      <trkpt lat="44.19179" lon="-73.8406">
        <ele>960.0</ele>
        <time>2026-05-09T14:57:54Z</time>
      </trkpt>
      <trkpt lat="44.19182" lon="-73.84063">
        <ele>960.97</ele>
        <time>2026-05-09T14:57:59Z</time>
      </trkpt>
      <trkpt lat="44.19185" lon="-73.84067">
        <ele>961.7</ele>
        <time>2026-05-09T14:58:04Z</time>
      </trkpt>
      <trkpt lat="44.19185" lon="-73.84073">
        <ele>961.06</ele>
        <time>2026-05-09T14:58:12Z</time>
      </trkpt>
      <trkpt lat="44.19183" lon="-73.84081">
        <ele>958.97</ele>
        <time>2026-05-09T14:58:19Z</time>
      </trkpt>
      <trkpt lat="44.19183" lon="-73.84085">
        <ele>958.35</ele>
        <time>2026-05-09T14:58:22Z</time>
      </trkpt>
      <trkpt lat="44.19181" lon="-73.8409">
        <ele>957.38</ele>
        <time>2026-05-09T14:58:26Z</time>
      </trkpt>
      <trkpt lat="44.1918" lon="-73.84094">
        <ele>956.79</ele>
        <time>2026-05-09T14:58:30Z</time>
      </trkpt>
      <trkpt lat="44.1918" lon="-73.84095">
        <ele>956.73</ele>
        <time>2026-05-09T14:58:31Z</time>
      </trkpt>
      <trkpt lat="44.1918" lon="-73.84102">
        <ele>956.31</ele>
        <time>2026-05-09T14:58:35Z</time>
      </trkpt>
      <trkpt lat="44.1918" lon="-73.84107">
        <ele>956.08</ele>
        <time>2026-05-09T14:58:39Z</time>
      </trkpt>
      <trkpt lat="44.19179" lon="-73.84117">
        <ele>955.24</ele>
        <time>2026-05-09T14:58:46Z</time>
      </trkpt>
      <trkpt lat="44.19179" lon="-73.8412">
        <ele>955.03</ele>
        <time>2026-05-09T14:58:48Z</time>
      </trkpt>
      <trkpt lat="44.19179" lon="-73.84122">
        <ele>955.0</ele>
        <time>2026-05-09T14:58:50Z</time>
      </trkpt>
      <trkpt lat="44.19181" lon="-73.8413">
        <ele>954.96</ele>
        <time>2026-05-09T14:58:57Z</time>
      </trkpt>
      <trkpt lat="44.19181" lon="-73.84133">
        <ele>954.64</ele>
        <time>2026-05-09T14:59:00Z</time>
      </trkpt>
      <trkpt lat="44.19179" lon="-73.84138">
        <ele>954.1</ele>
        <time>2026-05-09T14:59:04Z</time>
      </trkpt>
      <trkpt lat="44.19176" lon="-73.84146">
        <ele>954.0</ele>
        <time>2026-05-09T14:59:12Z</time>
      </trkpt>
      <trkpt lat="44.19172" lon="-73.84153">
        <ele>953.58</ele>
        <time>2026-05-09T14:59:19Z</time>
      </trkpt>
      <trkpt lat="44.19168" lon="-73.84161">
        <ele>953.14</ele>
        <time>2026-05-09T14:59:26Z</time>
      </trkpt>
      <trkpt lat="44.19165" lon="-73.84168">
        <ele>952.6</ele>
        <time>2026-05-09T14:59:35Z</time>
      </trkpt>
      <trkpt lat="44.19162" lon="-73.8417">
        <ele>951.85</ele>
        <time>2026-05-09T14:59:39Z</time>
      </trkpt>
      <trkpt lat="44.1916" lon="-73.84172">
        <ele>951.42</ele>
        <time>2026-05-09T14:59:43Z</time>
      </trkpt>
      <trkpt lat="44.19159" lon="-73.84179">
        <ele>951.52</ele>
        <time>2026-05-09T14:59:51Z</time>
      </trkpt>
      <trkpt lat="44.19159" lon="-73.84182">
        <ele>951.52</ele>
        <time>2026-05-09T14:59:58Z</time>
      </trkpt>
      <trkpt lat="44.19157" lon="-73.84186">
        <ele>950.95</ele>
        <time>2026-05-09T15:00:04Z</time>
      </trkpt>
      <trkpt lat="44.19156" lon="-73.84189">
        <ele>950.89</ele>
        <time>2026-05-09T15:00:08Z</time>
      </trkpt>
      <trkpt lat="44.19156" lon="-73.8419">
        <ele>950.98</ele>
        <time>2026-05-09T15:00:09Z</time>
      </trkpt>
      <trkpt lat="44.19154" lon="-73.84198">
        <ele>950.67</ele>
        <time>2026-05-09T15:00:17Z</time>
      </trkpt>
      <trkpt lat="44.19153" lon="-73.84204">
        <ele>950.57</ele>
        <time>2026-05-09T15:00:24Z</time>
      </trkpt>
      <trkpt lat="44.19153" lon="-73.84206">
        <ele>950.57</ele>
        <time>2026-05-09T15:00:26Z</time>
      </trkpt>
      <trkpt lat="44.19152" lon="-73.84211">
        <ele>950.25</ele>
        <time>2026-05-09T15:00:31Z</time>
      </trkpt>
      <trkpt lat="44.19153" lon="-73.84215">
        <ele>950.79</ele>
        <time>2026-05-09T15:00:35Z</time>
      </trkpt>
      <trkpt lat="44.19153" lon="-73.84216">
        <ele>950.9</ele>
        <time>2026-05-09T15:00:36Z</time>
      </trkpt>
      <trkpt lat="44.19155" lon="-73.8422">
        <ele>951.98</ele>
        <time>2026-05-09T15:00:40Z</time>
      </trkpt>
      <trkpt lat="44.19156" lon="-73.84221">
        <ele>952.41</ele>
        <time>2026-05-09T15:00:42Z</time>
      </trkpt>
      <trkpt lat="44.19156" lon="-73.84221">
        <ele>952.41</ele>
        <time>2026-05-09T15:00:45Z</time>
      </trkpt>
      <trkpt lat="44.19156" lon="-73.84224">
        <ele>952.54</ele>
        <time>2026-05-09T15:00:49Z</time>
      </trkpt>
      <trkpt lat="44.19155" lon="-73.84227">
        <ele>952.22</ele>
        <time>2026-05-09T15:00:52Z</time>
      </trkpt>
      <trkpt lat="44.19155" lon="-73.84229">
        <ele>952.22</ele>
        <time>2026-05-09T15:00:56Z</time>
      </trkpt>
      <trkpt lat="44.19155" lon="-73.84231">
        <ele>952.22</ele>
        <time>2026-05-09T15:00:58Z</time>
      </trkpt>
      <trkpt lat="44.19156" lon="-73.84233">
        <ele>952.57</ele>
        <time>2026-05-09T15:01:01Z</time>
      </trkpt>
      <trkpt lat="44.19157" lon="-73.84242">
        <ele>952.92</ele>
        <time>2026-05-09T15:01:08Z</time>
      </trkpt>
      <trkpt lat="44.19159" lon="-73.8425">
        <ele>953.0</ele>
        <time>2026-05-09T15:01:16Z</time>
      </trkpt>
      <trkpt lat="44.1916" lon="-73.84258">
        <ele>953.0</ele>
        <time>2026-05-09T15:01:26Z</time>
      </trkpt>
      <trkpt lat="44.19159" lon="-73.84267">
        <ele>953.69</ele>
        <time>2026-05-09T15:01:33Z</time>
      </trkpt>
      <trkpt lat="44.19157" lon="-73.8427">
        <ele>953.96</ele>
        <time>2026-05-09T15:01:36Z</time>
      </trkpt>
      <trkpt lat="44.19158" lon="-73.84272">
        <ele>953.94</ele>
        <time>2026-05-09T15:01:39Z</time>
      </trkpt>
      <trkpt lat="44.19156" lon="-73.84277">
        <ele>953.85</ele>
        <time>2026-05-09T15:01:44Z</time>
      </trkpt>
      <trkpt lat="44.19155" lon="-73.84281">
        <ele>953.83</ele>
        <time>2026-05-09T15:01:47Z</time>
      </trkpt>
      <trkpt lat="44.19154" lon="-73.84289">
        <ele>954.0</ele>
        <time>2026-05-09T15:01:53Z</time>
      </trkpt>
      <trkpt lat="44.19157" lon="-73.84298">
        <ele>954.0</ele>
        <time>2026-05-09T15:01:59Z</time>
      </trkpt>
      <trkpt lat="44.19157" lon="-73.84299">
        <ele>954.0</ele>
        <time>2026-05-09T15:02:02Z</time>
      </trkpt>
      <trkpt lat="44.19158" lon="-73.84306">
        <ele>953.94</ele>
        <time>2026-05-09T15:02:07Z</time>
      </trkpt>
      <trkpt lat="44.19159" lon="-73.84307">
        <ele>953.83</ele>
        <time>2026-05-09T15:02:08Z</time>
      </trkpt>
      <trkpt lat="44.19161" lon="-73.84316">
        <ele>953.61</ele>
        <time>2026-05-09T15:02:14Z</time>
      </trkpt>
      <trkpt lat="44.19162" lon="-73.84327">
        <ele>953.5</ele>
        <time>2026-05-09T15:02:22Z</time>
      </trkpt>
      <trkpt lat="44.19161" lon="-73.84331">
        <ele>953.61</ele>
        <time>2026-05-09T15:02:26Z</time>
      </trkpt>
      <trkpt lat="44.19158" lon="-73.84332">
        <ele>953.94</ele>
        <time>2026-05-09T15:02:30Z</time>
      </trkpt>
      <trkpt lat="44.19154" lon="-73.84335">
        <ele>954.37</ele>
        <time>2026-05-09T15:02:35Z</time>
      </trkpt>
      <trkpt lat="44.19153" lon="-73.84337">
        <ele>954.48</ele>
        <time>2026-05-09T15:02:38Z</time>
      </trkpt>
      <trkpt lat="44.19152" lon="-73.8434">
        <ele>954.58</ele>
        <time>2026-05-09T15:02:40Z</time>
      </trkpt>
      <trkpt lat="44.19151" lon="-73.84341">
        <ele>954.69</ele>
        <time>2026-05-09T15:02:43Z</time>
      </trkpt>
      <trkpt lat="44.1915" lon="-73.84342">
        <ele>954.8</ele>
        <time>2026-05-09T15:02:45Z</time>
      </trkpt>
      <trkpt lat="44.1915" lon="-73.84343">
        <ele>954.79</ele>
        <time>2026-05-09T15:02:46Z</time>
      </trkpt>
      <trkpt lat="44.19148" lon="-73.84345">
        <ele>954.98</ele>
        <time>2026-05-09T15:02:49Z</time>
      </trkpt>
      <trkpt lat="44.19146" lon="-73.84349">
        <ele>954.77</ele>
        <time>2026-05-09T15:02:54Z</time>
      </trkpt>
      <trkpt lat="44.19144" lon="-73.84351">
        <ele>954.55</ele>
        <time>2026-05-09T15:03:00Z</time>
      </trkpt>
      <trkpt lat="44.19145" lon="-73.84353">
        <ele>954.58</ele>
        <time>2026-05-09T15:03:02Z</time>
      </trkpt>
      <trkpt lat="44.19144" lon="-73.84356">
        <ele>954.3</ele>
        <time>2026-05-09T15:03:09Z</time>
      </trkpt>
      <trkpt lat="44.19143" lon="-73.84362">
        <ele>953.95</ele>
        <time>2026-05-09T15:03:15Z</time>
      </trkpt>
      <trkpt lat="44.19145" lon="-73.84369">
        <ele>953.71</ele>
        <time>2026-05-09T15:03:22Z</time>
      </trkpt>
      <trkpt lat="44.19148" lon="-73.84376">
        <ele>953.4</ele>
        <time>2026-05-09T15:03:31Z</time>
      </trkpt>
      <trkpt lat="44.19148" lon="-73.84387">
        <ele>953.02</ele>
        <time>2026-05-09T15:03:41Z</time>
      </trkpt>
      <trkpt lat="44.19148" lon="-73.84395">
        <ele>953.01</ele>
        <time>2026-05-09T15:03:47Z</time>
      </trkpt>
      <trkpt lat="44.19148" lon="-73.84396">
        <ele>953.0</ele>
        <time>2026-05-09T15:03:48Z</time>
      </trkpt>
      <trkpt lat="44.19148" lon="-73.84397">
        <ele>953.0</ele>
        <time>2026-05-09T15:03:49Z</time>
      </trkpt>
      <trkpt lat="44.19145" lon="-73.84407">
        <ele>953.0</ele>
        <time>2026-05-09T15:03:58Z</time>
      </trkpt>
      <trkpt lat="44.19144" lon="-73.84409">
        <ele>953.0</ele>
        <time>2026-05-09T15:04:01Z</time>
      </trkpt>
      <trkpt lat="44.19141" lon="-73.84415">
        <ele>953.0</ele>
        <time>2026-05-09T15:04:07Z</time>
      </trkpt>
      <trkpt lat="44.1914" lon="-73.84418">
        <ele>953.0</ele>
        <time>2026-05-09T15:04:09Z</time>
      </trkpt>
      <trkpt lat="44.19139" lon="-73.84423">
        <ele>953.0</ele>
        <time>2026-05-09T15:04:16Z</time>
      </trkpt>
      <trkpt lat="44.19139" lon="-73.84424">
        <ele>953.0</ele>
        <time>2026-05-09T15:04:17Z</time>
      </trkpt>
      <trkpt lat="44.19137" lon="-73.84427">
        <ele>952.82</ele>
        <time>2026-05-09T15:04:23Z</time>
      </trkpt>
      <trkpt lat="44.19137" lon="-73.84427">
        <ele>952.82</ele>
        <time>2026-05-09T15:04:25Z</time>
      </trkpt>
      <trkpt lat="44.19138" lon="-73.8443">
        <ele>952.95</ele>
        <time>2026-05-09T15:04:33Z</time>
      </trkpt>
      <trkpt lat="44.19138" lon="-73.8443">
        <ele>952.95</ele>
        <time>2026-05-09T15:04:35Z</time>
      </trkpt>
      <trkpt lat="44.19136" lon="-73.84434">
        <ele>952.96</ele>
        <time>2026-05-09T15:04:41Z</time>
      </trkpt>
      <trkpt lat="44.1913" lon="-73.84438">
        <ele>953.3</ele>
        <time>2026-05-09T15:04:49Z</time>
      </trkpt>
      <trkpt lat="44.19124" lon="-73.84444">
        <ele>953.89</ele>
        <time>2026-05-09T15:04:55Z</time>
      </trkpt>
      <trkpt lat="44.19121" lon="-73.84449">
        <ele>954.98</ele>
        <time>2026-05-09T15:05:00Z</time>
      </trkpt>
      <trkpt lat="44.19121" lon="-73.8445">
        <ele>955.2</ele>
        <time>2026-05-09T15:05:02Z</time>
      </trkpt>
      <trkpt lat="44.19121" lon="-73.84452">
        <ele>955.63</ele>
        <time>2026-05-09T15:05:04Z</time>
      </trkpt>
      <trkpt lat="44.1912" lon="-73.84456">
        <ele>956.3</ele>
        <time>2026-05-09T15:05:09Z</time>
      </trkpt>
      <trkpt lat="44.1912" lon="-73.84456">
        <ele>956.3</ele>
        <time>2026-05-09T15:05:10Z</time>
      </trkpt>
      <trkpt lat="44.1912" lon="-73.84459">
        <ele>956.63</ele>
        <time>2026-05-09T15:05:16Z</time>
      </trkpt>
      <trkpt lat="44.1912" lon="-73.84459">
        <ele>956.63</ele>
        <time>2026-05-09T15:05:18Z</time>
      </trkpt>
      <trkpt lat="44.19119" lon="-73.8446">
        <ele>956.93</ele>
        <time>2026-05-09T15:05:23Z</time>
      </trkpt>
      <trkpt lat="44.19116" lon="-73.84462">
        <ele>957.79</ele>
        <time>2026-05-09T15:05:28Z</time>
      </trkpt>
      <trkpt lat="44.19115" lon="-73.84462">
        <ele>958.0</ele>
        <time>2026-05-09T15:05:29Z</time>
      </trkpt>
      <trkpt lat="44.19112" lon="-73.84466">
        <ele>958.81</ele>
        <time>2026-05-09T15:05:36Z</time>
      </trkpt>
      <trkpt lat="44.19111" lon="-73.84467">
        <ele>959.02</ele>
        <time>2026-05-09T15:05:38Z</time>
      </trkpt>
      <trkpt lat="44.1911" lon="-73.84469">
        <ele>959.24</ele>
        <time>2026-05-09T15:05:42Z</time>
      </trkpt>
      <trkpt lat="44.19108" lon="-73.8447">
        <ele>959.67</ele>
        <time>2026-05-09T15:05:47Z</time>
      </trkpt>
      <trkpt lat="44.19108" lon="-73.8447">
        <ele>959.67</ele>
        <time>2026-05-09T15:05:48Z</time>
      </trkpt>
      <trkpt lat="44.19106" lon="-73.84471">
        <ele>960.1</ele>
        <time>2026-05-09T15:05:53Z</time>
      </trkpt>
      <trkpt lat="44.19106" lon="-73.84472">
        <ele>960.1</ele>
        <time>2026-05-09T15:05:55Z</time>
      </trkpt>
      <trkpt lat="44.19105" lon="-73.84474">
        <ele>960.45</ele>
        <time>2026-05-09T15:06:04Z</time>
      </trkpt>
      <trkpt lat="44.19105" lon="-73.84474">
        <ele>960.45</ele>
        <time>2026-05-09T15:06:06Z</time>
      </trkpt>
      <trkpt lat="44.19104" lon="-73.84473">
        <ele>960.6</ele>
        <time>2026-05-09T15:06:11Z</time>
      </trkpt>
      <trkpt lat="44.19104" lon="-73.84474">
        <ele>960.68</ele>
        <time>2026-05-09T15:06:12Z</time>
      </trkpt>
      <trkpt lat="44.19103" lon="-73.84474">
        <ele>960.92</ele>
        <time>2026-05-09T15:06:13Z</time>
      </trkpt>
      <trkpt lat="44.19099" lon="-73.84477">
        <ele>962.75</ele>
        <time>2026-05-09T15:06:21Z</time>
      </trkpt>
      <trkpt lat="44.19098" lon="-73.84476">
        <ele>963.07</ele>
        <time>2026-05-09T15:06:29Z</time>
      </trkpt>
      <trkpt lat="44.19103" lon="-73.84477">
        <ele>961.2</ele>
        <time>2026-05-09T15:06:39Z</time>
      </trkpt>
      <trkpt lat="44.19105" lon="-73.84478">
        <ele>960.73</ele>
        <time>2026-05-09T15:06:42Z</time>
      </trkpt>
      <trkpt lat="44.19106" lon="-73.84479">
        <ele>960.51</ele>
        <time>2026-05-09T15:06:47Z</time>
      </trkpt>
      <trkpt lat="44.19106" lon="-73.84479">
        <ele>960.51</ele>
        <time>2026-05-09T15:06:50Z</time>
      </trkpt>
      <trkpt lat="44.19101" lon="-73.84476">
        <ele>961.78</ele>
        <time>2026-05-09T15:07:02Z</time>
      </trkpt>
      <trkpt lat="44.19101" lon="-73.84476">
        <ele>961.78</ele>
        <time>2026-05-09T15:07:03Z</time>
      </trkpt>
      <trkpt lat="44.191" lon="-73.84477">
        <ele>962.32</ele>
        <time>2026-05-09T15:07:12Z</time>
      </trkpt>
      <trkpt lat="44.191" lon="-73.84477">
        <ele>962.32</ele>
        <time>2026-05-09T15:07:13Z</time>
      </trkpt>
      <trkpt lat="44.19099" lon="-73.84477">
        <ele>962.75</ele>
        <time>2026-05-09T15:07:14Z</time>
      </trkpt>
      <trkpt lat="44.19098" lon="-73.84477">
        <ele>963.18</ele>
        <time>2026-05-09T15:07:16Z</time>
      </trkpt>
      <trkpt lat="44.19095" lon="-73.84478">
        <ele>964.58</ele>
        <time>2026-05-09T15:07:20Z</time>
      </trkpt>
      <trkpt lat="44.19095" lon="-73.84478">
        <ele>964.58</ele>
        <time>2026-05-09T15:07:21Z</time>
      </trkpt>
      <trkpt lat="44.19094" lon="-73.84478">
        <ele>965.02</ele>
        <time>2026-05-09T15:07:23Z</time>
      </trkpt>
      <trkpt lat="44.19092" lon="-73.8448">
        <ele>966.1</ele>
        <time>2026-05-09T15:07:26Z</time>
      </trkpt>
      <trkpt lat="44.1909" lon="-73.8448">
        <ele>966.96</ele>
        <time>2026-05-09T15:07:29Z</time>
      </trkpt>
      <trkpt lat="44.19088" lon="-73.84481">
        <ele>967.93</ele>
        <time>2026-05-09T15:07:34Z</time>
      </trkpt>
      <trkpt lat="44.19086" lon="-73.84482">
        <ele>968.85</ele>
        <time>2026-05-09T15:07:38Z</time>
      </trkpt>
      <trkpt lat="44.19084" lon="-73.84482">
        <ele>969.71</ele>
        <time>2026-05-09T15:07:43Z</time>
      </trkpt>
      <trkpt lat="44.19083" lon="-73.84483">
        <ele>970.08</ele>
        <time>2026-05-09T15:07:46Z</time>
      </trkpt>
      <trkpt lat="44.19083" lon="-73.84483">
        <ele>970.08</ele>
        <time>2026-05-09T15:07:48Z</time>
      </trkpt>
      <trkpt lat="44.19082" lon="-73.84484">
        <ele>970.33</ele>
        <time>2026-05-09T15:07:53Z</time>
      </trkpt>
      <trkpt lat="44.19081" lon="-73.84483">
        <ele>970.55</ele>
        <time>2026-05-09T15:07:56Z</time>
      </trkpt>
      <trkpt lat="44.19081" lon="-73.84484">
        <ele>970.57</ele>
        <time>2026-05-09T15:08:00Z</time>
      </trkpt>
      <trkpt lat="44.1908" lon="-73.84483">
        <ele>970.78</ele>
        <time>2026-05-09T15:08:06Z</time>
      </trkpt>
      <trkpt lat="44.19077" lon="-73.84482">
        <ele>971.41</ele>
        <time>2026-05-09T15:08:16Z</time>
      </trkpt>
      <trkpt lat="44.19077" lon="-73.84481">
        <ele>971.35</ele>
        <time>2026-05-09T15:08:17Z</time>
      </trkpt>
      <trkpt lat="44.19077" lon="-73.84481">
        <ele>971.35</ele>
        <time>2026-05-09T15:08:19Z</time>
      </trkpt>
      <trkpt lat="44.19076" lon="-73.8448">
        <ele>971.55</ele>
        <time>2026-05-09T15:08:25Z</time>
      </trkpt>
      <trkpt lat="44.19074" lon="-73.8448">
        <ele>972.01</ele>
        <time>2026-05-09T15:08:33Z</time>
      </trkpt>
      <trkpt lat="44.19073" lon="-73.8448">
        <ele>972.21</ele>
        <time>2026-05-09T15:08:35Z</time>
      </trkpt>
      <trkpt lat="44.19072" lon="-73.8448">
        <ele>972.41</ele>
        <time>2026-05-09T15:08:38Z</time>
      </trkpt>
      <trkpt lat="44.19069" lon="-73.84479">
        <ele>972.95</ele>
        <time>2026-05-09T15:08:42Z</time>
      </trkpt>
      <trkpt lat="44.19068" lon="-73.84479">
        <ele>973.14</ele>
        <time>2026-05-09T15:08:45Z</time>
      </trkpt>
      <trkpt lat="44.19067" lon="-73.84478">
        <ele>973.24</ele>
        <time>2026-05-09T15:08:47Z</time>
      </trkpt>
      <trkpt lat="44.19066" lon="-73.84478">
        <ele>973.42</ele>
        <time>2026-05-09T15:08:49Z</time>
      </trkpt>
      <trkpt lat="44.19065" lon="-73.84479">
        <ele>973.7</ele>
        <time>2026-05-09T15:08:50Z</time>
      </trkpt>
      <trkpt lat="44.19065" lon="-73.84479">
        <ele>973.7</ele>
        <time>2026-05-09T15:08:52Z</time>
      </trkpt>
      <trkpt lat="44.19063" lon="-73.84482">
        <ele>974.26</ele>
        <time>2026-05-09T15:08:58Z</time>
      </trkpt>
      <trkpt lat="44.19062" lon="-73.84483">
        <ele>974.52</ele>
        <time>2026-05-09T15:09:03Z</time>
      </trkpt>
      <trkpt lat="44.19061" lon="-73.84483">
        <ele>974.64</ele>
        <time>2026-05-09T15:09:05Z</time>
      </trkpt>
      <trkpt lat="44.19058" lon="-73.84485">
        <ele>975.4</ele>
        <time>2026-05-09T15:09:13Z</time>
      </trkpt>
      <trkpt lat="44.19055" lon="-73.84486">
        <ele>976.07</ele>
        <time>2026-05-09T15:09:21Z</time>
      </trkpt>
      <trkpt lat="44.19054" lon="-73.84486">
        <ele>976.23</ele>
        <time>2026-05-09T15:09:27Z</time>
      </trkpt>
      <trkpt lat="44.19054" lon="-73.84486">
        <ele>976.23</ele>
        <time>2026-05-09T15:09:29Z</time>
      </trkpt>
      <trkpt lat="44.19052" lon="-73.84487">
        <ele>976.8</ele>
        <time>2026-05-09T15:09:38Z</time>
      </trkpt>
      <trkpt lat="44.19051" lon="-73.84487">
        <ele>976.98</ele>
        <time>2026-05-09T15:09:40Z</time>
      </trkpt>
      <trkpt lat="44.19052" lon="-73.84487">
        <ele>976.8</ele>
        <time>2026-05-09T15:09:44Z</time>
      </trkpt>
      <trkpt lat="44.19051" lon="-73.84487">
        <ele>976.98</ele>
        <time>2026-05-09T15:09:45Z</time>
      </trkpt>
      <trkpt lat="44.19048" lon="-73.84493">
        <ele>978.88</ele>
        <time>2026-05-09T15:09:51Z</time>
      </trkpt>
      <trkpt lat="44.19048" lon="-73.84494">
        <ele>978.98</ele>
        <time>2026-05-09T15:09:52Z</time>
      </trkpt>
      <trkpt lat="44.19047" lon="-73.84498">
        <ele>979.63</ele>
        <time>2026-05-09T15:09:55Z</time>
      </trkpt>
      <trkpt lat="44.19047" lon="-73.845">
        <ele>979.85</ele>
        <time>2026-05-09T15:09:57Z</time>
      </trkpt>
      <trkpt lat="44.19047" lon="-73.84501">
        <ele>979.95</ele>
        <time>2026-05-09T15:09:58Z</time>
      </trkpt>
      <trkpt lat="44.19047" lon="-73.84507">
        <ele>980.55</ele>
        <time>2026-05-09T15:10:03Z</time>
      </trkpt>
      <trkpt lat="44.19047" lon="-73.84509">
        <ele>980.75</ele>
        <time>2026-05-09T15:10:05Z</time>
      </trkpt>
      <trkpt lat="44.19043" lon="-73.84517">
        <ele>981.3</ele>
        <time>2026-05-09T15:10:13Z</time>
      </trkpt>
      <trkpt lat="44.19041" lon="-73.84522">
        <ele>981.57</ele>
        <time>2026-05-09T15:10:19Z</time>
      </trkpt>
      <trkpt lat="44.1904" lon="-73.84528">
        <ele>981.68</ele>
        <time>2026-05-09T15:10:27Z</time>
      </trkpt>
      <trkpt lat="44.1904" lon="-73.84531">
        <ele>981.68</ele>
        <time>2026-05-09T15:10:30Z</time>
      </trkpt>
      <trkpt lat="44.1904" lon="-73.84537">
        <ele>981.68</ele>
        <time>2026-05-09T15:10:37Z</time>
      </trkpt>
      <trkpt lat="44.19039" lon="-73.84542">
        <ele>981.67</ele>
        <time>2026-05-09T15:10:48Z</time>
      </trkpt>
      <trkpt lat="44.19039" lon="-73.84543">
        <ele>981.65</ele>
        <time>2026-05-09T15:10:49Z</time>
      </trkpt>
      <trkpt lat="44.19039" lon="-73.84545">
        <ele>981.61</ele>
        <time>2026-05-09T15:10:54Z</time>
      </trkpt>
      <trkpt lat="44.19038" lon="-73.84547">
        <ele>981.79</ele>
        <time>2026-05-09T15:10:59Z</time>
      </trkpt>
      <trkpt lat="44.19037" lon="-73.84549">
        <ele>982.0</ele>
        <time>2026-05-09T15:11:01Z</time>
      </trkpt>
      <trkpt lat="44.19034" lon="-73.84555">
        <ele>982.33</ele>
        <time>2026-05-09T15:11:09Z</time>
      </trkpt>
      <trkpt lat="44.19031" lon="-73.84559">
        <ele>982.65</ele>
        <time>2026-05-09T15:11:17Z</time>
      </trkpt>
      <trkpt lat="44.19031" lon="-73.8456">
        <ele>982.65</ele>
        <time>2026-05-09T15:11:18Z</time>
      </trkpt>
      <trkpt lat="44.19029" lon="-73.84562">
        <ele>982.87</ele>
        <time>2026-05-09T15:11:23Z</time>
      </trkpt>
      <trkpt lat="44.19027" lon="-73.84565">
        <ele>983.08</ele>
        <time>2026-05-09T15:11:28Z</time>
      </trkpt>
      <trkpt lat="44.19022" lon="-73.84569">
        <ele>983.62</ele>
        <time>2026-05-09T15:11:35Z</time>
      </trkpt>
      <trkpt lat="44.19021" lon="-73.84572">
        <ele>983.73</ele>
        <time>2026-05-09T15:11:41Z</time>
      </trkpt>
      <trkpt lat="44.1902" lon="-73.84574">
        <ele>983.84</ele>
        <time>2026-05-09T15:11:47Z</time>
      </trkpt>
      <trkpt lat="44.1902" lon="-73.84574">
        <ele>983.84</ele>
        <time>2026-05-09T15:11:49Z</time>
      </trkpt>
      <trkpt lat="44.19017" lon="-73.84578">
        <ele>984.68</ele>
        <time>2026-05-09T15:11:56Z</time>
      </trkpt>
      <trkpt lat="44.19016" lon="-73.84579">
        <ele>984.93</ele>
        <time>2026-05-09T15:11:58Z</time>
      </trkpt>
      <trkpt lat="44.19016" lon="-73.84583">
        <ele>985.25</ele>
        <time>2026-05-09T15:12:05Z</time>
      </trkpt>
      <trkpt lat="44.19015" lon="-73.84587">
        <ele>985.38</ele>
        <time>2026-05-09T15:12:12Z</time>
      </trkpt>
      <trkpt lat="44.19015" lon="-73.84588">
        <ele>985.38</ele>
        <time>2026-05-09T15:12:13Z</time>
      </trkpt>
      <trkpt lat="44.19014" lon="-73.84593">
        <ele>985.51</ele>
        <time>2026-05-09T15:12:19Z</time>
      </trkpt>
      <trkpt lat="44.19013" lon="-73.84597">
        <ele>985.88</ele>
        <time>2026-05-09T15:12:24Z</time>
      </trkpt>
      <trkpt lat="44.19012" lon="-73.84597">
        <ele>986.04</ele>
        <time>2026-05-09T15:12:25Z</time>
      </trkpt>
      <trkpt lat="44.19012" lon="-73.84598">
        <ele>986.12</ele>
        <time>2026-05-09T15:12:27Z</time>
      </trkpt>
      <trkpt lat="44.1901" lon="-73.84601">
        <ele>986.76</ele>
        <time>2026-05-09T15:12:33Z</time>
      </trkpt>
      <trkpt lat="44.1901" lon="-73.84602">
        <ele>986.84</ele>
        <time>2026-05-09T15:12:35Z</time>
      </trkpt>
      <trkpt lat="44.19007" lon="-73.84608">
        <ele>987.24</ele>
        <time>2026-05-09T15:12:43Z</time>
      </trkpt>
      <trkpt lat="44.19006" lon="-73.84609">
        <ele>987.35</ele>
        <time>2026-05-09T15:12:50Z</time>
      </trkpt>
      <trkpt lat="44.19006" lon="-73.8461">
        <ele>987.35</ele>
        <time>2026-05-09T15:12:52Z</time>
      </trkpt>
      <trkpt lat="44.19006" lon="-73.8461">
        <ele>987.35</ele>
        <time>2026-05-09T15:12:53Z</time>
      </trkpt>
      <trkpt lat="44.19005" lon="-73.84611">
        <ele>987.46</ele>
        <time>2026-05-09T15:13:01Z</time>
      </trkpt>
      <trkpt lat="44.19003" lon="-73.84612">
        <ele>987.77</ele>
        <time>2026-05-09T15:13:03Z</time>
      </trkpt>
      <trkpt lat="44.19001" lon="-73.84614">
        <ele>988.2</ele>
        <time>2026-05-09T15:13:09Z</time>
      </trkpt>
      <trkpt lat="44.19" lon="-73.84616">
        <ele>988.53</ele>
        <time>2026-05-09T15:13:15Z</time>
      </trkpt>
      <trkpt lat="44.19" lon="-73.84616">
        <ele>988.53</ele>
        <time>2026-05-09T15:13:16Z</time>
      </trkpt>
      <trkpt lat="44.18998" lon="-73.84619">
        <ele>989.1</ele>
        <time>2026-05-09T15:13:23Z</time>
      </trkpt>
      <trkpt lat="44.18993" lon="-73.84619">
        <ele>989.72</ele>
        <time>2026-05-09T15:13:30Z</time>
      </trkpt>
      <trkpt lat="44.18993" lon="-73.84619">
        <ele>989.72</ele>
        <time>2026-05-09T15:13:31Z</time>
      </trkpt>
      <trkpt lat="44.18988" lon="-73.84621">
        <ele>990.96</ele>
        <time>2026-05-09T15:13:38Z</time>
      </trkpt>
      <trkpt lat="44.18986" lon="-73.84621">
        <ele>991.6</ele>
        <time>2026-05-09T15:13:41Z</time>
      </trkpt>
      <trkpt lat="44.18985" lon="-73.8462">
        <ele>991.84</ele>
        <time>2026-05-09T15:13:48Z</time>
      </trkpt>
      <trkpt lat="44.18985" lon="-73.8462">
        <ele>991.84</ele>
        <time>2026-05-09T15:13:50Z</time>
      </trkpt>
      <trkpt lat="44.18984" lon="-73.84619">
        <ele>992.08</ele>
        <time>2026-05-09T15:13:56Z</time>
      </trkpt>
      <trkpt lat="44.18983" lon="-73.84619">
        <ele>992.38</ele>
        <time>2026-05-09T15:13:58Z</time>
      </trkpt>
      <trkpt lat="44.1898" lon="-73.84618">
        <ele>993.1</ele>
        <time>2026-05-09T15:14:05Z</time>
      </trkpt>
      <trkpt lat="44.1898" lon="-73.84618">
        <ele>993.1</ele>
        <time>2026-05-09T15:14:06Z</time>
      </trkpt>
      <trkpt lat="44.1898" lon="-73.84619">
        <ele>993.2</ele>
        <time>2026-05-09T15:14:11Z</time>
      </trkpt>
      <trkpt lat="44.18978" lon="-73.8462">
        <ele>993.73</ele>
        <time>2026-05-09T15:14:16Z</time>
      </trkpt>
      <trkpt lat="44.18979" lon="-73.8462">
        <ele>993.51</ele>
        <time>2026-05-09T15:14:17Z</time>
      </trkpt>
      <trkpt lat="44.18978" lon="-73.8462">
        <ele>993.73</ele>
        <time>2026-05-09T15:14:19Z</time>
      </trkpt>
      <trkpt lat="44.18977" lon="-73.84619">
        <ele>993.89</ele>
        <time>2026-05-09T15:14:25Z</time>
      </trkpt>
      <trkpt lat="44.18976" lon="-73.84618">
        <ele>994.08</ele>
        <time>2026-05-09T15:14:27Z</time>
      </trkpt>
      <trkpt lat="44.18971" lon="-73.84618">
        <ele>995.36</ele>
        <time>2026-05-09T15:14:35Z</time>
      </trkpt>
      <trkpt lat="44.18969" lon="-73.84619">
        <ele>995.99</ele>
        <time>2026-05-09T15:14:41Z</time>
      </trkpt>
      <trkpt lat="44.18968" lon="-73.84619">
        <ele>996.3</ele>
        <time>2026-05-09T15:14:44Z</time>
      </trkpt>
      <trkpt lat="44.18966" lon="-73.84622">
        <ele>997.07</ele>
        <time>2026-05-09T15:14:49Z</time>
      </trkpt>
      <trkpt lat="44.18964" lon="-73.84623">
        <ele>997.7</ele>
        <time>2026-05-09T15:14:55Z</time>
      </trkpt>
      <trkpt lat="44.18963" lon="-73.84623">
        <ele>997.99</ele>
        <time>2026-05-09T15:14:59Z</time>
      </trkpt>
      <trkpt lat="44.18961" lon="-73.84623">
        <ele>998.48</ele>
        <time>2026-05-09T15:15:04Z</time>
      </trkpt>
      <trkpt lat="44.1896" lon="-73.84623">
        <ele>998.73</ele>
        <time>2026-05-09T15:15:07Z</time>
      </trkpt>
      <trkpt lat="44.1896" lon="-73.84623">
        <ele>998.73</ele>
        <time>2026-05-09T15:15:08Z</time>
      </trkpt>
      <trkpt lat="44.18958" lon="-73.84622">
        <ele>999.17</ele>
        <time>2026-05-09T15:15:15Z</time>
      </trkpt>
      <trkpt lat="44.18957" lon="-73.84621">
        <ele>999.33</ele>
        <time>2026-05-09T15:15:17Z</time>
      </trkpt>
      <trkpt lat="44.18953" lon="-73.8462">
        <ele>1000.3</ele>
        <time>2026-05-09T15:15:26Z</time>
      </trkpt>
      <trkpt lat="44.18952" lon="-73.8462">
        <ele>1000.73</ele>
        <time>2026-05-09T15:15:27Z</time>
      </trkpt>
      <trkpt lat="44.18952" lon="-73.8462">
        <ele>1000.73</ele>
        <time>2026-05-09T15:15:29Z</time>
      </trkpt>
      <trkpt lat="44.18951" lon="-73.84619">
        <ele>1001.12</ele>
        <time>2026-05-09T15:15:33Z</time>
      </trkpt>
      <trkpt lat="44.1895" lon="-73.84619">
        <ele>1001.54</ele>
        <time>2026-05-09T15:15:36Z</time>
      </trkpt>
      <trkpt lat="44.18946" lon="-73.8462">
        <ele>1003.29</ele>
        <time>2026-05-09T15:15:41Z</time>
      </trkpt>
      <trkpt lat="44.18944" lon="-73.84621">
        <ele>1004.15</ele>
        <time>2026-05-09T15:15:46Z</time>
      </trkpt>
      <trkpt lat="44.18941" lon="-73.84622">
        <ele>1005.18</ele>
        <time>2026-05-09T15:15:53Z</time>
      </trkpt>
      <trkpt lat="44.18941" lon="-73.84622">
        <ele>1005.18</ele>
        <time>2026-05-09T15:15:56Z</time>
      </trkpt>
      <trkpt lat="44.18936" lon="-73.84623">
        <ele>1007.0</ele>
        <time>2026-05-09T15:16:04Z</time>
      </trkpt>
      <trkpt lat="44.18936" lon="-73.84624">
        <ele>1007.09</ele>
        <time>2026-05-09T15:16:07Z</time>
      </trkpt>
      <trkpt lat="44.18936" lon="-73.84624">
        <ele>1007.09</ele>
        <time>2026-05-09T15:16:09Z</time>
      </trkpt>
      <trkpt lat="44.18933" lon="-73.84624">
        <ele>1008.24</ele>
        <time>2026-05-09T15:16:15Z</time>
      </trkpt>
      <trkpt lat="44.18934" lon="-73.84624">
        <ele>1007.85</ele>
        <time>2026-05-09T15:16:17Z</time>
      </trkpt>
      <trkpt lat="44.18932" lon="-73.84622">
        <ele>1008.49</ele>
        <time>2026-05-09T15:16:25Z</time>
      </trkpt>
      <trkpt lat="44.18931" lon="-73.84622">
        <ele>1008.9</ele>
        <time>2026-05-09T15:16:26Z</time>
      </trkpt>
      <trkpt lat="44.18925" lon="-73.84624">
        <ele>1011.2</ele>
        <time>2026-05-09T15:16:36Z</time>
      </trkpt>
      <trkpt lat="44.18925" lon="-73.84624">
        <ele>1011.2</ele>
        <time>2026-05-09T15:16:37Z</time>
      </trkpt>
      <trkpt lat="44.18924" lon="-73.84624">
        <ele>1011.42</ele>
        <time>2026-05-09T15:16:48Z</time>
      </trkpt>
      <trkpt lat="44.18923" lon="-73.84626">
        <ele>1011.63</ele>
        <time>2026-05-09T15:16:58Z</time>
      </trkpt>
      <trkpt lat="44.18922" lon="-73.84626">
        <ele>1011.85</ele>
        <time>2026-05-09T15:16:59Z</time>
      </trkpt>
      <trkpt lat="44.18919" lon="-73.84627">
        <ele>1012.5</ele>
        <time>2026-05-09T15:17:06Z</time>
      </trkpt>
      <trkpt lat="44.18916" lon="-73.84629">
        <ele>1013.21</ele>
        <time>2026-05-09T15:17:12Z</time>
      </trkpt>
      <trkpt lat="44.18916" lon="-73.8463">
        <ele>1013.26</ele>
        <time>2026-05-09T15:17:14Z</time>
      </trkpt>
      <trkpt lat="44.18915" lon="-73.8463">
        <ele>1013.58</ele>
        <time>2026-05-09T15:17:17Z</time>
      </trkpt>
      <trkpt lat="44.18914" lon="-73.84629">
        <ele>1013.84</ele>
        <time>2026-05-09T15:17:22Z</time>
      </trkpt>
      <trkpt lat="44.18912" lon="-73.84629">
        <ele>1014.48</ele>
        <time>2026-05-09T15:17:25Z</time>
      </trkpt>
      <trkpt lat="44.18909" lon="-73.84628">
        <ele>1015.34</ele>
        <time>2026-05-09T15:17:32Z</time>
      </trkpt>
      <trkpt lat="44.18907" lon="-73.84628">
        <ele>1015.95</ele>
        <time>2026-05-09T15:17:37Z</time>
      </trkpt>
      <trkpt lat="44.18907" lon="-73.84627">
        <ele>1015.84</ele>
        <time>2026-05-09T15:17:41Z</time>
      </trkpt>
      <trkpt lat="44.18905" lon="-73.84627">
        <ele>1016.42</ele>
        <time>2026-05-09T15:17:45Z</time>
      </trkpt>
      <trkpt lat="44.18904" lon="-73.84627">
        <ele>1016.72</ele>
        <time>2026-05-09T15:17:51Z</time>
      </trkpt>
      <trkpt lat="44.18901" lon="-73.84629">
        <ele>1017.96</ele>
        <time>2026-05-09T15:17:58Z</time>
      </trkpt>
      <trkpt lat="44.189" lon="-73.84629">
        <ele>1018.28</ele>
        <time>2026-05-09T15:18:01Z</time>
      </trkpt>
      <trkpt lat="44.18895" lon="-73.8463">
        <ele>1019.68</ele>
        <time>2026-05-09T15:18:08Z</time>
      </trkpt>
      <trkpt lat="44.18893" lon="-73.84629">
        <ele>1020.01</ele>
        <time>2026-05-09T15:18:12Z</time>
      </trkpt>
      <trkpt lat="44.18892" lon="-73.84628">
        <ele>1020.09</ele>
        <time>2026-05-09T15:18:15Z</time>
      </trkpt>
      <trkpt lat="44.1889" lon="-73.84628">
        <ele>1020.56</ele>
        <time>2026-05-09T15:18:18Z</time>
      </trkpt>
      <trkpt lat="44.18889" lon="-73.84627">
        <ele>1020.69</ele>
        <time>2026-05-09T15:18:21Z</time>
      </trkpt>
      <trkpt lat="44.18889" lon="-73.84627">
        <ele>1020.69</ele>
        <time>2026-05-09T15:18:23Z</time>
      </trkpt>
      <trkpt lat="44.18888" lon="-73.84625">
        <ele>1020.6</ele>
        <time>2026-05-09T15:18:28Z</time>
      </trkpt>
      <trkpt lat="44.18886" lon="-73.84625">
        <ele>1020.81</ele>
        <time>2026-05-09T15:18:29Z</time>
      </trkpt>
      <trkpt lat="44.18881" lon="-73.84621">
        <ele>1020.92</ele>
        <time>2026-05-09T15:18:38Z</time>
      </trkpt>
      <trkpt lat="44.18879" lon="-73.84618">
        <ele>1020.49</ele>
        <time>2026-05-09T15:18:51Z</time>
      </trkpt>
      <trkpt lat="44.18877" lon="-73.84619">
        <ele>1020.7</ele>
        <time>2026-05-09T15:18:59Z</time>
      </trkpt>
      <trkpt lat="44.18877" lon="-73.84618">
        <ele>1020.49</ele>
        <time>2026-05-09T15:19:01Z</time>
      </trkpt>
      <trkpt lat="44.18876" lon="-73.84617">
        <ele>1020.27</ele>
        <time>2026-05-09T15:19:03Z</time>
      </trkpt>
      <trkpt lat="44.18876" lon="-73.84617">
        <ele>1020.27</ele>
        <time>2026-05-09T15:19:06Z</time>
      </trkpt>
      <trkpt lat="44.18871" lon="-73.84612">
        <ele>1019.19</ele>
        <time>2026-05-09T15:19:15Z</time>
      </trkpt>
      <trkpt lat="44.18867" lon="-73.84611">
        <ele>1018.96</ele>
        <time>2026-05-09T15:19:21Z</time>
      </trkpt>
      <trkpt lat="44.18863" lon="-73.8461">
        <ele>1018.64</ele>
        <time>2026-05-09T15:19:26Z</time>
      </trkpt>
      <trkpt lat="44.18861" lon="-73.84609">
        <ele>1018.3</ele>
        <time>2026-05-09T15:19:29Z</time>
      </trkpt>
      <trkpt lat="44.18858" lon="-73.8461">
        <ele>1018.3</ele>
        <time>2026-05-09T15:19:35Z</time>
      </trkpt>
      <trkpt lat="44.18856" lon="-73.84612">
        <ele>1018.64</ele>
        <time>2026-05-09T15:19:40Z</time>
      </trkpt>
      <trkpt lat="44.18855" lon="-73.84613">
        <ele>1018.75</ele>
        <time>2026-05-09T15:19:43Z</time>
      </trkpt>
      <trkpt lat="44.18854" lon="-73.84613">
        <ele>1018.64</ele>
        <time>2026-05-09T15:19:48Z</time>
      </trkpt>
      <trkpt lat="44.18852" lon="-73.84615">
        <ele>1018.86</ele>
        <time>2026-05-09T15:19:57Z</time>
      </trkpt>
      <trkpt lat="44.18851" lon="-73.84618">
        <ele>1019.46</ele>
        <time>2026-05-09T15:20:04Z</time>
      </trkpt>
      <trkpt lat="44.18852" lon="-73.84624">
        <ele>1020.79</ele>
        <time>2026-05-09T15:20:12Z</time>
      </trkpt>
      <trkpt lat="44.18851" lon="-73.84627">
        <ele>1021.43</ele>
        <time>2026-05-09T15:20:18Z</time>
      </trkpt>
      <trkpt lat="44.18851" lon="-73.84627">
        <ele>1021.43</ele>
        <time>2026-05-09T15:20:20Z</time>
      </trkpt>
      <trkpt lat="44.1885" lon="-73.84631">
        <ele>1022.27</ele>
        <time>2026-05-09T15:20:24Z</time>
      </trkpt>
      <trkpt lat="44.18849" lon="-73.84634">
        <ele>1022.8</ele>
        <time>2026-05-09T15:20:28Z</time>
      </trkpt>
      <trkpt lat="44.18848" lon="-73.84638">
        <ele>1023.43</ele>
        <time>2026-05-09T15:20:37Z</time>
      </trkpt>
      <trkpt lat="44.18848" lon="-73.84638">
        <ele>1023.43</ele>
        <time>2026-05-09T15:20:39Z</time>
      </trkpt>
      <trkpt lat="44.18844" lon="-73.84642">
        <ele>1023.82</ele>
        <time>2026-05-09T15:20:47Z</time>
      </trkpt>
      <trkpt lat="44.18844" lon="-73.84644">
        <ele>1024.26</ele>
        <time>2026-05-09T15:20:50Z</time>
      </trkpt>
      <trkpt lat="44.18843" lon="-73.84646">
        <ele>1024.58</ele>
        <time>2026-05-09T15:20:54Z</time>
      </trkpt>
      <trkpt lat="44.18843" lon="-73.84648">
        <ele>1025.01</ele>
        <time>2026-05-09T15:20:58Z</time>
      </trkpt>
      <trkpt lat="44.18842" lon="-73.84651">
        <ele>1025.62</ele>
        <time>2026-05-09T15:21:03Z</time>
      </trkpt>
      <trkpt lat="44.18841" lon="-73.84655">
        <ele>1026.48</ele>
        <time>2026-05-09T15:21:08Z</time>
      </trkpt>
      <trkpt lat="44.18842" lon="-73.84657">
        <ele>1026.91</ele>
        <time>2026-05-09T15:21:11Z</time>
      </trkpt>
      <trkpt lat="44.18843" lon="-73.84661">
        <ele>1027.78</ele>
        <time>2026-05-09T15:21:19Z</time>
      </trkpt>
      <trkpt lat="44.18843" lon="-73.84662">
        <ele>1027.99</ele>
        <time>2026-05-09T15:21:20Z</time>
      </trkpt>
      <trkpt lat="44.18844" lon="-73.84667">
        <ele>1029.04</ele>
        <time>2026-05-09T15:21:28Z</time>
      </trkpt>
      <trkpt lat="44.18844" lon="-73.84667">
        <ele>1029.04</ele>
        <time>2026-05-09T15:21:31Z</time>
      </trkpt>
      <trkpt lat="44.18843" lon="-73.84667">
        <ele>1029.04</ele>
        <time>2026-05-09T15:21:33Z</time>
      </trkpt>
      <trkpt lat="44.18843" lon="-73.84669">
        <ele>1029.26</ele>
        <time>2026-05-09T15:21:36Z</time>
      </trkpt>
      <trkpt lat="44.18843" lon="-73.84675">
        <ele>1029.94</ele>
        <time>2026-05-09T15:21:43Z</time>
      </trkpt>
      <trkpt lat="44.18842" lon="-73.8468">
        <ele>1030.85</ele>
        <time>2026-05-09T15:21:50Z</time>
      </trkpt>
      <trkpt lat="44.1884" lon="-73.84689">
        <ele>1032.25</ele>
        <time>2026-05-09T15:22:01Z</time>
      </trkpt>
      <trkpt lat="44.18839" lon="-73.84695">
        <ele>1033.1</ele>
        <time>2026-05-09T15:22:10Z</time>
      </trkpt>
      <trkpt lat="44.18836" lon="-73.84695">
        <ele>1033.08</ele>
        <time>2026-05-09T15:22:18Z</time>
      </trkpt>
      <trkpt lat="44.18836" lon="-73.84695">
        <ele>1033.08</ele>
        <time>2026-05-09T15:22:20Z</time>
      </trkpt>
      <trkpt lat="44.18836" lon="-73.84695">
        <ele>1033.08</ele>
        <time>2026-05-09T15:22:23Z</time>
      </trkpt>
      <trkpt lat="44.18836" lon="-73.84695">
        <ele>1033.08</ele>
        <time>2026-05-09T15:22:33Z</time>
      </trkpt>
      <trkpt lat="44.18835" lon="-73.84698">
        <ele>1033.45</ele>
        <time>2026-05-09T15:22:38Z</time>
      </trkpt>
      <trkpt lat="44.18835" lon="-73.84699">
        <ele>1033.58</ele>
        <time>2026-05-09T15:22:39Z</time>
      </trkpt>
      <trkpt lat="44.18835" lon="-73.84705">
        <ele>1034.43</ele>
        <time>2026-05-09T15:22:45Z</time>
      </trkpt>
      <trkpt lat="44.18834" lon="-73.84712">
        <ele>1035.8</ele>
        <time>2026-05-09T15:22:53Z</time>
      </trkpt>
      <trkpt lat="44.18834" lon="-73.84719">
        <ele>1037.3</ele>
        <time>2026-05-09T15:23:02Z</time>
      </trkpt>
      <trkpt lat="44.18835" lon="-73.84727">
        <ele>1038.94</ele>
        <time>2026-05-09T15:23:10Z</time>
      </trkpt>
      <trkpt lat="44.18835" lon="-73.84733">
        <ele>1040.01</ele>
        <time>2026-05-09T15:23:18Z</time>
      </trkpt>
      <trkpt lat="44.18835" lon="-73.84734">
        <ele>1040.14</ele>
        <time>2026-05-09T15:23:19Z</time>
      </trkpt>
      <trkpt lat="44.18835" lon="-73.84737">
        <ele>1040.52</ele>
        <time>2026-05-09T15:23:26Z</time>
      </trkpt>
      <trkpt lat="44.18833" lon="-73.84739">
        <ele>1040.81</ele>
        <time>2026-05-09T15:23:33Z</time>
      </trkpt>
      <trkpt lat="44.18832" lon="-73.84743">
        <ele>1041.49</ele>
        <time>2026-05-09T15:23:42Z</time>
      </trkpt>
      <trkpt lat="44.18833" lon="-73.84747">
        <ele>1042.35</ele>
        <time>2026-05-09T15:23:49Z</time>
      </trkpt>
      <trkpt lat="44.18833" lon="-73.84749">
        <ele>1042.78</ele>
        <time>2026-05-09T15:23:58Z</time>
      </trkpt>
      <trkpt lat="44.18832" lon="-73.8475">
        <ele>1043.0</ele>
        <time>2026-05-09T15:24:01Z</time>
      </trkpt>
      <trkpt lat="44.18831" lon="-73.84752">
        <ele>1043.43</ele>
        <time>2026-05-09T15:24:05Z</time>
      </trkpt>
      <trkpt lat="44.18832" lon="-73.84753">
        <ele>1043.65</ele>
        <time>2026-05-09T15:24:06Z</time>
      </trkpt>
      <trkpt lat="44.18833" lon="-73.84754">
        <ele>1043.86</ele>
        <time>2026-05-09T15:24:11Z</time>
      </trkpt>
      <trkpt lat="44.18832" lon="-73.84756">
        <ele>1044.3</ele>
        <time>2026-05-09T15:24:16Z</time>
      </trkpt>
      <trkpt lat="44.18832" lon="-73.84756">
        <ele>1044.3</ele>
        <time>2026-05-09T15:24:18Z</time>
      </trkpt>
      <trkpt lat="44.18832" lon="-73.84756">
        <ele>1044.3</ele>
        <time>2026-05-09T15:24:19Z</time>
      </trkpt>
      <trkpt lat="44.1883" lon="-73.84758">
        <ele>1044.73</ele>
        <time>2026-05-09T15:24:23Z</time>
      </trkpt>
      <trkpt lat="44.1883" lon="-73.84759">
        <ele>1044.94</ele>
        <time>2026-05-09T15:24:24Z</time>
      </trkpt>
      <trkpt lat="44.18829" lon="-73.84761">
        <ele>1045.28</ele>
        <time>2026-05-09T15:24:27Z</time>
      </trkpt>
      <trkpt lat="44.18828" lon="-73.84764">
        <ele>1045.81</ele>
        <time>2026-05-09T15:24:32Z</time>
      </trkpt>
      <trkpt lat="44.18829" lon="-73.84764">
        <ele>1045.75</ele>
        <time>2026-05-09T15:24:33Z</time>
      </trkpt>
      <trkpt lat="44.18829" lon="-73.84765">
        <ele>1045.91</ele>
        <time>2026-05-09T15:24:35Z</time>
      </trkpt>
      <trkpt lat="44.18828" lon="-73.84769">
        <ele>1046.68</ele>
        <time>2026-05-09T15:24:46Z</time>
      </trkpt>
      <trkpt lat="44.18828" lon="-73.84769">
        <ele>1046.68</ele>
        <time>2026-05-09T15:24:53Z</time>
      </trkpt>
      <trkpt lat="44.18828" lon="-73.8477">
        <ele>1046.9</ele>
        <time>2026-05-09T15:24:56Z</time>
      </trkpt>
      <trkpt lat="44.18828" lon="-73.84771">
        <ele>1047.11</ele>
        <time>2026-05-09T15:24:58Z</time>
      </trkpt>
      <trkpt lat="44.18827" lon="-73.84773">
        <ele>1047.65</ele>
        <time>2026-05-09T15:25:08Z</time>
      </trkpt>
      <trkpt lat="44.18827" lon="-73.84775">
        <ele>1048.08</ele>
        <time>2026-05-09T15:25:14Z</time>
      </trkpt>
      <trkpt lat="44.18827" lon="-73.84775">
        <ele>1048.08</ele>
        <time>2026-05-09T15:25:15Z</time>
      </trkpt>
      <trkpt lat="44.18828" lon="-73.84778">
        <ele>1048.62</ele>
        <time>2026-05-09T15:25:22Z</time>
      </trkpt>
      <trkpt lat="44.18828" lon="-73.84778">
        <ele>1048.62</ele>
        <time>2026-05-09T15:25:24Z</time>
      </trkpt>
      <trkpt lat="44.18828" lon="-73.84779">
        <ele>1048.84</ele>
        <time>2026-05-09T15:25:25Z</time>
      </trkpt>
      <trkpt lat="44.18827" lon="-73.84782">
        <ele>1049.6</ele>
        <time>2026-05-09T15:25:31Z</time>
      </trkpt>
      <trkpt lat="44.18827" lon="-73.84784">
        <ele>1050.03</ele>
        <time>2026-05-09T15:25:33Z</time>
      </trkpt>
      <trkpt lat="44.18827" lon="-73.84788">
        <ele>1051.0</ele>
        <time>2026-05-09T15:25:40Z</time>
      </trkpt>
      <trkpt lat="44.18827" lon="-73.84789">
        <ele>1051.32</ele>
        <time>2026-05-09T15:25:43Z</time>
      </trkpt>
      <trkpt lat="44.18827" lon="-73.84793">
        <ele>1052.62</ele>
        <time>2026-05-09T15:25:51Z</time>
      </trkpt>
      <trkpt lat="44.18827" lon="-73.84794">
        <ele>1052.94</ele>
        <time>2026-05-09T15:25:52Z</time>
      </trkpt>
      <trkpt lat="44.18827" lon="-73.84798">
        <ele>1054.36</ele>
        <time>2026-05-09T15:26:01Z</time>
      </trkpt>
      <trkpt lat="44.18827" lon="-73.848">
        <ele>1055.16</ele>
        <time>2026-05-09T15:26:03Z</time>
      </trkpt>
      <trkpt lat="44.18828" lon="-73.84802">
        <ele>1055.78</ele>
        <time>2026-05-09T15:26:10Z</time>
      </trkpt>
      <trkpt lat="44.18828" lon="-73.84803">
        <ele>1056.17</ele>
        <time>2026-05-09T15:26:14Z</time>
      </trkpt>
      <trkpt lat="44.18828" lon="-73.84806">
        <ele>1057.3</ele>
        <time>2026-05-09T15:26:19Z</time>
      </trkpt>
      <trkpt lat="44.18829" lon="-73.84809">
        <ele>1058.05</ele>
        <time>2026-05-09T15:26:24Z</time>
      </trkpt>
      <trkpt lat="44.18829" lon="-73.84809">
        <ele>1058.05</ele>
        <time>2026-05-09T15:26:25Z</time>
      </trkpt>
      <trkpt lat="44.1883" lon="-73.84812">
        <ele>1058.81</ele>
        <time>2026-05-09T15:26:29Z</time>
      </trkpt>
      <trkpt lat="44.18831" lon="-73.84814">
        <ele>1059.24</ele>
        <time>2026-05-09T15:26:32Z</time>
      </trkpt>
      <trkpt lat="44.18832" lon="-73.84812">
        <ele>1058.38</ele>
        <time>2026-05-09T15:26:37Z</time>
      </trkpt>
      <trkpt lat="44.18833" lon="-73.84818">
        <ele>1060.12</ele>
        <time>2026-05-09T15:26:49Z</time>
      </trkpt>
      <trkpt lat="44.18833" lon="-73.84818">
        <ele>1060.12</ele>
        <time>2026-05-09T15:26:51Z</time>
      </trkpt>
      <trkpt lat="44.18835" lon="-73.84818">
        <ele>1059.49</ele>
        <time>2026-05-09T15:27:00Z</time>
      </trkpt>
      <trkpt lat="44.18834" lon="-73.84819">
        <ele>1060.14</ele>
        <time>2026-05-09T15:27:04Z</time>
      </trkpt>
      <trkpt lat="44.18833" lon="-73.8482">
        <ele>1060.77</ele>
        <time>2026-05-09T15:27:08Z</time>
      </trkpt>
      <trkpt lat="44.18833" lon="-73.84824">
        <ele>1062.08</ele>
        <time>2026-05-09T15:27:14Z</time>
      </trkpt>
      <trkpt lat="44.18834" lon="-73.84824">
        <ele>1061.76</ele>
        <time>2026-05-09T15:27:15Z</time>
      </trkpt>
      <trkpt lat="44.18835" lon="-73.84826">
        <ele>1062.05</ele>
        <time>2026-05-09T15:27:20Z</time>
      </trkpt>
      <trkpt lat="44.18835" lon="-73.84827">
        <ele>1062.35</ele>
        <time>2026-05-09T15:27:24Z</time>
      </trkpt>
      <trkpt lat="44.18833" lon="-73.84831">
        <ele>1064.35</ele>
        <time>2026-05-09T15:27:35Z</time>
      </trkpt>
      <trkpt lat="44.18832" lon="-73.84831">
        <ele>1064.68</ele>
        <time>2026-05-09T15:27:36Z</time>
      </trkpt>
      <trkpt lat="44.18831" lon="-73.84836">
        <ele>1066.62</ele>
        <time>2026-05-09T15:27:45Z</time>
      </trkpt>
      <trkpt lat="44.1883" lon="-73.84838">
        <ele>1067.59</ele>
        <time>2026-05-09T15:27:48Z</time>
      </trkpt>
      <trkpt lat="44.18829" lon="-73.8484">
        <ele>1068.56</ele>
        <time>2026-05-09T15:27:54Z</time>
      </trkpt>
      <trkpt lat="44.1883" lon="-73.84843">
        <ele>1069.17</ele>
        <time>2026-05-09T15:28:00Z</time>
      </trkpt>
      <trkpt lat="44.1883" lon="-73.84844">
        <ele>1069.38</ele>
        <time>2026-05-09T15:28:04Z</time>
      </trkpt>
      <trkpt lat="44.18829" lon="-73.84848">
        <ele>1070.57</ele>
        <time>2026-05-09T15:28:14Z</time>
      </trkpt>
      <trkpt lat="44.18829" lon="-73.84849">
        <ele>1070.79</ele>
        <time>2026-05-09T15:28:15Z</time>
      </trkpt>
      <trkpt lat="44.18828" lon="-73.84852">
        <ele>1071.76</ele>
        <time>2026-05-09T15:28:23Z</time>
      </trkpt>
      <trkpt lat="44.18828" lon="-73.84853">
        <ele>1071.98</ele>
        <time>2026-05-09T15:28:29Z</time>
      </trkpt>
      <trkpt lat="44.18828" lon="-73.84853">
        <ele>1071.98</ele>
        <time>2026-05-09T15:28:30Z</time>
      </trkpt>
      <trkpt lat="44.18828" lon="-73.84857">
        <ele>1072.84</ele>
        <time>2026-05-09T15:28:38Z</time>
      </trkpt>
      <trkpt lat="44.18828" lon="-73.84857">
        <ele>1072.84</ele>
        <time>2026-05-09T15:28:42Z</time>
      </trkpt>
      <trkpt lat="44.18829" lon="-73.84857">
        <ele>1072.52</ele>
        <time>2026-05-09T15:28:47Z</time>
      </trkpt>
      <trkpt lat="44.18828" lon="-73.84862">
        <ele>1073.82</ele>
        <time>2026-05-09T15:28:57Z</time>
      </trkpt>
      <trkpt lat="44.18829" lon="-73.84863">
        <ele>1073.61</ele>
        <time>2026-05-09T15:29:02Z</time>
      </trkpt>
      <trkpt lat="44.18829" lon="-73.84864">
        <ele>1073.72</ele>
        <time>2026-05-09T15:29:06Z</time>
      </trkpt>
      <trkpt lat="44.18829" lon="-73.84866">
        <ele>1073.93</ele>
        <time>2026-05-09T15:29:13Z</time>
      </trkpt>
      <trkpt lat="44.18828" lon="-73.84867">
        <ele>1074.36</ele>
        <time>2026-05-09T15:29:16Z</time>
      </trkpt>
      <trkpt lat="44.18827" lon="-73.84869">
        <ele>1074.9</ele>
        <time>2026-05-09T15:29:20Z</time>
      </trkpt>
      <trkpt lat="44.18827" lon="-73.8487">
        <ele>1075.01</ele>
        <time>2026-05-09T15:29:24Z</time>
      </trkpt>
      <trkpt lat="44.18827" lon="-73.84872">
        <ele>1075.4</ele>
        <time>2026-05-09T15:29:29Z</time>
      </trkpt>
      <trkpt lat="44.18824" lon="-73.8487">
        <ele>1075.98</ele>
        <time>2026-05-09T15:29:34Z</time>
      </trkpt>
      <trkpt lat="44.18822" lon="-73.84871">
        <ele>1076.79</ele>
        <time>2026-05-09T15:29:37Z</time>
      </trkpt>
      <trkpt lat="44.1882" lon="-73.84875">
        <ele>1078.1</ele>
        <time>2026-05-09T15:29:44Z</time>
      </trkpt>
      <trkpt lat="44.1882" lon="-73.84876">
        <ele>1078.27</ele>
        <time>2026-05-09T15:29:45Z</time>
      </trkpt>
      <trkpt lat="44.18819" lon="-73.84879">
        <ele>1079.0</ele>
        <time>2026-05-09T15:29:52Z</time>
      </trkpt>
      <trkpt lat="44.18819" lon="-73.84882">
        <ele>1079.35</ele>
        <time>2026-05-09T15:30:00Z</time>
      </trkpt>
      <trkpt lat="44.1882" lon="-73.84883">
        <ele>1079.24</ele>
        <time>2026-05-09T15:30:08Z</time>
      </trkpt>
      <trkpt lat="44.18819" lon="-73.84883">
        <ele>1079.46</ele>
        <time>2026-05-09T15:30:10Z</time>
      </trkpt>
      <trkpt lat="44.1882" lon="-73.84883">
        <ele>1079.24</ele>
        <time>2026-05-09T15:30:19Z</time>
      </trkpt>
      <trkpt lat="44.1882" lon="-73.84883">
        <ele>1079.24</ele>
        <time>2026-05-09T15:30:20Z</time>
      </trkpt>
      <trkpt lat="44.18819" lon="-73.84881">
        <ele>1079.24</ele>
        <time>2026-05-09T15:30:27Z</time>
      </trkpt>
      <trkpt lat="44.18819" lon="-73.8488">
        <ele>1079.14</ele>
        <time>2026-05-09T15:30:29Z</time>
      </trkpt>
      <trkpt lat="44.18819" lon="-73.84881">
        <ele>1079.24</ele>
        <time>2026-05-09T15:30:32Z</time>
      </trkpt>
      <trkpt lat="44.18819" lon="-73.84882">
        <ele>1079.35</ele>
        <time>2026-05-09T15:30:37Z</time>
      </trkpt>
      <trkpt lat="44.18819" lon="-73.84881">
        <ele>1079.24</ele>
        <time>2026-05-09T15:30:39Z</time>
      </trkpt>
      <trkpt lat="44.18819" lon="-73.8488">
        <ele>1079.14</ele>
        <time>2026-05-09T15:30:49Z</time>
      </trkpt>
      <trkpt lat="44.18818" lon="-73.84881">
        <ele>1079.46</ele>
        <time>2026-05-09T15:30:56Z</time>
      </trkpt>
      <trkpt lat="44.18817" lon="-73.84881">
        <ele>1079.68</ele>
        <time>2026-05-09T15:30:58Z</time>
      </trkpt>
      <trkpt lat="44.18815" lon="-73.84883">
        <ele>1080.32</ele>
        <time>2026-05-09T15:31:08Z</time>
      </trkpt>
      <trkpt lat="44.18815" lon="-73.84882">
        <ele>1080.22</ele>
        <time>2026-05-09T15:31:10Z</time>
      </trkpt>
      <trkpt lat="44.18816" lon="-73.84883">
        <ele>1080.11</ele>
        <time>2026-05-09T15:31:13Z</time>
      </trkpt>
      <trkpt lat="44.18817" lon="-73.84883">
        <ele>1079.89</ele>
        <time>2026-05-09T15:31:24Z</time>
      </trkpt>
      <trkpt lat="44.18817" lon="-73.84883">
        <ele>1079.89</ele>
        <time>2026-05-09T15:31:35Z</time>
      </trkpt>
      <trkpt lat="44.18817" lon="-73.84882">
        <ele>1079.78</ele>
        <time>2026-05-09T15:31:47Z</time>
      </trkpt>
      <trkpt lat="44.18817" lon="-73.84882">
        <ele>1079.78</ele>
        <time>2026-05-09T15:31:52Z</time>
      </trkpt>
      <trkpt lat="44.18818" lon="-73.84882">
        <ele>1079.57</ele>
        <time>2026-05-09T15:32:04Z</time>
      </trkpt>
      <trkpt lat="44.18818" lon="-73.84882">
        <ele>1079.57</ele>
        <time>2026-05-09T15:32:15Z</time>
      </trkpt>
      <trkpt lat="44.18818" lon="-73.84882">
        <ele>1079.57</ele>
        <time>2026-05-09T15:32:17Z</time>
      </trkpt>
      <trkpt lat="44.18818" lon="-73.84881">
        <ele>1079.46</ele>
        <time>2026-05-09T15:32:25Z</time>
      </trkpt>
      <trkpt lat="44.18819" lon="-73.8488">
        <ele>1079.14</ele>
        <time>2026-05-09T15:32:33Z</time>
      </trkpt>
      <trkpt lat="44.18817" lon="-73.84879">
        <ele>1079.44</ele>
        <time>2026-05-09T15:32:42Z</time>
      </trkpt>
      <trkpt lat="44.18817" lon="-73.84879">
        <ele>1079.44</ele>
        <time>2026-05-09T15:32:45Z</time>
      </trkpt>
      <trkpt lat="44.18819" lon="-73.84881">
        <ele>1079.24</ele>
        <time>2026-05-09T15:32:53Z</time>
      </trkpt>
      <trkpt lat="44.18819" lon="-73.8488">
        <ele>1079.14</ele>
        <time>2026-05-09T15:33:02Z</time>
      </trkpt>
      <trkpt lat="44.18819" lon="-73.84881">
        <ele>1079.24</ele>
        <time>2026-05-09T15:33:15Z</time>
      </trkpt>
      <trkpt lat="44.18818" lon="-73.84881">
        <ele>1079.46</ele>
        <time>2026-05-09T15:33:20Z</time>
      </trkpt>
      <trkpt lat="44.18819" lon="-73.84881">
        <ele>1079.24</ele>
        <time>2026-05-09T15:33:23Z</time>
      </trkpt>
      <trkpt lat="44.18819" lon="-73.84882">
        <ele>1079.35</ele>
        <time>2026-05-09T15:33:27Z</time>
      </trkpt>
      <trkpt lat="44.18818" lon="-73.84883">
        <ele>1079.68</ele>
        <time>2026-05-09T15:33:40Z</time>
      </trkpt>
      <trkpt lat="44.18818" lon="-73.84883">
        <ele>1079.68</ele>
        <time>2026-05-09T15:33:46Z</time>
      </trkpt>
      <trkpt lat="44.18819" lon="-73.84883">
        <ele>1079.46</ele>
        <time>2026-05-09T15:33:52Z</time>
      </trkpt>
      <trkpt lat="44.1882" lon="-73.84883">
        <ele>1079.24</ele>
        <time>2026-05-09T15:33:59Z</time>
      </trkpt>
      <trkpt lat="44.1882" lon="-73.84882">
        <ele>1079.14</ele>
        <time>2026-05-09T15:34:02Z</time>
      </trkpt>
      <trkpt lat="44.1882" lon="-73.84883">
        <ele>1079.24</ele>
        <time>2026-05-09T15:34:08Z</time>
      </trkpt>
      <trkpt lat="44.18819" lon="-73.84881">
        <ele>1079.24</ele>
        <time>2026-05-09T15:34:16Z</time>
      </trkpt>
      <trkpt lat="44.18819" lon="-73.8488">
        <ele>1079.14</ele>
        <time>2026-05-09T15:34:27Z</time>
      </trkpt>
      <trkpt lat="44.1882" lon="-73.84878">
        <ele>1078.61</ele>
        <time>2026-05-09T15:34:39Z</time>
      </trkpt>
      <trkpt lat="44.18819" lon="-73.84881">
        <ele>1079.24</ele>
        <time>2026-05-09T15:34:52Z</time>
      </trkpt>
      <trkpt lat="44.18818" lon="-73.8488">
        <ele>1079.35</ele>
        <time>2026-05-09T15:35:03Z</time>
      </trkpt>
      <trkpt lat="44.18818" lon="-73.84881">
        <ele>1079.46</ele>
        <time>2026-05-09T15:35:07Z</time>
      </trkpt>
      <trkpt lat="44.18819" lon="-73.8488">
        <ele>1079.14</ele>
        <time>2026-05-09T15:35:12Z</time>
      </trkpt>
      <trkpt lat="44.18819" lon="-73.8488">
        <ele>1079.14</ele>
        <time>2026-05-09T15:35:15Z</time>
      </trkpt>
      <trkpt lat="44.18819" lon="-73.84881">
        <ele>1079.24</ele>
        <time>2026-05-09T15:35:17Z</time>
      </trkpt>
      <trkpt lat="44.18819" lon="-73.84881">
        <ele>1079.24</ele>
        <time>2026-05-09T15:35:19Z</time>
      </trkpt>
      <trkpt lat="44.18819" lon="-73.84881">
        <ele>1079.24</ele>
        <time>2026-05-09T15:35:24Z</time>
      </trkpt>
      <trkpt lat="44.18818" lon="-73.84879">
        <ele>1079.22</ele>
        <time>2026-05-09T15:35:30Z</time>
      </trkpt>
      <trkpt lat="44.18818" lon="-73.8488">
        <ele>1079.35</ele>
        <time>2026-05-09T15:35:39Z</time>
      </trkpt>
      <trkpt lat="44.18819" lon="-73.84881">
        <ele>1079.24</ele>
        <time>2026-05-09T15:35:47Z</time>
      </trkpt>
      <trkpt lat="44.18819" lon="-73.8488">
        <ele>1079.14</ele>
        <time>2026-05-09T15:35:55Z</time>
      </trkpt>
      <trkpt lat="44.1882" lon="-73.84881">
        <ele>1079.03</ele>
        <time>2026-05-09T15:36:04Z</time>
      </trkpt>
      <trkpt lat="44.18819" lon="-73.84881">
        <ele>1079.24</ele>
        <time>2026-05-09T15:36:12Z</time>
      </trkpt>
      <trkpt lat="44.18818" lon="-73.84881">
        <ele>1079.46</ele>
        <time>2026-05-09T15:36:13Z</time>
      </trkpt>
      <trkpt lat="44.18818" lon="-73.84882">
        <ele>1079.57</ele>
        <time>2026-05-09T15:36:14Z</time>
      </trkpt>
      <trkpt lat="44.18817" lon="-73.84882">
        <ele>1079.78</ele>
        <time>2026-05-09T15:36:16Z</time>
      </trkpt>
      <trkpt lat="44.18817" lon="-73.84882">
        <ele>1079.78</ele>
        <time>2026-05-09T15:36:17Z</time>
      </trkpt>
      <trkpt lat="44.18817" lon="-73.84882">
        <ele>1079.78</ele>
        <time>2026-05-09T15:36:19Z</time>
      </trkpt>
      <trkpt lat="44.18817" lon="-73.84881">
        <ele>1079.68</ele>
        <time>2026-05-09T15:36:34Z</time>
      </trkpt>
      <trkpt lat="44.18818" lon="-73.84882">
        <ele>1079.57</ele>
        <time>2026-05-09T15:36:48Z</time>
      </trkpt>
      <trkpt lat="44.18818" lon="-73.84882">
        <ele>1079.57</ele>
        <time>2026-05-09T15:36:56Z</time>
      </trkpt>
      <trkpt lat="44.18819" lon="-73.84882">
        <ele>1079.35</ele>
        <time>2026-05-09T15:37:00Z</time>
      </trkpt>
      <trkpt lat="44.18819" lon="-73.84882">
        <ele>1079.35</ele>
        <time>2026-05-09T15:37:09Z</time>
      </trkpt>
      <trkpt lat="44.18819" lon="-73.84881">
        <ele>1079.24</ele>
        <time>2026-05-09T15:37:17Z</time>
      </trkpt>
      <trkpt lat="44.18819" lon="-73.8488">
        <ele>1079.14</ele>
        <time>2026-05-09T15:37:27Z</time>
      </trkpt>
      <trkpt lat="44.18818" lon="-73.84881">
        <ele>1079.46</ele>
        <time>2026-05-09T15:37:34Z</time>
      </trkpt>
      <trkpt lat="44.18818" lon="-73.84881">
        <ele>1079.46</ele>
        <time>2026-05-09T15:37:35Z</time>
      </trkpt>
      <trkpt lat="44.18818" lon="-73.84886">
        <ele>1080.0</ele>
        <time>2026-05-09T15:37:44Z</time>
      </trkpt>
      <trkpt lat="44.18819" lon="-73.84892">
        <ele>1080.43</ele>
        <time>2026-05-09T15:37:53Z</time>
      </trkpt>
      <trkpt lat="44.18818" lon="-73.84893">
        <ele>1080.76</ele>
        <time>2026-05-09T15:37:56Z</time>
      </trkpt>
      <trkpt lat="44.18818" lon="-73.84895">
        <ele>1080.97</ele>
        <time>2026-05-09T15:38:01Z</time>
      </trkpt>
      <trkpt lat="44.18819" lon="-73.84895">
        <ele>1080.76</ele>
        <time>2026-05-09T15:38:02Z</time>
      </trkpt>
      <trkpt lat="44.18819" lon="-73.84896">
        <ele>1080.86</ele>
        <time>2026-05-09T15:38:07Z</time>
      </trkpt>
      <trkpt lat="44.18819" lon="-73.84897">
        <ele>1080.97</ele>
        <time>2026-05-09T15:38:10Z</time>
      </trkpt>
      <trkpt lat="44.18818" lon="-73.84897">
        <ele>1081.19</ele>
        <time>2026-05-09T15:38:13Z</time>
      </trkpt>
      <trkpt lat="44.18818" lon="-73.84899">
        <ele>1081.4</ele>
        <time>2026-05-09T15:38:21Z</time>
      </trkpt>
      <trkpt lat="44.18818" lon="-73.84901">
        <ele>1081.62</ele>
        <time>2026-05-09T15:38:26Z</time>
      </trkpt>
      <trkpt lat="44.18817" lon="-73.84903">
        <ele>1082.05</ele>
        <time>2026-05-09T15:38:30Z</time>
      </trkpt>
      <trkpt lat="44.18815" lon="-73.84902">
        <ele>1082.38</ele>
        <time>2026-05-09T15:38:39Z</time>
      </trkpt>
      <trkpt lat="44.18815" lon="-73.84901">
        <ele>1082.27</ele>
        <time>2026-05-09T15:38:42Z</time>
      </trkpt>
      <trkpt lat="44.18814" lon="-73.84901">
        <ele>1082.57</ele>
        <time>2026-05-09T15:38:46Z</time>
      </trkpt>
      <trkpt lat="44.18814" lon="-73.84901">
        <ele>1082.57</ele>
        <time>2026-05-09T15:38:56Z</time>
      </trkpt>
      <trkpt lat="44.18815" lon="-73.849">
        <ele>1082.16</ele>
        <time>2026-05-09T15:38:59Z</time>
      </trkpt>
      <trkpt lat="44.18814" lon="-73.84901">
        <ele>1082.57</ele>
        <time>2026-05-09T15:39:02Z</time>
      </trkpt>
      <trkpt lat="44.18814" lon="-73.84903">
        <ele>1082.79</ele>
        <time>2026-05-09T15:39:04Z</time>
      </trkpt>
      <trkpt lat="44.18813" lon="-73.84906">
        <ele>1083.44</ele>
        <time>2026-05-09T15:39:09Z</time>
      </trkpt>
      <trkpt lat="44.18813" lon="-73.84907">
        <ele>1083.54</ele>
        <time>2026-05-09T15:39:11Z</time>
      </trkpt>
      <trkpt lat="44.18812" lon="-73.84909">
        <ele>1084.08</ele>
        <time>2026-05-09T15:39:15Z</time>
      </trkpt>
      <trkpt lat="44.1881" lon="-73.8491">
        <ele>1084.84</ele>
        <time>2026-05-09T15:39:20Z</time>
      </trkpt>
      <trkpt lat="44.18809" lon="-73.84911">
        <ele>1085.27</ele>
        <time>2026-05-09T15:39:23Z</time>
      </trkpt>
      <trkpt lat="44.18809" lon="-73.84912">
        <ele>1085.38</ele>
        <time>2026-05-09T15:39:24Z</time>
      </trkpt>
      <trkpt lat="44.18808" lon="-73.84913">
        <ele>1085.81</ele>
        <time>2026-05-09T15:39:25Z</time>
      </trkpt>
      <trkpt lat="44.18808" lon="-73.84914">
        <ele>1085.92</ele>
        <time>2026-05-09T15:39:26Z</time>
      </trkpt>
      <trkpt lat="44.18807" lon="-73.84917">
        <ele>1086.57</ele>
        <time>2026-05-09T15:39:29Z</time>
      </trkpt>
      <trkpt lat="44.18806" lon="-73.84917">
        <ele>1086.89</ele>
        <time>2026-05-09T15:39:32Z</time>
      </trkpt>
      <trkpt lat="44.18804" lon="-73.84918">
        <ele>1087.48</ele>
        <time>2026-05-09T15:39:39Z</time>
      </trkpt>
      <trkpt lat="44.18804" lon="-73.84919">
        <ele>1087.59</ele>
        <time>2026-05-09T15:39:41Z</time>
      </trkpt>
      <trkpt lat="44.18804" lon="-73.84923">
        <ele>1088.02</ele>
        <time>2026-05-09T15:39:47Z</time>
      </trkpt>
      <trkpt lat="44.18803" lon="-73.84923">
        <ele>1088.24</ele>
        <time>2026-05-09T15:39:51Z</time>
      </trkpt>
      <trkpt lat="44.18803" lon="-73.84924">
        <ele>1088.34</ele>
        <time>2026-05-09T15:39:53Z</time>
      </trkpt>
      <trkpt lat="44.18801" lon="-73.84927">
        <ele>1089.1</ele>
        <time>2026-05-09T15:39:59Z</time>
      </trkpt>
      <trkpt lat="44.18801" lon="-73.84927">
        <ele>1089.1</ele>
        <time>2026-05-09T15:40:00Z</time>
      </trkpt>
      <trkpt lat="44.18801" lon="-73.84927">
        <ele>1089.1</ele>
        <time>2026-05-09T15:40:09Z</time>
      </trkpt>
      <trkpt lat="44.18801" lon="-73.84927">
        <ele>1089.1</ele>
        <time>2026-05-09T15:40:14Z</time>
      </trkpt>
      <trkpt lat="44.18801" lon="-73.84928">
        <ele>1089.21</ele>
        <time>2026-05-09T15:40:17Z</time>
      </trkpt>
      <trkpt lat="44.18799" lon="-73.84929">
        <ele>1089.75</ele>
        <time>2026-05-09T15:40:24Z</time>
      </trkpt>
      <trkpt lat="44.18798" lon="-73.84929">
        <ele>1089.96</ele>
        <time>2026-05-09T15:40:26Z</time>
      </trkpt>
      <trkpt lat="44.18798" lon="-73.8493">
        <ele>1090.07</ele>
        <time>2026-05-09T15:40:29Z</time>
      </trkpt>
      <trkpt lat="44.18797" lon="-73.84932">
        <ele>1090.5</ele>
        <time>2026-05-09T15:40:35Z</time>
      </trkpt>
      <trkpt lat="44.18797" lon="-73.84935">
        <ele>1090.83</ele>
        <time>2026-05-09T15:40:39Z</time>
      </trkpt>
      <trkpt lat="44.18797" lon="-73.84934">
        <ele>1090.72</ele>
        <time>2026-05-09T15:40:44Z</time>
      </trkpt>
      <trkpt lat="44.18796" lon="-73.84934">
        <ele>1090.94</ele>
        <time>2026-05-09T15:40:45Z</time>
      </trkpt>
      <trkpt lat="44.18795" lon="-73.84934">
        <ele>1091.15</ele>
        <time>2026-05-09T15:40:48Z</time>
      </trkpt>
      <trkpt lat="44.18794" lon="-73.84935">
        <ele>1091.48</ele>
        <time>2026-05-09T15:40:50Z</time>
      </trkpt>
      <trkpt lat="44.18791" lon="-73.84937">
        <ele>1092.34</ele>
        <time>2026-05-09T15:41:01Z</time>
      </trkpt>
      <trkpt lat="44.1879" lon="-73.84938">
        <ele>1092.66</ele>
        <time>2026-05-09T15:41:08Z</time>
      </trkpt>
      <trkpt lat="44.1879" lon="-73.84939">
        <ele>1092.77</ele>
        <time>2026-05-09T15:41:11Z</time>
      </trkpt>
      <trkpt lat="44.18789" lon="-73.8494">
        <ele>1093.1</ele>
        <time>2026-05-09T15:41:17Z</time>
      </trkpt>
      <trkpt lat="44.18787" lon="-73.84942">
        <ele>1093.74</ele>
        <time>2026-05-09T15:41:22Z</time>
      </trkpt>
      <trkpt lat="44.18786" lon="-73.84942">
        <ele>1093.96</ele>
        <time>2026-05-09T15:41:28Z</time>
      </trkpt>
      <trkpt lat="44.18784" lon="-73.84942">
        <ele>1094.39</ele>
        <time>2026-05-09T15:41:33Z</time>
      </trkpt>
      <trkpt lat="44.18783" lon="-73.84944">
        <ele>1094.82</ele>
        <time>2026-05-09T15:41:36Z</time>
      </trkpt>
      <trkpt lat="44.18782" lon="-73.84944">
        <ele>1095.04</ele>
        <time>2026-05-09T15:41:41Z</time>
      </trkpt>
      <trkpt lat="44.18781" lon="-73.84946">
        <ele>1095.64</ele>
        <time>2026-05-09T15:41:43Z</time>
      </trkpt>
      <trkpt lat="44.1878" lon="-73.8495">
        <ele>1096.72</ele>
        <time>2026-05-09T15:41:49Z</time>
      </trkpt>
      <trkpt lat="44.1878" lon="-73.84951">
        <ele>1096.94</ele>
        <time>2026-05-09T15:41:50Z</time>
      </trkpt>
      <trkpt lat="44.18778" lon="-73.84954">
        <ele>1097.98</ele>
        <time>2026-05-09T15:41:59Z</time>
      </trkpt>
      <trkpt lat="44.18776" lon="-73.84953">
        <ele>1098.04</ele>
        <time>2026-05-09T15:42:02Z</time>
      </trkpt>
      <trkpt lat="44.18774" lon="-73.84956">
        <ele>1098.76</ele>
        <time>2026-05-09T15:42:07Z</time>
      </trkpt>
      <trkpt lat="44.18774" lon="-73.84956">
        <ele>1098.76</ele>
        <time>2026-05-09T15:42:08Z</time>
      </trkpt>
      <trkpt lat="44.18773" lon="-73.84959">
        <ele>1099.38</ele>
        <time>2026-05-09T15:42:11Z</time>
      </trkpt>
      <trkpt lat="44.18772" lon="-73.84963">
        <ele>1100.26</ele>
        <time>2026-05-09T15:42:20Z</time>
      </trkpt>
      <trkpt lat="44.1877" lon="-73.84963">
        <ele>1100.69</ele>
        <time>2026-05-09T15:42:27Z</time>
      </trkpt>
      <trkpt lat="44.1877" lon="-73.84963">
        <ele>1100.69</ele>
        <time>2026-05-09T15:42:28Z</time>
      </trkpt>
      <trkpt lat="44.18769" lon="-73.84964">
        <ele>1101.23</ele>
        <time>2026-05-09T15:42:32Z</time>
      </trkpt>
      <trkpt lat="44.18767" lon="-73.84965">
        <ele>1101.99</ele>
        <time>2026-05-09T15:42:38Z</time>
      </trkpt>
      <trkpt lat="44.18765" lon="-73.84967">
        <ele>1103.07</ele>
        <time>2026-05-09T15:42:44Z</time>
      </trkpt>
      <trkpt lat="44.18764" lon="-73.84969">
        <ele>1103.93</ele>
        <time>2026-05-09T15:42:48Z</time>
      </trkpt>
      <trkpt lat="44.18763" lon="-73.8497">
        <ele>1104.47</ele>
        <time>2026-05-09T15:42:52Z</time>
      </trkpt>
      <trkpt lat="44.18763" lon="-73.84972">
        <ele>1105.12</ele>
        <time>2026-05-09T15:42:57Z</time>
      </trkpt>
      <trkpt lat="44.18763" lon="-73.84975">
        <ele>1105.97</ele>
        <time>2026-05-09T15:43:00Z</time>
      </trkpt>
      <trkpt lat="44.18762" lon="-73.84977">
        <ele>1106.8</ele>
        <time>2026-05-09T15:43:05Z</time>
      </trkpt>
      <trkpt lat="44.18762" lon="-73.84977">
        <ele>1106.8</ele>
        <time>2026-05-09T15:43:06Z</time>
      </trkpt>
      <trkpt lat="44.18761" lon="-73.84978">
        <ele>1107.38</ele>
        <time>2026-05-09T15:43:12Z</time>
      </trkpt>
      <trkpt lat="44.18761" lon="-73.8498">
        <ele>1107.99</ele>
        <time>2026-05-09T15:43:17Z</time>
      </trkpt>
      <trkpt lat="44.18761" lon="-73.84981">
        <ele>1108.29</ele>
        <time>2026-05-09T15:43:19Z</time>
      </trkpt>
      <trkpt lat="44.18761" lon="-73.8498">
        <ele>1107.99</ele>
        <time>2026-05-09T15:43:24Z</time>
      </trkpt>
      <trkpt lat="44.18761" lon="-73.84981">
        <ele>1108.29</ele>
        <time>2026-05-09T15:43:34Z</time>
      </trkpt>
      <trkpt lat="44.18761" lon="-73.84981">
        <ele>1108.29</ele>
        <time>2026-05-09T15:43:37Z</time>
      </trkpt>
      <trkpt lat="44.18761" lon="-73.84981">
        <ele>1108.29</ele>
        <time>2026-05-09T15:43:38Z</time>
      </trkpt>
      <trkpt lat="44.18758" lon="-73.84982">
        <ele>1109.38</ele>
        <time>2026-05-09T15:43:44Z</time>
      </trkpt>
      <trkpt lat="44.18753" lon="-73.84983">
        <ele>1110.68</ele>
        <time>2026-05-09T15:43:50Z</time>
      </trkpt>
      <trkpt lat="44.1875" lon="-73.84986">
        <ele>1111.98</ele>
        <time>2026-05-09T15:43:54Z</time>
      </trkpt>
      <trkpt lat="44.1875" lon="-73.84987">
        <ele>1112.19</ele>
        <time>2026-05-09T15:43:56Z</time>
      </trkpt>
      <trkpt lat="44.18749" lon="-73.84991">
        <ele>1113.16</ele>
        <time>2026-05-09T15:44:01Z</time>
      </trkpt>
      <trkpt lat="44.1875" lon="-73.84993">
        <ele>1113.49</ele>
        <time>2026-05-09T15:44:05Z</time>
      </trkpt>
      <trkpt lat="44.18749" lon="-73.84994">
        <ele>1113.81</ele>
        <time>2026-05-09T15:44:12Z</time>
      </trkpt>
      <trkpt lat="44.18748" lon="-73.84994">
        <ele>1113.92</ele>
        <time>2026-05-09T15:44:13Z</time>
      </trkpt>
      <trkpt lat="44.18747" lon="-73.84996">
        <ele>1114.46</ele>
        <time>2026-05-09T15:44:18Z</time>
      </trkpt>
      <trkpt lat="44.18747" lon="-73.84998">
        <ele>1114.89</ele>
        <time>2026-05-09T15:44:21Z</time>
      </trkpt>
      <trkpt lat="44.18746" lon="-73.84999">
        <ele>1115.22</ele>
        <time>2026-05-09T15:44:28Z</time>
      </trkpt>
      <trkpt lat="44.18746" lon="-73.85">
        <ele>1115.43</ele>
        <time>2026-05-09T15:44:30Z</time>
      </trkpt>
      <trkpt lat="44.18744" lon="-73.85006">
        <ele>1116.94</ele>
        <time>2026-05-09T15:44:37Z</time>
      </trkpt>
      <trkpt lat="44.18744" lon="-73.85008">
        <ele>1117.38</ele>
        <time>2026-05-09T15:44:40Z</time>
      </trkpt>
      <trkpt lat="44.18742" lon="-73.85014">
        <ele>1118.89</ele>
        <time>2026-05-09T15:44:49Z</time>
      </trkpt>
      <trkpt lat="44.18742" lon="-73.85014">
        <ele>1118.89</ele>
        <time>2026-05-09T15:44:50Z</time>
      </trkpt>
      <trkpt lat="44.1874" lon="-73.85015">
        <ele>1119.32</ele>
        <time>2026-05-09T15:45:00Z</time>
      </trkpt>
      <trkpt lat="44.18741" lon="-73.85014">
        <ele>1119.0</ele>
        <time>2026-05-09T15:45:08Z</time>
      </trkpt>
      <trkpt lat="44.18741" lon="-73.85014">
        <ele>1119.0</ele>
        <time>2026-05-09T15:45:12Z</time>
      </trkpt>
      <trkpt lat="44.18739" lon="-73.85016">
        <ele>1119.64</ele>
        <time>2026-05-09T15:45:15Z</time>
      </trkpt>
      <trkpt lat="44.18738" lon="-73.85018">
        <ele>1120.18</ele>
        <time>2026-05-09T15:45:18Z</time>
      </trkpt>
      <trkpt lat="44.18737" lon="-73.85019">
        <ele>1120.49</ele>
        <time>2026-05-09T15:45:21Z</time>
      </trkpt>
      <trkpt lat="44.18736" lon="-73.8502">
        <ele>1120.75</ele>
        <time>2026-05-09T15:45:23Z</time>
      </trkpt>
      <trkpt lat="44.18735" lon="-73.85022">
        <ele>1121.14</ele>
        <time>2026-05-09T15:45:31Z</time>
      </trkpt>
      <trkpt lat="44.18734" lon="-73.85022">
        <ele>1121.21</ele>
        <time>2026-05-09T15:45:37Z</time>
      </trkpt>
      <trkpt lat="44.18734" lon="-73.85021">
        <ele>1121.07</ele>
        <time>2026-05-09T15:45:42Z</time>
      </trkpt>
      <trkpt lat="44.18733" lon="-73.85021">
        <ele>1121.15</ele>
        <time>2026-05-09T15:45:43Z</time>
      </trkpt>
      <trkpt lat="44.18731" lon="-73.85028">
        <ele>1122.05</ele>
        <time>2026-05-09T15:45:50Z</time>
      </trkpt>
      <trkpt lat="44.18727" lon="-73.85031">
        <ele>1122.53</ele>
        <time>2026-05-09T15:45:58Z</time>
      </trkpt>
      <trkpt lat="44.18722" lon="-73.85036">
        <ele>1122.86</ele>
        <time>2026-05-09T15:46:06Z</time>
      </trkpt>
      <trkpt lat="44.18721" lon="-73.85039">
        <ele>1123.26</ele>
        <time>2026-05-09T15:46:09Z</time>
      </trkpt>
      <trkpt lat="44.18721" lon="-73.85044">
        <ele>1124.27</ele>
        <time>2026-05-09T15:46:14Z</time>
      </trkpt>
      <trkpt lat="44.18721" lon="-73.85047">
        <ele>1124.82</ele>
        <time>2026-05-09T15:46:17Z</time>
      </trkpt>
      <trkpt lat="44.18719" lon="-73.85055">
        <ele>1125.57</ele>
        <time>2026-05-09T15:46:26Z</time>
      </trkpt>
      <trkpt lat="44.18716" lon="-73.85061">
        <ele>1126.11</ele>
        <time>2026-05-09T15:46:33Z</time>
      </trkpt>
      <trkpt lat="44.18716" lon="-73.85063">
        <ele>1126.4</ele>
        <time>2026-05-09T15:46:35Z</time>
      </trkpt>
      <trkpt lat="44.18716" lon="-73.85071">
        <ele>1127.99</ele>
        <time>2026-05-09T15:46:44Z</time>
      </trkpt>
      <trkpt lat="44.18717" lon="-73.85074">
        <ele>1128.86</ele>
        <time>2026-05-09T15:46:48Z</time>
      </trkpt>
      <trkpt lat="44.18718" lon="-73.8508">
        <ele>1129.73</ele>
        <time>2026-05-09T15:46:54Z</time>
      </trkpt>
      <trkpt lat="44.18718" lon="-73.85089">
        <ele>1130.7</ele>
        <time>2026-05-09T15:47:04Z</time>
      </trkpt>
      <trkpt lat="44.18717" lon="-73.85095">
        <ele>1131.13</ele>
        <time>2026-05-09T15:47:09Z</time>
      </trkpt>
      <trkpt lat="44.18717" lon="-73.85098">
        <ele>1131.46</ele>
        <time>2026-05-09T15:47:12Z</time>
      </trkpt>
      <trkpt lat="44.18713" lon="-73.85105">
        <ele>1131.35</ele>
        <time>2026-05-09T15:47:21Z</time>
      </trkpt>
      <trkpt lat="44.18712" lon="-73.85108">
        <ele>1131.35</ele>
        <time>2026-05-09T15:47:24Z</time>
      </trkpt>
      <trkpt lat="44.1871" lon="-73.85116">
        <ele>1131.57</ele>
        <time>2026-05-09T15:47:30Z</time>
      </trkpt>
      <trkpt lat="44.18707" lon="-73.85123">
        <ele>1131.35</ele>
        <time>2026-05-09T15:47:38Z</time>
      </trkpt>
      <trkpt lat="44.18706" lon="-73.85132">
        <ele>1131.94</ele>
        <time>2026-05-09T15:47:47Z</time>
      </trkpt>
      <trkpt lat="44.18703" lon="-73.85139">
        <ele>1131.54</ele>
        <time>2026-05-09T15:47:54Z</time>
      </trkpt>
      <trkpt lat="44.18702" lon="-73.85147">
        <ele>1131.06</ele>
        <time>2026-05-09T15:48:01Z</time>
      </trkpt>
      <trkpt lat="44.18702" lon="-73.85156">
        <ele>1131.24</ele>
        <time>2026-05-09T15:48:10Z</time>
      </trkpt>
      <trkpt lat="44.18701" lon="-73.85158">
        <ele>1130.79</ele>
        <time>2026-05-09T15:48:15Z</time>
      </trkpt>
      <trkpt lat="44.187" lon="-73.85157">
        <ele>1130.38</ele>
        <time>2026-05-09T15:48:21Z</time>
      </trkpt>
      <trkpt lat="44.18701" lon="-73.8516">
        <ele>1130.63</ele>
        <time>2026-05-09T15:48:46Z</time>
      </trkpt>
      <trkpt lat="44.18702" lon="-73.8516">
        <ele>1131.04</ele>
        <time>2026-05-09T15:48:58Z</time>
      </trkpt>
      <trkpt lat="44.187" lon="-73.85161">
        <ele>1130.17</ele>
        <time>2026-05-09T15:49:05Z</time>
      </trkpt>
      <trkpt lat="44.187" lon="-73.85161">
        <ele>1130.17</ele>
        <time>2026-05-09T15:49:15Z</time>
      </trkpt>
      <trkpt lat="44.187" lon="-73.85161">
        <ele>1130.17</ele>
        <time>2026-05-09T15:49:24Z</time>
      </trkpt>
      <trkpt lat="44.187" lon="-73.85164">
        <ele>1129.97</ele>
        <time>2026-05-09T15:49:27Z</time>
      </trkpt>
      <trkpt lat="44.18701" lon="-73.85169">
        <ele>1129.69</ele>
        <time>2026-05-09T15:49:35Z</time>
      </trkpt>
      <trkpt lat="44.18701" lon="-73.85171">
        <ele>1129.32</ele>
        <time>2026-05-09T15:49:39Z</time>
      </trkpt>
      <trkpt lat="44.187" lon="-73.85172">
        <ele>1128.88</ele>
        <time>2026-05-09T15:49:40Z</time>
      </trkpt>
      <trkpt lat="44.187" lon="-73.85173">
        <ele>1128.71</ele>
        <time>2026-05-09T15:49:42Z</time>
      </trkpt>
      <trkpt lat="44.18701" lon="-73.85173">
        <ele>1128.96</ele>
        <time>2026-05-09T15:49:43Z</time>
      </trkpt>
      <trkpt lat="44.18701" lon="-73.85174">
        <ele>1128.77</ele>
        <time>2026-05-09T15:49:45Z</time>
      </trkpt>
      <trkpt lat="44.18698" lon="-73.85173">
        <ele>1128.21</ele>
        <time>2026-05-09T15:49:52Z</time>
      </trkpt>
      <trkpt lat="44.18698" lon="-73.85173">
        <ele>1128.21</ele>
        <time>2026-05-09T15:49:53Z</time>
      </trkpt>
      <trkpt lat="44.18698" lon="-73.85173">
        <ele>1128.21</ele>
        <time>2026-05-09T15:50:00Z</time>
      </trkpt>
      <trkpt lat="44.18695" lon="-73.85175">
        <ele>1127.23</ele>
        <time>2026-05-09T15:50:09Z</time>
      </trkpt>
      <trkpt lat="44.18694" lon="-73.85177">
        <ele>1126.6</ele>
        <time>2026-05-09T15:50:14Z</time>
      </trkpt>
      <trkpt lat="44.18695" lon="-73.85178">
        <ele>1126.9</ele>
        <time>2026-05-09T15:50:18Z</time>
      </trkpt>
      <trkpt lat="44.18695" lon="-73.85179">
        <ele>1126.79</ele>
        <time>2026-05-09T15:50:22Z</time>
      </trkpt>
      <trkpt lat="44.18694" lon="-73.8518">
        <ele>1126.29</ele>
        <time>2026-05-09T15:50:27Z</time>
      </trkpt>
      <trkpt lat="44.18693" lon="-73.85184">
        <ele>1125.33</ele>
        <time>2026-05-09T15:50:35Z</time>
      </trkpt>
      <trkpt lat="44.18692" lon="-73.85185">
        <ele>1124.69</ele>
        <time>2026-05-09T15:50:37Z</time>
      </trkpt>
      <trkpt lat="44.18693" lon="-73.85189">
        <ele>1124.87</ele>
        <time>2026-05-09T15:50:42Z</time>
      </trkpt>
      <trkpt lat="44.18693" lon="-73.85191">
        <ele>1124.69</ele>
        <time>2026-05-09T15:50:44Z</time>
      </trkpt>
      <trkpt lat="44.18691" lon="-73.85195">
        <ele>1123.51</ele>
        <time>2026-05-09T15:50:51Z</time>
      </trkpt>
      <trkpt lat="44.1869" lon="-73.85196">
        <ele>1123.08</ele>
        <time>2026-05-09T15:50:52Z</time>
      </trkpt>
      <trkpt lat="44.18687" lon="-73.85203">
        <ele>1121.78</ele>
        <time>2026-05-09T15:51:00Z</time>
      </trkpt>
      <trkpt lat="44.18681" lon="-73.85215">
        <ele>1118.74</ele>
        <time>2026-05-09T15:51:12Z</time>
      </trkpt>
      <trkpt lat="44.18681" lon="-73.85226">
        <ele>1118.92</ele>
        <time>2026-05-09T15:51:22Z</time>
      </trkpt>
      <trkpt lat="44.18686" lon="-73.85233">
        <ele>1121.16</ele>
        <time>2026-05-09T15:51:30Z</time>
      </trkpt>
      <trkpt lat="44.18686" lon="-73.85237">
        <ele>1121.12</ele>
        <time>2026-05-09T15:51:38Z</time>
      </trkpt>
      <trkpt lat="44.18688" lon="-73.8524">
        <ele>1121.33</ele>
        <time>2026-05-09T15:51:41Z</time>
      </trkpt>
      <trkpt lat="44.18688" lon="-73.85242">
        <ele>1121.17</ele>
        <time>2026-05-09T15:51:43Z</time>
      </trkpt>
      <trkpt lat="44.18689" lon="-73.85245">
        <ele>1120.95</ele>
        <time>2026-05-09T15:51:46Z</time>
      </trkpt>
      <trkpt lat="44.1869" lon="-73.85246">
        <ele>1120.95</ele>
        <time>2026-05-09T15:51:47Z</time>
      </trkpt>
      <trkpt lat="44.1869" lon="-73.85248">
        <ele>1120.74</ele>
        <time>2026-05-09T15:51:52Z</time>
      </trkpt>
      <trkpt lat="44.1869" lon="-73.85251">
        <ele>1120.41</ele>
        <time>2026-05-09T15:51:56Z</time>
      </trkpt>
      <trkpt lat="44.1869" lon="-73.85252">
        <ele>1120.3</ele>
        <time>2026-05-09T15:51:57Z</time>
      </trkpt>
      <trkpt lat="44.18691" lon="-73.85263">
        <ele>1118.97</ele>
        <time>2026-05-09T15:52:07Z</time>
      </trkpt>
      <trkpt lat="44.18691" lon="-73.85266">
        <ele>1118.44</ele>
        <time>2026-05-09T15:52:10Z</time>
      </trkpt>
      <trkpt lat="44.18693" lon="-73.85276">
        <ele>1117.19</ele>
        <time>2026-05-09T15:52:19Z</time>
      </trkpt>
      <trkpt lat="44.18693" lon="-73.85282">
        <ele>1116.16</ele>
        <time>2026-05-09T15:52:25Z</time>
      </trkpt>
      <trkpt lat="44.18692" lon="-73.85285">
        <ele>1115.65</ele>
        <time>2026-05-09T15:52:29Z</time>
      </trkpt>
      <trkpt lat="44.18687" lon="-73.85293">
        <ele>1115.16</ele>
        <time>2026-05-09T15:52:37Z</time>
      </trkpt>
      <trkpt lat="44.18685" lon="-73.85297">
        <ele>1114.92</ele>
        <time>2026-05-09T15:52:41Z</time>
      </trkpt>
      <trkpt lat="44.18684" lon="-73.85301">
        <ele>1114.49</ele>
        <time>2026-05-09T15:52:47Z</time>
      </trkpt>
      <trkpt lat="44.18684" lon="-73.85302">
        <ele>1114.38</ele>
        <time>2026-05-09T15:52:48Z</time>
      </trkpt>
      <trkpt lat="44.18683" lon="-73.85304">
        <ele>1114.17</ele>
        <time>2026-05-09T15:52:53Z</time>
      </trkpt>
      <trkpt lat="44.18683" lon="-73.85306">
        <ele>1113.96</ele>
        <time>2026-05-09T15:52:56Z</time>
      </trkpt>
      <trkpt lat="44.18683" lon="-73.85309">
        <ele>1113.72</ele>
        <time>2026-05-09T15:53:01Z</time>
      </trkpt>
      <trkpt lat="44.18683" lon="-73.8531">
        <ele>1113.63</ele>
        <time>2026-05-09T15:53:02Z</time>
      </trkpt>
      <trkpt lat="44.18684" lon="-73.85313">
        <ele>1113.3</ele>
        <time>2026-05-09T15:53:06Z</time>
      </trkpt>
      <trkpt lat="44.18686" lon="-73.85316">
        <ele>1112.7</ele>
        <time>2026-05-09T15:53:08Z</time>
      </trkpt>
      <trkpt lat="44.18687" lon="-73.85324">
        <ele>1111.62</ele>
        <time>2026-05-09T15:53:16Z</time>
      </trkpt>
      <trkpt lat="44.18687" lon="-73.85327">
        <ele>1111.29</ele>
        <time>2026-05-09T15:53:20Z</time>
      </trkpt>
      <trkpt lat="44.18685" lon="-73.85329">
        <ele>1111.47</ele>
        <time>2026-05-09T15:53:24Z</time>
      </trkpt>
      <trkpt lat="44.18682" lon="-73.85334">
        <ele>1110.88</ele>
        <time>2026-05-09T15:53:33Z</time>
      </trkpt>
      <trkpt lat="44.18682" lon="-73.85338">
        <ele>1110.17</ele>
        <time>2026-05-09T15:53:42Z</time>
      </trkpt>
      <trkpt lat="44.18681" lon="-73.8534">
        <ele>1109.89</ele>
        <time>2026-05-09T15:53:45Z</time>
      </trkpt>
      <trkpt lat="44.18681" lon="-73.85343">
        <ele>1109.41</ele>
        <time>2026-05-09T15:53:49Z</time>
      </trkpt>
      <trkpt lat="44.18679" lon="-73.85347">
        <ele>1109.19</ele>
        <time>2026-05-09T15:53:55Z</time>
      </trkpt>
      <trkpt lat="44.18678" lon="-73.85348">
        <ele>1109.19</ele>
        <time>2026-05-09T15:53:59Z</time>
      </trkpt>
      <trkpt lat="44.18677" lon="-73.85351">
        <ele>1108.98</ele>
        <time>2026-05-09T15:54:03Z</time>
      </trkpt>
      <trkpt lat="44.18676" lon="-73.85356">
        <ele>1108.54</ele>
        <time>2026-05-09T15:54:10Z</time>
      </trkpt>
      <trkpt lat="44.18675" lon="-73.85358">
        <ele>1108.34</ele>
        <time>2026-05-09T15:54:12Z</time>
      </trkpt>
      <trkpt lat="44.18674" lon="-73.8536">
        <ele>1108.12</ele>
        <time>2026-05-09T15:54:15Z</time>
      </trkpt>
      <trkpt lat="44.18673" lon="-73.85364">
        <ele>1107.69</ele>
        <time>2026-05-09T15:54:23Z</time>
      </trkpt>
      <trkpt lat="44.18669" lon="-73.85365">
        <ele>1107.58</ele>
        <time>2026-05-09T15:54:29Z</time>
      </trkpt>
      <trkpt lat="44.18666" lon="-73.85368">
        <ele>1107.24</ele>
        <time>2026-05-09T15:54:32Z</time>
      </trkpt>
      <trkpt lat="44.18661" lon="-73.85379">
        <ele>1107.0</ele>
        <time>2026-05-09T15:54:42Z</time>
      </trkpt>
      <trkpt lat="44.1866" lon="-73.85381">
        <ele>1106.85</ele>
        <time>2026-05-09T15:54:45Z</time>
      </trkpt>
      <trkpt lat="44.1866" lon="-73.85383">
        <ele>1106.64</ele>
        <time>2026-05-09T15:54:52Z</time>
      </trkpt>
      <trkpt lat="44.1866" lon="-73.85383">
        <ele>1106.64</ele>
        <time>2026-05-09T15:54:54Z</time>
      </trkpt>
      <trkpt lat="44.18657" lon="-73.85386">
        <ele>1106.24</ele>
        <time>2026-05-09T15:55:01Z</time>
      </trkpt>
      <trkpt lat="44.18655" lon="-73.8539">
        <ele>1105.71</ele>
        <time>2026-05-09T15:55:09Z</time>
      </trkpt>
      <trkpt lat="44.18655" lon="-73.85391">
        <ele>1105.68</ele>
        <time>2026-05-09T15:55:10Z</time>
      </trkpt>
      <trkpt lat="44.1865" lon="-73.85401">
        <ele>1104.34</ele>
        <time>2026-05-09T15:55:19Z</time>
      </trkpt>
      <trkpt lat="44.1865" lon="-73.85403">
        <ele>1104.3</ele>
        <time>2026-05-09T15:55:22Z</time>
      </trkpt>
      <trkpt lat="44.18648" lon="-73.85405">
        <ele>1103.95</ele>
        <time>2026-05-09T15:55:28Z</time>
      </trkpt>
      <trkpt lat="44.18647" lon="-73.85404">
        <ele>1103.63</ele>
        <time>2026-05-09T15:55:33Z</time>
      </trkpt>
      <trkpt lat="44.18646" lon="-73.85405">
        <ele>1103.3</ele>
        <time>2026-05-09T15:55:37Z</time>
      </trkpt>
      <trkpt lat="44.18644" lon="-73.85408">
        <ele>1102.66</ele>
        <time>2026-05-09T15:55:44Z</time>
      </trkpt>
      <trkpt lat="44.18641" lon="-73.85409">
        <ele>1101.68</ele>
        <time>2026-05-09T15:55:46Z</time>
      </trkpt>
      <trkpt lat="44.18638" lon="-73.85412">
        <ele>1100.66</ele>
        <time>2026-05-09T15:55:52Z</time>
      </trkpt>
      <trkpt lat="44.18634" lon="-73.85416">
        <ele>1099.38</ele>
        <time>2026-05-09T15:56:00Z</time>
      </trkpt>
      <trkpt lat="44.18632" lon="-73.85416">
        <ele>1098.71</ele>
        <time>2026-05-09T15:56:04Z</time>
      </trkpt>
      <trkpt lat="44.18629" lon="-73.8542">
        <ele>1097.73</ele>
        <time>2026-05-09T15:56:08Z</time>
      </trkpt>
      <trkpt lat="44.18626" lon="-73.85427">
        <ele>1096.55</ele>
        <time>2026-05-09T15:56:15Z</time>
      </trkpt>
      <trkpt lat="44.18623" lon="-73.8543">
        <ele>1095.58</ele>
        <time>2026-05-09T15:56:22Z</time>
      </trkpt>
      <trkpt lat="44.18621" lon="-73.85432">
        <ele>1094.93</ele>
        <time>2026-05-09T15:56:25Z</time>
      </trkpt>
      <trkpt lat="44.18619" lon="-73.85436">
        <ele>1094.64</ele>
        <time>2026-05-09T15:56:30Z</time>
      </trkpt>
      <trkpt lat="44.18618" lon="-73.85441">
        <ele>1094.86</ele>
        <time>2026-05-09T15:56:37Z</time>
      </trkpt>
      <trkpt lat="44.18617" lon="-73.85444">
        <ele>1094.86</ele>
        <time>2026-05-09T15:56:41Z</time>
      </trkpt>
      <trkpt lat="44.18613" lon="-73.85455">
        <ele>1094.55</ele>
        <time>2026-05-09T15:56:49Z</time>
      </trkpt>
      <trkpt lat="44.18613" lon="-73.85461">
        <ele>1095.2</ele>
        <time>2026-05-09T15:56:56Z</time>
      </trkpt>
      <trkpt lat="44.18613" lon="-73.85462">
        <ele>1095.3</ele>
        <time>2026-05-09T15:56:59Z</time>
      </trkpt>
      <trkpt lat="44.18611" lon="-73.85463">
        <ele>1094.97</ele>
        <time>2026-05-09T15:57:01Z</time>
      </trkpt>
      <trkpt lat="44.18611" lon="-73.85465">
        <ele>1095.18</ele>
        <time>2026-05-09T15:57:04Z</time>
      </trkpt>
      <trkpt lat="44.18611" lon="-73.85467">
        <ele>1095.4</ele>
        <time>2026-05-09T15:57:08Z</time>
      </trkpt>
      <trkpt lat="44.18611" lon="-73.85471">
        <ele>1095.83</ele>
        <time>2026-05-09T15:57:11Z</time>
      </trkpt>
      <trkpt lat="44.18611" lon="-73.85474">
        <ele>1095.97</ele>
        <time>2026-05-09T15:57:20Z</time>
      </trkpt>
      <trkpt lat="44.18613" lon="-73.8548">
        <ele>1096.2</ele>
        <time>2026-05-09T15:57:28Z</time>
      </trkpt>
      <trkpt lat="44.18615" lon="-73.85487">
        <ele>1096.17</ele>
        <time>2026-05-09T15:57:36Z</time>
      </trkpt>
      <trkpt lat="44.18616" lon="-73.8549">
        <ele>1096.04</ele>
        <time>2026-05-09T15:57:39Z</time>
      </trkpt>
      <trkpt lat="44.18617" lon="-73.85494">
        <ele>1096.0</ele>
        <time>2026-05-09T15:57:43Z</time>
      </trkpt>
      <trkpt lat="44.18617" lon="-73.85501">
        <ele>1095.93</ele>
        <time>2026-05-09T15:57:51Z</time>
      </trkpt>
      <trkpt lat="44.18613" lon="-73.85512">
        <ele>1095.56</ele>
        <time>2026-05-09T15:58:02Z</time>
      </trkpt>
      <trkpt lat="44.18609" lon="-73.8552">
        <ele>1095.0</ele>
        <time>2026-05-09T15:58:13Z</time>
      </trkpt>
      <trkpt lat="44.18608" lon="-73.85522">
        <ele>1095.0</ele>
        <time>2026-05-09T15:58:19Z</time>
      </trkpt>
      <trkpt lat="44.1861" lon="-73.85522">
        <ele>1095.0</ele>
        <time>2026-05-09T15:58:25Z</time>
      </trkpt>
      <trkpt lat="44.1861" lon="-73.85523">
        <ele>1095.0</ele>
        <time>2026-05-09T15:58:27Z</time>
      </trkpt>
      <trkpt lat="44.18611" lon="-73.85521">
        <ele>1095.0</ele>
        <time>2026-05-09T15:58:36Z</time>
      </trkpt>
      <trkpt lat="44.18611" lon="-73.85521">
        <ele>1095.0</ele>
        <time>2026-05-09T15:58:37Z</time>
      </trkpt>
      <trkpt lat="44.18612" lon="-73.85525">
        <ele>1094.93</ele>
        <time>2026-05-09T15:58:48Z</time>
      </trkpt>
      <trkpt lat="44.18612" lon="-73.85525">
        <ele>1094.93</ele>
        <time>2026-05-09T15:58:49Z</time>
      </trkpt>
      <trkpt lat="44.18611" lon="-73.85525">
        <ele>1095.0</ele>
        <time>2026-05-09T15:59:01Z</time>
      </trkpt>
      <trkpt lat="44.1861" lon="-73.85527">
        <ele>1095.0</ele>
        <time>2026-05-09T15:59:10Z</time>
      </trkpt>
      <trkpt lat="44.18608" lon="-73.85531">
        <ele>1094.77</ele>
        <time>2026-05-09T15:59:16Z</time>
      </trkpt>
      <trkpt lat="44.18608" lon="-73.8553">
        <ele>1094.84</ele>
        <time>2026-05-09T15:59:18Z</time>
      </trkpt>
      <trkpt lat="44.18607" lon="-73.8553">
        <ele>1094.87</ele>
        <time>2026-05-09T15:59:28Z</time>
      </trkpt>
      <trkpt lat="44.18605" lon="-73.8553">
        <ele>1094.92</ele>
        <time>2026-05-09T15:59:34Z</time>
      </trkpt>
      <trkpt lat="44.18602" lon="-73.85537">
        <ele>1094.98</ele>
        <time>2026-05-09T15:59:41Z</time>
      </trkpt>
      <trkpt lat="44.186" lon="-73.85545">
        <ele>1094.31</ele>
        <time>2026-05-09T15:59:51Z</time>
      </trkpt>
      <trkpt lat="44.18602" lon="-73.85552">
        <ele>1093.37</ele>
        <time>2026-05-09T16:00:01Z</time>
      </trkpt>
      <trkpt lat="44.18604" lon="-73.85558">
        <ele>1092.5</ele>
        <time>2026-05-09T16:00:08Z</time>
      </trkpt>
      <trkpt lat="44.18605" lon="-73.85563">
        <ele>1091.86</ele>
        <time>2026-05-09T16:00:16Z</time>
      </trkpt>
      <trkpt lat="44.18604" lon="-73.85565">
        <ele>1091.76</ele>
        <time>2026-05-09T16:00:20Z</time>
      </trkpt>
      <trkpt lat="44.18604" lon="-73.85567">
        <ele>1091.71</ele>
        <time>2026-05-09T16:00:26Z</time>
      </trkpt>
      <trkpt lat="44.18604" lon="-73.85572">
        <ele>1091.59</ele>
        <time>2026-05-09T16:00:35Z</time>
      </trkpt>
      <trkpt lat="44.18603" lon="-73.85574">
        <ele>1091.75</ele>
        <time>2026-05-09T16:00:42Z</time>
      </trkpt>
      <trkpt lat="44.18601" lon="-73.85579">
        <ele>1091.56</ele>
        <time>2026-05-09T16:00:50Z</time>
      </trkpt>
      <trkpt lat="44.18599" lon="-73.85585">
        <ele>1091.0</ele>
        <time>2026-05-09T16:01:00Z</time>
      </trkpt>
      <trkpt lat="44.18598" lon="-73.8559">
        <ele>1090.28</ele>
        <time>2026-05-09T16:01:07Z</time>
      </trkpt>
      <trkpt lat="44.18596" lon="-73.85595">
        <ele>1090.0</ele>
        <time>2026-05-09T16:01:14Z</time>
      </trkpt>
      <trkpt lat="44.18594" lon="-73.85601">
        <ele>1089.79</ele>
        <time>2026-05-09T16:01:23Z</time>
      </trkpt>
      <trkpt lat="44.18594" lon="-73.85607">
        <ele>1088.67</ele>
        <time>2026-05-09T16:01:34Z</time>
      </trkpt>
      <trkpt lat="44.18594" lon="-73.85608">
        <ele>1088.47</ele>
        <time>2026-05-09T16:01:36Z</time>
      </trkpt>
      <trkpt lat="44.18592" lon="-73.85611">
        <ele>1088.15</ele>
        <time>2026-05-09T16:01:43Z</time>
      </trkpt>
      <trkpt lat="44.1859" lon="-73.85614">
        <ele>1088.25</ele>
        <time>2026-05-09T16:01:47Z</time>
      </trkpt>
      <trkpt lat="44.18587" lon="-73.8562">
        <ele>1088.25</ele>
        <time>2026-05-09T16:01:52Z</time>
      </trkpt>
      <trkpt lat="44.18586" lon="-73.85625">
        <ele>1087.92</ele>
        <time>2026-05-09T16:01:58Z</time>
      </trkpt>
      <trkpt lat="44.18586" lon="-73.85629">
        <ele>1087.49</ele>
        <time>2026-05-09T16:02:02Z</time>
      </trkpt>
      <trkpt lat="44.18583" lon="-73.85639">
        <ele>1087.07</ele>
        <time>2026-05-09T16:02:11Z</time>
      </trkpt>
      <trkpt lat="44.18583" lon="-73.85643">
        <ele>1087.07</ele>
        <time>2026-05-09T16:02:17Z</time>
      </trkpt>
      <trkpt lat="44.18583" lon="-73.85646">
        <ele>1087.07</ele>
        <time>2026-05-09T16:02:23Z</time>
      </trkpt>
      <trkpt lat="44.18586" lon="-73.85652">
        <ele>1085.72</ele>
        <time>2026-05-09T16:02:29Z</time>
      </trkpt>
      <trkpt lat="44.18587" lon="-73.85655">
        <ele>1085.07</ele>
        <time>2026-05-09T16:02:33Z</time>
      </trkpt>
      <trkpt lat="44.18587" lon="-73.85656">
        <ele>1084.96</ele>
        <time>2026-05-09T16:02:34Z</time>
      </trkpt>
      <trkpt lat="44.18587" lon="-73.85657">
        <ele>1084.86</ele>
        <time>2026-05-09T16:02:36Z</time>
      </trkpt>
      <trkpt lat="44.18588" lon="-73.85664">
        <ele>1083.78</ele>
        <time>2026-05-09T16:02:43Z</time>
      </trkpt>
      <trkpt lat="44.18588" lon="-73.85668">
        <ele>1083.49</ele>
        <time>2026-05-09T16:02:49Z</time>
      </trkpt>
      <trkpt lat="44.18589" lon="-73.85675">
        <ele>1083.16</ele>
        <time>2026-05-09T16:02:59Z</time>
      </trkpt>
      <trkpt lat="44.18588" lon="-73.85682">
        <ele>1082.83</ele>
        <time>2026-05-09T16:03:07Z</time>
      </trkpt>
      <trkpt lat="44.18589" lon="-73.8569">
        <ele>1081.64</ele>
        <time>2026-05-09T16:03:17Z</time>
      </trkpt>
      <trkpt lat="44.18589" lon="-73.85697">
        <ele>1081.06</ele>
        <time>2026-05-09T16:03:25Z</time>
      </trkpt>
      <trkpt lat="44.18587" lon="-73.85704">
        <ele>1081.2</ele>
        <time>2026-05-09T16:03:33Z</time>
      </trkpt>
      <trkpt lat="44.18587" lon="-73.85708">
        <ele>1081.02</ele>
        <time>2026-05-09T16:03:36Z</time>
      </trkpt>
      <trkpt lat="44.18588" lon="-73.85713">
        <ele>1080.49</ele>
        <time>2026-05-09T16:03:42Z</time>
      </trkpt>
      <trkpt lat="44.18588" lon="-73.85714">
        <ele>1080.43</ele>
        <time>2026-05-09T16:03:43Z</time>
      </trkpt>
      <trkpt lat="44.18586" lon="-73.85721">
        <ele>1080.52</ele>
        <time>2026-05-09T16:03:52Z</time>
      </trkpt>
      <trkpt lat="44.18587" lon="-73.85726">
        <ele>1079.8</ele>
        <time>2026-05-09T16:03:58Z</time>
      </trkpt>
      <trkpt lat="44.18588" lon="-73.85728">
        <ele>1079.37</ele>
        <time>2026-05-09T16:04:00Z</time>
      </trkpt>
      <trkpt lat="44.18589" lon="-73.85733">
        <ele>1078.68</ele>
        <time>2026-05-09T16:04:06Z</time>
      </trkpt>
      <trkpt lat="44.18588" lon="-73.85735">
        <ele>1078.8</ele>
        <time>2026-05-09T16:04:10Z</time>
      </trkpt>
      <trkpt lat="44.18588" lon="-73.85739">
        <ele>1078.58</ele>
        <time>2026-05-09T16:04:14Z</time>
      </trkpt>
      <trkpt lat="44.18588" lon="-73.8574">
        <ele>1078.53</ele>
        <time>2026-05-09T16:04:16Z</time>
      </trkpt>
      <trkpt lat="44.18588" lon="-73.85745">
        <ele>1078.26</ele>
        <time>2026-05-09T16:04:20Z</time>
      </trkpt>
      <trkpt lat="44.1859" lon="-73.85748">
        <ele>1077.62</ele>
        <time>2026-05-09T16:04:26Z</time>
      </trkpt>
      <trkpt lat="44.18591" lon="-73.85751">
        <ele>1077.25</ele>
        <time>2026-05-09T16:04:30Z</time>
      </trkpt>
      <trkpt lat="44.18593" lon="-73.85756">
        <ele>1076.25</ele>
        <time>2026-05-09T16:04:36Z</time>
      </trkpt>
      <trkpt lat="44.18593" lon="-73.85757">
        <ele>1076.15</ele>
        <time>2026-05-09T16:04:39Z</time>
      </trkpt>
      <trkpt lat="44.18594" lon="-73.8576">
        <ele>1075.68</ele>
        <time>2026-05-09T16:04:45Z</time>
      </trkpt>
      <trkpt lat="44.18594" lon="-73.85762">
        <ele>1075.65</ele>
        <time>2026-05-09T16:04:47Z</time>
      </trkpt>
      <trkpt lat="44.18595" lon="-73.85766">
        <ele>1075.29</ele>
        <time>2026-05-09T16:04:54Z</time>
      </trkpt>
      <trkpt lat="44.18596" lon="-73.85767">
        <ele>1074.96</ele>
        <time>2026-05-09T16:04:57Z</time>
      </trkpt>
      <trkpt lat="44.18595" lon="-73.85777">
        <ele>1074.54</ele>
        <time>2026-05-09T16:05:08Z</time>
      </trkpt>
      <trkpt lat="44.18596" lon="-73.85782">
        <ele>1074.1</ele>
        <time>2026-05-09T16:05:13Z</time>
      </trkpt>
      <trkpt lat="44.18597" lon="-73.85786">
        <ele>1073.63</ele>
        <time>2026-05-09T16:05:17Z</time>
      </trkpt>
      <trkpt lat="44.18603" lon="-73.85796">
        <ele>1071.63</ele>
        <time>2026-05-09T16:05:29Z</time>
      </trkpt>
      <trkpt lat="44.18604" lon="-73.85798">
        <ele>1071.16</ele>
        <time>2026-05-09T16:05:31Z</time>
      </trkpt>
      <trkpt lat="44.18604" lon="-73.85799">
        <ele>1071.08</ele>
        <time>2026-05-09T16:05:37Z</time>
      </trkpt>
      <trkpt lat="44.18602" lon="-73.85806">
        <ele>1070.92</ele>
        <time>2026-05-09T16:05:44Z</time>
      </trkpt>
      <trkpt lat="44.18603" lon="-73.85815">
        <ele>1069.75</ele>
        <time>2026-05-09T16:05:54Z</time>
      </trkpt>
      <trkpt lat="44.18604" lon="-73.85821">
        <ele>1069.38</ele>
        <time>2026-05-09T16:06:03Z</time>
      </trkpt>
      <trkpt lat="44.18603" lon="-73.85828">
        <ele>1069.26</ele>
        <time>2026-05-09T16:06:13Z</time>
      </trkpt>
      <trkpt lat="44.186" lon="-73.85833">
        <ele>1069.44</ele>
        <time>2026-05-09T16:06:22Z</time>
      </trkpt>
      <trkpt lat="44.18598" lon="-73.85841">
        <ele>1069.35</ele>
        <time>2026-05-09T16:06:32Z</time>
      </trkpt>
      <trkpt lat="44.18595" lon="-73.85844">
        <ele>1070.11</ele>
        <time>2026-05-09T16:06:42Z</time>
      </trkpt>
      <trkpt lat="44.1859" lon="-73.85847">
        <ele>1071.08</ele>
        <time>2026-05-09T16:06:50Z</time>
      </trkpt>
      <trkpt lat="44.18587" lon="-73.85851">
        <ele>1071.3</ele>
        <time>2026-05-09T16:06:57Z</time>
      </trkpt>
      <trkpt lat="44.18583" lon="-73.85857">
        <ele>1072.09</ele>
        <time>2026-05-09T16:07:05Z</time>
      </trkpt>
      <trkpt lat="44.1858" lon="-73.85865">
        <ele>1072.3</ele>
        <time>2026-05-09T16:07:13Z</time>
      </trkpt>
      <trkpt lat="44.18577" lon="-73.85873">
        <ele>1072.08</ele>
        <time>2026-05-09T16:07:22Z</time>
      </trkpt>
      <trkpt lat="44.18576" lon="-73.85879">
        <ele>1071.65</ele>
        <time>2026-05-09T16:07:29Z</time>
      </trkpt>
      <trkpt lat="44.18576" lon="-73.8588">
        <ele>1071.58</ele>
        <time>2026-05-09T16:07:32Z</time>
      </trkpt>
      <trkpt lat="44.18576" lon="-73.85887">
        <ele>1071.58</ele>
        <time>2026-05-09T16:07:41Z</time>
      </trkpt>
      <trkpt lat="44.18574" lon="-73.85889">
        <ele>1072.0</ele>
        <time>2026-05-09T16:07:44Z</time>
      </trkpt>
      <trkpt lat="44.18573" lon="-73.85892">
        <ele>1071.9</ele>
        <time>2026-05-09T16:07:48Z</time>
      </trkpt>
      <trkpt lat="44.18571" lon="-73.85896">
        <ele>1071.9</ele>
        <time>2026-05-09T16:07:55Z</time>
      </trkpt>
      <trkpt lat="44.18572" lon="-73.85901">
        <ele>1071.21</ele>
        <time>2026-05-09T16:08:04Z</time>
      </trkpt>
      <trkpt lat="44.18571" lon="-73.85905">
        <ele>1071.17</ele>
        <time>2026-05-09T16:08:10Z</time>
      </trkpt>
      <trkpt lat="44.18569" lon="-73.8591">
        <ele>1071.49</ele>
        <time>2026-05-09T16:08:20Z</time>
      </trkpt>
      <trkpt lat="44.18566" lon="-73.85918">
        <ele>1071.6</ele>
        <time>2026-05-09T16:08:29Z</time>
      </trkpt>
      <trkpt lat="44.18563" lon="-73.85925">
        <ele>1071.67</ele>
        <time>2026-05-09T16:08:38Z</time>
      </trkpt>
      <trkpt lat="44.1856" lon="-73.85935">
        <ele>1072.05</ele>
        <time>2026-05-09T16:08:48Z</time>
      </trkpt>
      <trkpt lat="44.1856" lon="-73.85938">
        <ele>1071.74</ele>
        <time>2026-05-09T16:08:52Z</time>
      </trkpt>
      <trkpt lat="44.1856" lon="-73.85941">
        <ele>1071.41</ele>
        <time>2026-05-09T16:08:57Z</time>
      </trkpt>
      <trkpt lat="44.1856" lon="-73.85947">
        <ele>1070.76</ele>
        <time>2026-05-09T16:09:04Z</time>
      </trkpt>
      <trkpt lat="44.18559" lon="-73.85948">
        <ele>1070.87</ele>
        <time>2026-05-09T16:09:12Z</time>
      </trkpt>
      <trkpt lat="44.18558" lon="-73.85952">
        <ele>1070.66</ele>
        <time>2026-05-09T16:09:20Z</time>
      </trkpt>
      <trkpt lat="44.18558" lon="-73.85955">
        <ele>1070.47</ele>
        <time>2026-05-09T16:09:25Z</time>
      </trkpt>
      <trkpt lat="44.18558" lon="-73.85965">
        <ele>1070.47</ele>
        <time>2026-05-09T16:09:34Z</time>
      </trkpt>
      <trkpt lat="44.18557" lon="-73.85969">
        <ele>1070.69</ele>
        <time>2026-05-09T16:09:43Z</time>
      </trkpt>
      <trkpt lat="44.18557" lon="-73.85973">
        <ele>1070.69</ele>
        <time>2026-05-09T16:09:47Z</time>
      </trkpt>
      <trkpt lat="44.18556" lon="-73.85975">
        <ele>1070.9</ele>
        <time>2026-05-09T16:09:51Z</time>
      </trkpt>
      <trkpt lat="44.18554" lon="-73.85982">
        <ele>1071.34</ele>
        <time>2026-05-09T16:10:00Z</time>
      </trkpt>
      <trkpt lat="44.18554" lon="-73.85986">
        <ele>1071.34</ele>
        <time>2026-05-09T16:10:06Z</time>
      </trkpt>
      <trkpt lat="44.18553" lon="-73.85989">
        <ele>1071.55</ele>
        <time>2026-05-09T16:10:10Z</time>
      </trkpt>
      <trkpt lat="44.18553" lon="-73.8599">
        <ele>1071.55</ele>
        <time>2026-05-09T16:10:12Z</time>
      </trkpt>
      <trkpt lat="44.18554" lon="-73.85995">
        <ele>1070.95</ele>
        <time>2026-05-09T16:10:17Z</time>
      </trkpt>
      <trkpt lat="44.18554" lon="-73.86001">
        <ele>1070.49</ele>
        <time>2026-05-09T16:10:24Z</time>
      </trkpt>
      <trkpt lat="44.18555" lon="-73.86002">
        <ele>1070.17</ele>
        <time>2026-05-09T16:10:26Z</time>
      </trkpt>
      <trkpt lat="44.18556" lon="-73.86008">
        <ele>1069.9</ele>
        <time>2026-05-09T16:10:33Z</time>
      </trkpt>
      <trkpt lat="44.18556" lon="-73.86009">
        <ele>1069.9</ele>
        <time>2026-05-09T16:10:35Z</time>
      </trkpt>
      <trkpt lat="44.18555" lon="-73.86014">
        <ele>1069.64</ele>
        <time>2026-05-09T16:10:41Z</time>
      </trkpt>
      <trkpt lat="44.18555" lon="-73.86016">
        <ele>1069.44</ele>
        <time>2026-05-09T16:10:43Z</time>
      </trkpt>
      <trkpt lat="44.18555" lon="-73.86021">
        <ele>1069.16</ele>
        <time>2026-05-09T16:10:48Z</time>
      </trkpt>
      <trkpt lat="44.18555" lon="-73.86023">
        <ele>1069.15</ele>
        <time>2026-05-09T16:10:51Z</time>
      </trkpt>
      <trkpt lat="44.18553" lon="-73.86025">
        <ele>1069.63</ele>
        <time>2026-05-09T16:10:54Z</time>
      </trkpt>
      <trkpt lat="44.18552" lon="-73.86029">
        <ele>1069.72</ele>
        <time>2026-05-09T16:10:57Z</time>
      </trkpt>
      <trkpt lat="44.18552" lon="-73.86032">
        <ele>1069.59</ele>
        <time>2026-05-09T16:11:00Z</time>
      </trkpt>
      <trkpt lat="44.18552" lon="-73.86033">
        <ele>1069.55</ele>
        <time>2026-05-09T16:11:03Z</time>
      </trkpt>
      <trkpt lat="44.18551" lon="-73.86035">
        <ele>1069.6</ele>
        <time>2026-05-09T16:11:07Z</time>
      </trkpt>
      <trkpt lat="44.18551" lon="-73.86044">
        <ele>1069.49</ele>
        <time>2026-05-09T16:11:16Z</time>
      </trkpt>
      <trkpt lat="44.18551" lon="-73.86046">
        <ele>1069.49</ele>
        <time>2026-05-09T16:11:17Z</time>
      </trkpt>
      <trkpt lat="44.18551" lon="-73.86048">
        <ele>1069.68</ele>
        <time>2026-05-09T16:11:19Z</time>
      </trkpt>
      <trkpt lat="44.18551" lon="-73.86048">
        <ele>1069.68</ele>
        <time>2026-05-09T16:11:22Z</time>
      </trkpt>
      <trkpt lat="44.18551" lon="-73.86051">
        <ele>1070.0</ele>
        <time>2026-05-09T16:11:29Z</time>
      </trkpt>
      <trkpt lat="44.18552" lon="-73.86052">
        <ele>1070.0</ele>
        <time>2026-05-09T16:11:30Z</time>
      </trkpt>
      <trkpt lat="44.18553" lon="-73.86057">
        <ele>1070.43</ele>
        <time>2026-05-09T16:11:36Z</time>
      </trkpt>
      <trkpt lat="44.18553" lon="-73.86061">
        <ele>1070.86</ele>
        <time>2026-05-09T16:11:41Z</time>
      </trkpt>
      <trkpt lat="44.18551" lon="-73.86063">
        <ele>1071.3</ele>
        <time>2026-05-09T16:11:45Z</time>
      </trkpt>
      <trkpt lat="44.18549" lon="-73.86068">
        <ele>1072.15</ele>
        <time>2026-05-09T16:11:52Z</time>
      </trkpt>
      <trkpt lat="44.18549" lon="-73.8607">
        <ele>1072.43</ele>
        <time>2026-05-09T16:11:54Z</time>
      </trkpt>
      <trkpt lat="44.18547" lon="-73.86075">
        <ele>1073.11</ele>
        <time>2026-05-09T16:12:01Z</time>
      </trkpt>
      <trkpt lat="44.18547" lon="-73.86076">
        <ele>1073.22</ele>
        <time>2026-05-09T16:12:03Z</time>
      </trkpt>
      <trkpt lat="44.18546" lon="-73.86078">
        <ele>1073.42</ele>
        <time>2026-05-09T16:12:05Z</time>
      </trkpt>
      <trkpt lat="44.1854" lon="-73.86083">
        <ele>1073.96</ele>
        <time>2026-05-09T16:12:16Z</time>
      </trkpt>
      <trkpt lat="44.18534" lon="-73.86087">
        <ele>1074.4</ele>
        <time>2026-05-09T16:12:25Z</time>
      </trkpt>
      <trkpt lat="44.18533" lon="-73.86087">
        <ele>1074.4</ele>
        <time>2026-05-09T16:12:29Z</time>
      </trkpt>
      <trkpt lat="44.1853" lon="-73.86091">
        <ele>1074.83</ele>
        <time>2026-05-09T16:12:35Z</time>
      </trkpt>
      <trkpt lat="44.18529" lon="-73.86093">
        <ele>1075.05</ele>
        <time>2026-05-09T16:12:39Z</time>
      </trkpt>
      <trkpt lat="44.18529" lon="-73.86094">
        <ele>1075.17</ele>
        <time>2026-05-09T16:12:43Z</time>
      </trkpt>
      <trkpt lat="44.18527" lon="-73.86098">
        <ele>1075.67</ele>
        <time>2026-05-09T16:12:52Z</time>
      </trkpt>
      <trkpt lat="44.18523" lon="-73.861">
        <ele>1076.32</ele>
        <time>2026-05-09T16:12:57Z</time>
      </trkpt>
      <trkpt lat="44.18519" lon="-73.86104">
        <ele>1076.98</ele>
        <time>2026-05-09T16:13:03Z</time>
      </trkpt>
      <trkpt lat="44.18516" lon="-73.86108">
        <ele>1077.0</ele>
        <time>2026-05-09T16:13:12Z</time>
      </trkpt>
      <trkpt lat="44.18513" lon="-73.86109">
        <ele>1077.0</ele>
        <time>2026-05-09T16:13:17Z</time>
      </trkpt>
      <trkpt lat="44.18512" lon="-73.8611">
        <ele>1077.0</ele>
        <time>2026-05-09T16:13:18Z</time>
      </trkpt>
      <trkpt lat="44.18508" lon="-73.86113">
        <ele>1077.31</ele>
        <time>2026-05-09T16:13:24Z</time>
      </trkpt>
      <trkpt lat="44.18506" lon="-73.86117">
        <ele>1077.76</ele>
        <time>2026-05-09T16:13:33Z</time>
      </trkpt>
      <trkpt lat="44.18503" lon="-73.86122">
        <ele>1078.41</ele>
        <time>2026-05-09T16:13:40Z</time>
      </trkpt>
      <trkpt lat="44.18501" lon="-73.86127">
        <ele>1079.51</ele>
        <time>2026-05-09T16:13:46Z</time>
      </trkpt>
      <trkpt lat="44.18501" lon="-73.86132">
        <ele>1080.9</ele>
        <time>2026-05-09T16:13:56Z</time>
      </trkpt>
      <trkpt lat="44.18502" lon="-73.86132">
        <ele>1081.04</ele>
        <time>2026-05-09T16:13:57Z</time>
      </trkpt>
      <trkpt lat="44.18501" lon="-73.86134">
        <ele>1081.57</ele>
        <time>2026-05-09T16:14:04Z</time>
      </trkpt>
      <trkpt lat="44.18501" lon="-73.86134">
        <ele>1081.57</ele>
        <time>2026-05-09T16:14:10Z</time>
      </trkpt>
      <trkpt lat="44.18501" lon="-73.86134">
        <ele>1081.57</ele>
        <time>2026-05-09T16:14:17Z</time>
      </trkpt>
      <trkpt lat="44.18501" lon="-73.86136">
        <ele>1082.25</ele>
        <time>2026-05-09T16:14:21Z</time>
      </trkpt>
      <trkpt lat="44.18503" lon="-73.86138">
        <ele>1083.33</ele>
        <time>2026-05-09T16:14:24Z</time>
      </trkpt>
      <trkpt lat="44.18505" lon="-73.86143">
        <ele>1085.86</ele>
        <time>2026-05-09T16:14:31Z</time>
      </trkpt>
      <trkpt lat="44.18505" lon="-73.86145">
        <ele>1086.72</ele>
        <time>2026-05-09T16:14:37Z</time>
      </trkpt>
      <trkpt lat="44.18504" lon="-73.86147">
        <ele>1087.37</ele>
        <time>2026-05-09T16:14:46Z</time>
      </trkpt>
      <trkpt lat="44.18506" lon="-73.86149">
        <ele>1088.54</ele>
        <time>2026-05-09T16:14:55Z</time>
      </trkpt>
      <trkpt lat="44.18506" lon="-73.86153">
        <ele>1089.68</ele>
        <time>2026-05-09T16:15:05Z</time>
      </trkpt>
      <trkpt lat="44.18505" lon="-73.86155">
        <ele>1089.96</ele>
        <time>2026-05-09T16:15:13Z</time>
      </trkpt>
      <trkpt lat="44.18505" lon="-73.86155">
        <ele>1089.96</ele>
        <time>2026-05-09T16:15:15Z</time>
      </trkpt>
      <trkpt lat="44.18504" lon="-73.86156">
        <ele>1089.93</ele>
        <time>2026-05-09T16:15:20Z</time>
      </trkpt>
      <trkpt lat="44.18502" lon="-73.86156">
        <ele>1089.31</ele>
        <time>2026-05-09T16:15:24Z</time>
      </trkpt>
      <trkpt lat="44.18501" lon="-73.86157">
        <ele>1089.23</ele>
        <time>2026-05-09T16:15:29Z</time>
      </trkpt>
      <trkpt lat="44.18497" lon="-73.8616">
        <ele>1089.43</ele>
        <time>2026-05-09T16:15:37Z</time>
      </trkpt>
      <trkpt lat="44.18493" lon="-73.86163">
        <ele>1089.6</ele>
        <time>2026-05-09T16:15:44Z</time>
      </trkpt>
      <trkpt lat="44.1849" lon="-73.86168">
        <ele>1090.13</ele>
        <time>2026-05-09T16:15:52Z</time>
      </trkpt>
      <trkpt lat="44.18486" lon="-73.86171">
        <ele>1089.91</ele>
        <time>2026-05-09T16:16:01Z</time>
      </trkpt>
      <trkpt lat="44.18482" lon="-73.86172">
        <ele>1089.26</ele>
        <time>2026-05-09T16:16:06Z</time>
      </trkpt>
      <trkpt lat="44.1848" lon="-73.86173">
        <ele>1089.1</ele>
        <time>2026-05-09T16:16:09Z</time>
      </trkpt>
      <trkpt lat="44.18477" lon="-73.86174">
        <ele>1088.72</ele>
        <time>2026-05-09T16:16:15Z</time>
      </trkpt>
      <trkpt lat="44.18477" lon="-73.86174">
        <ele>1088.72</ele>
        <time>2026-05-09T16:16:16Z</time>
      </trkpt>
      <trkpt lat="44.18477" lon="-73.86175">
        <ele>1088.88</ele>
        <time>2026-05-09T16:16:25Z</time>
      </trkpt>
      <trkpt lat="44.18472" lon="-73.86173">
        <ele>1087.68</ele>
        <time>2026-05-09T16:16:34Z</time>
      </trkpt>
      <trkpt lat="44.18466" lon="-73.86173">
        <ele>1087.68</ele>
        <time>2026-05-09T16:16:42Z</time>
      </trkpt>
      <trkpt lat="44.18462" lon="-73.86175">
        <ele>1087.91</ele>
        <time>2026-05-09T16:16:49Z</time>
      </trkpt>
      <trkpt lat="44.1846" lon="-73.86175">
        <ele>1087.93</ele>
        <time>2026-05-09T16:16:55Z</time>
      </trkpt>
      <trkpt lat="44.1846" lon="-73.86175">
        <ele>1087.93</ele>
        <time>2026-05-09T16:16:56Z</time>
      </trkpt>
      <trkpt lat="44.18457" lon="-73.86175">
        <ele>1087.96</ele>
        <time>2026-05-09T16:17:05Z</time>
      </trkpt>
      <trkpt lat="44.18455" lon="-73.86175">
        <ele>1087.99</ele>
        <time>2026-05-09T16:17:12Z</time>
      </trkpt>
      <trkpt lat="44.18454" lon="-73.86177">
        <ele>1088.12</ele>
        <time>2026-05-09T16:17:19Z</time>
      </trkpt>
      <trkpt lat="44.18452" lon="-73.86179">
        <ele>1088.52</ele>
        <time>2026-05-09T16:17:23Z</time>
      </trkpt>
      <trkpt lat="44.18452" lon="-73.86179">
        <ele>1088.52</ele>
        <time>2026-05-09T16:17:27Z</time>
      </trkpt>
      <trkpt lat="44.18452" lon="-73.86183">
        <ele>1088.95</ele>
        <time>2026-05-09T16:17:36Z</time>
      </trkpt>
      <trkpt lat="44.18452" lon="-73.86183">
        <ele>1088.95</ele>
        <time>2026-05-09T16:17:38Z</time>
      </trkpt>
      <trkpt lat="44.18451" lon="-73.86185">
        <ele>1089.27</ele>
        <time>2026-05-09T16:17:44Z</time>
      </trkpt>
      <trkpt lat="44.1845" lon="-73.86184">
        <ele>1089.27</ele>
        <time>2026-05-09T16:17:53Z</time>
      </trkpt>
      <trkpt lat="44.18449" lon="-73.86187">
        <ele>1089.7</ele>
        <time>2026-05-09T16:17:59Z</time>
      </trkpt>
      <trkpt lat="44.18448" lon="-73.86188">
        <ele>1089.92</ele>
        <time>2026-05-09T16:18:01Z</time>
      </trkpt>
      <trkpt lat="44.18446" lon="-73.86191">
        <ele>1090.46</ele>
        <time>2026-05-09T16:18:07Z</time>
      </trkpt>
      <trkpt lat="44.18445" lon="-73.86192">
        <ele>1090.68</ele>
        <time>2026-05-09T16:18:08Z</time>
      </trkpt>
      <trkpt lat="44.18443" lon="-73.86192">
        <ele>1091.05</ele>
        <time>2026-05-09T16:18:15Z</time>
      </trkpt>
      <trkpt lat="44.18443" lon="-73.86192">
        <ele>1091.05</ele>
        <time>2026-05-09T16:18:16Z</time>
      </trkpt>
      <trkpt lat="44.18443" lon="-73.86193">
        <ele>1091.16</ele>
        <time>2026-05-09T16:18:19Z</time>
      </trkpt>
      <trkpt lat="44.1844" lon="-73.86197">
        <ele>1092.38</ele>
        <time>2026-05-09T16:18:25Z</time>
      </trkpt>
      <trkpt lat="44.18439" lon="-73.862">
        <ele>1093.02</ele>
        <time>2026-05-09T16:18:29Z</time>
      </trkpt>
      <trkpt lat="44.18438" lon="-73.86203">
        <ele>1093.6</ele>
        <time>2026-05-09T16:18:33Z</time>
      </trkpt>
      <trkpt lat="44.18438" lon="-73.86203">
        <ele>1093.6</ele>
        <time>2026-05-09T16:18:35Z</time>
      </trkpt>
      <trkpt lat="44.18439" lon="-73.86205">
        <ele>1093.87</ele>
        <time>2026-05-09T16:18:40Z</time>
      </trkpt>
      <trkpt lat="44.18439" lon="-73.86205">
        <ele>1093.87</ele>
        <time>2026-05-09T16:18:42Z</time>
      </trkpt>
      <trkpt lat="44.18439" lon="-73.86207">
        <ele>1094.3</ele>
        <time>2026-05-09T16:18:48Z</time>
      </trkpt>
      <trkpt lat="44.18437" lon="-73.86208">
        <ele>1094.73</ele>
        <time>2026-05-09T16:18:51Z</time>
      </trkpt>
      <trkpt lat="44.18436" lon="-73.86213">
        <ele>1095.92</ele>
        <time>2026-05-09T16:18:59Z</time>
      </trkpt>
      <trkpt lat="44.18435" lon="-73.86213">
        <ele>1096.04</ele>
        <time>2026-05-09T16:19:00Z</time>
      </trkpt>
      <trkpt lat="44.18431" lon="-73.86217">
        <ele>1097.34</ele>
        <time>2026-05-09T16:19:09Z</time>
      </trkpt>
      <trkpt lat="44.18432" lon="-73.86219">
        <ele>1097.34</ele>
        <time>2026-05-09T16:19:12Z</time>
      </trkpt>
      <trkpt lat="44.1843" lon="-73.8622">
        <ele>1097.88</ele>
        <time>2026-05-09T16:19:19Z</time>
      </trkpt>
      <trkpt lat="44.18427" lon="-73.86222">
        <ele>1098.74</ele>
        <time>2026-05-09T16:19:25Z</time>
      </trkpt>
      <trkpt lat="44.18426" lon="-73.86224">
        <ele>1099.18</ele>
        <time>2026-05-09T16:19:29Z</time>
      </trkpt>
      <trkpt lat="44.18424" lon="-73.86226">
        <ele>1099.62</ele>
        <time>2026-05-09T16:19:33Z</time>
      </trkpt>
      <trkpt lat="44.18424" lon="-73.86227">
        <ele>1099.72</ele>
        <time>2026-05-09T16:19:36Z</time>
      </trkpt>
      <trkpt lat="44.18423" lon="-73.86229">
        <ele>1100.05</ele>
        <time>2026-05-09T16:19:42Z</time>
      </trkpt>
      <trkpt lat="44.18423" lon="-73.86229">
        <ele>1100.05</ele>
        <time>2026-05-09T16:19:46Z</time>
      </trkpt>
      <trkpt lat="44.18422" lon="-73.86228">
        <ele>1100.05</ele>
        <time>2026-05-09T16:19:56Z</time>
      </trkpt>
      <trkpt lat="44.18421" lon="-73.86227">
        <ele>1100.05</ele>
        <time>2026-05-09T16:20:07Z</time>
      </trkpt>
      <trkpt lat="44.18421" lon="-73.86227">
        <ele>1100.05</ele>
        <time>2026-05-09T16:20:09Z</time>
      </trkpt>
      <trkpt lat="44.18421" lon="-73.86227">
        <ele>1100.05</ele>
        <time>2026-05-09T16:20:11Z</time>
      </trkpt>
      <trkpt lat="44.18422" lon="-73.86227">
        <ele>1099.94</ele>
        <time>2026-05-09T16:20:14Z</time>
      </trkpt>
      <trkpt lat="44.18422" lon="-73.86227">
        <ele>1099.94</ele>
        <time>2026-05-09T16:20:15Z</time>
      </trkpt>
      <trkpt lat="44.18424" lon="-73.86229">
        <ele>1099.94</ele>
        <time>2026-05-09T16:20:24Z</time>
      </trkpt>
      <trkpt lat="44.18425" lon="-73.86229">
        <ele>1099.83</ele>
        <time>2026-05-09T16:20:32Z</time>
      </trkpt>
      <trkpt lat="44.18426" lon="-73.86229">
        <ele>1099.72</ele>
        <time>2026-05-09T16:20:34Z</time>
      </trkpt>
      <trkpt lat="44.18423" lon="-73.86229">
        <ele>1100.05</ele>
        <time>2026-05-09T16:20:41Z</time>
      </trkpt>
      <trkpt lat="44.18424" lon="-73.86229">
        <ele>1099.94</ele>
        <time>2026-05-09T16:20:45Z</time>
      </trkpt>
      <trkpt lat="44.18425" lon="-73.8623">
        <ele>1099.94</ele>
        <time>2026-05-09T16:20:49Z</time>
      </trkpt>
      <trkpt lat="44.18426" lon="-73.8623">
        <ele>1099.83</ele>
        <time>2026-05-09T16:20:55Z</time>
      </trkpt>
      <trkpt lat="44.18427" lon="-73.8623">
        <ele>1099.71</ele>
        <time>2026-05-09T16:20:58Z</time>
      </trkpt>
      <trkpt lat="44.18427" lon="-73.8623">
        <ele>1099.71</ele>
        <time>2026-05-09T16:21:02Z</time>
      </trkpt>
      <trkpt lat="44.18427" lon="-73.86229">
        <ele>1099.58</ele>
        <time>2026-05-09T16:21:03Z</time>
      </trkpt>
      <trkpt lat="44.18424" lon="-73.86227">
        <ele>1099.72</ele>
        <time>2026-05-09T16:21:08Z</time>
      </trkpt>
      <trkpt lat="44.18426" lon="-73.86229">
        <ele>1099.72</ele>
        <time>2026-05-09T16:21:11Z</time>
      </trkpt>
      <trkpt lat="44.18426" lon="-73.8623">
        <ele>1099.83</ele>
        <time>2026-05-09T16:21:17Z</time>
      </trkpt>
      <trkpt lat="44.18425" lon="-73.86228">
        <ele>1099.72</ele>
        <time>2026-05-09T16:21:20Z</time>
      </trkpt>
      <trkpt lat="44.18426" lon="-73.86228">
        <ele>1099.61</ele>
        <time>2026-05-09T16:21:29Z</time>
      </trkpt>
      <trkpt lat="44.18426" lon="-73.86229">
        <ele>1099.72</ele>
        <time>2026-05-09T16:21:30Z</time>
      </trkpt>
      <trkpt lat="44.18427" lon="-73.8623">
        <ele>1099.71</ele>
        <time>2026-05-09T16:21:40Z</time>
      </trkpt>
      <trkpt lat="44.18428" lon="-73.86228">
        <ele>1099.32</ele>
        <time>2026-05-09T16:21:51Z</time>
      </trkpt>
      <trkpt lat="44.18429" lon="-73.8623">
        <ele>1099.45</ele>
        <time>2026-05-09T16:22:03Z</time>
      </trkpt>
      <trkpt lat="44.18427" lon="-73.86228">
        <ele>1099.46</ele>
        <time>2026-05-09T16:22:12Z</time>
      </trkpt>
      <trkpt lat="44.18428" lon="-73.86227">
        <ele>1099.18</ele>
        <time>2026-05-09T16:22:22Z</time>
      </trkpt>
      <trkpt lat="44.18431" lon="-73.86229">
        <ele>1099.04</ele>
        <time>2026-05-09T16:22:32Z</time>
      </trkpt>
      <trkpt lat="44.1843" lon="-73.86229">
        <ele>1099.17</ele>
        <time>2026-05-09T16:22:41Z</time>
      </trkpt>
      <trkpt lat="44.18427" lon="-73.86229">
        <ele>1099.58</ele>
        <time>2026-05-09T16:22:51Z</time>
      </trkpt>
      <trkpt lat="44.18428" lon="-73.86229">
        <ele>1099.45</ele>
        <time>2026-05-09T16:22:57Z</time>
      </trkpt>
      <trkpt lat="44.18429" lon="-73.86229">
        <ele>1099.31</ele>
        <time>2026-05-09T16:22:59Z</time>
      </trkpt>
      <trkpt lat="44.1843" lon="-73.86228">
        <ele>1099.02</ele>
        <time>2026-05-09T16:23:07Z</time>
      </trkpt>
      <trkpt lat="44.18428" lon="-73.86228">
        <ele>1099.32</ele>
        <time>2026-05-09T16:23:19Z</time>
      </trkpt>
      <trkpt lat="44.18426" lon="-73.8623">
        <ele>1099.83</ele>
        <time>2026-05-09T16:23:28Z</time>
      </trkpt>
      <trkpt lat="44.18426" lon="-73.86229">
        <ele>1099.72</ele>
        <time>2026-05-09T16:23:37Z</time>
      </trkpt>
      <trkpt lat="44.18424" lon="-73.86228">
        <ele>1099.83</ele>
        <time>2026-05-09T16:23:48Z</time>
      </trkpt>
      <trkpt lat="44.18425" lon="-73.86228">
        <ele>1099.72</ele>
        <time>2026-05-09T16:23:53Z</time>
      </trkpt>
      <trkpt lat="44.18425" lon="-73.86228">
        <ele>1099.72</ele>
        <time>2026-05-09T16:23:54Z</time>
      </trkpt>
      <trkpt lat="44.18425" lon="-73.86228">
        <ele>1099.72</ele>
        <time>2026-05-09T16:23:55Z</time>
      </trkpt>
      <trkpt lat="44.18424" lon="-73.86228">
        <ele>1099.83</ele>
        <time>2026-05-09T16:23:57Z</time>
      </trkpt>
      <trkpt lat="44.18424" lon="-73.86227">
        <ele>1099.72</ele>
        <time>2026-05-09T16:24:01Z</time>
      </trkpt>
      <trkpt lat="44.18424" lon="-73.86227">
        <ele>1099.72</ele>
        <time>2026-05-09T16:24:03Z</time>
      </trkpt>
      <trkpt lat="44.18423" lon="-73.86225">
        <ele>1099.62</ele>
        <time>2026-05-09T16:24:07Z</time>
      </trkpt>
      <trkpt lat="44.18422" lon="-73.86223">
        <ele>1099.51</ele>
        <time>2026-05-09T16:24:18Z</time>
      </trkpt>
      <trkpt lat="44.18424" lon="-73.86224">
        <ele>1099.4</ele>
        <time>2026-05-09T16:24:25Z</time>
      </trkpt>
      <trkpt lat="44.18425" lon="-73.86224">
        <ele>1099.29</ele>
        <time>2026-05-09T16:24:28Z</time>
      </trkpt>
      <trkpt lat="44.18423" lon="-73.86226">
        <ele>1099.72</ele>
        <time>2026-05-09T16:24:38Z</time>
      </trkpt>
      <trkpt lat="44.18427" lon="-73.86229">
        <ele>1099.58</ele>
        <time>2026-05-09T16:24:46Z</time>
      </trkpt>
      <trkpt lat="44.18424" lon="-73.86226">
        <ele>1099.62</ele>
        <time>2026-05-09T16:24:57Z</time>
      </trkpt>
      <trkpt lat="44.18426" lon="-73.86226">
        <ele>1099.4</ele>
        <time>2026-05-09T16:25:08Z</time>
      </trkpt>
      <trkpt lat="44.18427" lon="-73.86226">
        <ele>1099.22</ele>
        <time>2026-05-09T16:25:20Z</time>
      </trkpt>
      <trkpt lat="44.18425" lon="-73.86226">
        <ele>1099.51</ele>
        <time>2026-05-09T16:25:28Z</time>
      </trkpt>
      <trkpt lat="44.18425" lon="-73.86226">
        <ele>1099.51</ele>
        <time>2026-05-09T16:25:30Z</time>
      </trkpt>
      <trkpt lat="44.18424" lon="-73.86226">
        <ele>1099.62</ele>
        <time>2026-05-09T16:25:33Z</time>
      </trkpt>
      <trkpt lat="44.18425" lon="-73.86227">
        <ele>1099.62</ele>
        <time>2026-05-09T16:25:46Z</time>
      </trkpt>
      <trkpt lat="44.18425" lon="-73.86228">
        <ele>1099.72</ele>
        <time>2026-05-09T16:25:58Z</time>
      </trkpt>
      <trkpt lat="44.18424" lon="-73.8623">
        <ele>1100.05</ele>
        <time>2026-05-09T16:26:08Z</time>
      </trkpt>
      <trkpt lat="44.18423" lon="-73.86229">
        <ele>1100.05</ele>
        <time>2026-05-09T16:26:18Z</time>
      </trkpt>
      <trkpt lat="44.18422" lon="-73.86228">
        <ele>1100.05</ele>
        <time>2026-05-09T16:26:24Z</time>
      </trkpt>
      <trkpt lat="44.18422" lon="-73.86228">
        <ele>1100.05</ele>
        <time>2026-05-09T16:26:25Z</time>
      </trkpt>
      <trkpt lat="44.18422" lon="-73.86228">
        <ele>1100.05</ele>
        <time>2026-05-09T16:26:33Z</time>
      </trkpt>
      <trkpt lat="44.18421" lon="-73.86228">
        <ele>1100.16</ele>
        <time>2026-05-09T16:26:40Z</time>
      </trkpt>
      <trkpt lat="44.1842" lon="-73.86227">
        <ele>1100.16</ele>
        <time>2026-05-09T16:26:48Z</time>
      </trkpt>
      <trkpt lat="44.18417" lon="-73.86224">
        <ele>1100.16</ele>
        <time>2026-05-09T16:26:56Z</time>
      </trkpt>
      <trkpt lat="44.18418" lon="-73.86223">
        <ele>1099.94</ele>
        <time>2026-05-09T16:27:04Z</time>
      </trkpt>
      <trkpt lat="44.18419" lon="-73.86224">
        <ele>1099.94</ele>
        <time>2026-05-09T16:27:12Z</time>
      </trkpt>
      <trkpt lat="44.1842" lon="-73.86223">
        <ele>1099.72</ele>
        <time>2026-05-09T16:27:20Z</time>
      </trkpt>
      <trkpt lat="44.1842" lon="-73.86223">
        <ele>1099.72</ele>
        <time>2026-05-09T16:27:24Z</time>
      </trkpt>
      <trkpt lat="44.1842" lon="-73.86223">
        <ele>1099.72</ele>
        <time>2026-05-09T16:27:26Z</time>
      </trkpt>
      <trkpt lat="44.18421" lon="-73.86223">
        <ele>1099.62</ele>
        <time>2026-05-09T16:27:33Z</time>
      </trkpt>
      <trkpt lat="44.18421" lon="-73.86223">
        <ele>1099.62</ele>
        <time>2026-05-09T16:27:38Z</time>
      </trkpt>
      <trkpt lat="44.18421" lon="-73.86223">
        <ele>1099.62</ele>
        <time>2026-05-09T16:27:43Z</time>
      </trkpt>
      <trkpt lat="44.18422" lon="-73.86223">
        <ele>1099.51</ele>
        <time>2026-05-09T16:27:45Z</time>
      </trkpt>
      <trkpt lat="44.18422" lon="-73.86223">
        <ele>1099.51</ele>
        <time>2026-05-09T16:27:52Z</time>
      </trkpt>
      <trkpt lat="44.18422" lon="-73.86223">
        <ele>1099.51</ele>
        <time>2026-05-09T16:27:53Z</time>
      </trkpt>
      <trkpt lat="44.18421" lon="-73.86223">
        <ele>1099.62</ele>
        <time>2026-05-09T16:28:11Z</time>
      </trkpt>
      <trkpt lat="44.18421" lon="-73.86224">
        <ele>1099.72</ele>
        <time>2026-05-09T16:28:19Z</time>
      </trkpt>
      <trkpt lat="44.1842" lon="-73.86225">
        <ele>1099.94</ele>
        <time>2026-05-09T16:28:24Z</time>
      </trkpt>
      <trkpt lat="44.18419" lon="-73.86226">
        <ele>1100.16</ele>
        <time>2026-05-09T16:28:30Z</time>
      </trkpt>
      <trkpt lat="44.18418" lon="-73.86228">
        <ele>1100.48</ele>
        <time>2026-05-09T16:28:38Z</time>
      </trkpt>
      <trkpt lat="44.18416" lon="-73.8623">
        <ele>1100.92</ele>
        <time>2026-05-09T16:28:49Z</time>
      </trkpt>
      <trkpt lat="44.18416" lon="-73.8623">
        <ele>1100.92</ele>
        <time>2026-05-09T16:28:57Z</time>
      </trkpt>
      <trkpt lat="44.18418" lon="-73.86231">
        <ele>1100.8</ele>
        <time>2026-05-09T16:29:07Z</time>
      </trkpt>
      <trkpt lat="44.18418" lon="-73.86232">
        <ele>1100.91</ele>
        <time>2026-05-09T16:29:17Z</time>
      </trkpt>
      <trkpt lat="44.18424" lon="-73.86233">
        <ele>1100.37</ele>
        <time>2026-05-09T16:29:26Z</time>
      </trkpt>
      <trkpt lat="44.18427" lon="-73.86235">
        <ele>1100.26</ele>
        <time>2026-05-09T16:29:36Z</time>
      </trkpt>
      <trkpt lat="44.18426" lon="-73.86235">
        <ele>1100.37</ele>
        <time>2026-05-09T16:29:40Z</time>
      </trkpt>
      <trkpt lat="44.18426" lon="-73.86235">
        <ele>1100.37</ele>
        <time>2026-05-09T16:29:44Z</time>
      </trkpt>
      <trkpt lat="44.18427" lon="-73.86232">
        <ele>1099.94</ele>
        <time>2026-05-09T16:29:53Z</time>
      </trkpt>
      <trkpt lat="44.18426" lon="-73.86228">
        <ele>1099.61</ele>
        <time>2026-05-09T16:30:01Z</time>
      </trkpt>
      <trkpt lat="44.18426" lon="-73.86228">
        <ele>1099.61</ele>
        <time>2026-05-09T16:30:04Z</time>
      </trkpt>
      <trkpt lat="44.18426" lon="-73.86228">
        <ele>1099.61</ele>
        <time>2026-05-09T16:30:09Z</time>
      </trkpt>
      <trkpt lat="44.18425" lon="-73.86228">
        <ele>1099.72</ele>
        <time>2026-05-09T16:30:19Z</time>
      </trkpt>
      <trkpt lat="44.18422" lon="-73.86233">
        <ele>1100.59</ele>
        <time>2026-05-09T16:30:26Z</time>
      </trkpt>
      <trkpt lat="44.18418" lon="-73.86234">
        <ele>1101.13</ele>
        <time>2026-05-09T16:30:32Z</time>
      </trkpt>
      <trkpt lat="44.18418" lon="-73.86235">
        <ele>1101.24</ele>
        <time>2026-05-09T16:30:33Z</time>
      </trkpt>
      <trkpt lat="44.18415" lon="-73.86239">
        <ele>1101.99</ele>
        <time>2026-05-09T16:30:40Z</time>
      </trkpt>
      <trkpt lat="44.18414" lon="-73.8624">
        <ele>1102.21</ele>
        <time>2026-05-09T16:30:41Z</time>
      </trkpt>
      <trkpt lat="44.18413" lon="-73.86243">
        <ele>1102.64</ele>
        <time>2026-05-09T16:30:46Z</time>
      </trkpt>
      <trkpt lat="44.18414" lon="-73.86244">
        <ele>1102.64</ele>
        <time>2026-05-09T16:30:47Z</time>
      </trkpt>
      <trkpt lat="44.18414" lon="-73.86245">
        <ele>1102.75</ele>
        <time>2026-05-09T16:30:50Z</time>
      </trkpt>
      <trkpt lat="44.18414" lon="-73.86246">
        <ele>1102.86</ele>
        <time>2026-05-09T16:30:52Z</time>
      </trkpt>
      <trkpt lat="44.18413" lon="-73.86247">
        <ele>1103.07</ele>
        <time>2026-05-09T16:30:53Z</time>
      </trkpt>
      <trkpt lat="44.18414" lon="-73.86247">
        <ele>1102.96</ele>
        <time>2026-05-09T16:30:57Z</time>
      </trkpt>
      <trkpt lat="44.18413" lon="-73.86248">
        <ele>1103.18</ele>
        <time>2026-05-09T16:31:07Z</time>
      </trkpt>
      <trkpt lat="44.18412" lon="-73.8625">
        <ele>1103.5</ele>
        <time>2026-05-09T16:31:11Z</time>
      </trkpt>
      <trkpt lat="44.18411" lon="-73.86251">
        <ele>1103.83</ele>
        <time>2026-05-09T16:31:13Z</time>
      </trkpt>
      <trkpt lat="44.18411" lon="-73.86252">
        <ele>1104.04</ele>
        <time>2026-05-09T16:31:16Z</time>
      </trkpt>
      <trkpt lat="44.1841" lon="-73.86257">
        <ele>1105.23</ele>
        <time>2026-05-09T16:31:20Z</time>
      </trkpt>
      <trkpt lat="44.18409" lon="-73.86262">
        <ele>1106.12</ele>
        <time>2026-05-09T16:31:24Z</time>
      </trkpt>
      <trkpt lat="44.18408" lon="-73.86264">
        <ele>1106.45</ele>
        <time>2026-05-09T16:31:26Z</time>
      </trkpt>
      <trkpt lat="44.18405" lon="-73.86268">
        <ele>1106.94</ele>
        <time>2026-05-09T16:31:34Z</time>
      </trkpt>
      <trkpt lat="44.18401" lon="-73.86271">
        <ele>1107.27</ele>
        <time>2026-05-09T16:31:38Z</time>
      </trkpt>
      <trkpt lat="44.18399" lon="-73.86275">
        <ele>1107.7</ele>
        <time>2026-05-09T16:31:42Z</time>
      </trkpt>
      <trkpt lat="44.18398" lon="-73.86276">
        <ele>1107.82</ele>
        <time>2026-05-09T16:31:43Z</time>
      </trkpt>
      <trkpt lat="44.18398" lon="-73.86279">
        <ele>1108.15</ele>
        <time>2026-05-09T16:31:45Z</time>
      </trkpt>
      <trkpt lat="44.18397" lon="-73.86284">
        <ele>1108.8</ele>
        <time>2026-05-09T16:31:48Z</time>
      </trkpt>
      <trkpt lat="44.18398" lon="-73.86286">
        <ele>1108.9</ele>
        <time>2026-05-09T16:31:50Z</time>
      </trkpt>
      <trkpt lat="44.18397" lon="-73.86292">
        <ele>1109.66</ele>
        <time>2026-05-09T16:31:56Z</time>
      </trkpt>
      <trkpt lat="44.18397" lon="-73.86293">
        <ele>1109.77</ele>
        <time>2026-05-09T16:31:58Z</time>
      </trkpt>
      <trkpt lat="44.18396" lon="-73.86294">
        <ele>1109.98</ele>
        <time>2026-05-09T16:31:59Z</time>
      </trkpt>
      <trkpt lat="44.18396" lon="-73.86294">
        <ele>1109.98</ele>
        <time>2026-05-09T16:32:00Z</time>
      </trkpt>
      <trkpt lat="44.18395" lon="-73.86298">
        <ele>1110.65</ele>
        <time>2026-05-09T16:32:03Z</time>
      </trkpt>
      <trkpt lat="44.18396" lon="-73.86301">
        <ele>1111.13</ele>
        <time>2026-05-09T16:32:06Z</time>
      </trkpt>
      <trkpt lat="44.18396" lon="-73.86309">
        <ele>1112.46</ele>
        <time>2026-05-09T16:32:15Z</time>
      </trkpt>
      <trkpt lat="44.18396" lon="-73.86314">
        <ele>1113.12</ele>
        <time>2026-05-09T16:32:23Z</time>
      </trkpt>
      <trkpt lat="44.18396" lon="-73.86315">
        <ele>1113.27</ele>
        <time>2026-05-09T16:32:25Z</time>
      </trkpt>
      <trkpt lat="44.18394" lon="-73.86318">
        <ele>1113.98</ele>
        <time>2026-05-09T16:32:31Z</time>
      </trkpt>
      <trkpt lat="44.18393" lon="-73.86321">
        <ele>1114.52</ele>
        <time>2026-05-09T16:32:35Z</time>
      </trkpt>
      <trkpt lat="44.18393" lon="-73.86323">
        <ele>1114.83</ele>
        <time>2026-05-09T16:32:39Z</time>
      </trkpt>
      <trkpt lat="44.18392" lon="-73.86329">
        <ele>1116.06</ele>
        <time>2026-05-09T16:32:47Z</time>
      </trkpt>
      <trkpt lat="44.18392" lon="-73.86331">
        <ele>1116.5</ele>
        <time>2026-05-09T16:32:49Z</time>
      </trkpt>
      <trkpt lat="44.18392" lon="-73.86331">
        <ele>1116.5</ele>
        <time>2026-05-09T16:32:51Z</time>
      </trkpt>
      <trkpt lat="44.18392" lon="-73.86333">
        <ele>1116.93</ele>
        <time>2026-05-09T16:32:55Z</time>
      </trkpt>
      <trkpt lat="44.18392" lon="-73.86338">
        <ele>1117.5</ele>
        <time>2026-05-09T16:33:00Z</time>
      </trkpt>
      <trkpt lat="44.18392" lon="-73.8634">
        <ele>1117.72</ele>
        <time>2026-05-09T16:33:03Z</time>
      </trkpt>
      <trkpt lat="44.18392" lon="-73.86347">
        <ele>1118.64</ele>
        <time>2026-05-09T16:33:09Z</time>
      </trkpt>
      <trkpt lat="44.18391" lon="-73.86348">
        <ele>1118.72</ele>
        <time>2026-05-09T16:33:11Z</time>
      </trkpt>
      <trkpt lat="44.18392" lon="-73.86353">
        <ele>1119.54</ele>
        <time>2026-05-09T16:33:17Z</time>
      </trkpt>
      <trkpt lat="44.18392" lon="-73.86353">
        <ele>1119.54</ele>
        <time>2026-05-09T16:33:20Z</time>
      </trkpt>
      <trkpt lat="44.18391" lon="-73.86356">
        <ele>1120.02</ele>
        <time>2026-05-09T16:33:24Z</time>
      </trkpt>
      <trkpt lat="44.18391" lon="-73.86361">
        <ele>1120.98</ele>
        <time>2026-05-09T16:33:32Z</time>
      </trkpt>
      <trkpt lat="44.18391" lon="-73.86361">
        <ele>1120.98</ele>
        <time>2026-05-09T16:33:33Z</time>
      </trkpt>
      <trkpt lat="44.18391" lon="-73.86364">
        <ele>1121.31</ele>
        <time>2026-05-09T16:33:38Z</time>
      </trkpt>
      <trkpt lat="44.18391" lon="-73.86365">
        <ele>1121.42</ele>
        <time>2026-05-09T16:33:39Z</time>
      </trkpt>
      <trkpt lat="44.18389" lon="-73.86372">
        <ele>1122.18</ele>
        <time>2026-05-09T16:33:46Z</time>
      </trkpt>
      <trkpt lat="44.18391" lon="-73.86377">
        <ele>1122.88</ele>
        <time>2026-05-09T16:33:51Z</time>
      </trkpt>
      <trkpt lat="44.18391" lon="-73.86377">
        <ele>1122.88</ele>
        <time>2026-05-09T16:33:52Z</time>
      </trkpt>
      <trkpt lat="44.18389" lon="-73.8638">
        <ele>1123.05</ele>
        <time>2026-05-09T16:33:59Z</time>
      </trkpt>
      <trkpt lat="44.18388" lon="-73.86387">
        <ele>1123.8</ele>
        <time>2026-05-09T16:34:07Z</time>
      </trkpt>
      <trkpt lat="44.18387" lon="-73.86392">
        <ele>1124.6</ele>
        <time>2026-05-09T16:34:14Z</time>
      </trkpt>
      <trkpt lat="44.18386" lon="-73.86393">
        <ele>1124.75</ele>
        <time>2026-05-09T16:34:15Z</time>
      </trkpt>
      <trkpt lat="44.18385" lon="-73.86397">
        <ele>1125.38</ele>
        <time>2026-05-09T16:34:20Z</time>
      </trkpt>
      <trkpt lat="44.18383" lon="-73.86398">
        <ele>1125.34</ele>
        <time>2026-05-09T16:34:21Z</time>
      </trkpt>
      <trkpt lat="44.18382" lon="-73.864">
        <ele>1125.46</ele>
        <time>2026-05-09T16:34:25Z</time>
      </trkpt>
      <trkpt lat="44.1838" lon="-73.86407">
        <ele>1126.0</ele>
        <time>2026-05-09T16:34:32Z</time>
      </trkpt>
      <trkpt lat="44.18377" lon="-73.86413">
        <ele>1127.04</ele>
        <time>2026-05-09T16:34:41Z</time>
      </trkpt>
      <trkpt lat="44.18374" lon="-73.86418">
        <ele>1127.54</ele>
        <time>2026-05-09T16:34:48Z</time>
      </trkpt>
      <trkpt lat="44.18374" lon="-73.86418">
        <ele>1127.54</ele>
        <time>2026-05-09T16:34:50Z</time>
      </trkpt>
      <trkpt lat="44.18372" lon="-73.86424">
        <ele>1127.97</ele>
        <time>2026-05-09T16:35:00Z</time>
      </trkpt>
      <trkpt lat="44.1837" lon="-73.86427">
        <ele>1128.08</ele>
        <time>2026-05-09T16:35:09Z</time>
      </trkpt>
      <trkpt lat="44.18369" lon="-73.86431">
        <ele>1128.48</ele>
        <time>2026-05-09T16:35:16Z</time>
      </trkpt>
      <trkpt lat="44.18368" lon="-73.86432">
        <ele>1128.57</ele>
        <time>2026-05-09T16:35:17Z</time>
      </trkpt>
      <trkpt lat="44.18368" lon="-73.86436">
        <ele>1129.15</ele>
        <time>2026-05-09T16:35:24Z</time>
      </trkpt>
      <trkpt lat="44.18366" lon="-73.86438">
        <ele>1129.46</ele>
        <time>2026-05-09T16:35:30Z</time>
      </trkpt>
      <trkpt lat="44.18364" lon="-73.86439">
        <ele>1129.54</ele>
        <time>2026-05-09T16:35:33Z</time>
      </trkpt>
      <trkpt lat="44.18364" lon="-73.86441">
        <ele>1129.82</ele>
        <time>2026-05-09T16:35:39Z</time>
      </trkpt>
      <trkpt lat="44.18363" lon="-73.86442">
        <ele>1129.89</ele>
        <time>2026-05-09T16:35:41Z</time>
      </trkpt>
      <trkpt lat="44.1836" lon="-73.86445">
        <ele>1129.94</ele>
        <time>2026-05-09T16:35:48Z</time>
      </trkpt>
      <trkpt lat="44.18357" lon="-73.86449">
        <ele>1130.05</ele>
        <time>2026-05-09T16:35:56Z</time>
      </trkpt>
      <trkpt lat="44.18355" lon="-73.86454">
        <ele>1130.37</ele>
        <time>2026-05-09T16:36:03Z</time>
      </trkpt>
      <trkpt lat="44.18351" lon="-73.86456">
        <ele>1130.16</ele>
        <time>2026-05-09T16:36:10Z</time>
      </trkpt>
      <trkpt lat="44.1835" lon="-73.86457">
        <ele>1130.16</ele>
        <time>2026-05-09T16:36:11Z</time>
      </trkpt>
      <trkpt lat="44.18347" lon="-73.86464">
        <ele>1130.59</ele>
        <time>2026-05-09T16:36:19Z</time>
      </trkpt>
      <trkpt lat="44.18345" lon="-73.86469">
        <ele>1130.91</ele>
        <time>2026-05-09T16:36:25Z</time>
      </trkpt>
      <trkpt lat="44.18344" lon="-73.86469">
        <ele>1130.8</ele>
        <time>2026-05-09T16:36:26Z</time>
      </trkpt>
      <trkpt lat="44.18341" lon="-73.86475">
        <ele>1131.13</ele>
        <time>2026-05-09T16:36:34Z</time>
      </trkpt>
      <trkpt lat="44.18341" lon="-73.86476">
        <ele>1131.24</ele>
        <time>2026-05-09T16:36:35Z</time>
      </trkpt>
      <trkpt lat="44.1834" lon="-73.86481">
        <ele>1131.67</ele>
        <time>2026-05-09T16:36:42Z</time>
      </trkpt>
      <trkpt lat="44.18337" lon="-73.86485">
        <ele>1131.78</ele>
        <time>2026-05-09T16:36:50Z</time>
      </trkpt>
      <trkpt lat="44.18336" lon="-73.86488">
        <ele>1131.99</ele>
        <time>2026-05-09T16:36:55Z</time>
      </trkpt>
      <trkpt lat="44.18335" lon="-73.86488">
        <ele>1131.88</ele>
        <time>2026-05-09T16:36:56Z</time>
      </trkpt>
      <trkpt lat="44.18336" lon="-73.86495">
        <ele>1133.21</ele>
        <time>2026-05-09T16:37:05Z</time>
      </trkpt>
      <trkpt lat="44.18335" lon="-73.86498">
        <ele>1133.75</ele>
        <time>2026-05-09T16:37:08Z</time>
      </trkpt>
      <trkpt lat="44.18334" lon="-73.86506">
        <ele>1134.72</ele>
        <time>2026-05-09T16:37:16Z</time>
      </trkpt>
      <trkpt lat="44.18334" lon="-73.86509">
        <ele>1135.04</ele>
        <time>2026-05-09T16:37:20Z</time>
      </trkpt>
      <trkpt lat="44.18334" lon="-73.86513">
        <ele>1135.51</ele>
        <time>2026-05-09T16:37:24Z</time>
      </trkpt>
      <trkpt lat="44.18335" lon="-73.86515">
        <ele>1135.91</ele>
        <time>2026-05-09T16:37:28Z</time>
      </trkpt>
      <trkpt lat="44.18335" lon="-73.86517">
        <ele>1136.17</ele>
        <time>2026-05-09T16:37:30Z</time>
      </trkpt>
      <trkpt lat="44.18335" lon="-73.86517">
        <ele>1136.17</ele>
        <time>2026-05-09T16:37:32Z</time>
      </trkpt>
      <trkpt lat="44.18335" lon="-73.8652">
        <ele>1136.65</ele>
        <time>2026-05-09T16:37:35Z</time>
      </trkpt>
      <trkpt lat="44.18335" lon="-73.86523">
        <ele>1137.24</ele>
        <time>2026-05-09T16:37:39Z</time>
      </trkpt>
      <trkpt lat="44.18335" lon="-73.8653">
        <ele>1138.42</ele>
        <time>2026-05-09T16:37:47Z</time>
      </trkpt>
      <trkpt lat="44.18334" lon="-73.86531">
        <ele>1138.42</ele>
        <time>2026-05-09T16:37:50Z</time>
      </trkpt>
      <trkpt lat="44.18332" lon="-73.86534">
        <ele>1138.53</ele>
        <time>2026-05-09T16:37:55Z</time>
      </trkpt>
      <trkpt lat="44.18329" lon="-73.8654">
        <ele>1138.68</ele>
        <time>2026-05-09T16:38:04Z</time>
      </trkpt>
      <trkpt lat="44.18329" lon="-73.86543">
        <ele>1138.83</ele>
        <time>2026-05-09T16:38:11Z</time>
      </trkpt>
      <trkpt lat="44.18326" lon="-73.86545">
        <ele>1138.89</ele>
        <time>2026-05-09T16:38:16Z</time>
      </trkpt>
      <trkpt lat="44.18324" lon="-73.86547">
        <ele>1139.08</ele>
        <time>2026-05-09T16:38:19Z</time>
      </trkpt>
      <trkpt lat="44.18323" lon="-73.86549">
        <ele>1139.29</ele>
        <time>2026-05-09T16:38:22Z</time>
      </trkpt>
      <trkpt lat="44.18322" lon="-73.86552">
        <ele>1139.62</ele>
        <time>2026-05-09T16:38:25Z</time>
      </trkpt>
      <trkpt lat="44.18322" lon="-73.86555">
        <ele>1139.94</ele>
        <time>2026-05-09T16:38:28Z</time>
      </trkpt>
      <trkpt lat="44.18321" lon="-73.86556">
        <ele>1140.05</ele>
        <time>2026-05-09T16:38:32Z</time>
      </trkpt>
      <trkpt lat="44.1832" lon="-73.86557">
        <ele>1140.16</ele>
        <time>2026-05-09T16:38:34Z</time>
      </trkpt>
      <trkpt lat="44.1832" lon="-73.86561">
        <ele>1140.59</ele>
        <time>2026-05-09T16:38:38Z</time>
      </trkpt>
      <trkpt lat="44.1832" lon="-73.86564">
        <ele>1140.91</ele>
        <time>2026-05-09T16:38:41Z</time>
      </trkpt>
      <trkpt lat="44.18318" lon="-73.86569">
        <ele>1141.9</ele>
        <time>2026-05-09T16:38:49Z</time>
      </trkpt>
      <trkpt lat="44.18317" lon="-73.86571">
        <ele>1142.34</ele>
        <time>2026-05-09T16:38:52Z</time>
      </trkpt>
      <trkpt lat="44.18316" lon="-73.86575">
        <ele>1143.1</ele>
        <time>2026-05-09T16:38:58Z</time>
      </trkpt>
      <trkpt lat="44.18314" lon="-73.86578">
        <ele>1143.46</ele>
        <time>2026-05-09T16:39:02Z</time>
      </trkpt>
      <trkpt lat="44.18313" lon="-73.8658">
        <ele>1143.77</ele>
        <time>2026-05-09T16:39:07Z</time>
      </trkpt>
      <trkpt lat="44.18312" lon="-73.86582">
        <ele>1144.12</ele>
        <time>2026-05-09T16:39:10Z</time>
      </trkpt>
      <trkpt lat="44.1831" lon="-73.86584">
        <ele>1144.63</ele>
        <time>2026-05-09T16:39:15Z</time>
      </trkpt>
      <trkpt lat="44.18308" lon="-73.86586">
        <ele>1145.1</ele>
        <time>2026-05-09T16:39:21Z</time>
      </trkpt>
      <trkpt lat="44.18306" lon="-73.86589">
        <ele>1145.59</ele>
        <time>2026-05-09T16:39:25Z</time>
      </trkpt>
      <trkpt lat="44.18304" lon="-73.8659">
        <ele>1145.72</ele>
        <time>2026-05-09T16:39:29Z</time>
      </trkpt>
      <trkpt lat="44.18301" lon="-73.86592">
        <ele>1145.94</ele>
        <time>2026-05-09T16:39:34Z</time>
      </trkpt>
      <trkpt lat="44.18299" lon="-73.86596">
        <ele>1146.37</ele>
        <time>2026-05-09T16:39:38Z</time>
      </trkpt>
      <trkpt lat="44.18298" lon="-73.86598">
        <ele>1146.58</ele>
        <time>2026-05-09T16:39:39Z</time>
      </trkpt>
      <trkpt lat="44.18298" lon="-73.86598">
        <ele>1146.58</ele>
        <time>2026-05-09T16:39:40Z</time>
      </trkpt>
      <trkpt lat="44.18297" lon="-73.86599">
        <ele>1146.69</ele>
        <time>2026-05-09T16:39:43Z</time>
      </trkpt>
      <trkpt lat="44.18296" lon="-73.86598">
        <ele>1146.62</ele>
        <time>2026-05-09T16:39:51Z</time>
      </trkpt>
      <trkpt lat="44.18293" lon="-73.86601">
        <ele>1147.26</ele>
        <time>2026-05-09T16:40:00Z</time>
      </trkpt>
      <trkpt lat="44.18293" lon="-73.86601">
        <ele>1147.26</ele>
        <time>2026-05-09T16:40:01Z</time>
      </trkpt>
      <trkpt lat="44.18291" lon="-73.86605">
        <ele>1148.06</ele>
        <time>2026-05-09T16:40:07Z</time>
      </trkpt>
      <trkpt lat="44.18289" lon="-73.86604">
        <ele>1148.07</ele>
        <time>2026-05-09T16:40:13Z</time>
      </trkpt>
      <trkpt lat="44.18285" lon="-73.86606">
        <ele>1148.67</ele>
        <time>2026-05-09T16:40:18Z</time>
      </trkpt>
      <trkpt lat="44.18283" lon="-73.86609">
        <ele>1149.21</ele>
        <time>2026-05-09T16:40:22Z</time>
      </trkpt>
      <trkpt lat="44.18279" lon="-73.86614">
        <ele>1150.22</ele>
        <time>2026-05-09T16:40:29Z</time>
      </trkpt>
      <trkpt lat="44.18278" lon="-73.86614">
        <ele>1150.3</ele>
        <time>2026-05-09T16:40:31Z</time>
      </trkpt>
      <trkpt lat="44.18274" lon="-73.86617">
        <ele>1150.9</ele>
        <time>2026-05-09T16:40:37Z</time>
      </trkpt>
      <trkpt lat="44.18273" lon="-73.86618">
        <ele>1151.13</ele>
        <time>2026-05-09T16:40:39Z</time>
      </trkpt>
      <trkpt lat="44.18272" lon="-73.8662">
        <ele>1151.56</ele>
        <time>2026-05-09T16:40:44Z</time>
      </trkpt>
      <trkpt lat="44.18271" lon="-73.86621">
        <ele>1151.87</ele>
        <time>2026-05-09T16:40:47Z</time>
      </trkpt>
      <trkpt lat="44.18269" lon="-73.86624">
        <ele>1152.73</ele>
        <time>2026-05-09T16:40:50Z</time>
      </trkpt>
      <trkpt lat="44.18267" lon="-73.86625">
        <ele>1153.08</ele>
        <time>2026-05-09T16:40:54Z</time>
      </trkpt>
      <trkpt lat="44.18266" lon="-73.86626">
        <ele>1153.32</ele>
        <time>2026-05-09T16:40:57Z</time>
      </trkpt>
      <trkpt lat="44.18265" lon="-73.86629">
        <ele>1153.89</ele>
        <time>2026-05-09T16:41:00Z</time>
      </trkpt>
      <trkpt lat="44.18265" lon="-73.86629">
        <ele>1153.89</ele>
        <time>2026-05-09T16:41:02Z</time>
      </trkpt>
      <trkpt lat="44.18262" lon="-73.86631">
        <ele>1154.3</ele>
        <time>2026-05-09T16:41:08Z</time>
      </trkpt>
      <trkpt lat="44.18262" lon="-73.86633">
        <ele>1154.73</ele>
        <time>2026-05-09T16:41:13Z</time>
      </trkpt>
      <trkpt lat="44.18261" lon="-73.86634">
        <ele>1154.94</ele>
        <time>2026-05-09T16:41:16Z</time>
      </trkpt>
      <trkpt lat="44.18258" lon="-73.86641">
        <ele>1156.56</ele>
        <time>2026-05-09T16:41:24Z</time>
      </trkpt>
      <trkpt lat="44.18257" lon="-73.8665">
        <ele>1158.4</ele>
        <time>2026-05-09T16:41:35Z</time>
      </trkpt>
      <trkpt lat="44.18256" lon="-73.86652">
        <ele>1158.83</ele>
        <time>2026-05-09T16:41:40Z</time>
      </trkpt>
      <trkpt lat="44.18255" lon="-73.86654">
        <ele>1159.26</ele>
        <time>2026-05-09T16:41:43Z</time>
      </trkpt>
      <trkpt lat="44.18254" lon="-73.86656">
        <ele>1159.7</ele>
        <time>2026-05-09T16:41:46Z</time>
      </trkpt>
      <trkpt lat="44.18254" lon="-73.86658">
        <ele>1160.1</ele>
        <time>2026-05-09T16:41:49Z</time>
      </trkpt>
      <trkpt lat="44.18252" lon="-73.8666">
        <ele>1160.5</ele>
        <time>2026-05-09T16:41:54Z</time>
      </trkpt>
      <trkpt lat="44.18251" lon="-73.8666">
        <ele>1160.53</ele>
        <time>2026-05-09T16:41:57Z</time>
      </trkpt>
      <trkpt lat="44.18248" lon="-73.86664">
        <ele>1161.49</ele>
        <time>2026-05-09T16:42:06Z</time>
      </trkpt>
      <trkpt lat="44.18248" lon="-73.86667">
        <ele>1162.07</ele>
        <time>2026-05-09T16:42:08Z</time>
      </trkpt>
      <trkpt lat="44.18248" lon="-73.86669">
        <ele>1162.5</ele>
        <time>2026-05-09T16:42:11Z</time>
      </trkpt>
      <trkpt lat="44.18247" lon="-73.86672">
        <ele>1163.15</ele>
        <time>2026-05-09T16:42:14Z</time>
      </trkpt>
      <trkpt lat="44.18248" lon="-73.86674">
        <ele>1163.58</ele>
        <time>2026-05-09T16:42:21Z</time>
      </trkpt>
      <trkpt lat="44.18248" lon="-73.86675">
        <ele>1163.8</ele>
        <time>2026-05-09T16:42:23Z</time>
      </trkpt>
      <trkpt lat="44.18248" lon="-73.86677">
        <ele>1164.14</ele>
        <time>2026-05-09T16:42:27Z</time>
      </trkpt>
      <trkpt lat="44.18248" lon="-73.86678">
        <ele>1164.27</ele>
        <time>2026-05-09T16:42:28Z</time>
      </trkpt>
      <trkpt lat="44.18248" lon="-73.8668">
        <ele>1164.54</ele>
        <time>2026-05-09T16:42:34Z</time>
      </trkpt>
      <trkpt lat="44.18248" lon="-73.86681">
        <ele>1164.67</ele>
        <time>2026-05-09T16:42:35Z</time>
      </trkpt>
      <trkpt lat="44.18247" lon="-73.86682">
        <ele>1164.87</ele>
        <time>2026-05-09T16:42:44Z</time>
      </trkpt>
      <trkpt lat="44.18247" lon="-73.86682">
        <ele>1164.87</ele>
        <time>2026-05-09T16:42:50Z</time>
      </trkpt>
      <trkpt lat="44.18247" lon="-73.86682">
        <ele>1164.87</ele>
        <time>2026-05-09T16:42:51Z</time>
      </trkpt>
      <trkpt lat="44.18248" lon="-73.86681">
        <ele>1164.67</ele>
        <time>2026-05-09T16:42:57Z</time>
      </trkpt>
      <trkpt lat="44.18247" lon="-73.86683">
        <ele>1165.01</ele>
        <time>2026-05-09T16:42:59Z</time>
      </trkpt>
      <trkpt lat="44.18247" lon="-73.86687">
        <ele>1165.65</ele>
        <time>2026-05-09T16:43:05Z</time>
      </trkpt>
      <trkpt lat="44.18247" lon="-73.86688">
        <ele>1165.83</ele>
        <time>2026-05-09T16:43:07Z</time>
      </trkpt>
      <trkpt lat="44.18247" lon="-73.86694">
        <ele>1166.92</ele>
        <time>2026-05-09T16:43:16Z</time>
      </trkpt>
      <trkpt lat="44.18248" lon="-73.86693">
        <ele>1166.72</ele>
        <time>2026-05-09T16:43:22Z</time>
      </trkpt>
      <trkpt lat="44.18248" lon="-73.86693">
        <ele>1166.72</ele>
        <time>2026-05-09T16:43:26Z</time>
      </trkpt>
      <trkpt lat="44.18251" lon="-73.86696">
        <ele>1167.34</ele>
        <time>2026-05-09T16:43:35Z</time>
      </trkpt>
      <trkpt lat="44.18251" lon="-73.86701">
        <ele>1168.42</ele>
        <time>2026-05-09T16:43:42Z</time>
      </trkpt>
      <trkpt lat="44.18251" lon="-73.86701">
        <ele>1168.42</ele>
        <time>2026-05-09T16:43:43Z</time>
      </trkpt>
      <trkpt lat="44.18252" lon="-73.86704">
        <ele>1169.06</ele>
        <time>2026-05-09T16:43:47Z</time>
      </trkpt>
      <trkpt lat="44.18251" lon="-73.86707">
        <ele>1169.71</ele>
        <time>2026-05-09T16:43:51Z</time>
      </trkpt>
      <trkpt lat="44.18251" lon="-73.8671">
        <ele>1170.36</ele>
        <time>2026-05-09T16:43:55Z</time>
      </trkpt>
      <trkpt lat="44.1825" lon="-73.86711">
        <ele>1170.58</ele>
        <time>2026-05-09T16:43:57Z</time>
      </trkpt>
      <trkpt lat="44.18248" lon="-73.86715">
        <ele>1171.05</ele>
        <time>2026-05-09T16:44:03Z</time>
      </trkpt>
      <trkpt lat="44.18247" lon="-73.86716">
        <ele>1171.11</ele>
        <time>2026-05-09T16:44:05Z</time>
      </trkpt>
      <trkpt lat="44.18247" lon="-73.86719">
        <ele>1171.54</ele>
        <time>2026-05-09T16:44:12Z</time>
      </trkpt>
      <trkpt lat="44.18246" lon="-73.86722">
        <ele>1171.97</ele>
        <time>2026-05-09T16:44:14Z</time>
      </trkpt>
      <trkpt lat="44.18244" lon="-73.86725">
        <ele>1172.41</ele>
        <time>2026-05-09T16:44:19Z</time>
      </trkpt>
      <trkpt lat="44.18243" lon="-73.86726">
        <ele>1172.51</ele>
        <time>2026-05-09T16:44:21Z</time>
      </trkpt>
      <trkpt lat="44.18241" lon="-73.86729">
        <ele>1172.75</ele>
        <time>2026-05-09T16:44:25Z</time>
      </trkpt>
      <trkpt lat="44.1824" lon="-73.8673">
        <ele>1172.84</ele>
        <time>2026-05-09T16:44:27Z</time>
      </trkpt>
      <trkpt lat="44.18236" lon="-73.86734">
        <ele>1173.4</ele>
        <time>2026-05-09T16:44:34Z</time>
      </trkpt>
      <trkpt lat="44.18236" lon="-73.86736">
        <ele>1173.73</ele>
        <time>2026-05-09T16:44:36Z</time>
      </trkpt>
      <trkpt lat="44.18235" lon="-73.86737">
        <ele>1173.82</ele>
        <time>2026-05-09T16:44:39Z</time>
      </trkpt>
      <trkpt lat="44.18234" lon="-73.86738">
        <ele>1173.9</ele>
        <time>2026-05-09T16:44:40Z</time>
      </trkpt>
      <trkpt lat="44.18233" lon="-73.86742">
        <ele>1174.41</ele>
        <time>2026-05-09T16:44:45Z</time>
      </trkpt>
      <trkpt lat="44.18233" lon="-73.86746">
        <ele>1175.21</ele>
        <time>2026-05-09T16:44:49Z</time>
      </trkpt>
      <trkpt lat="44.18234" lon="-73.86753">
        <ele>1176.41</ele>
        <time>2026-05-09T16:44:56Z</time>
      </trkpt>
      <trkpt lat="44.18234" lon="-73.86753">
        <ele>1176.41</ele>
        <time>2026-05-09T16:44:57Z</time>
      </trkpt>
      <trkpt lat="44.18238" lon="-73.86757">
        <ele>1177.29</ele>
        <time>2026-05-09T16:45:03Z</time>
      </trkpt>
      <trkpt lat="44.18238" lon="-73.86758">
        <ele>1177.47</ele>
        <time>2026-05-09T16:45:05Z</time>
      </trkpt>
      <trkpt lat="44.18238" lon="-73.86762">
        <ele>1178.0</ele>
        <time>2026-05-09T16:45:10Z</time>
      </trkpt>
      <trkpt lat="44.18238" lon="-73.86763">
        <ele>1178.11</ele>
        <time>2026-05-09T16:45:11Z</time>
      </trkpt>
      <trkpt lat="44.18237" lon="-73.86767">
        <ele>1178.43</ele>
        <time>2026-05-09T16:45:16Z</time>
      </trkpt>
      <trkpt lat="44.18237" lon="-73.8677">
        <ele>1178.92</ele>
        <time>2026-05-09T16:45:20Z</time>
      </trkpt>
      <trkpt lat="44.18237" lon="-73.86772">
        <ele>1179.35</ele>
        <time>2026-05-09T16:45:23Z</time>
      </trkpt>
      <trkpt lat="44.18237" lon="-73.86773">
        <ele>1179.56</ele>
        <time>2026-05-09T16:45:27Z</time>
      </trkpt>
      <trkpt lat="44.18236" lon="-73.86774">
        <ele>1179.67</ele>
        <time>2026-05-09T16:45:29Z</time>
      </trkpt>
      <trkpt lat="44.18235" lon="-73.86777">
        <ele>1180.21</ele>
        <time>2026-05-09T16:45:34Z</time>
      </trkpt>
      <trkpt lat="44.18234" lon="-73.8678">
        <ele>1180.51</ele>
        <time>2026-05-09T16:45:39Z</time>
      </trkpt>
      <trkpt lat="44.18233" lon="-73.86781">
        <ele>1180.51</ele>
        <time>2026-05-09T16:45:43Z</time>
      </trkpt>
      <trkpt lat="44.18232" lon="-73.86782">
        <ele>1180.51</ele>
        <time>2026-05-09T16:45:44Z</time>
      </trkpt>
      <trkpt lat="44.18232" lon="-73.86785">
        <ele>1180.84</ele>
        <time>2026-05-09T16:45:48Z</time>
      </trkpt>
      <trkpt lat="44.1823" lon="-73.86788">
        <ele>1181.05</ele>
        <time>2026-05-09T16:45:52Z</time>
      </trkpt>
      <trkpt lat="44.1823" lon="-73.86792">
        <ele>1181.91</ele>
        <time>2026-05-09T16:45:57Z</time>
      </trkpt>
      <trkpt lat="44.1823" lon="-73.86796">
        <ele>1182.78</ele>
        <time>2026-05-09T16:46:00Z</time>
      </trkpt>
      <trkpt lat="44.18232" lon="-73.86801">
        <ele>1184.07</ele>
        <time>2026-05-09T16:46:07Z</time>
      </trkpt>
      <trkpt lat="44.18231" lon="-73.86802">
        <ele>1184.15</ele>
        <time>2026-05-09T16:46:08Z</time>
      </trkpt>
      <trkpt lat="44.18229" lon="-73.86805">
        <ele>1184.36</ele>
        <time>2026-05-09T16:46:14Z</time>
      </trkpt>
      <trkpt lat="44.18226" lon="-73.8681">
        <ele>1184.78</ele>
        <time>2026-05-09T16:46:20Z</time>
      </trkpt>
      <trkpt lat="44.18224" lon="-73.86815">
        <ele>1185.42</ele>
        <time>2026-05-09T16:46:26Z</time>
      </trkpt>
      <trkpt lat="44.18224" lon="-73.86816">
        <ele>1185.64</ele>
        <time>2026-05-09T16:46:27Z</time>
      </trkpt>
      <trkpt lat="44.18224" lon="-73.86817">
        <ele>1185.86</ele>
        <time>2026-05-09T16:46:28Z</time>
      </trkpt>
      <trkpt lat="44.18223" lon="-73.86818">
        <ele>1185.86</ele>
        <time>2026-05-09T16:46:30Z</time>
      </trkpt>
      <trkpt lat="44.18223" lon="-73.86825">
        <ele>1187.28</ele>
        <time>2026-05-09T16:46:36Z</time>
      </trkpt>
      <trkpt lat="44.18223" lon="-73.86829">
        <ele>1187.74</ele>
        <time>2026-05-09T16:46:41Z</time>
      </trkpt>
      <trkpt lat="44.18223" lon="-73.8683">
        <ele>1187.86</ele>
        <time>2026-05-09T16:46:42Z</time>
      </trkpt>
      <trkpt lat="44.18223" lon="-73.86831">
        <ele>1187.98</ele>
        <time>2026-05-09T16:46:43Z</time>
      </trkpt>
      <trkpt lat="44.18223" lon="-73.86831">
        <ele>1187.98</ele>
        <time>2026-05-09T16:46:44Z</time>
      </trkpt>
      <trkpt lat="44.18223" lon="-73.86833">
        <ele>1188.21</ele>
        <time>2026-05-09T16:46:47Z</time>
      </trkpt>
      <trkpt lat="44.18222" lon="-73.86837">
        <ele>1188.73</ele>
        <time>2026-05-09T16:46:50Z</time>
      </trkpt>
      <trkpt lat="44.18223" lon="-73.86846">
        <ele>1190.87</ele>
        <time>2026-05-09T16:46:59Z</time>
      </trkpt>
      <trkpt lat="44.18224" lon="-73.86848">
        <ele>1191.44</ele>
        <time>2026-05-09T16:47:02Z</time>
      </trkpt>
      <trkpt lat="44.18223" lon="-73.86853">
        <ele>1192.22</ele>
        <time>2026-05-09T16:47:07Z</time>
      </trkpt>
      <trkpt lat="44.18223" lon="-73.86853">
        <ele>1192.22</ele>
        <time>2026-05-09T16:47:08Z</time>
      </trkpt>
      <trkpt lat="44.18222" lon="-73.86855">
        <ele>1192.28</ele>
        <time>2026-05-09T16:47:11Z</time>
      </trkpt>
      <trkpt lat="44.18219" lon="-73.86856">
        <ele>1191.56</ele>
        <time>2026-05-09T16:47:19Z</time>
      </trkpt>
      <trkpt lat="44.18218" lon="-73.86857">
        <ele>1191.44</ele>
        <time>2026-05-09T16:47:22Z</time>
      </trkpt>
      <trkpt lat="44.18216" lon="-73.86859">
        <ele>1191.27</ele>
        <time>2026-05-09T16:47:26Z</time>
      </trkpt>
      <trkpt lat="44.18216" lon="-73.8686">
        <ele>1191.46</ele>
        <time>2026-05-09T16:47:28Z</time>
      </trkpt>
      <trkpt lat="44.18214" lon="-73.86865">
        <ele>1191.64</ele>
        <time>2026-05-09T16:47:35Z</time>
      </trkpt>
      <trkpt lat="44.18215" lon="-73.86869">
        <ele>1192.29</ele>
        <time>2026-05-09T16:47:39Z</time>
      </trkpt>
      <trkpt lat="44.18216" lon="-73.8687">
        <ele>1192.62</ele>
        <time>2026-05-09T16:47:43Z</time>
      </trkpt>
      <trkpt lat="44.18217" lon="-73.8687">
        <ele>1192.83</ele>
        <time>2026-05-09T16:47:44Z</time>
      </trkpt>
      <trkpt lat="44.18218" lon="-73.86873">
        <ele>1193.37</ele>
        <time>2026-05-09T16:47:48Z</time>
      </trkpt>
      <trkpt lat="44.18219" lon="-73.86875">
        <ele>1193.8</ele>
        <time>2026-05-09T16:47:56Z</time>
      </trkpt>
      <trkpt lat="44.18219" lon="-73.86879">
        <ele>1194.24</ele>
        <time>2026-05-09T16:48:02Z</time>
      </trkpt>
      <trkpt lat="44.18219" lon="-73.86881">
        <ele>1194.55</ele>
        <time>2026-05-09T16:48:04Z</time>
      </trkpt>
      <trkpt lat="44.18221" lon="-73.86884">
        <ele>1195.62</ele>
        <time>2026-05-09T16:48:08Z</time>
      </trkpt>
      <trkpt lat="44.18222" lon="-73.86885">
        <ele>1196.1</ele>
        <time>2026-05-09T16:48:12Z</time>
      </trkpt>
      <trkpt lat="44.18221" lon="-73.86886">
        <ele>1196.02</ele>
        <time>2026-05-09T16:48:14Z</time>
      </trkpt>
      <trkpt lat="44.18223" lon="-73.86887">
        <ele>1196.78</ele>
        <time>2026-05-09T16:48:18Z</time>
      </trkpt>
      <trkpt lat="44.18225" lon="-73.86888">
        <ele>1197.44</ele>
        <time>2026-05-09T16:48:21Z</time>
      </trkpt>
      <trkpt lat="44.18227" lon="-73.8689">
        <ele>1198.21</ele>
        <time>2026-05-09T16:48:25Z</time>
      </trkpt>
      <trkpt lat="44.18227" lon="-73.86891">
        <ele>1198.38</ele>
        <time>2026-05-09T16:48:26Z</time>
      </trkpt>
      <trkpt lat="44.18228" lon="-73.86891">
        <ele>1198.62</ele>
        <time>2026-05-09T16:48:30Z</time>
      </trkpt>
      <trkpt lat="44.18227" lon="-73.86893">
        <ele>1198.71</ele>
        <time>2026-05-09T16:48:33Z</time>
      </trkpt>
      <trkpt lat="44.18228" lon="-73.86893">
        <ele>1198.97</ele>
        <time>2026-05-09T16:48:34Z</time>
      </trkpt>
      <trkpt lat="44.18227" lon="-73.86894">
        <ele>1198.87</ele>
        <time>2026-05-09T16:48:43Z</time>
      </trkpt>
      <trkpt lat="44.18227" lon="-73.86895">
        <ele>1199.03</ele>
        <time>2026-05-09T16:48:45Z</time>
      </trkpt>
      <trkpt lat="44.18229" lon="-73.86899">
        <ele>1200.45</ele>
        <time>2026-05-09T16:48:51Z</time>
      </trkpt>
      <trkpt lat="44.18229" lon="-73.86899">
        <ele>1200.45</ele>
        <time>2026-05-09T16:48:52Z</time>
      </trkpt>
      <trkpt lat="44.18233" lon="-73.86902">
        <ele>1202.9</ele>
        <time>2026-05-09T16:49:00Z</time>
      </trkpt>
      <trkpt lat="44.18235" lon="-73.86904">
        <ele>1204.42</ele>
        <time>2026-05-09T16:49:12Z</time>
      </trkpt>
      <trkpt lat="44.18235" lon="-73.86904">
        <ele>1204.42</ele>
        <time>2026-05-09T16:49:13Z</time>
      </trkpt>
      <trkpt lat="44.18236" lon="-73.86905">
        <ele>1205.17</ele>
        <time>2026-05-09T16:49:22Z</time>
      </trkpt>
      <trkpt lat="44.18236" lon="-73.86905">
        <ele>1205.17</ele>
        <time>2026-05-09T16:49:23Z</time>
      </trkpt>
      <trkpt lat="44.18237" lon="-73.86905">
        <ele>1205.6</ele>
        <time>2026-05-09T16:49:25Z</time>
      </trkpt>
      <trkpt lat="44.18238" lon="-73.86905">
        <ele>1206.04</ele>
        <time>2026-05-09T16:49:31Z</time>
      </trkpt>
      <trkpt lat="44.18238" lon="-73.86905">
        <ele>1206.04</ele>
        <time>2026-05-09T16:49:32Z</time>
      </trkpt>
      <trkpt lat="44.18243" lon="-73.86906">
        <ele>1208.28</ele>
        <time>2026-05-09T16:49:43Z</time>
      </trkpt>
      <trkpt lat="44.18243" lon="-73.86906">
        <ele>1208.28</ele>
        <time>2026-05-09T16:49:44Z</time>
      </trkpt>
      <trkpt lat="44.18245" lon="-73.86904">
        <ele>1208.28</ele>
        <time>2026-05-09T16:49:53Z</time>
      </trkpt>
      <trkpt lat="44.18246" lon="-73.86903">
        <ele>1208.28</ele>
        <time>2026-05-09T16:49:56Z</time>
      </trkpt>
      <trkpt lat="44.18246" lon="-73.86903">
        <ele>1208.28</ele>
        <time>2026-05-09T16:50:02Z</time>
      </trkpt>
      <trkpt lat="44.18247" lon="-73.86904">
        <ele>1208.92</ele>
        <time>2026-05-09T16:50:04Z</time>
      </trkpt>
      <trkpt lat="44.18246" lon="-73.86905">
        <ele>1208.92</ele>
        <time>2026-05-09T16:50:06Z</time>
      </trkpt>
      <trkpt lat="44.18247" lon="-73.86906">
        <ele>1209.57</ele>
        <time>2026-05-09T16:50:09Z</time>
      </trkpt>
      <trkpt lat="44.18247" lon="-73.86906">
        <ele>1209.57</ele>
        <time>2026-05-09T16:50:10Z</time>
      </trkpt>
      <trkpt lat="44.18248" lon="-73.86907">
        <ele>1210.22</ele>
        <time>2026-05-09T16:50:17Z</time>
      </trkpt>
      <trkpt lat="44.1825" lon="-73.86908">
        <ele>1211.19</ele>
        <time>2026-05-09T16:50:22Z</time>
      </trkpt>
      <trkpt lat="44.18251" lon="-73.86908">
        <ele>1211.41</ele>
        <time>2026-05-09T16:50:24Z</time>
      </trkpt>
      <trkpt lat="44.18252" lon="-73.86909">
        <ele>1211.95</ele>
        <time>2026-05-09T16:50:32Z</time>
      </trkpt>
      <trkpt lat="44.18253" lon="-73.86909">
        <ele>1212.16</ele>
        <time>2026-05-09T16:50:37Z</time>
      </trkpt>
      <trkpt lat="44.18253" lon="-73.86909">
        <ele>1212.16</ele>
        <time>2026-05-09T16:50:41Z</time>
      </trkpt>
      <trkpt lat="44.18253" lon="-73.86909">
        <ele>1212.16</ele>
        <time>2026-05-09T16:50:43Z</time>
      </trkpt>
      <trkpt lat="44.18254" lon="-73.8691">
        <ele>1212.7</ele>
        <time>2026-05-09T16:50:47Z</time>
      </trkpt>
      <trkpt lat="44.18254" lon="-73.86911">
        <ele>1213.03</ele>
        <time>2026-05-09T16:50:49Z</time>
      </trkpt>
      <trkpt lat="44.18255" lon="-73.86916">
        <ele>1214.86</ele>
        <time>2026-05-09T16:50:57Z</time>
      </trkpt>
      <trkpt lat="44.18255" lon="-73.86918">
        <ele>1215.66</ele>
        <time>2026-05-09T16:51:01Z</time>
      </trkpt>
      <trkpt lat="44.18256" lon="-73.86918">
        <ele>1215.87</ele>
        <time>2026-05-09T16:51:06Z</time>
      </trkpt>
      <trkpt lat="44.18258" lon="-73.86919">
        <ele>1216.74</ele>
        <time>2026-05-09T16:51:09Z</time>
      </trkpt>
      <trkpt lat="44.18261" lon="-73.86918">
        <ele>1216.95</ele>
        <time>2026-05-09T16:51:16Z</time>
      </trkpt>
      <trkpt lat="44.18261" lon="-73.86918">
        <ele>1216.95</ele>
        <time>2026-05-09T16:51:17Z</time>
      </trkpt>
      <trkpt lat="44.18262" lon="-73.86919">
        <ele>1217.6</ele>
        <time>2026-05-09T16:51:25Z</time>
      </trkpt>
      <trkpt lat="44.18262" lon="-73.8692">
        <ele>1218.03</ele>
        <time>2026-05-09T16:51:29Z</time>
      </trkpt>
      <trkpt lat="44.18263" lon="-73.86921">
        <ele>1218.68</ele>
        <time>2026-05-09T16:51:31Z</time>
      </trkpt>
      <trkpt lat="44.18263" lon="-73.86922">
        <ele>1219.11</ele>
        <time>2026-05-09T16:51:34Z</time>
      </trkpt>
      <trkpt lat="44.18264" lon="-73.86923">
        <ele>1219.76</ele>
        <time>2026-05-09T16:51:37Z</time>
      </trkpt>
      <trkpt lat="44.18266" lon="-73.86922">
        <ele>1219.76</ele>
        <time>2026-05-09T16:51:42Z</time>
      </trkpt>
      <trkpt lat="44.18267" lon="-73.86922">
        <ele>1219.98</ele>
        <time>2026-05-09T16:51:44Z</time>
      </trkpt>
      <trkpt lat="44.18269" lon="-73.86925">
        <ele>1221.65</ele>
        <time>2026-05-09T16:51:53Z</time>
      </trkpt>
      <trkpt lat="44.18272" lon="-73.86926">
        <ele>1222.41</ele>
        <time>2026-05-09T16:52:03Z</time>
      </trkpt>
      <trkpt lat="44.18272" lon="-73.86926">
        <ele>1222.41</ele>
        <time>2026-05-09T16:52:05Z</time>
      </trkpt>
      <trkpt lat="44.18272" lon="-73.86927">
        <ele>1222.84</ele>
        <time>2026-05-09T16:52:10Z</time>
      </trkpt>
      <trkpt lat="44.18275" lon="-73.86928">
        <ele>1223.6</ele>
        <time>2026-05-09T16:52:17Z</time>
      </trkpt>
      <trkpt lat="44.18275" lon="-73.86927">
        <ele>1223.16</ele>
        <time>2026-05-09T16:52:19Z</time>
      </trkpt>
      <trkpt lat="44.18275" lon="-73.86928">
        <ele>1223.6</ele>
        <time>2026-05-09T16:52:23Z</time>
      </trkpt>
      <trkpt lat="44.18273" lon="-73.86929">
        <ele>1223.81</ele>
        <time>2026-05-09T16:52:28Z</time>
      </trkpt>
      <trkpt lat="44.18272" lon="-73.86931">
        <ele>1224.57</ele>
        <time>2026-05-09T16:52:31Z</time>
      </trkpt>
      <trkpt lat="44.18274" lon="-73.86933">
        <ele>1225.65</ele>
        <time>2026-05-09T16:52:37Z</time>
      </trkpt>
      <trkpt lat="44.18276" lon="-73.86934">
        <ele>1226.3</ele>
        <time>2026-05-09T16:52:40Z</time>
      </trkpt>
      <trkpt lat="44.18276" lon="-73.86934">
        <ele>1226.3</ele>
        <time>2026-05-09T16:52:41Z</time>
      </trkpt>
      <trkpt lat="44.18277" lon="-73.86934">
        <ele>1226.4</ele>
        <time>2026-05-09T16:52:47Z</time>
      </trkpt>
      <trkpt lat="44.18277" lon="-73.86935">
        <ele>1226.84</ele>
        <time>2026-05-09T16:52:48Z</time>
      </trkpt>
      <trkpt lat="44.18278" lon="-73.86936">
        <ele>1227.44</ele>
        <time>2026-05-09T16:52:52Z</time>
      </trkpt>
      <trkpt lat="44.18278" lon="-73.86937">
        <ele>1227.98</ele>
        <time>2026-05-09T16:52:57Z</time>
      </trkpt>
      <trkpt lat="44.1828" lon="-73.86938">
        <ele>1228.52</ele>
        <time>2026-05-09T16:53:06Z</time>
      </trkpt>
      <trkpt lat="44.1828" lon="-73.86939">
        <ele>1229.06</ele>
        <time>2026-05-09T16:53:08Z</time>
      </trkpt>
      <trkpt lat="44.18278" lon="-73.86937">
        <ele>1227.98</ele>
        <time>2026-05-09T16:53:19Z</time>
      </trkpt>
      <trkpt lat="44.18279" lon="-73.86935">
        <ele>1226.92</ele>
        <time>2026-05-09T16:53:27Z</time>
      </trkpt>
      <trkpt lat="44.18279" lon="-73.86934">
        <ele>1226.49</ele>
        <time>2026-05-09T16:53:35Z</time>
      </trkpt>
      <trkpt lat="44.1828" lon="-73.86935">
        <ele>1226.92</ele>
        <time>2026-05-09T16:53:45Z</time>
      </trkpt>
      <trkpt lat="44.18282" lon="-73.86937">
        <ele>1227.98</ele>
        <time>2026-05-09T16:53:56Z</time>
      </trkpt>
      <trkpt lat="44.18282" lon="-73.86938">
        <ele>1228.52</ele>
        <time>2026-05-09T16:53:58Z</time>
      </trkpt>
      <trkpt lat="44.18282" lon="-73.86938">
        <ele>1228.52</ele>
        <time>2026-05-09T16:53:59Z</time>
      </trkpt>
      <trkpt lat="44.18282" lon="-73.86937">
        <ele>1227.98</ele>
        <time>2026-05-09T16:54:12Z</time>
      </trkpt>
      <trkpt lat="44.18282" lon="-73.86938">
        <ele>1228.52</ele>
        <time>2026-05-09T16:54:15Z</time>
      </trkpt>
      <trkpt lat="44.18284" lon="-73.86942">
        <ele>1230.68</ele>
        <time>2026-05-09T16:54:20Z</time>
      </trkpt>
      <trkpt lat="44.18284" lon="-73.86942">
        <ele>1230.68</ele>
        <time>2026-05-09T16:54:21Z</time>
      </trkpt>
      <trkpt lat="44.18282" lon="-73.8694">
        <ele>1229.6</ele>
        <time>2026-05-09T16:54:31Z</time>
      </trkpt>
      <trkpt lat="44.18282" lon="-73.8694">
        <ele>1229.6</ele>
        <time>2026-05-09T16:54:35Z</time>
      </trkpt>
      <trkpt lat="44.18282" lon="-73.8694">
        <ele>1229.6</ele>
        <time>2026-05-09T16:54:38Z</time>
      </trkpt>
      <trkpt lat="44.18282" lon="-73.8694">
        <ele>1229.6</ele>
        <time>2026-05-09T16:54:40Z</time>
      </trkpt>
      <trkpt lat="44.18281" lon="-73.86939">
        <ele>1229.06</ele>
        <time>2026-05-09T16:54:42Z</time>
      </trkpt>
      <trkpt lat="44.18281" lon="-73.86939">
        <ele>1229.06</ele>
        <time>2026-05-09T16:54:48Z</time>
      </trkpt>
      <trkpt lat="44.18282" lon="-73.8694">
        <ele>1229.6</ele>
        <time>2026-05-09T16:54:54Z</time>
      </trkpt>
      <trkpt lat="44.18283" lon="-73.8694">
        <ele>1229.6</ele>
        <time>2026-05-09T16:55:01Z</time>
      </trkpt>
      <trkpt lat="44.18279" lon="-73.86941">
        <ele>1230.14</ele>
        <time>2026-05-09T16:55:11Z</time>
      </trkpt>
      <trkpt lat="44.18281" lon="-73.8694">
        <ele>1229.6</ele>
        <time>2026-05-09T16:55:22Z</time>
      </trkpt>
      <trkpt lat="44.18283" lon="-73.8694">
        <ele>1229.6</ele>
        <time>2026-05-09T16:55:31Z</time>
      </trkpt>
      <trkpt lat="44.18281" lon="-73.86938">
        <ele>1228.52</ele>
        <time>2026-05-09T16:55:43Z</time>
      </trkpt>
      <trkpt lat="44.18282" lon="-73.8694">
        <ele>1229.6</ele>
        <time>2026-05-09T16:55:53Z</time>
      </trkpt>
      <trkpt lat="44.18283" lon="-73.86941">
        <ele>1230.14</ele>
        <time>2026-05-09T16:55:55Z</time>
      </trkpt>
      <trkpt lat="44.18283" lon="-73.8694">
        <ele>1229.6</ele>
        <time>2026-05-09T16:56:00Z</time>
      </trkpt>
      <trkpt lat="44.18283" lon="-73.8694">
        <ele>1229.6</ele>
        <time>2026-05-09T16:56:01Z</time>
      </trkpt>
      <trkpt lat="44.18283" lon="-73.86941">
        <ele>1230.14</ele>
        <time>2026-05-09T16:56:08Z</time>
      </trkpt>
      <trkpt lat="44.18284" lon="-73.86941">
        <ele>1230.14</ele>
        <time>2026-05-09T16:56:09Z</time>
      </trkpt>
      <trkpt lat="44.18284" lon="-73.86942">
        <ele>1230.68</ele>
        <time>2026-05-09T16:56:10Z</time>
      </trkpt>
      <trkpt lat="44.18285" lon="-73.86942">
        <ele>1230.68</ele>
        <time>2026-05-09T16:56:13Z</time>
      </trkpt>
      <trkpt lat="44.18286" lon="-73.86943">
        <ele>1231.22</ele>
        <time>2026-05-09T16:56:15Z</time>
      </trkpt>
      <trkpt lat="44.18287" lon="-73.86944">
        <ele>1231.76</ele>
        <time>2026-05-09T16:56:18Z</time>
      </trkpt>
      <trkpt lat="44.18286" lon="-73.86944">
        <ele>1231.76</ele>
        <time>2026-05-09T16:56:22Z</time>
      </trkpt>
      <trkpt lat="44.18286" lon="-73.86944">
        <ele>1231.76</ele>
        <time>2026-05-09T16:56:23Z</time>
      </trkpt>
      <trkpt lat="44.18288" lon="-73.86945">
        <ele>1232.46</ele>
        <time>2026-05-09T16:56:27Z</time>
      </trkpt>
      <trkpt lat="44.18288" lon="-73.86945">
        <ele>1232.46</ele>
        <time>2026-05-09T16:56:31Z</time>
      </trkpt>
      <trkpt lat="44.18289" lon="-73.86945">
        <ele>1232.57</ele>
        <time>2026-05-09T16:56:40Z</time>
      </trkpt>
      <trkpt lat="44.1829" lon="-73.86945">
        <ele>1232.68</ele>
        <time>2026-05-09T16:56:46Z</time>
      </trkpt>
      <trkpt lat="44.1829" lon="-73.86946">
        <ele>1233.33</ele>
        <time>2026-05-09T16:56:51Z</time>
      </trkpt>
      <trkpt lat="44.1829" lon="-73.86947">
        <ele>1233.98</ele>
        <time>2026-05-09T16:56:54Z</time>
      </trkpt>
      <trkpt lat="44.1829" lon="-73.86948">
        <ele>1234.62</ele>
        <time>2026-05-09T16:56:56Z</time>
      </trkpt>
      <trkpt lat="44.1829" lon="-73.86948">
        <ele>1234.62</ele>
        <time>2026-05-09T16:57:06Z</time>
      </trkpt>
      <trkpt lat="44.1829" lon="-73.86949">
        <ele>1235.27</ele>
        <time>2026-05-09T16:57:13Z</time>
      </trkpt>
      <trkpt lat="44.18291" lon="-73.86949">
        <ele>1235.38</ele>
        <time>2026-05-09T16:57:20Z</time>
      </trkpt>
      <trkpt lat="44.18291" lon="-73.86952">
        <ele>1237.32</ele>
        <time>2026-05-09T16:57:25Z</time>
      </trkpt>
      <trkpt lat="44.18291" lon="-73.86953">
        <ele>1237.97</ele>
        <time>2026-05-09T16:57:26Z</time>
      </trkpt>
      <trkpt lat="44.18291" lon="-73.86954">
        <ele>1238.61</ele>
        <time>2026-05-09T16:57:29Z</time>
      </trkpt>
      <trkpt lat="44.18291" lon="-73.86956">
        <ele>1239.81</ele>
        <time>2026-05-09T16:57:32Z</time>
      </trkpt>
      <trkpt lat="44.18291" lon="-73.86956">
        <ele>1239.81</ele>
        <time>2026-05-09T16:57:34Z</time>
      </trkpt>
      <trkpt lat="44.18289" lon="-73.86957">
        <ele>1240.27</ele>
        <time>2026-05-09T16:57:37Z</time>
      </trkpt>
      <trkpt lat="44.18289" lon="-73.86957">
        <ele>1240.27</ele>
        <time>2026-05-09T16:57:38Z</time>
      </trkpt>
      <trkpt lat="44.18288" lon="-73.8696">
        <ele>1242.11</ele>
        <time>2026-05-09T16:57:41Z</time>
      </trkpt>
      <trkpt lat="44.18288" lon="-73.86961">
        <ele>1242.75</ele>
        <time>2026-05-09T16:57:43Z</time>
      </trkpt>
      <trkpt lat="44.18288" lon="-73.86962">
        <ele>1243.39</ele>
        <time>2026-05-09T16:57:45Z</time>
      </trkpt>
      <trkpt lat="44.18287" lon="-73.86963">
        <ele>1244.02</ele>
        <time>2026-05-09T16:57:52Z</time>
      </trkpt>
      <trkpt lat="44.18287" lon="-73.86963">
        <ele>1244.02</ele>
        <time>2026-05-09T16:57:53Z</time>
      </trkpt>
      <trkpt lat="44.18287" lon="-73.86962">
        <ele>1243.37</ele>
        <time>2026-05-09T16:57:55Z</time>
      </trkpt>
      <trkpt lat="44.18288" lon="-73.86961">
        <ele>1242.75</ele>
        <time>2026-05-09T16:57:58Z</time>
      </trkpt>
      <trkpt lat="44.18288" lon="-73.86961">
        <ele>1242.75</ele>
        <time>2026-05-09T16:58:02Z</time>
      </trkpt>
      <trkpt lat="44.18288" lon="-73.86961">
        <ele>1242.75</ele>
        <time>2026-05-09T16:58:04Z</time>
      </trkpt>
      <trkpt lat="44.18288" lon="-73.86961">
        <ele>1242.75</ele>
        <time>2026-05-09T16:58:05Z</time>
      </trkpt>
      <trkpt lat="44.18289" lon="-73.86961">
        <ele>1242.77</ele>
        <time>2026-05-09T16:58:10Z</time>
      </trkpt>
      <trkpt lat="44.18289" lon="-73.86961">
        <ele>1242.77</ele>
        <time>2026-05-09T16:58:13Z</time>
      </trkpt>
      <trkpt lat="44.18289" lon="-73.8696">
        <ele>1242.15</ele>
        <time>2026-05-09T16:58:17Z</time>
      </trkpt>
      <trkpt lat="44.18288" lon="-73.86961">
        <ele>1242.75</ele>
        <time>2026-05-09T16:58:24Z</time>
      </trkpt>
      <trkpt lat="44.18287" lon="-73.8696">
        <ele>1242.08</ele>
        <time>2026-05-09T16:58:32Z</time>
      </trkpt>
      <trkpt lat="44.18288" lon="-73.86961">
        <ele>1242.75</ele>
        <time>2026-05-09T16:58:40Z</time>
      </trkpt>
      <trkpt lat="44.18286" lon="-73.86961">
        <ele>1242.62</ele>
        <time>2026-05-09T16:58:49Z</time>
      </trkpt>
      <trkpt lat="44.18286" lon="-73.86962">
        <ele>1243.26</ele>
        <time>2026-05-09T16:58:56Z</time>
      </trkpt>
      <trkpt lat="44.18286" lon="-73.86962">
        <ele>1243.26</ele>
        <time>2026-05-09T16:59:07Z</time>
      </trkpt>
      <trkpt lat="44.18286" lon="-73.86962">
        <ele>1243.26</ele>
        <time>2026-05-09T16:59:10Z</time>
      </trkpt>
      <trkpt lat="44.18286" lon="-73.86962">
        <ele>1243.26</ele>
        <time>2026-05-09T16:59:15Z</time>
      </trkpt>
      <trkpt lat="44.18286" lon="-73.86962">
        <ele>1243.26</ele>
        <time>2026-05-09T16:59:19Z</time>
      </trkpt>
      <trkpt lat="44.18286" lon="-73.86962">
        <ele>1243.26</ele>
        <time>2026-05-09T16:59:27Z</time>
      </trkpt>
      <trkpt lat="44.18284" lon="-73.86964">
        <ele>1244.23</ele>
        <time>2026-05-09T16:59:34Z</time>
      </trkpt>
      <trkpt lat="44.18285" lon="-73.86965">
        <ele>1244.88</ele>
        <time>2026-05-09T16:59:37Z</time>
      </trkpt>
      <trkpt lat="44.18283" lon="-73.86968">
        <ele>1246.28</ele>
        <time>2026-05-09T16:59:45Z</time>
      </trkpt>
      <trkpt lat="44.18283" lon="-73.8697">
        <ele>1247.36</ele>
        <time>2026-05-09T16:59:47Z</time>
      </trkpt>
      <trkpt lat="44.18283" lon="-73.8697">
        <ele>1247.36</ele>
        <time>2026-05-09T16:59:49Z</time>
      </trkpt>
      <trkpt lat="44.18282" lon="-73.86969">
        <ele>1246.72</ele>
        <time>2026-05-09T16:59:52Z</time>
      </trkpt>
      <trkpt lat="44.18282" lon="-73.86969">
        <ele>1246.72</ele>
        <time>2026-05-09T16:59:53Z</time>
      </trkpt>
      <trkpt lat="44.18281" lon="-73.86969">
        <ele>1246.61</ele>
        <time>2026-05-09T16:59:58Z</time>
      </trkpt>
      <trkpt lat="44.18281" lon="-73.86969">
        <ele>1246.61</ele>
        <time>2026-05-09T16:59:59Z</time>
      </trkpt>
      <trkpt lat="44.18279" lon="-73.86969">
        <ele>1246.39</ele>
        <time>2026-05-09T17:00:00Z</time>
      </trkpt>
      <trkpt lat="44.18278" lon="-73.86969">
        <ele>1246.28</ele>
        <time>2026-05-09T17:00:02Z</time>
      </trkpt>
      <trkpt lat="44.18276" lon="-73.8697">
        <ele>1246.75</ele>
        <time>2026-05-09T17:00:04Z</time>
      </trkpt>
      <trkpt lat="44.18276" lon="-73.8697">
        <ele>1246.75</ele>
        <time>2026-05-09T17:00:06Z</time>
      </trkpt>
      <trkpt lat="44.18276" lon="-73.8697">
        <ele>1246.75</ele>
        <time>2026-05-09T17:00:07Z</time>
      </trkpt>
      <trkpt lat="44.18275" lon="-73.86971">
        <ele>1247.3</ele>
        <time>2026-05-09T17:00:10Z</time>
      </trkpt>
      <trkpt lat="44.18275" lon="-73.86971">
        <ele>1247.3</ele>
        <time>2026-05-09T17:00:14Z</time>
      </trkpt>
      <trkpt lat="44.18275" lon="-73.86973">
        <ele>1248.39</ele>
        <time>2026-05-09T17:00:20Z</time>
      </trkpt>
      <trkpt lat="44.18275" lon="-73.86972">
        <ele>1247.87</ele>
        <time>2026-05-09T17:00:34Z</time>
      </trkpt>
      <trkpt lat="44.18275" lon="-73.86973">
        <ele>1248.39</ele>
        <time>2026-05-09T17:00:37Z</time>
      </trkpt>
      <trkpt lat="44.18275" lon="-73.86976">
        <ele>1249.92</ele>
        <time>2026-05-09T17:00:40Z</time>
      </trkpt>
      <trkpt lat="44.18275" lon="-73.86977">
        <ele>1250.43</ele>
        <time>2026-05-09T17:00:41Z</time>
      </trkpt>
      <trkpt lat="44.18275" lon="-73.8698">
        <ele>1251.95</ele>
        <time>2026-05-09T17:00:45Z</time>
      </trkpt>
      <trkpt lat="44.18275" lon="-73.86983">
        <ele>1253.36</ele>
        <time>2026-05-09T17:00:49Z</time>
      </trkpt>
      <trkpt lat="44.18275" lon="-73.86983">
        <ele>1253.36</ele>
        <time>2026-05-09T17:00:50Z</time>
      </trkpt>
      <trkpt lat="44.18274" lon="-73.86985">
        <ele>1254.11</ele>
        <time>2026-05-09T17:00:55Z</time>
      </trkpt>
      <trkpt lat="44.18274" lon="-73.86986">
        <ele>1254.54</ele>
        <time>2026-05-09T17:00:58Z</time>
      </trkpt>
      <trkpt lat="44.18275" lon="-73.86986">
        <ele>1254.65</ele>
        <time>2026-05-09T17:01:01Z</time>
      </trkpt>
      <trkpt lat="44.18276" lon="-73.86985">
        <ele>1254.33</ele>
        <time>2026-05-09T17:01:04Z</time>
      </trkpt>
      <trkpt lat="44.18276" lon="-73.86984">
        <ele>1253.9</ele>
        <time>2026-05-09T17:01:10Z</time>
      </trkpt>
      <trkpt lat="44.18276" lon="-73.86984">
        <ele>1253.9</ele>
        <time>2026-05-09T17:01:11Z</time>
      </trkpt>
      <trkpt lat="44.18275" lon="-73.86984">
        <ele>1253.79</ele>
        <time>2026-05-09T17:01:19Z</time>
      </trkpt>
      <trkpt lat="44.18273" lon="-73.8699">
        <ele>1256.16</ele>
        <time>2026-05-09T17:01:27Z</time>
      </trkpt>
      <trkpt lat="44.18273" lon="-73.86992">
        <ele>1257.1</ele>
        <time>2026-05-09T17:01:30Z</time>
      </trkpt>
      <trkpt lat="44.18275" lon="-73.86995">
        <ele>1258.68</ele>
        <time>2026-05-09T17:01:35Z</time>
      </trkpt>
      <trkpt lat="44.18275" lon="-73.86996">
        <ele>1259.14</ele>
        <time>2026-05-09T17:01:44Z</time>
      </trkpt>
      <trkpt lat="44.18276" lon="-73.86996">
        <ele>1259.19</ele>
        <time>2026-05-09T17:01:46Z</time>
      </trkpt>
      <trkpt lat="44.18276" lon="-73.86996">
        <ele>1259.19</ele>
        <time>2026-05-09T17:01:50Z</time>
      </trkpt>
      <trkpt lat="44.18276" lon="-73.86995">
        <ele>1258.74</ele>
        <time>2026-05-09T17:01:53Z</time>
      </trkpt>
      <trkpt lat="44.18276" lon="-73.86996">
        <ele>1259.19</ele>
        <time>2026-05-09T17:01:54Z</time>
      </trkpt>
      <trkpt lat="44.18276" lon="-73.86996">
        <ele>1259.19</ele>
        <time>2026-05-09T17:01:57Z</time>
      </trkpt>
      <trkpt lat="44.18276" lon="-73.86996">
        <ele>1259.19</ele>
        <time>2026-05-09T17:02:05Z</time>
      </trkpt>
      <trkpt lat="44.18278" lon="-73.86998">
        <ele>1260.14</ele>
        <time>2026-05-09T17:02:13Z</time>
      </trkpt>
      <trkpt lat="44.18279" lon="-73.86998">
        <ele>1260.14</ele>
        <time>2026-05-09T17:02:14Z</time>
      </trkpt>
      <trkpt lat="44.1828" lon="-73.87">
        <ele>1261.0</ele>
        <time>2026-05-09T17:02:16Z</time>
      </trkpt>
      <trkpt lat="44.18281" lon="-73.87003">
        <ele>1262.94</ele>
        <time>2026-05-09T17:02:21Z</time>
      </trkpt>
      <trkpt lat="44.18281" lon="-73.87004">
        <ele>1263.59</ele>
        <time>2026-05-09T17:02:24Z</time>
      </trkpt>
      <trkpt lat="44.18282" lon="-73.87005">
        <ele>1264.24</ele>
        <time>2026-05-09T17:02:27Z</time>
      </trkpt>
      <trkpt lat="44.18285" lon="-73.87004">
        <ele>1263.59</ele>
        <time>2026-05-09T17:02:34Z</time>
      </trkpt>
      <trkpt lat="44.18286" lon="-73.87004">
        <ele>1263.59</ele>
        <time>2026-05-09T17:02:44Z</time>
      </trkpt>
      <trkpt lat="44.18286" lon="-73.87007">
        <ele>1265.54</ele>
        <time>2026-05-09T17:02:52Z</time>
      </trkpt>
      <trkpt lat="44.18286" lon="-73.8701">
        <ele>1267.41</ele>
        <time>2026-05-09T17:02:56Z</time>
      </trkpt>
      <trkpt lat="44.18285" lon="-73.87011">
        <ele>1267.98</ele>
        <time>2026-05-09T17:03:02Z</time>
      </trkpt>
      <trkpt lat="44.18284" lon="-73.87011">
        <ele>1268.0</ele>
        <time>2026-05-09T17:03:03Z</time>
      </trkpt>
      <trkpt lat="44.18285" lon="-73.87014">
        <ele>1269.67</ele>
        <time>2026-05-09T17:03:11Z</time>
      </trkpt>
      <trkpt lat="44.18286" lon="-73.87016">
        <ele>1270.72</ele>
        <time>2026-05-09T17:03:15Z</time>
      </trkpt>
      <trkpt lat="44.18286" lon="-73.87018">
        <ele>1271.83</ele>
        <time>2026-05-09T17:03:19Z</time>
      </trkpt>
      <trkpt lat="44.18287" lon="-73.87019">
        <ele>1272.16</ele>
        <time>2026-05-09T17:03:21Z</time>
      </trkpt>
      <trkpt lat="44.18287" lon="-73.8702">
        <ele>1272.48</ele>
        <time>2026-05-09T17:03:24Z</time>
      </trkpt>
      <trkpt lat="44.18287" lon="-73.87022">
        <ele>1273.13</ele>
        <time>2026-05-09T17:03:27Z</time>
      </trkpt>
      <trkpt lat="44.18287" lon="-73.87026">
        <ele>1274.43</ele>
        <time>2026-05-09T17:03:31Z</time>
      </trkpt>
      <trkpt lat="44.18287" lon="-73.87029">
        <ele>1275.27</ele>
        <time>2026-05-09T17:03:35Z</time>
      </trkpt>
      <trkpt lat="44.18286" lon="-73.87029">
        <ele>1275.49</ele>
        <time>2026-05-09T17:03:36Z</time>
      </trkpt>
      <trkpt lat="44.18285" lon="-73.87032">
        <ele>1276.35</ele>
        <time>2026-05-09T17:03:42Z</time>
      </trkpt>
      <trkpt lat="44.18285" lon="-73.87032">
        <ele>1276.35</ele>
        <time>2026-05-09T17:03:43Z</time>
      </trkpt>
      <trkpt lat="44.18284" lon="-73.87036">
        <ele>1277.43</ele>
        <time>2026-05-09T17:03:50Z</time>
      </trkpt>
      <trkpt lat="44.18283" lon="-73.87037">
        <ele>1277.86</ele>
        <time>2026-05-09T17:03:55Z</time>
      </trkpt>
      <trkpt lat="44.18282" lon="-73.87037">
        <ele>1278.08</ele>
        <time>2026-05-09T17:03:58Z</time>
      </trkpt>
      <trkpt lat="44.18282" lon="-73.87038">
        <ele>1278.09</ele>
        <time>2026-05-09T17:03:59Z</time>
      </trkpt>
      <trkpt lat="44.18281" lon="-73.87039">
        <ele>1278.3</ele>
        <time>2026-05-09T17:04:03Z</time>
      </trkpt>
      <trkpt lat="44.1828" lon="-73.87039">
        <ele>1278.52</ele>
        <time>2026-05-09T17:04:05Z</time>
      </trkpt>
      <trkpt lat="44.18278" lon="-73.8704">
        <ele>1278.95</ele>
        <time>2026-05-09T17:04:14Z</time>
      </trkpt>
      <trkpt lat="44.18278" lon="-73.87041">
        <ele>1278.95</ele>
        <time>2026-05-09T17:04:15Z</time>
      </trkpt>
      <trkpt lat="44.18275" lon="-73.8704">
        <ele>1279.7</ele>
        <time>2026-05-09T17:04:25Z</time>
      </trkpt>
      <trkpt lat="44.18274" lon="-73.87042">
        <ele>1280.03</ele>
        <time>2026-05-09T17:04:34Z</time>
      </trkpt>
      <trkpt lat="44.18271" lon="-73.8704">
        <ele>1280.7</ele>
        <time>2026-05-09T17:04:41Z</time>
      </trkpt>
      <trkpt lat="44.18271" lon="-73.8704">
        <ele>1280.7</ele>
        <time>2026-05-09T17:04:42Z</time>
      </trkpt>
      <trkpt lat="44.18266" lon="-73.87039">
        <ele>1281.48</ele>
        <time>2026-05-09T17:04:50Z</time>
      </trkpt>
      <trkpt lat="44.18262" lon="-73.87036">
        <ele>1281.21</ele>
        <time>2026-05-09T17:04:59Z</time>
      </trkpt>
      <trkpt lat="44.18262" lon="-73.87035">
        <ele>1280.73</ele>
        <time>2026-05-09T17:05:01Z</time>
      </trkpt>
      <trkpt lat="44.18262" lon="-73.87034">
        <ele>1280.26</ele>
        <time>2026-05-09T17:05:07Z</time>
      </trkpt>
      <trkpt lat="44.1826" lon="-73.87033">
        <ele>1279.81</ele>
        <time>2026-05-09T17:05:10Z</time>
      </trkpt>
      <trkpt lat="44.18256" lon="-73.87031">
        <ele>1278.39</ele>
        <time>2026-05-09T17:05:15Z</time>
      </trkpt>
      <trkpt lat="44.18251" lon="-73.87034">
        <ele>1279.47</ele>
        <time>2026-05-09T17:05:21Z</time>
      </trkpt>
      <trkpt lat="44.18248" lon="-73.87034">
        <ele>1278.93</ele>
        <time>2026-05-09T17:05:24Z</time>
      </trkpt>
      <trkpt lat="44.18247" lon="-73.87034">
        <ele>1278.71</ele>
        <time>2026-05-09T17:05:25Z</time>
      </trkpt>
      <trkpt lat="44.18242" lon="-73.87037">
        <ele>1279.25</ele>
        <time>2026-05-09T17:05:33Z</time>
      </trkpt>
      <trkpt lat="44.18237" lon="-73.87039">
        <ele>1278.64</ele>
        <time>2026-05-09T17:05:42Z</time>
      </trkpt>
      <trkpt lat="44.18233" lon="-73.87039">
        <ele>1277.34</ele>
        <time>2026-05-09T17:05:46Z</time>
      </trkpt>
      <trkpt lat="44.1823" lon="-73.87041">
        <ele>1277.07</ele>
        <time>2026-05-09T17:05:51Z</time>
      </trkpt>
      <trkpt lat="44.18227" lon="-73.87045">
        <ele>1277.5</ele>
        <time>2026-05-09T17:05:58Z</time>
      </trkpt>
      <trkpt lat="44.18228" lon="-73.87049">
        <ele>1279.48</ele>
        <time>2026-05-09T17:06:02Z</time>
      </trkpt>
      <trkpt lat="44.18226" lon="-73.87054">
        <ele>1280.62</ele>
        <time>2026-05-09T17:06:10Z</time>
      </trkpt>
      <trkpt lat="44.18225" lon="-73.87057">
        <ele>1281.37</ele>
        <time>2026-05-09T17:06:13Z</time>
      </trkpt>
      <trkpt lat="44.18225" lon="-73.87061">
        <ele>1282.66</ele>
        <time>2026-05-09T17:06:16Z</time>
      </trkpt>
      <trkpt lat="44.18224" lon="-73.87063">
        <ele>1282.99</ele>
        <time>2026-05-09T17:06:18Z</time>
      </trkpt>
      <trkpt lat="44.18221" lon="-73.87068">
        <ele>1283.33</ele>
        <time>2026-05-09T17:06:27Z</time>
      </trkpt>
      <trkpt lat="44.18216" lon="-73.87074">
        <ele>1281.95</ele>
        <time>2026-05-09T17:06:34Z</time>
      </trkpt>
      <trkpt lat="44.18217" lon="-73.87077">
        <ele>1283.43</ele>
        <time>2026-05-09T17:06:42Z</time>
      </trkpt>
      <trkpt lat="44.18216" lon="-73.87078">
        <ele>1283.1</ele>
        <time>2026-05-09T17:06:48Z</time>
      </trkpt>
      <trkpt lat="44.18216" lon="-73.8708">
        <ele>1283.68</ele>
        <time>2026-05-09T17:06:55Z</time>
      </trkpt>
      <trkpt lat="44.18217" lon="-73.8708">
        <ele>1284.26</ele>
        <time>2026-05-09T17:06:56Z</time>
      </trkpt>
      <trkpt lat="44.18217" lon="-73.87082">
        <ele>1284.81</ele>
        <time>2026-05-09T17:07:02Z</time>
      </trkpt>
      <trkpt lat="44.18218" lon="-73.87082">
        <ele>1285.37</ele>
        <time>2026-05-09T17:07:04Z</time>
      </trkpt>
      <trkpt lat="44.18217" lon="-73.87082">
        <ele>1284.81</ele>
        <time>2026-05-09T17:07:05Z</time>
      </trkpt>
      <trkpt lat="44.18217" lon="-73.87081">
        <ele>1284.53</ele>
        <time>2026-05-09T17:07:14Z</time>
      </trkpt>
      <trkpt lat="44.18217" lon="-73.87081">
        <ele>1284.53</ele>
        <time>2026-05-09T17:07:15Z</time>
      </trkpt>
      <trkpt lat="44.18217" lon="-73.87081">
        <ele>1284.53</ele>
        <time>2026-05-09T17:07:16Z</time>
      </trkpt>
      <trkpt lat="44.18217" lon="-73.87085">
        <ele>1285.36</ele>
        <time>2026-05-09T17:07:25Z</time>
      </trkpt>
      <trkpt lat="44.18217" lon="-73.87089">
        <ele>1285.79</ele>
        <time>2026-05-09T17:07:31Z</time>
      </trkpt>
      <trkpt lat="44.18217" lon="-73.8709">
        <ele>1285.9</ele>
        <time>2026-05-09T17:07:32Z</time>
      </trkpt>
      <trkpt lat="44.18218" lon="-73.87092">
        <ele>1286.66</ele>
        <time>2026-05-09T17:07:38Z</time>
      </trkpt>
      <trkpt lat="44.18219" lon="-73.87095">
        <ele>1287.35</ele>
        <time>2026-05-09T17:07:43Z</time>
      </trkpt>
      <trkpt lat="44.18219" lon="-73.87095">
        <ele>1287.35</ele>
        <time>2026-05-09T17:07:45Z</time>
      </trkpt>
      <trkpt lat="44.18218" lon="-73.87094">
        <ele>1286.79</ele>
        <time>2026-05-09T17:07:52Z</time>
      </trkpt>
      <trkpt lat="44.18217" lon="-73.87097">
        <ele>1286.45</ele>
        <time>2026-05-09T17:07:58Z</time>
      </trkpt>
      <trkpt lat="44.1822" lon="-73.87094">
        <ele>1287.84</ele>
        <time>2026-05-09T17:08:05Z</time>
      </trkpt>
      <trkpt lat="44.18218" lon="-73.87097">
        <ele>1286.94</ele>
        <time>2026-05-09T17:08:12Z</time>
      </trkpt>
      <trkpt lat="44.18217" lon="-73.87097">
        <ele>1286.45</ele>
        <time>2026-05-09T17:08:17Z</time>
      </trkpt>
      <trkpt lat="44.18217" lon="-73.87098">
        <ele>1286.51</ele>
        <time>2026-05-09T17:08:18Z</time>
      </trkpt>
      <trkpt lat="44.18218" lon="-73.87097">
        <ele>1286.94</ele>
        <time>2026-05-09T17:08:24Z</time>
      </trkpt>
      <trkpt lat="44.18218" lon="-73.87096">
        <ele>1286.89</ele>
        <time>2026-05-09T17:08:26Z</time>
      </trkpt>
      <trkpt lat="44.18221" lon="-73.87095">
        <ele>1288.37</ele>
        <time>2026-05-09T17:08:31Z</time>
      </trkpt>
      <trkpt lat="44.18221" lon="-73.87095">
        <ele>1288.37</ele>
        <time>2026-05-09T17:08:32Z</time>
      </trkpt>
      <trkpt lat="44.18221" lon="-73.87095">
        <ele>1288.37</ele>
        <time>2026-05-09T17:08:36Z</time>
      </trkpt>
      <trkpt lat="44.18222" lon="-73.87095">
        <ele>1288.89</ele>
        <time>2026-05-09T17:08:39Z</time>
      </trkpt>
      <trkpt lat="44.18222" lon="-73.87097">
        <ele>1288.89</ele>
        <time>2026-05-09T17:08:48Z</time>
      </trkpt>
      <trkpt lat="44.18222" lon="-73.87097">
        <ele>1288.89</ele>
        <time>2026-05-09T17:08:52Z</time>
      </trkpt>
      <trkpt lat="44.18221" lon="-73.87096">
        <ele>1288.39</ele>
        <time>2026-05-09T17:08:57Z</time>
      </trkpt>
      <trkpt lat="44.18221" lon="-73.87096">
        <ele>1288.39</ele>
        <time>2026-05-09T17:08:59Z</time>
      </trkpt>
      <trkpt lat="44.18222" lon="-73.87096">
        <ele>1288.89</ele>
        <time>2026-05-09T17:09:00Z</time>
      </trkpt>
      <trkpt lat="44.1822" lon="-73.87093">
        <ele>1287.81</ele>
        <time>2026-05-09T17:09:07Z</time>
      </trkpt>
      <trkpt lat="44.18216" lon="-73.87096">
        <ele>1285.89</ele>
        <time>2026-05-09T17:09:14Z</time>
      </trkpt>
      <trkpt lat="44.18216" lon="-73.87096">
        <ele>1285.89</ele>
        <time>2026-05-09T17:09:20Z</time>
      </trkpt>
      <trkpt lat="44.18215" lon="-73.87097">
        <ele>1285.47</ele>
        <time>2026-05-09T17:11:48Z</time>
      </trkpt>
      <trkpt lat="44.18215" lon="-73.87096">
        <ele>1285.39</ele>
        <time>2026-05-09T17:11:52Z</time>
      </trkpt>
      <trkpt lat="44.18216" lon="-73.87096">
        <ele>1285.89</ele>
        <time>2026-05-09T17:11:55Z</time>
      </trkpt>
      <trkpt lat="44.18216" lon="-73.87095">
        <ele>1285.81</ele>
        <time>2026-05-09T17:12:16Z</time>
      </trkpt>
      <trkpt lat="44.18215" lon="-73.87095">
        <ele>1285.3</ele>
        <time>2026-05-09T17:12:26Z</time>
      </trkpt>
      <trkpt lat="44.18216" lon="-73.87096">
        <ele>1285.89</ele>
        <time>2026-05-09T17:12:38Z</time>
      </trkpt>
      <trkpt lat="44.18215" lon="-73.87096">
        <ele>1285.39</ele>
        <time>2026-05-09T17:14:35Z</time>
      </trkpt>
      <trkpt lat="44.18215" lon="-73.87095">
        <ele>1285.3</ele>
        <time>2026-05-09T17:14:43Z</time>
      </trkpt>
      <trkpt lat="44.18215" lon="-73.87096">
        <ele>1285.39</ele>
        <time>2026-05-09T17:14:57Z</time>
      </trkpt>
      <trkpt lat="44.18215" lon="-73.87095">
        <ele>1285.3</ele>
        <time>2026-05-09T17:15:02Z</time>
      </trkpt>
      <trkpt lat="44.18215" lon="-73.87095">
        <ele>1285.3</ele>
        <time>2026-05-09T17:15:20Z</time>
      </trkpt>
      <trkpt lat="44.18215" lon="-73.87093">
        <ele>1285.13</ele>
        <time>2026-05-09T17:15:27Z</time>
      </trkpt>
      <trkpt lat="44.18218" lon="-73.87088">
        <ele>1286.22</ele>
        <time>2026-05-09T17:15:33Z</time>
      </trkpt>
      <trkpt lat="44.18218" lon="-73.87086">
        <ele>1286.01</ele>
        <time>2026-05-09T17:15:41Z</time>
      </trkpt>
      <trkpt lat="44.18217" lon="-73.87085">
        <ele>1285.36</ele>
        <time>2026-05-09T17:15:46Z</time>
      </trkpt>
      <trkpt lat="44.18217" lon="-73.87085">
        <ele>1285.36</ele>
        <time>2026-05-09T17:15:47Z</time>
      </trkpt>
      <trkpt lat="44.18216" lon="-73.87084">
        <ele>1284.71</ele>
        <time>2026-05-09T17:15:52Z</time>
      </trkpt>
      <trkpt lat="44.18216" lon="-73.87084">
        <ele>1284.71</ele>
        <time>2026-05-09T17:15:53Z</time>
      </trkpt>
      <trkpt lat="44.18216" lon="-73.87083">
        <ele>1284.54</ele>
        <time>2026-05-09T17:15:54Z</time>
      </trkpt>
      <trkpt lat="44.18217" lon="-73.87084">
        <ele>1285.25</ele>
        <time>2026-05-09T17:16:00Z</time>
      </trkpt>
      <trkpt lat="44.18216" lon="-73.87082">
        <ele>1284.26</ele>
        <time>2026-05-09T17:16:08Z</time>
      </trkpt>
      <trkpt lat="44.18216" lon="-73.87082">
        <ele>1284.26</ele>
        <time>2026-05-09T17:16:10Z</time>
      </trkpt>
      <trkpt lat="44.18216" lon="-73.87082">
        <ele>1284.26</ele>
        <time>2026-05-09T17:16:13Z</time>
      </trkpt>
      <trkpt lat="44.18215" lon="-73.87081">
        <ele>1283.4</ele>
        <time>2026-05-09T17:16:20Z</time>
      </trkpt>
      <trkpt lat="44.18215" lon="-73.87081">
        <ele>1283.4</ele>
        <time>2026-05-09T17:16:22Z</time>
      </trkpt>
      <trkpt lat="44.18216" lon="-73.87081">
        <ele>1283.97</ele>
        <time>2026-05-09T17:16:29Z</time>
      </trkpt>
      <trkpt lat="44.18217" lon="-73.87081">
        <ele>1284.53</ele>
        <time>2026-05-09T17:16:33Z</time>
      </trkpt>
      <trkpt lat="44.18218" lon="-73.87081">
        <ele>1285.1</ele>
        <time>2026-05-09T17:16:34Z</time>
      </trkpt>
      <trkpt lat="44.18218" lon="-73.8708">
        <ele>1284.84</ele>
        <time>2026-05-09T17:16:35Z</time>
      </trkpt>
      <trkpt lat="44.18218" lon="-73.87079">
        <ele>1284.57</ele>
        <time>2026-05-09T17:16:40Z</time>
      </trkpt>
      <trkpt lat="44.18217" lon="-73.8708">
        <ele>1284.26</ele>
        <time>2026-05-09T17:16:49Z</time>
      </trkpt>
      <trkpt lat="44.18216" lon="-73.87081">
        <ele>1283.97</ele>
        <time>2026-05-09T17:17:00Z</time>
      </trkpt>
      <trkpt lat="44.18215" lon="-73.87081">
        <ele>1283.4</ele>
        <time>2026-05-09T17:17:10Z</time>
      </trkpt>
      <trkpt lat="44.18215" lon="-73.87079">
        <ele>1282.8</ele>
        <time>2026-05-09T17:17:16Z</time>
      </trkpt>
      <trkpt lat="44.18214" lon="-73.87079">
        <ele>1282.21</ele>
        <time>2026-05-09T17:17:17Z</time>
      </trkpt>
      <trkpt lat="44.18214" lon="-73.87078">
        <ele>1281.9</ele>
        <time>2026-05-09T17:17:29Z</time>
      </trkpt>
      <trkpt lat="44.18216" lon="-73.87075">
        <ele>1282.24</ele>
        <time>2026-05-09T17:17:55Z</time>
      </trkpt>
      <trkpt lat="44.1822" lon="-73.87073">
        <ele>1284.24</ele>
        <time>2026-05-09T17:18:05Z</time>
      </trkpt>
      <trkpt lat="44.18223" lon="-73.87068">
        <ele>1284.26</ele>
        <time>2026-05-09T17:18:13Z</time>
      </trkpt>
      <trkpt lat="44.18226" lon="-73.87059">
        <ele>1282.34</ele>
        <time>2026-05-09T17:18:22Z</time>
      </trkpt>
      <trkpt lat="44.18229" lon="-73.87049">
        <ele>1279.88</ele>
        <time>2026-05-09T17:18:30Z</time>
      </trkpt>
      <trkpt lat="44.1823" lon="-73.87047">
        <ele>1279.6</ele>
        <time>2026-05-09T17:18:33Z</time>
      </trkpt>
      <trkpt lat="44.18233" lon="-73.87043">
        <ele>1279.07</ele>
        <time>2026-05-09T17:18:39Z</time>
      </trkpt>
      <trkpt lat="44.18236" lon="-73.87043">
        <ele>1280.04</ele>
        <time>2026-05-09T17:18:42Z</time>
      </trkpt>
      <trkpt lat="44.18242" lon="-73.87043">
        <ele>1281.67</ele>
        <time>2026-05-09T17:18:50Z</time>
      </trkpt>
      <trkpt lat="44.18246" lon="-73.8704">
        <ele>1281.05</ele>
        <time>2026-05-09T17:18:57Z</time>
      </trkpt>
      <trkpt lat="44.18247" lon="-73.8704">
        <ele>1281.2</ele>
        <time>2026-05-09T17:18:59Z</time>
      </trkpt>
      <trkpt lat="44.18251" lon="-73.87037">
        <ele>1281.09</ele>
        <time>2026-05-09T17:19:08Z</time>
      </trkpt>
      <trkpt lat="44.18252" lon="-73.87037">
        <ele>1281.2</ele>
        <time>2026-05-09T17:19:09Z</time>
      </trkpt>
      <trkpt lat="44.18255" lon="-73.87035">
        <ele>1280.44</ele>
        <time>2026-05-09T17:19:15Z</time>
      </trkpt>
      <trkpt lat="44.18256" lon="-73.87035">
        <ele>1280.55</ele>
        <time>2026-05-09T17:19:17Z</time>
      </trkpt>
      <trkpt lat="44.18258" lon="-73.87035">
        <ele>1280.76</ele>
        <time>2026-05-09T17:19:19Z</time>
      </trkpt>
      <trkpt lat="44.18259" lon="-73.87036">
        <ele>1281.41</ele>
        <time>2026-05-09T17:19:22Z</time>
      </trkpt>
      <trkpt lat="44.18263" lon="-73.87041">
        <ele>1282.02</ele>
        <time>2026-05-09T17:19:28Z</time>
      </trkpt>
      <trkpt lat="44.18264" lon="-73.87041">
        <ele>1281.92</ele>
        <time>2026-05-09T17:19:30Z</time>
      </trkpt>
      <trkpt lat="44.18267" lon="-73.87042">
        <ele>1281.7</ele>
        <time>2026-05-09T17:19:36Z</time>
      </trkpt>
      <trkpt lat="44.1827" lon="-73.87042">
        <ele>1281.13</ele>
        <time>2026-05-09T17:19:39Z</time>
      </trkpt>
      <trkpt lat="44.18272" lon="-73.87043">
        <ele>1280.65</ele>
        <time>2026-05-09T17:19:42Z</time>
      </trkpt>
      <trkpt lat="44.18274" lon="-73.87043">
        <ele>1280.08</ele>
        <time>2026-05-09T17:19:49Z</time>
      </trkpt>
      <trkpt lat="44.18274" lon="-73.87043">
        <ele>1280.08</ele>
        <time>2026-05-09T17:19:50Z</time>
      </trkpt>
      <trkpt lat="44.18274" lon="-73.87043">
        <ele>1280.08</ele>
        <time>2026-05-09T17:19:54Z</time>
      </trkpt>
      <trkpt lat="44.18275" lon="-73.87043">
        <ele>1279.79</ele>
        <time>2026-05-09T17:19:56Z</time>
      </trkpt>
      <trkpt lat="44.18276" lon="-73.87043">
        <ele>1279.51</ele>
        <time>2026-05-09T17:19:57Z</time>
      </trkpt>
      <trkpt lat="44.18277" lon="-73.87041">
        <ele>1279.2</ele>
        <time>2026-05-09T17:20:06Z</time>
      </trkpt>
      <trkpt lat="44.18277" lon="-73.87041">
        <ele>1279.2</ele>
        <time>2026-05-09T17:20:07Z</time>
      </trkpt>
      <trkpt lat="44.18279" lon="-73.87037">
        <ele>1278.73</ele>
        <time>2026-05-09T17:20:13Z</time>
      </trkpt>
      <trkpt lat="44.1828" lon="-73.87036">
        <ele>1278.3</ele>
        <time>2026-05-09T17:20:18Z</time>
      </trkpt>
      <trkpt lat="44.18281" lon="-73.87037">
        <ele>1278.3</ele>
        <time>2026-05-09T17:20:21Z</time>
      </trkpt>
      <trkpt lat="44.18281" lon="-73.87036">
        <ele>1278.08</ele>
        <time>2026-05-09T17:20:24Z</time>
      </trkpt>
      <trkpt lat="44.18281" lon="-73.87035">
        <ele>1277.86</ele>
        <time>2026-05-09T17:20:29Z</time>
      </trkpt>
      <trkpt lat="44.18282" lon="-73.87034">
        <ele>1277.43</ele>
        <time>2026-05-09T17:20:31Z</time>
      </trkpt>
      <trkpt lat="44.18282" lon="-73.87034">
        <ele>1277.43</ele>
        <time>2026-05-09T17:20:34Z</time>
      </trkpt>
      <trkpt lat="44.18282" lon="-73.87035">
        <ele>1277.65</ele>
        <time>2026-05-09T17:20:35Z</time>
      </trkpt>
      <trkpt lat="44.18283" lon="-73.87037">
        <ele>1277.86</ele>
        <time>2026-05-09T17:20:37Z</time>
      </trkpt>
      <trkpt lat="44.18283" lon="-73.87037">
        <ele>1277.86</ele>
        <time>2026-05-09T17:20:38Z</time>
      </trkpt>
      <trkpt lat="44.18283" lon="-73.87039">
        <ele>1277.87</ele>
        <time>2026-05-09T17:20:46Z</time>
      </trkpt>
      <trkpt lat="44.18282" lon="-73.87039">
        <ele>1278.09</ele>
        <time>2026-05-09T17:20:50Z</time>
      </trkpt>
      <trkpt lat="44.18284" lon="-73.87038">
        <ele>1277.66</ele>
        <time>2026-05-09T17:20:55Z</time>
      </trkpt>
      <trkpt lat="44.18284" lon="-73.87036">
        <ele>1277.43</ele>
        <time>2026-05-09T17:20:58Z</time>
      </trkpt>
      <trkpt lat="44.18287" lon="-73.87033">
        <ele>1276.14</ele>
        <time>2026-05-09T17:21:06Z</time>
      </trkpt>
      <trkpt lat="44.18286" lon="-73.87029">
        <ele>1275.49</ele>
        <time>2026-05-09T17:21:13Z</time>
      </trkpt>
      <trkpt lat="44.18287" lon="-73.87029">
        <ele>1275.27</ele>
        <time>2026-05-09T17:21:16Z</time>
      </trkpt>
      <trkpt lat="44.18286" lon="-73.87026">
        <ele>1274.63</ele>
        <time>2026-05-09T17:21:22Z</time>
      </trkpt>
      <trkpt lat="44.18286" lon="-73.87024">
        <ele>1273.95</ele>
        <time>2026-05-09T17:21:27Z</time>
      </trkpt>
      <trkpt lat="44.18286" lon="-73.87023">
        <ele>1273.62</ele>
        <time>2026-05-09T17:21:30Z</time>
      </trkpt>
      <trkpt lat="44.18286" lon="-73.87021">
        <ele>1272.95</ele>
        <time>2026-05-09T17:21:33Z</time>
      </trkpt>
      <trkpt lat="44.18286" lon="-73.87016">
        <ele>1270.72</ele>
        <time>2026-05-09T17:21:40Z</time>
      </trkpt>
      <trkpt lat="44.18286" lon="-73.87016">
        <ele>1270.72</ele>
        <time>2026-05-09T17:21:41Z</time>
      </trkpt>
      <trkpt lat="44.18285" lon="-73.87014">
        <ele>1269.67</ele>
        <time>2026-05-09T17:21:48Z</time>
      </trkpt>
      <trkpt lat="44.18285" lon="-73.87013">
        <ele>1269.11</ele>
        <time>2026-05-09T17:21:50Z</time>
      </trkpt>
      <trkpt lat="44.18286" lon="-73.87012">
        <ele>1268.51</ele>
        <time>2026-05-09T17:21:56Z</time>
      </trkpt>
      <trkpt lat="44.18286" lon="-73.8701">
        <ele>1267.41</ele>
        <time>2026-05-09T17:22:01Z</time>
      </trkpt>
      <trkpt lat="44.18287" lon="-73.87006">
        <ele>1264.89</ele>
        <time>2026-05-09T17:22:06Z</time>
      </trkpt>
      <trkpt lat="44.18287" lon="-73.87007">
        <ele>1265.54</ele>
        <time>2026-05-09T17:22:13Z</time>
      </trkpt>
      <trkpt lat="44.18286" lon="-73.87006">
        <ele>1264.89</ele>
        <time>2026-05-09T17:22:22Z</time>
      </trkpt>
      <trkpt lat="44.18286" lon="-73.87006">
        <ele>1264.89</ele>
        <time>2026-05-09T17:22:26Z</time>
      </trkpt>
      <trkpt lat="44.18287" lon="-73.87004">
        <ele>1263.59</ele>
        <time>2026-05-09T17:22:31Z</time>
      </trkpt>
      <trkpt lat="44.18287" lon="-73.87004">
        <ele>1263.59</ele>
        <time>2026-05-09T17:22:36Z</time>
      </trkpt>
      <trkpt lat="44.18287" lon="-73.87004">
        <ele>1263.59</ele>
        <time>2026-05-09T17:22:38Z</time>
      </trkpt>
      <trkpt lat="44.18286" lon="-73.87005">
        <ele>1264.24</ele>
        <time>2026-05-09T17:22:47Z</time>
      </trkpt>
      <trkpt lat="44.18283" lon="-73.87004">
        <ele>1263.59</ele>
        <time>2026-05-09T17:22:52Z</time>
      </trkpt>
      <trkpt lat="44.18282" lon="-73.87002">
        <ele>1262.3</ele>
        <time>2026-05-09T17:22:55Z</time>
      </trkpt>
      <trkpt lat="44.18281" lon="-73.87001">
        <ele>1261.65</ele>
        <time>2026-05-09T17:22:58Z</time>
      </trkpt>
      <trkpt lat="44.18279" lon="-73.87">
        <ele>1261.0</ele>
        <time>2026-05-09T17:23:03Z</time>
      </trkpt>
      <trkpt lat="44.18279" lon="-73.87">
        <ele>1261.0</ele>
        <time>2026-05-09T17:23:10Z</time>
      </trkpt>
      <trkpt lat="44.18279" lon="-73.86999">
        <ele>1260.57</ele>
        <time>2026-05-09T17:23:13Z</time>
      </trkpt>
      <trkpt lat="44.18279" lon="-73.86998">
        <ele>1260.14</ele>
        <time>2026-05-09T17:23:17Z</time>
      </trkpt>
      <trkpt lat="44.18279" lon="-73.86999">
        <ele>1260.57</ele>
        <time>2026-05-09T17:23:20Z</time>
      </trkpt>
      <trkpt lat="44.18278" lon="-73.86998">
        <ele>1260.14</ele>
        <time>2026-05-09T17:23:24Z</time>
      </trkpt>
      <trkpt lat="44.18277" lon="-73.86997">
        <ele>1259.68</ele>
        <time>2026-05-09T17:23:28Z</time>
      </trkpt>
      <trkpt lat="44.18277" lon="-73.86996">
        <ele>1259.24</ele>
        <time>2026-05-09T17:23:31Z</time>
      </trkpt>
      <trkpt lat="44.18277" lon="-73.86996">
        <ele>1259.24</ele>
        <time>2026-05-09T17:23:32Z</time>
      </trkpt>
      <trkpt lat="44.18276" lon="-73.86996">
        <ele>1259.19</ele>
        <time>2026-05-09T17:23:39Z</time>
      </trkpt>
      <trkpt lat="44.18274" lon="-73.86995">
        <ele>1258.62</ele>
        <time>2026-05-09T17:23:44Z</time>
      </trkpt>
      <trkpt lat="44.18275" lon="-73.86995">
        <ele>1258.68</ele>
        <time>2026-05-09T17:23:46Z</time>
      </trkpt>
      <trkpt lat="44.18275" lon="-73.86995">
        <ele>1258.68</ele>
        <time>2026-05-09T17:23:54Z</time>
      </trkpt>
      <trkpt lat="44.18275" lon="-73.86995">
        <ele>1258.68</ele>
        <time>2026-05-09T17:24:03Z</time>
      </trkpt>
      <trkpt lat="44.18275" lon="-73.86994">
        <ele>1258.21</ele>
        <time>2026-05-09T17:24:04Z</time>
      </trkpt>
      <trkpt lat="44.18276" lon="-73.86993">
        <ele>1257.83</ele>
        <time>2026-05-09T17:24:07Z</time>
      </trkpt>
      <trkpt lat="44.18275" lon="-73.86994">
        <ele>1258.21</ele>
        <time>2026-05-09T17:24:11Z</time>
      </trkpt>
      <trkpt lat="44.18275" lon="-73.86994">
        <ele>1258.21</ele>
        <time>2026-05-09T17:24:16Z</time>
      </trkpt>
      <trkpt lat="44.18276" lon="-73.86993">
        <ele>1257.83</ele>
        <time>2026-05-09T17:24:27Z</time>
      </trkpt>
      <trkpt lat="44.18277" lon="-73.86988">
        <ele>1255.73</ele>
        <time>2026-05-09T17:24:35Z</time>
      </trkpt>
      <trkpt lat="44.18275" lon="-73.86988">
        <ele>1255.52</ele>
        <time>2026-05-09T17:24:41Z</time>
      </trkpt>
      <trkpt lat="44.18275" lon="-73.86987">
        <ele>1255.08</ele>
        <time>2026-05-09T17:24:43Z</time>
      </trkpt>
      <trkpt lat="44.18276" lon="-73.86984">
        <ele>1253.9</ele>
        <time>2026-05-09T17:24:49Z</time>
      </trkpt>
      <trkpt lat="44.18276" lon="-73.86984">
        <ele>1253.9</ele>
        <time>2026-05-09T17:24:50Z</time>
      </trkpt>
      <trkpt lat="44.18276" lon="-73.86982">
        <ele>1253.03</ele>
        <time>2026-05-09T17:24:57Z</time>
      </trkpt>
      <trkpt lat="44.18276" lon="-73.86981">
        <ele>1252.56</ele>
        <time>2026-05-09T17:24:58Z</time>
      </trkpt>
      <trkpt lat="44.18276" lon="-73.86978">
        <ele>1251.0</ele>
        <time>2026-05-09T17:25:06Z</time>
      </trkpt>
      <trkpt lat="44.18276" lon="-73.86978">
        <ele>1251.0</ele>
        <time>2026-05-09T17:25:09Z</time>
      </trkpt>
      <trkpt lat="44.18277" lon="-73.86976">
        <ele>1250.01</ele>
        <time>2026-05-09T17:25:14Z</time>
      </trkpt>
      <trkpt lat="44.18279" lon="-73.86975">
        <ele>1249.59</ele>
        <time>2026-05-09T17:25:18Z</time>
      </trkpt>
      <trkpt lat="44.18279" lon="-73.86974">
        <ele>1249.07</ele>
        <time>2026-05-09T17:25:19Z</time>
      </trkpt>
      <trkpt lat="44.1828" lon="-73.86975">
        <ele>1249.67</ele>
        <time>2026-05-09T17:25:26Z</time>
      </trkpt>
      <trkpt lat="44.18281" lon="-73.86975">
        <ele>1249.74</ele>
        <time>2026-05-09T17:25:27Z</time>
      </trkpt>
      <trkpt lat="44.18282" lon="-73.86977">
        <ele>1250.8</ele>
        <time>2026-05-09T17:25:34Z</time>
      </trkpt>
      <trkpt lat="44.18284" lon="-73.86976">
        <ele>1250.44</ele>
        <time>2026-05-09T17:25:40Z</time>
      </trkpt>
      <trkpt lat="44.18285" lon="-73.86975">
        <ele>1250.05</ele>
        <time>2026-05-09T17:25:42Z</time>
      </trkpt>
      <trkpt lat="44.18284" lon="-73.86975">
        <ele>1249.97</ele>
        <time>2026-05-09T17:25:44Z</time>
      </trkpt>
      <trkpt lat="44.18285" lon="-73.86974">
        <ele>1249.59</ele>
        <time>2026-05-09T17:25:47Z</time>
      </trkpt>
      <trkpt lat="44.18285" lon="-73.86973">
        <ele>1249.13</ele>
        <time>2026-05-09T17:25:52Z</time>
      </trkpt>
      <trkpt lat="44.18286" lon="-73.86972">
        <ele>1248.77</ele>
        <time>2026-05-09T17:25:56Z</time>
      </trkpt>
      <trkpt lat="44.18287" lon="-73.8697">
        <ele>1247.8</ele>
        <time>2026-05-09T17:26:00Z</time>
      </trkpt>
      <trkpt lat="44.18287" lon="-73.8697">
        <ele>1247.8</ele>
        <time>2026-05-09T17:26:02Z</time>
      </trkpt>
      <trkpt lat="44.18288" lon="-73.86968">
        <ele>1246.72</ele>
        <time>2026-05-09T17:26:07Z</time>
      </trkpt>
      <trkpt lat="44.18289" lon="-73.86966">
        <ele>1245.64</ele>
        <time>2026-05-09T17:26:11Z</time>
      </trkpt>
      <trkpt lat="44.1829" lon="-73.86964">
        <ele>1244.56</ele>
        <time>2026-05-09T17:26:21Z</time>
      </trkpt>
      <trkpt lat="44.18289" lon="-73.86965">
        <ele>1245.1</ele>
        <time>2026-05-09T17:26:26Z</time>
      </trkpt>
      <trkpt lat="44.18289" lon="-73.86965">
        <ele>1245.1</ele>
        <time>2026-05-09T17:26:27Z</time>
      </trkpt>
      <trkpt lat="44.18289" lon="-73.86966">
        <ele>1245.64</ele>
        <time>2026-05-09T17:26:28Z</time>
      </trkpt>
      <trkpt lat="44.18289" lon="-73.86967">
        <ele>1246.18</ele>
        <time>2026-05-09T17:26:29Z</time>
      </trkpt>
      <trkpt lat="44.18289" lon="-73.86967">
        <ele>1246.18</ele>
        <time>2026-05-09T17:26:30Z</time>
      </trkpt>
      <trkpt lat="44.1829" lon="-73.86968">
        <ele>1246.72</ele>
        <time>2026-05-09T17:26:42Z</time>
      </trkpt>
      <trkpt lat="44.18288" lon="-73.86965">
        <ele>1245.1</ele>
        <time>2026-05-09T17:26:52Z</time>
      </trkpt>
      <trkpt lat="44.1829" lon="-73.86964">
        <ele>1244.56</ele>
        <time>2026-05-09T17:27:01Z</time>
      </trkpt>
      <trkpt lat="44.18288" lon="-73.86964">
        <ele>1244.56</ele>
        <time>2026-05-09T17:27:10Z</time>
      </trkpt>
      <trkpt lat="44.18286" lon="-73.86963">
        <ele>1243.91</ele>
        <time>2026-05-09T17:27:20Z</time>
      </trkpt>
      <trkpt lat="44.18286" lon="-73.86963">
        <ele>1243.91</ele>
        <time>2026-05-09T17:27:21Z</time>
      </trkpt>
      <trkpt lat="44.18287" lon="-73.86964">
        <ele>1244.56</ele>
        <time>2026-05-09T17:27:26Z</time>
      </trkpt>
      <trkpt lat="44.18288" lon="-73.86966">
        <ele>1245.64</ele>
        <time>2026-05-09T17:27:36Z</time>
      </trkpt>
      <trkpt lat="44.18289" lon="-73.86966">
        <ele>1245.64</ele>
        <time>2026-05-09T17:27:39Z</time>
      </trkpt>
      <trkpt lat="44.18288" lon="-73.86966">
        <ele>1245.64</ele>
        <time>2026-05-09T17:27:43Z</time>
      </trkpt>
      <trkpt lat="44.18289" lon="-73.86966">
        <ele>1245.64</ele>
        <time>2026-05-09T17:27:44Z</time>
      </trkpt>
      <trkpt lat="44.18289" lon="-73.86964">
        <ele>1244.56</ele>
        <time>2026-05-09T17:27:49Z</time>
      </trkpt>
      <trkpt lat="44.18289" lon="-73.86962">
        <ele>1243.4</ele>
        <time>2026-05-09T17:27:54Z</time>
      </trkpt>
      <trkpt lat="44.18289" lon="-73.86961">
        <ele>1242.77</ele>
        <time>2026-05-09T17:27:56Z</time>
      </trkpt>
      <trkpt lat="44.18291" lon="-73.8696">
        <ele>1242.22</ele>
        <time>2026-05-09T17:28:04Z</time>
      </trkpt>
      <trkpt lat="44.18291" lon="-73.86959">
        <ele>1241.62</ele>
        <time>2026-05-09T17:28:06Z</time>
      </trkpt>
      <trkpt lat="44.18291" lon="-73.86958">
        <ele>1241.01</ele>
        <time>2026-05-09T17:28:12Z</time>
      </trkpt>
      <trkpt lat="44.18291" lon="-73.86956">
        <ele>1239.81</ele>
        <time>2026-05-09T17:28:16Z</time>
      </trkpt>
      <trkpt lat="44.18291" lon="-73.86955">
        <ele>1239.21</ele>
        <time>2026-05-09T17:28:19Z</time>
      </trkpt>
      <trkpt lat="44.1829" lon="-73.86954">
        <ele>1238.5</ele>
        <time>2026-05-09T17:28:23Z</time>
      </trkpt>
      <trkpt lat="44.1829" lon="-73.86955">
        <ele>1239.12</ele>
        <time>2026-05-09T17:28:27Z</time>
      </trkpt>
      <trkpt lat="44.18291" lon="-73.86956">
        <ele>1239.81</ele>
        <time>2026-05-09T17:28:34Z</time>
      </trkpt>
      <trkpt lat="44.18292" lon="-73.86956">
        <ele>1239.89</ele>
        <time>2026-05-09T17:28:36Z</time>
      </trkpt>
      <trkpt lat="44.18292" lon="-73.86956">
        <ele>1239.89</ele>
        <time>2026-05-09T17:28:38Z</time>
      </trkpt>
      <trkpt lat="44.18294" lon="-73.86955">
        <ele>1239.49</ele>
        <time>2026-05-09T17:28:46Z</time>
      </trkpt>
      <trkpt lat="44.18295" lon="-73.86955">
        <ele>1239.58</ele>
        <time>2026-05-09T17:28:51Z</time>
      </trkpt>
      <trkpt lat="44.18294" lon="-73.86953">
        <ele>1238.3</ele>
        <time>2026-05-09T17:28:55Z</time>
      </trkpt>
      <trkpt lat="44.18291" lon="-73.8695">
        <ele>1236.03</ele>
        <time>2026-05-09T17:29:03Z</time>
      </trkpt>
      <trkpt lat="44.18291" lon="-73.8695">
        <ele>1236.03</ele>
        <time>2026-05-09T17:29:04Z</time>
      </trkpt>
      <trkpt lat="44.1829" lon="-73.86948">
        <ele>1234.62</ele>
        <time>2026-05-09T17:29:10Z</time>
      </trkpt>
      <trkpt lat="44.18289" lon="-73.86947">
        <ele>1233.87</ele>
        <time>2026-05-09T17:29:13Z</time>
      </trkpt>
      <trkpt lat="44.18289" lon="-73.86947">
        <ele>1233.87</ele>
        <time>2026-05-09T17:29:17Z</time>
      </trkpt>
      <trkpt lat="44.18287" lon="-73.86945">
        <ele>1232.36</ele>
        <time>2026-05-09T17:29:37Z</time>
      </trkpt>
      <trkpt lat="44.18286" lon="-73.86943">
        <ele>1231.22</ele>
        <time>2026-05-09T17:29:42Z</time>
      </trkpt>
      <trkpt lat="44.18286" lon="-73.86942">
        <ele>1230.68</ele>
        <time>2026-05-09T17:29:44Z</time>
      </trkpt>
      <trkpt lat="44.18287" lon="-73.86942">
        <ele>1230.68</ele>
        <time>2026-05-09T17:29:51Z</time>
      </trkpt>
      <trkpt lat="44.18287" lon="-73.86943">
        <ele>1231.22</ele>
        <time>2026-05-09T17:30:00Z</time>
      </trkpt>
      <trkpt lat="44.18286" lon="-73.86943">
        <ele>1231.22</ele>
        <time>2026-05-09T17:30:05Z</time>
      </trkpt>
      <trkpt lat="44.18285" lon="-73.86941">
        <ele>1230.14</ele>
        <time>2026-05-09T17:30:08Z</time>
      </trkpt>
      <trkpt lat="44.18285" lon="-73.8694">
        <ele>1229.6</ele>
        <time>2026-05-09T17:30:09Z</time>
      </trkpt>
      <trkpt lat="44.18283" lon="-73.86937">
        <ele>1227.98</ele>
        <time>2026-05-09T17:30:14Z</time>
      </trkpt>
      <trkpt lat="44.18282" lon="-73.86936">
        <ele>1227.44</ele>
        <time>2026-05-09T17:30:16Z</time>
      </trkpt>
      <trkpt lat="44.18282" lon="-73.86936">
        <ele>1227.44</ele>
        <time>2026-05-09T17:30:18Z</time>
      </trkpt>
      <trkpt lat="44.1828" lon="-73.86936">
        <ele>1227.44</ele>
        <time>2026-05-09T17:30:22Z</time>
      </trkpt>
      <trkpt lat="44.18278" lon="-73.86936">
        <ele>1227.44</ele>
        <time>2026-05-09T17:30:26Z</time>
      </trkpt>
      <trkpt lat="44.18277" lon="-73.86936">
        <ele>1227.35</ele>
        <time>2026-05-09T17:30:29Z</time>
      </trkpt>
      <trkpt lat="44.18277" lon="-73.86936">
        <ele>1227.35</ele>
        <time>2026-05-09T17:30:30Z</time>
      </trkpt>
      <trkpt lat="44.18276" lon="-73.86934">
        <ele>1226.3</ele>
        <time>2026-05-09T17:30:35Z</time>
      </trkpt>
      <trkpt lat="44.18276" lon="-73.86931">
        <ele>1225.0</ele>
        <time>2026-05-09T17:30:39Z</time>
      </trkpt>
      <trkpt lat="44.18276" lon="-73.86931">
        <ele>1225.0</ele>
        <time>2026-05-09T17:30:40Z</time>
      </trkpt>
      <trkpt lat="44.18278" lon="-73.86928">
        <ele>1223.9</ele>
        <time>2026-05-09T17:30:45Z</time>
      </trkpt>
      <trkpt lat="44.18278" lon="-73.86927">
        <ele>1223.46</ele>
        <time>2026-05-09T17:30:48Z</time>
      </trkpt>
      <trkpt lat="44.18276" lon="-73.86926">
        <ele>1222.84</ele>
        <time>2026-05-09T17:30:53Z</time>
      </trkpt>
      <trkpt lat="44.18275" lon="-73.86924">
        <ele>1221.87</ele>
        <time>2026-05-09T17:30:58Z</time>
      </trkpt>
      <trkpt lat="44.18272" lon="-73.86922">
        <ele>1220.68</ele>
        <time>2026-05-09T17:31:03Z</time>
      </trkpt>
      <trkpt lat="44.18271" lon="-73.86921">
        <ele>1220.14</ele>
        <time>2026-05-09T17:31:05Z</time>
      </trkpt>
      <trkpt lat="44.18269" lon="-73.86922">
        <ele>1220.36</ele>
        <time>2026-05-09T17:31:08Z</time>
      </trkpt>
      <trkpt lat="44.18269" lon="-73.86922">
        <ele>1220.36</ele>
        <time>2026-05-09T17:31:10Z</time>
      </trkpt>
      <trkpt lat="44.18266" lon="-73.86919">
        <ele>1218.46</ele>
        <time>2026-05-09T17:31:17Z</time>
      </trkpt>
      <trkpt lat="44.18265" lon="-73.86919">
        <ele>1218.25</ele>
        <time>2026-05-09T17:31:18Z</time>
      </trkpt>
      <trkpt lat="44.18264" lon="-73.86916">
        <ele>1216.81</ele>
        <time>2026-05-09T17:31:24Z</time>
      </trkpt>
      <trkpt lat="44.18262" lon="-73.86917">
        <ele>1216.74</ele>
        <time>2026-05-09T17:31:29Z</time>
      </trkpt>
      <trkpt lat="44.18261" lon="-73.86917">
        <ele>1216.52</ele>
        <time>2026-05-09T17:31:31Z</time>
      </trkpt>
      <trkpt lat="44.18259" lon="-73.86914">
        <ele>1215.08</ele>
        <time>2026-05-09T17:31:37Z</time>
      </trkpt>
      <trkpt lat="44.18258" lon="-73.86912">
        <ele>1214.22</ele>
        <time>2026-05-09T17:31:40Z</time>
      </trkpt>
      <trkpt lat="44.18257" lon="-73.86911">
        <ele>1213.68</ele>
        <time>2026-05-09T17:31:41Z</time>
      </trkpt>
      <trkpt lat="44.18255" lon="-73.8691">
        <ele>1212.92</ele>
        <time>2026-05-09T17:31:46Z</time>
      </trkpt>
      <trkpt lat="44.18255" lon="-73.8691">
        <ele>1212.92</ele>
        <time>2026-05-09T17:31:47Z</time>
      </trkpt>
      <trkpt lat="44.18254" lon="-73.86909">
        <ele>1212.38</ele>
        <time>2026-05-09T17:31:53Z</time>
      </trkpt>
      <trkpt lat="44.18253" lon="-73.86908">
        <ele>1211.84</ele>
        <time>2026-05-09T17:31:55Z</time>
      </trkpt>
      <trkpt lat="44.18252" lon="-73.86907">
        <ele>1211.3</ele>
        <time>2026-05-09T17:31:58Z</time>
      </trkpt>
      <trkpt lat="44.18249" lon="-73.86906">
        <ele>1210.22</ele>
        <time>2026-05-09T17:32:04Z</time>
      </trkpt>
      <trkpt lat="44.18249" lon="-73.86905">
        <ele>1209.9</ele>
        <time>2026-05-09T17:32:06Z</time>
      </trkpt>
      <trkpt lat="44.18248" lon="-73.86906">
        <ele>1209.9</ele>
        <time>2026-05-09T17:32:10Z</time>
      </trkpt>
      <trkpt lat="44.18247" lon="-73.86906">
        <ele>1209.57</ele>
        <time>2026-05-09T17:32:12Z</time>
      </trkpt>
      <trkpt lat="44.18243" lon="-73.86906">
        <ele>1208.28</ele>
        <time>2026-05-09T17:32:18Z</time>
      </trkpt>
      <trkpt lat="44.18243" lon="-73.86906">
        <ele>1208.28</ele>
        <time>2026-05-09T17:32:25Z</time>
      </trkpt>
      <trkpt lat="44.18243" lon="-73.86906">
        <ele>1208.28</ele>
        <time>2026-05-09T17:32:27Z</time>
      </trkpt>
      <trkpt lat="44.18239" lon="-73.86903">
        <ele>1205.82</ele>
        <time>2026-05-09T17:32:35Z</time>
      </trkpt>
      <trkpt lat="44.18238" lon="-73.86903">
        <ele>1205.39</ele>
        <time>2026-05-09T17:32:36Z</time>
      </trkpt>
      <trkpt lat="44.18235" lon="-73.86902">
        <ele>1203.77</ele>
        <time>2026-05-09T17:32:41Z</time>
      </trkpt>
      <trkpt lat="44.18233" lon="-73.869">
        <ele>1202.26</ele>
        <time>2026-05-09T17:32:46Z</time>
      </trkpt>
      <trkpt lat="44.18233" lon="-73.869">
        <ele>1202.26</ele>
        <time>2026-05-09T17:32:47Z</time>
      </trkpt>
      <trkpt lat="44.18232" lon="-73.86896">
        <ele>1200.75</ele>
        <time>2026-05-09T17:32:54Z</time>
      </trkpt>
      <trkpt lat="44.18232" lon="-73.86891">
        <ele>1199.64</ele>
        <time>2026-05-09T17:33:00Z</time>
      </trkpt>
      <trkpt lat="44.18231" lon="-73.8689">
        <ele>1199.13</ele>
        <time>2026-05-09T17:33:02Z</time>
      </trkpt>
      <trkpt lat="44.18229" lon="-73.8689">
        <ele>1198.67</ele>
        <time>2026-05-09T17:33:08Z</time>
      </trkpt>
      <trkpt lat="44.18228" lon="-73.8689">
        <ele>1198.44</ele>
        <time>2026-05-09T17:33:10Z</time>
      </trkpt>
      <trkpt lat="44.18226" lon="-73.8689">
        <ele>1197.98</ele>
        <time>2026-05-09T17:33:15Z</time>
      </trkpt>
      <trkpt lat="44.18226" lon="-73.8689">
        <ele>1197.98</ele>
        <time>2026-05-09T17:33:16Z</time>
      </trkpt>
      <trkpt lat="44.18227" lon="-73.86885">
        <ele>1197.41</ele>
        <time>2026-05-09T17:33:21Z</time>
      </trkpt>
      <trkpt lat="44.18226" lon="-73.86884">
        <ele>1196.98</ele>
        <time>2026-05-09T17:33:23Z</time>
      </trkpt>
      <trkpt lat="44.18225" lon="-73.8688">
        <ele>1195.97</ele>
        <time>2026-05-09T17:33:26Z</time>
      </trkpt>
      <trkpt lat="44.18225" lon="-73.86878">
        <ele>1195.67</ele>
        <time>2026-05-09T17:33:29Z</time>
      </trkpt>
      <trkpt lat="44.18224" lon="-73.86876">
        <ele>1195.11</ele>
        <time>2026-05-09T17:33:31Z</time>
      </trkpt>
      <trkpt lat="44.18223" lon="-73.86874">
        <ele>1194.59</ele>
        <time>2026-05-09T17:33:37Z</time>
      </trkpt>
      <trkpt lat="44.18222" lon="-73.86874">
        <ele>1194.34</ele>
        <time>2026-05-09T17:33:38Z</time>
      </trkpt>
      <trkpt lat="44.18219" lon="-73.86872">
        <ele>1193.48</ele>
        <time>2026-05-09T17:33:45Z</time>
      </trkpt>
      <trkpt lat="44.18218" lon="-73.86871">
        <ele>1193.16</ele>
        <time>2026-05-09T17:33:46Z</time>
      </trkpt>
      <trkpt lat="44.18216" lon="-73.86869">
        <ele>1192.51</ele>
        <time>2026-05-09T17:33:52Z</time>
      </trkpt>
      <trkpt lat="44.18215" lon="-73.86868">
        <ele>1192.18</ele>
        <time>2026-05-09T17:33:54Z</time>
      </trkpt>
      <trkpt lat="44.18217" lon="-73.86865">
        <ele>1192.29</ele>
        <time>2026-05-09T17:34:03Z</time>
      </trkpt>
      <trkpt lat="44.18213" lon="-73.86861">
        <ele>1190.98</ele>
        <time>2026-05-09T17:34:12Z</time>
      </trkpt>
      <trkpt lat="44.18213" lon="-73.86861">
        <ele>1190.98</ele>
        <time>2026-05-09T17:34:15Z</time>
      </trkpt>
      <trkpt lat="44.18212" lon="-73.86856">
        <ele>1189.48</ele>
        <time>2026-05-09T17:34:21Z</time>
      </trkpt>
      <trkpt lat="44.18211" lon="-73.86851">
        <ele>1187.99</ele>
        <time>2026-05-09T17:34:27Z</time>
      </trkpt>
      <trkpt lat="44.1821" lon="-73.86848">
        <ele>1187.02</ele>
        <time>2026-05-09T17:34:31Z</time>
      </trkpt>
      <trkpt lat="44.1821" lon="-73.86848">
        <ele>1187.02</ele>
        <time>2026-05-09T17:34:34Z</time>
      </trkpt>
      <trkpt lat="44.18209" lon="-73.86847">
        <ele>1186.46</ele>
        <time>2026-05-09T17:34:37Z</time>
      </trkpt>
      <trkpt lat="44.18208" lon="-73.86845">
        <ele>1185.77</ele>
        <time>2026-05-09T17:34:40Z</time>
      </trkpt>
      <trkpt lat="44.18208" lon="-73.86844">
        <ele>1185.61</ele>
        <time>2026-05-09T17:34:41Z</time>
      </trkpt>
      <trkpt lat="44.18206" lon="-73.86841">
        <ele>1184.44</ele>
        <time>2026-05-09T17:34:47Z</time>
      </trkpt>
      <trkpt lat="44.18206" lon="-73.8684">
        <ele>1184.25</ele>
        <time>2026-05-09T17:34:49Z</time>
      </trkpt>
      <trkpt lat="44.18201" lon="-73.86841">
        <ele>1182.54</ele>
        <time>2026-05-09T17:34:57Z</time>
      </trkpt>
      <trkpt lat="44.182" lon="-73.8684">
        <ele>1181.95</ele>
        <time>2026-05-09T17:35:01Z</time>
      </trkpt>
      <trkpt lat="44.182" lon="-73.86838">
        <ele>1181.61</ele>
        <time>2026-05-09T17:35:03Z</time>
      </trkpt>
      <trkpt lat="44.18199" lon="-73.86838">
        <ele>1181.23</ele>
        <time>2026-05-09T17:35:07Z</time>
      </trkpt>
      <trkpt lat="44.18199" lon="-73.86838">
        <ele>1181.23</ele>
        <time>2026-05-09T17:35:08Z</time>
      </trkpt>
      <trkpt lat="44.18197" lon="-73.86836">
        <ele>1180.2</ele>
        <time>2026-05-09T17:35:13Z</time>
      </trkpt>
      <trkpt lat="44.18197" lon="-73.86836">
        <ele>1180.2</ele>
        <time>2026-05-09T17:35:14Z</time>
      </trkpt>
      <trkpt lat="44.18195" lon="-73.86837">
        <ele>1179.6</ele>
        <time>2026-05-09T17:35:18Z</time>
      </trkpt>
      <trkpt lat="44.18192" lon="-73.86837">
        <ele>1178.34</ele>
        <time>2026-05-09T17:35:22Z</time>
      </trkpt>
      <trkpt lat="44.1819" lon="-73.86838">
        <ele>1177.58</ele>
        <time>2026-05-09T17:35:27Z</time>
      </trkpt>
      <trkpt lat="44.1819" lon="-73.86838">
        <ele>1177.58</ele>
        <time>2026-05-09T17:35:28Z</time>
      </trkpt>
      <trkpt lat="44.18186" lon="-73.86839">
        <ele>1175.96</ele>
        <time>2026-05-09T17:35:33Z</time>
      </trkpt>
      <trkpt lat="44.18185" lon="-73.8684">
        <ele>1175.64</ele>
        <time>2026-05-09T17:35:35Z</time>
      </trkpt>
      <trkpt lat="44.18184" lon="-73.8684">
        <ele>1175.21</ele>
        <time>2026-05-09T17:35:37Z</time>
      </trkpt>
      <trkpt lat="44.18182" lon="-73.8684">
        <ele>1174.34</ele>
        <time>2026-05-09T17:35:42Z</time>
      </trkpt>
      <trkpt lat="44.18181" lon="-73.8684">
        <ele>1173.91</ele>
        <time>2026-05-09T17:35:43Z</time>
      </trkpt>
      <trkpt lat="44.18177" lon="-73.8684">
        <ele>1172.18</ele>
        <time>2026-05-09T17:35:48Z</time>
      </trkpt>
      <trkpt lat="44.18175" lon="-73.86842">
        <ele>1171.54</ele>
        <time>2026-05-09T17:35:51Z</time>
      </trkpt>
      <trkpt lat="44.18173" lon="-73.86844">
        <ele>1170.74</ele>
        <time>2026-05-09T17:35:55Z</time>
      </trkpt>
      <trkpt lat="44.18173" lon="-73.86844">
        <ele>1170.74</ele>
        <time>2026-05-09T17:36:01Z</time>
      </trkpt>
      <trkpt lat="44.18172" lon="-73.86845">
        <ele>1170.3</ele>
        <time>2026-05-09T17:36:06Z</time>
      </trkpt>
      <trkpt lat="44.18171" lon="-73.86847">
        <ele>1169.87</ele>
        <time>2026-05-09T17:36:08Z</time>
      </trkpt>
      <trkpt lat="44.1817" lon="-73.86848">
        <ele>1169.44</ele>
        <time>2026-05-09T17:36:15Z</time>
      </trkpt>
      <trkpt lat="44.1817" lon="-73.86848">
        <ele>1169.44</ele>
        <time>2026-05-09T17:36:16Z</time>
      </trkpt>
      <trkpt lat="44.18167" lon="-73.86848">
        <ele>1168.14</ele>
        <time>2026-05-09T17:36:21Z</time>
      </trkpt>
      <trkpt lat="44.18166" lon="-73.86848">
        <ele>1167.71</ele>
        <time>2026-05-09T17:36:23Z</time>
      </trkpt>
      <trkpt lat="44.18164" lon="-73.86847">
        <ele>1166.85</ele>
        <time>2026-05-09T17:36:26Z</time>
      </trkpt>
      <trkpt lat="44.18164" lon="-73.86847">
        <ele>1166.85</ele>
        <time>2026-05-09T17:36:29Z</time>
      </trkpt>
      <trkpt lat="44.18164" lon="-73.86846">
        <ele>1166.85</ele>
        <time>2026-05-09T17:36:32Z</time>
      </trkpt>
      <trkpt lat="44.18162" lon="-73.86842">
        <ele>1165.95</ele>
        <time>2026-05-09T17:36:39Z</time>
      </trkpt>
      <trkpt lat="44.1816" lon="-73.86842">
        <ele>1165.1</ele>
        <time>2026-05-09T17:36:45Z</time>
      </trkpt>
      <trkpt lat="44.18158" lon="-73.86843">
        <ele>1164.26</ele>
        <time>2026-05-09T17:36:51Z</time>
      </trkpt>
      <trkpt lat="44.18158" lon="-73.86844">
        <ele>1164.26</ele>
        <time>2026-05-09T17:36:53Z</time>
      </trkpt>
      <trkpt lat="44.18156" lon="-73.86844">
        <ele>1163.39</ele>
        <time>2026-05-09T17:36:58Z</time>
      </trkpt>
      <trkpt lat="44.18154" lon="-73.86844">
        <ele>1162.53</ele>
        <time>2026-05-09T17:37:02Z</time>
      </trkpt>
      <trkpt lat="44.18154" lon="-73.86843">
        <ele>1162.53</ele>
        <time>2026-05-09T17:37:05Z</time>
      </trkpt>
      <trkpt lat="44.18151" lon="-73.86841">
        <ele>1161.23</ele>
        <time>2026-05-09T17:37:10Z</time>
      </trkpt>
      <trkpt lat="44.18149" lon="-73.86841">
        <ele>1160.37</ele>
        <time>2026-05-09T17:37:17Z</time>
      </trkpt>
      <trkpt lat="44.18149" lon="-73.86841">
        <ele>1160.37</ele>
        <time>2026-05-09T17:37:18Z</time>
      </trkpt>
      <trkpt lat="44.18146" lon="-73.86839">
        <ele>1159.07</ele>
        <time>2026-05-09T17:37:23Z</time>
      </trkpt>
      <trkpt lat="44.18145" lon="-73.86839">
        <ele>1158.64</ele>
        <time>2026-05-09T17:37:24Z</time>
      </trkpt>
      <trkpt lat="44.18143" lon="-73.86838">
        <ele>1157.78</ele>
        <time>2026-05-09T17:37:29Z</time>
      </trkpt>
      <trkpt lat="44.18141" lon="-73.86838">
        <ele>1156.91</ele>
        <time>2026-05-09T17:37:34Z</time>
      </trkpt>
      <trkpt lat="44.1814" lon="-73.86838">
        <ele>1156.48</ele>
        <time>2026-05-09T17:37:36Z</time>
      </trkpt>
      <trkpt lat="44.18138" lon="-73.86838">
        <ele>1155.62</ele>
        <time>2026-05-09T17:37:39Z</time>
      </trkpt>
      <trkpt lat="44.18134" lon="-73.86838">
        <ele>1153.89</ele>
        <time>2026-05-09T17:37:46Z</time>
      </trkpt>
      <trkpt lat="44.18134" lon="-73.86838">
        <ele>1153.89</ele>
        <time>2026-05-09T17:37:48Z</time>
      </trkpt>
      <trkpt lat="44.18132" lon="-73.86838">
        <ele>1153.02</ele>
        <time>2026-05-09T17:37:53Z</time>
      </trkpt>
      <trkpt lat="44.18132" lon="-73.86838">
        <ele>1153.02</ele>
        <time>2026-05-09T17:37:54Z</time>
      </trkpt>
      <trkpt lat="44.1813" lon="-73.86837">
        <ele>1152.16</ele>
        <time>2026-05-09T17:37:59Z</time>
      </trkpt>
      <trkpt lat="44.18127" lon="-73.86836">
        <ele>1150.86</ele>
        <time>2026-05-09T17:38:03Z</time>
      </trkpt>
      <trkpt lat="44.18127" lon="-73.86834">
        <ele>1150.86</ele>
        <time>2026-05-09T17:38:09Z</time>
      </trkpt>
      <trkpt lat="44.18125" lon="-73.86834">
        <ele>1150.0</ele>
        <time>2026-05-09T17:38:13Z</time>
      </trkpt>
      <trkpt lat="44.18124" lon="-73.86834">
        <ele>1149.57</ele>
        <time>2026-05-09T17:38:16Z</time>
      </trkpt>
      <trkpt lat="44.18122" lon="-73.86834">
        <ele>1148.7</ele>
        <time>2026-05-09T17:38:22Z</time>
      </trkpt>
      <trkpt lat="44.18122" lon="-73.86833">
        <ele>1148.74</ele>
        <time>2026-05-09T17:38:24Z</time>
      </trkpt>
      <trkpt lat="44.18119" lon="-73.86832">
        <ele>1147.55</ele>
        <time>2026-05-09T17:38:29Z</time>
      </trkpt>
      <trkpt lat="44.18118" lon="-73.86834">
        <ele>1146.98</ele>
        <time>2026-05-09T17:38:32Z</time>
      </trkpt>
      <trkpt lat="44.18117" lon="-73.86837">
        <ele>1146.54</ele>
        <time>2026-05-09T17:38:36Z</time>
      </trkpt>
      <trkpt lat="44.18116" lon="-73.86839">
        <ele>1146.11</ele>
        <time>2026-05-09T17:38:39Z</time>
      </trkpt>
      <trkpt lat="44.18114" lon="-73.86841">
        <ele>1145.25</ele>
        <time>2026-05-09T17:38:46Z</time>
      </trkpt>
      <trkpt lat="44.18114" lon="-73.86841">
        <ele>1145.25</ele>
        <time>2026-05-09T17:38:48Z</time>
      </trkpt>
      <trkpt lat="44.18111" lon="-73.86843">
        <ele>1143.94</ele>
        <time>2026-05-09T17:38:52Z</time>
      </trkpt>
      <trkpt lat="44.18109" lon="-73.86843">
        <ele>1142.86</ele>
        <time>2026-05-09T17:38:54Z</time>
      </trkpt>
      <trkpt lat="44.18108" lon="-73.86845">
        <ele>1142.32</ele>
        <time>2026-05-09T17:38:58Z</time>
      </trkpt>
      <trkpt lat="44.18108" lon="-73.86846">
        <ele>1142.32</ele>
        <time>2026-05-09T17:39:01Z</time>
      </trkpt>
      <trkpt lat="44.18107" lon="-73.86848">
        <ele>1141.78</ele>
        <time>2026-05-09T17:39:08Z</time>
      </trkpt>
      <trkpt lat="44.18105" lon="-73.86849">
        <ele>1140.7</ele>
        <time>2026-05-09T17:39:11Z</time>
      </trkpt>
      <trkpt lat="44.18104" lon="-73.86851">
        <ele>1140.16</ele>
        <time>2026-05-09T17:39:13Z</time>
      </trkpt>
      <trkpt lat="44.18101" lon="-73.86854">
        <ele>1138.52</ele>
        <time>2026-05-09T17:39:18Z</time>
      </trkpt>
      <trkpt lat="44.18101" lon="-73.86853">
        <ele>1138.53</ele>
        <time>2026-05-09T17:39:20Z</time>
      </trkpt>
      <trkpt lat="44.18099" lon="-73.86854">
        <ele>1137.39</ele>
        <time>2026-05-09T17:39:26Z</time>
      </trkpt>
      <trkpt lat="44.18098" lon="-73.86854">
        <ele>1136.82</ele>
        <time>2026-05-09T17:39:28Z</time>
      </trkpt>
      <trkpt lat="44.18097" lon="-73.86855">
        <ele>1136.2</ele>
        <time>2026-05-09T17:39:35Z</time>
      </trkpt>
      <trkpt lat="44.18096" lon="-73.86855">
        <ele>1135.63</ele>
        <time>2026-05-09T17:39:37Z</time>
      </trkpt>
      <trkpt lat="44.18093" lon="-73.86855">
        <ele>1133.89</ele>
        <time>2026-05-09T17:39:42Z</time>
      </trkpt>
      <trkpt lat="44.18091" lon="-73.86855">
        <ele>1132.86</ele>
        <time>2026-05-09T17:39:46Z</time>
      </trkpt>
      <trkpt lat="44.1809" lon="-73.86855">
        <ele>1132.36</ele>
        <time>2026-05-09T17:39:48Z</time>
      </trkpt>
      <trkpt lat="44.18088" lon="-73.86856">
        <ele>1131.29</ele>
        <time>2026-05-09T17:39:56Z</time>
      </trkpt>
      <trkpt lat="44.18089" lon="-73.86853">
        <ele>1131.98</ele>
        <time>2026-05-09T17:40:03Z</time>
      </trkpt>
      <trkpt lat="44.18087" lon="-73.86852">
        <ele>1130.97</ele>
        <time>2026-05-09T17:40:07Z</time>
      </trkpt>
      <trkpt lat="44.18085" lon="-73.86852">
        <ele>1129.9</ele>
        <time>2026-05-09T17:40:10Z</time>
      </trkpt>
      <trkpt lat="44.18083" lon="-73.86853">
        <ele>1128.89</ele>
        <time>2026-05-09T17:40:16Z</time>
      </trkpt>
      <trkpt lat="44.18083" lon="-73.86854">
        <ele>1128.89</ele>
        <time>2026-05-09T17:40:21Z</time>
      </trkpt>
      <trkpt lat="44.18081" lon="-73.86855">
        <ele>1128.24</ele>
        <time>2026-05-09T17:40:25Z</time>
      </trkpt>
      <trkpt lat="44.18081" lon="-73.86855">
        <ele>1128.24</ele>
        <time>2026-05-09T17:40:27Z</time>
      </trkpt>
      <trkpt lat="44.18079" lon="-73.86855">
        <ele>1127.6</ele>
        <time>2026-05-09T17:40:32Z</time>
      </trkpt>
      <trkpt lat="44.18078" lon="-73.86854">
        <ele>1127.27</ele>
        <time>2026-05-09T17:40:34Z</time>
      </trkpt>
      <trkpt lat="44.18074" lon="-73.86853">
        <ele>1125.98</ele>
        <time>2026-05-09T17:40:42Z</time>
      </trkpt>
      <trkpt lat="44.18073" lon="-73.86852">
        <ele>1125.77</ele>
        <time>2026-05-09T17:40:43Z</time>
      </trkpt>
      <trkpt lat="44.1807" lon="-73.86852">
        <ele>1125.11</ele>
        <time>2026-05-09T17:40:48Z</time>
      </trkpt>
      <trkpt lat="44.18069" lon="-73.86851">
        <ele>1124.95</ele>
        <time>2026-05-09T17:40:50Z</time>
      </trkpt>
      <trkpt lat="44.18068" lon="-73.86852">
        <ele>1124.68</ele>
        <time>2026-05-09T17:40:54Z</time>
      </trkpt>
      <trkpt lat="44.18068" lon="-73.86853">
        <ele>1124.61</ele>
        <time>2026-05-09T17:40:58Z</time>
      </trkpt>
      <trkpt lat="44.18068" lon="-73.86855">
        <ele>1124.46</ele>
        <time>2026-05-09T17:41:07Z</time>
      </trkpt>
      <trkpt lat="44.18067" lon="-73.86854">
        <ele>1124.29</ele>
        <time>2026-05-09T17:41:13Z</time>
      </trkpt>
      <trkpt lat="44.18064" lon="-73.86854">
        <ele>1123.5</ele>
        <time>2026-05-09T17:41:20Z</time>
      </trkpt>
      <trkpt lat="44.18062" lon="-73.86854">
        <ele>1122.86</ele>
        <time>2026-05-09T17:41:24Z</time>
      </trkpt>
      <trkpt lat="44.1806" lon="-73.86853">
        <ele>1122.32</ele>
        <time>2026-05-09T17:41:27Z</time>
      </trkpt>
      <trkpt lat="44.18058" lon="-73.86851">
        <ele>1121.86</ele>
        <time>2026-05-09T17:41:30Z</time>
      </trkpt>
      <trkpt lat="44.18057" lon="-73.86851">
        <ele>1121.55</ele>
        <time>2026-05-09T17:41:34Z</time>
      </trkpt>
      <trkpt lat="44.18056" lon="-73.8685">
        <ele>1121.33</ele>
        <time>2026-05-09T17:41:36Z</time>
      </trkpt>
      <trkpt lat="44.18054" lon="-73.86848">
        <ele>1121.08</ele>
        <time>2026-05-09T17:41:42Z</time>
      </trkpt>
      <trkpt lat="44.18053" lon="-73.86848">
        <ele>1120.86</ele>
        <time>2026-05-09T17:41:43Z</time>
      </trkpt>
      <trkpt lat="44.18049" lon="-73.86849">
        <ele>1119.89</ele>
        <time>2026-05-09T17:41:49Z</time>
      </trkpt>
      <trkpt lat="44.18048" lon="-73.86848">
        <ele>1119.78</ele>
        <time>2026-05-09T17:41:50Z</time>
      </trkpt>
      <trkpt lat="44.18047" lon="-73.86847">
        <ele>1119.68</ele>
        <time>2026-05-09T17:41:54Z</time>
      </trkpt>
      <trkpt lat="44.18046" lon="-73.86846">
        <ele>1119.56</ele>
        <time>2026-05-09T17:41:56Z</time>
      </trkpt>
      <trkpt lat="44.18044" lon="-73.86846">
        <ele>1119.04</ele>
        <time>2026-05-09T17:41:59Z</time>
      </trkpt>
      <trkpt lat="44.18043" lon="-73.86845">
        <ele>1118.94</ele>
        <time>2026-05-09T17:42:03Z</time>
      </trkpt>
      <trkpt lat="44.18042" lon="-73.86845">
        <ele>1118.69</ele>
        <time>2026-05-09T17:42:06Z</time>
      </trkpt>
      <trkpt lat="44.18038" lon="-73.86844">
        <ele>1117.92</ele>
        <time>2026-05-09T17:42:10Z</time>
      </trkpt>
      <trkpt lat="44.18037" lon="-73.86843">
        <ele>1117.9</ele>
        <time>2026-05-09T17:42:12Z</time>
      </trkpt>
      <trkpt lat="44.18036" lon="-73.86844">
        <ele>1117.36</ele>
        <time>2026-05-09T17:42:17Z</time>
      </trkpt>
      <trkpt lat="44.18036" lon="-73.86844">
        <ele>1117.36</ele>
        <time>2026-05-09T17:42:18Z</time>
      </trkpt>
      <trkpt lat="44.18036" lon="-73.86844">
        <ele>1117.36</ele>
        <time>2026-05-09T17:42:22Z</time>
      </trkpt>
      <trkpt lat="44.18036" lon="-73.86845">
        <ele>1117.14</ele>
        <time>2026-05-09T17:42:24Z</time>
      </trkpt>
      <trkpt lat="44.18037" lon="-73.86846">
        <ele>1117.25</ele>
        <time>2026-05-09T17:42:30Z</time>
      </trkpt>
      <trkpt lat="44.18038" lon="-73.86845">
        <ele>1117.72</ele>
        <time>2026-05-09T17:42:36Z</time>
      </trkpt>
      <trkpt lat="44.18038" lon="-73.86844">
        <ele>1117.92</ele>
        <time>2026-05-09T17:42:38Z</time>
      </trkpt>
      <trkpt lat="44.18037" lon="-73.86842">
        <ele>1118.05</ele>
        <time>2026-05-09T17:42:45Z</time>
      </trkpt>
      <trkpt lat="44.18036" lon="-73.86842">
        <ele>1117.74</ele>
        <time>2026-05-09T17:42:54Z</time>
      </trkpt>
      <trkpt lat="44.18036" lon="-73.86843">
        <ele>1117.58</ele>
        <time>2026-05-09T17:42:55Z</time>
      </trkpt>
      <trkpt lat="44.18037" lon="-73.86843">
        <ele>1117.9</ele>
        <time>2026-05-09T17:43:04Z</time>
      </trkpt>
      <trkpt lat="44.18037" lon="-73.86841">
        <ele>1118.16</ele>
        <time>2026-05-09T17:43:07Z</time>
      </trkpt>
      <trkpt lat="44.18037" lon="-73.86843">
        <ele>1117.9</ele>
        <time>2026-05-09T17:43:15Z</time>
      </trkpt>
      <trkpt lat="44.18037" lon="-73.86843">
        <ele>1117.9</ele>
        <time>2026-05-09T17:43:20Z</time>
      </trkpt>
      <trkpt lat="44.18037" lon="-73.86843">
        <ele>1117.9</ele>
        <time>2026-05-09T17:43:21Z</time>
      </trkpt>
      <trkpt lat="44.18037" lon="-73.86843">
        <ele>1117.9</ele>
        <time>2026-05-09T17:43:22Z</time>
      </trkpt>
      <trkpt lat="44.18038" lon="-73.86844">
        <ele>1117.92</ele>
        <time>2026-05-09T17:43:24Z</time>
      </trkpt>
      <trkpt lat="44.18037" lon="-73.86846">
        <ele>1117.25</ele>
        <time>2026-05-09T17:43:33Z</time>
      </trkpt>
      <trkpt lat="44.18035" lon="-73.86843">
        <ele>1117.25</ele>
        <time>2026-05-09T17:43:40Z</time>
      </trkpt>
      <trkpt lat="44.18035" lon="-73.86843">
        <ele>1117.25</ele>
        <time>2026-05-09T17:43:41Z</time>
      </trkpt>
      <trkpt lat="44.18034" lon="-73.86841">
        <ele>1117.24</ele>
        <time>2026-05-09T17:43:49Z</time>
      </trkpt>
      <trkpt lat="44.18032" lon="-73.86842">
        <ele>1116.47</ele>
        <time>2026-05-09T17:43:52Z</time>
      </trkpt>
      <trkpt lat="44.1803" lon="-73.86843">
        <ele>1115.63</ele>
        <time>2026-05-09T17:43:56Z</time>
      </trkpt>
      <trkpt lat="44.18029" lon="-73.86843">
        <ele>1115.31</ele>
        <time>2026-05-09T17:43:57Z</time>
      </trkpt>
      <trkpt lat="44.18029" lon="-73.86842">
        <ele>1115.52</ele>
        <time>2026-05-09T17:44:02Z</time>
      </trkpt>
      <trkpt lat="44.18028" lon="-73.86842">
        <ele>1115.2</ele>
        <time>2026-05-09T17:44:03Z</time>
      </trkpt>
      <trkpt lat="44.18026" lon="-73.86842">
        <ele>1114.55</ele>
        <time>2026-05-09T17:44:07Z</time>
      </trkpt>
      <trkpt lat="44.18025" lon="-73.86843">
        <ele>1114.03</ele>
        <time>2026-05-09T17:44:11Z</time>
      </trkpt>
      <trkpt lat="44.18022" lon="-73.86844">
        <ele>1112.92</ele>
        <time>2026-05-09T17:44:14Z</time>
      </trkpt>
      <trkpt lat="44.18019" lon="-73.86844">
        <ele>1112.0</ele>
        <time>2026-05-09T17:44:18Z</time>
      </trkpt>
      <trkpt lat="44.18018" lon="-73.86843">
        <ele>1111.79</ele>
        <time>2026-05-09T17:44:20Z</time>
      </trkpt>
      <trkpt lat="44.18014" lon="-73.86841">
        <ele>1110.88</ele>
        <time>2026-05-09T17:44:25Z</time>
      </trkpt>
      <trkpt lat="44.18013" lon="-73.86842">
        <ele>1110.34</ele>
        <time>2026-05-09T17:44:27Z</time>
      </trkpt>
      <trkpt lat="44.18011" lon="-73.86843">
        <ele>1109.48</ele>
        <time>2026-05-09T17:44:30Z</time>
      </trkpt>
      <trkpt lat="44.1801" lon="-73.86843">
        <ele>1109.16</ele>
        <time>2026-05-09T17:44:33Z</time>
      </trkpt>
      <trkpt lat="44.18008" lon="-73.86844">
        <ele>1108.11</ele>
        <time>2026-05-09T17:44:38Z</time>
      </trkpt>
      <trkpt lat="44.18007" lon="-73.86844">
        <ele>1107.65</ele>
        <time>2026-05-09T17:44:40Z</time>
      </trkpt>
      <trkpt lat="44.18006" lon="-73.86843">
        <ele>1107.47</ele>
        <time>2026-05-09T17:44:42Z</time>
      </trkpt>
      <trkpt lat="44.18004" lon="-73.86842">
        <ele>1106.89</ele>
        <time>2026-05-09T17:44:47Z</time>
      </trkpt>
      <trkpt lat="44.18" lon="-73.86841">
        <ele>1105.52</ele>
        <time>2026-05-09T17:44:51Z</time>
      </trkpt>
      <trkpt lat="44.17997" lon="-73.86839">
        <ele>1104.54</ele>
        <time>2026-05-09T17:44:57Z</time>
      </trkpt>
      <trkpt lat="44.17996" lon="-73.86839">
        <ele>1104.0</ele>
        <time>2026-05-09T17:44:58Z</time>
      </trkpt>
      <trkpt lat="44.17993" lon="-73.86838">
        <ele>1102.71</ele>
        <time>2026-05-09T17:45:05Z</time>
      </trkpt>
      <trkpt lat="44.17992" lon="-73.86838">
        <ele>1102.17</ele>
        <time>2026-05-09T17:45:06Z</time>
      </trkpt>
      <trkpt lat="44.1799" lon="-73.86838">
        <ele>1101.25</ele>
        <time>2026-05-09T17:45:12Z</time>
      </trkpt>
      <trkpt lat="44.17989" lon="-73.86838">
        <ele>1100.92</ele>
        <time>2026-05-09T17:45:13Z</time>
      </trkpt>
      <trkpt lat="44.17986" lon="-73.86838">
        <ele>1099.95</ele>
        <time>2026-05-09T17:45:18Z</time>
      </trkpt>
      <trkpt lat="44.17984" lon="-73.86836">
        <ele>1099.95</ele>
        <time>2026-05-09T17:45:23Z</time>
      </trkpt>
      <trkpt lat="44.17982" lon="-73.86836">
        <ele>1099.3</ele>
        <time>2026-05-09T17:45:28Z</time>
      </trkpt>
      <trkpt lat="44.17981" lon="-73.86836">
        <ele>1098.98</ele>
        <time>2026-05-09T17:45:30Z</time>
      </trkpt>
      <trkpt lat="44.17979" lon="-73.86837">
        <ele>1098.01</ele>
        <time>2026-05-09T17:45:34Z</time>
      </trkpt>
      <trkpt lat="44.17978" lon="-73.8684">
        <ele>1096.71</ele>
        <time>2026-05-09T17:45:39Z</time>
      </trkpt>
      <trkpt lat="44.1798" lon="-73.8684">
        <ele>1097.36</ele>
        <time>2026-05-09T17:45:47Z</time>
      </trkpt>
      <trkpt lat="44.1798" lon="-73.86839">
        <ele>1097.68</ele>
        <time>2026-05-09T17:45:56Z</time>
      </trkpt>
      <trkpt lat="44.1798" lon="-73.86838">
        <ele>1098.01</ele>
        <time>2026-05-09T17:46:04Z</time>
      </trkpt>
      <trkpt lat="44.17979" lon="-73.86837">
        <ele>1098.01</ele>
        <time>2026-05-09T17:46:05Z</time>
      </trkpt>
      <trkpt lat="44.17979" lon="-73.86836">
        <ele>1098.33</ele>
        <time>2026-05-09T17:46:14Z</time>
      </trkpt>
      <trkpt lat="44.17976" lon="-73.86837">
        <ele>1097.04</ele>
        <time>2026-05-09T17:46:21Z</time>
      </trkpt>
      <trkpt lat="44.17975" lon="-73.86838">
        <ele>1096.39</ele>
        <time>2026-05-09T17:46:22Z</time>
      </trkpt>
      <trkpt lat="44.17971" lon="-73.86839">
        <ele>1094.95</ele>
        <time>2026-05-09T17:46:28Z</time>
      </trkpt>
      <trkpt lat="44.17968" lon="-73.86841">
        <ele>1093.68</ele>
        <time>2026-05-09T17:46:33Z</time>
      </trkpt>
      <trkpt lat="44.17967" lon="-73.86843">
        <ele>1092.74</ele>
        <time>2026-05-09T17:46:35Z</time>
      </trkpt>
      <trkpt lat="44.17967" lon="-73.86844">
        <ele>1092.42</ele>
        <time>2026-05-09T17:46:39Z</time>
      </trkpt>
      <trkpt lat="44.17966" lon="-73.86844">
        <ele>1092.2</ele>
        <time>2026-05-09T17:46:41Z</time>
      </trkpt>
      <trkpt lat="44.17965" lon="-73.86845">
        <ele>1091.66</ele>
        <time>2026-05-09T17:46:44Z</time>
      </trkpt>
      <trkpt lat="44.17964" lon="-73.86846">
        <ele>1091.12</ele>
        <time>2026-05-09T17:46:48Z</time>
      </trkpt>
      <trkpt lat="44.1796" lon="-73.86848">
        <ele>1090.25</ele>
        <time>2026-05-09T17:46:53Z</time>
      </trkpt>
      <trkpt lat="44.1796" lon="-73.86849">
        <ele>1089.92</ele>
        <time>2026-05-09T17:46:55Z</time>
      </trkpt>
      <trkpt lat="44.17957" lon="-73.86851">
        <ele>1089.28</ele>
        <time>2026-05-09T17:46:59Z</time>
      </trkpt>
      <trkpt lat="44.17957" lon="-73.86851">
        <ele>1089.28</ele>
        <time>2026-05-09T17:47:00Z</time>
      </trkpt>
      <trkpt lat="44.17956" lon="-73.86852">
        <ele>1088.96</ele>
        <time>2026-05-09T17:47:02Z</time>
      </trkpt>
      <trkpt lat="44.17953" lon="-73.86853">
        <ele>1088.55</ele>
        <time>2026-05-09T17:47:10Z</time>
      </trkpt>
      <trkpt lat="44.17953" lon="-73.86853">
        <ele>1088.55</ele>
        <time>2026-05-09T17:47:11Z</time>
      </trkpt>
      <trkpt lat="44.17949" lon="-73.86856">
        <ele>1087.15</ele>
        <time>2026-05-09T17:47:17Z</time>
      </trkpt>
      <trkpt lat="44.17947" lon="-73.86857">
        <ele>1086.61</ele>
        <time>2026-05-09T17:47:20Z</time>
      </trkpt>
      <trkpt lat="44.17941" lon="-73.86858">
        <ele>1086.01</ele>
        <time>2026-05-09T17:47:26Z</time>
      </trkpt>
      <trkpt lat="44.17938" lon="-73.8686">
        <ele>1085.36</ele>
        <time>2026-05-09T17:47:30Z</time>
      </trkpt>
      <trkpt lat="44.17935" lon="-73.86863">
        <ele>1084.39</ele>
        <time>2026-05-09T17:47:35Z</time>
      </trkpt>
      <trkpt lat="44.17933" lon="-73.86865">
        <ele>1083.74</ele>
        <time>2026-05-09T17:47:39Z</time>
      </trkpt>
      <trkpt lat="44.1793" lon="-73.86866">
        <ele>1083.42</ele>
        <time>2026-05-09T17:47:43Z</time>
      </trkpt>
      <trkpt lat="44.17927" lon="-73.86869">
        <ele>1082.44</ele>
        <time>2026-05-09T17:47:48Z</time>
      </trkpt>
      <trkpt lat="44.17926" lon="-73.8687">
        <ele>1082.12</ele>
        <time>2026-05-09T17:47:50Z</time>
      </trkpt>
      <trkpt lat="44.17924" lon="-73.86875">
        <ele>1081.1</ele>
        <time>2026-05-09T17:47:56Z</time>
      </trkpt>
      <trkpt lat="44.17924" lon="-73.86875">
        <ele>1081.1</ele>
        <time>2026-05-09T17:47:57Z</time>
      </trkpt>
      <trkpt lat="44.17922" lon="-73.86874">
        <ele>1081.47</ele>
        <time>2026-05-09T17:48:02Z</time>
      </trkpt>
      <trkpt lat="44.17921" lon="-73.86875">
        <ele>1081.27</ele>
        <time>2026-05-09T17:48:03Z</time>
      </trkpt>
      <trkpt lat="44.17919" lon="-73.86877">
        <ele>1080.78</ele>
        <time>2026-05-09T17:48:06Z</time>
      </trkpt>
      <trkpt lat="44.17918" lon="-73.86878">
        <ele>1080.5</ele>
        <time>2026-05-09T17:48:12Z</time>
      </trkpt>
      <trkpt lat="44.17917" lon="-73.86879">
        <ele>1080.2</ele>
        <time>2026-05-09T17:48:16Z</time>
      </trkpt>
      <trkpt lat="44.17916" lon="-73.86879">
        <ele>1080.27</ele>
        <time>2026-05-09T17:48:18Z</time>
      </trkpt>
      <trkpt lat="44.17912" lon="-73.8688">
        <ele>1080.38</ele>
        <time>2026-05-09T17:48:23Z</time>
      </trkpt>
      <trkpt lat="44.1791" lon="-73.8688">
        <ele>1080.6</ele>
        <time>2026-05-09T17:48:26Z</time>
      </trkpt>
      <trkpt lat="44.17908" lon="-73.86883">
        <ele>1079.84</ele>
        <time>2026-05-09T17:48:31Z</time>
      </trkpt>
      <trkpt lat="44.17908" lon="-73.86883">
        <ele>1079.84</ele>
        <time>2026-05-09T17:48:32Z</time>
      </trkpt>
      <trkpt lat="44.17904" lon="-73.86884">
        <ele>1079.95</ele>
        <time>2026-05-09T17:48:39Z</time>
      </trkpt>
      <trkpt lat="44.17901" lon="-73.86887">
        <ele>1079.3</ele>
        <time>2026-05-09T17:48:43Z</time>
      </trkpt>
      <trkpt lat="44.179" lon="-73.86888">
        <ele>1079.09</ele>
        <time>2026-05-09T17:48:46Z</time>
      </trkpt>
      <trkpt lat="44.17897" lon="-73.8689">
        <ele>1078.64</ele>
        <time>2026-05-09T17:48:49Z</time>
      </trkpt>
      <trkpt lat="44.17893" lon="-73.86892">
        <ele>1077.99</ele>
        <time>2026-05-09T17:48:54Z</time>
      </trkpt>
      <trkpt lat="44.17891" lon="-73.86893">
        <ele>1077.67</ele>
        <time>2026-05-09T17:48:58Z</time>
      </trkpt>
      <trkpt lat="44.1789" lon="-73.86896">
        <ele>1076.7</ele>
        <time>2026-05-09T17:49:04Z</time>
      </trkpt>
      <trkpt lat="44.1789" lon="-73.86896">
        <ele>1076.7</ele>
        <time>2026-05-09T17:49:05Z</time>
      </trkpt>
      <trkpt lat="44.17889" lon="-73.86899">
        <ele>1075.81</ele>
        <time>2026-05-09T17:49:11Z</time>
      </trkpt>
      <trkpt lat="44.17889" lon="-73.869">
        <ele>1075.6</ele>
        <time>2026-05-09T17:49:12Z</time>
      </trkpt>
      <trkpt lat="44.17888" lon="-73.86903">
        <ele>1075.0</ele>
        <time>2026-05-09T17:49:18Z</time>
      </trkpt>
      <trkpt lat="44.17888" lon="-73.86904">
        <ele>1074.77</ele>
        <time>2026-05-09T17:49:20Z</time>
      </trkpt>
      <trkpt lat="44.17886" lon="-73.86906">
        <ele>1074.35</ele>
        <time>2026-05-09T17:49:27Z</time>
      </trkpt>
      <trkpt lat="44.17886" lon="-73.86907">
        <ele>1074.1</ele>
        <time>2026-05-09T17:49:30Z</time>
      </trkpt>
      <trkpt lat="44.17884" lon="-73.8691">
        <ele>1073.16</ele>
        <time>2026-05-09T17:49:36Z</time>
      </trkpt>
      <trkpt lat="44.17883" lon="-73.8691">
        <ele>1073.16</ele>
        <time>2026-05-09T17:49:37Z</time>
      </trkpt>
      <trkpt lat="44.1788" lon="-73.86914">
        <ele>1071.86</ele>
        <time>2026-05-09T17:49:45Z</time>
      </trkpt>
      <trkpt lat="44.17879" lon="-73.86914">
        <ele>1071.91</ele>
        <time>2026-05-09T17:49:47Z</time>
      </trkpt>
      <trkpt lat="44.17875" lon="-73.86918">
        <ele>1071.14</ele>
        <time>2026-05-09T17:49:53Z</time>
      </trkpt>
      <trkpt lat="44.17875" lon="-73.86918">
        <ele>1071.14</ele>
        <time>2026-05-09T17:49:54Z</time>
      </trkpt>
      <trkpt lat="44.17871" lon="-73.86922">
        <ele>1070.24</ele>
        <time>2026-05-09T17:50:02Z</time>
      </trkpt>
      <trkpt lat="44.17871" lon="-73.86922">
        <ele>1070.24</ele>
        <time>2026-05-09T17:50:03Z</time>
      </trkpt>
      <trkpt lat="44.17867" lon="-73.86925">
        <ele>1069.63</ele>
        <time>2026-05-09T17:50:10Z</time>
      </trkpt>
      <trkpt lat="44.17863" lon="-73.86928">
        <ele>1069.17</ele>
        <time>2026-05-09T17:50:18Z</time>
      </trkpt>
      <trkpt lat="44.17861" lon="-73.86929">
        <ele>1069.01</ele>
        <time>2026-05-09T17:50:22Z</time>
      </trkpt>
      <trkpt lat="44.17859" lon="-73.8693">
        <ele>1068.78</ele>
        <time>2026-05-09T17:50:25Z</time>
      </trkpt>
      <trkpt lat="44.17856" lon="-73.86933">
        <ele>1068.13</ele>
        <time>2026-05-09T17:50:32Z</time>
      </trkpt>
      <trkpt lat="44.17855" lon="-73.86934">
        <ele>1067.96</ele>
        <time>2026-05-09T17:50:34Z</time>
      </trkpt>
      <trkpt lat="44.1785" lon="-73.86936">
        <ele>1067.74</ele>
        <time>2026-05-09T17:50:41Z</time>
      </trkpt>
      <trkpt lat="44.17849" lon="-73.86938">
        <ele>1067.09</ele>
        <time>2026-05-09T17:50:43Z</time>
      </trkpt>
      <trkpt lat="44.17849" lon="-73.8694">
        <ele>1066.44</ele>
        <time>2026-05-09T17:50:49Z</time>
      </trkpt>
      <trkpt lat="44.17846" lon="-73.86941">
        <ele>1066.12</ele>
        <time>2026-05-09T17:50:56Z</time>
      </trkpt>
      <trkpt lat="44.17846" lon="-73.86941">
        <ele>1066.12</ele>
        <time>2026-05-09T17:50:57Z</time>
      </trkpt>
      <trkpt lat="44.17839" lon="-73.86942">
        <ele>1065.69</ele>
        <time>2026-05-09T17:51:05Z</time>
      </trkpt>
      <trkpt lat="44.17834" lon="-73.86944">
        <ele>1065.1</ele>
        <time>2026-05-09T17:51:13Z</time>
      </trkpt>
      <trkpt lat="44.17831" lon="-73.86947">
        <ele>1064.17</ele>
        <time>2026-05-09T17:51:17Z</time>
      </trkpt>
      <trkpt lat="44.17829" lon="-73.86949">
        <ele>1063.52</ele>
        <time>2026-05-09T17:51:21Z</time>
      </trkpt>
      <trkpt lat="44.17828" lon="-73.86951">
        <ele>1062.88</ele>
        <time>2026-05-09T17:51:23Z</time>
      </trkpt>
      <trkpt lat="44.17822" lon="-73.86953">
        <ele>1062.0</ele>
        <time>2026-05-09T17:51:29Z</time>
      </trkpt>
      <trkpt lat="44.17817" lon="-73.86956">
        <ele>1060.68</ele>
        <time>2026-05-09T17:51:35Z</time>
      </trkpt>
      <trkpt lat="44.17814" lon="-73.86957">
        <ele>1060.26</ele>
        <time>2026-05-09T17:51:39Z</time>
      </trkpt>
      <trkpt lat="44.17813" lon="-73.86957">
        <ele>1060.22</ele>
        <time>2026-05-09T17:51:40Z</time>
      </trkpt>
      <trkpt lat="44.17808" lon="-73.86961">
        <ele>1058.84</ele>
        <time>2026-05-09T17:51:46Z</time>
      </trkpt>
      <trkpt lat="44.17807" lon="-73.86962">
        <ele>1058.45</ele>
        <time>2026-05-09T17:51:50Z</time>
      </trkpt>
      <trkpt lat="44.17805" lon="-73.86964">
        <ele>1057.6</ele>
        <time>2026-05-09T17:51:54Z</time>
      </trkpt>
      <trkpt lat="44.17801" lon="-73.86966">
        <ele>1056.52</ele>
        <time>2026-05-09T17:51:59Z</time>
      </trkpt>
      <trkpt lat="44.17799" lon="-73.86967">
        <ele>1055.98</ele>
        <time>2026-05-09T17:52:02Z</time>
      </trkpt>
      <trkpt lat="44.17796" lon="-73.86971">
        <ele>1054.4</ele>
        <time>2026-05-09T17:52:09Z</time>
      </trkpt>
      <trkpt lat="44.17796" lon="-73.86973">
        <ele>1053.75</ele>
        <time>2026-05-09T17:52:10Z</time>
      </trkpt>
      <trkpt lat="44.17792" lon="-73.86974">
        <ele>1053.42</ele>
        <time>2026-05-09T17:52:15Z</time>
      </trkpt>
      <trkpt lat="44.17792" lon="-73.86974">
        <ele>1053.42</ele>
        <time>2026-05-09T17:52:16Z</time>
      </trkpt>
      <trkpt lat="44.17789" lon="-73.86976">
        <ele>1052.78</ele>
        <time>2026-05-09T17:52:21Z</time>
      </trkpt>
      <trkpt lat="44.17782" lon="-73.86978">
        <ele>1052.13</ele>
        <time>2026-05-09T17:52:29Z</time>
      </trkpt>
      <trkpt lat="44.17776" lon="-73.8698">
        <ele>1051.48</ele>
        <time>2026-05-09T17:52:37Z</time>
      </trkpt>
      <trkpt lat="44.17775" lon="-73.8698">
        <ele>1051.48</ele>
        <time>2026-05-09T17:52:38Z</time>
      </trkpt>
      <trkpt lat="44.17771" lon="-73.86982">
        <ele>1050.89</ele>
        <time>2026-05-09T17:52:44Z</time>
      </trkpt>
      <trkpt lat="44.17771" lon="-73.86983">
        <ele>1050.67</ele>
        <time>2026-05-09T17:52:45Z</time>
      </trkpt>
      <trkpt lat="44.17769" lon="-73.86985">
        <ele>1050.24</ele>
        <time>2026-05-09T17:52:51Z</time>
      </trkpt>
      <trkpt lat="44.17765" lon="-73.86986">
        <ele>1050.22</ele>
        <time>2026-05-09T17:52:57Z</time>
      </trkpt>
      <trkpt lat="44.17765" lon="-73.86987">
        <ele>1049.96</ele>
        <time>2026-05-09T17:52:58Z</time>
      </trkpt>
      <trkpt lat="44.17759" lon="-73.86989">
        <ele>1049.56</ele>
        <time>2026-05-09T17:53:05Z</time>
      </trkpt>
      <trkpt lat="44.17755" lon="-73.8699">
        <ele>1049.24</ele>
        <time>2026-05-09T17:53:12Z</time>
      </trkpt>
      <trkpt lat="44.17751" lon="-73.86992">
        <ele>1048.59</ele>
        <time>2026-05-09T17:53:18Z</time>
      </trkpt>
      <trkpt lat="44.1775" lon="-73.86993">
        <ele>1048.27</ele>
        <time>2026-05-09T17:53:20Z</time>
      </trkpt>
      <trkpt lat="44.17746" lon="-73.86995">
        <ele>1047.19</ele>
        <time>2026-05-09T17:53:26Z</time>
      </trkpt>
      <trkpt lat="44.17745" lon="-73.86996">
        <ele>1046.76</ele>
        <time>2026-05-09T17:53:27Z</time>
      </trkpt>
      <trkpt lat="44.17742" lon="-73.86997">
        <ele>1046.11</ele>
        <time>2026-05-09T17:53:33Z</time>
      </trkpt>
      <trkpt lat="44.17741" lon="-73.86998">
        <ele>1045.68</ele>
        <time>2026-05-09T17:53:35Z</time>
      </trkpt>
      <trkpt lat="44.17738" lon="-73.87">
        <ele>1045.0</ele>
        <time>2026-05-09T17:53:41Z</time>
      </trkpt>
      <trkpt lat="44.17737" lon="-73.87">
        <ele>1045.0</ele>
        <time>2026-05-09T17:53:43Z</time>
      </trkpt>
      <trkpt lat="44.17736" lon="-73.87">
        <ele>1045.0</ele>
        <time>2026-05-09T17:53:46Z</time>
      </trkpt>
      <trkpt lat="44.17735" lon="-73.87001">
        <ele>1044.72</ele>
        <time>2026-05-09T17:53:49Z</time>
      </trkpt>
      <trkpt lat="44.17732" lon="-73.87002">
        <ele>1044.36</ele>
        <time>2026-05-09T17:53:55Z</time>
      </trkpt>
      <trkpt lat="44.1773" lon="-73.87002">
        <ele>1044.07</ele>
        <time>2026-05-09T17:53:58Z</time>
      </trkpt>
      <trkpt lat="44.17727" lon="-73.87002">
        <ele>1043.49</ele>
        <time>2026-05-09T17:54:02Z</time>
      </trkpt>
      <trkpt lat="44.17724" lon="-73.87003">
        <ele>1042.67</ele>
        <time>2026-05-09T17:54:06Z</time>
      </trkpt>
      <trkpt lat="44.17721" lon="-73.87003">
        <ele>1042.18</ele>
        <time>2026-05-09T17:54:11Z</time>
      </trkpt>
      <trkpt lat="44.17719" lon="-73.87004">
        <ele>1041.64</ele>
        <time>2026-05-09T17:54:17Z</time>
      </trkpt>
      <trkpt lat="44.17715" lon="-73.87006">
        <ele>1040.42</ele>
        <time>2026-05-09T17:54:24Z</time>
      </trkpt>
      <trkpt lat="44.17715" lon="-73.87006">
        <ele>1040.42</ele>
        <time>2026-05-09T17:54:25Z</time>
      </trkpt>
      <trkpt lat="44.17713" lon="-73.87009">
        <ele>1039.09</ele>
        <time>2026-05-09T17:54:30Z</time>
      </trkpt>
      <trkpt lat="44.17712" lon="-73.87009">
        <ele>1038.98</ele>
        <time>2026-05-09T17:54:34Z</time>
      </trkpt>
      <trkpt lat="44.1771" lon="-73.87009">
        <ele>1038.76</ele>
        <time>2026-05-09T17:54:37Z</time>
      </trkpt>
      <trkpt lat="44.17707" lon="-73.87011">
        <ele>1037.98</ele>
        <time>2026-05-09T17:54:43Z</time>
      </trkpt>
      <trkpt lat="44.17706" lon="-73.87011">
        <ele>1037.87</ele>
        <time>2026-05-09T17:54:44Z</time>
      </trkpt>
      <trkpt lat="44.17702" lon="-73.87012">
        <ele>1037.04</ele>
        <time>2026-05-09T17:54:50Z</time>
      </trkpt>
      <trkpt lat="44.17701" lon="-73.87012">
        <ele>1036.82</ele>
        <time>2026-05-09T17:54:53Z</time>
      </trkpt>
      <trkpt lat="44.17699" lon="-73.87012">
        <ele>1036.39</ele>
        <time>2026-05-09T17:54:59Z</time>
      </trkpt>
      <trkpt lat="44.17698" lon="-73.87013">
        <ele>1035.96</ele>
        <time>2026-05-09T17:55:01Z</time>
      </trkpt>
      <trkpt lat="44.17696" lon="-73.87014">
        <ele>1035.31</ele>
        <time>2026-05-09T17:55:11Z</time>
      </trkpt>
      <trkpt lat="44.17695" lon="-73.87014">
        <ele>1035.1</ele>
        <time>2026-05-09T17:55:13Z</time>
      </trkpt>
      <trkpt lat="44.17693" lon="-73.87014">
        <ele>1034.74</ele>
        <time>2026-05-09T17:55:19Z</time>
      </trkpt>
      <trkpt lat="44.17691" lon="-73.87014">
        <ele>1034.42</ele>
        <time>2026-05-09T17:55:21Z</time>
      </trkpt>
      <trkpt lat="44.17688" lon="-73.87012">
        <ele>1034.22</ele>
        <time>2026-05-09T17:55:29Z</time>
      </trkpt>
      <trkpt lat="44.17687" lon="-73.87012">
        <ele>1034.04</ele>
        <time>2026-05-09T17:55:31Z</time>
      </trkpt>
      <trkpt lat="44.17684" lon="-73.87011">
        <ele>1033.66</ele>
        <time>2026-05-09T17:55:36Z</time>
      </trkpt>
      <trkpt lat="44.1768" lon="-73.87009">
        <ele>1033.48</ele>
        <time>2026-05-09T17:55:43Z</time>
      </trkpt>
      <trkpt lat="44.1768" lon="-73.87009">
        <ele>1033.48</ele>
        <time>2026-05-09T17:55:44Z</time>
      </trkpt>
      <trkpt lat="44.17678" lon="-73.87008">
        <ele>1033.39</ele>
        <time>2026-05-09T17:55:53Z</time>
      </trkpt>
      <trkpt lat="44.17675" lon="-73.87008">
        <ele>1032.85</ele>
        <time>2026-05-09T17:56:01Z</time>
      </trkpt>
      <trkpt lat="44.17671" lon="-73.87008">
        <ele>1031.61</ele>
        <time>2026-05-09T17:56:05Z</time>
      </trkpt>
      <trkpt lat="44.1767" lon="-73.87008">
        <ele>1031.3</ele>
        <time>2026-05-09T17:56:07Z</time>
      </trkpt>
      <trkpt lat="44.17668" lon="-73.87005">
        <ele>1031.29</ele>
        <time>2026-05-09T17:56:15Z</time>
      </trkpt>
      <trkpt lat="44.17662" lon="-73.87003">
        <ele>1030.34</ele>
        <time>2026-05-09T17:56:22Z</time>
      </trkpt>
      <trkpt lat="44.17662" lon="-73.87003">
        <ele>1030.34</ele>
        <time>2026-05-09T17:56:23Z</time>
      </trkpt>
      <trkpt lat="44.17657" lon="-73.87003">
        <ele>1029.23</ele>
        <time>2026-05-09T17:56:28Z</time>
      </trkpt>
      <trkpt lat="44.17656" lon="-73.87003">
        <ele>1028.95</ele>
        <time>2026-05-09T17:56:29Z</time>
      </trkpt>
      <trkpt lat="44.17651" lon="-73.87003">
        <ele>1027.5</ele>
        <time>2026-05-09T17:56:37Z</time>
      </trkpt>
      <trkpt lat="44.17652" lon="-73.87002">
        <ele>1027.94</ele>
        <time>2026-05-09T17:56:38Z</time>
      </trkpt>
      <trkpt lat="44.17649" lon="-73.87001">
        <ele>1027.16</ele>
        <time>2026-05-09T17:56:44Z</time>
      </trkpt>
      <trkpt lat="44.17645" lon="-73.87001">
        <ele>1026.21</ele>
        <time>2026-05-09T17:56:51Z</time>
      </trkpt>
      <trkpt lat="44.1764" lon="-73.87002">
        <ele>1025.02</ele>
        <time>2026-05-09T17:56:57Z</time>
      </trkpt>
      <trkpt lat="44.17639" lon="-73.87001">
        <ele>1024.92</ele>
        <time>2026-05-09T17:56:59Z</time>
      </trkpt>
      <trkpt lat="44.17635" lon="-73.86998">
        <ele>1024.38</ele>
        <time>2026-05-09T17:57:05Z</time>
      </trkpt>
      <trkpt lat="44.17634" lon="-73.86996">
        <ele>1024.38</ele>
        <time>2026-05-09T17:57:07Z</time>
      </trkpt>
      <trkpt lat="44.17628" lon="-73.86993">
        <ele>1023.4</ele>
        <time>2026-05-09T17:57:14Z</time>
      </trkpt>
      <trkpt lat="44.17627" lon="-73.86993">
        <ele>1023.19</ele>
        <time>2026-05-09T17:57:15Z</time>
      </trkpt>
      <trkpt lat="44.17625" lon="-73.86991">
        <ele>1022.97</ele>
        <time>2026-05-09T17:57:17Z</time>
      </trkpt>
      <trkpt lat="44.17619" lon="-73.8699">
        <ele>1021.8</ele>
        <time>2026-05-09T17:57:23Z</time>
      </trkpt>
      <trkpt lat="44.17616" lon="-73.86988">
        <ele>1021.49</ele>
        <time>2026-05-09T17:57:27Z</time>
      </trkpt>
      <trkpt lat="44.17614" lon="-73.86987">
        <ele>1021.31</ele>
        <time>2026-05-09T17:57:30Z</time>
      </trkpt>
      <trkpt lat="44.17609" lon="-73.86985">
        <ele>1020.64</ele>
        <time>2026-05-09T17:57:37Z</time>
      </trkpt>
      <trkpt lat="44.17607" lon="-73.86984">
        <ele>1020.24</ele>
        <time>2026-05-09T17:57:40Z</time>
      </trkpt>
      <trkpt lat="44.17604" lon="-73.86981">
        <ele>1019.79</ele>
        <time>2026-05-09T17:57:45Z</time>
      </trkpt>
      <trkpt lat="44.176" lon="-73.8698">
        <ele>1018.92</ele>
        <time>2026-05-09T17:57:49Z</time>
      </trkpt>
      <trkpt lat="44.17597" lon="-73.8698">
        <ele>1018.27</ele>
        <time>2026-05-09T17:57:52Z</time>
      </trkpt>
      <trkpt lat="44.17594" lon="-73.86977">
        <ele>1018.27</ele>
        <time>2026-05-09T17:57:58Z</time>
      </trkpt>
      <trkpt lat="44.17591" lon="-73.86976">
        <ele>1017.67</ele>
        <time>2026-05-09T17:58:03Z</time>
      </trkpt>
      <trkpt lat="44.17589" lon="-73.86975">
        <ele>1017.24</ele>
        <time>2026-05-09T17:58:06Z</time>
      </trkpt>
      <trkpt lat="44.17586" lon="-73.86974">
        <ele>1016.48</ele>
        <time>2026-05-09T17:58:12Z</time>
      </trkpt>
      <trkpt lat="44.17584" lon="-73.86972">
        <ele>1016.26</ele>
        <time>2026-05-09T17:58:15Z</time>
      </trkpt>
      <trkpt lat="44.17577" lon="-73.86969">
        <ele>1014.64</ele>
        <time>2026-05-09T17:58:22Z</time>
      </trkpt>
      <trkpt lat="44.17575" lon="-73.86968">
        <ele>1014.21</ele>
        <time>2026-05-09T17:58:24Z</time>
      </trkpt>
      <trkpt lat="44.17573" lon="-73.86964">
        <ele>1014.43</ele>
        <time>2026-05-09T17:58:30Z</time>
      </trkpt>
      <trkpt lat="44.17571" lon="-73.86961">
        <ele>1014.43</ele>
        <time>2026-05-09T17:58:36Z</time>
      </trkpt>
      <trkpt lat="44.1757" lon="-73.8696">
        <ele>1014.32</ele>
        <time>2026-05-09T17:58:38Z</time>
      </trkpt>
      <trkpt lat="44.17569" lon="-73.8696">
        <ele>1014.0</ele>
        <time>2026-05-09T17:58:45Z</time>
      </trkpt>
      <trkpt lat="44.17568" lon="-73.8696">
        <ele>1013.67</ele>
        <time>2026-05-09T17:58:54Z</time>
      </trkpt>
      <trkpt lat="44.17566" lon="-73.86957">
        <ele>1013.67</ele>
        <time>2026-05-09T17:58:59Z</time>
      </trkpt>
      <trkpt lat="44.17565" lon="-73.86954">
        <ele>1014.0</ele>
        <time>2026-05-09T17:59:02Z</time>
      </trkpt>
      <trkpt lat="44.17562" lon="-73.86953">
        <ele>1012.88</ele>
        <time>2026-05-09T17:59:08Z</time>
      </trkpt>
      <trkpt lat="44.17559" lon="-73.86952">
        <ele>1011.79</ele>
        <time>2026-05-09T17:59:11Z</time>
      </trkpt>
      <trkpt lat="44.17552" lon="-73.86948">
        <ele>1009.84</ele>
        <time>2026-05-09T17:59:17Z</time>
      </trkpt>
      <trkpt lat="44.1755" lon="-73.86947">
        <ele>1009.21</ele>
        <time>2026-05-09T17:59:24Z</time>
      </trkpt>
      <trkpt lat="44.17544" lon="-73.86946">
        <ele>1007.09</ele>
        <time>2026-05-09T17:59:31Z</time>
      </trkpt>
      <trkpt lat="44.17543" lon="-73.86946">
        <ele>1006.76</ele>
        <time>2026-05-09T17:59:33Z</time>
      </trkpt>
      <trkpt lat="44.17539" lon="-73.86946">
        <ele>1005.47</ele>
        <time>2026-05-09T17:59:40Z</time>
      </trkpt>
      <trkpt lat="44.17535" lon="-73.86942">
        <ele>1004.6</ele>
        <time>2026-05-09T17:59:48Z</time>
      </trkpt>
      <trkpt lat="44.1753" lon="-73.86939">
        <ele>1003.31</ele>
        <time>2026-05-09T17:59:55Z</time>
      </trkpt>
      <trkpt lat="44.17526" lon="-73.86937">
        <ele>1002.23</ele>
        <time>2026-05-09T18:00:01Z</time>
      </trkpt>
      <trkpt lat="44.17522" lon="-73.86936">
        <ele>1001.04</ele>
        <time>2026-05-09T18:00:10Z</time>
      </trkpt>
      <trkpt lat="44.17521" lon="-73.86934">
        <ele>1000.93</ele>
        <time>2026-05-09T18:00:16Z</time>
      </trkpt>
      <trkpt lat="44.17519" lon="-73.86933">
        <ele>1000.39</ele>
        <time>2026-05-09T18:00:18Z</time>
      </trkpt>
      <trkpt lat="44.17517" lon="-73.86932">
        <ele>999.96</ele>
        <time>2026-05-09T18:00:23Z</time>
      </trkpt>
      <trkpt lat="44.17514" lon="-73.86931">
        <ele>999.26</ele>
        <time>2026-05-09T18:00:29Z</time>
      </trkpt>
      <trkpt lat="44.17512" lon="-73.8693">
        <ele>998.76</ele>
        <time>2026-05-09T18:00:31Z</time>
      </trkpt>
      <trkpt lat="44.1751" lon="-73.86927">
        <ele>998.23</ele>
        <time>2026-05-09T18:00:36Z</time>
      </trkpt>
      <trkpt lat="44.1751" lon="-73.86926">
        <ele>998.24</ele>
        <time>2026-05-09T18:00:37Z</time>
      </trkpt>
      <trkpt lat="44.17507" lon="-73.86923">
        <ele>997.35</ele>
        <time>2026-05-09T18:00:44Z</time>
      </trkpt>
      <trkpt lat="44.17506" lon="-73.86922">
        <ele>997.09</ele>
        <time>2026-05-09T18:00:45Z</time>
      </trkpt>
      <trkpt lat="44.17502" lon="-73.86917">
        <ele>996.4</ele>
        <time>2026-05-09T18:00:54Z</time>
      </trkpt>
      <trkpt lat="44.17501" lon="-73.86914">
        <ele>996.25</ele>
        <time>2026-05-09T18:01:01Z</time>
      </trkpt>
      <trkpt lat="44.175" lon="-73.86913">
        <ele>996.0</ele>
        <time>2026-05-09T18:01:03Z</time>
      </trkpt>
      <trkpt lat="44.17497" lon="-73.86912">
        <ele>995.03</ele>
        <time>2026-05-09T18:01:07Z</time>
      </trkpt>
      <trkpt lat="44.17494" lon="-73.86908">
        <ele>994.06</ele>
        <time>2026-05-09T18:01:11Z</time>
      </trkpt>
      <trkpt lat="44.17492" lon="-73.86905">
        <ele>993.41</ele>
        <time>2026-05-09T18:01:19Z</time>
      </trkpt>
      <trkpt lat="44.17492" lon="-73.86905">
        <ele>993.41</ele>
        <time>2026-05-09T18:01:20Z</time>
      </trkpt>
      <trkpt lat="44.1749" lon="-73.869">
        <ele>992.84</ele>
        <time>2026-05-09T18:01:26Z</time>
      </trkpt>
      <trkpt lat="44.17488" lon="-73.86899">
        <ele>992.41</ele>
        <time>2026-05-09T18:01:28Z</time>
      </trkpt>
      <trkpt lat="44.17485" lon="-73.86896">
        <ele>991.85</ele>
        <time>2026-05-09T18:01:34Z</time>
      </trkpt>
      <trkpt lat="44.17485" lon="-73.86895">
        <ele>991.89</ele>
        <time>2026-05-09T18:01:35Z</time>
      </trkpt>
      <trkpt lat="44.17484" lon="-73.86892">
        <ele>991.72</ele>
        <time>2026-05-09T18:01:43Z</time>
      </trkpt>
      <trkpt lat="44.17482" lon="-73.86889">
        <ele>991.17</ele>
        <time>2026-05-09T18:01:46Z</time>
      </trkpt>
      <trkpt lat="44.1748" lon="-73.86887">
        <ele>990.2</ele>
        <time>2026-05-09T18:01:49Z</time>
      </trkpt>
      <trkpt lat="44.17477" lon="-73.86886">
        <ele>988.58</ele>
        <time>2026-05-09T18:01:54Z</time>
      </trkpt>
      <trkpt lat="44.17476" lon="-73.86884">
        <ele>988.04</ele>
        <time>2026-05-09T18:01:58Z</time>
      </trkpt>
      <trkpt lat="44.17475" lon="-73.86883">
        <ele>987.5</ele>
        <time>2026-05-09T18:01:59Z</time>
      </trkpt>
      <trkpt lat="44.17475" lon="-73.86881">
        <ele>987.5</ele>
        <time>2026-05-09T18:02:06Z</time>
      </trkpt>
      <trkpt lat="44.17473" lon="-73.86878">
        <ele>986.58</ele>
        <time>2026-05-09T18:02:12Z</time>
      </trkpt>
      <trkpt lat="44.17472" lon="-73.86877">
        <ele>986.16</ele>
        <time>2026-05-09T18:02:15Z</time>
      </trkpt>
      <trkpt lat="44.17471" lon="-73.86875">
        <ele>985.77</ele>
        <time>2026-05-09T18:02:18Z</time>
      </trkpt>
      <trkpt lat="44.17468" lon="-73.86872">
        <ele>984.17</ele>
        <time>2026-05-09T18:02:23Z</time>
      </trkpt>
      <trkpt lat="44.17468" lon="-73.86872">
        <ele>984.17</ele>
        <time>2026-05-09T18:02:25Z</time>
      </trkpt>
      <trkpt lat="44.17465" lon="-73.86868">
        <ele>982.52</ele>
        <time>2026-05-09T18:02:31Z</time>
      </trkpt>
      <trkpt lat="44.17464" lon="-73.86864">
        <ele>982.28</ele>
        <time>2026-05-09T18:02:36Z</time>
      </trkpt>
      <trkpt lat="44.17463" lon="-73.86863">
        <ele>981.82</ele>
        <time>2026-05-09T18:02:38Z</time>
      </trkpt>
      <trkpt lat="44.17459" lon="-73.86861">
        <ele>980.3</ele>
        <time>2026-05-09T18:02:45Z</time>
      </trkpt>
      <trkpt lat="44.17454" lon="-73.86857">
        <ele>978.57</ele>
        <time>2026-05-09T18:02:52Z</time>
      </trkpt>
      <trkpt lat="44.17453" lon="-73.86855">
        <ele>978.43</ele>
        <time>2026-05-09T18:02:55Z</time>
      </trkpt>
      <trkpt lat="44.17452" lon="-73.86853">
        <ele>978.32</ele>
        <time>2026-05-09T18:03:00Z</time>
      </trkpt>
      <trkpt lat="44.1745" lon="-73.86853">
        <ele>977.68</ele>
        <time>2026-05-09T18:03:07Z</time>
      </trkpt>
      <trkpt lat="44.1745" lon="-73.86853">
        <ele>977.68</ele>
        <time>2026-05-09T18:03:08Z</time>
      </trkpt>
      <trkpt lat="44.17449" lon="-73.86852">
        <ele>977.46</ele>
        <time>2026-05-09T18:03:12Z</time>
      </trkpt>
      <trkpt lat="44.17448" lon="-73.86851">
        <ele>977.19</ele>
        <time>2026-05-09T18:03:13Z</time>
      </trkpt>
      <trkpt lat="44.17447" lon="-73.86851">
        <ele>976.85</ele>
        <time>2026-05-09T18:03:15Z</time>
      </trkpt>
      <trkpt lat="44.17444" lon="-73.86849">
        <ele>975.87</ele>
        <time>2026-05-09T18:03:20Z</time>
      </trkpt>
      <trkpt lat="44.17443" lon="-73.86847">
        <ele>975.61</ele>
        <time>2026-05-09T18:03:22Z</time>
      </trkpt>
      <trkpt lat="44.17442" lon="-73.86846">
        <ele>975.37</ele>
        <time>2026-05-09T18:03:24Z</time>
      </trkpt>
      <trkpt lat="44.17438" lon="-73.86841">
        <ele>974.66</ele>
        <time>2026-05-09T18:03:33Z</time>
      </trkpt>
      <trkpt lat="44.17437" lon="-73.8684">
        <ele>974.45</ele>
        <time>2026-05-09T18:03:34Z</time>
      </trkpt>
      <trkpt lat="44.17434" lon="-73.86836">
        <ele>973.71</ele>
        <time>2026-05-09T18:03:40Z</time>
      </trkpt>
      <trkpt lat="44.17433" lon="-73.86835">
        <ele>973.49</ele>
        <time>2026-05-09T18:03:43Z</time>
      </trkpt>
      <trkpt lat="44.17432" lon="-73.86833">
        <ele>973.34</ele>
        <time>2026-05-09T18:03:47Z</time>
      </trkpt>
      <trkpt lat="44.1743" lon="-73.86829">
        <ele>973.09</ele>
        <time>2026-05-09T18:03:52Z</time>
      </trkpt>
      <trkpt lat="44.17428" lon="-73.86824">
        <ele>972.67</ele>
        <time>2026-05-09T18:03:58Z</time>
      </trkpt>
      <trkpt lat="44.17427" lon="-73.86823">
        <ele>972.35</ele>
        <time>2026-05-09T18:04:01Z</time>
      </trkpt>
      <trkpt lat="44.17425" lon="-73.8682">
        <ele>971.7</ele>
        <time>2026-05-09T18:04:08Z</time>
      </trkpt>
      <trkpt lat="44.17424" lon="-73.86819">
        <ele>971.38</ele>
        <time>2026-05-09T18:04:09Z</time>
      </trkpt>
      <trkpt lat="44.17421" lon="-73.86815">
        <ele>970.4</ele>
        <time>2026-05-09T18:04:17Z</time>
      </trkpt>
      <trkpt lat="44.1742" lon="-73.86815">
        <ele>970.08</ele>
        <time>2026-05-09T18:04:19Z</time>
      </trkpt>
      <trkpt lat="44.17418" lon="-73.86812">
        <ele>969.74</ele>
        <time>2026-05-09T18:04:26Z</time>
      </trkpt>
      <trkpt lat="44.17416" lon="-73.86809">
        <ele>969.34</ele>
        <time>2026-05-09T18:04:29Z</time>
      </trkpt>
      <trkpt lat="44.17415" lon="-73.86807">
        <ele>969.12</ele>
        <time>2026-05-09T18:04:33Z</time>
      </trkpt>
      <trkpt lat="44.17413" lon="-73.86805">
        <ele>968.42</ele>
        <time>2026-05-09T18:04:38Z</time>
      </trkpt>
      <trkpt lat="44.17412" lon="-73.86804">
        <ele>967.98</ele>
        <time>2026-05-09T18:04:42Z</time>
      </trkpt>
      <trkpt lat="44.17411" lon="-73.86801">
        <ele>967.55</ele>
        <time>2026-05-09T18:04:47Z</time>
      </trkpt>
      <trkpt lat="44.17408" lon="-73.868">
        <ele>966.26</ele>
        <time>2026-05-09T18:04:52Z</time>
      </trkpt>
      <trkpt lat="44.17407" lon="-73.86799">
        <ele>965.78</ele>
        <time>2026-05-09T18:04:54Z</time>
      </trkpt>
      <trkpt lat="44.17405" lon="-73.86797">
        <ele>964.7</ele>
        <time>2026-05-09T18:04:59Z</time>
      </trkpt>
      <trkpt lat="44.17403" lon="-73.86796">
        <ele>963.65</ele>
        <time>2026-05-09T18:05:03Z</time>
      </trkpt>
      <trkpt lat="44.17402" lon="-73.86796">
        <ele>963.11</ele>
        <time>2026-05-09T18:05:05Z</time>
      </trkpt>
      <trkpt lat="44.174" lon="-73.86793">
        <ele>962.36</ele>
        <time>2026-05-09T18:05:12Z</time>
      </trkpt>
      <trkpt lat="44.17396" lon="-73.8679">
        <ele>960.83</ele>
        <time>2026-05-09T18:05:19Z</time>
      </trkpt>
      <trkpt lat="44.17396" lon="-73.86789">
        <ele>960.91</ele>
        <time>2026-05-09T18:05:21Z</time>
      </trkpt>
      <trkpt lat="44.17394" lon="-73.86785">
        <ele>960.21</ele>
        <time>2026-05-09T18:05:28Z</time>
      </trkpt>
      <trkpt lat="44.17392" lon="-73.86785">
        <ele>959.34</ele>
        <time>2026-05-09T18:05:31Z</time>
      </trkpt>
      <trkpt lat="44.1739" lon="-73.86785">
        <ele>958.48</ele>
        <time>2026-05-09T18:05:33Z</time>
      </trkpt>
      <trkpt lat="44.1739" lon="-73.86783">
        <ele>958.48</ele>
        <time>2026-05-09T18:05:37Z</time>
      </trkpt>
      <trkpt lat="44.1739" lon="-73.86783">
        <ele>958.48</ele>
        <time>2026-05-09T18:05:38Z</time>
      </trkpt>
      <trkpt lat="44.17389" lon="-73.86779">
        <ele>958.05</ele>
        <time>2026-05-09T18:05:45Z</time>
      </trkpt>
      <trkpt lat="44.17388" lon="-73.86777">
        <ele>957.71</ele>
        <time>2026-05-09T18:05:47Z</time>
      </trkpt>
      <trkpt lat="44.17388" lon="-73.86776">
        <ele>957.71</ele>
        <time>2026-05-09T18:05:50Z</time>
      </trkpt>
      <trkpt lat="44.17386" lon="-73.86774">
        <ele>957.06</ele>
        <time>2026-05-09T18:05:53Z</time>
      </trkpt>
      <trkpt lat="44.17388" lon="-73.86769">
        <ele>957.71</ele>
        <time>2026-05-09T18:06:03Z</time>
      </trkpt>
      <trkpt lat="44.17386" lon="-73.86768">
        <ele>957.1</ele>
        <time>2026-05-09T18:06:10Z</time>
      </trkpt>
      <trkpt lat="44.17386" lon="-73.86766">
        <ele>957.25</ele>
        <time>2026-05-09T18:06:13Z</time>
      </trkpt>
      <trkpt lat="44.17385" lon="-73.86767">
        <ele>956.84</ele>
        <time>2026-05-09T18:06:19Z</time>
      </trkpt>
      <trkpt lat="44.17385" lon="-73.86767">
        <ele>956.84</ele>
        <time>2026-05-09T18:06:21Z</time>
      </trkpt>
      <trkpt lat="44.17385" lon="-73.86768">
        <ele>956.77</ele>
        <time>2026-05-09T18:06:32Z</time>
      </trkpt>
      <trkpt lat="44.17385" lon="-73.86768">
        <ele>956.77</ele>
        <time>2026-05-09T18:06:40Z</time>
      </trkpt>
      <trkpt lat="44.17385" lon="-73.86768">
        <ele>956.77</ele>
        <time>2026-05-09T18:06:42Z</time>
      </trkpt>
      <trkpt lat="44.17385" lon="-73.86767">
        <ele>956.84</ele>
        <time>2026-05-09T18:06:53Z</time>
      </trkpt>
      <trkpt lat="44.17384" lon="-73.86767">
        <ele>956.49</ele>
        <time>2026-05-09T18:07:01Z</time>
      </trkpt>
      <trkpt lat="44.17384" lon="-73.86766">
        <ele>956.54</ele>
        <time>2026-05-09T18:07:03Z</time>
      </trkpt>
      <trkpt lat="44.17382" lon="-73.86762">
        <ele>955.95</ele>
        <time>2026-05-09T18:07:12Z</time>
      </trkpt>
      <trkpt lat="44.17382" lon="-73.86761">
        <ele>955.98</ele>
        <time>2026-05-09T18:07:13Z</time>
      </trkpt>
      <trkpt lat="44.17381" lon="-73.86759">
        <ele>955.59</ele>
        <time>2026-05-09T18:07:20Z</time>
      </trkpt>
      <trkpt lat="44.17378" lon="-73.86758">
        <ele>954.47</ele>
        <time>2026-05-09T18:07:24Z</time>
      </trkpt>
      <trkpt lat="44.17378" lon="-73.86758">
        <ele>954.47</ele>
        <time>2026-05-09T18:07:25Z</time>
      </trkpt>
      <trkpt lat="44.17378" lon="-73.86757">
        <ele>954.47</ele>
        <time>2026-05-09T18:07:26Z</time>
      </trkpt>
      <trkpt lat="44.17377" lon="-73.86756">
        <ele>954.15</ele>
        <time>2026-05-09T18:07:28Z</time>
      </trkpt>
      <trkpt lat="44.17377" lon="-73.86753">
        <ele>954.15</ele>
        <time>2026-05-09T18:07:32Z</time>
      </trkpt>
      <trkpt lat="44.17375" lon="-73.8675">
        <ele>953.5</ele>
        <time>2026-05-09T18:07:37Z</time>
      </trkpt>
      <trkpt lat="44.17375" lon="-73.86749">
        <ele>953.55</ele>
        <time>2026-05-09T18:07:38Z</time>
      </trkpt>
      <trkpt lat="44.17372" lon="-73.86744">
        <ele>952.64</ele>
        <time>2026-05-09T18:07:46Z</time>
      </trkpt>
      <trkpt lat="44.1737" lon="-73.86741">
        <ele>951.88</ele>
        <time>2026-05-09T18:07:49Z</time>
      </trkpt>
      <trkpt lat="44.17369" lon="-73.86739">
        <ele>951.72</ele>
        <time>2026-05-09T18:07:52Z</time>
      </trkpt>
      <trkpt lat="44.17366" lon="-73.86734">
        <ele>950.97</ele>
        <time>2026-05-09T18:07:58Z</time>
      </trkpt>
      <trkpt lat="44.17366" lon="-73.86733">
        <ele>951.03</ele>
        <time>2026-05-09T18:08:00Z</time>
      </trkpt>
      <trkpt lat="44.17365" lon="-73.86727">
        <ele>950.96</ele>
        <time>2026-05-09T18:08:10Z</time>
      </trkpt>
      <trkpt lat="44.17362" lon="-73.86722">
        <ele>950.29</ele>
        <time>2026-05-09T18:08:16Z</time>
      </trkpt>
      <trkpt lat="44.17361" lon="-73.86721">
        <ele>949.96</ele>
        <time>2026-05-09T18:08:18Z</time>
      </trkpt>
      <trkpt lat="44.1736" lon="-73.86715">
        <ele>949.64</ele>
        <time>2026-05-09T18:08:23Z</time>
      </trkpt>
      <trkpt lat="44.17359" lon="-73.86714">
        <ele>949.32</ele>
        <time>2026-05-09T18:08:26Z</time>
      </trkpt>
      <trkpt lat="44.17356" lon="-73.86711">
        <ele>948.46</ele>
        <time>2026-05-09T18:08:32Z</time>
      </trkpt>
      <trkpt lat="44.17355" lon="-73.86709">
        <ele>948.3</ele>
        <time>2026-05-09T18:08:35Z</time>
      </trkpt>
      <trkpt lat="44.17352" lon="-73.86704">
        <ele>948.0</ele>
        <time>2026-05-09T18:08:39Z</time>
      </trkpt>
      <trkpt lat="44.17351" lon="-73.86703">
        <ele>947.73</ele>
        <time>2026-05-09T18:08:41Z</time>
      </trkpt>
      <trkpt lat="44.17349" lon="-73.867">
        <ele>947.2</ele>
        <time>2026-05-09T18:08:47Z</time>
      </trkpt>
      <trkpt lat="44.17348" lon="-73.86698">
        <ele>947.01</ele>
        <time>2026-05-09T18:08:50Z</time>
      </trkpt>
      <trkpt lat="44.17346" lon="-73.86695">
        <ele>946.7</ele>
        <time>2026-05-09T18:08:54Z</time>
      </trkpt>
      <trkpt lat="44.17344" lon="-73.86692">
        <ele>946.3</ele>
        <time>2026-05-09T18:08:58Z</time>
      </trkpt>
      <trkpt lat="44.17338" lon="-73.86684">
        <ele>945.01</ele>
        <time>2026-05-09T18:09:07Z</time>
      </trkpt>
      <trkpt lat="44.17334" lon="-73.86676">
        <ele>944.14</ele>
        <time>2026-05-09T18:09:15Z</time>
      </trkpt>
      <trkpt lat="44.17332" lon="-73.86671">
        <ele>943.18</ele>
        <time>2026-05-09T18:09:21Z</time>
      </trkpt>
      <trkpt lat="44.17331" lon="-73.86667">
        <ele>942.53</ele>
        <time>2026-05-09T18:09:24Z</time>
      </trkpt>
      <trkpt lat="44.17327" lon="-73.86658">
        <ele>941.63</ele>
        <time>2026-05-09T18:09:34Z</time>
      </trkpt>
      <trkpt lat="44.17326" lon="-73.86655">
        <ele>941.42</ele>
        <time>2026-05-09T18:09:37Z</time>
      </trkpt>
      <trkpt lat="44.17321" lon="-73.86647">
        <ele>940.29</ele>
        <time>2026-05-09T18:09:44Z</time>
      </trkpt>
      <trkpt lat="44.17318" lon="-73.86643">
        <ele>939.32</ele>
        <time>2026-05-09T18:09:49Z</time>
      </trkpt>
      <trkpt lat="44.17319" lon="-73.8664">
        <ele>939.42</ele>
        <time>2026-05-09T18:09:53Z</time>
      </trkpt>
      <trkpt lat="44.17318" lon="-73.86634">
        <ele>938.85</ele>
        <time>2026-05-09T18:10:02Z</time>
      </trkpt>
      <trkpt lat="44.17317" lon="-73.86633">
        <ele>938.56</ele>
        <time>2026-05-09T18:10:03Z</time>
      </trkpt>
      <trkpt lat="44.17313" lon="-73.86627">
        <ele>937.61</ele>
        <time>2026-05-09T18:10:11Z</time>
      </trkpt>
      <trkpt lat="44.17311" lon="-73.86627">
        <ele>937.18</ele>
        <time>2026-05-09T18:10:13Z</time>
      </trkpt>
      <trkpt lat="44.17309" lon="-73.86624">
        <ele>936.74</ele>
        <time>2026-05-09T18:10:17Z</time>
      </trkpt>
      <trkpt lat="44.17307" lon="-73.86623">
        <ele>936.31</ele>
        <time>2026-05-09T18:10:22Z</time>
      </trkpt>
      <trkpt lat="44.17306" lon="-73.86623">
        <ele>936.1</ele>
        <time>2026-05-09T18:10:26Z</time>
      </trkpt>
      <trkpt lat="44.17303" lon="-73.86623">
        <ele>935.45</ele>
        <time>2026-05-09T18:10:31Z</time>
      </trkpt>
      <trkpt lat="44.17301" lon="-73.86623">
        <ele>935.02</ele>
        <time>2026-05-09T18:10:33Z</time>
      </trkpt>
      <trkpt lat="44.17298" lon="-73.86621">
        <ele>934.37</ele>
        <time>2026-05-09T18:10:40Z</time>
      </trkpt>
      <trkpt lat="44.17295" lon="-73.86621">
        <ele>933.72</ele>
        <time>2026-05-09T18:10:48Z</time>
      </trkpt>
      <trkpt lat="44.17293" lon="-73.86627">
        <ele>933.29</ele>
        <time>2026-05-09T18:10:57Z</time>
      </trkpt>
      <trkpt lat="44.17296" lon="-73.86631">
        <ele>933.94</ele>
        <time>2026-05-09T18:11:04Z</time>
      </trkpt>
      <trkpt lat="44.17296" lon="-73.86633">
        <ele>933.94</ele>
        <time>2026-05-09T18:11:12Z</time>
      </trkpt>
      <trkpt lat="44.17295" lon="-73.86635">
        <ele>933.72</ele>
        <time>2026-05-09T18:11:21Z</time>
      </trkpt>
      <trkpt lat="44.17295" lon="-73.86636">
        <ele>933.72</ele>
        <time>2026-05-09T18:11:30Z</time>
      </trkpt>
      <trkpt lat="44.17295" lon="-73.86633">
        <ele>933.72</ele>
        <time>2026-05-09T18:11:38Z</time>
      </trkpt>
      <trkpt lat="44.17293" lon="-73.86633">
        <ele>933.29</ele>
        <time>2026-05-09T18:11:47Z</time>
      </trkpt>
      <trkpt lat="44.17294" lon="-73.86629">
        <ele>933.5</ele>
        <time>2026-05-09T18:11:54Z</time>
      </trkpt>
      <trkpt lat="44.17294" lon="-73.86628">
        <ele>933.5</ele>
        <time>2026-05-09T18:11:57Z</time>
      </trkpt>
      <trkpt lat="44.17294" lon="-73.86627">
        <ele>933.5</ele>
        <time>2026-05-09T18:11:59Z</time>
      </trkpt>
      <trkpt lat="44.17292" lon="-73.86627">
        <ele>933.07</ele>
        <time>2026-05-09T18:12:07Z</time>
      </trkpt>
      <trkpt lat="44.17292" lon="-73.86629">
        <ele>933.07</ele>
        <time>2026-05-09T18:12:19Z</time>
      </trkpt>
      <trkpt lat="44.17291" lon="-73.86628">
        <ele>932.86</ele>
        <time>2026-05-09T18:12:31Z</time>
      </trkpt>
      <trkpt lat="44.17293" lon="-73.86631">
        <ele>933.29</ele>
        <time>2026-05-09T18:12:42Z</time>
      </trkpt>
      <trkpt lat="44.17295" lon="-73.86631">
        <ele>933.72</ele>
        <time>2026-05-09T18:12:47Z</time>
      </trkpt>
      <trkpt lat="44.17295" lon="-73.86631">
        <ele>933.72</ele>
        <time>2026-05-09T18:12:48Z</time>
      </trkpt>
      <trkpt lat="44.17295" lon="-73.86631">
        <ele>933.72</ele>
        <time>2026-05-09T18:12:49Z</time>
      </trkpt>
      <trkpt lat="44.17295" lon="-73.86631">
        <ele>933.72</ele>
        <time>2026-05-09T18:12:50Z</time>
      </trkpt>
      <trkpt lat="44.17296" lon="-73.8663">
        <ele>933.94</ele>
        <time>2026-05-09T18:12:54Z</time>
      </trkpt>
      <trkpt lat="44.17296" lon="-73.8663">
        <ele>933.94</ele>
        <time>2026-05-09T18:12:57Z</time>
      </trkpt>
      <trkpt lat="44.17296" lon="-73.8663">
        <ele>933.94</ele>
        <time>2026-05-09T18:12:58Z</time>
      </trkpt>
      <trkpt lat="44.17296" lon="-73.86629">
        <ele>933.94</ele>
        <time>2026-05-09T18:13:00Z</time>
      </trkpt>
      <trkpt lat="44.17296" lon="-73.86629">
        <ele>933.94</ele>
        <time>2026-05-09T18:13:02Z</time>
      </trkpt>
      <trkpt lat="44.17293" lon="-73.86628">
        <ele>933.29</ele>
        <time>2026-05-09T18:13:10Z</time>
      </trkpt>
      <trkpt lat="44.17292" lon="-73.86627">
        <ele>933.07</ele>
        <time>2026-05-09T18:13:20Z</time>
      </trkpt>
      <trkpt lat="44.17291" lon="-73.86629">
        <ele>932.86</ele>
        <time>2026-05-09T18:13:32Z</time>
      </trkpt>
      <trkpt lat="44.17291" lon="-73.86631">
        <ele>932.86</ele>
        <time>2026-05-09T18:13:36Z</time>
      </trkpt>
      <trkpt lat="44.17292" lon="-73.86631">
        <ele>933.07</ele>
        <time>2026-05-09T18:13:38Z</time>
      </trkpt>
      <trkpt lat="44.17295" lon="-73.86632">
        <ele>933.72</ele>
        <time>2026-05-09T18:13:49Z</time>
      </trkpt>
      <trkpt lat="44.17295" lon="-73.86629">
        <ele>933.72</ele>
        <time>2026-05-09T18:13:57Z</time>
      </trkpt>
      <trkpt lat="44.17295" lon="-73.86624">
        <ele>933.72</ele>
        <time>2026-05-09T18:14:04Z</time>
      </trkpt>
      <trkpt lat="44.17292" lon="-73.86623">
        <ele>933.07</ele>
        <time>2026-05-09T18:14:10Z</time>
      </trkpt>
      <trkpt lat="44.1729" lon="-73.86622">
        <ele>932.64</ele>
        <time>2026-05-09T18:14:13Z</time>
      </trkpt>
      <trkpt lat="44.17289" lon="-73.8662">
        <ele>932.42</ele>
        <time>2026-05-09T18:14:18Z</time>
      </trkpt>
      <trkpt lat="44.17287" lon="-73.86619">
        <ele>931.99</ele>
        <time>2026-05-09T18:14:25Z</time>
      </trkpt>
      <trkpt lat="44.17287" lon="-73.86619">
        <ele>931.99</ele>
        <time>2026-05-09T18:14:34Z</time>
      </trkpt>
      <trkpt lat="44.17286" lon="-73.86611">
        <ele>931.76</ele>
        <time>2026-05-09T18:14:42Z</time>
      </trkpt>
      <trkpt lat="44.17285" lon="-73.8661">
        <ele>931.44</ele>
        <time>2026-05-09T18:14:44Z</time>
      </trkpt>
      <trkpt lat="44.17285" lon="-73.86609">
        <ele>931.33</ele>
        <time>2026-05-09T18:14:46Z</time>
      </trkpt>
      <trkpt lat="44.17283" lon="-73.86608">
        <ele>930.79</ele>
        <time>2026-05-09T18:14:51Z</time>
      </trkpt>
      <trkpt lat="44.17282" lon="-73.86607">
        <ele>930.47</ele>
        <time>2026-05-09T18:14:54Z</time>
      </trkpt>
      <trkpt lat="44.1728" lon="-73.86605">
        <ele>929.82</ele>
        <time>2026-05-09T18:14:58Z</time>
      </trkpt>
      <trkpt lat="44.17278" lon="-73.86602">
        <ele>929.06</ele>
        <time>2026-05-09T18:15:05Z</time>
      </trkpt>
      <trkpt lat="44.17277" lon="-73.86602">
        <ele>928.76</ele>
        <time>2026-05-09T18:15:06Z</time>
      </trkpt>
      <trkpt lat="44.17274" lon="-73.86599">
        <ele>927.59</ele>
        <time>2026-05-09T18:15:13Z</time>
      </trkpt>
      <trkpt lat="44.17274" lon="-73.86598">
        <ele>927.53</ele>
        <time>2026-05-09T18:15:15Z</time>
      </trkpt>
      <trkpt lat="44.17273" lon="-73.86596">
        <ele>927.15</ele>
        <time>2026-05-09T18:15:20Z</time>
      </trkpt>
      <trkpt lat="44.1727" lon="-73.86592">
        <ele>926.2</ele>
        <time>2026-05-09T18:15:24Z</time>
      </trkpt>
      <trkpt lat="44.1727" lon="-73.86591">
        <ele>926.0</ele>
        <time>2026-05-09T18:15:31Z</time>
      </trkpt>
      <trkpt lat="44.1727" lon="-73.8659">
        <ele>925.8</ele>
        <time>2026-05-09T18:15:33Z</time>
      </trkpt>
      <trkpt lat="44.17269" lon="-73.86586">
        <ele>924.72</ele>
        <time>2026-05-09T18:15:38Z</time>
      </trkpt>
      <trkpt lat="44.17268" lon="-73.86583">
        <ele>923.85</ele>
        <time>2026-05-09T18:15:41Z</time>
      </trkpt>
      <trkpt lat="44.17268" lon="-73.86582">
        <ele>923.74</ele>
        <time>2026-05-09T18:15:42Z</time>
      </trkpt>
      <trkpt lat="44.17264" lon="-73.86579">
        <ele>922.56</ele>
        <time>2026-05-09T18:15:49Z</time>
      </trkpt>
      <trkpt lat="44.17263" lon="-73.86577">
        <ele>922.12</ele>
        <time>2026-05-09T18:15:51Z</time>
      </trkpt>
      <trkpt lat="44.17261" lon="-73.86575">
        <ele>921.48</ele>
        <time>2026-05-09T18:15:55Z</time>
      </trkpt>
      <trkpt lat="44.1726" lon="-73.86572">
        <ele>920.71</ele>
        <time>2026-05-09T18:16:00Z</time>
      </trkpt>
      <trkpt lat="44.17256" lon="-73.86572">
        <ele>919.85</ele>
        <time>2026-05-09T18:16:06Z</time>
      </trkpt>
      <trkpt lat="44.17255" lon="-73.86573">
        <ele>919.85</ele>
        <time>2026-05-09T18:16:08Z</time>
      </trkpt>
      <trkpt lat="44.17252" lon="-73.86574">
        <ele>919.42</ele>
        <time>2026-05-09T18:16:16Z</time>
      </trkpt>
      <trkpt lat="44.1725" lon="-73.86573">
        <ele>918.77</ele>
        <time>2026-05-09T18:16:22Z</time>
      </trkpt>
      <trkpt lat="44.17248" lon="-73.86573">
        <ele>918.12</ele>
        <time>2026-05-09T18:16:26Z</time>
      </trkpt>
      <trkpt lat="44.17247" lon="-73.86573">
        <ele>917.8</ele>
        <time>2026-05-09T18:16:30Z</time>
      </trkpt>
      <trkpt lat="44.17246" lon="-73.86574">
        <ele>917.69</ele>
        <time>2026-05-09T18:16:35Z</time>
      </trkpt>
      <trkpt lat="44.17244" lon="-73.86574">
        <ele>917.04</ele>
        <time>2026-05-09T18:16:38Z</time>
      </trkpt>
      <trkpt lat="44.17241" lon="-73.86573">
        <ele>915.85</ele>
        <time>2026-05-09T18:16:45Z</time>
      </trkpt>
      <trkpt lat="44.17238" lon="-73.86569">
        <ele>914.61</ele>
        <time>2026-05-09T18:16:53Z</time>
      </trkpt>
      <trkpt lat="44.17238" lon="-73.86569">
        <ele>914.61</ele>
        <time>2026-05-09T18:16:54Z</time>
      </trkpt>
      <trkpt lat="44.17234" lon="-73.86569">
        <ele>914.18</ele>
        <time>2026-05-09T18:17:01Z</time>
      </trkpt>
      <trkpt lat="44.17234" lon="-73.86569">
        <ele>914.18</ele>
        <time>2026-05-09T18:17:02Z</time>
      </trkpt>
      <trkpt lat="44.17226" lon="-73.86569">
        <ele>913.04</ele>
        <time>2026-05-09T18:17:09Z</time>
      </trkpt>
      <trkpt lat="44.17224" lon="-73.86569">
        <ele>912.73</ele>
        <time>2026-05-09T18:17:11Z</time>
      </trkpt>
      <trkpt lat="44.1722" lon="-73.86568">
        <ele>911.86</ele>
        <time>2026-05-09T18:17:17Z</time>
      </trkpt>
      <trkpt lat="44.17219" lon="-73.86568">
        <ele>911.65</ele>
        <time>2026-05-09T18:17:18Z</time>
      </trkpt>
      <trkpt lat="44.17218" lon="-73.86568">
        <ele>911.43</ele>
        <time>2026-05-09T18:17:21Z</time>
      </trkpt>
      <trkpt lat="44.17216" lon="-73.86566">
        <ele>910.78</ele>
        <time>2026-05-09T18:17:26Z</time>
      </trkpt>
      <trkpt lat="44.17215" lon="-73.86565">
        <ele>910.46</ele>
        <time>2026-05-09T18:17:28Z</time>
      </trkpt>
      <trkpt lat="44.17209" lon="-73.86564">
        <ele>908.88</ele>
        <time>2026-05-09T18:17:35Z</time>
      </trkpt>
      <trkpt lat="44.17207" lon="-73.86562">
        <ele>907.8</ele>
        <time>2026-05-09T18:17:40Z</time>
      </trkpt>
      <trkpt lat="44.17205" lon="-73.8656">
        <ele>906.72</ele>
        <time>2026-05-09T18:17:42Z</time>
      </trkpt>
      <trkpt lat="44.172" lon="-73.86556">
        <ele>903.94</ele>
        <time>2026-05-09T18:17:49Z</time>
      </trkpt>
      <trkpt lat="44.17199" lon="-73.86554">
        <ele>902.89</ele>
        <time>2026-05-09T18:17:51Z</time>
      </trkpt>
      <trkpt lat="44.17194" lon="-73.86554">
        <ele>901.41</ele>
        <time>2026-05-09T18:17:58Z</time>
      </trkpt>
      <trkpt lat="44.17192" lon="-73.86553">
        <ele>900.72</ele>
        <time>2026-05-09T18:18:01Z</time>
      </trkpt>
      <trkpt lat="44.17187" lon="-73.86555">
        <ele>900.26</ele>
        <time>2026-05-09T18:18:09Z</time>
      </trkpt>
      <trkpt lat="44.17187" lon="-73.86555">
        <ele>900.26</ele>
        <time>2026-05-09T18:18:10Z</time>
      </trkpt>
      <trkpt lat="44.17181" lon="-73.86562">
        <ele>901.18</ele>
        <time>2026-05-09T18:18:19Z</time>
      </trkpt>
      <trkpt lat="44.17178" lon="-73.86565">
        <ele>901.51</ele>
        <time>2026-05-09T18:18:23Z</time>
      </trkpt>
      <trkpt lat="44.17175" lon="-73.86567">
        <ele>901.58</ele>
        <time>2026-05-09T18:18:28Z</time>
      </trkpt>
      <trkpt lat="44.17172" lon="-73.86567">
        <ele>901.18</ele>
        <time>2026-05-09T18:18:33Z</time>
      </trkpt>
      <trkpt lat="44.17171" lon="-73.86566">
        <ele>900.78</ele>
        <time>2026-05-09T18:18:37Z</time>
      </trkpt>
      <trkpt lat="44.17169" lon="-73.86563">
        <ele>899.66</ele>
        <time>2026-05-09T18:18:43Z</time>
      </trkpt>
      <trkpt lat="44.17166" lon="-73.86563">
        <ele>899.25</ele>
        <time>2026-05-09T18:18:47Z</time>
      </trkpt>
      <trkpt lat="44.17163" lon="-73.86562">
        <ele>898.18</ele>
        <time>2026-05-09T18:18:52Z</time>
      </trkpt>
      <trkpt lat="44.1716" lon="-73.86561">
        <ele>897.03</ele>
        <time>2026-05-09T18:18:58Z</time>
      </trkpt>
      <trkpt lat="44.17158" lon="-73.86561">
        <ele>896.51</ele>
        <time>2026-05-09T18:19:01Z</time>
      </trkpt>
      <trkpt lat="44.17154" lon="-73.8656">
        <ele>895.01</ele>
        <time>2026-05-09T18:19:06Z</time>
      </trkpt>
      <trkpt lat="44.17154" lon="-73.8656">
        <ele>895.01</ele>
        <time>2026-05-09T18:19:07Z</time>
      </trkpt>
      <trkpt lat="44.17152" lon="-73.8656">
        <ele>894.47</ele>
        <time>2026-05-09T18:19:10Z</time>
      </trkpt>
      <trkpt lat="44.1715" lon="-73.8656">
        <ele>893.94</ele>
        <time>2026-05-09T18:19:17Z</time>
      </trkpt>
      <trkpt lat="44.17152" lon="-73.86561">
        <ele>894.84</ele>
        <time>2026-05-09T18:19:27Z</time>
      </trkpt>
      <trkpt lat="44.17149" lon="-73.8656">
        <ele>893.67</ele>
        <time>2026-05-09T18:19:35Z</time>
      </trkpt>
      <trkpt lat="44.17148" lon="-73.86559">
        <ele>893.08</ele>
        <time>2026-05-09T18:19:43Z</time>
      </trkpt>
      <trkpt lat="44.17147" lon="-73.86559">
        <ele>892.87</ele>
        <time>2026-05-09T18:19:45Z</time>
      </trkpt>
      <trkpt lat="44.17144" lon="-73.86558">
        <ele>891.9</ele>
        <time>2026-05-09T18:19:51Z</time>
      </trkpt>
      <trkpt lat="44.17141" lon="-73.86558">
        <ele>891.25</ele>
        <time>2026-05-09T18:19:55Z</time>
      </trkpt>
      <trkpt lat="44.17139" lon="-73.86558">
        <ele>890.82</ele>
        <time>2026-05-09T18:19:57Z</time>
      </trkpt>
      <trkpt lat="44.17135" lon="-73.8656">
        <ele>889.96</ele>
        <time>2026-05-09T18:20:03Z</time>
      </trkpt>
      <trkpt lat="44.17135" lon="-73.8656">
        <ele>889.96</ele>
        <time>2026-05-09T18:20:05Z</time>
      </trkpt>
      <trkpt lat="44.17132" lon="-73.86562">
        <ele>889.63</ele>
        <time>2026-05-09T18:20:11Z</time>
      </trkpt>
      <trkpt lat="44.17131" lon="-73.86562">
        <ele>889.27</ele>
        <time>2026-05-09T18:20:16Z</time>
      </trkpt>
      <trkpt lat="44.17127" lon="-73.86561">
        <ele>887.1</ele>
        <time>2026-05-09T18:20:25Z</time>
      </trkpt>
      <trkpt lat="44.17126" lon="-73.86561">
        <ele>886.62</ele>
        <time>2026-05-09T18:20:27Z</time>
      </trkpt>
      <trkpt lat="44.17124" lon="-73.86562">
        <ele>886.17</ele>
        <time>2026-05-09T18:20:32Z</time>
      </trkpt>
      <trkpt lat="44.17121" lon="-73.86564">
        <ele>885.84</ele>
        <time>2026-05-09T18:20:35Z</time>
      </trkpt>
      <trkpt lat="44.1712" lon="-73.86564">
        <ele>885.41</ele>
        <time>2026-05-09T18:20:39Z</time>
      </trkpt>
      <trkpt lat="44.17117" lon="-73.86565">
        <ele>884.6</ele>
        <time>2026-05-09T18:20:45Z</time>
      </trkpt>
      <trkpt lat="44.17115" lon="-73.86565">
        <ele>883.74</ele>
        <time>2026-05-09T18:20:48Z</time>
      </trkpt>
      <trkpt lat="44.17111" lon="-73.86568">
        <ele>882.98</ele>
        <time>2026-05-09T18:20:55Z</time>
      </trkpt>
      <trkpt lat="44.17111" lon="-73.86568">
        <ele>882.98</ele>
        <time>2026-05-09T18:20:56Z</time>
      </trkpt>
      <trkpt lat="44.17111" lon="-73.86573">
        <ele>884.6</ele>
        <time>2026-05-09T18:21:06Z</time>
      </trkpt>
      <trkpt lat="44.1711" lon="-73.86573">
        <ele>884.17</ele>
        <time>2026-05-09T18:21:10Z</time>
      </trkpt>
      <trkpt lat="44.17107" lon="-73.86575">
        <ele>883.52</ele>
        <time>2026-05-09T18:21:16Z</time>
      </trkpt>
      <trkpt lat="44.17106" lon="-73.86575">
        <ele>883.09</ele>
        <time>2026-05-09T18:21:17Z</time>
      </trkpt>
      <trkpt lat="44.17104" lon="-73.86577">
        <ele>882.88</ele>
        <time>2026-05-09T18:21:25Z</time>
      </trkpt>
      <trkpt lat="44.17102" lon="-73.86578">
        <ele>882.34</ele>
        <time>2026-05-09T18:21:29Z</time>
      </trkpt>
      <trkpt lat="44.171" lon="-73.86582">
        <ele>882.8</ele>
        <time>2026-05-09T18:21:35Z</time>
      </trkpt>
      <trkpt lat="44.171" lon="-73.86582">
        <ele>882.8</ele>
        <time>2026-05-09T18:21:36Z</time>
      </trkpt>
      <trkpt lat="44.17098" lon="-73.86584">
        <ele>882.41</ele>
        <time>2026-05-09T18:21:43Z</time>
      </trkpt>
      <trkpt lat="44.17098" lon="-73.86584">
        <ele>882.41</ele>
        <time>2026-05-09T18:21:44Z</time>
      </trkpt>
      <trkpt lat="44.17094" lon="-73.86587">
        <ele>881.0</ele>
        <time>2026-05-09T18:21:50Z</time>
      </trkpt>
      <trkpt lat="44.17091" lon="-73.8659">
        <ele>880.2</ele>
        <time>2026-05-09T18:21:57Z</time>
      </trkpt>
      <trkpt lat="44.17091" lon="-73.86591">
        <ele>880.31</ele>
        <time>2026-05-09T18:21:58Z</time>
      </trkpt>
      <trkpt lat="44.17091" lon="-73.86594">
        <ele>880.66</ele>
        <time>2026-05-09T18:22:07Z</time>
      </trkpt>
      <trkpt lat="44.1709" lon="-73.86599">
        <ele>881.05</ele>
        <time>2026-05-09T18:22:14Z</time>
      </trkpt>
      <trkpt lat="44.1709" lon="-73.86599">
        <ele>881.05</ele>
        <time>2026-05-09T18:22:15Z</time>
      </trkpt>
      <trkpt lat="44.17088" lon="-73.86601">
        <ele>880.87</ele>
        <time>2026-05-09T18:22:19Z</time>
      </trkpt>
      <trkpt lat="44.17087" lon="-73.86606">
        <ele>880.97</ele>
        <time>2026-05-09T18:22:23Z</time>
      </trkpt>
      <trkpt lat="44.17084" lon="-73.86613">
        <ele>880.22</ele>
        <time>2026-05-09T18:22:31Z</time>
      </trkpt>
      <trkpt lat="44.17082" lon="-73.86618">
        <ele>879.57</ele>
        <time>2026-05-09T18:22:38Z</time>
      </trkpt>
      <trkpt lat="44.17081" lon="-73.86622">
        <ele>879.24</ele>
        <time>2026-05-09T18:22:44Z</time>
      </trkpt>
      <trkpt lat="44.17081" lon="-73.86622">
        <ele>879.24</ele>
        <time>2026-05-09T18:22:46Z</time>
      </trkpt>
      <trkpt lat="44.17078" lon="-73.86624">
        <ele>878.27</ele>
        <time>2026-05-09T18:22:54Z</time>
      </trkpt>
      <trkpt lat="44.17078" lon="-73.86624">
        <ele>878.27</ele>
        <time>2026-05-09T18:22:55Z</time>
      </trkpt>
      <trkpt lat="44.17077" lon="-73.86626">
        <ele>877.95</ele>
        <time>2026-05-09T18:23:01Z</time>
      </trkpt>
      <trkpt lat="44.17076" lon="-73.86629">
        <ele>877.62</ele>
        <time>2026-05-09T18:23:09Z</time>
      </trkpt>
      <trkpt lat="44.17075" lon="-73.8663">
        <ele>877.26</ele>
        <time>2026-05-09T18:23:11Z</time>
      </trkpt>
      <trkpt lat="44.17072" lon="-73.86633">
        <ele>875.96</ele>
        <time>2026-05-09T18:23:18Z</time>
      </trkpt>
      <trkpt lat="44.1707" lon="-73.86634">
        <ele>875.21</ele>
        <time>2026-05-09T18:23:23Z</time>
      </trkpt>
      <trkpt lat="44.17068" lon="-73.86634">
        <ele>874.56</ele>
        <time>2026-05-09T18:23:28Z</time>
      </trkpt>
      <trkpt lat="44.17067" lon="-73.86635">
        <ele>874.13</ele>
        <time>2026-05-09T18:23:30Z</time>
      </trkpt>
      <trkpt lat="44.17065" lon="-73.86636">
        <ele>873.37</ele>
        <time>2026-05-09T18:23:37Z</time>
      </trkpt>
      <trkpt lat="44.17061" lon="-73.86635">
        <ele>872.42</ele>
        <time>2026-05-09T18:23:45Z</time>
      </trkpt>
      <trkpt lat="44.1706" lon="-73.86635">
        <ele>872.16</ele>
        <time>2026-05-09T18:23:47Z</time>
      </trkpt>
      <trkpt lat="44.17056" lon="-73.86634">
        <ele>871.12</ele>
        <time>2026-05-09T18:23:52Z</time>
      </trkpt>
      <trkpt lat="44.17052" lon="-73.86633">
        <ele>869.85</ele>
        <time>2026-05-09T18:23:58Z</time>
      </trkpt>
      <trkpt lat="44.1705" lon="-73.86633">
        <ele>869.2</ele>
        <time>2026-05-09T18:24:01Z</time>
      </trkpt>
      <trkpt lat="44.17049" lon="-73.86633">
        <ele>868.88</ele>
        <time>2026-05-09T18:24:06Z</time>
      </trkpt>
      <trkpt lat="44.17046" lon="-73.86629">
        <ele>867.97</ele>
        <time>2026-05-09T18:24:15Z</time>
      </trkpt>
      <trkpt lat="44.17044" lon="-73.86629">
        <ele>867.31</ele>
        <time>2026-05-09T18:24:24Z</time>
      </trkpt>
      <trkpt lat="44.17044" lon="-73.86629">
        <ele>867.31</ele>
        <time>2026-05-09T18:24:26Z</time>
      </trkpt>
      <trkpt lat="44.17041" lon="-73.86629">
        <ele>866.31</ele>
        <time>2026-05-09T18:24:32Z</time>
      </trkpt>
      <trkpt lat="44.17041" lon="-73.8663">
        <ele>866.28</ele>
        <time>2026-05-09T18:24:36Z</time>
      </trkpt>
      <trkpt lat="44.1704" lon="-73.86629">
        <ele>865.98</ele>
        <time>2026-05-09T18:24:39Z</time>
      </trkpt>
      <trkpt lat="44.17039" lon="-73.86628">
        <ele>865.67</ele>
        <time>2026-05-09T18:24:41Z</time>
      </trkpt>
      <trkpt lat="44.17037" lon="-73.86626">
        <ele>864.99</ele>
        <time>2026-05-09T18:24:45Z</time>
      </trkpt>
      <trkpt lat="44.17034" lon="-73.86623">
        <ele>864.34</ele>
        <time>2026-05-09T18:24:50Z</time>
      </trkpt>
      <trkpt lat="44.17033" lon="-73.8662">
        <ele>864.13</ele>
        <time>2026-05-09T18:24:53Z</time>
      </trkpt>
      <trkpt lat="44.17031" lon="-73.86615">
        <ele>863.7</ele>
        <time>2026-05-09T18:24:58Z</time>
      </trkpt>
      <trkpt lat="44.17032" lon="-73.86609">
        <ele>863.91</ele>
        <time>2026-05-09T18:25:04Z</time>
      </trkpt>
      <trkpt lat="44.17032" lon="-73.86606">
        <ele>863.91</ele>
        <time>2026-05-09T18:25:07Z</time>
      </trkpt>
      <trkpt lat="44.17031" lon="-73.86602">
        <ele>863.7</ele>
        <time>2026-05-09T18:25:13Z</time>
      </trkpt>
      <trkpt lat="44.17031" lon="-73.866">
        <ele>863.5</ele>
        <time>2026-05-09T18:25:16Z</time>
      </trkpt>
      <trkpt lat="44.17031" lon="-73.86595">
        <ele>862.96</ele>
        <time>2026-05-09T18:25:20Z</time>
      </trkpt>
      <trkpt lat="44.17032" lon="-73.86591">
        <ele>862.74</ele>
        <time>2026-05-09T18:25:23Z</time>
      </trkpt>
      <trkpt lat="44.17031" lon="-73.86586">
        <ele>861.98</ele>
        <time>2026-05-09T18:25:27Z</time>
      </trkpt>
      <trkpt lat="44.17029" lon="-73.8658">
        <ele>860.9</ele>
        <time>2026-05-09T18:25:32Z</time>
      </trkpt>
      <trkpt lat="44.17029" lon="-73.86579">
        <ele>860.8</ele>
        <time>2026-05-09T18:25:33Z</time>
      </trkpt>
      <trkpt lat="44.17029" lon="-73.86577">
        <ele>860.58</ele>
        <time>2026-05-09T18:25:35Z</time>
      </trkpt>
      <trkpt lat="44.17028" lon="-73.86575">
        <ele>860.15</ele>
        <time>2026-05-09T18:25:38Z</time>
      </trkpt>
      <trkpt lat="44.17026" lon="-73.86575">
        <ele>859.54</ele>
        <time>2026-05-09T18:25:41Z</time>
      </trkpt>
      <trkpt lat="44.17026" lon="-73.86575">
        <ele>859.54</ele>
        <time>2026-05-09T18:25:42Z</time>
      </trkpt>
      <trkpt lat="44.17022" lon="-73.86576">
        <ele>858.47</ele>
        <time>2026-05-09T18:25:47Z</time>
      </trkpt>
      <trkpt lat="44.17021" lon="-73.86575">
        <ele>857.98</ele>
        <time>2026-05-09T18:25:48Z</time>
      </trkpt>
      <trkpt lat="44.17021" lon="-73.86575">
        <ele>857.98</ele>
        <time>2026-05-09T18:25:49Z</time>
      </trkpt>
      <trkpt lat="44.17019" lon="-73.86574">
        <ele>857.16</ele>
        <time>2026-05-09T18:25:54Z</time>
      </trkpt>
      <trkpt lat="44.17014" lon="-73.86576">
        <ele>855.95</ele>
        <time>2026-05-09T18:25:59Z</time>
      </trkpt>
      <trkpt lat="44.1701" lon="-73.86577">
        <ele>854.87</ele>
        <time>2026-05-09T18:26:06Z</time>
      </trkpt>
      <trkpt lat="44.1701" lon="-73.86578">
        <ele>855.09</ele>
        <time>2026-05-09T18:26:07Z</time>
      </trkpt>
      <trkpt lat="44.17008" lon="-73.86579">
        <ele>854.66</ele>
        <time>2026-05-09T18:26:10Z</time>
      </trkpt>
      <trkpt lat="44.17006" lon="-73.86581">
        <ele>854.44</ele>
        <time>2026-05-09T18:26:12Z</time>
      </trkpt>
      <trkpt lat="44.17003" lon="-73.86583">
        <ele>853.9</ele>
        <time>2026-05-09T18:26:15Z</time>
      </trkpt>
      <trkpt lat="44.17001" lon="-73.86584">
        <ele>853.4</ele>
        <time>2026-05-09T18:26:18Z</time>
      </trkpt>
      <trkpt lat="44.16997" lon="-73.86585">
        <ele>852.53</ele>
        <time>2026-05-09T18:26:23Z</time>
      </trkpt>
      <trkpt lat="44.16994" lon="-73.86585">
        <ele>851.88</ele>
        <time>2026-05-09T18:26:28Z</time>
      </trkpt>
      <trkpt lat="44.16992" lon="-73.86583">
        <ele>851.2</ele>
        <time>2026-05-09T18:26:32Z</time>
      </trkpt>
      <trkpt lat="44.16989" lon="-73.86583">
        <ele>850.57</ele>
        <time>2026-05-09T18:26:35Z</time>
      </trkpt>
      <trkpt lat="44.16987" lon="-73.86583">
        <ele>850.15</ele>
        <time>2026-05-09T18:26:38Z</time>
      </trkpt>
      <trkpt lat="44.16983" lon="-73.86583">
        <ele>849.32</ele>
        <time>2026-05-09T18:26:43Z</time>
      </trkpt>
      <trkpt lat="44.16982" lon="-73.86583">
        <ele>849.11</ele>
        <time>2026-05-09T18:26:45Z</time>
      </trkpt>
      <trkpt lat="44.16979" lon="-73.86582">
        <ele>848.73</ele>
        <time>2026-05-09T18:26:49Z</time>
      </trkpt>
      <trkpt lat="44.16976" lon="-73.86582">
        <ele>848.41</ele>
        <time>2026-05-09T18:26:52Z</time>
      </trkpt>
      <trkpt lat="44.16975" lon="-73.86582">
        <ele>848.3</ele>
        <time>2026-05-09T18:26:53Z</time>
      </trkpt>
      <trkpt lat="44.16967" lon="-73.86583">
        <ele>846.89</ele>
        <time>2026-05-09T18:27:00Z</time>
      </trkpt>
      <trkpt lat="44.16962" lon="-73.86581">
        <ele>846.04</ele>
        <time>2026-05-09T18:27:09Z</time>
      </trkpt>
      <trkpt lat="44.16961" lon="-73.86581">
        <ele>845.83</ele>
        <time>2026-05-09T18:27:10Z</time>
      </trkpt>
      <trkpt lat="44.16957" lon="-73.8658">
        <ele>845.07</ele>
        <time>2026-05-09T18:27:16Z</time>
      </trkpt>
      <trkpt lat="44.16956" lon="-73.8658">
        <ele>844.86</ele>
        <time>2026-05-09T18:27:17Z</time>
      </trkpt>
      <trkpt lat="44.16952" lon="-73.86581">
        <ele>843.7</ele>
        <time>2026-05-09T18:27:23Z</time>
      </trkpt>
      <trkpt lat="44.16948" lon="-73.86579">
        <ele>842.62</ele>
        <time>2026-05-09T18:27:29Z</time>
      </trkpt>
      <trkpt lat="44.16946" lon="-73.8658">
        <ele>841.86</ele>
        <time>2026-05-09T18:27:31Z</time>
      </trkpt>
      <trkpt lat="44.16942" lon="-73.8658">
        <ele>840.83</ele>
        <time>2026-05-09T18:27:36Z</time>
      </trkpt>
      <trkpt lat="44.16942" lon="-73.8658">
        <ele>840.83</ele>
        <time>2026-05-09T18:27:40Z</time>
      </trkpt>
      <trkpt lat="44.1694" lon="-73.86579">
        <ele>840.51</ele>
        <time>2026-05-09T18:27:51Z</time>
      </trkpt>
      <trkpt lat="44.1694" lon="-73.86578">
        <ele>840.62</ele>
        <time>2026-05-09T18:27:56Z</time>
      </trkpt>
      <trkpt lat="44.1694" lon="-73.86577">
        <ele>840.72</ele>
        <time>2026-05-09T18:28:00Z</time>
      </trkpt>
      <trkpt lat="44.16939" lon="-73.86576">
        <ele>840.62</ele>
        <time>2026-05-09T18:28:11Z</time>
      </trkpt>
      <trkpt lat="44.16939" lon="-73.86576">
        <ele>840.62</ele>
        <time>2026-05-09T18:28:12Z</time>
      </trkpt>
      <trkpt lat="44.16939" lon="-73.86579">
        <ele>840.29</ele>
        <time>2026-05-09T18:28:20Z</time>
      </trkpt>
      <trkpt lat="44.16938" lon="-73.8658">
        <ele>839.97</ele>
        <time>2026-05-09T18:28:22Z</time>
      </trkpt>
      <trkpt lat="44.16937" lon="-73.8658">
        <ele>839.75</ele>
        <time>2026-05-09T18:28:29Z</time>
      </trkpt>
      <trkpt lat="44.16936" lon="-73.86581">
        <ele>839.43</ele>
        <time>2026-05-09T18:28:31Z</time>
      </trkpt>
      <trkpt lat="44.16934" lon="-73.86582">
        <ele>839.0</ele>
        <time>2026-05-09T18:28:37Z</time>
      </trkpt>
      <trkpt lat="44.16934" lon="-73.86582">
        <ele>839.0</ele>
        <time>2026-05-09T18:28:40Z</time>
      </trkpt>
      <trkpt lat="44.16933" lon="-73.86582">
        <ele>838.87</ele>
        <time>2026-05-09T18:28:41Z</time>
      </trkpt>
      <trkpt lat="44.16933" lon="-73.86582">
        <ele>838.87</ele>
        <time>2026-05-09T18:28:42Z</time>
      </trkpt>
      <trkpt lat="44.16932" lon="-73.86582">
        <ele>838.75</ele>
        <time>2026-05-09T18:28:45Z</time>
      </trkpt>
      <trkpt lat="44.16933" lon="-73.86581">
        <ele>838.96</ele>
        <time>2026-05-09T18:28:54Z</time>
      </trkpt>
      <trkpt lat="44.16931" lon="-73.86581">
        <ele>838.69</ele>
        <time>2026-05-09T18:28:58Z</time>
      </trkpt>
      <trkpt lat="44.1693" lon="-73.8658">
        <ele>838.6</ele>
        <time>2026-05-09T18:28:59Z</time>
      </trkpt>
      <trkpt lat="44.1693" lon="-73.8658">
        <ele>838.6</ele>
        <time>2026-05-09T18:29:02Z</time>
      </trkpt>
      <trkpt lat="44.16929" lon="-73.86579">
        <ele>838.49</ele>
        <time>2026-05-09T18:29:08Z</time>
      </trkpt>
      <trkpt lat="44.16929" lon="-73.86578">
        <ele>838.52</ele>
        <time>2026-05-09T18:29:09Z</time>
      </trkpt>
      <trkpt lat="44.16928" lon="-73.86578">
        <ele>838.35</ele>
        <time>2026-05-09T18:29:12Z</time>
      </trkpt>
      <trkpt lat="44.16926" lon="-73.86577">
        <ele>838.01</ele>
        <time>2026-05-09T18:29:15Z</time>
      </trkpt>
      <trkpt lat="44.16922" lon="-73.86576">
        <ele>838.0</ele>
        <time>2026-05-09T18:29:22Z</time>
      </trkpt>
      <trkpt lat="44.16919" lon="-73.86577">
        <ele>838.0</ele>
        <time>2026-05-09T18:29:28Z</time>
      </trkpt>
      <trkpt lat="44.16914" lon="-73.86579">
        <ele>838.0</ele>
        <time>2026-05-09T18:29:37Z</time>
      </trkpt>
      <trkpt lat="44.16914" lon="-73.86579">
        <ele>838.0</ele>
        <time>2026-05-09T18:29:55Z</time>
      </trkpt>
      <trkpt lat="44.16914" lon="-73.86579">
        <ele>838.0</ele>
        <time>2026-05-09T18:29:56Z</time>
      </trkpt>
      <trkpt lat="44.16914" lon="-73.8658">
        <ele>838.0</ele>
        <time>2026-05-09T18:29:58Z</time>
      </trkpt>
      <trkpt lat="44.16914" lon="-73.86579">
        <ele>838.0</ele>
        <time>2026-05-09T18:30:04Z</time>
      </trkpt>
      <trkpt lat="44.16914" lon="-73.8658">
        <ele>838.0</ele>
        <time>2026-05-09T18:30:28Z</time>
      </trkpt>
      <trkpt lat="44.16911" lon="-73.86575">
        <ele>838.0</ele>
        <time>2026-05-09T18:30:34Z</time>
      </trkpt>
      <trkpt lat="44.16911" lon="-73.86573">
        <ele>838.0</ele>
        <time>2026-05-09T18:30:35Z</time>
      </trkpt>
      <trkpt lat="44.16906" lon="-73.86565">
        <ele>838.0</ele>
        <time>2026-05-09T18:30:42Z</time>
      </trkpt>
      <trkpt lat="44.16906" lon="-73.86564">
        <ele>837.99</ele>
        <time>2026-05-09T18:30:44Z</time>
      </trkpt>
      <trkpt lat="44.16903" lon="-73.86559">
        <ele>837.7</ele>
        <time>2026-05-09T18:30:50Z</time>
      </trkpt>
      <trkpt lat="44.169" lon="-73.86555">
        <ele>837.2</ele>
        <time>2026-05-09T18:30:59Z</time>
      </trkpt>
      <trkpt lat="44.16901" lon="-73.86554">
        <ele>837.31</ele>
        <time>2026-05-09T18:31:07Z</time>
      </trkpt>
      <trkpt lat="44.169" lon="-73.86554">
        <ele>837.2</ele>
        <time>2026-05-09T18:31:09Z</time>
      </trkpt>
      <trkpt lat="44.169" lon="-73.86553">
        <ele>837.2</ele>
        <time>2026-05-09T18:31:10Z</time>
      </trkpt>
      <trkpt lat="44.16899" lon="-73.86551">
        <ele>837.09</ele>
        <time>2026-05-09T18:31:13Z</time>
      </trkpt>
      <trkpt lat="44.16896" lon="-73.86548">
        <ele>837.0</ele>
        <time>2026-05-09T18:31:17Z</time>
      </trkpt>
      <trkpt lat="44.16896" lon="-73.86547">
        <ele>837.0</ele>
        <time>2026-05-09T18:31:18Z</time>
      </trkpt>
      <trkpt lat="44.16894" lon="-73.86545">
        <ele>837.15</ele>
        <time>2026-05-09T18:31:20Z</time>
      </trkpt>
      <trkpt lat="44.16889" lon="-73.86535">
        <ele>837.25</ele>
        <time>2026-05-09T18:31:29Z</time>
      </trkpt>
      <trkpt lat="44.16888" lon="-73.86533">
        <ele>837.26</ele>
        <time>2026-05-09T18:31:32Z</time>
      </trkpt>
      <trkpt lat="44.16887" lon="-73.86529">
        <ele>837.31</ele>
        <time>2026-05-09T18:31:36Z</time>
      </trkpt>
      <trkpt lat="44.16885" lon="-73.86523">
        <ele>838.29</ele>
        <time>2026-05-09T18:31:46Z</time>
      </trkpt>
      <trkpt lat="44.16879" lon="-73.86521">
        <ele>836.98</ele>
        <time>2026-05-09T18:31:53Z</time>
      </trkpt>
      <trkpt lat="44.16878" lon="-73.86521">
        <ele>836.63</ele>
        <time>2026-05-09T18:31:54Z</time>
      </trkpt>
      <trkpt lat="44.16875" lon="-73.86523">
        <ele>835.27</ele>
        <time>2026-05-09T18:32:00Z</time>
      </trkpt>
      <trkpt lat="44.16874" lon="-73.86523">
        <ele>835.0</ele>
        <time>2026-05-09T18:32:02Z</time>
      </trkpt>
      <trkpt lat="44.16873" lon="-73.86522">
        <ele>834.82</ele>
        <time>2026-05-09T18:32:08Z</time>
      </trkpt>
      <trkpt lat="44.16869" lon="-73.8652">
        <ele>833.43</ele>
        <time>2026-05-09T18:32:13Z</time>
      </trkpt>
      <trkpt lat="44.16868" lon="-73.8652">
        <ele>833.02</ele>
        <time>2026-05-09T18:32:14Z</time>
      </trkpt>
      <trkpt lat="44.16864" lon="-73.86519">
        <ele>831.28</ele>
        <time>2026-05-09T18:32:18Z</time>
      </trkpt>
      <trkpt lat="44.16862" lon="-73.8652">
        <ele>830.53</ele>
        <time>2026-05-09T18:32:20Z</time>
      </trkpt>
      <trkpt lat="44.16858" lon="-73.8652">
        <ele>829.77</ele>
        <time>2026-05-09T18:32:25Z</time>
      </trkpt>
      <trkpt lat="44.16856" lon="-73.86519">
        <ele>829.47</ele>
        <time>2026-05-09T18:32:27Z</time>
      </trkpt>
      <trkpt lat="44.16855" lon="-73.86519">
        <ele>829.36</ele>
        <time>2026-05-09T18:32:31Z</time>
      </trkpt>
      <trkpt lat="44.16853" lon="-73.86518">
        <ele>829.13</ele>
        <time>2026-05-09T18:32:33Z</time>
      </trkpt>
      <trkpt lat="44.16853" lon="-73.86518">
        <ele>829.13</ele>
        <time>2026-05-09T18:32:38Z</time>
      </trkpt>
      <trkpt lat="44.16852" lon="-73.86517">
        <ele>829.02</ele>
        <time>2026-05-09T18:32:39Z</time>
      </trkpt>
      <trkpt lat="44.16851" lon="-73.86517">
        <ele>829.0</ele>
        <time>2026-05-09T18:32:40Z</time>
      </trkpt>
      <trkpt lat="44.16851" lon="-73.86518">
        <ele>829.0</ele>
        <time>2026-05-09T18:32:41Z</time>
      </trkpt>
      <trkpt lat="44.16847" lon="-73.86518">
        <ele>829.0</ele>
        <time>2026-05-09T18:32:45Z</time>
      </trkpt>
      <trkpt lat="44.16845" lon="-73.8652">
        <ele>829.0</ele>
        <time>2026-05-09T18:32:52Z</time>
      </trkpt>
      <trkpt lat="44.1684" lon="-73.86521">
        <ele>829.0</ele>
        <time>2026-05-09T18:32:57Z</time>
      </trkpt>
      <trkpt lat="44.16841" lon="-73.86523">
        <ele>829.0</ele>
        <time>2026-05-09T18:33:04Z</time>
      </trkpt>
      <trkpt lat="44.16842" lon="-73.86524">
        <ele>829.0</ele>
        <time>2026-05-09T18:33:13Z</time>
      </trkpt>
      <trkpt lat="44.16842" lon="-73.86524">
        <ele>829.0</ele>
        <time>2026-05-09T18:33:15Z</time>
      </trkpt>
      <trkpt lat="44.16841" lon="-73.86521">
        <ele>829.0</ele>
        <time>2026-05-09T18:33:23Z</time>
      </trkpt>
      <trkpt lat="44.16837" lon="-73.86514">
        <ele>829.0</ele>
        <time>2026-05-09T18:33:31Z</time>
      </trkpt>
      <trkpt lat="44.16828" lon="-73.86509">
        <ele>828.42</ele>
        <time>2026-05-09T18:33:39Z</time>
      </trkpt>
      <trkpt lat="44.16825" lon="-73.86506">
        <ele>828.1</ele>
        <time>2026-05-09T18:33:43Z</time>
      </trkpt>
      <trkpt lat="44.16824" lon="-73.86505">
        <ele>828.0</ele>
        <time>2026-05-09T18:33:45Z</time>
      </trkpt>
      <trkpt lat="44.16815" lon="-73.865">
        <ele>828.0</ele>
        <time>2026-05-09T18:33:53Z</time>
      </trkpt>
      <trkpt lat="44.16814" lon="-73.86499">
        <ele>827.9</ele>
        <time>2026-05-09T18:33:55Z</time>
      </trkpt>
      <trkpt lat="44.16812" lon="-73.86495">
        <ele>827.53</ele>
        <time>2026-05-09T18:34:01Z</time>
      </trkpt>
      <trkpt lat="44.16808" lon="-73.8649">
        <ele>826.51</ele>
        <time>2026-05-09T18:34:09Z</time>
      </trkpt>
      <trkpt lat="44.16807" lon="-73.86486">
        <ele>826.23</ele>
        <time>2026-05-09T18:34:13Z</time>
      </trkpt>
      <trkpt lat="44.16806" lon="-73.86484">
        <ele>826.06</ele>
        <time>2026-05-09T18:34:16Z</time>
      </trkpt>
      <trkpt lat="44.16802" lon="-73.8648">
        <ele>825.07</ele>
        <time>2026-05-09T18:34:23Z</time>
      </trkpt>
      <trkpt lat="44.168" lon="-73.86477">
        <ele>824.32</ele>
        <time>2026-05-09T18:34:29Z</time>
      </trkpt>
      <trkpt lat="44.168" lon="-73.86476">
        <ele>824.21</ele>
        <time>2026-05-09T18:34:32Z</time>
      </trkpt>
      <trkpt lat="44.16798" lon="-73.86473">
        <ele>823.45</ele>
        <time>2026-05-09T18:34:39Z</time>
      </trkpt>
      <trkpt lat="44.16797" lon="-73.86472">
        <ele>823.15</ele>
        <time>2026-05-09T18:34:40Z</time>
      </trkpt>
      <trkpt lat="44.16796" lon="-73.86471">
        <ele>822.94</ele>
        <time>2026-05-09T18:34:46Z</time>
      </trkpt>
      <trkpt lat="44.16795" lon="-73.86471">
        <ele>822.72</ele>
        <time>2026-05-09T18:34:48Z</time>
      </trkpt>
      <trkpt lat="44.16791" lon="-73.8647">
        <ele>821.86</ele>
        <time>2026-05-09T18:34:56Z</time>
      </trkpt>
      <trkpt lat="44.16788" lon="-73.86468">
        <ele>821.21</ele>
        <time>2026-05-09T18:35:00Z</time>
      </trkpt>
      <trkpt lat="44.16785" lon="-73.86467">
        <ele>820.78</ele>
        <time>2026-05-09T18:35:04Z</time>
      </trkpt>
      <trkpt lat="44.16778" lon="-73.86468">
        <ele>820.02</ele>
        <time>2026-05-09T18:35:13Z</time>
      </trkpt>
      <trkpt lat="44.16776" lon="-73.86467">
        <ele>819.81</ele>
        <time>2026-05-09T18:35:16Z</time>
      </trkpt>
      <trkpt lat="44.16775" lon="-73.86467">
        <ele>819.7</ele>
        <time>2026-05-09T18:35:19Z</time>
      </trkpt>
      <trkpt lat="44.16774" lon="-73.86467">
        <ele>819.59</ele>
        <time>2026-05-09T18:35:22Z</time>
      </trkpt>
      <trkpt lat="44.16774" lon="-73.86467">
        <ele>819.59</ele>
        <time>2026-05-09T18:35:26Z</time>
      </trkpt>
      <trkpt lat="44.16772" lon="-73.86466">
        <ele>819.38</ele>
        <time>2026-05-09T18:35:31Z</time>
      </trkpt>
      <trkpt lat="44.16773" lon="-73.86462">
        <ele>819.48</ele>
        <time>2026-05-09T18:35:42Z</time>
      </trkpt>
      <trkpt lat="44.16771" lon="-73.86461">
        <ele>819.27</ele>
        <time>2026-05-09T18:35:47Z</time>
      </trkpt>
      <trkpt lat="44.16769" lon="-73.8646">
        <ele>819.05</ele>
        <time>2026-05-09T18:35:51Z</time>
      </trkpt>
      <trkpt lat="44.16769" lon="-73.8646">
        <ele>819.05</ele>
        <time>2026-05-09T18:35:55Z</time>
      </trkpt>
      <trkpt lat="44.16767" lon="-73.86459">
        <ele>819.0</ele>
        <time>2026-05-09T18:36:00Z</time>
      </trkpt>
      <trkpt lat="44.16766" lon="-73.86458">
        <ele>819.0</ele>
        <time>2026-05-09T18:36:09Z</time>
      </trkpt>
      <trkpt lat="44.16765" lon="-73.86458">
        <ele>819.0</ele>
        <time>2026-05-09T18:36:12Z</time>
      </trkpt>
      <trkpt lat="44.16762" lon="-73.86457">
        <ele>819.0</ele>
        <time>2026-05-09T18:36:17Z</time>
      </trkpt>
      <trkpt lat="44.1676" lon="-73.86458">
        <ele>819.0</ele>
        <time>2026-05-09T18:36:26Z</time>
      </trkpt>
      <trkpt lat="44.1676" lon="-73.86458">
        <ele>819.0</ele>
        <time>2026-05-09T18:36:34Z</time>
      </trkpt>
      <trkpt lat="44.16761" lon="-73.86458">
        <ele>819.0</ele>
        <time>2026-05-09T18:36:53Z</time>
      </trkpt>
      <trkpt lat="44.16763" lon="-73.86458">
        <ele>819.0</ele>
        <time>2026-05-09T18:37:01Z</time>
      </trkpt>
      <trkpt lat="44.1676" lon="-73.86453">
        <ele>819.01</ele>
        <time>2026-05-09T18:37:08Z</time>
      </trkpt>
      <trkpt lat="44.16759" lon="-73.86453">
        <ele>818.97</ele>
        <time>2026-05-09T18:37:11Z</time>
      </trkpt>
      <trkpt lat="44.16757" lon="-73.86455">
        <ele>818.79</ele>
        <time>2026-05-09T18:37:17Z</time>
      </trkpt>
      <trkpt lat="44.16757" lon="-73.86455">
        <ele>818.79</ele>
        <time>2026-05-09T18:37:18Z</time>
      </trkpt>
      <trkpt lat="44.16754" lon="-73.86452">
        <ele>818.43</ele>
        <time>2026-05-09T18:37:30Z</time>
      </trkpt>
      <trkpt lat="44.16751" lon="-73.86448">
        <ele>818.11</ele>
        <time>2026-05-09T18:37:34Z</time>
      </trkpt>
      <trkpt lat="44.1675" lon="-73.86444">
        <ele>818.05</ele>
        <time>2026-05-09T18:37:37Z</time>
      </trkpt>
      <trkpt lat="44.16749" lon="-73.86443">
        <ele>818.14</ele>
        <time>2026-05-09T18:37:42Z</time>
      </trkpt>
      <trkpt lat="44.16748" lon="-73.86442">
        <ele>818.21</ele>
        <time>2026-05-09T18:37:44Z</time>
      </trkpt>
      <trkpt lat="44.16747" lon="-73.86442">
        <ele>818.18</ele>
        <time>2026-05-09T18:37:45Z</time>
      </trkpt>
      <trkpt lat="44.16744" lon="-73.86442">
        <ele>818.09</ele>
        <time>2026-05-09T18:37:49Z</time>
      </trkpt>
      <trkpt lat="44.16743" lon="-73.8644">
        <ele>818.12</ele>
        <time>2026-05-09T18:37:53Z</time>
      </trkpt>
      <trkpt lat="44.16742" lon="-73.8644">
        <ele>818.07</ele>
        <time>2026-05-09T18:37:54Z</time>
      </trkpt>
      <trkpt lat="44.16738" lon="-73.86439">
        <ele>817.7</ele>
        <time>2026-05-09T18:38:00Z</time>
      </trkpt>
    </trkseg>
  </trk>
</gpx>
