<?xml version="1.0"?>
<gpx xmlns="http://www.topografix.com/GPX/1/1" xmlns:xsi="http://www.w3.org/2001/XMLSchema-instance" version="1.1" creator="AllTrails.com" xsi:schemaLocation="http://www.topografix.com/GPX/1/1 http://www.topografix.com/GPX/1/1/gpx.xsd">
  <metadata>
    <name><![CDATA[Afternoon hike at Upper and Lower Wolfjaw Peaks via Deer Brook Trail]]></name>
    <desc><![CDATA[]]></desc>
    <link href="http://www.alltrails.com">
      <text>AllTrails, LLC</text>
    </link>
    <bounds minlat="44.12904" minlon="-73.8522" maxlat="44.16444" maxlon="-73.77277"/>
  </metadata>
  <trk>
    <name><![CDATA[Afternoon hike at Upper and Lower Wolfjaw Peaks via Deer Brook Trail]]></name>
    <src>AllTrails</src>
    <trkseg>
      <trkpt lat="44.16315" lon="-73.78171">
        <ele>394.49</ele>
        <time>2026-05-17T09:55:48Z</time>
      </trkpt>
      <trkpt lat="44.1632" lon="-73.7817">
        <ele>394.92</ele>
        <time>2026-05-17T09:55:51Z</time>
      </trkpt>
      <trkpt lat="44.16324" lon="-73.78176">
        <ele>395.99</ele>
        <time>2026-05-17T09:55:57Z</time>
      </trkpt>
      <trkpt lat="44.16326" lon="-73.78181">
        <ele>396.32</ele>
        <time>2026-05-17T09:56:01Z</time>
      </trkpt>
      <trkpt lat="44.16328" lon="-73.78186">
        <ele>396.9</ele>
        <time>2026-05-17T09:56:05Z</time>
      </trkpt>
      <trkpt lat="44.16329" lon="-73.78191">
        <ele>397.36</ele>
        <time>2026-05-17T09:56:09Z</time>
      </trkpt>
      <trkpt lat="44.1633" lon="-73.78195">
        <ele>397.7</ele>
        <time>2026-05-17T09:56:12Z</time>
      </trkpt>
      <trkpt lat="44.16331" lon="-73.78201">
        <ele>398.46</ele>
        <time>2026-05-17T09:56:16Z</time>
      </trkpt>
      <trkpt lat="44.16331" lon="-73.78205">
        <ele>398.75</ele>
        <time>2026-05-17T09:56:19Z</time>
      </trkpt>
      <trkpt lat="44.16332" lon="-73.78209">
        <ele>398.86</ele>
        <time>2026-05-17T09:56:22Z</time>
      </trkpt>
      <trkpt lat="44.16332" lon="-73.78214">
        <ele>398.97</ele>
        <time>2026-05-17T09:56:25Z</time>
      </trkpt>
      <trkpt lat="44.16332" lon="-73.78219">
        <ele>399.51</ele>
        <time>2026-05-17T09:56:28Z</time>
      </trkpt>
      <trkpt lat="44.16333" lon="-73.78224">
        <ele>399.96</ele>
        <time>2026-05-17T09:56:31Z</time>
      </trkpt>
      <trkpt lat="44.16332" lon="-73.78229">
        <ele>399.86</ele>
        <time>2026-05-17T09:56:34Z</time>
      </trkpt>
      <trkpt lat="44.1633" lon="-73.78233">
        <ele>399.8</ele>
        <time>2026-05-17T09:56:37Z</time>
      </trkpt>
      <trkpt lat="44.16327" lon="-73.78238">
        <ele>400.02</ele>
        <time>2026-05-17T09:56:40Z</time>
      </trkpt>
      <trkpt lat="44.16326" lon="-73.78242">
        <ele>400.34</ele>
        <time>2026-05-17T09:56:42Z</time>
      </trkpt>
      <trkpt lat="44.16324" lon="-73.78247">
        <ele>400.66</ele>
        <time>2026-05-17T09:56:45Z</time>
      </trkpt>
      <trkpt lat="44.16323" lon="-73.78251">
        <ele>400.88</ele>
        <time>2026-05-17T09:56:48Z</time>
      </trkpt>
      <trkpt lat="44.16322" lon="-73.78256">
        <ele>401.2</ele>
        <time>2026-05-17T09:56:51Z</time>
      </trkpt>
      <trkpt lat="44.1632" lon="-73.78261">
        <ele>401.12</ele>
        <time>2026-05-17T09:56:54Z</time>
      </trkpt>
      <trkpt lat="44.16319" lon="-73.78265">
        <ele>400.9</ele>
        <time>2026-05-17T09:56:57Z</time>
      </trkpt>
      <trkpt lat="44.16318" lon="-73.7827">
        <ele>400.74</ele>
        <time>2026-05-17T09:57:00Z</time>
      </trkpt>
      <trkpt lat="44.16317" lon="-73.78274">
        <ele>400.61</ele>
        <time>2026-05-17T09:57:03Z</time>
      </trkpt>
      <trkpt lat="44.16315" lon="-73.78279">
        <ele>400.19</ele>
        <time>2026-05-17T09:57:06Z</time>
      </trkpt>
      <trkpt lat="44.16315" lon="-73.78284">
        <ele>400.72</ele>
        <time>2026-05-17T09:57:09Z</time>
      </trkpt>
      <trkpt lat="44.16315" lon="-73.78288">
        <ele>401.04</ele>
        <time>2026-05-17T09:57:11Z</time>
      </trkpt>
      <trkpt lat="44.16316" lon="-73.78293">
        <ele>401.34</ele>
        <time>2026-05-17T09:57:13Z</time>
      </trkpt>
      <trkpt lat="44.16317" lon="-73.78299">
        <ele>401.71</ele>
        <time>2026-05-17T09:57:15Z</time>
      </trkpt>
      <trkpt lat="44.16318" lon="-73.78303">
        <ele>402.03</ele>
        <time>2026-05-17T09:57:17Z</time>
      </trkpt>
      <trkpt lat="44.16319" lon="-73.78308">
        <ele>402.5</ele>
        <time>2026-05-17T09:57:19Z</time>
      </trkpt>
      <trkpt lat="44.1632" lon="-73.78312">
        <ele>402.99</ele>
        <time>2026-05-17T09:57:21Z</time>
      </trkpt>
      <trkpt lat="44.1632" lon="-73.78316">
        <ele>403.12</ele>
        <time>2026-05-17T09:57:23Z</time>
      </trkpt>
      <trkpt lat="44.1632" lon="-73.7832">
        <ele>403.12</ele>
        <time>2026-05-17T09:57:25Z</time>
      </trkpt>
      <trkpt lat="44.1632" lon="-73.78324">
        <ele>403.12</ele>
        <time>2026-05-17T09:57:27Z</time>
      </trkpt>
      <trkpt lat="44.1632" lon="-73.78329">
        <ele>403.12</ele>
        <time>2026-05-17T09:57:30Z</time>
      </trkpt>
      <trkpt lat="44.1632" lon="-73.78334">
        <ele>403.12</ele>
        <time>2026-05-17T09:57:33Z</time>
      </trkpt>
      <trkpt lat="44.16319" lon="-73.78338">
        <ele>402.9</ele>
        <time>2026-05-17T09:57:36Z</time>
      </trkpt>
      <trkpt lat="44.16319" lon="-73.78342">
        <ele>402.9</ele>
        <time>2026-05-17T09:57:38Z</time>
      </trkpt>
      <trkpt lat="44.1632" lon="-73.78346">
        <ele>403.49</ele>
        <time>2026-05-17T09:57:41Z</time>
      </trkpt>
      <trkpt lat="44.1632" lon="-73.78351">
        <ele>404.03</ele>
        <time>2026-05-17T09:57:44Z</time>
      </trkpt>
      <trkpt lat="44.16321" lon="-73.78356">
        <ele>404.78</ele>
        <time>2026-05-17T09:57:47Z</time>
      </trkpt>
      <trkpt lat="44.16321" lon="-73.7836">
        <ele>405.22</ele>
        <time>2026-05-17T09:57:50Z</time>
      </trkpt>
      <trkpt lat="44.16322" lon="-73.78365">
        <ele>405.97</ele>
        <time>2026-05-17T09:57:53Z</time>
      </trkpt>
      <trkpt lat="44.16323" lon="-73.78369">
        <ele>406.62</ele>
        <time>2026-05-17T09:57:56Z</time>
      </trkpt>
      <trkpt lat="44.16323" lon="-73.78374">
        <ele>407.16</ele>
        <time>2026-05-17T09:57:59Z</time>
      </trkpt>
      <trkpt lat="44.16325" lon="-73.78379">
        <ele>407.93</ele>
        <time>2026-05-17T09:58:02Z</time>
      </trkpt>
      <trkpt lat="44.16327" lon="-73.78382">
        <ele>408.34</ele>
        <time>2026-05-17T09:58:04Z</time>
      </trkpt>
      <trkpt lat="44.16328" lon="-73.78385">
        <ele>408.83</ele>
        <time>2026-05-17T09:58:06Z</time>
      </trkpt>
      <trkpt lat="44.1633" lon="-73.7839">
        <ele>409.76</ele>
        <time>2026-05-17T09:58:09Z</time>
      </trkpt>
      <trkpt lat="44.16331" lon="-73.78393">
        <ele>410.19</ele>
        <time>2026-05-17T09:58:11Z</time>
      </trkpt>
      <trkpt lat="44.16332" lon="-73.78396">
        <ele>410.62</ele>
        <time>2026-05-17T09:58:13Z</time>
      </trkpt>
      <trkpt lat="44.16333" lon="-73.78399">
        <ele>411.06</ele>
        <time>2026-05-17T09:58:15Z</time>
      </trkpt>
      <trkpt lat="44.16334" lon="-73.78404">
        <ele>411.56</ele>
        <time>2026-05-17T09:58:18Z</time>
      </trkpt>
      <trkpt lat="44.16336" lon="-73.78408">
        <ele>411.78</ele>
        <time>2026-05-17T09:58:21Z</time>
      </trkpt>
      <trkpt lat="44.16337" lon="-73.78412">
        <ele>412.1</ele>
        <time>2026-05-17T09:58:25Z</time>
      </trkpt>
      <trkpt lat="44.16338" lon="-73.78416">
        <ele>412.42</ele>
        <time>2026-05-17T09:58:29Z</time>
      </trkpt>
      <trkpt lat="44.16339" lon="-73.7842">
        <ele>413.11</ele>
        <time>2026-05-17T09:58:32Z</time>
      </trkpt>
      <trkpt lat="44.1634" lon="-73.78425">
        <ele>414.08</ele>
        <time>2026-05-17T09:58:36Z</time>
      </trkpt>
      <trkpt lat="44.16342" lon="-73.78436">
        <ele>415.3</ele>
        <time>2026-05-17T09:58:43Z</time>
      </trkpt>
      <trkpt lat="44.16344" lon="-73.78445">
        <ele>416.81</ele>
        <time>2026-05-17T09:58:49Z</time>
      </trkpt>
      <trkpt lat="44.16347" lon="-73.78453">
        <ele>417.46</ele>
        <time>2026-05-17T09:58:55Z</time>
      </trkpt>
      <trkpt lat="44.1635" lon="-73.7846">
        <ele>417.82</ele>
        <time>2026-05-17T09:59:00Z</time>
      </trkpt>
      <trkpt lat="44.16352" lon="-73.78465">
        <ele>418.17</ele>
        <time>2026-05-17T09:59:03Z</time>
      </trkpt>
      <trkpt lat="44.16355" lon="-73.78467">
        <ele>417.42</ele>
        <time>2026-05-17T09:59:05Z</time>
      </trkpt>
      <trkpt lat="44.16357" lon="-73.7847">
        <ele>417.09</ele>
        <time>2026-05-17T09:59:07Z</time>
      </trkpt>
      <trkpt lat="44.16358" lon="-73.78474">
        <ele>417.46</ele>
        <time>2026-05-17T09:59:10Z</time>
      </trkpt>
      <trkpt lat="44.1636" lon="-73.78478">
        <ele>417.68</ele>
        <time>2026-05-17T09:59:13Z</time>
      </trkpt>
      <trkpt lat="44.16361" lon="-73.78475">
        <ele>416.64</ele>
        <time>2026-05-17T09:59:19Z</time>
      </trkpt>
      <trkpt lat="44.16361" lon="-73.78479">
        <ele>417.51</ele>
        <time>2026-05-17T09:59:25Z</time>
      </trkpt>
      <trkpt lat="44.16359" lon="-73.78483">
        <ele>419.28</ele>
        <time>2026-05-17T09:59:28Z</time>
      </trkpt>
      <trkpt lat="44.16358" lon="-73.78489">
        <ele>421.24</ele>
        <time>2026-05-17T09:59:31Z</time>
      </trkpt>
      <trkpt lat="44.16357" lon="-73.78493">
        <ele>422.95</ele>
        <time>2026-05-17T09:59:34Z</time>
      </trkpt>
      <trkpt lat="44.16356" lon="-73.78497">
        <ele>424.79</ele>
        <time>2026-05-17T09:59:37Z</time>
      </trkpt>
      <trkpt lat="44.16355" lon="-73.78501">
        <ele>426.62</ele>
        <time>2026-05-17T09:59:40Z</time>
      </trkpt>
      <trkpt lat="44.16355" lon="-73.78505">
        <ele>427.92</ele>
        <time>2026-05-17T09:59:43Z</time>
      </trkpt>
      <trkpt lat="44.16355" lon="-73.78509">
        <ele>429.22</ele>
        <time>2026-05-17T09:59:46Z</time>
      </trkpt>
      <trkpt lat="44.16355" lon="-73.78513">
        <ele>430.25</ele>
        <time>2026-05-17T09:59:49Z</time>
      </trkpt>
      <trkpt lat="44.16356" lon="-73.78518">
        <ele>431.07</ele>
        <time>2026-05-17T09:59:52Z</time>
      </trkpt>
      <trkpt lat="44.16356" lon="-73.78521">
        <ele>431.74</ele>
        <time>2026-05-17T09:59:54Z</time>
      </trkpt>
      <trkpt lat="44.16358" lon="-73.78524">
        <ele>431.53</ele>
        <time>2026-05-17T09:59:56Z</time>
      </trkpt>
      <trkpt lat="44.1636" lon="-73.78527">
        <ele>431.31</ele>
        <time>2026-05-17T09:59:58Z</time>
      </trkpt>
      <trkpt lat="44.16362" lon="-73.78531">
        <ele>431.56</ele>
        <time>2026-05-17T10:00:00Z</time>
      </trkpt>
      <trkpt lat="44.16365" lon="-73.78537">
        <ele>431.89</ele>
        <time>2026-05-17T10:00:04Z</time>
      </trkpt>
      <trkpt lat="44.16369" lon="-73.78546">
        <ele>432.5</ele>
        <time>2026-05-17T10:00:10Z</time>
      </trkpt>
      <trkpt lat="44.16372" lon="-73.78555">
        <ele>432.99</ele>
        <time>2026-05-17T10:00:16Z</time>
      </trkpt>
      <trkpt lat="44.16374" lon="-73.78565">
        <ele>433.47</ele>
        <time>2026-05-17T10:00:23Z</time>
      </trkpt>
      <trkpt lat="44.16376" lon="-73.78575">
        <ele>434.77</ele>
        <time>2026-05-17T10:00:30Z</time>
      </trkpt>
      <trkpt lat="44.16377" lon="-73.78584">
        <ele>436.21</ele>
        <time>2026-05-17T10:00:37Z</time>
      </trkpt>
      <trkpt lat="44.16379" lon="-73.78594">
        <ele>436.42</ele>
        <time>2026-05-17T10:00:44Z</time>
      </trkpt>
      <trkpt lat="44.1638" lon="-73.78604">
        <ele>437.33</ele>
        <time>2026-05-17T10:00:51Z</time>
      </trkpt>
      <trkpt lat="44.16381" lon="-73.78613">
        <ele>438.61</ele>
        <time>2026-05-17T10:00:58Z</time>
      </trkpt>
      <trkpt lat="44.16382" lon="-73.78623">
        <ele>439.26</ele>
        <time>2026-05-17T10:01:05Z</time>
      </trkpt>
      <trkpt lat="44.16383" lon="-73.78633">
        <ele>440.27</ele>
        <time>2026-05-17T10:01:13Z</time>
      </trkpt>
      <trkpt lat="44.16386" lon="-73.78642">
        <ele>440.92</ele>
        <time>2026-05-17T10:01:52Z</time>
      </trkpt>
      <trkpt lat="44.16387" lon="-73.78651">
        <ele>442.68</ele>
        <time>2026-05-17T10:01:58Z</time>
      </trkpt>
      <trkpt lat="44.16389" lon="-73.7866">
        <ele>444.8</ele>
        <time>2026-05-17T10:02:05Z</time>
      </trkpt>
      <trkpt lat="44.1639" lon="-73.78669">
        <ele>447.14</ele>
        <time>2026-05-17T10:02:12Z</time>
      </trkpt>
      <trkpt lat="44.16391" lon="-73.78674">
        <ele>447.9</ele>
        <time>2026-05-17T10:02:16Z</time>
      </trkpt>
      <trkpt lat="44.16392" lon="-73.78684">
        <ele>450.03</ele>
        <time>2026-05-17T10:02:24Z</time>
      </trkpt>
      <trkpt lat="44.16394" lon="-73.78694">
        <ele>451.8</ele>
        <time>2026-05-17T10:02:32Z</time>
      </trkpt>
      <trkpt lat="44.16395" lon="-73.78704">
        <ele>453.05</ele>
        <time>2026-05-17T10:02:40Z</time>
      </trkpt>
      <trkpt lat="44.16397" lon="-73.78713">
        <ele>453.38</ele>
        <time>2026-05-17T10:02:47Z</time>
      </trkpt>
      <trkpt lat="44.16398" lon="-73.78723">
        <ele>455.2</ele>
        <time>2026-05-17T10:02:55Z</time>
      </trkpt>
      <trkpt lat="44.16399" lon="-73.78733">
        <ele>457.05</ele>
        <time>2026-05-17T10:03:03Z</time>
      </trkpt>
      <trkpt lat="44.16399" lon="-73.78737">
        <ele>457.92</ele>
        <time>2026-05-17T10:03:07Z</time>
      </trkpt>
      <trkpt lat="44.164" lon="-73.78747">
        <ele>459.75</ele>
        <time>2026-05-17T10:03:15Z</time>
      </trkpt>
      <trkpt lat="44.16401" lon="-73.78757">
        <ele>461.06</ele>
        <time>2026-05-17T10:03:25Z</time>
      </trkpt>
      <trkpt lat="44.16402" lon="-73.78767">
        <ele>462.84</ele>
        <time>2026-05-17T10:03:36Z</time>
      </trkpt>
      <trkpt lat="44.16403" lon="-73.78776">
        <ele>463.76</ele>
        <time>2026-05-17T10:03:46Z</time>
      </trkpt>
      <trkpt lat="44.16403" lon="-73.78785">
        <ele>465.1</ele>
        <time>2026-05-17T10:03:55Z</time>
      </trkpt>
      <trkpt lat="44.16403" lon="-73.78795">
        <ele>466.7</ele>
        <time>2026-05-17T10:04:04Z</time>
      </trkpt>
      <trkpt lat="44.16403" lon="-73.78805">
        <ele>468.34</ele>
        <time>2026-05-17T10:04:13Z</time>
      </trkpt>
      <trkpt lat="44.16403" lon="-73.78815">
        <ele>469.45</ele>
        <time>2026-05-17T10:04:22Z</time>
      </trkpt>
      <trkpt lat="44.16404" lon="-73.78809">
        <ele>468.48</ele>
        <time>2026-05-17T10:04:40Z</time>
      </trkpt>
      <trkpt lat="44.16402" lon="-73.78808">
        <ele>469.02</ele>
        <time>2026-05-17T10:04:46Z</time>
      </trkpt>
      <trkpt lat="44.164" lon="-73.78809">
        <ele>469.77</ele>
        <time>2026-05-17T10:04:48Z</time>
      </trkpt>
      <trkpt lat="44.16398" lon="-73.78812">
        <ele>470.74</ele>
        <time>2026-05-17T10:04:52Z</time>
      </trkpt>
      <trkpt lat="44.16395" lon="-73.78813">
        <ele>471.76</ele>
        <time>2026-05-17T10:05:04Z</time>
      </trkpt>
      <trkpt lat="44.16391" lon="-73.78813">
        <ele>472.97</ele>
        <time>2026-05-17T10:05:09Z</time>
      </trkpt>
      <trkpt lat="44.16388" lon="-73.78813">
        <ele>473.72</ele>
        <time>2026-05-17T10:05:14Z</time>
      </trkpt>
      <trkpt lat="44.16385" lon="-73.78812">
        <ele>473.94</ele>
        <time>2026-05-17T10:05:18Z</time>
      </trkpt>
      <trkpt lat="44.16383" lon="-73.78812">
        <ele>474.22</ele>
        <time>2026-05-17T10:05:21Z</time>
      </trkpt>
      <trkpt lat="44.1638" lon="-73.78811">
        <ele>474.53</ele>
        <time>2026-05-17T10:05:24Z</time>
      </trkpt>
      <trkpt lat="44.16377" lon="-73.7881">
        <ele>474.9</ele>
        <time>2026-05-17T10:05:27Z</time>
      </trkpt>
      <trkpt lat="44.16373" lon="-73.78809">
        <ele>475.35</ele>
        <time>2026-05-17T10:05:30Z</time>
      </trkpt>
      <trkpt lat="44.1637" lon="-73.78808">
        <ele>475.6</ele>
        <time>2026-05-17T10:05:33Z</time>
      </trkpt>
      <trkpt lat="44.16368" lon="-73.78808">
        <ele>475.97</ele>
        <time>2026-05-17T10:05:35Z</time>
      </trkpt>
      <trkpt lat="44.16366" lon="-73.78807">
        <ele>476.18</ele>
        <time>2026-05-17T10:05:37Z</time>
      </trkpt>
      <trkpt lat="44.16359" lon="-73.78806">
        <ele>477.28</ele>
        <time>2026-05-17T10:05:43Z</time>
      </trkpt>
      <trkpt lat="44.16352" lon="-73.78806">
        <ele>478.03</ele>
        <time>2026-05-17T10:05:50Z</time>
      </trkpt>
      <trkpt lat="44.16345" lon="-73.78805">
        <ele>479.46</ele>
        <time>2026-05-17T10:05:58Z</time>
      </trkpt>
      <trkpt lat="44.16338" lon="-73.78803">
        <ele>481.85</ele>
        <time>2026-05-17T10:06:06Z</time>
      </trkpt>
      <trkpt lat="44.1633" lon="-73.78803">
        <ele>484.8</ele>
        <time>2026-05-17T10:06:15Z</time>
      </trkpt>
      <trkpt lat="44.16324" lon="-73.78803">
        <ele>486.75</ele>
        <time>2026-05-17T10:06:24Z</time>
      </trkpt>
      <trkpt lat="44.16322" lon="-73.78803">
        <ele>487.4</ele>
        <time>2026-05-17T10:06:27Z</time>
      </trkpt>
      <trkpt lat="44.16315" lon="-73.78801">
        <ele>489.45</ele>
        <time>2026-05-17T10:06:40Z</time>
      </trkpt>
      <trkpt lat="44.16309" lon="-73.788">
        <ele>491.66</ele>
        <time>2026-05-17T10:06:55Z</time>
      </trkpt>
      <trkpt lat="44.16302" lon="-73.78799">
        <ele>494.26</ele>
        <time>2026-05-17T10:07:09Z</time>
      </trkpt>
      <trkpt lat="44.16296" lon="-73.78797">
        <ele>496.17</ele>
        <time>2026-05-17T10:07:21Z</time>
      </trkpt>
      <trkpt lat="44.16291" lon="-73.78788">
        <ele>496.31</ele>
        <time>2026-05-17T10:07:30Z</time>
      </trkpt>
      <trkpt lat="44.16289" lon="-73.78781">
        <ele>495.92</ele>
        <time>2026-05-17T10:07:33Z</time>
      </trkpt>
      <trkpt lat="44.16292" lon="-73.78778">
        <ele>494.95</ele>
        <time>2026-05-17T10:07:38Z</time>
      </trkpt>
      <trkpt lat="44.16288" lon="-73.78777">
        <ele>495.63</ele>
        <time>2026-05-17T10:07:47Z</time>
      </trkpt>
      <trkpt lat="44.16284" lon="-73.78778">
        <ele>496.36</ele>
        <time>2026-05-17T10:07:49Z</time>
      </trkpt>
      <trkpt lat="44.16281" lon="-73.78779">
        <ele>496.87</ele>
        <time>2026-05-17T10:07:51Z</time>
      </trkpt>
      <trkpt lat="44.16278" lon="-73.78779">
        <ele>497.24</ele>
        <time>2026-05-17T10:07:53Z</time>
      </trkpt>
      <trkpt lat="44.16275" lon="-73.78779">
        <ele>497.86</ele>
        <time>2026-05-17T10:07:55Z</time>
      </trkpt>
      <trkpt lat="44.16271" lon="-73.78778">
        <ele>498.51</ele>
        <time>2026-05-17T10:07:58Z</time>
      </trkpt>
      <trkpt lat="44.16268" lon="-73.78779">
        <ele>499.26</ele>
        <time>2026-05-17T10:08:01Z</time>
      </trkpt>
      <trkpt lat="44.16265" lon="-73.78779">
        <ele>499.26</ele>
        <time>2026-05-17T10:08:04Z</time>
      </trkpt>
      <trkpt lat="44.16263" lon="-73.7878">
        <ele>499.48</ele>
        <time>2026-05-17T10:08:06Z</time>
      </trkpt>
      <trkpt lat="44.16262" lon="-73.78781">
        <ele>499.7</ele>
        <time>2026-05-17T10:08:08Z</time>
      </trkpt>
      <trkpt lat="44.16259" lon="-73.78783">
        <ele>500.13</ele>
        <time>2026-05-17T10:08:11Z</time>
      </trkpt>
      <trkpt lat="44.16256" lon="-73.78784">
        <ele>500.34</ele>
        <time>2026-05-17T10:08:15Z</time>
      </trkpt>
      <trkpt lat="44.16253" lon="-73.78786">
        <ele>500.78</ele>
        <time>2026-05-17T10:08:20Z</time>
      </trkpt>
      <trkpt lat="44.16251" lon="-73.78789">
        <ele>501.64</ele>
        <time>2026-05-17T10:08:25Z</time>
      </trkpt>
      <trkpt lat="44.16248" lon="-73.7879">
        <ele>501.89</ele>
        <time>2026-05-17T10:08:29Z</time>
      </trkpt>
      <trkpt lat="44.16242" lon="-73.78794">
        <ele>502.61</ele>
        <time>2026-05-17T10:08:39Z</time>
      </trkpt>
      <trkpt lat="44.16235" lon="-73.78797">
        <ele>503.23</ele>
        <time>2026-05-17T10:08:48Z</time>
      </trkpt>
      <trkpt lat="44.1623" lon="-73.788">
        <ele>504.1</ele>
        <time>2026-05-17T10:08:55Z</time>
      </trkpt>
      <trkpt lat="44.16226" lon="-73.78803">
        <ele>505.01</ele>
        <time>2026-05-17T10:09:01Z</time>
      </trkpt>
      <trkpt lat="44.16221" lon="-73.78811">
        <ele>507.76</ele>
        <time>2026-05-17T10:09:11Z</time>
      </trkpt>
      <trkpt lat="44.16218" lon="-73.78819">
        <ele>510.81</ele>
        <time>2026-05-17T10:09:21Z</time>
      </trkpt>
      <trkpt lat="44.16213" lon="-73.78827">
        <ele>514.58</ele>
        <time>2026-05-17T10:09:32Z</time>
      </trkpt>
      <trkpt lat="44.16209" lon="-73.78835">
        <ele>518.19</ele>
        <time>2026-05-17T10:09:42Z</time>
      </trkpt>
      <trkpt lat="44.16206" lon="-73.78839">
        <ele>519.54</ele>
        <time>2026-05-17T10:09:48Z</time>
      </trkpt>
      <trkpt lat="44.16202" lon="-73.78847">
        <ele>521.86</ele>
        <time>2026-05-17T10:09:58Z</time>
      </trkpt>
      <trkpt lat="44.16199" lon="-73.78855">
        <ele>523.85</ele>
        <time>2026-05-17T10:10:09Z</time>
      </trkpt>
      <trkpt lat="44.16196" lon="-73.78865">
        <ele>526.74</ele>
        <time>2026-05-17T10:10:21Z</time>
      </trkpt>
      <trkpt lat="44.16195" lon="-73.78871">
        <ele>528.14</ele>
        <time>2026-05-17T10:10:30Z</time>
      </trkpt>
      <trkpt lat="44.16197" lon="-73.78873">
        <ele>528.57</ele>
        <time>2026-05-17T10:10:33Z</time>
      </trkpt>
      <trkpt lat="44.16202" lon="-73.78875">
        <ele>529.0</ele>
        <time>2026-05-17T10:10:36Z</time>
      </trkpt>
      <trkpt lat="44.16196" lon="-73.7887">
        <ele>527.91</ele>
        <time>2026-05-17T10:10:57Z</time>
      </trkpt>
      <trkpt lat="44.16192" lon="-73.78863">
        <ele>526.41</ele>
        <time>2026-05-17T10:11:01Z</time>
      </trkpt>
      <trkpt lat="44.16186" lon="-73.78859">
        <ele>525.32</ele>
        <time>2026-05-17T10:11:08Z</time>
      </trkpt>
      <trkpt lat="44.16179" lon="-73.78856">
        <ele>524.34</ele>
        <time>2026-05-17T10:11:15Z</time>
      </trkpt>
      <trkpt lat="44.16172" lon="-73.78851">
        <ele>522.72</ele>
        <time>2026-05-17T10:11:22Z</time>
      </trkpt>
      <trkpt lat="44.16165" lon="-73.78848">
        <ele>521.75</ele>
        <time>2026-05-17T10:11:29Z</time>
      </trkpt>
      <trkpt lat="44.16158" lon="-73.78846">
        <ele>521.1</ele>
        <time>2026-05-17T10:11:36Z</time>
      </trkpt>
      <trkpt lat="44.16151" lon="-73.78843">
        <ele>519.47</ele>
        <time>2026-05-17T10:11:44Z</time>
      </trkpt>
      <trkpt lat="44.16144" lon="-73.78841">
        <ele>519.72</ele>
        <time>2026-05-17T10:11:51Z</time>
      </trkpt>
      <trkpt lat="44.16138" lon="-73.78837">
        <ele>520.78</ele>
        <time>2026-05-17T10:11:58Z</time>
      </trkpt>
      <trkpt lat="44.16132" lon="-73.78833">
        <ele>522.95</ele>
        <time>2026-05-17T10:12:06Z</time>
      </trkpt>
      <trkpt lat="44.16125" lon="-73.78827">
        <ele>524.47</ele>
        <time>2026-05-17T10:12:16Z</time>
      </trkpt>
      <trkpt lat="44.1612" lon="-73.78821">
        <ele>524.77</ele>
        <time>2026-05-17T10:12:26Z</time>
      </trkpt>
      <trkpt lat="44.16119" lon="-73.7883">
        <ele>526.63</ele>
        <time>2026-05-17T10:12:55Z</time>
      </trkpt>
      <trkpt lat="44.16118" lon="-73.78838">
        <ele>528.15</ele>
        <time>2026-05-17T10:13:06Z</time>
      </trkpt>
      <trkpt lat="44.16114" lon="-73.78843">
        <ele>530.15</ele>
        <time>2026-05-17T10:13:20Z</time>
      </trkpt>
      <trkpt lat="44.16111" lon="-73.78849">
        <ele>532.41</ele>
        <time>2026-05-17T10:13:32Z</time>
      </trkpt>
      <trkpt lat="44.16108" lon="-73.78857">
        <ele>534.41</ele>
        <time>2026-05-17T10:13:47Z</time>
      </trkpt>
      <trkpt lat="44.16104" lon="-73.78865">
        <ele>536.82</ele>
        <time>2026-05-17T10:14:02Z</time>
      </trkpt>
      <trkpt lat="44.16102" lon="-73.7887">
        <ele>537.93</ele>
        <time>2026-05-17T10:14:11Z</time>
      </trkpt>
      <trkpt lat="44.16097" lon="-73.78875">
        <ele>540.31</ele>
        <time>2026-05-17T10:14:25Z</time>
      </trkpt>
      <trkpt lat="44.1609" lon="-73.78878">
        <ele>542.61</ele>
        <time>2026-05-17T10:14:39Z</time>
      </trkpt>
      <trkpt lat="44.16083" lon="-73.78881">
        <ele>545.19</ele>
        <time>2026-05-17T10:14:52Z</time>
      </trkpt>
      <trkpt lat="44.16078" lon="-73.78882">
        <ele>545.98</ele>
        <time>2026-05-17T10:15:02Z</time>
      </trkpt>
      <trkpt lat="44.16071" lon="-73.78884">
        <ele>547.61</ele>
        <time>2026-05-17T10:15:14Z</time>
      </trkpt>
      <trkpt lat="44.16062" lon="-73.78886">
        <ele>549.89</ele>
        <time>2026-05-17T10:15:23Z</time>
      </trkpt>
      <trkpt lat="44.16054" lon="-73.78886">
        <ele>551.28</ele>
        <time>2026-05-17T10:15:26Z</time>
      </trkpt>
      <trkpt lat="44.16047" lon="-73.78886">
        <ele>552.28</ele>
        <time>2026-05-17T10:15:32Z</time>
      </trkpt>
      <trkpt lat="44.1604" lon="-73.78888">
        <ele>553.49</ele>
        <time>2026-05-17T10:15:41Z</time>
      </trkpt>
      <trkpt lat="44.16033" lon="-73.7889">
        <ele>554.74</ele>
        <time>2026-05-17T10:15:50Z</time>
      </trkpt>
      <trkpt lat="44.16027" lon="-73.78896">
        <ele>556.52</ele>
        <time>2026-05-17T10:16:07Z</time>
      </trkpt>
      <trkpt lat="44.16021" lon="-73.78901">
        <ele>558.01</ele>
        <time>2026-05-17T10:16:19Z</time>
      </trkpt>
      <trkpt lat="44.16015" lon="-73.78905">
        <ele>559.12</ele>
        <time>2026-05-17T10:16:31Z</time>
      </trkpt>
      <trkpt lat="44.16009" lon="-73.78907">
        <ele>559.8</ele>
        <time>2026-05-17T10:16:40Z</time>
      </trkpt>
      <trkpt lat="44.16002" lon="-73.78909">
        <ele>559.73</ele>
        <time>2026-05-17T10:16:49Z</time>
      </trkpt>
      <trkpt lat="44.15995" lon="-73.78912">
        <ele>559.68</ele>
        <time>2026-05-17T10:16:58Z</time>
      </trkpt>
      <trkpt lat="44.15988" lon="-73.78915">
        <ele>559.34</ele>
        <time>2026-05-17T10:17:07Z</time>
      </trkpt>
      <trkpt lat="44.15983" lon="-73.78918">
        <ele>559.62</ele>
        <time>2026-05-17T10:17:14Z</time>
      </trkpt>
      <trkpt lat="44.15976" lon="-73.7892">
        <ele>560.08</ele>
        <time>2026-05-17T10:17:22Z</time>
      </trkpt>
      <trkpt lat="44.15969" lon="-73.78923">
        <ele>561.51</ele>
        <time>2026-05-17T10:17:30Z</time>
      </trkpt>
      <trkpt lat="44.15962" lon="-73.78926">
        <ele>563.44</ele>
        <time>2026-05-17T10:17:39Z</time>
      </trkpt>
      <trkpt lat="44.15956" lon="-73.78929">
        <ele>566.75</ele>
        <time>2026-05-17T10:17:48Z</time>
      </trkpt>
      <trkpt lat="44.1595" lon="-73.78933">
        <ele>570.13</ele>
        <time>2026-05-17T10:17:57Z</time>
      </trkpt>
      <trkpt lat="44.1594" lon="-73.78937">
        <ele>574.83</ele>
        <time>2026-05-17T10:18:11Z</time>
      </trkpt>
      <trkpt lat="44.15937" lon="-73.78939">
        <ele>576.24</ele>
        <time>2026-05-17T10:18:15Z</time>
      </trkpt>
      <trkpt lat="44.15934" lon="-73.78943">
        <ele>577.94</ele>
        <time>2026-05-17T10:18:24Z</time>
      </trkpt>
      <trkpt lat="44.15932" lon="-73.78945">
        <ele>578.87</ele>
        <time>2026-05-17T10:18:32Z</time>
      </trkpt>
      <trkpt lat="44.1593" lon="-73.78946">
        <ele>579.62</ele>
        <time>2026-05-17T10:18:36Z</time>
      </trkpt>
      <trkpt lat="44.15927" lon="-73.78948">
        <ele>580.92</ele>
        <time>2026-05-17T10:18:40Z</time>
      </trkpt>
      <trkpt lat="44.15924" lon="-73.78949">
        <ele>581.58</ele>
        <time>2026-05-17T10:18:44Z</time>
      </trkpt>
      <trkpt lat="44.15921" lon="-73.7895">
        <ele>582.01</ele>
        <time>2026-05-17T10:18:48Z</time>
      </trkpt>
      <trkpt lat="44.15918" lon="-73.78952">
        <ele>582.61</ele>
        <time>2026-05-17T10:18:52Z</time>
      </trkpt>
      <trkpt lat="44.15919" lon="-73.78955">
        <ele>583.38</ele>
        <time>2026-05-17T10:19:03Z</time>
      </trkpt>
      <trkpt lat="44.15914" lon="-73.78958">
        <ele>584.26</ele>
        <time>2026-05-17T10:19:59Z</time>
      </trkpt>
      <trkpt lat="44.15909" lon="-73.78965">
        <ele>585.79</ele>
        <time>2026-05-17T10:20:09Z</time>
      </trkpt>
      <trkpt lat="44.15903" lon="-73.78971">
        <ele>587.19</ele>
        <time>2026-05-17T10:20:52Z</time>
      </trkpt>
      <trkpt lat="44.15896" lon="-73.78974">
        <ele>587.34</ele>
        <time>2026-05-17T10:21:05Z</time>
      </trkpt>
      <trkpt lat="44.15888" lon="-73.78975">
        <ele>586.78</ele>
        <time>2026-05-17T10:21:08Z</time>
      </trkpt>
      <trkpt lat="44.15882" lon="-73.78976">
        <ele>586.18</ele>
        <time>2026-05-17T10:21:13Z</time>
      </trkpt>
      <trkpt lat="44.15876" lon="-73.78978">
        <ele>585.46</ele>
        <time>2026-05-17T10:21:20Z</time>
      </trkpt>
      <trkpt lat="44.15869" lon="-73.78981">
        <ele>584.46</ele>
        <time>2026-05-17T10:21:28Z</time>
      </trkpt>
      <trkpt lat="44.15867" lon="-73.78991">
        <ele>584.94</ele>
        <time>2026-05-17T10:21:35Z</time>
      </trkpt>
      <trkpt lat="44.15867" lon="-73.79004">
        <ele>586.34</ele>
        <time>2026-05-17T10:21:38Z</time>
      </trkpt>
      <trkpt lat="44.15868" lon="-73.79014">
        <ele>587.74</ele>
        <time>2026-05-17T10:21:43Z</time>
      </trkpt>
      <trkpt lat="44.15873" lon="-73.79021">
        <ele>590.39</ele>
        <time>2026-05-17T10:21:51Z</time>
      </trkpt>
      <trkpt lat="44.15873" lon="-73.7903">
        <ele>592.16</ele>
        <time>2026-05-17T10:22:02Z</time>
      </trkpt>
      <trkpt lat="44.15873" lon="-73.79035">
        <ele>592.85</ele>
        <time>2026-05-17T10:22:07Z</time>
      </trkpt>
      <trkpt lat="44.15878" lon="-73.79042">
        <ele>596.37</ele>
        <time>2026-05-17T10:22:17Z</time>
      </trkpt>
      <trkpt lat="44.15884" lon="-73.79047">
        <ele>599.57</ele>
        <time>2026-05-17T10:22:27Z</time>
      </trkpt>
      <trkpt lat="44.15891" lon="-73.79049">
        <ele>602.27</ele>
        <time>2026-05-17T10:22:38Z</time>
      </trkpt>
      <trkpt lat="44.15894" lon="-73.79038">
        <ele>600.86</ele>
        <time>2026-05-17T10:22:43Z</time>
      </trkpt>
      <trkpt lat="44.15897" lon="-73.79028">
        <ele>599.68</ele>
        <time>2026-05-17T10:22:49Z</time>
      </trkpt>
      <trkpt lat="44.159" lon="-73.79027">
        <ele>600.23</ele>
        <time>2026-05-17T10:22:56Z</time>
      </trkpt>
      <trkpt lat="44.15907" lon="-73.79027">
        <ele>601.74</ele>
        <time>2026-05-17T10:23:11Z</time>
      </trkpt>
      <trkpt lat="44.15904" lon="-73.79032">
        <ele>602.18</ele>
        <time>2026-05-17T10:23:33Z</time>
      </trkpt>
      <trkpt lat="44.15899" lon="-73.79039">
        <ele>602.63</ele>
        <time>2026-05-17T10:23:53Z</time>
      </trkpt>
      <trkpt lat="44.15896" lon="-73.79047">
        <ele>603.46</ele>
        <time>2026-05-17T10:24:11Z</time>
      </trkpt>
      <trkpt lat="44.15893" lon="-73.79056">
        <ele>604.48</ele>
        <time>2026-05-17T10:24:27Z</time>
      </trkpt>
      <trkpt lat="44.1589" lon="-73.79064">
        <ele>606.1</ele>
        <time>2026-05-17T10:24:42Z</time>
      </trkpt>
      <trkpt lat="44.15897" lon="-73.79069">
        <ele>609.98</ele>
        <time>2026-05-17T10:24:52Z</time>
      </trkpt>
      <trkpt lat="44.15904" lon="-73.79069">
        <ele>612.25</ele>
        <time>2026-05-17T10:24:56Z</time>
      </trkpt>
      <trkpt lat="44.15911" lon="-73.79072">
        <ele>615.1</ele>
        <time>2026-05-17T10:25:10Z</time>
      </trkpt>
      <trkpt lat="44.15914" lon="-73.79075">
        <ele>616.72</ele>
        <time>2026-05-17T10:25:30Z</time>
      </trkpt>
      <trkpt lat="44.15921" lon="-73.79078">
        <ele>619.21</ele>
        <time>2026-05-17T10:25:49Z</time>
      </trkpt>
      <trkpt lat="44.15923" lon="-73.79081">
        <ele>620.61</ele>
        <time>2026-05-17T10:26:02Z</time>
      </trkpt>
      <trkpt lat="44.15928" lon="-73.79087">
        <ele>623.41</ele>
        <time>2026-05-17T10:26:28Z</time>
      </trkpt>
      <trkpt lat="44.15932" lon="-73.79095">
        <ele>626.44</ele>
        <time>2026-05-17T10:26:47Z</time>
      </trkpt>
      <trkpt lat="44.15938" lon="-73.79101">
        <ele>629.06</ele>
        <time>2026-05-17T10:27:02Z</time>
      </trkpt>
      <trkpt lat="44.15943" lon="-73.79106">
        <ele>631.19</ele>
        <time>2026-05-17T10:27:13Z</time>
      </trkpt>
      <trkpt lat="44.15949" lon="-73.79111">
        <ele>633.46</ele>
        <time>2026-05-17T10:27:27Z</time>
      </trkpt>
      <trkpt lat="44.15956" lon="-73.79113">
        <ele>634.86</ele>
        <time>2026-05-17T10:27:40Z</time>
      </trkpt>
      <trkpt lat="44.1595" lon="-73.79118">
        <ele>635.83</ele>
        <time>2026-05-17T10:28:02Z</time>
      </trkpt>
      <trkpt lat="44.15944" lon="-73.79122">
        <ele>636.26</ele>
        <time>2026-05-17T10:28:17Z</time>
      </trkpt>
      <trkpt lat="44.15943" lon="-73.79129">
        <ele>637.7</ele>
        <time>2026-05-17T10:28:36Z</time>
      </trkpt>
      <trkpt lat="44.15944" lon="-73.79139">
        <ele>639.98</ele>
        <time>2026-05-17T10:28:59Z</time>
      </trkpt>
      <trkpt lat="44.15945" lon="-73.7915">
        <ele>642.65</ele>
        <time>2026-05-17T10:29:02Z</time>
      </trkpt>
      <trkpt lat="44.15945" lon="-73.7916">
        <ele>645.58</ele>
        <time>2026-05-17T10:29:05Z</time>
      </trkpt>
      <trkpt lat="44.1595" lon="-73.79168">
        <ele>647.95</ele>
        <time>2026-05-17T10:29:12Z</time>
      </trkpt>
      <trkpt lat="44.15957" lon="-73.7917">
        <ele>648.72</ele>
        <time>2026-05-17T10:29:16Z</time>
      </trkpt>
      <trkpt lat="44.15962" lon="-73.79177">
        <ele>650.23</ele>
        <time>2026-05-17T10:29:26Z</time>
      </trkpt>
      <trkpt lat="44.15965" lon="-73.79183">
        <ele>651.31</ele>
        <time>2026-05-17T10:29:32Z</time>
      </trkpt>
      <trkpt lat="44.15969" lon="-73.7919">
        <ele>652.39</ele>
        <time>2026-05-17T10:29:40Z</time>
      </trkpt>
      <trkpt lat="44.15973" lon="-73.79198">
        <ele>653.72</ele>
        <time>2026-05-17T10:29:49Z</time>
      </trkpt>
      <trkpt lat="44.15977" lon="-73.79207">
        <ele>655.71</ele>
        <time>2026-05-17T10:30:01Z</time>
      </trkpt>
      <trkpt lat="44.15979" lon="-73.79216">
        <ele>657.74</ele>
        <time>2026-05-17T10:30:15Z</time>
      </trkpt>
      <trkpt lat="44.15979" lon="-73.79225">
        <ele>659.87</ele>
        <time>2026-05-17T10:30:29Z</time>
      </trkpt>
      <trkpt lat="44.1598" lon="-73.79232">
        <ele>661.27</ele>
        <time>2026-05-17T10:30:39Z</time>
      </trkpt>
      <trkpt lat="44.1598" lon="-73.79242">
        <ele>663.43</ele>
        <time>2026-05-17T10:30:53Z</time>
      </trkpt>
      <trkpt lat="44.15979" lon="-73.79251">
        <ele>665.48</ele>
        <time>2026-05-17T10:31:08Z</time>
      </trkpt>
      <trkpt lat="44.15977" lon="-73.79262">
        <ele>668.08</ele>
        <time>2026-05-17T10:31:32Z</time>
      </trkpt>
      <trkpt lat="44.15974" lon="-73.79269">
        <ele>669.95</ele>
        <time>2026-05-17T10:31:47Z</time>
      </trkpt>
      <trkpt lat="44.1597" lon="-73.79277">
        <ele>672.99</ele>
        <time>2026-05-17T10:32:02Z</time>
      </trkpt>
      <trkpt lat="44.15963" lon="-73.7928">
        <ele>674.72</ele>
        <time>2026-05-17T10:32:08Z</time>
      </trkpt>
      <trkpt lat="44.15956" lon="-73.79281">
        <ele>675.04</ele>
        <time>2026-05-17T10:32:10Z</time>
      </trkpt>
      <trkpt lat="44.1595" lon="-73.79283">
        <ele>675.29</ele>
        <time>2026-05-17T10:32:14Z</time>
      </trkpt>
      <trkpt lat="44.15945" lon="-73.7929">
        <ele>676.7</ele>
        <time>2026-05-17T10:32:29Z</time>
      </trkpt>
      <trkpt lat="44.1594" lon="-73.79296">
        <ele>677.46</ele>
        <time>2026-05-17T10:32:42Z</time>
      </trkpt>
      <trkpt lat="44.15933" lon="-73.79302">
        <ele>678.61</ele>
        <time>2026-05-17T10:32:55Z</time>
      </trkpt>
      <trkpt lat="44.15928" lon="-73.79307">
        <ele>679.69</ele>
        <time>2026-05-17T10:33:05Z</time>
      </trkpt>
      <trkpt lat="44.15923" lon="-73.79313">
        <ele>681.41</ele>
        <time>2026-05-17T10:33:17Z</time>
      </trkpt>
      <trkpt lat="44.15924" lon="-73.79322">
        <ele>684.33</ele>
        <time>2026-05-17T10:33:32Z</time>
      </trkpt>
      <trkpt lat="44.15925" lon="-73.79332">
        <ele>687.65</ele>
        <time>2026-05-17T10:33:48Z</time>
      </trkpt>
      <trkpt lat="44.15919" lon="-73.79341">
        <ele>691.44</ele>
        <time>2026-05-17T10:34:06Z</time>
      </trkpt>
      <trkpt lat="44.15916" lon="-73.7935">
        <ele>695.21</ele>
        <time>2026-05-17T10:34:23Z</time>
      </trkpt>
      <trkpt lat="44.15918" lon="-73.79347">
        <ele>693.9</ele>
        <time>2026-05-17T10:34:41Z</time>
      </trkpt>
      <trkpt lat="44.15919" lon="-73.79349">
        <ele>694.77</ele>
        <time>2026-05-17T10:35:30Z</time>
      </trkpt>
      <trkpt lat="44.15917" lon="-73.79351">
        <ele>695.63</ele>
        <time>2026-05-17T10:35:41Z</time>
      </trkpt>
      <trkpt lat="44.15914" lon="-73.79351">
        <ele>695.66</ele>
        <time>2026-05-17T10:35:46Z</time>
      </trkpt>
      <trkpt lat="44.15913" lon="-73.79352">
        <ele>696.06</ele>
        <time>2026-05-17T10:35:49Z</time>
      </trkpt>
      <trkpt lat="44.15911" lon="-73.79353">
        <ele>696.5</ele>
        <time>2026-05-17T10:35:56Z</time>
      </trkpt>
      <trkpt lat="44.1591" lon="-73.79358">
        <ele>698.66</ele>
        <time>2026-05-17T10:36:00Z</time>
      </trkpt>
      <trkpt lat="44.15909" lon="-73.79362">
        <ele>700.37</ele>
        <time>2026-05-17T10:36:03Z</time>
      </trkpt>
      <trkpt lat="44.15909" lon="-73.79366">
        <ele>702.02</ele>
        <time>2026-05-17T10:36:07Z</time>
      </trkpt>
      <trkpt lat="44.15909" lon="-73.7937">
        <ele>703.67</ele>
        <time>2026-05-17T10:36:18Z</time>
      </trkpt>
      <trkpt lat="44.15903" lon="-73.79374">
        <ele>705.36</ele>
        <time>2026-05-17T10:36:38Z</time>
      </trkpt>
      <trkpt lat="44.159" lon="-73.79381">
        <ele>708.24</ele>
        <time>2026-05-17T10:36:51Z</time>
      </trkpt>
      <trkpt lat="44.15896" lon="-73.7939">
        <ele>711.27</ele>
        <time>2026-05-17T10:37:10Z</time>
      </trkpt>
      <trkpt lat="44.15893" lon="-73.79396">
        <ele>712.96</ele>
        <time>2026-05-17T10:37:26Z</time>
      </trkpt>
      <trkpt lat="44.15892" lon="-73.79397">
        <ele>713.33</ele>
        <time>2026-05-17T10:37:31Z</time>
      </trkpt>
      <trkpt lat="44.1589" lon="-73.79399">
        <ele>714.08</ele>
        <time>2026-05-17T10:37:43Z</time>
      </trkpt>
      <trkpt lat="44.15888" lon="-73.79402">
        <ele>714.87</ele>
        <time>2026-05-17T10:37:54Z</time>
      </trkpt>
      <trkpt lat="44.15886" lon="-73.79405">
        <ele>715.71</ele>
        <time>2026-05-17T10:38:03Z</time>
      </trkpt>
      <trkpt lat="44.15885" lon="-73.79408">
        <ele>716.59</ele>
        <time>2026-05-17T10:38:11Z</time>
      </trkpt>
      <trkpt lat="44.15884" lon="-73.79412">
        <ele>717.75</ele>
        <time>2026-05-17T10:38:15Z</time>
      </trkpt>
      <trkpt lat="44.15883" lon="-73.79414">
        <ele>718.32</ele>
        <time>2026-05-17T10:38:18Z</time>
      </trkpt>
      <trkpt lat="44.15881" lon="-73.79417">
        <ele>719.11</ele>
        <time>2026-05-17T10:38:29Z</time>
      </trkpt>
      <trkpt lat="44.15879" lon="-73.79421">
        <ele>720.4</ele>
        <time>2026-05-17T10:38:36Z</time>
      </trkpt>
      <trkpt lat="44.15877" lon="-73.79425">
        <ele>721.7</ele>
        <time>2026-05-17T10:38:41Z</time>
      </trkpt>
      <trkpt lat="44.15875" lon="-73.79429">
        <ele>723.0</ele>
        <time>2026-05-17T10:38:49Z</time>
      </trkpt>
      <trkpt lat="44.15869" lon="-73.79435">
        <ele>724.94</ele>
        <time>2026-05-17T10:39:03Z</time>
      </trkpt>
      <trkpt lat="44.15863" lon="-73.7944">
        <ele>726.67</ele>
        <time>2026-05-17T10:39:17Z</time>
      </trkpt>
      <trkpt lat="44.15855" lon="-73.79443">
        <ele>726.87</ele>
        <time>2026-05-17T10:39:22Z</time>
      </trkpt>
      <trkpt lat="44.15847" lon="-73.79445">
        <ele>726.13</ele>
        <time>2026-05-17T10:39:26Z</time>
      </trkpt>
      <trkpt lat="44.15841" lon="-73.79449">
        <ele>726.13</ele>
        <time>2026-05-17T10:39:36Z</time>
      </trkpt>
      <trkpt lat="44.1584" lon="-73.79458">
        <ele>728.83</ele>
        <time>2026-05-17T10:39:54Z</time>
      </trkpt>
      <trkpt lat="44.15839" lon="-73.79466">
        <ele>731.21</ele>
        <time>2026-05-17T10:40:07Z</time>
      </trkpt>
      <trkpt lat="44.15835" lon="-73.79474">
        <ele>732.97</ele>
        <time>2026-05-17T10:40:21Z</time>
      </trkpt>
      <trkpt lat="44.15831" lon="-73.79482">
        <ele>734.45</ele>
        <time>2026-05-17T10:40:33Z</time>
      </trkpt>
      <trkpt lat="44.15828" lon="-73.79489">
        <ele>736.05</ele>
        <time>2026-05-17T10:40:51Z</time>
      </trkpt>
      <trkpt lat="44.15825" lon="-73.79498">
        <ele>739.32</ele>
        <time>2026-05-17T10:41:16Z</time>
      </trkpt>
      <trkpt lat="44.15831" lon="-73.79503">
        <ele>744.61</ele>
        <time>2026-05-17T10:41:28Z</time>
      </trkpt>
      <trkpt lat="44.15838" lon="-73.79505">
        <ele>748.44</ele>
        <time>2026-05-17T10:41:34Z</time>
      </trkpt>
      <trkpt lat="44.15841" lon="-73.79495">
        <ele>744.61</ele>
        <time>2026-05-17T10:41:40Z</time>
      </trkpt>
      <trkpt lat="44.15843" lon="-73.79486">
        <ele>740.55</ele>
        <time>2026-05-17T10:41:48Z</time>
      </trkpt>
      <trkpt lat="44.15847" lon="-73.79484">
        <ele>740.44</ele>
        <time>2026-05-17T10:41:55Z</time>
      </trkpt>
      <trkpt lat="44.15853" lon="-73.79484">
        <ele>741.85</ele>
        <time>2026-05-17T10:42:07Z</time>
      </trkpt>
      <trkpt lat="44.1586" lon="-73.79488">
        <ele>745.36</ele>
        <time>2026-05-17T10:42:19Z</time>
      </trkpt>
      <trkpt lat="44.15865" lon="-73.79495">
        <ele>749.49</ele>
        <time>2026-05-17T10:42:34Z</time>
      </trkpt>
      <trkpt lat="44.15869" lon="-73.79502">
        <ele>752.1</ele>
        <time>2026-05-17T10:42:52Z</time>
      </trkpt>
      <trkpt lat="44.15871" lon="-73.79506">
        <ele>752.51</ele>
        <time>2026-05-17T10:42:58Z</time>
      </trkpt>
      <trkpt lat="44.15872" lon="-73.7951">
        <ele>752.73</ele>
        <time>2026-05-17T10:43:00Z</time>
      </trkpt>
      <trkpt lat="44.15874" lon="-73.79515">
        <ele>752.84</ele>
        <time>2026-05-17T10:43:03Z</time>
      </trkpt>
      <trkpt lat="44.15875" lon="-73.79519">
        <ele>753.05</ele>
        <time>2026-05-17T10:43:06Z</time>
      </trkpt>
      <trkpt lat="44.15876" lon="-73.79523">
        <ele>753.27</ele>
        <time>2026-05-17T10:43:09Z</time>
      </trkpt>
      <trkpt lat="44.15877" lon="-73.79527">
        <ele>753.48</ele>
        <time>2026-05-17T10:43:13Z</time>
      </trkpt>
      <trkpt lat="44.15877" lon="-73.79531">
        <ele>753.67</ele>
        <time>2026-05-17T10:43:17Z</time>
      </trkpt>
      <trkpt lat="44.15877" lon="-73.79535">
        <ele>753.79</ele>
        <time>2026-05-17T10:43:22Z</time>
      </trkpt>
      <trkpt lat="44.15874" lon="-73.79534">
        <ele>754.62</ele>
        <time>2026-05-17T10:44:26Z</time>
      </trkpt>
      <trkpt lat="44.15871" lon="-73.79535">
        <ele>755.59</ele>
        <time>2026-05-17T10:44:30Z</time>
      </trkpt>
      <trkpt lat="44.15867" lon="-73.79536">
        <ele>756.62</ele>
        <time>2026-05-17T10:44:39Z</time>
      </trkpt>
      <trkpt lat="44.15864" lon="-73.79537">
        <ele>757.37</ele>
        <time>2026-05-17T10:44:47Z</time>
      </trkpt>
      <trkpt lat="44.15864" lon="-73.79538">
        <ele>757.48</ele>
        <time>2026-05-17T10:44:57Z</time>
      </trkpt>
      <trkpt lat="44.15865" lon="-73.79542">
        <ele>757.7</ele>
        <time>2026-05-17T10:45:18Z</time>
      </trkpt>
      <trkpt lat="44.15865" lon="-73.79547">
        <ele>758.2</ele>
        <time>2026-05-17T10:45:22Z</time>
      </trkpt>
      <trkpt lat="44.15864" lon="-73.79551">
        <ele>758.73</ele>
        <time>2026-05-17T10:45:26Z</time>
      </trkpt>
      <trkpt lat="44.15861" lon="-73.79554">
        <ele>759.86</ele>
        <time>2026-05-17T10:45:30Z</time>
      </trkpt>
      <trkpt lat="44.15859" lon="-73.79556">
        <ele>760.49</ele>
        <time>2026-05-17T10:45:45Z</time>
      </trkpt>
      <trkpt lat="44.15856" lon="-73.79557">
        <ele>761.17</ele>
        <time>2026-05-17T10:45:50Z</time>
      </trkpt>
      <trkpt lat="44.15853" lon="-73.79559">
        <ele>761.8</ele>
        <time>2026-05-17T10:45:54Z</time>
      </trkpt>
      <trkpt lat="44.15851" lon="-73.79562">
        <ele>762.06</ele>
        <time>2026-05-17T10:45:58Z</time>
      </trkpt>
      <trkpt lat="44.15849" lon="-73.79566">
        <ele>762.44</ele>
        <time>2026-05-17T10:46:01Z</time>
      </trkpt>
      <trkpt lat="44.15848" lon="-73.79569">
        <ele>762.87</ele>
        <time>2026-05-17T10:46:04Z</time>
      </trkpt>
      <trkpt lat="44.15845" lon="-73.79572">
        <ele>763.52</ele>
        <time>2026-05-17T10:46:07Z</time>
      </trkpt>
      <trkpt lat="44.15843" lon="-73.79574">
        <ele>763.95</ele>
        <time>2026-05-17T10:46:10Z</time>
      </trkpt>
      <trkpt lat="44.15841" lon="-73.79576">
        <ele>764.07</ele>
        <time>2026-05-17T10:46:13Z</time>
      </trkpt>
      <trkpt lat="44.15838" lon="-73.79578">
        <ele>764.14</ele>
        <time>2026-05-17T10:46:16Z</time>
      </trkpt>
      <trkpt lat="44.15832" lon="-73.79583">
        <ele>764.78</ele>
        <time>2026-05-17T10:46:24Z</time>
      </trkpt>
      <trkpt lat="44.15825" lon="-73.79588">
        <ele>765.06</ele>
        <time>2026-05-17T10:46:33Z</time>
      </trkpt>
      <trkpt lat="44.1582" lon="-73.79595">
        <ele>765.75</ele>
        <time>2026-05-17T10:46:41Z</time>
      </trkpt>
      <trkpt lat="44.15815" lon="-73.79603">
        <ele>767.27</ele>
        <time>2026-05-17T10:46:49Z</time>
      </trkpt>
      <trkpt lat="44.1581" lon="-73.79609">
        <ele>767.39</ele>
        <time>2026-05-17T10:46:57Z</time>
      </trkpt>
      <trkpt lat="44.15805" lon="-73.79615">
        <ele>767.66</ele>
        <time>2026-05-17T10:47:05Z</time>
      </trkpt>
      <trkpt lat="44.158" lon="-73.79623">
        <ele>767.65</ele>
        <time>2026-05-17T10:47:13Z</time>
      </trkpt>
      <trkpt lat="44.15796" lon="-73.79632">
        <ele>768.42</ele>
        <time>2026-05-17T10:47:21Z</time>
      </trkpt>
      <trkpt lat="44.15793" lon="-73.7964">
        <ele>769.05</ele>
        <time>2026-05-17T10:47:29Z</time>
      </trkpt>
      <trkpt lat="44.15789" lon="-73.79648">
        <ele>768.62</ele>
        <time>2026-05-17T10:47:37Z</time>
      </trkpt>
      <trkpt lat="44.15785" lon="-73.79655">
        <ele>768.08</ele>
        <time>2026-05-17T10:47:45Z</time>
      </trkpt>
      <trkpt lat="44.1578" lon="-73.79662">
        <ele>767.22</ele>
        <time>2026-05-17T10:47:54Z</time>
      </trkpt>
      <trkpt lat="44.15774" lon="-73.79669">
        <ele>766.03</ele>
        <time>2026-05-17T10:48:04Z</time>
      </trkpt>
      <trkpt lat="44.15769" lon="-73.79675">
        <ele>765.06</ele>
        <time>2026-05-17T10:48:15Z</time>
      </trkpt>
      <trkpt lat="44.15764" lon="-73.79681">
        <ele>763.6</ele>
        <time>2026-05-17T10:48:26Z</time>
      </trkpt>
      <trkpt lat="44.15759" lon="-73.79688">
        <ele>762.52</ele>
        <time>2026-05-17T10:48:36Z</time>
      </trkpt>
      <trkpt lat="44.15753" lon="-73.79694">
        <ele>761.23</ele>
        <time>2026-05-17T10:48:48Z</time>
      </trkpt>
      <trkpt lat="44.15748" lon="-73.797">
        <ele>760.34</ele>
        <time>2026-05-17T10:49:01Z</time>
      </trkpt>
      <trkpt lat="44.15743" lon="-73.79707">
        <ele>759.77</ele>
        <time>2026-05-17T10:49:13Z</time>
      </trkpt>
      <trkpt lat="44.15749" lon="-73.79712">
        <ele>764.16</ele>
        <time>2026-05-17T10:49:23Z</time>
      </trkpt>
      <trkpt lat="44.15757" lon="-73.79716">
        <ele>768.76</ele>
        <time>2026-05-17T10:49:29Z</time>
      </trkpt>
      <trkpt lat="44.15762" lon="-73.79722">
        <ele>771.55</ele>
        <time>2026-05-17T10:49:37Z</time>
      </trkpt>
      <trkpt lat="44.15768" lon="-73.79728">
        <ele>774.14</ele>
        <time>2026-05-17T10:49:45Z</time>
      </trkpt>
      <trkpt lat="44.15773" lon="-73.79735">
        <ele>775.2</ele>
        <time>2026-05-17T10:49:55Z</time>
      </trkpt>
      <trkpt lat="44.15777" lon="-73.79743">
        <ele>774.86</ele>
        <time>2026-05-17T10:50:05Z</time>
      </trkpt>
      <trkpt lat="44.15773" lon="-73.79749">
        <ele>775.08</ele>
        <time>2026-05-17T10:50:12Z</time>
      </trkpt>
      <trkpt lat="44.15771" lon="-73.79756">
        <ele>774.64</ele>
        <time>2026-05-17T10:50:22Z</time>
      </trkpt>
      <trkpt lat="44.15769" lon="-73.79759">
        <ele>774.87</ele>
        <time>2026-05-17T10:50:36Z</time>
      </trkpt>
      <trkpt lat="44.15767" lon="-73.79761">
        <ele>774.87</ele>
        <time>2026-05-17T10:50:42Z</time>
      </trkpt>
      <trkpt lat="44.15764" lon="-73.79763">
        <ele>774.99</ele>
        <time>2026-05-17T10:50:46Z</time>
      </trkpt>
      <trkpt lat="44.15761" lon="-73.79764">
        <ele>775.32</ele>
        <time>2026-05-17T10:50:49Z</time>
      </trkpt>
      <trkpt lat="44.15758" lon="-73.79765">
        <ele>775.26</ele>
        <time>2026-05-17T10:50:53Z</time>
      </trkpt>
      <trkpt lat="44.15756" lon="-73.79766">
        <ele>774.77</ele>
        <time>2026-05-17T10:50:57Z</time>
      </trkpt>
      <trkpt lat="44.15754" lon="-73.79768">
        <ele>774.27</ele>
        <time>2026-05-17T10:51:03Z</time>
      </trkpt>
      <trkpt lat="44.15752" lon="-73.79771">
        <ele>773.86</ele>
        <time>2026-05-17T10:51:18Z</time>
      </trkpt>
      <trkpt lat="44.15747" lon="-73.79771">
        <ele>772.62</ele>
        <time>2026-05-17T10:51:32Z</time>
      </trkpt>
      <trkpt lat="44.15744" lon="-73.79772">
        <ele>772.08</ele>
        <time>2026-05-17T10:51:37Z</time>
      </trkpt>
      <trkpt lat="44.15741" lon="-73.79774">
        <ele>771.65</ele>
        <time>2026-05-17T10:51:42Z</time>
      </trkpt>
      <trkpt lat="44.15739" lon="-73.79778">
        <ele>771.44</ele>
        <time>2026-05-17T10:51:45Z</time>
      </trkpt>
      <trkpt lat="44.15738" lon="-73.79782">
        <ele>771.25</ele>
        <time>2026-05-17T10:51:47Z</time>
      </trkpt>
      <trkpt lat="44.15737" lon="-73.79785">
        <ele>771.1</ele>
        <time>2026-05-17T10:51:49Z</time>
      </trkpt>
      <trkpt lat="44.15736" lon="-73.7979">
        <ele>771.3</ele>
        <time>2026-05-17T10:51:52Z</time>
      </trkpt>
      <trkpt lat="44.15736" lon="-73.79794">
        <ele>771.73</ele>
        <time>2026-05-17T10:51:55Z</time>
      </trkpt>
      <trkpt lat="44.15736" lon="-73.79799">
        <ele>772.12</ele>
        <time>2026-05-17T10:51:59Z</time>
      </trkpt>
      <trkpt lat="44.15736" lon="-73.79803">
        <ele>772.33</ele>
        <time>2026-05-17T10:52:02Z</time>
      </trkpt>
      <trkpt lat="44.15736" lon="-73.79807">
        <ele>772.54</ele>
        <time>2026-05-17T10:52:05Z</time>
      </trkpt>
      <trkpt lat="44.15735" lon="-73.79811">
        <ele>772.5</ele>
        <time>2026-05-17T10:52:08Z</time>
      </trkpt>
      <trkpt lat="44.15735" lon="-73.79815">
        <ele>772.78</ele>
        <time>2026-05-17T10:52:11Z</time>
      </trkpt>
      <trkpt lat="44.15734" lon="-73.79819">
        <ele>773.0</ele>
        <time>2026-05-17T10:52:14Z</time>
      </trkpt>
      <trkpt lat="44.15734" lon="-73.79823">
        <ele>773.43</ele>
        <time>2026-05-17T10:52:17Z</time>
      </trkpt>
      <trkpt lat="44.15734" lon="-73.79827">
        <ele>773.77</ele>
        <time>2026-05-17T10:52:21Z</time>
      </trkpt>
      <trkpt lat="44.15732" lon="-73.79829">
        <ele>773.61</ele>
        <time>2026-05-17T10:52:34Z</time>
      </trkpt>
      <trkpt lat="44.1573" lon="-73.79833">
        <ele>773.8</ele>
        <time>2026-05-17T10:52:39Z</time>
      </trkpt>
      <trkpt lat="44.15729" lon="-73.79837">
        <ele>774.13</ele>
        <time>2026-05-17T10:52:43Z</time>
      </trkpt>
      <trkpt lat="44.15727" lon="-73.7984">
        <ele>774.24</ele>
        <time>2026-05-17T10:52:51Z</time>
      </trkpt>
      <trkpt lat="44.15725" lon="-73.79842">
        <ele>774.24</ele>
        <time>2026-05-17T10:52:59Z</time>
      </trkpt>
      <trkpt lat="44.15723" lon="-73.79847">
        <ele>774.52</ele>
        <time>2026-05-17T10:53:09Z</time>
      </trkpt>
      <trkpt lat="44.1572" lon="-73.79852">
        <ele>774.54</ele>
        <time>2026-05-17T10:53:16Z</time>
      </trkpt>
      <trkpt lat="44.15712" lon="-73.79857">
        <ele>774.01</ele>
        <time>2026-05-17T10:53:23Z</time>
      </trkpt>
      <trkpt lat="44.15702" lon="-73.79861">
        <ele>773.61</ele>
        <time>2026-05-17T10:53:30Z</time>
      </trkpt>
      <trkpt lat="44.15695" lon="-73.79866">
        <ele>772.65</ele>
        <time>2026-05-17T10:53:37Z</time>
      </trkpt>
      <trkpt lat="44.15691" lon="-73.79873">
        <ele>773.09</ele>
        <time>2026-05-17T10:53:44Z</time>
      </trkpt>
      <trkpt lat="44.15686" lon="-73.79883">
        <ele>773.9</ele>
        <time>2026-05-17T10:53:51Z</time>
      </trkpt>
      <trkpt lat="44.15683" lon="-73.79891">
        <ele>775.22</ele>
        <time>2026-05-17T10:53:58Z</time>
      </trkpt>
      <trkpt lat="44.1568" lon="-73.799">
        <ele>776.75</ele>
        <time>2026-05-17T10:54:05Z</time>
      </trkpt>
      <trkpt lat="44.15677" lon="-73.79909">
        <ele>778.34</ele>
        <time>2026-05-17T10:54:12Z</time>
      </trkpt>
      <trkpt lat="44.15674" lon="-73.79916">
        <ele>779.65</ele>
        <time>2026-05-17T10:54:19Z</time>
      </trkpt>
      <trkpt lat="44.15669" lon="-73.79918">
        <ele>779.5</ele>
        <time>2026-05-17T10:54:33Z</time>
      </trkpt>
      <trkpt lat="44.15665" lon="-73.79923">
        <ele>780.37</ele>
        <time>2026-05-17T10:54:40Z</time>
      </trkpt>
      <trkpt lat="44.1566" lon="-73.79928">
        <ele>781.45</ele>
        <time>2026-05-17T10:54:47Z</time>
      </trkpt>
      <trkpt lat="44.15655" lon="-73.79931">
        <ele>782.1</ele>
        <time>2026-05-17T10:54:54Z</time>
      </trkpt>
      <trkpt lat="44.1565" lon="-73.79935">
        <ele>782.96</ele>
        <time>2026-05-17T10:55:01Z</time>
      </trkpt>
      <trkpt lat="44.15646" lon="-73.79938">
        <ele>783.91</ele>
        <time>2026-05-17T10:55:08Z</time>
      </trkpt>
      <trkpt lat="44.15642" lon="-73.79942">
        <ele>785.21</ele>
        <time>2026-05-17T10:55:15Z</time>
      </trkpt>
      <trkpt lat="44.15639" lon="-73.79948">
        <ele>787.15</ele>
        <time>2026-05-17T10:55:22Z</time>
      </trkpt>
      <trkpt lat="44.15636" lon="-73.79952">
        <ele>788.45</ele>
        <time>2026-05-17T10:55:29Z</time>
      </trkpt>
      <trkpt lat="44.15635" lon="-73.7996">
        <ele>790.25</ele>
        <time>2026-05-17T10:55:43Z</time>
      </trkpt>
      <trkpt lat="44.15637" lon="-73.79967">
        <ele>791.19</ele>
        <time>2026-05-17T10:55:57Z</time>
      </trkpt>
      <trkpt lat="44.15638" lon="-73.79974">
        <ele>792.11</ele>
        <time>2026-05-17T10:56:11Z</time>
      </trkpt>
      <trkpt lat="44.1564" lon="-73.79979">
        <ele>791.76</ele>
        <time>2026-05-17T10:56:16Z</time>
      </trkpt>
      <trkpt lat="44.15642" lon="-73.79982">
        <ele>791.37</ele>
        <time>2026-05-17T10:56:18Z</time>
      </trkpt>
      <trkpt lat="44.15644" lon="-73.79986">
        <ele>791.11</ele>
        <time>2026-05-17T10:56:21Z</time>
      </trkpt>
      <trkpt lat="44.15646" lon="-73.7999">
        <ele>790.68</ele>
        <time>2026-05-17T10:56:25Z</time>
      </trkpt>
      <trkpt lat="44.15645" lon="-73.79993">
        <ele>791.02</ele>
        <time>2026-05-17T10:56:30Z</time>
      </trkpt>
      <trkpt lat="44.15644" lon="-73.80009">
        <ele>790.81</ele>
        <time>2026-05-17T10:57:42Z</time>
      </trkpt>
      <trkpt lat="44.15642" lon="-73.80015">
        <ele>791.24</ele>
        <time>2026-05-17T10:57:56Z</time>
      </trkpt>
      <trkpt lat="44.1564" lon="-73.80023">
        <ele>791.58</ele>
        <time>2026-05-17T10:58:03Z</time>
      </trkpt>
      <trkpt lat="44.15638" lon="-73.80029">
        <ele>792.26</ele>
        <time>2026-05-17T10:58:10Z</time>
      </trkpt>
      <trkpt lat="44.15635" lon="-73.80039">
        <ele>792.89</ele>
        <time>2026-05-17T10:58:17Z</time>
      </trkpt>
      <trkpt lat="44.15634" lon="-73.80046">
        <ele>792.67</ele>
        <time>2026-05-17T10:58:24Z</time>
      </trkpt>
      <trkpt lat="44.15634" lon="-73.80059">
        <ele>791.74</ele>
        <time>2026-05-17T10:58:31Z</time>
      </trkpt>
      <trkpt lat="44.15632" lon="-73.8007">
        <ele>791.42</ele>
        <time>2026-05-17T10:58:38Z</time>
      </trkpt>
      <trkpt lat="44.15633" lon="-73.8008">
        <ele>790.14</ele>
        <time>2026-05-17T10:58:45Z</time>
      </trkpt>
      <trkpt lat="44.15634" lon="-73.80087">
        <ele>789.4</ele>
        <time>2026-05-17T10:58:52Z</time>
      </trkpt>
      <trkpt lat="44.15634" lon="-73.80095">
        <ele>788.97</ele>
        <time>2026-05-17T10:58:59Z</time>
      </trkpt>
      <trkpt lat="44.15633" lon="-73.80104">
        <ele>788.68</ele>
        <time>2026-05-17T10:59:06Z</time>
      </trkpt>
      <trkpt lat="44.15632" lon="-73.80112">
        <ele>788.23</ele>
        <time>2026-05-17T10:59:13Z</time>
      </trkpt>
      <trkpt lat="44.15631" lon="-73.80121">
        <ele>788.5</ele>
        <time>2026-05-17T10:59:20Z</time>
      </trkpt>
      <trkpt lat="44.15632" lon="-73.80127">
        <ele>787.7</ele>
        <time>2026-05-17T10:59:27Z</time>
      </trkpt>
      <trkpt lat="44.15631" lon="-73.80132">
        <ele>787.67</ele>
        <time>2026-05-17T10:59:48Z</time>
      </trkpt>
      <trkpt lat="44.15631" lon="-73.80137">
        <ele>787.59</ele>
        <time>2026-05-17T11:00:02Z</time>
      </trkpt>
      <trkpt lat="44.15631" lon="-73.80145">
        <ele>786.99</ele>
        <time>2026-05-17T11:00:09Z</time>
      </trkpt>
      <trkpt lat="44.1563" lon="-73.80153">
        <ele>786.9</ele>
        <time>2026-05-17T11:00:16Z</time>
      </trkpt>
      <trkpt lat="44.15629" lon="-73.80163">
        <ele>787.16</ele>
        <time>2026-05-17T11:00:23Z</time>
      </trkpt>
      <trkpt lat="44.15628" lon="-73.80173">
        <ele>786.79</ele>
        <time>2026-05-17T11:00:30Z</time>
      </trkpt>
      <trkpt lat="44.15627" lon="-73.80181">
        <ele>786.7</ele>
        <time>2026-05-17T11:00:37Z</time>
      </trkpt>
      <trkpt lat="44.15626" lon="-73.8019">
        <ele>786.47</ele>
        <time>2026-05-17T11:00:44Z</time>
      </trkpt>
      <trkpt lat="44.15625" lon="-73.80197">
        <ele>786.36</ele>
        <time>2026-05-17T11:00:51Z</time>
      </trkpt>
      <trkpt lat="44.15625" lon="-73.80204">
        <ele>785.98</ele>
        <time>2026-05-17T11:00:58Z</time>
      </trkpt>
      <trkpt lat="44.15624" lon="-73.80211">
        <ele>785.91</ele>
        <time>2026-05-17T11:01:05Z</time>
      </trkpt>
      <trkpt lat="44.15623" lon="-73.8022">
        <ele>786.15</ele>
        <time>2026-05-17T11:01:12Z</time>
      </trkpt>
      <trkpt lat="44.15623" lon="-73.80229">
        <ele>785.42</ele>
        <time>2026-05-17T11:01:19Z</time>
      </trkpt>
      <trkpt lat="44.15622" lon="-73.80238">
        <ele>785.47</ele>
        <time>2026-05-17T11:01:26Z</time>
      </trkpt>
      <trkpt lat="44.15621" lon="-73.80246">
        <ele>785.8</ele>
        <time>2026-05-17T11:01:34Z</time>
      </trkpt>
      <trkpt lat="44.1562" lon="-73.80253">
        <ele>786.11</ele>
        <time>2026-05-17T11:01:41Z</time>
      </trkpt>
      <trkpt lat="44.15619" lon="-73.80266">
        <ele>787.02</ele>
        <time>2026-05-17T11:01:55Z</time>
      </trkpt>
      <trkpt lat="44.15618" lon="-73.80273">
        <ele>788.0</ele>
        <time>2026-05-17T11:02:02Z</time>
      </trkpt>
      <trkpt lat="44.15617" lon="-73.8028">
        <ele>788.97</ele>
        <time>2026-05-17T11:02:09Z</time>
      </trkpt>
      <trkpt lat="44.15616" lon="-73.80287">
        <ele>789.94</ele>
        <time>2026-05-17T11:02:16Z</time>
      </trkpt>
      <trkpt lat="44.15615" lon="-73.80294">
        <ele>791.66</ele>
        <time>2026-05-17T11:02:23Z</time>
      </trkpt>
      <trkpt lat="44.15615" lon="-73.803">
        <ele>792.73</ele>
        <time>2026-05-17T11:02:30Z</time>
      </trkpt>
      <trkpt lat="44.15614" lon="-73.80306">
        <ele>793.77</ele>
        <time>2026-05-17T11:02:37Z</time>
      </trkpt>
      <trkpt lat="44.15613" lon="-73.80313">
        <ele>795.24</ele>
        <time>2026-05-17T11:02:44Z</time>
      </trkpt>
      <trkpt lat="44.15612" lon="-73.8032">
        <ele>796.37</ele>
        <time>2026-05-17T11:02:51Z</time>
      </trkpt>
      <trkpt lat="44.15612" lon="-73.80326">
        <ele>797.22</ele>
        <time>2026-05-17T11:02:58Z</time>
      </trkpt>
      <trkpt lat="44.1561" lon="-73.80335">
        <ele>799.3</ele>
        <time>2026-05-17T11:03:26Z</time>
      </trkpt>
      <trkpt lat="44.15609" lon="-73.80343">
        <ele>800.27</ele>
        <time>2026-05-17T11:03:40Z</time>
      </trkpt>
      <trkpt lat="44.15607" lon="-73.80352">
        <ele>801.46</ele>
        <time>2026-05-17T11:03:54Z</time>
      </trkpt>
      <trkpt lat="44.15606" lon="-73.80362">
        <ele>802.65</ele>
        <time>2026-05-17T11:04:08Z</time>
      </trkpt>
      <trkpt lat="44.15606" lon="-73.80369">
        <ele>803.4</ele>
        <time>2026-05-17T11:04:15Z</time>
      </trkpt>
      <trkpt lat="44.15606" lon="-73.80376">
        <ele>803.89</ele>
        <time>2026-05-17T11:04:22Z</time>
      </trkpt>
      <trkpt lat="44.15606" lon="-73.80385">
        <ele>804.36</ele>
        <time>2026-05-17T11:04:29Z</time>
      </trkpt>
      <trkpt lat="44.15606" lon="-73.80393">
        <ele>804.8</ele>
        <time>2026-05-17T11:04:36Z</time>
      </trkpt>
      <trkpt lat="44.15607" lon="-73.80398">
        <ele>804.88</ele>
        <time>2026-05-17T11:04:50Z</time>
      </trkpt>
      <trkpt lat="44.15608" lon="-73.80404">
        <ele>805.09</ele>
        <time>2026-05-17T11:05:04Z</time>
      </trkpt>
      <trkpt lat="44.15609" lon="-73.8041">
        <ele>805.23</ele>
        <time>2026-05-17T11:05:18Z</time>
      </trkpt>
      <trkpt lat="44.15608" lon="-73.80414">
        <ele>805.34</ele>
        <time>2026-05-17T11:05:32Z</time>
      </trkpt>
      <trkpt lat="44.15607" lon="-73.80426">
        <ele>806.44</ele>
        <time>2026-05-17T11:06:07Z</time>
      </trkpt>
      <trkpt lat="44.15607" lon="-73.80445">
        <ele>807.5</ele>
        <time>2026-05-17T11:06:21Z</time>
      </trkpt>
      <trkpt lat="44.15607" lon="-73.8046">
        <ele>809.12</ele>
        <time>2026-05-17T11:06:28Z</time>
      </trkpt>
      <trkpt lat="44.15607" lon="-73.80467">
        <ele>809.88</ele>
        <time>2026-05-17T11:06:35Z</time>
      </trkpt>
      <trkpt lat="44.15606" lon="-73.80475">
        <ele>811.02</ele>
        <time>2026-05-17T11:06:49Z</time>
      </trkpt>
      <trkpt lat="44.15606" lon="-73.80481">
        <ele>812.02</ele>
        <time>2026-05-17T11:06:56Z</time>
      </trkpt>
      <trkpt lat="44.15606" lon="-73.80489">
        <ele>813.73</ele>
        <time>2026-05-17T11:07:03Z</time>
      </trkpt>
      <trkpt lat="44.15605" lon="-73.80496">
        <ele>814.89</ele>
        <time>2026-05-17T11:07:10Z</time>
      </trkpt>
      <trkpt lat="44.15604" lon="-73.80502">
        <ele>815.97</ele>
        <time>2026-05-17T11:07:17Z</time>
      </trkpt>
      <trkpt lat="44.15603" lon="-73.80514">
        <ele>818.26</ele>
        <time>2026-05-17T11:07:31Z</time>
      </trkpt>
      <trkpt lat="44.15602" lon="-73.80527">
        <ele>820.8</ele>
        <time>2026-05-17T11:07:45Z</time>
      </trkpt>
      <trkpt lat="44.15601" lon="-73.80534">
        <ele>821.83</ele>
        <time>2026-05-17T11:07:52Z</time>
      </trkpt>
      <trkpt lat="44.156" lon="-73.80541">
        <ele>822.83</ele>
        <time>2026-05-17T11:07:59Z</time>
      </trkpt>
      <trkpt lat="44.15599" lon="-73.80551">
        <ele>824.48</ele>
        <time>2026-05-17T11:08:13Z</time>
      </trkpt>
      <trkpt lat="44.15598" lon="-73.80561">
        <ele>826.25</ele>
        <time>2026-05-17T11:08:27Z</time>
      </trkpt>
      <trkpt lat="44.15598" lon="-73.80567">
        <ele>827.07</ele>
        <time>2026-05-17T11:08:34Z</time>
      </trkpt>
      <trkpt lat="44.15597" lon="-73.80572">
        <ele>827.82</ele>
        <time>2026-05-17T11:08:41Z</time>
      </trkpt>
      <trkpt lat="44.15596" lon="-73.80576">
        <ele>828.55</ele>
        <time>2026-05-17T11:08:48Z</time>
      </trkpt>
      <trkpt lat="44.15595" lon="-73.80585">
        <ele>830.05</ele>
        <time>2026-05-17T11:09:02Z</time>
      </trkpt>
      <trkpt lat="44.15595" lon="-73.80589">
        <ele>830.8</ele>
        <time>2026-05-17T11:09:09Z</time>
      </trkpt>
      <trkpt lat="44.15593" lon="-73.80599">
        <ele>832.6</ele>
        <time>2026-05-17T11:09:23Z</time>
      </trkpt>
      <trkpt lat="44.15592" lon="-73.80609">
        <ele>833.9</ele>
        <time>2026-05-17T11:09:37Z</time>
      </trkpt>
      <trkpt lat="44.15591" lon="-73.80619">
        <ele>835.9</ele>
        <time>2026-05-17T11:09:51Z</time>
      </trkpt>
      <trkpt lat="44.15591" lon="-73.8063">
        <ele>837.42</ele>
        <time>2026-05-17T11:10:05Z</time>
      </trkpt>
      <trkpt lat="44.1559" lon="-73.80639">
        <ele>839.3</ele>
        <time>2026-05-17T11:10:19Z</time>
      </trkpt>
      <trkpt lat="44.15589" lon="-73.80649">
        <ele>840.92</ele>
        <time>2026-05-17T11:10:33Z</time>
      </trkpt>
      <trkpt lat="44.15588" lon="-73.80659">
        <ele>842.75</ele>
        <time>2026-05-17T11:10:47Z</time>
      </trkpt>
      <trkpt lat="44.15587" lon="-73.8067">
        <ele>844.57</ele>
        <time>2026-05-17T11:11:01Z</time>
      </trkpt>
      <trkpt lat="44.15586" lon="-73.80681">
        <ele>846.13</ele>
        <time>2026-05-17T11:11:15Z</time>
      </trkpt>
      <trkpt lat="44.15585" lon="-73.80692">
        <ele>847.56</ele>
        <time>2026-05-17T11:11:29Z</time>
      </trkpt>
      <trkpt lat="44.15583" lon="-73.80703">
        <ele>849.92</ele>
        <time>2026-05-17T11:11:43Z</time>
      </trkpt>
      <trkpt lat="44.15582" lon="-73.80713">
        <ele>852.44</ele>
        <time>2026-05-17T11:11:57Z</time>
      </trkpt>
      <trkpt lat="44.15581" lon="-73.80723">
        <ele>854.99</ele>
        <time>2026-05-17T11:12:11Z</time>
      </trkpt>
      <trkpt lat="44.1558" lon="-73.80728">
        <ele>856.73</ele>
        <time>2026-05-17T11:12:18Z</time>
      </trkpt>
      <trkpt lat="44.1558" lon="-73.80733">
        <ele>858.05</ele>
        <time>2026-05-17T11:12:25Z</time>
      </trkpt>
      <trkpt lat="44.15579" lon="-73.80743">
        <ele>860.42</ele>
        <time>2026-05-17T11:12:40Z</time>
      </trkpt>
      <trkpt lat="44.15578" lon="-73.80755">
        <ele>862.69</ele>
        <time>2026-05-17T11:12:54Z</time>
      </trkpt>
      <trkpt lat="44.15577" lon="-73.80765">
        <ele>864.61</ele>
        <time>2026-05-17T11:13:00Z</time>
      </trkpt>
      <trkpt lat="44.15577" lon="-73.80774">
        <ele>865.96</ele>
        <time>2026-05-17T11:13:07Z</time>
      </trkpt>
      <trkpt lat="44.15577" lon="-73.80781">
        <ele>867.06</ele>
        <time>2026-05-17T11:13:14Z</time>
      </trkpt>
      <trkpt lat="44.15582" lon="-73.80789">
        <ele>867.5</ele>
        <time>2026-05-17T11:13:29Z</time>
      </trkpt>
      <trkpt lat="44.15582" lon="-73.80798">
        <ele>868.5</ele>
        <time>2026-05-17T11:13:43Z</time>
      </trkpt>
      <trkpt lat="44.15581" lon="-73.8081">
        <ele>870.6</ele>
        <time>2026-05-17T11:13:57Z</time>
      </trkpt>
      <trkpt lat="44.1558" lon="-73.80817">
        <ele>871.96</ele>
        <time>2026-05-17T11:14:04Z</time>
      </trkpt>
      <trkpt lat="44.15579" lon="-73.80823">
        <ele>872.82</ele>
        <time>2026-05-17T11:14:11Z</time>
      </trkpt>
      <trkpt lat="44.1558" lon="-73.8083">
        <ele>873.59</ele>
        <time>2026-05-17T11:14:18Z</time>
      </trkpt>
      <trkpt lat="44.1558" lon="-73.80836">
        <ele>874.55</ele>
        <time>2026-05-17T11:14:25Z</time>
      </trkpt>
      <trkpt lat="44.15579" lon="-73.80848">
        <ele>876.52</ele>
        <time>2026-05-17T11:14:39Z</time>
      </trkpt>
      <trkpt lat="44.15579" lon="-73.80856">
        <ele>877.83</ele>
        <time>2026-05-17T11:14:53Z</time>
      </trkpt>
      <trkpt lat="44.15578" lon="-73.80861">
        <ele>879.13</ele>
        <time>2026-05-17T11:15:07Z</time>
      </trkpt>
      <trkpt lat="44.15577" lon="-73.80864">
        <ele>879.68</ele>
        <time>2026-05-17T11:15:21Z</time>
      </trkpt>
      <trkpt lat="44.15577" lon="-73.80883">
        <ele>881.73</ele>
        <time>2026-05-17T11:16:24Z</time>
      </trkpt>
      <trkpt lat="44.15577" lon="-73.80895">
        <ele>883.69</ele>
        <time>2026-05-17T11:16:31Z</time>
      </trkpt>
      <trkpt lat="44.15581" lon="-73.80906">
        <ele>884.35</ele>
        <time>2026-05-17T11:16:38Z</time>
      </trkpt>
      <trkpt lat="44.15584" lon="-73.80916">
        <ele>884.78</ele>
        <time>2026-05-17T11:16:45Z</time>
      </trkpt>
      <trkpt lat="44.15587" lon="-73.80925">
        <ele>885.11</ele>
        <time>2026-05-17T11:16:52Z</time>
      </trkpt>
      <trkpt lat="44.15587" lon="-73.80932">
        <ele>885.86</ele>
        <time>2026-05-17T11:16:59Z</time>
      </trkpt>
      <trkpt lat="44.15588" lon="-73.80939">
        <ele>886.4</ele>
        <time>2026-05-17T11:17:06Z</time>
      </trkpt>
      <trkpt lat="44.15587" lon="-73.8095">
        <ele>888.17</ele>
        <time>2026-05-17T11:17:20Z</time>
      </trkpt>
      <trkpt lat="44.15588" lon="-73.80963">
        <ele>890.0</ele>
        <time>2026-05-17T11:17:34Z</time>
      </trkpt>
      <trkpt lat="44.15587" lon="-73.8097">
        <ele>891.43</ele>
        <time>2026-05-17T11:17:41Z</time>
      </trkpt>
      <trkpt lat="44.15587" lon="-73.80983">
        <ele>892.98</ele>
        <time>2026-05-17T11:17:55Z</time>
      </trkpt>
      <trkpt lat="44.15589" lon="-73.80995">
        <ele>893.62</ele>
        <time>2026-05-17T11:18:09Z</time>
      </trkpt>
      <trkpt lat="44.15591" lon="-73.81002">
        <ele>893.73</ele>
        <time>2026-05-17T11:18:16Z</time>
      </trkpt>
      <trkpt lat="44.15591" lon="-73.8101">
        <ele>894.6</ele>
        <time>2026-05-17T11:18:23Z</time>
      </trkpt>
      <trkpt lat="44.15591" lon="-73.81017">
        <ele>895.35</ele>
        <time>2026-05-17T11:18:30Z</time>
      </trkpt>
      <trkpt lat="44.1559" lon="-73.81029">
        <ele>896.97</ele>
        <time>2026-05-17T11:18:44Z</time>
      </trkpt>
      <trkpt lat="44.15587" lon="-73.81038">
        <ele>898.96</ele>
        <time>2026-05-17T11:18:58Z</time>
      </trkpt>
      <trkpt lat="44.15583" lon="-73.81037">
        <ele>900.1</ele>
        <time>2026-05-17T11:19:12Z</time>
      </trkpt>
      <trkpt lat="44.15581" lon="-73.81042">
        <ele>901.29</ele>
        <time>2026-05-17T11:19:33Z</time>
      </trkpt>
      <trkpt lat="44.1558" lon="-73.81047">
        <ele>902.16</ele>
        <time>2026-05-17T11:19:40Z</time>
      </trkpt>
      <trkpt lat="44.15577" lon="-73.81051">
        <ele>903.56</ele>
        <time>2026-05-17T11:19:47Z</time>
      </trkpt>
      <trkpt lat="44.15575" lon="-73.81055">
        <ele>904.64</ele>
        <time>2026-05-17T11:19:54Z</time>
      </trkpt>
      <trkpt lat="44.15572" lon="-73.81062">
        <ele>906.14</ele>
        <time>2026-05-17T11:20:08Z</time>
      </trkpt>
      <trkpt lat="44.15573" lon="-73.81077">
        <ele>908.55</ele>
        <time>2026-05-17T11:20:22Z</time>
      </trkpt>
      <trkpt lat="44.15578" lon="-73.81086">
        <ele>908.61</ele>
        <time>2026-05-17T11:20:29Z</time>
      </trkpt>
      <trkpt lat="44.1558" lon="-73.81091">
        <ele>908.85</ele>
        <time>2026-05-17T11:20:43Z</time>
      </trkpt>
      <trkpt lat="44.15582" lon="-73.81098">
        <ele>909.52</ele>
        <time>2026-05-17T11:20:57Z</time>
      </trkpt>
      <trkpt lat="44.15581" lon="-73.81105">
        <ele>910.93</ele>
        <time>2026-05-17T11:21:11Z</time>
      </trkpt>
      <trkpt lat="44.1558" lon="-73.81112">
        <ele>912.27</ele>
        <time>2026-05-17T11:21:25Z</time>
      </trkpt>
      <trkpt lat="44.15579" lon="-73.81118">
        <ele>913.89</ele>
        <time>2026-05-17T11:21:39Z</time>
      </trkpt>
      <trkpt lat="44.15581" lon="-73.81126">
        <ele>914.82</ele>
        <time>2026-05-17T11:21:53Z</time>
      </trkpt>
      <trkpt lat="44.15583" lon="-73.81136">
        <ele>916.45</ele>
        <time>2026-05-17T11:22:07Z</time>
      </trkpt>
      <trkpt lat="44.15584" lon="-73.81145">
        <ele>918.1</ele>
        <time>2026-05-17T11:22:21Z</time>
      </trkpt>
      <trkpt lat="44.15586" lon="-73.81155">
        <ele>919.62</ele>
        <time>2026-05-17T11:22:35Z</time>
      </trkpt>
      <trkpt lat="44.15587" lon="-73.81164">
        <ele>921.24</ele>
        <time>2026-05-17T11:22:49Z</time>
      </trkpt>
      <trkpt lat="44.15587" lon="-73.81171">
        <ele>922.75</ele>
        <time>2026-05-17T11:23:03Z</time>
      </trkpt>
      <trkpt lat="44.15588" lon="-73.81178">
        <ele>923.94</ele>
        <time>2026-05-17T11:23:17Z</time>
      </trkpt>
      <trkpt lat="44.15589" lon="-73.81188">
        <ele>925.77</ele>
        <time>2026-05-17T11:23:31Z</time>
      </trkpt>
      <trkpt lat="44.15593" lon="-73.812">
        <ele>927.09</ele>
        <time>2026-05-17T11:23:38Z</time>
      </trkpt>
      <trkpt lat="44.15597" lon="-73.81214">
        <ele>928.22</ele>
        <time>2026-05-17T11:23:45Z</time>
      </trkpt>
      <trkpt lat="44.15599" lon="-73.81219">
        <ele>928.47</ele>
        <time>2026-05-17T11:23:53Z</time>
      </trkpt>
      <trkpt lat="44.15607" lon="-73.8122">
        <ele>926.65</ele>
        <time>2026-05-17T11:24:07Z</time>
      </trkpt>
      <trkpt lat="44.15612" lon="-73.8122">
        <ele>925.57</ele>
        <time>2026-05-17T11:24:21Z</time>
      </trkpt>
      <trkpt lat="44.15615" lon="-73.8122">
        <ele>924.92</ele>
        <time>2026-05-17T11:24:35Z</time>
      </trkpt>
      <trkpt lat="44.15609" lon="-73.81216">
        <ele>925.78</ele>
        <time>2026-05-17T11:27:21Z</time>
      </trkpt>
      <trkpt lat="44.15604" lon="-73.81216">
        <ele>926.86</ele>
        <time>2026-05-17T11:29:18Z</time>
      </trkpt>
      <trkpt lat="44.15606" lon="-73.81225">
        <ele>927.7</ele>
        <time>2026-05-17T11:31:39Z</time>
      </trkpt>
      <trkpt lat="44.15606" lon="-73.81235">
        <ele>929.48</ele>
        <time>2026-05-17T11:31:44Z</time>
      </trkpt>
      <trkpt lat="44.15607" lon="-73.81249">
        <ele>931.18</ele>
        <time>2026-05-17T11:32:04Z</time>
      </trkpt>
      <trkpt lat="44.15607" lon="-73.81254">
        <ele>932.0</ele>
        <time>2026-05-17T11:32:18Z</time>
      </trkpt>
      <trkpt lat="44.15613" lon="-73.8125">
        <ele>929.59</ele>
        <time>2026-05-17T11:32:32Z</time>
      </trkpt>
      <trkpt lat="44.15616" lon="-73.81252">
        <ele>929.26</ele>
        <time>2026-05-17T11:32:39Z</time>
      </trkpt>
      <trkpt lat="44.15619" lon="-73.81258">
        <ele>929.29</ele>
        <time>2026-05-17T11:32:53Z</time>
      </trkpt>
      <trkpt lat="44.15623" lon="-73.81268">
        <ele>930.05</ele>
        <time>2026-05-17T11:33:07Z</time>
      </trkpt>
      <trkpt lat="44.15624" lon="-73.81274">
        <ele>930.65</ele>
        <time>2026-05-17T11:33:14Z</time>
      </trkpt>
      <trkpt lat="44.15624" lon="-73.8128">
        <ele>931.46</ele>
        <time>2026-05-17T11:33:21Z</time>
      </trkpt>
      <trkpt lat="44.15625" lon="-73.81284">
        <ele>931.67</ele>
        <time>2026-05-17T11:33:28Z</time>
      </trkpt>
      <trkpt lat="44.15626" lon="-73.8129">
        <ele>932.23</ele>
        <time>2026-05-17T11:33:35Z</time>
      </trkpt>
      <trkpt lat="44.15627" lon="-73.81295">
        <ele>932.67</ele>
        <time>2026-05-17T11:33:42Z</time>
      </trkpt>
      <trkpt lat="44.15629" lon="-73.81299">
        <ele>932.5</ele>
        <time>2026-05-17T11:33:49Z</time>
      </trkpt>
      <trkpt lat="44.15631" lon="-73.81303">
        <ele>932.28</ele>
        <time>2026-05-17T11:33:56Z</time>
      </trkpt>
      <trkpt lat="44.15633" lon="-73.81308">
        <ele>932.17</ele>
        <time>2026-05-17T11:34:03Z</time>
      </trkpt>
      <trkpt lat="44.15634" lon="-73.81312">
        <ele>932.28</ele>
        <time>2026-05-17T11:34:10Z</time>
      </trkpt>
      <trkpt lat="44.15637" lon="-73.81318">
        <ele>932.03</ele>
        <time>2026-05-17T11:34:24Z</time>
      </trkpt>
      <trkpt lat="44.1564" lon="-73.81324">
        <ele>931.63</ele>
        <time>2026-05-17T11:34:38Z</time>
      </trkpt>
      <trkpt lat="44.15643" lon="-73.81331">
        <ele>931.42</ele>
        <time>2026-05-17T11:34:52Z</time>
      </trkpt>
      <trkpt lat="44.15645" lon="-73.81338">
        <ele>931.7</ele>
        <time>2026-05-17T11:35:06Z</time>
      </trkpt>
      <trkpt lat="44.15643" lon="-73.81345">
        <ele>933.48</ele>
        <time>2026-05-17T11:35:20Z</time>
      </trkpt>
      <trkpt lat="44.15646" lon="-73.81354">
        <ele>933.16</ele>
        <time>2026-05-17T11:35:34Z</time>
      </trkpt>
      <trkpt lat="44.15648" lon="-73.81363">
        <ele>933.47</ele>
        <time>2026-05-17T11:35:49Z</time>
      </trkpt>
      <trkpt lat="44.15651" lon="-73.81371">
        <ele>933.55</ele>
        <time>2026-05-17T11:36:03Z</time>
      </trkpt>
      <trkpt lat="44.15654" lon="-73.81379">
        <ele>933.36</ele>
        <time>2026-05-17T11:36:17Z</time>
      </trkpt>
      <trkpt lat="44.15657" lon="-73.81387">
        <ele>932.97</ele>
        <time>2026-05-17T11:36:31Z</time>
      </trkpt>
      <trkpt lat="44.15658" lon="-73.81396">
        <ele>934.34</ele>
        <time>2026-05-17T11:36:38Z</time>
      </trkpt>
      <trkpt lat="44.1566" lon="-73.81408">
        <ele>936.24</ele>
        <time>2026-05-17T11:36:45Z</time>
      </trkpt>
      <trkpt lat="44.15661" lon="-73.81416">
        <ele>937.12</ele>
        <time>2026-05-17T11:36:52Z</time>
      </trkpt>
      <trkpt lat="44.15662" lon="-73.81424">
        <ele>938.19</ele>
        <time>2026-05-17T11:36:59Z</time>
      </trkpt>
      <trkpt lat="44.15663" lon="-73.81433">
        <ele>938.7</ele>
        <time>2026-05-17T11:37:06Z</time>
      </trkpt>
      <trkpt lat="44.15664" lon="-73.8144">
        <ele>939.25</ele>
        <time>2026-05-17T11:37:13Z</time>
      </trkpt>
      <trkpt lat="44.15666" lon="-73.81447">
        <ele>939.77</ele>
        <time>2026-05-17T11:37:20Z</time>
      </trkpt>
      <trkpt lat="44.1567" lon="-73.81456">
        <ele>940.69</ele>
        <time>2026-05-17T11:37:34Z</time>
      </trkpt>
      <trkpt lat="44.15674" lon="-73.81462">
        <ele>940.5</ele>
        <time>2026-05-17T11:37:41Z</time>
      </trkpt>
      <trkpt lat="44.15676" lon="-73.81469">
        <ele>941.29</ele>
        <time>2026-05-17T11:37:48Z</time>
      </trkpt>
      <trkpt lat="44.15677" lon="-73.81475">
        <ele>942.63</ele>
        <time>2026-05-17T11:37:55Z</time>
      </trkpt>
      <trkpt lat="44.15679" lon="-73.81485">
        <ele>944.89</ele>
        <time>2026-05-17T11:38:09Z</time>
      </trkpt>
      <trkpt lat="44.1568" lon="-73.8149">
        <ele>945.92</ele>
        <time>2026-05-17T11:38:16Z</time>
      </trkpt>
      <trkpt lat="44.15681" lon="-73.81496">
        <ele>947.04</ele>
        <time>2026-05-17T11:38:30Z</time>
      </trkpt>
      <trkpt lat="44.15681" lon="-73.81503">
        <ele>948.55</ele>
        <time>2026-05-17T11:38:48Z</time>
      </trkpt>
      <trkpt lat="44.15682" lon="-73.81512">
        <ele>950.18</ele>
        <time>2026-05-17T11:39:02Z</time>
      </trkpt>
      <trkpt lat="44.15683" lon="-73.81522">
        <ele>951.7</ele>
        <time>2026-05-17T11:39:19Z</time>
      </trkpt>
      <trkpt lat="44.15684" lon="-73.81533">
        <ele>953.38</ele>
        <time>2026-05-17T11:39:33Z</time>
      </trkpt>
      <trkpt lat="44.15684" lon="-73.81545">
        <ele>955.12</ele>
        <time>2026-05-17T11:39:40Z</time>
      </trkpt>
      <trkpt lat="44.15685" lon="-73.81559">
        <ele>957.41</ele>
        <time>2026-05-17T11:39:47Z</time>
      </trkpt>
      <trkpt lat="44.15686" lon="-73.81568">
        <ele>958.17</ele>
        <time>2026-05-17T11:39:54Z</time>
      </trkpt>
      <trkpt lat="44.15687" lon="-73.81575">
        <ele>958.71</ele>
        <time>2026-05-17T11:40:01Z</time>
      </trkpt>
      <trkpt lat="44.15689" lon="-73.81578">
        <ele>958.6</ele>
        <time>2026-05-17T11:40:17Z</time>
      </trkpt>
      <trkpt lat="44.15691" lon="-73.81583">
        <ele>958.71</ele>
        <time>2026-05-17T11:40:45Z</time>
      </trkpt>
      <trkpt lat="44.15692" lon="-73.81587">
        <ele>958.63</ele>
        <time>2026-05-17T11:40:52Z</time>
      </trkpt>
      <trkpt lat="44.15694" lon="-73.81595">
        <ele>958.42</ele>
        <time>2026-05-17T11:41:05Z</time>
      </trkpt>
      <trkpt lat="44.15698" lon="-73.81598">
        <ele>957.82</ele>
        <time>2026-05-17T11:41:12Z</time>
      </trkpt>
      <trkpt lat="44.15701" lon="-73.81599">
        <ele>957.28</ele>
        <time>2026-05-17T11:41:26Z</time>
      </trkpt>
      <trkpt lat="44.15701" lon="-73.81604">
        <ele>957.82</ele>
        <time>2026-05-17T11:42:15Z</time>
      </trkpt>
      <trkpt lat="44.15702" lon="-73.8161">
        <ele>958.25</ele>
        <time>2026-05-17T11:42:22Z</time>
      </trkpt>
      <trkpt lat="44.15702" lon="-73.81619">
        <ele>958.52</ele>
        <time>2026-05-17T11:42:29Z</time>
      </trkpt>
      <trkpt lat="44.15702" lon="-73.81624">
        <ele>958.94</ele>
        <time>2026-05-17T11:42:37Z</time>
      </trkpt>
      <trkpt lat="44.15702" lon="-73.81633">
        <ele>959.98</ele>
        <time>2026-05-17T11:42:51Z</time>
      </trkpt>
      <trkpt lat="44.15702" lon="-73.8164">
        <ele>960.86</ele>
        <time>2026-05-17T11:42:58Z</time>
      </trkpt>
      <trkpt lat="44.15702" lon="-73.81645">
        <ele>961.4</ele>
        <time>2026-05-17T11:43:05Z</time>
      </trkpt>
      <trkpt lat="44.15705" lon="-73.81648">
        <ele>960.7</ele>
        <time>2026-05-17T11:43:27Z</time>
      </trkpt>
      <trkpt lat="44.15705" lon="-73.81652">
        <ele>961.55</ele>
        <time>2026-05-17T11:43:29Z</time>
      </trkpt>
      <trkpt lat="44.15705" lon="-73.81656">
        <ele>962.42</ele>
        <time>2026-05-17T11:43:33Z</time>
      </trkpt>
      <trkpt lat="44.15704" lon="-73.8166">
        <ele>963.49</ele>
        <time>2026-05-17T11:43:46Z</time>
      </trkpt>
      <trkpt lat="44.15703" lon="-73.81662">
        <ele>964.26</ele>
        <time>2026-05-17T11:43:50Z</time>
      </trkpt>
      <trkpt lat="44.15702" lon="-73.81665">
        <ele>965.23</ele>
        <time>2026-05-17T11:43:55Z</time>
      </trkpt>
      <trkpt lat="44.15701" lon="-73.81669">
        <ele>966.38</ele>
        <time>2026-05-17T11:44:02Z</time>
      </trkpt>
      <trkpt lat="44.15701" lon="-73.81675">
        <ele>967.68</ele>
        <time>2026-05-17T11:44:16Z</time>
      </trkpt>
      <trkpt lat="44.15695" lon="-73.81682">
        <ele>970.52</ele>
        <time>2026-05-17T11:44:30Z</time>
      </trkpt>
      <trkpt lat="44.15688" lon="-73.81685">
        <ele>973.07</ele>
        <time>2026-05-17T11:44:37Z</time>
      </trkpt>
      <trkpt lat="44.15684" lon="-73.81691">
        <ele>975.01</ele>
        <time>2026-05-17T11:44:51Z</time>
      </trkpt>
      <trkpt lat="44.15681" lon="-73.81696">
        <ele>976.62</ele>
        <time>2026-05-17T11:45:05Z</time>
      </trkpt>
      <trkpt lat="44.15678" lon="-73.81699">
        <ele>977.93</ele>
        <time>2026-05-17T11:45:33Z</time>
      </trkpt>
      <trkpt lat="44.15674" lon="-73.81704">
        <ele>979.68</ele>
        <time>2026-05-17T11:46:01Z</time>
      </trkpt>
      <trkpt lat="44.1567" lon="-73.81708">
        <ele>981.55</ele>
        <time>2026-05-17T11:46:15Z</time>
      </trkpt>
      <trkpt lat="44.15669" lon="-73.81711">
        <ele>982.23</ele>
        <time>2026-05-17T11:46:30Z</time>
      </trkpt>
      <trkpt lat="44.15666" lon="-73.81714">
        <ele>983.61</ele>
        <time>2026-05-17T11:46:51Z</time>
      </trkpt>
      <trkpt lat="44.15661" lon="-73.81717">
        <ele>986.22</ele>
        <time>2026-05-17T11:47:12Z</time>
      </trkpt>
      <trkpt lat="44.15657" lon="-73.81717">
        <ele>987.52</ele>
        <time>2026-05-17T11:47:23Z</time>
      </trkpt>
      <trkpt lat="44.1565" lon="-73.81716">
        <ele>988.93</ele>
        <time>2026-05-17T11:47:40Z</time>
      </trkpt>
      <trkpt lat="44.15643" lon="-73.8172">
        <ele>991.98</ele>
        <time>2026-05-17T11:48:03Z</time>
      </trkpt>
      <trkpt lat="44.15638" lon="-73.81724">
        <ele>994.48</ele>
        <time>2026-05-17T11:48:17Z</time>
      </trkpt>
      <trkpt lat="44.15633" lon="-73.81728">
        <ele>996.53</ele>
        <time>2026-05-17T11:48:35Z</time>
      </trkpt>
      <trkpt lat="44.15627" lon="-73.81734">
        <ele>999.32</ele>
        <time>2026-05-17T11:49:00Z</time>
      </trkpt>
      <trkpt lat="44.15626" lon="-73.81745">
        <ele>1002.34</ele>
        <time>2026-05-17T11:49:08Z</time>
      </trkpt>
      <trkpt lat="44.15625" lon="-73.81754">
        <ele>1006.23</ele>
        <time>2026-05-17T11:49:17Z</time>
      </trkpt>
      <trkpt lat="44.15631" lon="-73.81761">
        <ele>1007.31</ele>
        <time>2026-05-17T11:49:32Z</time>
      </trkpt>
      <trkpt lat="44.1564" lon="-73.81764">
        <ele>1005.57</ele>
        <time>2026-05-17T11:49:37Z</time>
      </trkpt>
      <trkpt lat="44.15643" lon="-73.81772">
        <ele>1007.52</ele>
        <time>2026-05-17T11:49:59Z</time>
      </trkpt>
      <trkpt lat="44.15643" lon="-73.81778">
        <ele>1009.73</ele>
        <time>2026-05-17T11:50:24Z</time>
      </trkpt>
      <trkpt lat="44.1564" lon="-73.81781">
        <ele>1011.64</ele>
        <time>2026-05-17T11:51:10Z</time>
      </trkpt>
      <trkpt lat="44.15633" lon="-73.81782">
        <ele>1014.28</ele>
        <time>2026-05-17T11:51:14Z</time>
      </trkpt>
      <trkpt lat="44.15633" lon="-73.81791">
        <ele>1016.76</ele>
        <time>2026-05-17T11:51:44Z</time>
      </trkpt>
      <trkpt lat="44.15636" lon="-73.81802">
        <ele>1018.78</ele>
        <time>2026-05-17T11:51:54Z</time>
      </trkpt>
      <trkpt lat="44.15637" lon="-73.81812">
        <ele>1021.7</ele>
        <time>2026-05-17T11:51:57Z</time>
      </trkpt>
      <trkpt lat="44.15641" lon="-73.8182">
        <ele>1022.44</ele>
        <time>2026-05-17T11:52:10Z</time>
      </trkpt>
      <trkpt lat="44.15645" lon="-73.81827">
        <ele>1022.76</ele>
        <time>2026-05-17T11:52:23Z</time>
      </trkpt>
      <trkpt lat="44.1565" lon="-73.81834">
        <ele>1022.36</ele>
        <time>2026-05-17T11:52:34Z</time>
      </trkpt>
      <trkpt lat="44.15655" lon="-73.81841">
        <ele>1022.31</ele>
        <time>2026-05-17T11:52:45Z</time>
      </trkpt>
      <trkpt lat="44.15657" lon="-73.81844">
        <ele>1022.29</ele>
        <time>2026-05-17T11:52:50Z</time>
      </trkpt>
      <trkpt lat="44.15661" lon="-73.81853">
        <ele>1022.08</ele>
        <time>2026-05-17T11:53:00Z</time>
      </trkpt>
      <trkpt lat="44.15664" lon="-73.81862">
        <ele>1022.99</ele>
        <time>2026-05-17T11:53:10Z</time>
      </trkpt>
      <trkpt lat="44.15666" lon="-73.81871">
        <ele>1023.42</ele>
        <time>2026-05-17T11:53:20Z</time>
      </trkpt>
      <trkpt lat="44.15661" lon="-73.81879">
        <ele>1026.74</ele>
        <time>2026-05-17T11:53:30Z</time>
      </trkpt>
      <trkpt lat="44.15656" lon="-73.81885">
        <ele>1029.04</ele>
        <time>2026-05-17T11:53:42Z</time>
      </trkpt>
      <trkpt lat="44.15655" lon="-73.81875">
        <ele>1028.28</ele>
        <time>2026-05-17T11:53:57Z</time>
      </trkpt>
      <trkpt lat="44.15653" lon="-73.81867">
        <ele>1027.87</ele>
        <time>2026-05-17T11:54:03Z</time>
      </trkpt>
      <trkpt lat="44.15646" lon="-73.81866">
        <ele>1030.35</ele>
        <time>2026-05-17T11:54:19Z</time>
      </trkpt>
      <trkpt lat="44.1564" lon="-73.8187">
        <ele>1033.44</ele>
        <time>2026-05-17T11:54:32Z</time>
      </trkpt>
      <trkpt lat="44.15635" lon="-73.81876">
        <ele>1035.87</ele>
        <time>2026-05-17T11:54:45Z</time>
      </trkpt>
      <trkpt lat="44.1563" lon="-73.81881">
        <ele>1038.17</ele>
        <time>2026-05-17T11:54:59Z</time>
      </trkpt>
      <trkpt lat="44.15626" lon="-73.81886">
        <ele>1040.94</ele>
        <time>2026-05-17T11:55:10Z</time>
      </trkpt>
      <trkpt lat="44.15621" lon="-73.81893">
        <ele>1045.0</ele>
        <time>2026-05-17T11:55:25Z</time>
      </trkpt>
      <trkpt lat="44.15616" lon="-73.81899">
        <ele>1048.94</ele>
        <time>2026-05-17T11:55:40Z</time>
      </trkpt>
      <trkpt lat="44.15611" lon="-73.81904">
        <ele>1051.02</ele>
        <time>2026-05-17T11:55:59Z</time>
      </trkpt>
      <trkpt lat="44.15604" lon="-73.81906">
        <ele>1052.42</ele>
        <time>2026-05-17T11:56:17Z</time>
      </trkpt>
      <trkpt lat="44.15597" lon="-73.81904">
        <ele>1053.68</ele>
        <time>2026-05-17T11:56:33Z</time>
      </trkpt>
      <trkpt lat="44.15591" lon="-73.819">
        <ele>1054.37</ele>
        <time>2026-05-17T11:56:48Z</time>
      </trkpt>
      <trkpt lat="44.15584" lon="-73.81899">
        <ele>1055.02</ele>
        <time>2026-05-17T11:57:03Z</time>
      </trkpt>
      <trkpt lat="44.15577" lon="-73.81899">
        <ele>1056.46</ele>
        <time>2026-05-17T11:57:18Z</time>
      </trkpt>
      <trkpt lat="44.15574" lon="-73.819">
        <ele>1057.21</ele>
        <time>2026-05-17T11:57:27Z</time>
      </trkpt>
      <trkpt lat="44.15567" lon="-73.81902">
        <ele>1058.18</ele>
        <time>2026-05-17T11:57:43Z</time>
      </trkpt>
      <trkpt lat="44.15561" lon="-73.81905">
        <ele>1059.87</ele>
        <time>2026-05-17T11:57:59Z</time>
      </trkpt>
      <trkpt lat="44.15553" lon="-73.81908">
        <ele>1063.17</ele>
        <time>2026-05-17T11:58:19Z</time>
      </trkpt>
      <trkpt lat="44.15548" lon="-73.81911">
        <ele>1065.65</ele>
        <time>2026-05-17T11:58:45Z</time>
      </trkpt>
      <trkpt lat="44.15547" lon="-73.81914">
        <ele>1066.41</ele>
        <time>2026-05-17T11:59:39Z</time>
      </trkpt>
      <trkpt lat="44.15547" lon="-73.81915">
        <ele>1066.52</ele>
        <time>2026-05-17T12:00:16Z</time>
      </trkpt>
      <trkpt lat="44.15546" lon="-73.81915">
        <ele>1066.95</ele>
        <time>2026-05-17T12:00:19Z</time>
      </trkpt>
      <trkpt lat="44.15543" lon="-73.81915">
        <ele>1068.24</ele>
        <time>2026-05-17T12:00:27Z</time>
      </trkpt>
      <trkpt lat="44.15539" lon="-73.81915">
        <ele>1069.97</ele>
        <time>2026-05-17T12:00:30Z</time>
      </trkpt>
      <trkpt lat="44.15535" lon="-73.81915">
        <ele>1071.74</ele>
        <time>2026-05-17T12:00:32Z</time>
      </trkpt>
      <trkpt lat="44.15532" lon="-73.81915">
        <ele>1073.09</ele>
        <time>2026-05-17T12:00:35Z</time>
      </trkpt>
      <trkpt lat="44.15529" lon="-73.81915">
        <ele>1074.45</ele>
        <time>2026-05-17T12:00:39Z</time>
      </trkpt>
      <trkpt lat="44.15526" lon="-73.81915">
        <ele>1075.93</ele>
        <time>2026-05-17T12:00:46Z</time>
      </trkpt>
      <trkpt lat="44.15523" lon="-73.81915">
        <ele>1077.49</ele>
        <time>2026-05-17T12:00:52Z</time>
      </trkpt>
      <trkpt lat="44.1552" lon="-73.81915">
        <ele>1079.05</ele>
        <time>2026-05-17T12:00:58Z</time>
      </trkpt>
      <trkpt lat="44.15517" lon="-73.81915">
        <ele>1080.48</ele>
        <time>2026-05-17T12:01:02Z</time>
      </trkpt>
      <trkpt lat="44.15515" lon="-73.81916">
        <ele>1081.45</ele>
        <time>2026-05-17T12:01:07Z</time>
      </trkpt>
      <trkpt lat="44.15508" lon="-73.81917">
        <ele>1084.54</ele>
        <time>2026-05-17T12:01:29Z</time>
      </trkpt>
      <trkpt lat="44.15503" lon="-73.81919">
        <ele>1086.7</ele>
        <time>2026-05-17T12:02:24Z</time>
      </trkpt>
      <trkpt lat="44.15501" lon="-73.8192">
        <ele>1087.57</ele>
        <time>2026-05-17T12:02:30Z</time>
      </trkpt>
      <trkpt lat="44.15495" lon="-73.81924">
        <ele>1089.62</ele>
        <time>2026-05-17T12:02:56Z</time>
      </trkpt>
      <trkpt lat="44.1549" lon="-73.81934">
        <ele>1091.16</ele>
        <time>2026-05-17T12:03:10Z</time>
      </trkpt>
      <trkpt lat="44.15486" lon="-73.81944">
        <ele>1092.49</ele>
        <time>2026-05-17T12:03:14Z</time>
      </trkpt>
      <trkpt lat="44.15478" lon="-73.81947">
        <ele>1094.03</ele>
        <time>2026-05-17T12:03:18Z</time>
      </trkpt>
      <trkpt lat="44.15472" lon="-73.81944">
        <ele>1095.05</ele>
        <time>2026-05-17T12:03:31Z</time>
      </trkpt>
      <trkpt lat="44.15465" lon="-73.81943">
        <ele>1096.44</ele>
        <time>2026-05-17T12:03:42Z</time>
      </trkpt>
      <trkpt lat="44.15458" lon="-73.81943">
        <ele>1097.46</ele>
        <time>2026-05-17T12:03:53Z</time>
      </trkpt>
      <trkpt lat="44.15452" lon="-73.8195">
        <ele>1098.78</ele>
        <time>2026-05-17T12:04:06Z</time>
      </trkpt>
      <trkpt lat="44.15447" lon="-73.8196">
        <ele>1100.22</ele>
        <time>2026-05-17T12:04:21Z</time>
      </trkpt>
      <trkpt lat="44.15444" lon="-73.81967">
        <ele>1101.5</ele>
        <time>2026-05-17T12:04:30Z</time>
      </trkpt>
      <trkpt lat="44.15439" lon="-73.81973">
        <ele>1103.34</ele>
        <time>2026-05-17T12:04:43Z</time>
      </trkpt>
      <trkpt lat="44.15435" lon="-73.81981">
        <ele>1105.92</ele>
        <time>2026-05-17T12:04:55Z</time>
      </trkpt>
      <trkpt lat="44.15433" lon="-73.81991">
        <ele>1108.29</ele>
        <time>2026-05-17T12:05:07Z</time>
      </trkpt>
      <trkpt lat="44.15431" lon="-73.82">
        <ele>1110.0</ele>
        <time>2026-05-17T12:05:19Z</time>
      </trkpt>
      <trkpt lat="44.15439" lon="-73.82005">
        <ele>1109.94</ele>
        <time>2026-05-17T12:05:26Z</time>
      </trkpt>
      <trkpt lat="44.15442" lon="-73.82014">
        <ele>1110.78</ele>
        <time>2026-05-17T12:05:37Z</time>
      </trkpt>
      <trkpt lat="44.15438" lon="-73.8202">
        <ele>1111.81</ele>
        <time>2026-05-17T12:05:47Z</time>
      </trkpt>
      <trkpt lat="44.15434" lon="-73.82028">
        <ele>1113.13</ele>
        <time>2026-05-17T12:05:59Z</time>
      </trkpt>
      <trkpt lat="44.1543" lon="-73.82036">
        <ele>1114.06</ele>
        <time>2026-05-17T12:06:11Z</time>
      </trkpt>
      <trkpt lat="44.15426" lon="-73.82043">
        <ele>1114.99</ele>
        <time>2026-05-17T12:06:25Z</time>
      </trkpt>
      <trkpt lat="44.15423" lon="-73.82051">
        <ele>1115.35</ele>
        <time>2026-05-17T12:06:37Z</time>
      </trkpt>
      <trkpt lat="44.15419" lon="-73.82061">
        <ele>1115.69</ele>
        <time>2026-05-17T12:06:55Z</time>
      </trkpt>
      <trkpt lat="44.15409" lon="-73.82064">
        <ele>1115.08</ele>
        <time>2026-05-17T12:07:09Z</time>
      </trkpt>
      <trkpt lat="44.15399" lon="-73.8206">
        <ele>1112.19</ele>
        <time>2026-05-17T12:07:16Z</time>
      </trkpt>
      <trkpt lat="44.15394" lon="-73.82063">
        <ele>1111.71</ele>
        <time>2026-05-17T12:07:23Z</time>
      </trkpt>
      <trkpt lat="44.1539" lon="-73.82071">
        <ele>1113.24</ele>
        <time>2026-05-17T12:07:37Z</time>
      </trkpt>
      <trkpt lat="44.15386" lon="-73.82077">
        <ele>1114.11</ele>
        <time>2026-05-17T12:07:51Z</time>
      </trkpt>
      <trkpt lat="44.15382" lon="-73.82082">
        <ele>1114.97</ele>
        <time>2026-05-17T12:07:58Z</time>
      </trkpt>
      <trkpt lat="44.15378" lon="-73.82087">
        <ele>1115.55</ele>
        <time>2026-05-17T12:08:05Z</time>
      </trkpt>
      <trkpt lat="44.15374" lon="-73.82092">
        <ele>1115.95</ele>
        <time>2026-05-17T12:08:12Z</time>
      </trkpt>
      <trkpt lat="44.15369" lon="-73.82099">
        <ele>1117.03</ele>
        <time>2026-05-17T12:08:26Z</time>
      </trkpt>
      <trkpt lat="44.1537" lon="-73.82107">
        <ele>1120.51</ele>
        <time>2026-05-17T12:08:40Z</time>
      </trkpt>
      <trkpt lat="44.15367" lon="-73.82114">
        <ele>1121.53</ele>
        <time>2026-05-17T12:08:54Z</time>
      </trkpt>
      <trkpt lat="44.15366" lon="-73.82119">
        <ele>1122.29</ele>
        <time>2026-05-17T12:09:08Z</time>
      </trkpt>
      <trkpt lat="44.15364" lon="-73.82127">
        <ele>1123.14</ele>
        <time>2026-05-17T12:09:29Z</time>
      </trkpt>
      <trkpt lat="44.15362" lon="-73.82136">
        <ele>1123.88</ele>
        <time>2026-05-17T12:09:43Z</time>
      </trkpt>
      <trkpt lat="44.15361" lon="-73.82146">
        <ele>1124.74</ele>
        <time>2026-05-17T12:09:57Z</time>
      </trkpt>
      <trkpt lat="44.15357" lon="-73.82157">
        <ele>1125.07</ele>
        <time>2026-05-17T12:10:11Z</time>
      </trkpt>
      <trkpt lat="44.15351" lon="-73.82168">
        <ele>1124.83</ele>
        <time>2026-05-17T12:10:25Z</time>
      </trkpt>
      <trkpt lat="44.15345" lon="-73.82176">
        <ele>1124.27</ele>
        <time>2026-05-17T12:10:32Z</time>
      </trkpt>
      <trkpt lat="44.15339" lon="-73.82182">
        <ele>1124.54</ele>
        <time>2026-05-17T12:10:39Z</time>
      </trkpt>
      <trkpt lat="44.15335" lon="-73.82185">
        <ele>1124.32</ele>
        <time>2026-05-17T12:10:46Z</time>
      </trkpt>
      <trkpt lat="44.15333" lon="-73.82187">
        <ele>1124.32</ele>
        <time>2026-05-17T12:10:53Z</time>
      </trkpt>
      <trkpt lat="44.15329" lon="-73.8219">
        <ele>1124.1</ele>
        <time>2026-05-17T12:11:07Z</time>
      </trkpt>
      <trkpt lat="44.15322" lon="-73.82199">
        <ele>1125.03</ele>
        <time>2026-05-17T12:11:21Z</time>
      </trkpt>
      <trkpt lat="44.15319" lon="-73.82203">
        <ele>1125.68</ele>
        <time>2026-05-17T12:11:28Z</time>
      </trkpt>
      <trkpt lat="44.15316" lon="-73.82208">
        <ele>1126.59</ele>
        <time>2026-05-17T12:11:35Z</time>
      </trkpt>
      <trkpt lat="44.15312" lon="-73.82212">
        <ele>1127.35</ele>
        <time>2026-05-17T12:11:42Z</time>
      </trkpt>
      <trkpt lat="44.15308" lon="-73.82215">
        <ele>1127.92</ele>
        <time>2026-05-17T12:11:49Z</time>
      </trkpt>
      <trkpt lat="44.15304" lon="-73.82223">
        <ele>1129.85</ele>
        <time>2026-05-17T12:11:56Z</time>
      </trkpt>
      <trkpt lat="44.153" lon="-73.82233">
        <ele>1131.76</ele>
        <time>2026-05-17T12:12:03Z</time>
      </trkpt>
      <trkpt lat="44.15296" lon="-73.82238">
        <ele>1133.08</ele>
        <time>2026-05-17T12:12:10Z</time>
      </trkpt>
      <trkpt lat="44.15293" lon="-73.82244">
        <ele>1134.12</ele>
        <time>2026-05-17T12:12:17Z</time>
      </trkpt>
      <trkpt lat="44.1529" lon="-73.82252">
        <ele>1135.15</ele>
        <time>2026-05-17T12:12:24Z</time>
      </trkpt>
      <trkpt lat="44.15286" lon="-73.82258">
        <ele>1135.96</ele>
        <time>2026-05-17T12:12:31Z</time>
      </trkpt>
      <trkpt lat="44.15283" lon="-73.82264">
        <ele>1136.95</ele>
        <time>2026-05-17T12:12:38Z</time>
      </trkpt>
      <trkpt lat="44.15279" lon="-73.82269">
        <ele>1137.87</ele>
        <time>2026-05-17T12:12:45Z</time>
      </trkpt>
      <trkpt lat="44.15276" lon="-73.82273">
        <ele>1138.28</ele>
        <time>2026-05-17T12:12:52Z</time>
      </trkpt>
      <trkpt lat="44.15271" lon="-73.82278">
        <ele>1139.46</ele>
        <time>2026-05-17T12:12:59Z</time>
      </trkpt>
      <trkpt lat="44.15267" lon="-73.82282">
        <ele>1140.33</ele>
        <time>2026-05-17T12:13:06Z</time>
      </trkpt>
      <trkpt lat="44.15264" lon="-73.82284">
        <ele>1140.98</ele>
        <time>2026-05-17T12:13:13Z</time>
      </trkpt>
      <trkpt lat="44.15256" lon="-73.8229">
        <ele>1142.82</ele>
        <time>2026-05-17T12:13:28Z</time>
      </trkpt>
      <trkpt lat="44.15249" lon="-73.82294">
        <ele>1144.97</ele>
        <time>2026-05-17T12:13:42Z</time>
      </trkpt>
      <trkpt lat="44.15245" lon="-73.82297">
        <ele>1146.12</ele>
        <time>2026-05-17T12:13:48Z</time>
      </trkpt>
      <trkpt lat="44.15242" lon="-73.823">
        <ele>1147.07</ele>
        <time>2026-05-17T12:13:56Z</time>
      </trkpt>
      <trkpt lat="44.15238" lon="-73.82303">
        <ele>1148.23</ele>
        <time>2026-05-17T12:14:03Z</time>
      </trkpt>
      <trkpt lat="44.15235" lon="-73.82306">
        <ele>1149.29</ele>
        <time>2026-05-17T12:14:10Z</time>
      </trkpt>
      <trkpt lat="44.15231" lon="-73.82309">
        <ele>1150.44</ele>
        <time>2026-05-17T12:14:17Z</time>
      </trkpt>
      <trkpt lat="44.15227" lon="-73.82312">
        <ele>1151.52</ele>
        <time>2026-05-17T12:14:24Z</time>
      </trkpt>
      <trkpt lat="44.15224" lon="-73.82314">
        <ele>1152.46</ele>
        <time>2026-05-17T12:14:31Z</time>
      </trkpt>
      <trkpt lat="44.1522" lon="-73.82317">
        <ele>1153.53</ele>
        <time>2026-05-17T12:14:38Z</time>
      </trkpt>
      <trkpt lat="44.15214" lon="-73.82323">
        <ele>1155.56</ele>
        <time>2026-05-17T12:14:52Z</time>
      </trkpt>
      <trkpt lat="44.15211" lon="-73.82324">
        <ele>1156.2</ele>
        <time>2026-05-17T12:15:13Z</time>
      </trkpt>
      <trkpt lat="44.15204" lon="-73.82326">
        <ele>1157.38</ele>
        <time>2026-05-17T12:15:27Z</time>
      </trkpt>
      <trkpt lat="44.15199" lon="-73.82326">
        <ele>1158.43</ele>
        <time>2026-05-17T12:15:34Z</time>
      </trkpt>
      <trkpt lat="44.15194" lon="-73.82327">
        <ele>1159.7</ele>
        <time>2026-05-17T12:15:48Z</time>
      </trkpt>
      <trkpt lat="44.15187" lon="-73.82329">
        <ele>1161.3</ele>
        <time>2026-05-17T12:16:02Z</time>
      </trkpt>
      <trkpt lat="44.15182" lon="-73.82333">
        <ele>1163.24</ele>
        <time>2026-05-17T12:16:09Z</time>
      </trkpt>
      <trkpt lat="44.15179" lon="-73.8234">
        <ele>1166.31</ele>
        <time>2026-05-17T12:16:16Z</time>
      </trkpt>
      <trkpt lat="44.15175" lon="-73.82349">
        <ele>1169.91</ele>
        <time>2026-05-17T12:16:23Z</time>
      </trkpt>
      <trkpt lat="44.15172" lon="-73.82358">
        <ele>1170.82</ele>
        <time>2026-05-17T12:16:30Z</time>
      </trkpt>
      <trkpt lat="44.1517" lon="-73.82363">
        <ele>1170.92</ele>
        <time>2026-05-17T12:16:51Z</time>
      </trkpt>
      <trkpt lat="44.15169" lon="-73.82371">
        <ele>1171.5</ele>
        <time>2026-05-17T12:16:58Z</time>
      </trkpt>
      <trkpt lat="44.15168" lon="-73.82381">
        <ele>1171.29</ele>
        <time>2026-05-17T12:17:06Z</time>
      </trkpt>
      <trkpt lat="44.15168" lon="-73.82391">
        <ele>1171.48</ele>
        <time>2026-05-17T12:17:13Z</time>
      </trkpt>
      <trkpt lat="44.15167" lon="-73.82399">
        <ele>1172.04</ele>
        <time>2026-05-17T12:17:20Z</time>
      </trkpt>
      <trkpt lat="44.15166" lon="-73.82407">
        <ele>1171.78</ele>
        <time>2026-05-17T12:17:27Z</time>
      </trkpt>
      <trkpt lat="44.15165" lon="-73.82414">
        <ele>1172.04</ele>
        <time>2026-05-17T12:17:34Z</time>
      </trkpt>
      <trkpt lat="44.15164" lon="-73.82422">
        <ele>1172.01</ele>
        <time>2026-05-17T12:17:41Z</time>
      </trkpt>
      <trkpt lat="44.15163" lon="-73.82429">
        <ele>1172.28</ele>
        <time>2026-05-17T12:17:48Z</time>
      </trkpt>
      <trkpt lat="44.15161" lon="-73.82436">
        <ele>1172.92</ele>
        <time>2026-05-17T12:17:55Z</time>
      </trkpt>
      <trkpt lat="44.15159" lon="-73.82442">
        <ele>1173.69</ele>
        <time>2026-05-17T12:18:02Z</time>
      </trkpt>
      <trkpt lat="44.15157" lon="-73.82447">
        <ele>1174.43</ele>
        <time>2026-05-17T12:18:09Z</time>
      </trkpt>
      <trkpt lat="44.15154" lon="-73.82452">
        <ele>1174.83</ele>
        <time>2026-05-17T12:18:16Z</time>
      </trkpt>
      <trkpt lat="44.15152" lon="-73.82457">
        <ele>1175.75</ele>
        <time>2026-05-17T12:18:23Z</time>
      </trkpt>
      <trkpt lat="44.1515" lon="-73.82461">
        <ele>1176.61</ele>
        <time>2026-05-17T12:18:30Z</time>
      </trkpt>
      <trkpt lat="44.15148" lon="-73.82465">
        <ele>1177.84</ele>
        <time>2026-05-17T12:18:37Z</time>
      </trkpt>
      <trkpt lat="44.15146" lon="-73.82468">
        <ele>1178.61</ele>
        <time>2026-05-17T12:18:44Z</time>
      </trkpt>
      <trkpt lat="44.15144" lon="-73.82462">
        <ele>1175.3</ele>
        <time>2026-05-17T12:18:51Z</time>
      </trkpt>
      <trkpt lat="44.15143" lon="-73.82456">
        <ele>1172.66</ele>
        <time>2026-05-17T12:18:58Z</time>
      </trkpt>
      <trkpt lat="44.1514" lon="-73.82466">
        <ele>1175.96</ele>
        <time>2026-05-17T12:19:12Z</time>
      </trkpt>
      <trkpt lat="44.1514" lon="-73.82475">
        <ele>1180.1</ele>
        <time>2026-05-17T12:19:26Z</time>
      </trkpt>
      <trkpt lat="44.1514" lon="-73.82486">
        <ele>1183.53</ele>
        <time>2026-05-17T12:19:40Z</time>
      </trkpt>
      <trkpt lat="44.15139" lon="-73.82491">
        <ele>1185.11</ele>
        <time>2026-05-17T12:19:47Z</time>
      </trkpt>
      <trkpt lat="44.15139" lon="-73.82499">
        <ele>1188.55</ele>
        <time>2026-05-17T12:20:01Z</time>
      </trkpt>
      <trkpt lat="44.15139" lon="-73.82506">
        <ele>1190.91</ele>
        <time>2026-05-17T12:20:15Z</time>
      </trkpt>
      <trkpt lat="44.15138" lon="-73.82512">
        <ele>1192.72</ele>
        <time>2026-05-17T12:20:29Z</time>
      </trkpt>
      <trkpt lat="44.15136" lon="-73.82521">
        <ele>1195.58</ele>
        <time>2026-05-17T12:20:43Z</time>
      </trkpt>
      <trkpt lat="44.15134" lon="-73.82529">
        <ele>1198.4</ele>
        <time>2026-05-17T12:20:57Z</time>
      </trkpt>
      <trkpt lat="44.15133" lon="-73.82534">
        <ele>1200.2</ele>
        <time>2026-05-17T12:21:04Z</time>
      </trkpt>
      <trkpt lat="44.15132" lon="-73.82539">
        <ele>1201.91</ele>
        <time>2026-05-17T12:21:11Z</time>
      </trkpt>
      <trkpt lat="44.15131" lon="-73.82545">
        <ele>1203.42</ele>
        <time>2026-05-17T12:21:18Z</time>
      </trkpt>
      <trkpt lat="44.15131" lon="-73.82549">
        <ele>1204.0</ele>
        <time>2026-05-17T12:21:25Z</time>
      </trkpt>
      <trkpt lat="44.15131" lon="-73.82554">
        <ele>1204.54</ele>
        <time>2026-05-17T12:21:32Z</time>
      </trkpt>
      <trkpt lat="44.15132" lon="-73.82558">
        <ele>1204.75</ele>
        <time>2026-05-17T12:21:39Z</time>
      </trkpt>
      <trkpt lat="44.15135" lon="-73.82561">
        <ele>1204.43</ele>
        <time>2026-05-17T12:21:53Z</time>
      </trkpt>
      <trkpt lat="44.15138" lon="-73.82567">
        <ele>1204.43</ele>
        <time>2026-05-17T12:22:00Z</time>
      </trkpt>
      <trkpt lat="44.1514" lon="-73.82577">
        <ele>1204.96</ele>
        <time>2026-05-17T12:22:07Z</time>
      </trkpt>
      <trkpt lat="44.15143" lon="-73.82587">
        <ele>1204.84</ele>
        <time>2026-05-17T12:22:14Z</time>
      </trkpt>
      <trkpt lat="44.15145" lon="-73.82595">
        <ele>1204.85</ele>
        <time>2026-05-17T12:22:21Z</time>
      </trkpt>
      <trkpt lat="44.15149" lon="-73.82601">
        <ele>1204.54</ele>
        <time>2026-05-17T12:22:28Z</time>
      </trkpt>
      <trkpt lat="44.15153" lon="-73.82598">
        <ele>1202.49</ele>
        <time>2026-05-17T12:22:42Z</time>
      </trkpt>
      <trkpt lat="44.15158" lon="-73.82601">
        <ele>1200.64</ele>
        <time>2026-05-17T12:22:56Z</time>
      </trkpt>
      <trkpt lat="44.1516" lon="-73.82604">
        <ele>1200.41</ele>
        <time>2026-05-17T12:23:03Z</time>
      </trkpt>
      <trkpt lat="44.15164" lon="-73.8261">
        <ele>1200.54</ele>
        <time>2026-05-17T12:23:17Z</time>
      </trkpt>
      <trkpt lat="44.15166" lon="-73.82616">
        <ele>1201.27</ele>
        <time>2026-05-17T12:23:31Z</time>
      </trkpt>
      <trkpt lat="44.15168" lon="-73.82628">
        <ele>1203.07</ele>
        <time>2026-05-17T12:23:45Z</time>
      </trkpt>
      <trkpt lat="44.15169" lon="-73.82635">
        <ele>1205.17</ele>
        <time>2026-05-17T12:23:52Z</time>
      </trkpt>
      <trkpt lat="44.1517" lon="-73.82641">
        <ele>1206.74</ele>
        <time>2026-05-17T12:23:59Z</time>
      </trkpt>
      <trkpt lat="44.15171" lon="-73.82649">
        <ele>1208.36</ele>
        <time>2026-05-17T12:24:07Z</time>
      </trkpt>
      <trkpt lat="44.15173" lon="-73.82656">
        <ele>1209.54</ele>
        <time>2026-05-17T12:24:14Z</time>
      </trkpt>
      <trkpt lat="44.15174" lon="-73.82663">
        <ele>1210.58</ele>
        <time>2026-05-17T12:24:21Z</time>
      </trkpt>
      <trkpt lat="44.15177" lon="-73.82673">
        <ele>1211.26</ele>
        <time>2026-05-17T12:24:28Z</time>
      </trkpt>
      <trkpt lat="44.15179" lon="-73.82685">
        <ele>1211.98</ele>
        <time>2026-05-17T12:24:35Z</time>
      </trkpt>
      <trkpt lat="44.15181" lon="-73.82693">
        <ele>1210.97</ele>
        <time>2026-05-17T12:24:42Z</time>
      </trkpt>
      <trkpt lat="44.15182" lon="-73.82701">
        <ele>1210.69</ele>
        <time>2026-05-17T12:24:49Z</time>
      </trkpt>
      <trkpt lat="44.1518" lon="-73.82709">
        <ele>1211.12</ele>
        <time>2026-05-17T12:24:56Z</time>
      </trkpt>
      <trkpt lat="44.15177" lon="-73.82718">
        <ele>1211.77</ele>
        <time>2026-05-17T12:25:03Z</time>
      </trkpt>
      <trkpt lat="44.15171" lon="-73.82725">
        <ele>1212.69</ele>
        <time>2026-05-17T12:25:10Z</time>
      </trkpt>
      <trkpt lat="44.1517" lon="-73.82733">
        <ele>1213.28</ele>
        <time>2026-05-17T12:25:17Z</time>
      </trkpt>
      <trkpt lat="44.15166" lon="-73.82741">
        <ele>1213.78</ele>
        <time>2026-05-17T12:25:24Z</time>
      </trkpt>
      <trkpt lat="44.15162" lon="-73.8275">
        <ele>1212.49</ele>
        <time>2026-05-17T12:25:31Z</time>
      </trkpt>
      <trkpt lat="44.15159" lon="-73.82758">
        <ele>1212.08</ele>
        <time>2026-05-17T12:25:38Z</time>
      </trkpt>
      <trkpt lat="44.15158" lon="-73.82766">
        <ele>1212.7</ele>
        <time>2026-05-17T12:25:45Z</time>
      </trkpt>
      <trkpt lat="44.15159" lon="-73.82775">
        <ele>1212.47</ele>
        <time>2026-05-17T12:25:52Z</time>
      </trkpt>
      <trkpt lat="44.15159" lon="-73.82782">
        <ele>1211.24</ele>
        <time>2026-05-17T12:26:06Z</time>
      </trkpt>
      <trkpt lat="44.15157" lon="-73.82787">
        <ele>1211.05</ele>
        <time>2026-05-17T12:26:13Z</time>
      </trkpt>
      <trkpt lat="44.15153" lon="-73.82794">
        <ele>1210.29</ele>
        <time>2026-05-17T12:26:20Z</time>
      </trkpt>
      <trkpt lat="44.1515" lon="-73.82797">
        <ele>1211.08</ele>
        <time>2026-05-17T12:26:27Z</time>
      </trkpt>
      <trkpt lat="44.15147" lon="-73.82803">
        <ele>1211.17</ele>
        <time>2026-05-17T12:26:34Z</time>
      </trkpt>
      <trkpt lat="44.15144" lon="-73.82806">
        <ele>1210.9</ele>
        <time>2026-05-17T12:26:48Z</time>
      </trkpt>
      <trkpt lat="44.15142" lon="-73.82811">
        <ele>1210.02</ele>
        <time>2026-05-17T12:26:55Z</time>
      </trkpt>
      <trkpt lat="44.15147" lon="-73.82812">
        <ele>1209.08</ele>
        <time>2026-05-17T12:27:02Z</time>
      </trkpt>
      <trkpt lat="44.1515" lon="-73.8282">
        <ele>1203.71</ele>
        <time>2026-05-17T12:27:09Z</time>
      </trkpt>
      <trkpt lat="44.15149" lon="-73.82826">
        <ele>1201.52</ele>
        <time>2026-05-17T12:27:23Z</time>
      </trkpt>
      <trkpt lat="44.15147" lon="-73.8283">
        <ele>1201.06</ele>
        <time>2026-05-17T12:27:37Z</time>
      </trkpt>
      <trkpt lat="44.15145" lon="-73.82834">
        <ele>1200.44</ele>
        <time>2026-05-17T12:28:26Z</time>
      </trkpt>
      <trkpt lat="44.1514" lon="-73.82834">
        <ele>1203.18</ele>
        <time>2026-05-17T12:28:40Z</time>
      </trkpt>
      <trkpt lat="44.15134" lon="-73.82835">
        <ele>1203.99</ele>
        <time>2026-05-17T12:28:54Z</time>
      </trkpt>
      <trkpt lat="44.15129" lon="-73.82835">
        <ele>1204.2</ele>
        <time>2026-05-17T12:29:01Z</time>
      </trkpt>
      <trkpt lat="44.15123" lon="-73.82835">
        <ele>1201.72</ele>
        <time>2026-05-17T12:29:08Z</time>
      </trkpt>
      <trkpt lat="44.15117" lon="-73.82838">
        <ele>1197.63</ele>
        <time>2026-05-17T12:29:22Z</time>
      </trkpt>
      <trkpt lat="44.15118" lon="-73.82847">
        <ele>1196.51</ele>
        <time>2026-05-17T12:29:36Z</time>
      </trkpt>
      <trkpt lat="44.1512" lon="-73.82853">
        <ele>1196.52</ele>
        <time>2026-05-17T12:29:43Z</time>
      </trkpt>
      <trkpt lat="44.1512" lon="-73.82859">
        <ele>1195.28</ele>
        <time>2026-05-17T12:29:57Z</time>
      </trkpt>
      <trkpt lat="44.1512" lon="-73.82864">
        <ele>1194.23</ele>
        <time>2026-05-17T12:30:25Z</time>
      </trkpt>
      <trkpt lat="44.15119" lon="-73.82869">
        <ele>1192.83</ele>
        <time>2026-05-17T12:31:00Z</time>
      </trkpt>
      <trkpt lat="44.1512" lon="-73.82873">
        <ele>1192.32</ele>
        <time>2026-05-17T12:31:21Z</time>
      </trkpt>
      <trkpt lat="44.15119" lon="-73.82881">
        <ele>1190.41</ele>
        <time>2026-05-17T12:31:49Z</time>
      </trkpt>
      <trkpt lat="44.15113" lon="-73.82886">
        <ele>1188.03</ele>
        <time>2026-05-17T12:31:56Z</time>
      </trkpt>
      <trkpt lat="44.15109" lon="-73.82896">
        <ele>1185.32</ele>
        <time>2026-05-17T12:32:03Z</time>
      </trkpt>
      <trkpt lat="44.15107" lon="-73.82902">
        <ele>1183.99</ele>
        <time>2026-05-17T12:32:10Z</time>
      </trkpt>
      <trkpt lat="44.15104" lon="-73.82913">
        <ele>1182.56</ele>
        <time>2026-05-17T12:32:17Z</time>
      </trkpt>
      <trkpt lat="44.15104" lon="-73.82922">
        <ele>1182.33</ele>
        <time>2026-05-17T12:32:24Z</time>
      </trkpt>
      <trkpt lat="44.15104" lon="-73.82931">
        <ele>1182.23</ele>
        <time>2026-05-17T12:32:31Z</time>
      </trkpt>
      <trkpt lat="44.15102" lon="-73.82938">
        <ele>1182.01</ele>
        <time>2026-05-17T12:32:38Z</time>
      </trkpt>
      <trkpt lat="44.15099" lon="-73.82944">
        <ele>1181.68</ele>
        <time>2026-05-17T12:32:45Z</time>
      </trkpt>
      <trkpt lat="44.15093" lon="-73.8295">
        <ele>1181.64</ele>
        <time>2026-05-17T12:32:52Z</time>
      </trkpt>
      <trkpt lat="44.15088" lon="-73.82957">
        <ele>1181.18</ele>
        <time>2026-05-17T12:32:59Z</time>
      </trkpt>
      <trkpt lat="44.15084" lon="-73.82963">
        <ele>1181.08</ele>
        <time>2026-05-17T12:33:06Z</time>
      </trkpt>
      <trkpt lat="44.15079" lon="-73.82969">
        <ele>1180.72</ele>
        <time>2026-05-17T12:33:13Z</time>
      </trkpt>
      <trkpt lat="44.15074" lon="-73.82975">
        <ele>1180.58</ele>
        <time>2026-05-17T12:33:20Z</time>
      </trkpt>
      <trkpt lat="44.1507" lon="-73.82981">
        <ele>1181.02</ele>
        <time>2026-05-17T12:33:27Z</time>
      </trkpt>
      <trkpt lat="44.15065" lon="-73.82988">
        <ele>1181.43</ele>
        <time>2026-05-17T12:33:34Z</time>
      </trkpt>
      <trkpt lat="44.15061" lon="-73.82994">
        <ele>1181.26</ele>
        <time>2026-05-17T12:33:41Z</time>
      </trkpt>
      <trkpt lat="44.15056" lon="-73.83">
        <ele>1181.1</ele>
        <time>2026-05-17T12:33:48Z</time>
      </trkpt>
      <trkpt lat="44.15053" lon="-73.83006">
        <ele>1181.1</ele>
        <time>2026-05-17T12:33:55Z</time>
      </trkpt>
      <trkpt lat="44.15048" lon="-73.83012">
        <ele>1180.96</ele>
        <time>2026-05-17T12:34:02Z</time>
      </trkpt>
      <trkpt lat="44.15045" lon="-73.8302">
        <ele>1182.04</ele>
        <time>2026-05-17T12:34:09Z</time>
      </trkpt>
      <trkpt lat="44.15041" lon="-73.83026">
        <ele>1182.47</ele>
        <time>2026-05-17T12:34:17Z</time>
      </trkpt>
      <trkpt lat="44.15037" lon="-73.83033">
        <ele>1183.69</ele>
        <time>2026-05-17T12:34:23Z</time>
      </trkpt>
      <trkpt lat="44.15033" lon="-73.8304">
        <ele>1185.34</ele>
        <time>2026-05-17T12:34:30Z</time>
      </trkpt>
      <trkpt lat="44.15028" lon="-73.83045">
        <ele>1186.58</ele>
        <time>2026-05-17T12:34:38Z</time>
      </trkpt>
      <trkpt lat="44.15023" lon="-73.8305">
        <ele>1187.17</ele>
        <time>2026-05-17T12:34:45Z</time>
      </trkpt>
      <trkpt lat="44.15019" lon="-73.83054">
        <ele>1187.6</ele>
        <time>2026-05-17T12:34:52Z</time>
      </trkpt>
      <trkpt lat="44.15014" lon="-73.83059">
        <ele>1188.14</ele>
        <time>2026-05-17T12:34:59Z</time>
      </trkpt>
      <trkpt lat="44.1501" lon="-73.83063">
        <ele>1188.57</ele>
        <time>2026-05-17T12:35:06Z</time>
      </trkpt>
      <trkpt lat="44.15009" lon="-73.83056">
        <ele>1186.09</ele>
        <time>2026-05-17T12:35:13Z</time>
      </trkpt>
      <trkpt lat="44.15009" lon="-73.83051">
        <ele>1183.98</ele>
        <time>2026-05-17T12:35:20Z</time>
      </trkpt>
      <trkpt lat="44.15006" lon="-73.83059">
        <ele>1186.41</ele>
        <time>2026-05-17T12:35:34Z</time>
      </trkpt>
      <trkpt lat="44.15004" lon="-73.83066">
        <ele>1188.32</ele>
        <time>2026-05-17T12:35:41Z</time>
      </trkpt>
      <trkpt lat="44.15001" lon="-73.8307">
        <ele>1189.4</ele>
        <time>2026-05-17T12:35:55Z</time>
      </trkpt>
      <trkpt lat="44.14998" lon="-73.83077">
        <ele>1191.48</ele>
        <time>2026-05-17T12:36:09Z</time>
      </trkpt>
      <trkpt lat="44.14996" lon="-73.83082">
        <ele>1192.65</ele>
        <time>2026-05-17T12:36:23Z</time>
      </trkpt>
      <trkpt lat="44.14994" lon="-73.83088">
        <ele>1194.51</ele>
        <time>2026-05-17T12:36:37Z</time>
      </trkpt>
      <trkpt lat="44.14992" lon="-73.83094">
        <ele>1196.46</ele>
        <time>2026-05-17T12:36:51Z</time>
      </trkpt>
      <trkpt lat="44.14994" lon="-73.83101">
        <ele>1198.72</ele>
        <time>2026-05-17T12:37:40Z</time>
      </trkpt>
      <trkpt lat="44.14995" lon="-73.83109">
        <ele>1202.15</ele>
        <time>2026-05-17T12:37:54Z</time>
      </trkpt>
      <trkpt lat="44.14995" lon="-73.83114">
        <ele>1205.0</ele>
        <time>2026-05-17T12:38:08Z</time>
      </trkpt>
      <trkpt lat="44.14994" lon="-73.83119">
        <ele>1208.91</ele>
        <time>2026-05-17T12:38:36Z</time>
      </trkpt>
      <trkpt lat="44.14992" lon="-73.83121">
        <ele>1211.75</ele>
        <time>2026-05-17T12:39:11Z</time>
      </trkpt>
      <trkpt lat="44.14991" lon="-73.83125">
        <ele>1216.26</ele>
        <time>2026-05-17T12:39:32Z</time>
      </trkpt>
      <trkpt lat="44.1499" lon="-73.83129">
        <ele>1220.92</ele>
        <time>2026-05-17T12:39:53Z</time>
      </trkpt>
      <trkpt lat="44.14989" lon="-73.83133">
        <ele>1225.21</ele>
        <time>2026-05-17T12:40:14Z</time>
      </trkpt>
      <trkpt lat="44.14988" lon="-73.83136">
        <ele>1228.91</ele>
        <time>2026-05-17T12:40:42Z</time>
      </trkpt>
      <trkpt lat="44.14987" lon="-73.83139">
        <ele>1232.88</ele>
        <time>2026-05-17T12:41:10Z</time>
      </trkpt>
      <trkpt lat="44.14985" lon="-73.83144">
        <ele>1237.1</ele>
        <time>2026-05-17T12:41:45Z</time>
      </trkpt>
      <trkpt lat="44.14984" lon="-73.83147">
        <ele>1239.36</ele>
        <time>2026-05-17T12:42:13Z</time>
      </trkpt>
      <trkpt lat="44.14983" lon="-73.83152">
        <ele>1241.1</ele>
        <time>2026-05-17T12:43:57Z</time>
      </trkpt>
      <trkpt lat="44.14981" lon="-73.83154">
        <ele>1243.27</ele>
        <time>2026-05-17T12:44:34Z</time>
      </trkpt>
      <trkpt lat="44.14979" lon="-73.83162">
        <ele>1245.24</ele>
        <time>2026-05-17T12:45:10Z</time>
      </trkpt>
      <trkpt lat="44.14978" lon="-73.83174">
        <ele>1246.63</ele>
        <time>2026-05-17T12:45:22Z</time>
      </trkpt>
      <trkpt lat="44.14977" lon="-73.83183">
        <ele>1247.39</ele>
        <time>2026-05-17T12:45:25Z</time>
      </trkpt>
      <trkpt lat="44.14974" lon="-73.83189">
        <ele>1249.66</ele>
        <time>2026-05-17T12:46:14Z</time>
      </trkpt>
      <trkpt lat="44.14966" lon="-73.8319">
        <ele>1251.99</ele>
        <time>2026-05-17T12:46:29Z</time>
      </trkpt>
      <trkpt lat="44.1496" lon="-73.83188">
        <ele>1253.34</ele>
        <time>2026-05-17T12:46:37Z</time>
      </trkpt>
      <trkpt lat="44.14955" lon="-73.83183">
        <ele>1254.96</ele>
        <time>2026-05-17T12:46:51Z</time>
      </trkpt>
      <trkpt lat="44.14948" lon="-73.8318">
        <ele>1256.45</ele>
        <time>2026-05-17T12:47:03Z</time>
      </trkpt>
      <trkpt lat="44.14941" lon="-73.83179">
        <ele>1257.62</ele>
        <time>2026-05-17T12:47:23Z</time>
      </trkpt>
      <trkpt lat="44.14935" lon="-73.83178">
        <ele>1258.47</ele>
        <time>2026-05-17T12:47:36Z</time>
      </trkpt>
      <trkpt lat="44.14928" lon="-73.83177">
        <ele>1259.01</ele>
        <time>2026-05-17T12:47:48Z</time>
      </trkpt>
      <trkpt lat="44.14921" lon="-73.83176">
        <ele>1259.02</ele>
        <time>2026-05-17T12:47:58Z</time>
      </trkpt>
      <trkpt lat="44.14914" lon="-73.83175">
        <ele>1258.34</ele>
        <time>2026-05-17T12:48:13Z</time>
      </trkpt>
      <trkpt lat="44.14907" lon="-73.83174">
        <ele>1257.33</ele>
        <time>2026-05-17T12:48:36Z</time>
      </trkpt>
      <trkpt lat="44.14904" lon="-73.83174">
        <ele>1257.01</ele>
        <time>2026-05-17T12:48:44Z</time>
      </trkpt>
      <trkpt lat="44.14901" lon="-73.83177">
        <ele>1257.58</ele>
        <time>2026-05-17T12:48:50Z</time>
      </trkpt>
      <trkpt lat="44.149" lon="-73.83181">
        <ele>1258.41</ele>
        <time>2026-05-17T12:48:54Z</time>
      </trkpt>
      <trkpt lat="44.14898" lon="-73.83184">
        <ele>1258.73</ele>
        <time>2026-05-17T12:48:57Z</time>
      </trkpt>
      <trkpt lat="44.149" lon="-73.83187">
        <ele>1259.95</ele>
        <time>2026-05-17T12:49:01Z</time>
      </trkpt>
      <trkpt lat="44.14902" lon="-73.83191">
        <ele>1261.45</ele>
        <time>2026-05-17T12:49:05Z</time>
      </trkpt>
      <trkpt lat="44.14902" lon="-73.83195">
        <ele>1262.51</ele>
        <time>2026-05-17T12:49:10Z</time>
      </trkpt>
      <trkpt lat="44.149" lon="-73.83197">
        <ele>1262.7</ele>
        <time>2026-05-17T12:49:14Z</time>
      </trkpt>
      <trkpt lat="44.14897" lon="-73.832">
        <ele>1263.08</ele>
        <time>2026-05-17T12:49:19Z</time>
      </trkpt>
      <trkpt lat="44.14894" lon="-73.83203">
        <ele>1263.4</ele>
        <time>2026-05-17T12:49:24Z</time>
      </trkpt>
      <trkpt lat="44.14891" lon="-73.83204">
        <ele>1263.31</ele>
        <time>2026-05-17T12:49:28Z</time>
      </trkpt>
      <trkpt lat="44.14888" lon="-73.83206">
        <ele>1263.65</ele>
        <time>2026-05-17T12:49:32Z</time>
      </trkpt>
      <trkpt lat="44.14885" lon="-73.83207">
        <ele>1263.65</ele>
        <time>2026-05-17T12:49:36Z</time>
      </trkpt>
      <trkpt lat="44.14882" lon="-73.83209">
        <ele>1263.97</ele>
        <time>2026-05-17T12:49:40Z</time>
      </trkpt>
      <trkpt lat="44.14876" lon="-73.83213">
        <ele>1264.62</ele>
        <time>2026-05-17T12:49:49Z</time>
      </trkpt>
      <trkpt lat="44.14869" lon="-73.83218">
        <ele>1265.48</ele>
        <time>2026-05-17T12:49:59Z</time>
      </trkpt>
      <trkpt lat="44.14864" lon="-73.83225">
        <ele>1267.21</ele>
        <time>2026-05-17T12:50:08Z</time>
      </trkpt>
      <trkpt lat="44.14859" lon="-73.83231">
        <ele>1268.39</ele>
        <time>2026-05-17T12:50:16Z</time>
      </trkpt>
      <trkpt lat="44.14853" lon="-73.83237">
        <ele>1268.96</ele>
        <time>2026-05-17T12:50:24Z</time>
      </trkpt>
      <trkpt lat="44.14847" lon="-73.83242">
        <ele>1269.3</ele>
        <time>2026-05-17T12:50:33Z</time>
      </trkpt>
      <trkpt lat="44.14841" lon="-73.83247">
        <ele>1269.86</ele>
        <time>2026-05-17T12:50:42Z</time>
      </trkpt>
      <trkpt lat="44.14834" lon="-73.83251">
        <ele>1270.29</ele>
        <time>2026-05-17T12:50:50Z</time>
      </trkpt>
      <trkpt lat="44.14829" lon="-73.83256">
        <ele>1270.36</ele>
        <time>2026-05-17T12:50:58Z</time>
      </trkpt>
      <trkpt lat="44.14823" lon="-73.83263">
        <ele>1270.51</ele>
        <time>2026-05-17T12:51:07Z</time>
      </trkpt>
      <trkpt lat="44.14818" lon="-73.8327">
        <ele>1270.95</ele>
        <time>2026-05-17T12:51:16Z</time>
      </trkpt>
      <trkpt lat="44.14815" lon="-73.83282">
        <ele>1272.47</ele>
        <time>2026-05-17T12:51:21Z</time>
      </trkpt>
      <trkpt lat="44.14813" lon="-73.83292">
        <ele>1272.71</ele>
        <time>2026-05-17T12:51:26Z</time>
      </trkpt>
      <trkpt lat="44.14809" lon="-73.833">
        <ele>1271.67</ele>
        <time>2026-05-17T12:51:33Z</time>
      </trkpt>
      <trkpt lat="44.14803" lon="-73.83305">
        <ele>1270.77</ele>
        <time>2026-05-17T12:51:45Z</time>
      </trkpt>
      <trkpt lat="44.1481" lon="-73.83307">
        <ele>1269.82</ele>
        <time>2026-05-17T12:51:59Z</time>
      </trkpt>
      <trkpt lat="44.1481" lon="-73.83316">
        <ele>1265.34</ele>
        <time>2026-05-17T12:52:35Z</time>
      </trkpt>
      <trkpt lat="44.14811" lon="-73.83311">
        <ele>1267.71</ele>
        <time>2026-05-17T12:53:55Z</time>
      </trkpt>
      <trkpt lat="44.14807" lon="-73.83306">
        <ele>1270.64</ele>
        <time>2026-05-17T13:01:21Z</time>
      </trkpt>
      <trkpt lat="44.14805" lon="-73.83303">
        <ele>1271.2</ele>
        <time>2026-05-17T13:01:25Z</time>
      </trkpt>
      <trkpt lat="44.14805" lon="-73.83302">
        <ele>1271.3</ele>
        <time>2026-05-17T13:01:32Z</time>
      </trkpt>
      <trkpt lat="44.14803" lon="-73.83301">
        <ele>1271.08</ele>
        <time>2026-05-17T13:01:51Z</time>
      </trkpt>
      <trkpt lat="44.14799" lon="-73.83299">
        <ele>1270.5</ele>
        <time>2026-05-17T13:01:55Z</time>
      </trkpt>
      <trkpt lat="44.14795" lon="-73.83299">
        <ele>1269.48</ele>
        <time>2026-05-17T13:01:57Z</time>
      </trkpt>
      <trkpt lat="44.14792" lon="-73.83298">
        <ele>1268.23</ele>
        <time>2026-05-17T13:01:59Z</time>
      </trkpt>
      <trkpt lat="44.14789" lon="-73.83298">
        <ele>1266.99</ele>
        <time>2026-05-17T13:02:03Z</time>
      </trkpt>
      <trkpt lat="44.14786" lon="-73.83298">
        <ele>1265.76</ele>
        <time>2026-05-17T13:02:08Z</time>
      </trkpt>
      <trkpt lat="44.14783" lon="-73.83298">
        <ele>1264.52</ele>
        <time>2026-05-17T13:02:13Z</time>
      </trkpt>
      <trkpt lat="44.1478" lon="-73.83297">
        <ele>1263.09</ele>
        <time>2026-05-17T13:02:18Z</time>
      </trkpt>
      <trkpt lat="44.14779" lon="-73.83297">
        <ele>1262.67</ele>
        <time>2026-05-17T13:02:20Z</time>
      </trkpt>
      <trkpt lat="44.14778" lon="-73.83296">
        <ele>1262.03</ele>
        <time>2026-05-17T13:02:23Z</time>
      </trkpt>
      <trkpt lat="44.14775" lon="-73.83295">
        <ele>1260.82</ele>
        <time>2026-05-17T13:02:28Z</time>
      </trkpt>
      <trkpt lat="44.14768" lon="-73.83292">
        <ele>1257.9</ele>
        <time>2026-05-17T13:02:48Z</time>
      </trkpt>
      <trkpt lat="44.14763" lon="-73.83291">
        <ele>1256.07</ele>
        <time>2026-05-17T13:03:02Z</time>
      </trkpt>
      <trkpt lat="44.14763" lon="-73.83291">
        <ele>1256.07</ele>
        <time>2026-05-17T13:03:31Z</time>
      </trkpt>
      <trkpt lat="44.14756" lon="-73.83293">
        <ele>1253.75</ele>
        <time>2026-05-17T13:03:48Z</time>
      </trkpt>
      <trkpt lat="44.14749" lon="-73.83294">
        <ele>1250.77</ele>
        <time>2026-05-17T13:03:57Z</time>
      </trkpt>
      <trkpt lat="44.14745" lon="-73.83305">
        <ele>1252.66</ele>
        <time>2026-05-17T13:04:02Z</time>
      </trkpt>
      <trkpt lat="44.14743" lon="-73.83314">
        <ele>1253.8</ele>
        <time>2026-05-17T13:04:05Z</time>
      </trkpt>
      <trkpt lat="44.14739" lon="-73.83322">
        <ele>1253.32</ele>
        <time>2026-05-17T13:04:13Z</time>
      </trkpt>
      <trkpt lat="44.14733" lon="-73.83319">
        <ele>1250.86</ele>
        <time>2026-05-17T13:04:24Z</time>
      </trkpt>
      <trkpt lat="44.14725" lon="-73.8332">
        <ele>1246.87</ele>
        <time>2026-05-17T13:04:38Z</time>
      </trkpt>
      <trkpt lat="44.14719" lon="-73.83323">
        <ele>1244.49</ele>
        <time>2026-05-17T13:04:52Z</time>
      </trkpt>
      <trkpt lat="44.14713" lon="-73.83326">
        <ele>1241.23</ele>
        <time>2026-05-17T13:05:09Z</time>
      </trkpt>
      <trkpt lat="44.14707" lon="-73.83322">
        <ele>1237.25</ele>
        <time>2026-05-17T13:05:26Z</time>
      </trkpt>
      <trkpt lat="44.147" lon="-73.8332">
        <ele>1233.57</ele>
        <time>2026-05-17T13:05:46Z</time>
      </trkpt>
      <trkpt lat="44.14693" lon="-73.83318">
        <ele>1229.6</ele>
        <time>2026-05-17T13:06:06Z</time>
      </trkpt>
      <trkpt lat="44.14696" lon="-73.83316">
        <ele>1230.31</ele>
        <time>2026-05-17T13:06:38Z</time>
      </trkpt>
      <trkpt lat="44.14693" lon="-73.83316">
        <ele>1228.73</ele>
        <time>2026-05-17T13:06:56Z</time>
      </trkpt>
      <trkpt lat="44.14693" lon="-73.83316">
        <ele>1228.73</ele>
        <time>2026-05-17T13:06:58Z</time>
      </trkpt>
      <trkpt lat="44.14691" lon="-73.83316">
        <ele>1227.65</ele>
        <time>2026-05-17T13:07:03Z</time>
      </trkpt>
      <trkpt lat="44.14688" lon="-73.83316">
        <ele>1226.03</ele>
        <time>2026-05-17T13:07:10Z</time>
      </trkpt>
      <trkpt lat="44.14685" lon="-73.83316">
        <ele>1224.39</ele>
        <time>2026-05-17T13:07:16Z</time>
      </trkpt>
      <trkpt lat="44.14684" lon="-73.8332">
        <ele>1225.47</ele>
        <time>2026-05-17T13:07:19Z</time>
      </trkpt>
      <trkpt lat="44.14684" lon="-73.83325">
        <ele>1227.34</ele>
        <time>2026-05-17T13:07:21Z</time>
      </trkpt>
      <trkpt lat="44.14682" lon="-73.83328">
        <ele>1226.51</ele>
        <time>2026-05-17T13:07:30Z</time>
      </trkpt>
      <trkpt lat="44.14683" lon="-73.83333">
        <ele>1227.78</ele>
        <time>2026-05-17T13:07:40Z</time>
      </trkpt>
      <trkpt lat="44.14686" lon="-73.83334">
        <ele>1229.43</ele>
        <time>2026-05-17T13:07:44Z</time>
      </trkpt>
      <trkpt lat="44.14687" lon="-73.83334">
        <ele>1229.97</ele>
        <time>2026-05-17T13:07:47Z</time>
      </trkpt>
      <trkpt lat="44.14683" lon="-73.8334">
        <ele>1227.48</ele>
        <time>2026-05-17T13:08:14Z</time>
      </trkpt>
      <trkpt lat="44.14677" lon="-73.83345">
        <ele>1222.03</ele>
        <time>2026-05-17T13:08:35Z</time>
      </trkpt>
      <trkpt lat="44.14671" lon="-73.83343">
        <ele>1219.21</ele>
        <time>2026-05-17T13:08:47Z</time>
      </trkpt>
      <trkpt lat="44.14664" lon="-73.83338">
        <ele>1216.12</ele>
        <time>2026-05-17T13:08:57Z</time>
      </trkpt>
      <trkpt lat="44.14658" lon="-73.83334">
        <ele>1212.37</ele>
        <time>2026-05-17T13:09:04Z</time>
      </trkpt>
      <trkpt lat="44.1465" lon="-73.83333">
        <ele>1208.8</ele>
        <time>2026-05-17T13:09:07Z</time>
      </trkpt>
      <trkpt lat="44.14643" lon="-73.83332">
        <ele>1206.33</ele>
        <time>2026-05-17T13:09:09Z</time>
      </trkpt>
      <trkpt lat="44.14636" lon="-73.83331">
        <ele>1204.06</ele>
        <time>2026-05-17T13:09:13Z</time>
      </trkpt>
      <trkpt lat="44.14631" lon="-73.8333">
        <ele>1202.44</ele>
        <time>2026-05-17T13:09:18Z</time>
      </trkpt>
      <trkpt lat="44.14629" lon="-73.83319">
        <ele>1201.18</ele>
        <time>2026-05-17T13:09:27Z</time>
      </trkpt>
      <trkpt lat="44.14625" lon="-73.83311">
        <ele>1197.76</ele>
        <time>2026-05-17T13:09:42Z</time>
      </trkpt>
      <trkpt lat="44.14619" lon="-73.83306">
        <ele>1193.4</ele>
        <time>2026-05-17T13:10:05Z</time>
      </trkpt>
      <trkpt lat="44.14613" lon="-73.83304">
        <ele>1189.35</ele>
        <time>2026-05-17T13:10:24Z</time>
      </trkpt>
      <trkpt lat="44.14606" lon="-73.83303">
        <ele>1184.74</ele>
        <time>2026-05-17T13:10:43Z</time>
      </trkpt>
      <trkpt lat="44.146" lon="-73.83303">
        <ele>1180.97</ele>
        <time>2026-05-17T13:11:08Z</time>
      </trkpt>
      <trkpt lat="44.14603" lon="-73.83302">
        <ele>1182.54</ele>
        <time>2026-05-17T13:11:21Z</time>
      </trkpt>
      <trkpt lat="44.14603" lon="-73.83303">
        <ele>1182.88</ele>
        <time>2026-05-17T13:11:24Z</time>
      </trkpt>
      <trkpt lat="44.14603" lon="-73.83307">
        <ele>1183.92</ele>
        <time>2026-05-17T13:11:28Z</time>
      </trkpt>
      <trkpt lat="44.14604" lon="-73.8331">
        <ele>1184.98</ele>
        <time>2026-05-17T13:11:40Z</time>
      </trkpt>
      <trkpt lat="44.14603" lon="-73.83307">
        <ele>1183.92</ele>
        <time>2026-05-17T13:12:04Z</time>
      </trkpt>
      <trkpt lat="44.14601" lon="-73.83302">
        <ele>1181.3</ele>
        <time>2026-05-17T13:12:08Z</time>
      </trkpt>
      <trkpt lat="44.14598" lon="-73.83301">
        <ele>1179.03</ele>
        <time>2026-05-17T13:12:10Z</time>
      </trkpt>
      <trkpt lat="44.14595" lon="-73.83299">
        <ele>1176.44</ele>
        <time>2026-05-17T13:12:12Z</time>
      </trkpt>
      <trkpt lat="44.14592" lon="-73.83298">
        <ele>1174.21</ele>
        <time>2026-05-17T13:12:15Z</time>
      </trkpt>
      <trkpt lat="44.14592" lon="-73.83294">
        <ele>1172.7</ele>
        <time>2026-05-17T13:12:25Z</time>
      </trkpt>
      <trkpt lat="44.14586" lon="-73.8329">
        <ele>1168.2</ele>
        <time>2026-05-17T13:12:37Z</time>
      </trkpt>
      <trkpt lat="44.14583" lon="-73.83299">
        <ele>1169.11</ele>
        <time>2026-05-17T13:12:43Z</time>
      </trkpt>
      <trkpt lat="44.14581" lon="-73.83308">
        <ele>1168.74</ele>
        <time>2026-05-17T13:12:50Z</time>
      </trkpt>
      <trkpt lat="44.14579" lon="-73.83317">
        <ele>1167.19</ele>
        <time>2026-05-17T13:13:04Z</time>
      </trkpt>
      <trkpt lat="44.14577" lon="-73.83326">
        <ele>1163.96</ele>
        <time>2026-05-17T13:13:25Z</time>
      </trkpt>
      <trkpt lat="44.14574" lon="-73.83331">
        <ele>1160.72</ele>
        <time>2026-05-17T13:13:47Z</time>
      </trkpt>
      <trkpt lat="44.14575" lon="-73.83327">
        <ele>1162.55</ele>
        <time>2026-05-17T13:13:54Z</time>
      </trkpt>
      <trkpt lat="44.14574" lon="-73.83325">
        <ele>1162.67</ele>
        <time>2026-05-17T13:14:44Z</time>
      </trkpt>
      <trkpt lat="44.14574" lon="-73.83325">
        <ele>1162.67</ele>
        <time>2026-05-17T13:14:47Z</time>
      </trkpt>
      <trkpt lat="44.14571" lon="-73.83324">
        <ele>1161.69</ele>
        <time>2026-05-17T13:15:00Z</time>
      </trkpt>
      <trkpt lat="44.14569" lon="-73.83322">
        <ele>1161.13</ele>
        <time>2026-05-17T13:15:11Z</time>
      </trkpt>
      <trkpt lat="44.14566" lon="-73.8332">
        <ele>1160.01</ele>
        <time>2026-05-17T13:15:21Z</time>
      </trkpt>
      <trkpt lat="44.14565" lon="-73.8332">
        <ele>1159.53</ele>
        <time>2026-05-17T13:15:27Z</time>
      </trkpt>
      <trkpt lat="44.14558" lon="-73.83323">
        <ele>1155.52</ele>
        <time>2026-05-17T13:15:46Z</time>
      </trkpt>
      <trkpt lat="44.14555" lon="-73.83327">
        <ele>1152.81</ele>
        <time>2026-05-17T13:15:59Z</time>
      </trkpt>
      <trkpt lat="44.14555" lon="-73.83332">
        <ele>1151.19</ele>
        <time>2026-05-17T13:16:02Z</time>
      </trkpt>
      <trkpt lat="44.14555" lon="-73.83338">
        <ele>1149.28</ele>
        <time>2026-05-17T13:16:04Z</time>
      </trkpt>
      <trkpt lat="44.14556" lon="-73.83342">
        <ele>1148.38</ele>
        <time>2026-05-17T13:16:07Z</time>
      </trkpt>
      <trkpt lat="44.14557" lon="-73.83345">
        <ele>1148.06</ele>
        <time>2026-05-17T13:16:13Z</time>
      </trkpt>
      <trkpt lat="44.14557" lon="-73.83347">
        <ele>1147.6</ele>
        <time>2026-05-17T13:16:15Z</time>
      </trkpt>
      <trkpt lat="44.14556" lon="-73.83348">
        <ele>1147.0</ele>
        <time>2026-05-17T13:16:18Z</time>
      </trkpt>
      <trkpt lat="44.14555" lon="-73.83352">
        <ele>1145.79</ele>
        <time>2026-05-17T13:16:25Z</time>
      </trkpt>
      <trkpt lat="44.14555" lon="-73.83356">
        <ele>1144.92</ele>
        <time>2026-05-17T13:16:31Z</time>
      </trkpt>
      <trkpt lat="44.14556" lon="-73.83359">
        <ele>1144.56</ele>
        <time>2026-05-17T13:16:40Z</time>
      </trkpt>
      <trkpt lat="44.14553" lon="-73.83358">
        <ele>1143.84</ele>
        <time>2026-05-17T13:16:53Z</time>
      </trkpt>
      <trkpt lat="44.1455" lon="-73.83356">
        <ele>1143.3</ele>
        <time>2026-05-17T13:16:59Z</time>
      </trkpt>
      <trkpt lat="44.14546" lon="-73.83358">
        <ele>1141.58</ele>
        <time>2026-05-17T13:17:06Z</time>
      </trkpt>
      <trkpt lat="44.1454" lon="-73.83354">
        <ele>1140.5</ele>
        <time>2026-05-17T13:17:41Z</time>
      </trkpt>
      <trkpt lat="44.14534" lon="-73.83351">
        <ele>1138.78</ele>
        <time>2026-05-17T13:17:51Z</time>
      </trkpt>
      <trkpt lat="44.14532" lon="-73.8335">
        <ele>1138.02</ele>
        <time>2026-05-17T13:17:57Z</time>
      </trkpt>
      <trkpt lat="44.14533" lon="-73.83354">
        <ele>1137.79</ele>
        <time>2026-05-17T13:18:10Z</time>
      </trkpt>
      <trkpt lat="44.14533" lon="-73.83356">
        <ele>1137.36</ele>
        <time>2026-05-17T13:18:16Z</time>
      </trkpt>
      <trkpt lat="44.14533" lon="-73.8336">
        <ele>1136.5</ele>
        <time>2026-05-17T13:18:23Z</time>
      </trkpt>
      <trkpt lat="44.14532" lon="-73.83364">
        <ele>1135.37</ele>
        <time>2026-05-17T13:18:27Z</time>
      </trkpt>
      <trkpt lat="44.14531" lon="-73.83368">
        <ele>1134.39</ele>
        <time>2026-05-17T13:18:31Z</time>
      </trkpt>
      <trkpt lat="44.1453" lon="-73.83371">
        <ele>1133.52</ele>
        <time>2026-05-17T13:18:35Z</time>
      </trkpt>
      <trkpt lat="44.14528" lon="-73.83375">
        <ele>1131.57</ele>
        <time>2026-05-17T13:18:39Z</time>
      </trkpt>
      <trkpt lat="44.14526" lon="-73.83377">
        <ele>1130.22</ele>
        <time>2026-05-17T13:18:46Z</time>
      </trkpt>
      <trkpt lat="44.14524" lon="-73.83379">
        <ele>1128.95</ele>
        <time>2026-05-17T13:18:52Z</time>
      </trkpt>
      <trkpt lat="44.14522" lon="-73.83382">
        <ele>1127.62</ele>
        <time>2026-05-17T13:18:57Z</time>
      </trkpt>
      <trkpt lat="44.1452" lon="-73.83384">
        <ele>1126.54</ele>
        <time>2026-05-17T13:19:01Z</time>
      </trkpt>
      <trkpt lat="44.1452" lon="-73.83386">
        <ele>1126.1</ele>
        <time>2026-05-17T13:19:03Z</time>
      </trkpt>
      <trkpt lat="44.14519" lon="-73.8339">
        <ele>1124.8</ele>
        <time>2026-05-17T13:19:06Z</time>
      </trkpt>
      <trkpt lat="44.14518" lon="-73.83395">
        <ele>1122.83</ele>
        <time>2026-05-17T13:19:09Z</time>
      </trkpt>
      <trkpt lat="44.14518" lon="-73.83399">
        <ele>1121.65</ele>
        <time>2026-05-17T13:19:14Z</time>
      </trkpt>
      <trkpt lat="44.14516" lon="-73.83402">
        <ele>1120.35</ele>
        <time>2026-05-17T13:19:22Z</time>
      </trkpt>
      <trkpt lat="44.14516" lon="-73.83406">
        <ele>1119.49</ele>
        <time>2026-05-17T13:19:32Z</time>
      </trkpt>
      <trkpt lat="44.14518" lon="-73.83409">
        <ele>1119.33</ele>
        <time>2026-05-17T13:19:38Z</time>
      </trkpt>
      <trkpt lat="44.14519" lon="-73.83411">
        <ele>1118.99</ele>
        <time>2026-05-17T13:19:52Z</time>
      </trkpt>
      <trkpt lat="44.1452" lon="-73.83408">
        <ele>1120.29</ele>
        <time>2026-05-17T13:20:00Z</time>
      </trkpt>
      <trkpt lat="44.1452" lon="-73.83413">
        <ele>1118.67</ele>
        <time>2026-05-17T13:20:20Z</time>
      </trkpt>
      <trkpt lat="44.14519" lon="-73.83417">
        <ele>1117.08</ele>
        <time>2026-05-17T13:20:25Z</time>
      </trkpt>
      <trkpt lat="44.14519" lon="-73.83421">
        <ele>1116.2</ele>
        <time>2026-05-17T13:20:38Z</time>
      </trkpt>
      <trkpt lat="44.14519" lon="-73.83422">
        <ele>1115.97</ele>
        <time>2026-05-17T13:20:41Z</time>
      </trkpt>
      <trkpt lat="44.14518" lon="-73.83422">
        <ele>1115.7</ele>
        <time>2026-05-17T13:20:43Z</time>
      </trkpt>
      <trkpt lat="44.14518" lon="-73.83425">
        <ele>1115.04</ele>
        <time>2026-05-17T13:20:48Z</time>
      </trkpt>
      <trkpt lat="44.14517" lon="-73.83428">
        <ele>1113.87</ele>
        <time>2026-05-17T13:20:59Z</time>
      </trkpt>
      <trkpt lat="44.14514" lon="-73.83431">
        <ele>1112.16</ele>
        <time>2026-05-17T13:21:43Z</time>
      </trkpt>
      <trkpt lat="44.14507" lon="-73.83438">
        <ele>1108.9</ele>
        <time>2026-05-17T13:21:54Z</time>
      </trkpt>
      <trkpt lat="44.145" lon="-73.8344">
        <ele>1106.96</ele>
        <time>2026-05-17T13:21:57Z</time>
      </trkpt>
      <trkpt lat="44.14493" lon="-73.83443">
        <ele>1104.8</ele>
        <time>2026-05-17T13:22:03Z</time>
      </trkpt>
      <trkpt lat="44.14487" lon="-73.83447">
        <ele>1102.92</ele>
        <time>2026-05-17T13:22:13Z</time>
      </trkpt>
      <trkpt lat="44.14481" lon="-73.83451">
        <ele>1101.1</ele>
        <time>2026-05-17T13:22:29Z</time>
      </trkpt>
      <trkpt lat="44.1448" lon="-73.83452">
        <ele>1100.57</ele>
        <time>2026-05-17T13:22:33Z</time>
      </trkpt>
      <trkpt lat="44.14473" lon="-73.83454">
        <ele>1097.24</ele>
        <time>2026-05-17T13:22:52Z</time>
      </trkpt>
      <trkpt lat="44.14466" lon="-73.83456">
        <ele>1092.39</ele>
        <time>2026-05-17T13:23:10Z</time>
      </trkpt>
      <trkpt lat="44.14468" lon="-73.83466">
        <ele>1090.89</ele>
        <time>2026-05-17T13:23:20Z</time>
      </trkpt>
      <trkpt lat="44.14473" lon="-73.83473">
        <ele>1091.08</ele>
        <time>2026-05-17T13:23:22Z</time>
      </trkpt>
      <trkpt lat="44.14477" lon="-73.83481">
        <ele>1090.22</ele>
        <time>2026-05-17T13:23:25Z</time>
      </trkpt>
      <trkpt lat="44.14479" lon="-73.8349">
        <ele>1088.41</ele>
        <time>2026-05-17T13:23:32Z</time>
      </trkpt>
      <trkpt lat="44.14481" lon="-73.83499">
        <ele>1086.17</ele>
        <time>2026-05-17T13:23:42Z</time>
      </trkpt>
      <trkpt lat="44.14485" lon="-73.83508">
        <ele>1085.08</ele>
        <time>2026-05-17T13:23:49Z</time>
      </trkpt>
      <trkpt lat="44.14488" lon="-73.83516">
        <ele>1083.74</ele>
        <time>2026-05-17T13:23:56Z</time>
      </trkpt>
      <trkpt lat="44.14491" lon="-73.83525">
        <ele>1082.64</ele>
        <time>2026-05-17T13:24:07Z</time>
      </trkpt>
      <trkpt lat="44.14493" lon="-73.83529">
        <ele>1081.88</ele>
        <time>2026-05-17T13:24:14Z</time>
      </trkpt>
      <trkpt lat="44.14492" lon="-73.83538">
        <ele>1078.96</ele>
        <time>2026-05-17T13:24:46Z</time>
      </trkpt>
      <trkpt lat="44.14491" lon="-73.83547">
        <ele>1075.83</ele>
        <time>2026-05-17T13:25:00Z</time>
      </trkpt>
      <trkpt lat="44.14491" lon="-73.83555">
        <ele>1073.24</ele>
        <time>2026-05-17T13:25:11Z</time>
      </trkpt>
      <trkpt lat="44.14491" lon="-73.83564">
        <ele>1070.32</ele>
        <time>2026-05-17T13:25:24Z</time>
      </trkpt>
      <trkpt lat="44.14492" lon="-73.83567">
        <ele>1069.56</ele>
        <time>2026-05-17T13:25:53Z</time>
      </trkpt>
      <trkpt lat="44.14486" lon="-73.83574">
        <ele>1066.51</ele>
        <time>2026-05-17T13:26:27Z</time>
      </trkpt>
      <trkpt lat="44.14479" lon="-73.83573">
        <ele>1065.96</ele>
        <time>2026-05-17T13:26:36Z</time>
      </trkpt>
      <trkpt lat="44.14474" lon="-73.83574">
        <ele>1065.21</ele>
        <time>2026-05-17T13:26:47Z</time>
      </trkpt>
      <trkpt lat="44.14467" lon="-73.83575">
        <ele>1064.76</ele>
        <time>2026-05-17T13:27:04Z</time>
      </trkpt>
      <trkpt lat="44.14461" lon="-73.8358">
        <ele>1063.86</ele>
        <time>2026-05-17T13:27:29Z</time>
      </trkpt>
      <trkpt lat="44.14461" lon="-73.8359">
        <ele>1062.49</ele>
        <time>2026-05-17T13:27:34Z</time>
      </trkpt>
      <trkpt lat="44.14459" lon="-73.83599">
        <ele>1062.03</ele>
        <time>2026-05-17T13:27:47Z</time>
      </trkpt>
      <trkpt lat="44.14465" lon="-73.83605">
        <ele>1061.05</ele>
        <time>2026-05-17T13:27:54Z</time>
      </trkpt>
      <trkpt lat="44.14471" lon="-73.8361">
        <ele>1060.25</ele>
        <time>2026-05-17T13:27:59Z</time>
      </trkpt>
      <trkpt lat="44.14472" lon="-73.8362">
        <ele>1060.05</ele>
        <time>2026-05-17T13:28:11Z</time>
      </trkpt>
      <trkpt lat="44.14472" lon="-73.83625">
        <ele>1060.05</ele>
        <time>2026-05-17T13:28:18Z</time>
      </trkpt>
      <trkpt lat="44.14472" lon="-73.83627">
        <ele>1060.05</ele>
        <time>2026-05-17T13:28:21Z</time>
      </trkpt>
      <trkpt lat="44.14471" lon="-73.8363">
        <ele>1060.23</ele>
        <time>2026-05-17T13:28:27Z</time>
      </trkpt>
      <trkpt lat="44.1447" lon="-73.83634">
        <ele>1060.12</ele>
        <time>2026-05-17T13:28:36Z</time>
      </trkpt>
      <trkpt lat="44.14468" lon="-73.83636">
        <ele>1060.54</ele>
        <time>2026-05-17T13:28:43Z</time>
      </trkpt>
      <trkpt lat="44.14465" lon="-73.83638">
        <ele>1061.36</ele>
        <time>2026-05-17T13:28:49Z</time>
      </trkpt>
      <trkpt lat="44.14463" lon="-73.8364">
        <ele>1061.99</ele>
        <time>2026-05-17T13:28:54Z</time>
      </trkpt>
      <trkpt lat="44.14461" lon="-73.83643">
        <ele>1062.42</ele>
        <time>2026-05-17T13:28:59Z</time>
      </trkpt>
      <trkpt lat="44.14459" lon="-73.83646">
        <ele>1062.86</ele>
        <time>2026-05-17T13:29:05Z</time>
      </trkpt>
      <trkpt lat="44.14458" lon="-73.83649">
        <ele>1063.07</ele>
        <time>2026-05-17T13:29:09Z</time>
      </trkpt>
      <trkpt lat="44.14457" lon="-73.83652">
        <ele>1063.29</ele>
        <time>2026-05-17T13:29:13Z</time>
      </trkpt>
      <trkpt lat="44.14456" lon="-73.83656">
        <ele>1063.5</ele>
        <time>2026-05-17T13:29:18Z</time>
      </trkpt>
      <trkpt lat="44.14453" lon="-73.83665">
        <ele>1064.23</ele>
        <time>2026-05-17T13:29:31Z</time>
      </trkpt>
      <trkpt lat="44.14449" lon="-73.83672">
        <ele>1065.81</ele>
        <time>2026-05-17T13:29:46Z</time>
      </trkpt>
      <trkpt lat="44.14445" lon="-73.8368">
        <ele>1066.88</ele>
        <time>2026-05-17T13:30:00Z</time>
      </trkpt>
      <trkpt lat="44.14441" lon="-73.83687">
        <ele>1068.19</ele>
        <time>2026-05-17T13:30:16Z</time>
      </trkpt>
      <trkpt lat="44.14436" lon="-73.83694">
        <ele>1070.6</ele>
        <time>2026-05-17T13:30:31Z</time>
      </trkpt>
      <trkpt lat="44.14431" lon="-73.83701">
        <ele>1072.81</ele>
        <time>2026-05-17T13:30:44Z</time>
      </trkpt>
      <trkpt lat="44.14425" lon="-73.83703">
        <ele>1075.49</ele>
        <time>2026-05-17T13:30:49Z</time>
      </trkpt>
      <trkpt lat="44.14419" lon="-73.83706">
        <ele>1078.74</ele>
        <time>2026-05-17T13:30:53Z</time>
      </trkpt>
      <trkpt lat="44.14413" lon="-73.837">
        <ele>1081.18</ele>
        <time>2026-05-17T13:31:04Z</time>
      </trkpt>
      <trkpt lat="44.14406" lon="-73.83697">
        <ele>1083.88</ele>
        <time>2026-05-17T13:31:22Z</time>
      </trkpt>
      <trkpt lat="44.14401" lon="-73.83696">
        <ele>1085.94</ele>
        <time>2026-05-17T13:31:32Z</time>
      </trkpt>
      <trkpt lat="44.14398" lon="-73.83696">
        <ele>1087.23</ele>
        <time>2026-05-17T13:31:40Z</time>
      </trkpt>
      <trkpt lat="44.14392" lon="-73.83695">
        <ele>1089.72</ele>
        <time>2026-05-17T13:32:09Z</time>
      </trkpt>
      <trkpt lat="44.14388" lon="-73.83692">
        <ele>1090.79</ele>
        <time>2026-05-17T13:33:02Z</time>
      </trkpt>
      <trkpt lat="44.14382" lon="-73.83697">
        <ele>1093.51</ele>
        <time>2026-05-17T13:33:20Z</time>
      </trkpt>
      <trkpt lat="44.14378" lon="-73.83698">
        <ele>1094.98</ele>
        <time>2026-05-17T13:34:08Z</time>
      </trkpt>
      <trkpt lat="44.14376" lon="-73.83704">
        <ele>1096.63</ele>
        <time>2026-05-17T13:37:46Z</time>
      </trkpt>
      <trkpt lat="44.14373" lon="-73.83712">
        <ele>1099.66</ele>
        <time>2026-05-17T13:38:40Z</time>
      </trkpt>
      <trkpt lat="44.14367" lon="-73.83713">
        <ele>1103.19</ele>
        <time>2026-05-17T13:38:55Z</time>
      </trkpt>
      <trkpt lat="44.1436" lon="-73.83711">
        <ele>1106.75</ele>
        <time>2026-05-17T13:39:04Z</time>
      </trkpt>
      <trkpt lat="44.14359" lon="-73.83701">
        <ele>1103.2</ele>
        <time>2026-05-17T13:39:08Z</time>
      </trkpt>
      <trkpt lat="44.14356" lon="-73.83691">
        <ele>1101.26</ele>
        <time>2026-05-17T13:39:16Z</time>
      </trkpt>
      <trkpt lat="44.14351" lon="-73.83686">
        <ele>1101.64</ele>
        <time>2026-05-17T13:39:28Z</time>
      </trkpt>
      <trkpt lat="44.14344" lon="-73.83683">
        <ele>1103.28</ele>
        <time>2026-05-17T13:39:39Z</time>
      </trkpt>
      <trkpt lat="44.1434" lon="-73.8369">
        <ele>1108.07</ele>
        <time>2026-05-17T13:39:45Z</time>
      </trkpt>
      <trkpt lat="44.14338" lon="-73.83699">
        <ele>1112.95</ele>
        <time>2026-05-17T13:39:49Z</time>
      </trkpt>
      <trkpt lat="44.14335" lon="-73.83708">
        <ele>1118.14</ele>
        <time>2026-05-17T13:39:57Z</time>
      </trkpt>
      <trkpt lat="44.14333" lon="-73.83717">
        <ele>1122.92</ele>
        <time>2026-05-17T13:40:08Z</time>
      </trkpt>
      <trkpt lat="44.14332" lon="-73.83727">
        <ele>1127.34</ele>
        <time>2026-05-17T13:40:22Z</time>
      </trkpt>
      <trkpt lat="44.14333" lon="-73.83736">
        <ele>1129.68</ele>
        <time>2026-05-17T13:41:00Z</time>
      </trkpt>
      <trkpt lat="44.14339" lon="-73.83737">
        <ele>1126.36</ele>
        <time>2026-05-17T13:41:06Z</time>
      </trkpt>
      <trkpt lat="44.14333" lon="-73.83741">
        <ele>1131.27</ele>
        <time>2026-05-17T13:41:27Z</time>
      </trkpt>
      <trkpt lat="44.14326" lon="-73.83745">
        <ele>1137.04</ele>
        <time>2026-05-17T13:41:49Z</time>
      </trkpt>
      <trkpt lat="44.14322" lon="-73.83751">
        <ele>1141.03</ele>
        <time>2026-05-17T13:42:11Z</time>
      </trkpt>
      <trkpt lat="44.14321" lon="-73.8376">
        <ele>1142.82</ele>
        <time>2026-05-17T13:42:35Z</time>
      </trkpt>
      <trkpt lat="44.1432" lon="-73.83771">
        <ele>1145.59</ele>
        <time>2026-05-17T13:43:09Z</time>
      </trkpt>
      <trkpt lat="44.14319" lon="-73.83779">
        <ele>1147.49</ele>
        <time>2026-05-17T13:43:30Z</time>
      </trkpt>
      <trkpt lat="44.14318" lon="-73.83782">
        <ele>1148.69</ele>
        <time>2026-05-17T13:43:42Z</time>
      </trkpt>
      <trkpt lat="44.14316" lon="-73.83783">
        <ele>1150.29</ele>
        <time>2026-05-17T13:44:14Z</time>
      </trkpt>
      <trkpt lat="44.14315" lon="-73.83782">
        <ele>1150.78</ele>
        <time>2026-05-17T13:44:38Z</time>
      </trkpt>
      <trkpt lat="44.14313" lon="-73.83776">
        <ele>1150.99</ele>
        <time>2026-05-17T13:45:11Z</time>
      </trkpt>
      <trkpt lat="44.1431" lon="-73.83767">
        <ele>1151.14</ele>
        <time>2026-05-17T13:45:30Z</time>
      </trkpt>
      <trkpt lat="44.14306" lon="-73.83759">
        <ele>1150.65</ele>
        <time>2026-05-17T13:45:55Z</time>
      </trkpt>
      <trkpt lat="44.14301" lon="-73.83753">
        <ele>1151.9</ele>
        <time>2026-05-17T13:46:26Z</time>
      </trkpt>
      <trkpt lat="44.14299" lon="-73.83764">
        <ele>1158.35</ele>
        <time>2026-05-17T13:46:37Z</time>
      </trkpt>
      <trkpt lat="44.14298" lon="-73.83771">
        <ele>1161.25</ele>
        <time>2026-05-17T13:46:45Z</time>
      </trkpt>
      <trkpt lat="44.14296" lon="-73.8378">
        <ele>1164.72</ele>
        <time>2026-05-17T13:47:01Z</time>
      </trkpt>
      <trkpt lat="44.14292" lon="-73.83775">
        <ele>1166.51</ele>
        <time>2026-05-17T13:47:37Z</time>
      </trkpt>
      <trkpt lat="44.14287" lon="-73.83782">
        <ele>1172.86</ele>
        <time>2026-05-17T13:48:20Z</time>
      </trkpt>
      <trkpt lat="44.14287" lon="-73.83793">
        <ele>1176.96</ele>
        <time>2026-05-17T13:48:24Z</time>
      </trkpt>
      <trkpt lat="44.14286" lon="-73.83803">
        <ele>1180.87</ele>
        <time>2026-05-17T13:48:32Z</time>
      </trkpt>
      <trkpt lat="44.14285" lon="-73.83812">
        <ele>1183.02</ele>
        <time>2026-05-17T13:48:44Z</time>
      </trkpt>
      <trkpt lat="44.14285" lon="-73.83822">
        <ele>1184.27</ele>
        <time>2026-05-17T13:48:55Z</time>
      </trkpt>
      <trkpt lat="44.14284" lon="-73.83832">
        <ele>1186.15</ele>
        <time>2026-05-17T13:49:05Z</time>
      </trkpt>
      <trkpt lat="44.14283" lon="-73.83842">
        <ele>1187.46</ele>
        <time>2026-05-17T13:49:21Z</time>
      </trkpt>
      <trkpt lat="44.14288" lon="-73.83848">
        <ele>1183.44</ele>
        <time>2026-05-17T13:49:31Z</time>
      </trkpt>
      <trkpt lat="44.14289" lon="-73.83844">
        <ele>1181.82</ele>
        <time>2026-05-17T13:49:42Z</time>
      </trkpt>
      <trkpt lat="44.14287" lon="-73.83845">
        <ele>1184.29</ele>
        <time>2026-05-17T13:50:06Z</time>
      </trkpt>
      <trkpt lat="44.14286" lon="-73.83848">
        <ele>1185.41</ele>
        <time>2026-05-17T13:50:32Z</time>
      </trkpt>
      <trkpt lat="44.14285" lon="-73.83852">
        <ele>1186.54</ele>
        <time>2026-05-17T13:50:44Z</time>
      </trkpt>
      <trkpt lat="44.14283" lon="-73.8385">
        <ele>1187.94</ele>
        <time>2026-05-17T13:50:54Z</time>
      </trkpt>
      <trkpt lat="44.14283" lon="-73.83846">
        <ele>1187.7</ele>
        <time>2026-05-17T13:50:56Z</time>
      </trkpt>
      <trkpt lat="44.14284" lon="-73.83837">
        <ele>1186.43</ele>
        <time>2026-05-17T13:51:20Z</time>
      </trkpt>
      <trkpt lat="44.14283" lon="-73.83828">
        <ele>1186.48</ele>
        <time>2026-05-17T13:51:44Z</time>
      </trkpt>
      <trkpt lat="44.14281" lon="-73.8382">
        <ele>1186.84</ele>
        <time>2026-05-17T13:51:58Z</time>
      </trkpt>
      <trkpt lat="44.14277" lon="-73.83811">
        <ele>1188.14</ele>
        <time>2026-05-17T13:52:20Z</time>
      </trkpt>
      <trkpt lat="44.14272" lon="-73.83805">
        <ele>1190.62</ele>
        <time>2026-05-17T13:52:47Z</time>
      </trkpt>
      <trkpt lat="44.14268" lon="-73.83813">
        <ele>1194.94</ele>
        <time>2026-05-17T13:53:06Z</time>
      </trkpt>
      <trkpt lat="44.14266" lon="-73.83821">
        <ele>1197.3</ele>
        <time>2026-05-17T13:53:14Z</time>
      </trkpt>
      <trkpt lat="44.14262" lon="-73.83827">
        <ele>1200.54</ele>
        <time>2026-05-17T13:53:36Z</time>
      </trkpt>
      <trkpt lat="44.14257" lon="-73.83833">
        <ele>1204.18</ele>
        <time>2026-05-17T13:54:08Z</time>
      </trkpt>
      <trkpt lat="44.14252" lon="-73.83838">
        <ele>1207.32</ele>
        <time>2026-05-17T13:54:44Z</time>
      </trkpt>
      <trkpt lat="44.14248" lon="-73.83846">
        <ele>1210.08</ele>
        <time>2026-05-17T13:55:18Z</time>
      </trkpt>
      <trkpt lat="44.14246" lon="-73.8385">
        <ele>1211.16</ele>
        <time>2026-05-17T13:55:32Z</time>
      </trkpt>
      <trkpt lat="44.14244" lon="-73.83853">
        <ele>1212.24</ele>
        <time>2026-05-17T13:55:49Z</time>
      </trkpt>
      <trkpt lat="44.14243" lon="-73.8385">
        <ele>1212.78</ele>
        <time>2026-05-17T13:55:54Z</time>
      </trkpt>
      <trkpt lat="44.14241" lon="-73.83848">
        <ele>1213.86</ele>
        <time>2026-05-17T13:56:15Z</time>
      </trkpt>
      <trkpt lat="44.1424" lon="-73.83844">
        <ele>1214.33</ele>
        <time>2026-05-17T13:56:24Z</time>
      </trkpt>
      <trkpt lat="44.1424" lon="-73.8384">
        <ele>1214.06</ele>
        <time>2026-05-17T13:56:30Z</time>
      </trkpt>
      <trkpt lat="44.14239" lon="-73.83836">
        <ele>1214.17</ele>
        <time>2026-05-17T13:56:36Z</time>
      </trkpt>
      <trkpt lat="44.14239" lon="-73.83833">
        <ele>1213.9</ele>
        <time>2026-05-17T13:56:41Z</time>
      </trkpt>
      <trkpt lat="44.14238" lon="-73.83827">
        <ele>1213.8</ele>
        <time>2026-05-17T13:56:45Z</time>
      </trkpt>
      <trkpt lat="44.14238" lon="-73.83822">
        <ele>1213.26</ele>
        <time>2026-05-17T13:56:48Z</time>
      </trkpt>
      <trkpt lat="44.1424" lon="-73.83818">
        <ele>1211.74</ele>
        <time>2026-05-17T13:56:51Z</time>
      </trkpt>
      <trkpt lat="44.1424" lon="-73.83815">
        <ele>1211.42</ele>
        <time>2026-05-17T13:56:57Z</time>
      </trkpt>
      <trkpt lat="44.14238" lon="-73.83813">
        <ele>1212.23</ele>
        <time>2026-05-17T13:57:12Z</time>
      </trkpt>
      <trkpt lat="44.14236" lon="-73.83811">
        <ele>1212.94</ele>
        <time>2026-05-17T13:57:16Z</time>
      </trkpt>
      <trkpt lat="44.14234" lon="-73.83809">
        <ele>1213.55</ele>
        <time>2026-05-17T13:57:21Z</time>
      </trkpt>
      <trkpt lat="44.14232" lon="-73.83805">
        <ele>1213.71</ele>
        <time>2026-05-17T13:57:28Z</time>
      </trkpt>
      <trkpt lat="44.14229" lon="-73.83804">
        <ele>1215.13</ele>
        <time>2026-05-17T13:57:36Z</time>
      </trkpt>
      <trkpt lat="44.14228" lon="-73.83807">
        <ele>1216.19</ele>
        <time>2026-05-17T13:57:46Z</time>
      </trkpt>
      <trkpt lat="44.14228" lon="-73.83812">
        <ele>1217.27</ele>
        <time>2026-05-17T13:57:52Z</time>
      </trkpt>
      <trkpt lat="44.14226" lon="-73.83816">
        <ele>1219.09</ele>
        <time>2026-05-17T13:58:23Z</time>
      </trkpt>
      <trkpt lat="44.14224" lon="-73.83818">
        <ele>1220.38</ele>
        <time>2026-05-17T13:58:46Z</time>
      </trkpt>
      <trkpt lat="44.14221" lon="-73.83818">
        <ele>1222.05</ele>
        <time>2026-05-17T13:58:55Z</time>
      </trkpt>
      <trkpt lat="44.14217" lon="-73.83819">
        <ele>1224.53</ele>
        <time>2026-05-17T13:59:01Z</time>
      </trkpt>
      <trkpt lat="44.14213" lon="-73.83819">
        <ele>1226.88</ele>
        <time>2026-05-17T13:59:09Z</time>
      </trkpt>
      <trkpt lat="44.14211" lon="-73.83819">
        <ele>1228.08</ele>
        <time>2026-05-17T13:59:14Z</time>
      </trkpt>
      <trkpt lat="44.1421" lon="-73.83819">
        <ele>1228.68</ele>
        <time>2026-05-17T13:59:17Z</time>
      </trkpt>
      <trkpt lat="44.14207" lon="-73.83818">
        <ele>1230.33</ele>
        <time>2026-05-17T13:59:24Z</time>
      </trkpt>
      <trkpt lat="44.142" lon="-73.83816">
        <ele>1233.38</ele>
        <time>2026-05-17T13:59:40Z</time>
      </trkpt>
      <trkpt lat="44.14193" lon="-73.83817">
        <ele>1236.06</ele>
        <time>2026-05-17T14:00:18Z</time>
      </trkpt>
      <trkpt lat="44.14187" lon="-73.8382">
        <ele>1238.89</ele>
        <time>2026-05-17T14:00:30Z</time>
      </trkpt>
      <trkpt lat="44.14185" lon="-73.83826">
        <ele>1240.4</ele>
        <time>2026-05-17T14:00:33Z</time>
      </trkpt>
      <trkpt lat="44.14184" lon="-73.83831">
        <ele>1241.37</ele>
        <time>2026-05-17T14:00:35Z</time>
      </trkpt>
      <trkpt lat="44.14185" lon="-73.83827">
        <ele>1240.61</ele>
        <time>2026-05-17T14:00:52Z</time>
      </trkpt>
      <trkpt lat="44.14187" lon="-73.83824">
        <ele>1239.4</ele>
        <time>2026-05-17T14:00:59Z</time>
      </trkpt>
      <trkpt lat="44.14186" lon="-73.83828">
        <ele>1240.55</ele>
        <time>2026-05-17T14:01:08Z</time>
      </trkpt>
      <trkpt lat="44.14185" lon="-73.83831">
        <ele>1241.48</ele>
        <time>2026-05-17T14:01:12Z</time>
      </trkpt>
      <trkpt lat="44.14184" lon="-73.83835">
        <ele>1241.87</ele>
        <time>2026-05-17T14:01:16Z</time>
      </trkpt>
      <trkpt lat="44.14184" lon="-73.8384">
        <ele>1241.87</ele>
        <time>2026-05-17T14:01:21Z</time>
      </trkpt>
      <trkpt lat="44.14183" lon="-73.83844">
        <ele>1241.92</ele>
        <time>2026-05-17T14:01:26Z</time>
      </trkpt>
      <trkpt lat="44.14183" lon="-73.83848">
        <ele>1242.35</ele>
        <time>2026-05-17T14:01:31Z</time>
      </trkpt>
      <trkpt lat="44.14182" lon="-73.83853">
        <ele>1242.7</ele>
        <time>2026-05-17T14:01:36Z</time>
      </trkpt>
      <trkpt lat="44.14182" lon="-73.83857">
        <ele>1242.85</ele>
        <time>2026-05-17T14:01:41Z</time>
      </trkpt>
      <trkpt lat="44.14182" lon="-73.83861">
        <ele>1243.0</ele>
        <time>2026-05-17T14:01:46Z</time>
      </trkpt>
      <trkpt lat="44.14181" lon="-73.83865">
        <ele>1243.0</ele>
        <time>2026-05-17T14:01:50Z</time>
      </trkpt>
      <trkpt lat="44.14181" lon="-73.83869">
        <ele>1243.0</ele>
        <time>2026-05-17T14:01:54Z</time>
      </trkpt>
      <trkpt lat="44.1418" lon="-73.83873">
        <ele>1243.12</ele>
        <time>2026-05-17T14:01:59Z</time>
      </trkpt>
      <trkpt lat="44.14179" lon="-73.83877">
        <ele>1243.24</ele>
        <time>2026-05-17T14:02:04Z</time>
      </trkpt>
      <trkpt lat="44.14179" lon="-73.83882">
        <ele>1243.16</ele>
        <time>2026-05-17T14:02:09Z</time>
      </trkpt>
      <trkpt lat="44.1418" lon="-73.83892">
        <ele>1242.69</ele>
        <time>2026-05-17T14:02:20Z</time>
      </trkpt>
      <trkpt lat="44.1418" lon="-73.8391">
        <ele>1241.72</ele>
        <time>2026-05-17T14:02:42Z</time>
      </trkpt>
      <trkpt lat="44.14182" lon="-73.83899">
        <ele>1242.91</ele>
        <time>2026-05-17T14:02:48Z</time>
      </trkpt>
      <trkpt lat="44.14186" lon="-73.83907">
        <ele>1242.95</ele>
        <time>2026-05-17T14:03:05Z</time>
      </trkpt>
      <trkpt lat="44.14187" lon="-73.83917">
        <ele>1242.77</ele>
        <time>2026-05-17T14:03:13Z</time>
      </trkpt>
      <trkpt lat="44.14188" lon="-73.83926">
        <ele>1241.69</ele>
        <time>2026-05-17T14:03:22Z</time>
      </trkpt>
      <trkpt lat="44.14187" lon="-73.83936">
        <ele>1240.43</ele>
        <time>2026-05-17T14:03:34Z</time>
      </trkpt>
      <trkpt lat="44.14186" lon="-73.83946">
        <ele>1238.49</ele>
        <time>2026-05-17T14:03:48Z</time>
      </trkpt>
      <trkpt lat="44.1418" lon="-73.83953">
        <ele>1237.11</ele>
        <time>2026-05-17T14:03:57Z</time>
      </trkpt>
      <trkpt lat="44.14173" lon="-73.83955">
        <ele>1236.1</ele>
        <time>2026-05-17T14:04:01Z</time>
      </trkpt>
      <trkpt lat="44.14169" lon="-73.83958">
        <ele>1235.1</ele>
        <time>2026-05-17T14:04:05Z</time>
      </trkpt>
      <trkpt lat="44.14171" lon="-73.83957">
        <ele>1235.59</ele>
        <time>2026-05-17T14:04:15Z</time>
      </trkpt>
      <trkpt lat="44.1417" lon="-73.83961">
        <ele>1235.58</ele>
        <time>2026-05-17T14:04:25Z</time>
      </trkpt>
      <trkpt lat="44.1417" lon="-73.83966">
        <ele>1235.72</ele>
        <time>2026-05-17T14:04:30Z</time>
      </trkpt>
      <trkpt lat="44.1417" lon="-73.83971">
        <ele>1235.72</ele>
        <time>2026-05-17T14:04:33Z</time>
      </trkpt>
      <trkpt lat="44.14169" lon="-73.83976">
        <ele>1235.4</ele>
        <time>2026-05-17T14:04:36Z</time>
      </trkpt>
      <trkpt lat="44.14169" lon="-73.83979">
        <ele>1235.32</ele>
        <time>2026-05-17T14:04:39Z</time>
      </trkpt>
      <trkpt lat="44.14168" lon="-73.83984">
        <ele>1235.1</ele>
        <time>2026-05-17T14:04:43Z</time>
      </trkpt>
      <trkpt lat="44.14167" lon="-73.8399">
        <ele>1235.0</ele>
        <time>2026-05-17T14:04:50Z</time>
      </trkpt>
      <trkpt lat="44.14166" lon="-73.83994">
        <ele>1234.31</ele>
        <time>2026-05-17T14:04:55Z</time>
      </trkpt>
      <trkpt lat="44.14165" lon="-73.84005">
        <ele>1232.74</ele>
        <time>2026-05-17T14:05:08Z</time>
      </trkpt>
      <trkpt lat="44.14164" lon="-73.84007">
        <ele>1232.09</ele>
        <time>2026-05-17T14:05:11Z</time>
      </trkpt>
      <trkpt lat="44.14163" lon="-73.84011">
        <ele>1231.11</ele>
        <time>2026-05-17T14:05:16Z</time>
      </trkpt>
      <trkpt lat="44.14163" lon="-73.84015">
        <ele>1230.42</ele>
        <time>2026-05-17T14:05:21Z</time>
      </trkpt>
      <trkpt lat="44.14162" lon="-73.84019">
        <ele>1229.41</ele>
        <time>2026-05-17T14:05:26Z</time>
      </trkpt>
      <trkpt lat="44.14162" lon="-73.84023">
        <ele>1228.76</ele>
        <time>2026-05-17T14:05:31Z</time>
      </trkpt>
      <trkpt lat="44.1416" lon="-73.8402">
        <ele>1228.64</ele>
        <time>2026-05-17T14:05:43Z</time>
      </trkpt>
      <trkpt lat="44.1416" lon="-73.8402">
        <ele>1228.64</ele>
        <time>2026-05-17T14:06:22Z</time>
      </trkpt>
      <trkpt lat="44.14157" lon="-73.84024">
        <ele>1227.17</ele>
        <time>2026-05-17T14:06:39Z</time>
      </trkpt>
      <trkpt lat="44.14156" lon="-73.84028">
        <ele>1226.2</ele>
        <time>2026-05-17T14:06:42Z</time>
      </trkpt>
      <trkpt lat="44.14156" lon="-73.84032">
        <ele>1225.47</ele>
        <time>2026-05-17T14:06:47Z</time>
      </trkpt>
      <trkpt lat="44.14155" lon="-73.84038">
        <ele>1224.14</ele>
        <time>2026-05-17T14:06:55Z</time>
      </trkpt>
      <trkpt lat="44.14155" lon="-73.84044">
        <ele>1223.66</ele>
        <time>2026-05-17T14:07:02Z</time>
      </trkpt>
      <trkpt lat="44.14155" lon="-73.84049">
        <ele>1223.26</ele>
        <time>2026-05-17T14:07:07Z</time>
      </trkpt>
      <trkpt lat="44.14155" lon="-73.84053">
        <ele>1222.94</ele>
        <time>2026-05-17T14:07:12Z</time>
      </trkpt>
      <trkpt lat="44.14155" lon="-73.84056">
        <ele>1222.66</ele>
        <time>2026-05-17T14:07:20Z</time>
      </trkpt>
      <trkpt lat="44.14156" lon="-73.84058">
        <ele>1222.36</ele>
        <time>2026-05-17T14:07:24Z</time>
      </trkpt>
      <trkpt lat="44.14157" lon="-73.84061">
        <ele>1221.81</ele>
        <time>2026-05-17T14:07:29Z</time>
      </trkpt>
      <trkpt lat="44.14156" lon="-73.84065">
        <ele>1220.96</ele>
        <time>2026-05-17T14:07:40Z</time>
      </trkpt>
      <trkpt lat="44.14156" lon="-73.84069">
        <ele>1220.16</ele>
        <time>2026-05-17T14:07:47Z</time>
      </trkpt>
      <trkpt lat="44.14156" lon="-73.84073">
        <ele>1219.37</ele>
        <time>2026-05-17T14:08:02Z</time>
      </trkpt>
      <trkpt lat="44.1416" lon="-73.84075">
        <ele>1217.51</ele>
        <time>2026-05-17T14:09:59Z</time>
      </trkpt>
      <trkpt lat="44.14162" lon="-73.84085">
        <ele>1213.06</ele>
        <time>2026-05-17T14:10:18Z</time>
      </trkpt>
      <trkpt lat="44.14162" lon="-73.84095">
        <ele>1210.49</ele>
        <time>2026-05-17T14:10:21Z</time>
      </trkpt>
      <trkpt lat="44.14157" lon="-73.84104">
        <ele>1209.89</ele>
        <time>2026-05-17T14:10:31Z</time>
      </trkpt>
      <trkpt lat="44.14148" lon="-73.84105">
        <ele>1212.34</ele>
        <time>2026-05-17T14:10:34Z</time>
      </trkpt>
      <trkpt lat="44.14142" lon="-73.84109">
        <ele>1212.63</ele>
        <time>2026-05-17T14:10:41Z</time>
      </trkpt>
      <trkpt lat="44.14137" lon="-73.84113">
        <ele>1212.63</ele>
        <time>2026-05-17T14:10:48Z</time>
      </trkpt>
      <trkpt lat="44.14132" lon="-73.84121">
        <ele>1211.93</ele>
        <time>2026-05-17T14:10:56Z</time>
      </trkpt>
      <trkpt lat="44.14128" lon="-73.8413">
        <ele>1210.65</ele>
        <time>2026-05-17T14:11:04Z</time>
      </trkpt>
      <trkpt lat="44.14126" lon="-73.84139">
        <ele>1210.21</ele>
        <time>2026-05-17T14:11:12Z</time>
      </trkpt>
      <trkpt lat="44.14123" lon="-73.84148">
        <ele>1209.29</ele>
        <time>2026-05-17T14:11:20Z</time>
      </trkpt>
      <trkpt lat="44.14122" lon="-73.84158">
        <ele>1208.92</ele>
        <time>2026-05-17T14:11:28Z</time>
      </trkpt>
      <trkpt lat="44.14119" lon="-73.84167">
        <ele>1207.82</ele>
        <time>2026-05-17T14:11:37Z</time>
      </trkpt>
      <trkpt lat="44.14117" lon="-73.84177">
        <ele>1207.0</ele>
        <time>2026-05-17T14:11:46Z</time>
      </trkpt>
      <trkpt lat="44.14115" lon="-73.84187">
        <ele>1206.8</ele>
        <time>2026-05-17T14:11:56Z</time>
      </trkpt>
      <trkpt lat="44.14112" lon="-73.84195">
        <ele>1206.0</ele>
        <time>2026-05-17T14:12:22Z</time>
      </trkpt>
      <trkpt lat="44.14118" lon="-73.84201">
        <ele>1206.0</ele>
        <time>2026-05-17T14:12:28Z</time>
      </trkpt>
      <trkpt lat="44.14122" lon="-73.8421">
        <ele>1205.09</ele>
        <time>2026-05-17T14:12:36Z</time>
      </trkpt>
      <trkpt lat="44.1412" lon="-73.8422">
        <ele>1205.04</ele>
        <time>2026-05-17T14:12:44Z</time>
      </trkpt>
      <trkpt lat="44.14119" lon="-73.8423">
        <ele>1205.15</ele>
        <time>2026-05-17T14:12:52Z</time>
      </trkpt>
      <trkpt lat="44.1412" lon="-73.84239">
        <ele>1204.26</ele>
        <time>2026-05-17T14:13:00Z</time>
      </trkpt>
      <trkpt lat="44.1412" lon="-73.84249">
        <ele>1204.04</ele>
        <time>2026-05-17T14:13:08Z</time>
      </trkpt>
      <trkpt lat="44.1412" lon="-73.84258">
        <ele>1203.21</ele>
        <time>2026-05-17T14:13:16Z</time>
      </trkpt>
      <trkpt lat="44.14121" lon="-73.84269">
        <ele>1202.91</ele>
        <time>2026-05-17T14:13:25Z</time>
      </trkpt>
      <trkpt lat="44.1412" lon="-73.84278">
        <ele>1204.1</ele>
        <time>2026-05-17T14:13:34Z</time>
      </trkpt>
      <trkpt lat="44.14116" lon="-73.84282">
        <ele>1205.4</ele>
        <time>2026-05-17T14:13:40Z</time>
      </trkpt>
      <trkpt lat="44.14113" lon="-73.84281">
        <ele>1205.94</ele>
        <time>2026-05-17T14:13:45Z</time>
      </trkpt>
      <trkpt lat="44.14112" lon="-73.84283">
        <ele>1206.37</ele>
        <time>2026-05-17T14:14:13Z</time>
      </trkpt>
      <trkpt lat="44.14114" lon="-73.84287">
        <ele>1206.37</ele>
        <time>2026-05-17T14:14:19Z</time>
      </trkpt>
      <trkpt lat="44.14116" lon="-73.84289">
        <ele>1206.16</ele>
        <time>2026-05-17T14:14:23Z</time>
      </trkpt>
      <trkpt lat="44.14114" lon="-73.8429">
        <ele>1206.7</ele>
        <time>2026-05-17T14:14:35Z</time>
      </trkpt>
      <trkpt lat="44.14113" lon="-73.84294">
        <ele>1207.34</ele>
        <time>2026-05-17T14:14:38Z</time>
      </trkpt>
      <trkpt lat="44.14113" lon="-73.84299">
        <ele>1207.65</ele>
        <time>2026-05-17T14:14:40Z</time>
      </trkpt>
      <trkpt lat="44.14112" lon="-73.84303">
        <ele>1207.88</ele>
        <time>2026-05-17T14:14:42Z</time>
      </trkpt>
      <trkpt lat="44.14112" lon="-73.84308">
        <ele>1208.17</ele>
        <time>2026-05-17T14:14:45Z</time>
      </trkpt>
      <trkpt lat="44.14112" lon="-73.84312">
        <ele>1208.6</ele>
        <time>2026-05-17T14:14:48Z</time>
      </trkpt>
      <trkpt lat="44.1411" lon="-73.84315">
        <ele>1208.78</ele>
        <time>2026-05-17T14:14:52Z</time>
      </trkpt>
      <trkpt lat="44.14109" lon="-73.84318">
        <ele>1208.89</ele>
        <time>2026-05-17T14:14:55Z</time>
      </trkpt>
      <trkpt lat="44.14109" lon="-73.84321">
        <ele>1209.21</ele>
        <time>2026-05-17T14:14:57Z</time>
      </trkpt>
      <trkpt lat="44.14109" lon="-73.84324">
        <ele>1209.54</ele>
        <time>2026-05-17T14:15:00Z</time>
      </trkpt>
      <trkpt lat="44.14108" lon="-73.84328">
        <ele>1210.88</ele>
        <time>2026-05-17T14:15:04Z</time>
      </trkpt>
      <trkpt lat="44.14107" lon="-73.84331">
        <ele>1211.77</ele>
        <time>2026-05-17T14:15:09Z</time>
      </trkpt>
      <trkpt lat="44.14101" lon="-73.84336">
        <ele>1211.73</ele>
        <time>2026-05-17T14:15:26Z</time>
      </trkpt>
      <trkpt lat="44.14097" lon="-73.84345">
        <ele>1213.02</ele>
        <time>2026-05-17T14:15:45Z</time>
      </trkpt>
      <trkpt lat="44.141" lon="-73.84354">
        <ele>1220.04</ele>
        <time>2026-05-17T14:15:59Z</time>
      </trkpt>
      <trkpt lat="44.14107" lon="-73.84357">
        <ele>1224.39</ele>
        <time>2026-05-17T14:16:04Z</time>
      </trkpt>
      <trkpt lat="44.14111" lon="-73.84364">
        <ele>1227.93</ele>
        <time>2026-05-17T14:16:17Z</time>
      </trkpt>
      <trkpt lat="44.14111" lon="-73.84358">
        <ele>1225.64</ele>
        <time>2026-05-17T14:16:25Z</time>
      </trkpt>
      <trkpt lat="44.14108" lon="-73.84357">
        <ele>1224.59</ele>
        <time>2026-05-17T14:16:34Z</time>
      </trkpt>
      <trkpt lat="44.14106" lon="-73.84357">
        <ele>1224.18</ele>
        <time>2026-05-17T14:16:39Z</time>
      </trkpt>
      <trkpt lat="44.14104" lon="-73.84361">
        <ele>1226.17</ele>
        <time>2026-05-17T14:16:48Z</time>
      </trkpt>
      <trkpt lat="44.14104" lon="-73.84364">
        <ele>1227.65</ele>
        <time>2026-05-17T14:16:51Z</time>
      </trkpt>
      <trkpt lat="44.14104" lon="-73.84368">
        <ele>1229.61</ele>
        <time>2026-05-17T14:16:55Z</time>
      </trkpt>
      <trkpt lat="44.14108" lon="-73.84368">
        <ele>1229.4</ele>
        <time>2026-05-17T14:17:00Z</time>
      </trkpt>
      <trkpt lat="44.14111" lon="-73.84367">
        <ele>1228.91</ele>
        <time>2026-05-17T14:17:08Z</time>
      </trkpt>
      <trkpt lat="44.14115" lon="-73.84369">
        <ele>1228.36</ele>
        <time>2026-05-17T14:17:19Z</time>
      </trkpt>
      <trkpt lat="44.14115" lon="-73.84368">
        <ele>1228.08</ele>
        <time>2026-05-17T14:17:25Z</time>
      </trkpt>
      <trkpt lat="44.14112" lon="-73.84368">
        <ele>1228.97</ele>
        <time>2026-05-17T14:17:39Z</time>
      </trkpt>
      <trkpt lat="44.14109" lon="-73.8437">
        <ele>1230.09</ele>
        <time>2026-05-17T14:18:01Z</time>
      </trkpt>
      <trkpt lat="44.14106" lon="-73.84371">
        <ele>1230.79</ele>
        <time>2026-05-17T14:18:06Z</time>
      </trkpt>
      <trkpt lat="44.14103" lon="-73.84372">
        <ele>1231.56</ele>
        <time>2026-05-17T14:18:10Z</time>
      </trkpt>
      <trkpt lat="44.14101" lon="-73.84372">
        <ele>1231.54</ele>
        <time>2026-05-17T14:18:12Z</time>
      </trkpt>
      <trkpt lat="44.14101" lon="-73.84373">
        <ele>1231.98</ele>
        <time>2026-05-17T14:18:14Z</time>
      </trkpt>
      <trkpt lat="44.14098" lon="-73.84374">
        <ele>1231.9</ele>
        <time>2026-05-17T14:18:21Z</time>
      </trkpt>
      <trkpt lat="44.14098" lon="-73.84378">
        <ele>1233.81</ele>
        <time>2026-05-17T14:18:40Z</time>
      </trkpt>
      <trkpt lat="44.14098" lon="-73.84382">
        <ele>1235.46</ele>
        <time>2026-05-17T14:18:43Z</time>
      </trkpt>
      <trkpt lat="44.14099" lon="-73.84387">
        <ele>1237.33</ele>
        <time>2026-05-17T14:18:46Z</time>
      </trkpt>
      <trkpt lat="44.14099" lon="-73.84391">
        <ele>1238.91</ele>
        <time>2026-05-17T14:18:50Z</time>
      </trkpt>
      <trkpt lat="44.14103" lon="-73.84394">
        <ele>1239.89</ele>
        <time>2026-05-17T14:19:16Z</time>
      </trkpt>
      <trkpt lat="44.14101" lon="-73.84394">
        <ele>1240.21</ele>
        <time>2026-05-17T14:19:41Z</time>
      </trkpt>
      <trkpt lat="44.14099" lon="-73.84398">
        <ele>1241.94</ele>
        <time>2026-05-17T14:19:55Z</time>
      </trkpt>
      <trkpt lat="44.14099" lon="-73.844">
        <ele>1242.46</ele>
        <time>2026-05-17T14:20:08Z</time>
      </trkpt>
      <trkpt lat="44.14099" lon="-73.84404">
        <ele>1243.46</ele>
        <time>2026-05-17T14:20:18Z</time>
      </trkpt>
      <trkpt lat="44.14098" lon="-73.84408">
        <ele>1244.6</ele>
        <time>2026-05-17T14:20:22Z</time>
      </trkpt>
      <trkpt lat="44.14098" lon="-73.84412">
        <ele>1245.82</ele>
        <time>2026-05-17T14:20:26Z</time>
      </trkpt>
      <trkpt lat="44.14098" lon="-73.84416">
        <ele>1247.04</ele>
        <time>2026-05-17T14:20:31Z</time>
      </trkpt>
      <trkpt lat="44.14095" lon="-73.84416">
        <ele>1247.97</ele>
        <time>2026-05-17T14:20:37Z</time>
      </trkpt>
      <trkpt lat="44.14093" lon="-73.84418">
        <ele>1249.16</ele>
        <time>2026-05-17T14:20:42Z</time>
      </trkpt>
      <trkpt lat="44.14091" lon="-73.84421">
        <ele>1250.02</ele>
        <time>2026-05-17T14:20:47Z</time>
      </trkpt>
      <trkpt lat="44.1409" lon="-73.84423">
        <ele>1250.56</ele>
        <time>2026-05-17T14:20:50Z</time>
      </trkpt>
      <trkpt lat="44.14089" lon="-73.84425">
        <ele>1251.15</ele>
        <time>2026-05-17T14:20:54Z</time>
      </trkpt>
      <trkpt lat="44.14088" lon="-73.84429">
        <ele>1251.83</ele>
        <time>2026-05-17T14:21:00Z</time>
      </trkpt>
      <trkpt lat="44.14087" lon="-73.84432">
        <ele>1252.26</ele>
        <time>2026-05-17T14:21:06Z</time>
      </trkpt>
      <trkpt lat="44.14086" lon="-73.84436">
        <ele>1252.77</ele>
        <time>2026-05-17T14:21:14Z</time>
      </trkpt>
      <trkpt lat="44.14084" lon="-73.84439">
        <ele>1253.31</ele>
        <time>2026-05-17T14:21:21Z</time>
      </trkpt>
      <trkpt lat="44.14083" lon="-73.84442">
        <ele>1253.77</ele>
        <time>2026-05-17T14:21:26Z</time>
      </trkpt>
      <trkpt lat="44.14081" lon="-73.84446">
        <ele>1254.42</ele>
        <time>2026-05-17T14:21:31Z</time>
      </trkpt>
      <trkpt lat="44.14079" lon="-73.84449">
        <ele>1254.96</ele>
        <time>2026-05-17T14:21:35Z</time>
      </trkpt>
      <trkpt lat="44.14072" lon="-73.84455">
        <ele>1256.14</ele>
        <time>2026-05-17T14:22:01Z</time>
      </trkpt>
      <trkpt lat="44.14071" lon="-73.84465">
        <ele>1257.29</ele>
        <time>2026-05-17T14:22:18Z</time>
      </trkpt>
      <trkpt lat="44.14067" lon="-73.84474">
        <ele>1259.15</ele>
        <time>2026-05-17T14:22:34Z</time>
      </trkpt>
      <trkpt lat="44.14062" lon="-73.8448">
        <ele>1260.63</ele>
        <time>2026-05-17T14:22:50Z</time>
      </trkpt>
      <trkpt lat="44.14058" lon="-73.84491">
        <ele>1263.82</ele>
        <time>2026-05-17T14:23:05Z</time>
      </trkpt>
      <trkpt lat="44.14052" lon="-73.84498">
        <ele>1266.27</ele>
        <time>2026-05-17T14:23:20Z</time>
      </trkpt>
      <trkpt lat="44.14046" lon="-73.84504">
        <ele>1269.13</ele>
        <time>2026-05-17T14:23:36Z</time>
      </trkpt>
      <trkpt lat="44.14034" lon="-73.84509">
        <ele>1270.21</ele>
        <time>2026-05-17T14:23:51Z</time>
      </trkpt>
      <trkpt lat="44.14025" lon="-73.8451">
        <ele>1268.34</ele>
        <time>2026-05-17T14:23:54Z</time>
      </trkpt>
      <trkpt lat="44.14019" lon="-73.84513">
        <ele>1267.37</ele>
        <time>2026-05-17T14:24:00Z</time>
      </trkpt>
      <trkpt lat="44.14019" lon="-73.84523">
        <ele>1269.64</ele>
        <time>2026-05-17T14:24:22Z</time>
      </trkpt>
      <trkpt lat="44.14027" lon="-73.84526">
        <ele>1272.56</ele>
        <time>2026-05-17T14:24:30Z</time>
      </trkpt>
      <trkpt lat="44.14033" lon="-73.84529">
        <ele>1275.26</ele>
        <time>2026-05-17T14:24:36Z</time>
      </trkpt>
      <trkpt lat="44.14036" lon="-73.84535">
        <ele>1276.55</ele>
        <time>2026-05-17T14:24:53Z</time>
      </trkpt>
      <trkpt lat="44.14038" lon="-73.84531">
        <ele>1277.42</ele>
        <time>2026-05-17T14:25:02Z</time>
      </trkpt>
      <trkpt lat="44.1404" lon="-73.84527">
        <ele>1278.06</ele>
        <time>2026-05-17T14:25:09Z</time>
      </trkpt>
      <trkpt lat="44.14041" lon="-73.84524">
        <ele>1277.55</ele>
        <time>2026-05-17T14:25:18Z</time>
      </trkpt>
      <trkpt lat="44.14039" lon="-73.84521">
        <ele>1276.07</ele>
        <time>2026-05-17T14:25:26Z</time>
      </trkpt>
      <trkpt lat="44.14038" lon="-73.84522">
        <ele>1276.04</ele>
        <time>2026-05-17T14:30:25Z</time>
      </trkpt>
      <trkpt lat="44.14037" lon="-73.84522">
        <ele>1275.74</ele>
        <time>2026-05-17T14:35:37Z</time>
      </trkpt>
      <trkpt lat="44.14037" lon="-73.84522">
        <ele>1275.74</ele>
        <time>2026-05-17T14:35:42Z</time>
      </trkpt>
      <trkpt lat="44.14034" lon="-73.84522">
        <ele>1274.64</ele>
        <time>2026-05-17T14:35:45Z</time>
      </trkpt>
      <trkpt lat="44.14027" lon="-73.84522">
        <ele>1272.12</ele>
        <time>2026-05-17T14:36:12Z</time>
      </trkpt>
      <trkpt lat="44.1402" lon="-73.84522">
        <ele>1269.86</ele>
        <time>2026-05-17T14:36:25Z</time>
      </trkpt>
      <trkpt lat="44.14015" lon="-73.8453">
        <ele>1269.24</ele>
        <time>2026-05-17T14:36:48Z</time>
      </trkpt>
      <trkpt lat="44.14015" lon="-73.84541">
        <ele>1268.55</ele>
        <time>2026-05-17T14:36:51Z</time>
      </trkpt>
      <trkpt lat="44.14018" lon="-73.84542">
        <ele>1268.85</ele>
        <time>2026-05-17T14:37:02Z</time>
      </trkpt>
      <trkpt lat="44.14019" lon="-73.84546">
        <ele>1268.17</ele>
        <time>2026-05-17T14:37:15Z</time>
      </trkpt>
      <trkpt lat="44.14017" lon="-73.84547">
        <ele>1267.68</ele>
        <time>2026-05-17T14:37:26Z</time>
      </trkpt>
      <trkpt lat="44.14015" lon="-73.84548">
        <ele>1267.25</ele>
        <time>2026-05-17T14:37:33Z</time>
      </trkpt>
      <trkpt lat="44.14014" lon="-73.84549">
        <ele>1266.93</ele>
        <time>2026-05-17T14:37:36Z</time>
      </trkpt>
      <trkpt lat="44.14014" lon="-73.84554">
        <ele>1265.85</ele>
        <time>2026-05-17T14:37:41Z</time>
      </trkpt>
      <trkpt lat="44.14014" lon="-73.84558">
        <ele>1264.72</ele>
        <time>2026-05-17T14:37:47Z</time>
      </trkpt>
      <trkpt lat="44.14014" lon="-73.84561">
        <ele>1263.75</ele>
        <time>2026-05-17T14:37:54Z</time>
      </trkpt>
      <trkpt lat="44.14011" lon="-73.84559">
        <ele>1264.07</ele>
        <time>2026-05-17T14:38:07Z</time>
      </trkpt>
      <trkpt lat="44.14008" lon="-73.84558">
        <ele>1264.11</ele>
        <time>2026-05-17T14:38:09Z</time>
      </trkpt>
      <trkpt lat="44.14005" lon="-73.84557">
        <ele>1264.14</ele>
        <time>2026-05-17T14:38:11Z</time>
      </trkpt>
      <trkpt lat="44.13999" lon="-73.84556">
        <ele>1263.8</ele>
        <time>2026-05-17T14:38:18Z</time>
      </trkpt>
      <trkpt lat="44.13992" lon="-73.84556">
        <ele>1263.04</ele>
        <time>2026-05-17T14:38:27Z</time>
      </trkpt>
      <trkpt lat="44.13986" lon="-73.84561">
        <ele>1261.52</ele>
        <time>2026-05-17T14:38:38Z</time>
      </trkpt>
      <trkpt lat="44.13983" lon="-73.84564">
        <ele>1260.41</ele>
        <time>2026-05-17T14:38:43Z</time>
      </trkpt>
      <trkpt lat="44.13978" lon="-73.8457">
        <ele>1258.67</ele>
        <time>2026-05-17T14:38:56Z</time>
      </trkpt>
      <trkpt lat="44.13972" lon="-73.84576">
        <ele>1256.38</ele>
        <time>2026-05-17T14:39:09Z</time>
      </trkpt>
      <trkpt lat="44.13967" lon="-73.84581">
        <ele>1254.76</ele>
        <time>2026-05-17T14:39:21Z</time>
      </trkpt>
      <trkpt lat="44.13961" lon="-73.84586">
        <ele>1252.85</ele>
        <time>2026-05-17T14:39:32Z</time>
      </trkpt>
      <trkpt lat="44.13956" lon="-73.84592">
        <ele>1250.26</ele>
        <time>2026-05-17T14:39:43Z</time>
      </trkpt>
      <trkpt lat="44.13952" lon="-73.84596">
        <ele>1248.53</ele>
        <time>2026-05-17T14:39:51Z</time>
      </trkpt>
      <trkpt lat="44.13946" lon="-73.84601">
        <ele>1246.37</ele>
        <time>2026-05-17T14:40:03Z</time>
      </trkpt>
      <trkpt lat="44.13939" lon="-73.84605">
        <ele>1244.3</ele>
        <time>2026-05-17T14:40:15Z</time>
      </trkpt>
      <trkpt lat="44.13933" lon="-73.84609">
        <ele>1242.14</ele>
        <time>2026-05-17T14:40:28Z</time>
      </trkpt>
      <trkpt lat="44.13927" lon="-73.84613">
        <ele>1240.0</ele>
        <time>2026-05-17T14:40:40Z</time>
      </trkpt>
      <trkpt lat="44.1392" lon="-73.84616">
        <ele>1238.06</ele>
        <time>2026-05-17T14:40:53Z</time>
      </trkpt>
      <trkpt lat="44.13916" lon="-73.84618">
        <ele>1236.95</ele>
        <time>2026-05-17T14:41:03Z</time>
      </trkpt>
      <trkpt lat="44.1391" lon="-73.84621">
        <ele>1235.06</ele>
        <time>2026-05-17T14:41:20Z</time>
      </trkpt>
      <trkpt lat="44.13904" lon="-73.84627">
        <ele>1232.22</ele>
        <time>2026-05-17T14:41:36Z</time>
      </trkpt>
      <trkpt lat="44.13908" lon="-73.84632">
        <ele>1230.99</ele>
        <time>2026-05-17T14:41:49Z</time>
      </trkpt>
      <trkpt lat="44.13906" lon="-73.84635">
        <ele>1229.38</ele>
        <time>2026-05-17T14:41:55Z</time>
      </trkpt>
      <trkpt lat="44.13905" lon="-73.84639">
        <ele>1227.43</ele>
        <time>2026-05-17T14:42:09Z</time>
      </trkpt>
      <trkpt lat="44.13906" lon="-73.84643">
        <ele>1225.85</ele>
        <time>2026-05-17T14:42:12Z</time>
      </trkpt>
      <trkpt lat="44.13907" lon="-73.84647">
        <ele>1224.37</ele>
        <time>2026-05-17T14:42:17Z</time>
      </trkpt>
      <trkpt lat="44.13907" lon="-73.84651">
        <ele>1222.65</ele>
        <time>2026-05-17T14:42:25Z</time>
      </trkpt>
      <trkpt lat="44.13908" lon="-73.84655">
        <ele>1221.1</ele>
        <time>2026-05-17T14:42:36Z</time>
      </trkpt>
      <trkpt lat="44.13906" lon="-73.84656">
        <ele>1220.28</ele>
        <time>2026-05-17T14:42:58Z</time>
      </trkpt>
      <trkpt lat="44.13905" lon="-73.84659">
        <ele>1218.96</ele>
        <time>2026-05-17T14:43:05Z</time>
      </trkpt>
      <trkpt lat="44.13904" lon="-73.84663">
        <ele>1217.45</ele>
        <time>2026-05-17T14:43:13Z</time>
      </trkpt>
      <trkpt lat="44.13903" lon="-73.84665">
        <ele>1216.59</ele>
        <time>2026-05-17T14:43:17Z</time>
      </trkpt>
      <trkpt lat="44.13902" lon="-73.84666">
        <ele>1216.05</ele>
        <time>2026-05-17T14:43:22Z</time>
      </trkpt>
      <trkpt lat="44.139" lon="-73.84673">
        <ele>1213.35</ele>
        <time>2026-05-17T14:43:38Z</time>
      </trkpt>
      <trkpt lat="44.13899" lon="-73.84677">
        <ele>1211.73</ele>
        <time>2026-05-17T14:43:48Z</time>
      </trkpt>
      <trkpt lat="44.13898" lon="-73.84681">
        <ele>1209.77</ele>
        <time>2026-05-17T14:43:58Z</time>
      </trkpt>
      <trkpt lat="44.13897" lon="-73.84684">
        <ele>1208.16</ele>
        <time>2026-05-17T14:44:06Z</time>
      </trkpt>
      <trkpt lat="44.13897" lon="-73.84684">
        <ele>1208.16</ele>
        <time>2026-05-17T14:44:08Z</time>
      </trkpt>
      <trkpt lat="44.13897" lon="-73.84685">
        <ele>1207.71</ele>
        <time>2026-05-17T14:44:11Z</time>
      </trkpt>
      <trkpt lat="44.139" lon="-73.84687">
        <ele>1207.82</ele>
        <time>2026-05-17T14:44:16Z</time>
      </trkpt>
      <trkpt lat="44.139" lon="-73.84691">
        <ele>1206.09</ele>
        <time>2026-05-17T14:44:27Z</time>
      </trkpt>
      <trkpt lat="44.13898" lon="-73.84695">
        <ele>1203.71</ele>
        <time>2026-05-17T14:44:35Z</time>
      </trkpt>
      <trkpt lat="44.13896" lon="-73.84699">
        <ele>1201.45</ele>
        <time>2026-05-17T14:44:42Z</time>
      </trkpt>
      <trkpt lat="44.13895" lon="-73.84703">
        <ele>1199.6</ele>
        <time>2026-05-17T14:44:46Z</time>
      </trkpt>
      <trkpt lat="44.13894" lon="-73.84706">
        <ele>1198.47</ele>
        <time>2026-05-17T14:44:52Z</time>
      </trkpt>
      <trkpt lat="44.13892" lon="-73.84708">
        <ele>1197.59</ele>
        <time>2026-05-17T14:44:56Z</time>
      </trkpt>
      <trkpt lat="44.13891" lon="-73.84709">
        <ele>1197.18</ele>
        <time>2026-05-17T14:44:59Z</time>
      </trkpt>
      <trkpt lat="44.13888" lon="-73.8471">
        <ele>1196.45</ele>
        <time>2026-05-17T14:45:04Z</time>
      </trkpt>
      <trkpt lat="44.13885" lon="-73.84709">
        <ele>1196.02</ele>
        <time>2026-05-17T14:45:10Z</time>
      </trkpt>
      <trkpt lat="44.13882" lon="-73.84709">
        <ele>1195.37</ele>
        <time>2026-05-17T14:45:17Z</time>
      </trkpt>
      <trkpt lat="44.13879" lon="-73.84708">
        <ele>1195.0</ele>
        <time>2026-05-17T14:45:25Z</time>
      </trkpt>
      <trkpt lat="44.13876" lon="-73.84709">
        <ele>1194.46</ele>
        <time>2026-05-17T14:45:32Z</time>
      </trkpt>
      <trkpt lat="44.13874" lon="-73.84709">
        <ele>1194.25</ele>
        <time>2026-05-17T14:45:38Z</time>
      </trkpt>
      <trkpt lat="44.13871" lon="-73.84709">
        <ele>1193.92</ele>
        <time>2026-05-17T14:45:44Z</time>
      </trkpt>
      <trkpt lat="44.1387" lon="-73.84709">
        <ele>1193.86</ele>
        <time>2026-05-17T14:45:46Z</time>
      </trkpt>
      <trkpt lat="44.13868" lon="-73.8471">
        <ele>1193.64</ele>
        <time>2026-05-17T14:45:50Z</time>
      </trkpt>
      <trkpt lat="44.13867" lon="-73.84714">
        <ele>1192.78</ele>
        <time>2026-05-17T14:45:54Z</time>
      </trkpt>
      <trkpt lat="44.13869" lon="-73.84718">
        <ele>1191.91</ele>
        <time>2026-05-17T14:45:57Z</time>
      </trkpt>
      <trkpt lat="44.13871" lon="-73.8472">
        <ele>1191.55</ele>
        <time>2026-05-17T14:46:01Z</time>
      </trkpt>
      <trkpt lat="44.13865" lon="-73.84724">
        <ele>1190.81</ele>
        <time>2026-05-17T14:46:25Z</time>
      </trkpt>
      <trkpt lat="44.13862" lon="-73.84724">
        <ele>1190.81</ele>
        <time>2026-05-17T14:46:30Z</time>
      </trkpt>
      <trkpt lat="44.13859" lon="-73.84724">
        <ele>1191.04</ele>
        <time>2026-05-17T14:46:35Z</time>
      </trkpt>
      <trkpt lat="44.13857" lon="-73.84725">
        <ele>1191.14</ele>
        <time>2026-05-17T14:46:43Z</time>
      </trkpt>
      <trkpt lat="44.13854" lon="-73.84725">
        <ele>1191.47</ele>
        <time>2026-05-17T14:47:00Z</time>
      </trkpt>
      <trkpt lat="44.13851" lon="-73.84726">
        <ele>1191.72</ele>
        <time>2026-05-17T14:47:10Z</time>
      </trkpt>
      <trkpt lat="44.13849" lon="-73.84726">
        <ele>1192.03</ele>
        <time>2026-05-17T14:47:16Z</time>
      </trkpt>
      <trkpt lat="44.13845" lon="-73.84726">
        <ele>1192.63</ele>
        <time>2026-05-17T14:47:21Z</time>
      </trkpt>
      <trkpt lat="44.13841" lon="-73.84726">
        <ele>1193.17</ele>
        <time>2026-05-17T14:47:23Z</time>
      </trkpt>
      <trkpt lat="44.13838" lon="-73.84726">
        <ele>1193.5</ele>
        <time>2026-05-17T14:47:25Z</time>
      </trkpt>
      <trkpt lat="44.13835" lon="-73.84727">
        <ele>1193.82</ele>
        <time>2026-05-17T14:47:28Z</time>
      </trkpt>
      <trkpt lat="44.13833" lon="-73.84731">
        <ele>1194.03</ele>
        <time>2026-05-17T14:47:32Z</time>
      </trkpt>
      <trkpt lat="44.13833" lon="-73.84735">
        <ele>1194.42</ele>
        <time>2026-05-17T14:47:34Z</time>
      </trkpt>
      <trkpt lat="44.13833" lon="-73.84739">
        <ele>1194.85</ele>
        <time>2026-05-17T14:47:37Z</time>
      </trkpt>
      <trkpt lat="44.13833" lon="-73.84743">
        <ele>1195.28</ele>
        <time>2026-05-17T14:47:41Z</time>
      </trkpt>
      <trkpt lat="44.13832" lon="-73.84746">
        <ele>1195.71</ele>
        <time>2026-05-17T14:47:45Z</time>
      </trkpt>
      <trkpt lat="44.1383" lon="-73.8475">
        <ele>1196.36</ele>
        <time>2026-05-17T14:47:51Z</time>
      </trkpt>
      <trkpt lat="44.13828" lon="-73.84752">
        <ele>1196.7</ele>
        <time>2026-05-17T14:47:56Z</time>
      </trkpt>
      <trkpt lat="44.13825" lon="-73.84753">
        <ele>1197.19</ele>
        <time>2026-05-17T14:48:00Z</time>
      </trkpt>
      <trkpt lat="44.13818" lon="-73.84756">
        <ele>1198.3</ele>
        <time>2026-05-17T14:48:09Z</time>
      </trkpt>
      <trkpt lat="44.13811" lon="-73.84758">
        <ele>1199.28</ele>
        <time>2026-05-17T14:48:17Z</time>
      </trkpt>
      <trkpt lat="44.13805" lon="-73.84763">
        <ele>1200.81</ele>
        <time>2026-05-17T14:48:25Z</time>
      </trkpt>
      <trkpt lat="44.13798" lon="-73.84768">
        <ele>1201.89</ele>
        <time>2026-05-17T14:48:35Z</time>
      </trkpt>
      <trkpt lat="44.13793" lon="-73.84772">
        <ele>1202.15</ele>
        <time>2026-05-17T14:48:43Z</time>
      </trkpt>
      <trkpt lat="44.13787" lon="-73.84777">
        <ele>1202.82</ele>
        <time>2026-05-17T14:48:51Z</time>
      </trkpt>
      <trkpt lat="44.13783" lon="-73.84785">
        <ele>1203.25</ele>
        <time>2026-05-17T14:49:00Z</time>
      </trkpt>
      <trkpt lat="44.13789" lon="-73.8479">
        <ele>1204.85</ele>
        <time>2026-05-17T14:49:06Z</time>
      </trkpt>
      <trkpt lat="44.13797" lon="-73.84794">
        <ele>1206.43</ele>
        <time>2026-05-17T14:49:10Z</time>
      </trkpt>
      <trkpt lat="44.13802" lon="-73.848">
        <ele>1207.18</ele>
        <time>2026-05-17T14:49:16Z</time>
      </trkpt>
      <trkpt lat="44.13805" lon="-73.84808">
        <ele>1208.84</ele>
        <time>2026-05-17T14:49:27Z</time>
      </trkpt>
      <trkpt lat="44.13805" lon="-73.84817">
        <ele>1211.49</ele>
        <time>2026-05-17T14:50:02Z</time>
      </trkpt>
      <trkpt lat="44.13807" lon="-73.84827">
        <ele>1213.32</ele>
        <time>2026-05-17T14:50:13Z</time>
      </trkpt>
      <trkpt lat="44.13812" lon="-73.8483">
        <ele>1212.89</ele>
        <time>2026-05-17T14:50:24Z</time>
      </trkpt>
      <trkpt lat="44.13817" lon="-73.84837">
        <ele>1213.08</ele>
        <time>2026-05-17T14:50:35Z</time>
      </trkpt>
      <trkpt lat="44.13819" lon="-73.84846">
        <ele>1214.21</ele>
        <time>2026-05-17T14:50:59Z</time>
      </trkpt>
      <trkpt lat="44.13821" lon="-73.84852">
        <ele>1214.36</ele>
        <time>2026-05-17T14:51:20Z</time>
      </trkpt>
      <trkpt lat="44.13813" lon="-73.84846">
        <ele>1216.32</ele>
        <time>2026-05-17T14:51:45Z</time>
      </trkpt>
      <trkpt lat="44.13809" lon="-73.84841">
        <ele>1216.43</ele>
        <time>2026-05-17T14:51:48Z</time>
      </trkpt>
      <trkpt lat="44.13807" lon="-73.84838">
        <ele>1216.12</ele>
        <time>2026-05-17T14:51:53Z</time>
      </trkpt>
      <trkpt lat="44.13806" lon="-73.84842">
        <ele>1217.67</ele>
        <time>2026-05-17T14:51:57Z</time>
      </trkpt>
      <trkpt lat="44.13805" lon="-73.84846">
        <ele>1218.82</ele>
        <time>2026-05-17T14:52:01Z</time>
      </trkpt>
      <trkpt lat="44.13803" lon="-73.84843">
        <ele>1218.38</ele>
        <time>2026-05-17T14:52:05Z</time>
      </trkpt>
      <trkpt lat="44.13802" lon="-73.8484">
        <ele>1217.54</ele>
        <time>2026-05-17T14:52:09Z</time>
      </trkpt>
      <trkpt lat="44.13799" lon="-73.84838">
        <ele>1217.22</ele>
        <time>2026-05-17T14:52:15Z</time>
      </trkpt>
      <trkpt lat="44.13796" lon="-73.84836">
        <ele>1216.87</ele>
        <time>2026-05-17T14:52:19Z</time>
      </trkpt>
      <trkpt lat="44.13793" lon="-73.84833">
        <ele>1215.92</ele>
        <time>2026-05-17T14:52:23Z</time>
      </trkpt>
      <trkpt lat="44.1379" lon="-73.84832">
        <ele>1215.61</ele>
        <time>2026-05-17T14:52:27Z</time>
      </trkpt>
      <trkpt lat="44.13788" lon="-73.84831">
        <ele>1215.27</ele>
        <time>2026-05-17T14:52:31Z</time>
      </trkpt>
      <trkpt lat="44.13785" lon="-73.84835">
        <ele>1216.68</ele>
        <time>2026-05-17T14:52:35Z</time>
      </trkpt>
      <trkpt lat="44.13786" lon="-73.84836">
        <ele>1217.12</ele>
        <time>2026-05-17T14:52:53Z</time>
      </trkpt>
      <trkpt lat="44.13784" lon="-73.84835">
        <ele>1216.66</ele>
        <time>2026-05-17T14:53:01Z</time>
      </trkpt>
      <trkpt lat="44.13782" lon="-73.84833">
        <ele>1215.87</ele>
        <time>2026-05-17T14:53:08Z</time>
      </trkpt>
      <trkpt lat="44.13779" lon="-73.84833">
        <ele>1215.86</ele>
        <time>2026-05-17T14:53:20Z</time>
      </trkpt>
      <trkpt lat="44.13781" lon="-73.84837">
        <ele>1217.33</ele>
        <time>2026-05-17T14:53:28Z</time>
      </trkpt>
      <trkpt lat="44.13783" lon="-73.8484">
        <ele>1218.57</ele>
        <time>2026-05-17T14:53:30Z</time>
      </trkpt>
      <trkpt lat="44.13781" lon="-73.84841">
        <ele>1218.77</ele>
        <time>2026-05-17T14:53:43Z</time>
      </trkpt>
      <trkpt lat="44.13779" lon="-73.84842">
        <ele>1218.93</ele>
        <time>2026-05-17T14:53:47Z</time>
      </trkpt>
      <trkpt lat="44.13777" lon="-73.84843">
        <ele>1219.09</ele>
        <time>2026-05-17T14:53:57Z</time>
      </trkpt>
      <trkpt lat="44.13775" lon="-73.84847">
        <ele>1220.6</ele>
        <time>2026-05-17T14:54:05Z</time>
      </trkpt>
      <trkpt lat="44.13773" lon="-73.8485">
        <ele>1221.68</ele>
        <time>2026-05-17T14:54:12Z</time>
      </trkpt>
      <trkpt lat="44.13771" lon="-73.84852">
        <ele>1222.33</ele>
        <time>2026-05-17T14:54:18Z</time>
      </trkpt>
      <trkpt lat="44.1377" lon="-73.84856">
        <ele>1223.88</ele>
        <time>2026-05-17T14:54:21Z</time>
      </trkpt>
      <trkpt lat="44.13769" lon="-73.8486">
        <ele>1225.53</ele>
        <time>2026-05-17T14:54:24Z</time>
      </trkpt>
      <trkpt lat="44.13768" lon="-73.84865">
        <ele>1227.2</ele>
        <time>2026-05-17T14:54:27Z</time>
      </trkpt>
      <trkpt lat="44.13768" lon="-73.84869">
        <ele>1228.5</ele>
        <time>2026-05-17T14:54:31Z</time>
      </trkpt>
      <trkpt lat="44.13769" lon="-73.84872">
        <ele>1229.35</ele>
        <time>2026-05-17T14:54:34Z</time>
      </trkpt>
      <trkpt lat="44.1377" lon="-73.84876">
        <ele>1230.22</ele>
        <time>2026-05-17T14:54:38Z</time>
      </trkpt>
      <trkpt lat="44.13768" lon="-73.84885">
        <ele>1232.13</ele>
        <time>2026-05-17T14:54:50Z</time>
      </trkpt>
      <trkpt lat="44.13769" lon="-73.84895">
        <ele>1232.98</ele>
        <time>2026-05-17T14:54:59Z</time>
      </trkpt>
      <trkpt lat="44.13768" lon="-73.84905">
        <ele>1234.49</ele>
        <time>2026-05-17T14:55:08Z</time>
      </trkpt>
      <trkpt lat="44.13767" lon="-73.84914">
        <ele>1235.12</ele>
        <time>2026-05-17T14:55:23Z</time>
      </trkpt>
      <trkpt lat="44.13766" lon="-73.84922">
        <ele>1235.85</ele>
        <time>2026-05-17T14:55:36Z</time>
      </trkpt>
      <trkpt lat="44.13765" lon="-73.84926">
        <ele>1236.38</ele>
        <time>2026-05-17T14:55:41Z</time>
      </trkpt>
      <trkpt lat="44.13764" lon="-73.8493">
        <ele>1236.71</ele>
        <time>2026-05-17T14:55:46Z</time>
      </trkpt>
      <trkpt lat="44.13761" lon="-73.8493">
        <ele>1236.89</ele>
        <time>2026-05-17T14:55:55Z</time>
      </trkpt>
      <trkpt lat="44.13759" lon="-73.84926">
        <ele>1237.0</ele>
        <time>2026-05-17T14:56:02Z</time>
      </trkpt>
      <trkpt lat="44.13757" lon="-73.84924">
        <ele>1236.79</ele>
        <time>2026-05-17T14:56:08Z</time>
      </trkpt>
      <trkpt lat="44.13754" lon="-73.84923">
        <ele>1236.68</ele>
        <time>2026-05-17T14:56:14Z</time>
      </trkpt>
      <trkpt lat="44.13751" lon="-73.84926">
        <ele>1237.01</ele>
        <time>2026-05-17T14:56:19Z</time>
      </trkpt>
      <trkpt lat="44.1375" lon="-73.8493">
        <ele>1237.44</ele>
        <time>2026-05-17T14:56:22Z</time>
      </trkpt>
      <trkpt lat="44.13749" lon="-73.84934">
        <ele>1237.86</ele>
        <time>2026-05-17T14:56:26Z</time>
      </trkpt>
      <trkpt lat="44.13747" lon="-73.84935">
        <ele>1237.97</ele>
        <time>2026-05-17T14:56:31Z</time>
      </trkpt>
      <trkpt lat="44.13743" lon="-73.84942">
        <ele>1238.74</ele>
        <time>2026-05-17T14:56:44Z</time>
      </trkpt>
      <trkpt lat="44.13741" lon="-73.84951">
        <ele>1239.71</ele>
        <time>2026-05-17T14:56:54Z</time>
      </trkpt>
      <trkpt lat="44.13739" lon="-73.84953">
        <ele>1239.91</ele>
        <time>2026-05-17T14:57:05Z</time>
      </trkpt>
      <trkpt lat="44.13737" lon="-73.84956">
        <ele>1240.25</ele>
        <time>2026-05-17T14:57:12Z</time>
      </trkpt>
      <trkpt lat="44.13735" lon="-73.8496">
        <ele>1240.68</ele>
        <time>2026-05-17T14:57:17Z</time>
      </trkpt>
      <trkpt lat="44.13733" lon="-73.84963">
        <ele>1241.0</ele>
        <time>2026-05-17T14:57:24Z</time>
      </trkpt>
      <trkpt lat="44.13729" lon="-73.84966">
        <ele>1240.44</ele>
        <time>2026-05-17T14:57:32Z</time>
      </trkpt>
      <trkpt lat="44.13727" lon="-73.84968">
        <ele>1239.83</ele>
        <time>2026-05-17T14:57:37Z</time>
      </trkpt>
      <trkpt lat="44.13726" lon="-73.84969">
        <ele>1239.49</ele>
        <time>2026-05-17T14:57:39Z</time>
      </trkpt>
      <trkpt lat="44.13725" lon="-73.8497">
        <ele>1239.13</ele>
        <time>2026-05-17T14:57:42Z</time>
      </trkpt>
      <trkpt lat="44.13723" lon="-73.84973">
        <ele>1238.41</ele>
        <time>2026-05-17T14:57:47Z</time>
      </trkpt>
      <trkpt lat="44.1372" lon="-73.84974">
        <ele>1236.99</ele>
        <time>2026-05-17T14:57:54Z</time>
      </trkpt>
      <trkpt lat="44.13713" lon="-73.84976">
        <ele>1233.43</ele>
        <time>2026-05-17T14:58:13Z</time>
      </trkpt>
      <trkpt lat="44.13707" lon="-73.84981">
        <ele>1231.37</ele>
        <time>2026-05-17T14:58:27Z</time>
      </trkpt>
      <trkpt lat="44.13704" lon="-73.84987">
        <ele>1231.28</ele>
        <time>2026-05-17T14:58:34Z</time>
      </trkpt>
      <trkpt lat="44.13703" lon="-73.84997">
        <ele>1234.91</ele>
        <time>2026-05-17T14:58:38Z</time>
      </trkpt>
      <trkpt lat="44.13701" lon="-73.85007">
        <ele>1238.1</ele>
        <time>2026-05-17T14:58:44Z</time>
      </trkpt>
      <trkpt lat="44.13697" lon="-73.85014">
        <ele>1239.59</ele>
        <time>2026-05-17T14:58:55Z</time>
      </trkpt>
      <trkpt lat="44.13693" lon="-73.85022">
        <ele>1240.84</ele>
        <time>2026-05-17T14:59:07Z</time>
      </trkpt>
      <trkpt lat="44.1369" lon="-73.85031">
        <ele>1243.05</ele>
        <time>2026-05-17T14:59:17Z</time>
      </trkpt>
      <trkpt lat="44.13686" lon="-73.85039">
        <ele>1246.4</ele>
        <time>2026-05-17T14:59:28Z</time>
      </trkpt>
      <trkpt lat="44.13683" lon="-73.85051">
        <ele>1248.89</ele>
        <time>2026-05-17T14:59:42Z</time>
      </trkpt>
      <trkpt lat="44.13681" lon="-73.85061">
        <ele>1250.62</ele>
        <time>2026-05-17T14:59:53Z</time>
      </trkpt>
      <trkpt lat="44.13686" lon="-73.85069">
        <ele>1246.38</ele>
        <time>2026-05-17T15:00:12Z</time>
      </trkpt>
      <trkpt lat="44.13693" lon="-73.85069">
        <ele>1241.09</ele>
        <time>2026-05-17T15:00:14Z</time>
      </trkpt>
      <trkpt lat="44.13696" lon="-73.8507">
        <ele>1239.57</ele>
        <time>2026-05-17T15:00:47Z</time>
      </trkpt>
      <trkpt lat="44.13695" lon="-73.85063">
        <ele>1240.06</ele>
        <time>2026-05-17T15:00:49Z</time>
      </trkpt>
      <trkpt lat="44.13695" lon="-73.85057">
        <ele>1240.67</ele>
        <time>2026-05-17T15:00:50Z</time>
      </trkpt>
      <trkpt lat="44.13695" lon="-73.85053">
        <ele>1240.84</ele>
        <time>2026-05-17T15:00:51Z</time>
      </trkpt>
      <trkpt lat="44.13694" lon="-73.85057">
        <ele>1241.14</ele>
        <time>2026-05-17T15:01:05Z</time>
      </trkpt>
      <trkpt lat="44.13692" lon="-73.85059">
        <ele>1242.31</ele>
        <time>2026-05-17T15:01:41Z</time>
      </trkpt>
      <trkpt lat="44.13692" lon="-73.85063">
        <ele>1241.99</ele>
        <time>2026-05-17T15:01:45Z</time>
      </trkpt>
      <trkpt lat="44.1369" lon="-73.85071">
        <ele>1243.36</ele>
        <time>2026-05-17T15:02:12Z</time>
      </trkpt>
      <trkpt lat="44.13688" lon="-73.85065">
        <ele>1244.87</ele>
        <time>2026-05-17T15:03:19Z</time>
      </trkpt>
      <trkpt lat="44.13687" lon="-73.85056">
        <ele>1245.81</ele>
        <time>2026-05-17T15:03:44Z</time>
      </trkpt>
      <trkpt lat="44.13685" lon="-73.85046">
        <ele>1247.16</ele>
        <time>2026-05-17T15:04:19Z</time>
      </trkpt>
      <trkpt lat="44.1368" lon="-73.8504">
        <ele>1251.86</ele>
        <time>2026-05-17T15:05:11Z</time>
      </trkpt>
      <trkpt lat="44.13676" lon="-73.85037">
        <ele>1255.92</ele>
        <time>2026-05-17T15:05:45Z</time>
      </trkpt>
      <trkpt lat="44.13672" lon="-73.85047">
        <ele>1259.21</ele>
        <time>2026-05-17T15:06:14Z</time>
      </trkpt>
      <trkpt lat="44.13671" lon="-73.85057">
        <ele>1259.71</ele>
        <time>2026-05-17T15:06:20Z</time>
      </trkpt>
      <trkpt lat="44.13669" lon="-73.85063">
        <ele>1261.13</ele>
        <time>2026-05-17T15:06:43Z</time>
      </trkpt>
      <trkpt lat="44.13662" lon="-73.8506">
        <ele>1268.06</ele>
        <time>2026-05-17T15:06:52Z</time>
      </trkpt>
      <trkpt lat="44.13659" lon="-73.85057">
        <ele>1271.3</ele>
        <time>2026-05-17T15:06:56Z</time>
      </trkpt>
      <trkpt lat="44.13658" lon="-73.85053">
        <ele>1272.7</ele>
        <time>2026-05-17T15:07:19Z</time>
      </trkpt>
      <trkpt lat="44.13657" lon="-73.85052">
        <ele>1273.74</ele>
        <time>2026-05-17T15:07:25Z</time>
      </trkpt>
      <trkpt lat="44.13658" lon="-73.85052">
        <ele>1272.81</ele>
        <time>2026-05-17T15:07:30Z</time>
      </trkpt>
      <trkpt lat="44.13654" lon="-73.85047">
        <ele>1276.87</ele>
        <time>2026-05-17T15:07:59Z</time>
      </trkpt>
      <trkpt lat="44.13653" lon="-73.85045">
        <ele>1277.87</ele>
        <time>2026-05-17T15:08:26Z</time>
      </trkpt>
      <trkpt lat="44.13652" lon="-73.85043">
        <ele>1278.88</ele>
        <time>2026-05-17T15:08:51Z</time>
      </trkpt>
      <trkpt lat="44.13648" lon="-73.8504">
        <ele>1282.85</ele>
        <time>2026-05-17T15:09:23Z</time>
      </trkpt>
      <trkpt lat="44.13642" lon="-73.85047">
        <ele>1288.51</ele>
        <time>2026-05-17T15:09:45Z</time>
      </trkpt>
      <trkpt lat="44.13642" lon="-73.85059">
        <ele>1286.23</ele>
        <time>2026-05-17T15:09:48Z</time>
      </trkpt>
      <trkpt lat="44.13637" lon="-73.85066">
        <ele>1289.55</ele>
        <time>2026-05-17T15:10:06Z</time>
      </trkpt>
      <trkpt lat="44.13632" lon="-73.85072">
        <ele>1292.57</ele>
        <time>2026-05-17T15:10:27Z</time>
      </trkpt>
      <trkpt lat="44.13627" lon="-73.85066">
        <ele>1298.39</ele>
        <time>2026-05-17T15:11:01Z</time>
      </trkpt>
      <trkpt lat="44.13625" lon="-73.85057">
        <ele>1301.27</ele>
        <time>2026-05-17T15:11:17Z</time>
      </trkpt>
      <trkpt lat="44.13624" lon="-73.85053">
        <ele>1302.32</ele>
        <time>2026-05-17T15:11:26Z</time>
      </trkpt>
      <trkpt lat="44.13623" lon="-73.85049">
        <ele>1303.29</ele>
        <time>2026-05-17T15:11:37Z</time>
      </trkpt>
      <trkpt lat="44.13621" lon="-73.85047">
        <ele>1304.58</ele>
        <time>2026-05-17T15:12:01Z</time>
      </trkpt>
      <trkpt lat="44.13624" lon="-73.85046">
        <ele>1303.07</ele>
        <time>2026-05-17T15:12:10Z</time>
      </trkpt>
      <trkpt lat="44.13627" lon="-73.85045">
        <ele>1301.56</ele>
        <time>2026-05-17T15:12:13Z</time>
      </trkpt>
      <trkpt lat="44.13629" lon="-73.85043">
        <ele>1300.7</ele>
        <time>2026-05-17T15:12:18Z</time>
      </trkpt>
      <trkpt lat="44.13629" lon="-73.85037">
        <ele>1301.34</ele>
        <time>2026-05-17T15:12:20Z</time>
      </trkpt>
      <trkpt lat="44.13629" lon="-73.85031">
        <ele>1301.95</ele>
        <time>2026-05-17T15:12:22Z</time>
      </trkpt>
      <trkpt lat="44.13627" lon="-73.85027">
        <ele>1303.14</ele>
        <time>2026-05-17T15:12:25Z</time>
      </trkpt>
      <trkpt lat="44.13625" lon="-73.85025">
        <ele>1304.0</ele>
        <time>2026-05-17T15:12:28Z</time>
      </trkpt>
      <trkpt lat="44.13624" lon="-73.85022">
        <ele>1304.43</ele>
        <time>2026-05-17T15:12:32Z</time>
      </trkpt>
      <trkpt lat="44.13622" lon="-73.8502">
        <ele>1305.3</ele>
        <time>2026-05-17T15:12:38Z</time>
      </trkpt>
      <trkpt lat="44.13619" lon="-73.85019">
        <ele>1306.74</ele>
        <time>2026-05-17T15:12:48Z</time>
      </trkpt>
      <trkpt lat="44.13617" lon="-73.85022">
        <ele>1307.82</ele>
        <time>2026-05-17T15:12:52Z</time>
      </trkpt>
      <trkpt lat="44.13615" lon="-73.85026">
        <ele>1308.9</ele>
        <time>2026-05-17T15:12:57Z</time>
      </trkpt>
      <trkpt lat="44.13613" lon="-73.85029">
        <ele>1309.87</ele>
        <time>2026-05-17T15:13:02Z</time>
      </trkpt>
      <trkpt lat="44.1361" lon="-73.85029">
        <ele>1311.23</ele>
        <time>2026-05-17T15:13:10Z</time>
      </trkpt>
      <trkpt lat="44.13605" lon="-73.85028">
        <ele>1312.96</ele>
        <time>2026-05-17T15:13:35Z</time>
      </trkpt>
      <trkpt lat="44.136" lon="-73.85022">
        <ele>1314.72</ele>
        <time>2026-05-17T15:14:17Z</time>
      </trkpt>
      <trkpt lat="44.13602" lon="-73.85018">
        <ele>1313.95</ele>
        <time>2026-05-17T15:14:21Z</time>
      </trkpt>
      <trkpt lat="44.13601" lon="-73.85014">
        <ele>1314.37</ele>
        <time>2026-05-17T15:14:24Z</time>
      </trkpt>
      <trkpt lat="44.13599" lon="-73.85013">
        <ele>1315.23</ele>
        <time>2026-05-17T15:14:27Z</time>
      </trkpt>
      <trkpt lat="44.13597" lon="-73.8501">
        <ele>1316.1</ele>
        <time>2026-05-17T15:14:32Z</time>
      </trkpt>
      <trkpt lat="44.13595" lon="-73.85007">
        <ele>1316.96</ele>
        <time>2026-05-17T15:14:37Z</time>
      </trkpt>
      <trkpt lat="44.13593" lon="-73.85004">
        <ele>1317.82</ele>
        <time>2026-05-17T15:14:41Z</time>
      </trkpt>
      <trkpt lat="44.13591" lon="-73.85002">
        <ele>1318.69</ele>
        <time>2026-05-17T15:14:46Z</time>
      </trkpt>
      <trkpt lat="44.13588" lon="-73.85003">
        <ele>1319.98</ele>
        <time>2026-05-17T15:14:52Z</time>
      </trkpt>
      <trkpt lat="44.13586" lon="-73.85005">
        <ele>1320.85</ele>
        <time>2026-05-17T15:14:56Z</time>
      </trkpt>
      <trkpt lat="44.13583" lon="-73.85007">
        <ele>1322.14</ele>
        <time>2026-05-17T15:15:01Z</time>
      </trkpt>
      <trkpt lat="44.13581" lon="-73.85008">
        <ele>1323.01</ele>
        <time>2026-05-17T15:15:07Z</time>
      </trkpt>
      <trkpt lat="44.13577" lon="-73.85008">
        <ele>1324.74</ele>
        <time>2026-05-17T15:15:18Z</time>
      </trkpt>
      <trkpt lat="44.13571" lon="-73.85011">
        <ele>1327.14</ele>
        <time>2026-05-17T15:15:34Z</time>
      </trkpt>
      <trkpt lat="44.13569" lon="-73.85012">
        <ele>1327.9</ele>
        <time>2026-05-17T15:15:40Z</time>
      </trkpt>
      <trkpt lat="44.13566" lon="-73.85012">
        <ele>1329.19</ele>
        <time>2026-05-17T15:15:47Z</time>
      </trkpt>
      <trkpt lat="44.13564" lon="-73.8501">
        <ele>1330.18</ele>
        <time>2026-05-17T15:15:54Z</time>
      </trkpt>
      <trkpt lat="44.13562" lon="-73.85007">
        <ele>1330.84</ele>
        <time>2026-05-17T15:15:59Z</time>
      </trkpt>
      <trkpt lat="44.1356" lon="-73.85004">
        <ele>1331.26</ele>
        <time>2026-05-17T15:16:16Z</time>
      </trkpt>
      <trkpt lat="44.13557" lon="-73.85003">
        <ele>1331.96</ele>
        <time>2026-05-17T15:16:20Z</time>
      </trkpt>
      <trkpt lat="44.13555" lon="-73.85003">
        <ele>1332.44</ele>
        <time>2026-05-17T15:16:23Z</time>
      </trkpt>
      <trkpt lat="44.13552" lon="-73.85002">
        <ele>1332.98</ele>
        <time>2026-05-17T15:16:26Z</time>
      </trkpt>
      <trkpt lat="44.13549" lon="-73.85001">
        <ele>1333.52</ele>
        <time>2026-05-17T15:16:29Z</time>
      </trkpt>
      <trkpt lat="44.13544" lon="-73.85001">
        <ele>1334.58</ele>
        <time>2026-05-17T15:16:33Z</time>
      </trkpt>
      <trkpt lat="44.13537" lon="-73.85">
        <ele>1336.0</ele>
        <time>2026-05-17T15:16:40Z</time>
      </trkpt>
      <trkpt lat="44.13533" lon="-73.84999">
        <ele>1336.38</ele>
        <time>2026-05-17T15:16:45Z</time>
      </trkpt>
      <trkpt lat="44.13526" lon="-73.84998">
        <ele>1337.38</ele>
        <time>2026-05-17T15:16:54Z</time>
      </trkpt>
      <trkpt lat="44.13519" lon="-73.84997">
        <ele>1338.9</ele>
        <time>2026-05-17T15:17:05Z</time>
      </trkpt>
      <trkpt lat="44.13512" lon="-73.84994">
        <ele>1340.41</ele>
        <time>2026-05-17T15:17:18Z</time>
      </trkpt>
      <trkpt lat="44.13506" lon="-73.84989">
        <ele>1341.87</ele>
        <time>2026-05-17T15:17:31Z</time>
      </trkpt>
      <trkpt lat="44.135" lon="-73.84984">
        <ele>1343.27</ele>
        <time>2026-05-17T15:17:42Z</time>
      </trkpt>
      <trkpt lat="44.13494" lon="-73.8498">
        <ele>1344.08</ele>
        <time>2026-05-17T15:17:53Z</time>
      </trkpt>
      <trkpt lat="44.13488" lon="-73.84976">
        <ele>1344.88</ele>
        <time>2026-05-17T15:18:03Z</time>
      </trkpt>
      <trkpt lat="44.13481" lon="-73.84972">
        <ele>1346.03</ele>
        <time>2026-05-17T15:18:13Z</time>
      </trkpt>
      <trkpt lat="44.13475" lon="-73.8497">
        <ele>1347.02</ele>
        <time>2026-05-17T15:18:23Z</time>
      </trkpt>
      <trkpt lat="44.13468" lon="-73.84968">
        <ele>1348.42</ele>
        <time>2026-05-17T15:18:32Z</time>
      </trkpt>
      <trkpt lat="44.13463" lon="-73.84967">
        <ele>1349.56</ele>
        <time>2026-05-17T15:18:38Z</time>
      </trkpt>
      <trkpt lat="44.13461" lon="-73.84967">
        <ele>1349.26</ele>
        <time>2026-05-17T15:18:42Z</time>
      </trkpt>
      <trkpt lat="44.13457" lon="-73.84968">
        <ele>1348.46</ele>
        <time>2026-05-17T15:18:47Z</time>
      </trkpt>
      <trkpt lat="44.13456" lon="-73.84973">
        <ele>1347.16</ele>
        <time>2026-05-17T15:18:50Z</time>
      </trkpt>
      <trkpt lat="44.13453" lon="-73.84975">
        <ele>1345.67</ele>
        <time>2026-05-17T15:18:55Z</time>
      </trkpt>
      <trkpt lat="44.13459" lon="-73.84975">
        <ele>1346.94</ele>
        <time>2026-05-17T15:19:03Z</time>
      </trkpt>
      <trkpt lat="44.13456" lon="-73.84976">
        <ele>1345.86</ele>
        <time>2026-05-17T15:20:53Z</time>
      </trkpt>
      <trkpt lat="44.13453" lon="-73.84976">
        <ele>1345.25</ele>
        <time>2026-05-17T15:21:00Z</time>
      </trkpt>
      <trkpt lat="44.13456" lon="-73.84976">
        <ele>1345.86</ele>
        <time>2026-05-17T15:22:10Z</time>
      </trkpt>
      <trkpt lat="44.13456" lon="-73.84972">
        <ele>1347.54</ele>
        <time>2026-05-17T15:22:52Z</time>
      </trkpt>
      <trkpt lat="44.13457" lon="-73.84976">
        <ele>1346.08</ele>
        <time>2026-05-17T15:23:05Z</time>
      </trkpt>
      <trkpt lat="44.13455" lon="-73.84975">
        <ele>1346.08</ele>
        <time>2026-05-17T15:26:56Z</time>
      </trkpt>
      <trkpt lat="44.13456" lon="-73.84975">
        <ele>1346.3</ele>
        <time>2026-05-17T15:30:12Z</time>
      </trkpt>
      <trkpt lat="44.13456" lon="-73.84969">
        <ele>1348.11</ele>
        <time>2026-05-17T15:30:20Z</time>
      </trkpt>
      <trkpt lat="44.13455" lon="-73.84964">
        <ele>1348.93</ele>
        <time>2026-05-17T15:30:21Z</time>
      </trkpt>
      <trkpt lat="44.13453" lon="-73.84959">
        <ele>1347.55</ele>
        <time>2026-05-17T15:30:23Z</time>
      </trkpt>
      <trkpt lat="44.1345" lon="-73.84958">
        <ele>1346.62</ele>
        <time>2026-05-17T15:30:25Z</time>
      </trkpt>
      <trkpt lat="44.13448" lon="-73.84957">
        <ele>1346.01</ele>
        <time>2026-05-17T15:30:28Z</time>
      </trkpt>
      <trkpt lat="44.13449" lon="-73.84952">
        <ele>1344.57</ele>
        <time>2026-05-17T15:30:35Z</time>
      </trkpt>
      <trkpt lat="44.1345" lon="-73.84949">
        <ele>1343.06</ele>
        <time>2026-05-17T15:30:40Z</time>
      </trkpt>
      <trkpt lat="44.13453" lon="-73.84949">
        <ele>1343.38</ele>
        <time>2026-05-17T15:30:48Z</time>
      </trkpt>
      <trkpt lat="44.13456" lon="-73.8495">
        <ele>1343.9</ele>
        <time>2026-05-17T15:30:56Z</time>
      </trkpt>
      <trkpt lat="44.13457" lon="-73.84947">
        <ele>1342.12</ele>
        <time>2026-05-17T15:31:01Z</time>
      </trkpt>
      <trkpt lat="44.13456" lon="-73.84945">
        <ele>1341.07</ele>
        <time>2026-05-17T15:31:03Z</time>
      </trkpt>
      <trkpt lat="44.13454" lon="-73.84943">
        <ele>1340.04</ele>
        <time>2026-05-17T15:31:06Z</time>
      </trkpt>
      <trkpt lat="44.13448" lon="-73.84937">
        <ele>1336.06</ele>
        <time>2026-05-17T15:31:17Z</time>
      </trkpt>
      <trkpt lat="44.13441" lon="-73.84933">
        <ele>1333.73</ele>
        <time>2026-05-17T15:31:36Z</time>
      </trkpt>
      <trkpt lat="44.13434" lon="-73.84932">
        <ele>1332.85</ele>
        <time>2026-05-17T15:31:49Z</time>
      </trkpt>
      <trkpt lat="44.13431" lon="-73.84934">
        <ele>1333.84</ele>
        <time>2026-05-17T15:31:59Z</time>
      </trkpt>
      <trkpt lat="44.13431" lon="-73.84939">
        <ele>1336.42</ele>
        <time>2026-05-17T15:32:01Z</time>
      </trkpt>
      <trkpt lat="44.1343" lon="-73.84943">
        <ele>1338.19</ele>
        <time>2026-05-17T15:32:03Z</time>
      </trkpt>
      <trkpt lat="44.13429" lon="-73.84946">
        <ele>1339.17</ele>
        <time>2026-05-17T15:32:05Z</time>
      </trkpt>
      <trkpt lat="44.13428" lon="-73.84949">
        <ele>1339.92</ele>
        <time>2026-05-17T15:32:08Z</time>
      </trkpt>
      <trkpt lat="44.13427" lon="-73.84953">
        <ele>1341.0</ele>
        <time>2026-05-17T15:32:12Z</time>
      </trkpt>
      <trkpt lat="44.13424" lon="-73.84955">
        <ele>1340.69</ele>
        <time>2026-05-17T15:32:16Z</time>
      </trkpt>
      <trkpt lat="44.13422" lon="-73.84957">
        <ele>1340.36</ele>
        <time>2026-05-17T15:32:20Z</time>
      </trkpt>
      <trkpt lat="44.13419" lon="-73.84958">
        <ele>1339.62</ele>
        <time>2026-05-17T15:32:25Z</time>
      </trkpt>
      <trkpt lat="44.13415" lon="-73.84958">
        <ele>1338.72</ele>
        <time>2026-05-17T15:32:30Z</time>
      </trkpt>
      <trkpt lat="44.13412" lon="-73.84959">
        <ele>1338.28</ele>
        <time>2026-05-17T15:32:34Z</time>
      </trkpt>
      <trkpt lat="44.13407" lon="-73.84962">
        <ele>1337.81</ele>
        <time>2026-05-17T15:32:57Z</time>
      </trkpt>
      <trkpt lat="44.13402" lon="-73.8496">
        <ele>1336.7</ele>
        <time>2026-05-17T15:32:58Z</time>
      </trkpt>
      <trkpt lat="44.13399" lon="-73.8496">
        <ele>1336.15</ele>
        <time>2026-05-17T15:32:59Z</time>
      </trkpt>
      <trkpt lat="44.13395" lon="-73.84959">
        <ele>1335.81</ele>
        <time>2026-05-17T15:33:01Z</time>
      </trkpt>
      <trkpt lat="44.13392" lon="-73.84959">
        <ele>1335.62</ele>
        <time>2026-05-17T15:33:03Z</time>
      </trkpt>
      <trkpt lat="44.13388" lon="-73.84958">
        <ele>1335.48</ele>
        <time>2026-05-17T15:33:06Z</time>
      </trkpt>
      <trkpt lat="44.13385" lon="-73.84958">
        <ele>1335.31</ele>
        <time>2026-05-17T15:33:10Z</time>
      </trkpt>
      <trkpt lat="44.13382" lon="-73.84957">
        <ele>1335.16</ele>
        <time>2026-05-17T15:33:14Z</time>
      </trkpt>
      <trkpt lat="44.13379" lon="-73.84958">
        <ele>1335.0</ele>
        <time>2026-05-17T15:33:18Z</time>
      </trkpt>
      <trkpt lat="44.13375" lon="-73.84958">
        <ele>1335.0</ele>
        <time>2026-05-17T15:33:23Z</time>
      </trkpt>
      <trkpt lat="44.13372" lon="-73.84958">
        <ele>1335.0</ele>
        <time>2026-05-17T15:33:28Z</time>
      </trkpt>
      <trkpt lat="44.13374" lon="-73.84961">
        <ele>1335.0</ele>
        <time>2026-05-17T15:33:34Z</time>
      </trkpt>
      <trkpt lat="44.13378" lon="-73.84962">
        <ele>1335.0</ele>
        <time>2026-05-17T15:33:38Z</time>
      </trkpt>
      <trkpt lat="44.1338" lon="-73.84963">
        <ele>1334.99</ele>
        <time>2026-05-17T15:33:45Z</time>
      </trkpt>
      <trkpt lat="44.13379" lon="-73.84962">
        <ele>1335.0</ele>
        <time>2026-05-17T15:34:19Z</time>
      </trkpt>
      <trkpt lat="44.13374" lon="-73.84962">
        <ele>1335.0</ele>
        <time>2026-05-17T15:34:25Z</time>
      </trkpt>
      <trkpt lat="44.13372" lon="-73.84963">
        <ele>1335.0</ele>
        <time>2026-05-17T15:34:32Z</time>
      </trkpt>
      <trkpt lat="44.13372" lon="-73.84967">
        <ele>1334.49</ele>
        <time>2026-05-17T15:34:40Z</time>
      </trkpt>
      <trkpt lat="44.13375" lon="-73.8497">
        <ele>1333.86</ele>
        <time>2026-05-17T15:34:43Z</time>
      </trkpt>
      <trkpt lat="44.13377" lon="-73.84972">
        <ele>1333.33</ele>
        <time>2026-05-17T15:34:48Z</time>
      </trkpt>
      <trkpt lat="44.13379" lon="-73.84976">
        <ele>1332.25</ele>
        <time>2026-05-17T15:34:53Z</time>
      </trkpt>
      <trkpt lat="44.13379" lon="-73.84979">
        <ele>1331.6</ele>
        <time>2026-05-17T15:34:57Z</time>
      </trkpt>
      <trkpt lat="44.13378" lon="-73.84984">
        <ele>1330.68</ele>
        <time>2026-05-17T15:35:02Z</time>
      </trkpt>
      <trkpt lat="44.13372" lon="-73.8499">
        <ele>1330.74</ele>
        <time>2026-05-17T15:35:15Z</time>
      </trkpt>
      <trkpt lat="44.13365" lon="-73.8499">
        <ele>1331.66</ele>
        <time>2026-05-17T15:35:26Z</time>
      </trkpt>
      <trkpt lat="44.13357" lon="-73.84985">
        <ele>1333.06</ele>
        <time>2026-05-17T15:35:39Z</time>
      </trkpt>
      <trkpt lat="44.13351" lon="-73.84982">
        <ele>1333.94</ele>
        <time>2026-05-17T15:35:49Z</time>
      </trkpt>
      <trkpt lat="44.13344" lon="-73.84981">
        <ele>1333.9</ele>
        <time>2026-05-17T15:35:59Z</time>
      </trkpt>
      <trkpt lat="44.13337" lon="-73.84982">
        <ele>1333.98</ele>
        <time>2026-05-17T15:36:10Z</time>
      </trkpt>
      <trkpt lat="44.1333" lon="-73.84985">
        <ele>1333.64</ele>
        <time>2026-05-17T15:36:21Z</time>
      </trkpt>
      <trkpt lat="44.13323" lon="-73.84986">
        <ele>1333.06</ele>
        <time>2026-05-17T15:36:32Z</time>
      </trkpt>
      <trkpt lat="44.13316" lon="-73.84988">
        <ele>1333.61</ele>
        <time>2026-05-17T15:36:42Z</time>
      </trkpt>
      <trkpt lat="44.1331" lon="-73.84989">
        <ele>1333.81</ele>
        <time>2026-05-17T15:36:51Z</time>
      </trkpt>
      <trkpt lat="44.13301" lon="-73.8499">
        <ele>1333.88</ele>
        <time>2026-05-17T15:36:57Z</time>
      </trkpt>
      <trkpt lat="44.13294" lon="-73.84991">
        <ele>1333.94</ele>
        <time>2026-05-17T15:37:00Z</time>
      </trkpt>
      <trkpt lat="44.13287" lon="-73.84992">
        <ele>1333.72</ele>
        <time>2026-05-17T15:37:07Z</time>
      </trkpt>
      <trkpt lat="44.1328" lon="-73.84993">
        <ele>1332.18</ele>
        <time>2026-05-17T15:37:15Z</time>
      </trkpt>
      <trkpt lat="44.13273" lon="-73.84993">
        <ele>1330.33</ele>
        <time>2026-05-17T15:37:23Z</time>
      </trkpt>
      <trkpt lat="44.13269" lon="-73.84993">
        <ele>1329.14</ele>
        <time>2026-05-17T15:37:27Z</time>
      </trkpt>
      <trkpt lat="44.13266" lon="-73.84992">
        <ele>1328.69</ele>
        <time>2026-05-17T15:37:30Z</time>
      </trkpt>
      <trkpt lat="44.13263" lon="-73.84992">
        <ele>1328.32</ele>
        <time>2026-05-17T15:37:33Z</time>
      </trkpt>
      <trkpt lat="44.1326" lon="-73.84992">
        <ele>1327.95</ele>
        <time>2026-05-17T15:37:36Z</time>
      </trkpt>
      <trkpt lat="44.13257" lon="-73.84993">
        <ele>1327.76</ele>
        <time>2026-05-17T15:37:39Z</time>
      </trkpt>
      <trkpt lat="44.13255" lon="-73.84993">
        <ele>1327.76</ele>
        <time>2026-05-17T15:37:42Z</time>
      </trkpt>
      <trkpt lat="44.13252" lon="-73.84994">
        <ele>1327.65</ele>
        <time>2026-05-17T15:37:45Z</time>
      </trkpt>
      <trkpt lat="44.13255" lon="-73.84995">
        <ele>1327.54</ele>
        <time>2026-05-17T15:37:53Z</time>
      </trkpt>
      <trkpt lat="44.13251" lon="-73.84995">
        <ele>1327.54</ele>
        <time>2026-05-17T15:38:08Z</time>
      </trkpt>
      <trkpt lat="44.13247" lon="-73.84995">
        <ele>1327.37</ele>
        <time>2026-05-17T15:38:12Z</time>
      </trkpt>
      <trkpt lat="44.13244" lon="-73.84996">
        <ele>1327.15</ele>
        <time>2026-05-17T15:38:16Z</time>
      </trkpt>
      <trkpt lat="44.13241" lon="-73.84996">
        <ele>1327.01</ele>
        <time>2026-05-17T15:38:19Z</time>
      </trkpt>
      <trkpt lat="44.13238" lon="-73.84996">
        <ele>1327.0</ele>
        <time>2026-05-17T15:38:22Z</time>
      </trkpt>
      <trkpt lat="44.13235" lon="-73.84996">
        <ele>1327.0</ele>
        <time>2026-05-17T15:38:25Z</time>
      </trkpt>
      <trkpt lat="44.13229" lon="-73.84996">
        <ele>1326.88</ele>
        <time>2026-05-17T15:38:30Z</time>
      </trkpt>
      <trkpt lat="44.13221" lon="-73.84997">
        <ele>1326.54</ele>
        <time>2026-05-17T15:38:37Z</time>
      </trkpt>
      <trkpt lat="44.13214" lon="-73.84997">
        <ele>1325.79</ele>
        <time>2026-05-17T15:38:45Z</time>
      </trkpt>
      <trkpt lat="44.13207" lon="-73.84998">
        <ele>1325.14</ele>
        <time>2026-05-17T15:38:53Z</time>
      </trkpt>
      <trkpt lat="44.132" lon="-73.84998">
        <ele>1324.38</ele>
        <time>2026-05-17T15:39:01Z</time>
      </trkpt>
      <trkpt lat="44.13193" lon="-73.84999">
        <ele>1323.88</ele>
        <time>2026-05-17T15:39:10Z</time>
      </trkpt>
      <trkpt lat="44.13186" lon="-73.85">
        <ele>1324.0</ele>
        <time>2026-05-17T15:39:20Z</time>
      </trkpt>
      <trkpt lat="44.13179" lon="-73.85001">
        <ele>1324.14</ele>
        <time>2026-05-17T15:39:29Z</time>
      </trkpt>
      <trkpt lat="44.13172" lon="-73.85002">
        <ele>1325.28</ele>
        <time>2026-05-17T15:39:37Z</time>
      </trkpt>
      <trkpt lat="44.13168" lon="-73.85002">
        <ele>1326.14</ele>
        <time>2026-05-17T15:39:41Z</time>
      </trkpt>
      <trkpt lat="44.13161" lon="-73.85004">
        <ele>1328.09</ele>
        <time>2026-05-17T15:39:49Z</time>
      </trkpt>
      <trkpt lat="44.13157" lon="-73.85014">
        <ele>1330.6</ele>
        <time>2026-05-17T15:39:53Z</time>
      </trkpt>
      <trkpt lat="44.13152" lon="-73.8502">
        <ele>1332.01</ele>
        <time>2026-05-17T15:40:00Z</time>
      </trkpt>
      <trkpt lat="44.13146" lon="-73.85025">
        <ele>1332.93</ele>
        <time>2026-05-17T15:40:08Z</time>
      </trkpt>
      <trkpt lat="44.13139" lon="-73.8503">
        <ele>1334.48</ele>
        <time>2026-05-17T15:40:17Z</time>
      </trkpt>
      <trkpt lat="44.13133" lon="-73.85034">
        <ele>1335.56</ele>
        <time>2026-05-17T15:40:27Z</time>
      </trkpt>
      <trkpt lat="44.13133" lon="-73.85037">
        <ele>1334.92</ele>
        <time>2026-05-17T15:40:48Z</time>
      </trkpt>
      <trkpt lat="44.13127" lon="-73.85038">
        <ele>1336.67</ele>
        <time>2026-05-17T15:41:01Z</time>
      </trkpt>
      <trkpt lat="44.13124" lon="-73.85029">
        <ele>1339.56</ele>
        <time>2026-05-17T15:41:11Z</time>
      </trkpt>
      <trkpt lat="44.13117" lon="-73.85025">
        <ele>1342.65</ele>
        <time>2026-05-17T15:41:24Z</time>
      </trkpt>
      <trkpt lat="44.13111" lon="-73.85025">
        <ele>1345.05</ele>
        <time>2026-05-17T15:41:39Z</time>
      </trkpt>
      <trkpt lat="44.13104" lon="-73.85024">
        <ele>1348.21</ele>
        <time>2026-05-17T15:42:03Z</time>
      </trkpt>
      <trkpt lat="44.13102" lon="-73.85021">
        <ele>1348.48</ele>
        <time>2026-05-17T15:42:13Z</time>
      </trkpt>
      <trkpt lat="44.13104" lon="-73.85024">
        <ele>1348.21</ele>
        <time>2026-05-17T15:42:26Z</time>
      </trkpt>
      <trkpt lat="44.13103" lon="-73.85027">
        <ele>1349.23</ele>
        <time>2026-05-17T15:42:33Z</time>
      </trkpt>
      <trkpt lat="44.131" lon="-73.85031">
        <ele>1350.33</ele>
        <time>2026-05-17T15:42:40Z</time>
      </trkpt>
      <trkpt lat="44.13098" lon="-73.85038">
        <ele>1350.19</ele>
        <time>2026-05-17T15:42:48Z</time>
      </trkpt>
      <trkpt lat="44.13098" lon="-73.8504">
        <ele>1349.72</ele>
        <time>2026-05-17T15:42:51Z</time>
      </trkpt>
      <trkpt lat="44.13097" lon="-73.85043">
        <ele>1349.27</ele>
        <time>2026-05-17T15:42:55Z</time>
      </trkpt>
      <trkpt lat="44.13096" lon="-73.85046">
        <ele>1348.95</ele>
        <time>2026-05-17T15:43:01Z</time>
      </trkpt>
      <trkpt lat="44.13096" lon="-73.8505">
        <ele>1347.7</ele>
        <time>2026-05-17T15:43:08Z</time>
      </trkpt>
      <trkpt lat="44.13093" lon="-73.85052">
        <ele>1348.02</ele>
        <time>2026-05-17T15:43:11Z</time>
      </trkpt>
      <trkpt lat="44.1309" lon="-73.85057">
        <ele>1346.5</ele>
        <time>2026-05-17T15:43:17Z</time>
      </trkpt>
      <trkpt lat="44.13089" lon="-73.85067">
        <ele>1345.01</ele>
        <time>2026-05-17T15:43:27Z</time>
      </trkpt>
      <trkpt lat="44.13089" lon="-73.85077">
        <ele>1343.46</ele>
        <time>2026-05-17T15:43:37Z</time>
      </trkpt>
      <trkpt lat="44.13087" lon="-73.85086">
        <ele>1343.21</ele>
        <time>2026-05-17T15:43:46Z</time>
      </trkpt>
      <trkpt lat="44.13085" lon="-73.85095">
        <ele>1343.38</ele>
        <time>2026-05-17T15:43:55Z</time>
      </trkpt>
      <trkpt lat="44.13082" lon="-73.85102">
        <ele>1343.0</ele>
        <time>2026-05-17T15:44:02Z</time>
      </trkpt>
      <trkpt lat="44.1308" lon="-73.85107">
        <ele>1343.0</ele>
        <time>2026-05-17T15:44:07Z</time>
      </trkpt>
      <trkpt lat="44.13079" lon="-73.85112">
        <ele>1342.95</ele>
        <time>2026-05-17T15:44:11Z</time>
      </trkpt>
      <trkpt lat="44.13078" lon="-73.85116">
        <ele>1342.78</ele>
        <time>2026-05-17T15:44:14Z</time>
      </trkpt>
      <trkpt lat="44.13079" lon="-73.85122">
        <ele>1342.12</ele>
        <time>2026-05-17T15:44:16Z</time>
      </trkpt>
      <trkpt lat="44.1308" lon="-73.85126">
        <ele>1341.14</ele>
        <time>2026-05-17T15:44:18Z</time>
      </trkpt>
      <trkpt lat="44.13082" lon="-73.85129">
        <ele>1340.28</ele>
        <time>2026-05-17T15:44:22Z</time>
      </trkpt>
      <trkpt lat="44.13085" lon="-73.85129">
        <ele>1339.42</ele>
        <time>2026-05-17T15:44:31Z</time>
      </trkpt>
      <trkpt lat="44.13085" lon="-73.85133">
        <ele>1338.55</ele>
        <time>2026-05-17T15:44:44Z</time>
      </trkpt>
      <trkpt lat="44.13083" lon="-73.85137">
        <ele>1338.44</ele>
        <time>2026-05-17T15:44:47Z</time>
      </trkpt>
      <trkpt lat="44.13082" lon="-73.85141">
        <ele>1337.49</ele>
        <time>2026-05-17T15:44:50Z</time>
      </trkpt>
      <trkpt lat="44.1308" lon="-73.85146">
        <ele>1336.33</ele>
        <time>2026-05-17T15:44:53Z</time>
      </trkpt>
      <trkpt lat="44.13079" lon="-73.8515">
        <ele>1335.44</ele>
        <time>2026-05-17T15:44:56Z</time>
      </trkpt>
      <trkpt lat="44.13079" lon="-73.85154">
        <ele>1334.38</ele>
        <time>2026-05-17T15:45:01Z</time>
      </trkpt>
      <trkpt lat="44.13078" lon="-73.85153">
        <ele>1334.8</ele>
        <time>2026-05-17T15:45:06Z</time>
      </trkpt>
      <trkpt lat="44.13078" lon="-73.85151">
        <ele>1335.36</ele>
        <time>2026-05-17T15:45:08Z</time>
      </trkpt>
      <trkpt lat="44.13075" lon="-73.85154">
        <ele>1334.97</ele>
        <time>2026-05-17T15:45:16Z</time>
      </trkpt>
      <trkpt lat="44.13074" lon="-73.85158">
        <ele>1333.86</ele>
        <time>2026-05-17T15:45:20Z</time>
      </trkpt>
      <trkpt lat="44.13073" lon="-73.85162">
        <ele>1332.78</ele>
        <time>2026-05-17T15:45:25Z</time>
      </trkpt>
      <trkpt lat="44.13071" lon="-73.85166">
        <ele>1331.48</ele>
        <time>2026-05-17T15:45:30Z</time>
      </trkpt>
      <trkpt lat="44.13068" lon="-73.85167">
        <ele>1330.58</ele>
        <time>2026-05-17T15:45:37Z</time>
      </trkpt>
      <trkpt lat="44.13066" lon="-73.85168">
        <ele>1329.82</ele>
        <time>2026-05-17T15:45:44Z</time>
      </trkpt>
      <trkpt lat="44.13066" lon="-73.85172">
        <ele>1328.53</ele>
        <time>2026-05-17T15:45:49Z</time>
      </trkpt>
      <trkpt lat="44.13069" lon="-73.85176">
        <ele>1327.87</ele>
        <time>2026-05-17T15:45:52Z</time>
      </trkpt>
      <trkpt lat="44.1307" lon="-73.85179">
        <ele>1326.79</ele>
        <time>2026-05-17T15:45:56Z</time>
      </trkpt>
      <trkpt lat="44.1307" lon="-73.85183">
        <ele>1325.06</ele>
        <time>2026-05-17T15:46:03Z</time>
      </trkpt>
      <trkpt lat="44.13073" lon="-73.85185">
        <ele>1324.85</ele>
        <time>2026-05-17T15:46:07Z</time>
      </trkpt>
      <trkpt lat="44.13076" lon="-73.85186">
        <ele>1324.46</ele>
        <time>2026-05-17T15:46:10Z</time>
      </trkpt>
      <trkpt lat="44.1308" lon="-73.85187">
        <ele>1323.7</ele>
        <time>2026-05-17T15:46:14Z</time>
      </trkpt>
      <trkpt lat="44.13082" lon="-73.85188">
        <ele>1323.19</ele>
        <time>2026-05-17T15:46:17Z</time>
      </trkpt>
      <trkpt lat="44.13085" lon="-73.8519">
        <ele>1321.91</ele>
        <time>2026-05-17T15:46:21Z</time>
      </trkpt>
      <trkpt lat="44.13087" lon="-73.85193">
        <ele>1320.55</ele>
        <time>2026-05-17T15:46:26Z</time>
      </trkpt>
      <trkpt lat="44.13088" lon="-73.85196">
        <ele>1319.66</ele>
        <time>2026-05-17T15:46:32Z</time>
      </trkpt>
      <trkpt lat="44.13088" lon="-73.85201">
        <ele>1318.58</ele>
        <time>2026-05-17T15:46:48Z</time>
      </trkpt>
      <trkpt lat="44.13089" lon="-73.85202">
        <ele>1318.14</ele>
        <time>2026-05-17T15:46:50Z</time>
      </trkpt>
      <trkpt lat="44.1309" lon="-73.85203">
        <ele>1317.71</ele>
        <time>2026-05-17T15:47:15Z</time>
      </trkpt>
      <trkpt lat="44.13091" lon="-73.85207">
        <ele>1316.99</ele>
        <time>2026-05-17T15:47:29Z</time>
      </trkpt>
      <trkpt lat="44.13091" lon="-73.8521">
        <ele>1316.66</ele>
        <time>2026-05-17T15:47:40Z</time>
      </trkpt>
      <trkpt lat="44.13088" lon="-73.85211">
        <ele>1317.2</ele>
        <time>2026-05-17T15:47:43Z</time>
      </trkpt>
      <trkpt lat="44.13086" lon="-73.85212">
        <ele>1317.53</ele>
        <time>2026-05-17T15:47:46Z</time>
      </trkpt>
      <trkpt lat="44.13082" lon="-73.85213">
        <ele>1317.99</ele>
        <time>2026-05-17T15:47:49Z</time>
      </trkpt>
      <trkpt lat="44.1308" lon="-73.85213">
        <ele>1317.99</ele>
        <time>2026-05-17T15:47:52Z</time>
      </trkpt>
      <trkpt lat="44.13077" lon="-73.85214">
        <ele>1317.85</ele>
        <time>2026-05-17T15:47:56Z</time>
      </trkpt>
      <trkpt lat="44.13074" lon="-73.85215">
        <ele>1317.76</ele>
        <time>2026-05-17T15:48:00Z</time>
      </trkpt>
      <trkpt lat="44.13071" lon="-73.85216">
        <ele>1317.01</ele>
        <time>2026-05-17T15:48:04Z</time>
      </trkpt>
      <trkpt lat="44.13068" lon="-73.85217">
        <ele>1316.25</ele>
        <time>2026-05-17T15:48:09Z</time>
      </trkpt>
      <trkpt lat="44.13065" lon="-73.85218">
        <ele>1315.5</ele>
        <time>2026-05-17T15:48:14Z</time>
      </trkpt>
      <trkpt lat="44.13068" lon="-73.85219">
        <ele>1316.04</ele>
        <time>2026-05-17T15:48:20Z</time>
      </trkpt>
      <trkpt lat="44.13069" lon="-73.8522">
        <ele>1316.14</ele>
        <time>2026-05-17T15:48:25Z</time>
      </trkpt>
      <trkpt lat="44.13066" lon="-73.85219">
        <ele>1315.6</ele>
        <time>2026-05-17T15:48:45Z</time>
      </trkpt>
      <trkpt lat="44.13064" lon="-73.85216">
        <ele>1315.5</ele>
        <time>2026-05-17T15:48:51Z</time>
      </trkpt>
      <trkpt lat="44.13062" lon="-73.85212">
        <ele>1315.6</ele>
        <time>2026-05-17T15:48:56Z</time>
      </trkpt>
      <trkpt lat="44.1306" lon="-73.85208">
        <ele>1316.03</ele>
        <time>2026-05-17T15:48:59Z</time>
      </trkpt>
      <trkpt lat="44.13059" lon="-73.85204">
        <ele>1316.68</ele>
        <time>2026-05-17T15:49:02Z</time>
      </trkpt>
      <trkpt lat="44.1306" lon="-73.852">
        <ele>1317.76</ele>
        <time>2026-05-17T15:49:09Z</time>
      </trkpt>
      <trkpt lat="44.13058" lon="-73.85196">
        <ele>1318.19</ele>
        <time>2026-05-17T15:49:15Z</time>
      </trkpt>
      <trkpt lat="44.13054" lon="-73.85194">
        <ele>1317.59</ele>
        <time>2026-05-17T15:49:19Z</time>
      </trkpt>
      <trkpt lat="44.13052" lon="-73.85191">
        <ele>1317.59</ele>
        <time>2026-05-17T15:49:22Z</time>
      </trkpt>
      <trkpt lat="44.1305" lon="-73.85185">
        <ele>1318.25</ele>
        <time>2026-05-17T15:49:28Z</time>
      </trkpt>
      <trkpt lat="44.1305" lon="-73.85178">
        <ele>1320.06</ele>
        <time>2026-05-17T15:49:36Z</time>
      </trkpt>
      <trkpt lat="44.13052" lon="-73.85171">
        <ele>1322.86</ele>
        <time>2026-05-17T15:49:49Z</time>
      </trkpt>
      <trkpt lat="44.13052" lon="-73.85169">
        <ele>1323.42</ele>
        <time>2026-05-17T15:49:55Z</time>
      </trkpt>
      <trkpt lat="44.13051" lon="-73.85172">
        <ele>1322.1</ele>
        <time>2026-05-17T15:50:01Z</time>
      </trkpt>
      <trkpt lat="44.13051" lon="-73.85168">
        <ele>1323.18</ele>
        <time>2026-05-17T15:50:23Z</time>
      </trkpt>
      <trkpt lat="44.13051" lon="-73.85164">
        <ele>1323.97</ele>
        <time>2026-05-17T15:50:27Z</time>
      </trkpt>
      <trkpt lat="44.1305" lon="-73.8516">
        <ele>1324.01</ele>
        <time>2026-05-17T15:50:31Z</time>
      </trkpt>
      <trkpt lat="44.1305" lon="-73.85155">
        <ele>1324.66</ele>
        <time>2026-05-17T15:50:35Z</time>
      </trkpt>
      <trkpt lat="44.1305" lon="-73.8515">
        <ele>1325.2</ele>
        <time>2026-05-17T15:50:37Z</time>
      </trkpt>
      <trkpt lat="44.1305" lon="-73.85145">
        <ele>1325.74</ele>
        <time>2026-05-17T15:50:40Z</time>
      </trkpt>
      <trkpt lat="44.1305" lon="-73.85142">
        <ele>1326.06</ele>
        <time>2026-05-17T15:50:44Z</time>
      </trkpt>
      <trkpt lat="44.13051" lon="-73.85137">
        <ele>1327.25</ele>
        <time>2026-05-17T15:50:51Z</time>
      </trkpt>
      <trkpt lat="44.13051" lon="-73.85133">
        <ele>1327.68</ele>
        <time>2026-05-17T15:50:56Z</time>
      </trkpt>
      <trkpt lat="44.13048" lon="-73.85131">
        <ele>1325.96</ele>
        <time>2026-05-17T15:51:00Z</time>
      </trkpt>
      <trkpt lat="44.13042" lon="-73.85126">
        <ele>1321.75</ele>
        <time>2026-05-17T15:51:09Z</time>
      </trkpt>
      <trkpt lat="44.13039" lon="-73.85118">
        <ele>1319.28</ele>
        <time>2026-05-17T15:51:31Z</time>
      </trkpt>
      <trkpt lat="44.13042" lon="-73.85119">
        <ele>1321.68</ele>
        <time>2026-05-17T15:52:05Z</time>
      </trkpt>
      <trkpt lat="44.13043" lon="-73.85116">
        <ele>1322.34</ele>
        <time>2026-05-17T15:52:17Z</time>
      </trkpt>
      <trkpt lat="44.13043" lon="-73.85111">
        <ele>1322.14</ele>
        <time>2026-05-17T15:52:21Z</time>
      </trkpt>
      <trkpt lat="44.13044" lon="-73.85109">
        <ele>1322.84</ele>
        <time>2026-05-17T15:52:44Z</time>
      </trkpt>
      <trkpt lat="44.13046" lon="-73.85104">
        <ele>1324.0</ele>
        <time>2026-05-17T15:52:54Z</time>
      </trkpt>
      <trkpt lat="44.13047" lon="-73.851">
        <ele>1324.59</ele>
        <time>2026-05-17T15:53:02Z</time>
      </trkpt>
      <trkpt lat="44.13048" lon="-73.85096">
        <ele>1325.36</ele>
        <time>2026-05-17T15:53:10Z</time>
      </trkpt>
      <trkpt lat="44.13047" lon="-73.85086">
        <ele>1323.87</ele>
        <time>2026-05-17T15:53:44Z</time>
      </trkpt>
      <trkpt lat="44.13048" lon="-73.85079">
        <ele>1324.0</ele>
        <time>2026-05-17T15:54:11Z</time>
      </trkpt>
      <trkpt lat="44.13046" lon="-73.8508">
        <ele>1322.42</ele>
        <time>2026-05-17T15:54:15Z</time>
      </trkpt>
      <trkpt lat="44.13044" lon="-73.85083">
        <ele>1321.23</ele>
        <time>2026-05-17T15:54:19Z</time>
      </trkpt>
      <trkpt lat="44.13047" lon="-73.85082">
        <ele>1323.46</ele>
        <time>2026-05-17T15:54:36Z</time>
      </trkpt>
      <trkpt lat="44.13049" lon="-73.85079">
        <ele>1324.87</ele>
        <time>2026-05-17T15:54:39Z</time>
      </trkpt>
      <trkpt lat="44.13046" lon="-73.85078">
        <ele>1322.2</ele>
        <time>2026-05-17T15:55:14Z</time>
      </trkpt>
      <trkpt lat="44.13045" lon="-73.85074">
        <ele>1321.01</ele>
        <time>2026-05-17T15:55:23Z</time>
      </trkpt>
      <trkpt lat="44.13045" lon="-73.8507">
        <ele>1320.58</ele>
        <time>2026-05-17T15:55:31Z</time>
      </trkpt>
      <trkpt lat="44.13045" lon="-73.85067">
        <ele>1320.26</ele>
        <time>2026-05-17T15:55:39Z</time>
      </trkpt>
      <trkpt lat="44.13045" lon="-73.85066">
        <ele>1320.15</ele>
        <time>2026-05-17T15:55:45Z</time>
      </trkpt>
      <trkpt lat="44.13045" lon="-73.85062">
        <ele>1319.98</ele>
        <time>2026-05-17T15:56:01Z</time>
      </trkpt>
      <trkpt lat="44.13045" lon="-73.85058">
        <ele>1319.92</ele>
        <time>2026-05-17T15:56:14Z</time>
      </trkpt>
      <trkpt lat="44.13043" lon="-73.85054">
        <ele>1317.98</ele>
        <time>2026-05-17T15:56:19Z</time>
      </trkpt>
      <trkpt lat="44.13041" lon="-73.85051">
        <ele>1315.93</ele>
        <time>2026-05-17T15:56:22Z</time>
      </trkpt>
      <trkpt lat="44.1304" lon="-73.85043">
        <ele>1314.09</ele>
        <time>2026-05-17T15:56:39Z</time>
      </trkpt>
      <trkpt lat="44.13038" lon="-73.85045">
        <ele>1312.68</ele>
        <time>2026-05-17T15:56:46Z</time>
      </trkpt>
      <trkpt lat="44.13038" lon="-73.85045">
        <ele>1312.68</ele>
        <time>2026-05-17T15:56:50Z</time>
      </trkpt>
      <trkpt lat="44.13042" lon="-73.85043">
        <ele>1315.74</ele>
        <time>2026-05-17T15:57:00Z</time>
      </trkpt>
      <trkpt lat="44.13045" lon="-73.85042">
        <ele>1318.02</ele>
        <time>2026-05-17T15:57:02Z</time>
      </trkpt>
      <trkpt lat="44.13047" lon="-73.8504">
        <ele>1319.22</ele>
        <time>2026-05-17T15:57:04Z</time>
      </trkpt>
      <trkpt lat="44.13048" lon="-73.85036">
        <ele>1319.36</ele>
        <time>2026-05-17T15:57:07Z</time>
      </trkpt>
      <trkpt lat="44.13047" lon="-73.85033">
        <ele>1318.17</ele>
        <time>2026-05-17T15:57:10Z</time>
      </trkpt>
      <trkpt lat="44.13045" lon="-73.85029">
        <ele>1316.15</ele>
        <time>2026-05-17T15:57:14Z</time>
      </trkpt>
      <trkpt lat="44.13043" lon="-73.85026">
        <ele>1314.32</ele>
        <time>2026-05-17T15:57:19Z</time>
      </trkpt>
      <trkpt lat="44.13042" lon="-73.85022">
        <ele>1313.13</ele>
        <time>2026-05-17T15:57:25Z</time>
      </trkpt>
      <trkpt lat="44.13042" lon="-73.85018">
        <ele>1312.7</ele>
        <time>2026-05-17T15:57:30Z</time>
      </trkpt>
      <trkpt lat="44.13043" lon="-73.85014">
        <ele>1313.02</ele>
        <time>2026-05-17T15:57:35Z</time>
      </trkpt>
      <trkpt lat="44.13043" lon="-73.8501">
        <ele>1312.59</ele>
        <time>2026-05-17T15:57:39Z</time>
      </trkpt>
      <trkpt lat="44.13043" lon="-73.85006">
        <ele>1312.16</ele>
        <time>2026-05-17T15:57:45Z</time>
      </trkpt>
      <trkpt lat="44.13049" lon="-73.85001">
        <ele>1316.15</ele>
        <time>2026-05-17T15:58:03Z</time>
      </trkpt>
      <trkpt lat="44.13053" lon="-73.84993">
        <ele>1318.31</ele>
        <time>2026-05-17T15:58:19Z</time>
      </trkpt>
      <trkpt lat="44.13055" lon="-73.84984">
        <ele>1318.85</ele>
        <time>2026-05-17T15:58:42Z</time>
      </trkpt>
      <trkpt lat="44.13056" lon="-73.84976">
        <ele>1318.67</ele>
        <time>2026-05-17T15:59:00Z</time>
      </trkpt>
      <trkpt lat="44.13052" lon="-73.84974">
        <ele>1315.5</ele>
        <time>2026-05-17T15:59:06Z</time>
      </trkpt>
      <trkpt lat="44.13052" lon="-73.8497">
        <ele>1315.07</ele>
        <time>2026-05-17T15:59:15Z</time>
      </trkpt>
      <trkpt lat="44.13053" lon="-73.84966">
        <ele>1315.4</ele>
        <time>2026-05-17T15:59:42Z</time>
      </trkpt>
      <trkpt lat="44.13053" lon="-73.84962">
        <ele>1314.89</ele>
        <time>2026-05-17T15:59:49Z</time>
      </trkpt>
      <trkpt lat="44.13053" lon="-73.84958">
        <ele>1314.14</ele>
        <time>2026-05-17T15:59:55Z</time>
      </trkpt>
      <trkpt lat="44.13055" lon="-73.84948">
        <ele>1314.02</ele>
        <time>2026-05-17T16:00:09Z</time>
      </trkpt>
      <trkpt lat="44.13055" lon="-73.84941">
        <ele>1312.94</ele>
        <time>2026-05-17T16:00:19Z</time>
      </trkpt>
      <trkpt lat="44.13056" lon="-73.84931">
        <ele>1311.22</ele>
        <time>2026-05-17T16:00:32Z</time>
      </trkpt>
      <trkpt lat="44.13057" lon="-73.84921">
        <ele>1309.61</ele>
        <time>2026-05-17T16:00:44Z</time>
      </trkpt>
      <trkpt lat="44.13057" lon="-73.84911">
        <ele>1307.68</ele>
        <time>2026-05-17T16:00:55Z</time>
      </trkpt>
      <trkpt lat="44.13058" lon="-73.84903">
        <ele>1306.13</ele>
        <time>2026-05-17T16:01:06Z</time>
      </trkpt>
      <trkpt lat="44.13058" lon="-73.84898">
        <ele>1305.44</ele>
        <time>2026-05-17T16:01:11Z</time>
      </trkpt>
      <trkpt lat="44.13058" lon="-73.84894">
        <ele>1304.58</ele>
        <time>2026-05-17T16:01:13Z</time>
      </trkpt>
      <trkpt lat="44.13057" lon="-73.84891">
        <ele>1304.14</ele>
        <time>2026-05-17T16:01:15Z</time>
      </trkpt>
      <trkpt lat="44.13056" lon="-73.84887">
        <ele>1303.69</ele>
        <time>2026-05-17T16:01:20Z</time>
      </trkpt>
      <trkpt lat="44.13055" lon="-73.84883">
        <ele>1303.36</ele>
        <time>2026-05-17T16:01:28Z</time>
      </trkpt>
      <trkpt lat="44.13055" lon="-73.84882">
        <ele>1303.26</ele>
        <time>2026-05-17T16:01:31Z</time>
      </trkpt>
      <trkpt lat="44.13055" lon="-73.84878">
        <ele>1302.82</ele>
        <time>2026-05-17T16:01:39Z</time>
      </trkpt>
      <trkpt lat="44.13055" lon="-73.84874">
        <ele>1302.39</ele>
        <time>2026-05-17T16:01:51Z</time>
      </trkpt>
      <trkpt lat="44.13058" lon="-73.84875">
        <ele>1301.58</ele>
        <time>2026-05-17T16:02:06Z</time>
      </trkpt>
      <trkpt lat="44.13061" lon="-73.84875">
        <ele>1300.44</ele>
        <time>2026-05-17T16:02:09Z</time>
      </trkpt>
      <trkpt lat="44.13062" lon="-73.84872">
        <ele>1299.51</ele>
        <time>2026-05-17T16:02:16Z</time>
      </trkpt>
      <trkpt lat="44.13064" lon="-73.84869">
        <ele>1297.92</ele>
        <time>2026-05-17T16:02:20Z</time>
      </trkpt>
      <trkpt lat="44.13067" lon="-73.8486">
        <ele>1293.22</ele>
        <time>2026-05-17T16:02:33Z</time>
      </trkpt>
      <trkpt lat="44.1307" lon="-73.84856">
        <ele>1289.98</ele>
        <time>2026-05-17T16:02:50Z</time>
      </trkpt>
      <trkpt lat="44.1307" lon="-73.84852">
        <ele>1288.69</ele>
        <time>2026-05-17T16:03:03Z</time>
      </trkpt>
      <trkpt lat="44.13068" lon="-73.84849">
        <ele>1289.32</ele>
        <time>2026-05-17T16:03:10Z</time>
      </trkpt>
      <trkpt lat="44.13068" lon="-73.84852">
        <ele>1289.98</ele>
        <time>2026-05-17T16:03:22Z</time>
      </trkpt>
      <trkpt lat="44.13069" lon="-73.84855">
        <ele>1290.31</ele>
        <time>2026-05-17T16:03:27Z</time>
      </trkpt>
      <trkpt lat="44.13071" lon="-73.84853">
        <ele>1288.36</ele>
        <time>2026-05-17T16:03:43Z</time>
      </trkpt>
      <trkpt lat="44.13071" lon="-73.8485">
        <ele>1287.59</ele>
        <time>2026-05-17T16:03:46Z</time>
      </trkpt>
      <trkpt lat="44.13071" lon="-73.84846">
        <ele>1286.73</ele>
        <time>2026-05-17T16:03:49Z</time>
      </trkpt>
      <trkpt lat="44.13071" lon="-73.84842">
        <ele>1285.8</ele>
        <time>2026-05-17T16:03:53Z</time>
      </trkpt>
      <trkpt lat="44.13071" lon="-73.84838">
        <ele>1284.5</ele>
        <time>2026-05-17T16:04:00Z</time>
      </trkpt>
      <trkpt lat="44.13072" lon="-73.84834">
        <ele>1282.56</ele>
        <time>2026-05-17T16:04:54Z</time>
      </trkpt>
      <trkpt lat="44.13078" lon="-73.84832">
        <ele>1279.02</ele>
        <time>2026-05-17T16:05:28Z</time>
      </trkpt>
      <trkpt lat="44.13081" lon="-73.84824">
        <ele>1275.99</ele>
        <time>2026-05-17T16:05:44Z</time>
      </trkpt>
      <trkpt lat="44.13082" lon="-73.84814">
        <ele>1273.32</ele>
        <time>2026-05-17T16:05:55Z</time>
      </trkpt>
      <trkpt lat="44.13082" lon="-73.84802">
        <ele>1270.01</ele>
        <time>2026-05-17T16:05:58Z</time>
      </trkpt>
      <trkpt lat="44.13082" lon="-73.84792">
        <ele>1268.33</ele>
        <time>2026-05-17T16:06:02Z</time>
      </trkpt>
      <trkpt lat="44.13078" lon="-73.84784">
        <ele>1269.41</ele>
        <time>2026-05-17T16:06:08Z</time>
      </trkpt>
      <trkpt lat="44.13073" lon="-73.84781">
        <ele>1271.97</ele>
        <time>2026-05-17T16:06:13Z</time>
      </trkpt>
      <trkpt lat="44.13072" lon="-73.84785">
        <ele>1273.07</ele>
        <time>2026-05-17T16:06:18Z</time>
      </trkpt>
      <trkpt lat="44.13073" lon="-73.84781">
        <ele>1271.97</ele>
        <time>2026-05-17T16:06:33Z</time>
      </trkpt>
      <trkpt lat="44.13073" lon="-73.84777">
        <ele>1271.41</ele>
        <time>2026-05-17T16:06:36Z</time>
      </trkpt>
      <trkpt lat="44.13073" lon="-73.84773">
        <ele>1270.55</ele>
        <time>2026-05-17T16:06:39Z</time>
      </trkpt>
      <trkpt lat="44.13071" lon="-73.84769">
        <ele>1270.76</ele>
        <time>2026-05-17T16:06:42Z</time>
      </trkpt>
      <trkpt lat="44.1307" lon="-73.84765">
        <ele>1270.82</ele>
        <time>2026-05-17T16:06:45Z</time>
      </trkpt>
      <trkpt lat="44.13069" lon="-73.84761">
        <ele>1270.93</ele>
        <time>2026-05-17T16:06:49Z</time>
      </trkpt>
      <trkpt lat="44.13068" lon="-73.84758">
        <ele>1271.05</ele>
        <time>2026-05-17T16:06:52Z</time>
      </trkpt>
      <trkpt lat="44.13068" lon="-73.84754">
        <ele>1270.34</ele>
        <time>2026-05-17T16:06:56Z</time>
      </trkpt>
      <trkpt lat="44.13068" lon="-73.84749">
        <ele>1269.41</ele>
        <time>2026-05-17T16:07:01Z</time>
      </trkpt>
      <trkpt lat="44.13068" lon="-73.84745">
        <ele>1268.54</ele>
        <time>2026-05-17T16:07:06Z</time>
      </trkpt>
      <trkpt lat="44.13067" lon="-73.84742">
        <ele>1268.33</ele>
        <time>2026-05-17T16:07:11Z</time>
      </trkpt>
      <trkpt lat="44.13068" lon="-73.84741">
        <ele>1267.68</ele>
        <time>2026-05-17T16:07:13Z</time>
      </trkpt>
      <trkpt lat="44.1307" lon="-73.84742">
        <ele>1267.03</ele>
        <time>2026-05-17T16:07:16Z</time>
      </trkpt>
      <trkpt lat="44.13073" lon="-73.84743">
        <ele>1265.95</ele>
        <time>2026-05-17T16:07:21Z</time>
      </trkpt>
      <trkpt lat="44.13075" lon="-73.8474">
        <ele>1264.42</ele>
        <time>2026-05-17T16:07:27Z</time>
      </trkpt>
      <trkpt lat="44.13076" lon="-73.84736">
        <ele>1263.45</ele>
        <time>2026-05-17T16:07:32Z</time>
      </trkpt>
      <trkpt lat="44.13076" lon="-73.84731">
        <ele>1262.87</ele>
        <time>2026-05-17T16:07:37Z</time>
      </trkpt>
      <trkpt lat="44.13077" lon="-73.84728">
        <ele>1261.79</ele>
        <time>2026-05-17T16:07:42Z</time>
      </trkpt>
      <trkpt lat="44.13079" lon="-73.84724">
        <ele>1260.15</ele>
        <time>2026-05-17T16:07:47Z</time>
      </trkpt>
      <trkpt lat="44.13083" lon="-73.84716">
        <ele>1257.5</ele>
        <time>2026-05-17T16:08:02Z</time>
      </trkpt>
      <trkpt lat="44.13085" lon="-73.84707">
        <ele>1255.46</ele>
        <time>2026-05-17T16:08:13Z</time>
      </trkpt>
      <trkpt lat="44.13087" lon="-73.84698">
        <ele>1253.16</ele>
        <time>2026-05-17T16:08:23Z</time>
      </trkpt>
      <trkpt lat="44.13088" lon="-73.84691">
        <ele>1251.23</ele>
        <time>2026-05-17T16:08:34Z</time>
      </trkpt>
      <trkpt lat="44.13085" lon="-73.84691">
        <ele>1253.18</ele>
        <time>2026-05-17T16:08:47Z</time>
      </trkpt>
      <trkpt lat="44.13085" lon="-73.84688">
        <ele>1252.53</ele>
        <time>2026-05-17T16:09:35Z</time>
      </trkpt>
      <trkpt lat="44.13085" lon="-73.84685">
        <ele>1251.86</ele>
        <time>2026-05-17T16:09:47Z</time>
      </trkpt>
      <trkpt lat="44.13086" lon="-73.84681">
        <ele>1250.05</ele>
        <time>2026-05-17T16:09:50Z</time>
      </trkpt>
      <trkpt lat="44.13086" lon="-73.84676">
        <ele>1248.58</ele>
        <time>2026-05-17T16:09:54Z</time>
      </trkpt>
      <trkpt lat="44.13088" lon="-73.84676">
        <ele>1247.5</ele>
        <time>2026-05-17T16:09:56Z</time>
      </trkpt>
      <trkpt lat="44.1309" lon="-73.84676">
        <ele>1246.42</ele>
        <time>2026-05-17T16:09:58Z</time>
      </trkpt>
      <trkpt lat="44.13092" lon="-73.84672">
        <ele>1244.08</ele>
        <time>2026-05-17T16:10:20Z</time>
      </trkpt>
      <trkpt lat="44.13094" lon="-73.84667">
        <ele>1241.19</ele>
        <time>2026-05-17T16:10:39Z</time>
      </trkpt>
      <trkpt lat="44.13091" lon="-73.84669">
        <ele>1243.74</ele>
        <time>2026-05-17T16:11:22Z</time>
      </trkpt>
      <trkpt lat="44.1309" lon="-73.84669">
        <ele>1244.37</ele>
        <time>2026-05-17T16:13:05Z</time>
      </trkpt>
      <trkpt lat="44.1309" lon="-73.8466">
        <ele>1242.04</ele>
        <time>2026-05-17T16:13:33Z</time>
      </trkpt>
      <trkpt lat="44.1309" lon="-73.84649">
        <ele>1239.58</ele>
        <time>2026-05-17T16:13:37Z</time>
      </trkpt>
      <trkpt lat="44.13089" lon="-73.8464">
        <ele>1238.18</ele>
        <time>2026-05-17T16:13:42Z</time>
      </trkpt>
      <trkpt lat="44.13089" lon="-73.8463">
        <ele>1236.02</ele>
        <time>2026-05-17T16:13:51Z</time>
      </trkpt>
      <trkpt lat="44.13087" lon="-73.84626">
        <ele>1236.0</ele>
        <time>2026-05-17T16:14:07Z</time>
      </trkpt>
      <trkpt lat="44.13087" lon="-73.84635">
        <ele>1238.18</ele>
        <time>2026-05-17T16:14:17Z</time>
      </trkpt>
      <trkpt lat="44.13084" lon="-73.84626">
        <ele>1237.49</ele>
        <time>2026-05-17T16:14:51Z</time>
      </trkpt>
      <trkpt lat="44.13083" lon="-73.84616">
        <ele>1235.15</ele>
        <time>2026-05-17T16:15:01Z</time>
      </trkpt>
      <trkpt lat="44.13081" lon="-73.84608">
        <ele>1234.08</ele>
        <time>2026-05-17T16:15:10Z</time>
      </trkpt>
      <trkpt lat="44.1308" lon="-73.84598">
        <ele>1232.53</ele>
        <time>2026-05-17T16:15:23Z</time>
      </trkpt>
      <trkpt lat="44.13079" lon="-73.84589">
        <ele>1231.08</ele>
        <time>2026-05-17T16:15:36Z</time>
      </trkpt>
      <trkpt lat="44.13078" lon="-73.84579">
        <ele>1229.64</ele>
        <time>2026-05-17T16:15:50Z</time>
      </trkpt>
      <trkpt lat="44.13077" lon="-73.84569">
        <ele>1228.14</ele>
        <time>2026-05-17T16:16:09Z</time>
      </trkpt>
      <trkpt lat="44.13076" lon="-73.8456">
        <ele>1226.86</ele>
        <time>2026-05-17T16:16:23Z</time>
      </trkpt>
      <trkpt lat="44.13075" lon="-73.8455">
        <ele>1225.4</ele>
        <time>2026-05-17T16:16:35Z</time>
      </trkpt>
      <trkpt lat="44.13075" lon="-73.84541">
        <ele>1224.43</ele>
        <time>2026-05-17T16:16:47Z</time>
      </trkpt>
      <trkpt lat="44.13077" lon="-73.84529">
        <ele>1223.13</ele>
        <time>2026-05-17T16:16:57Z</time>
      </trkpt>
      <trkpt lat="44.13081" lon="-73.84521">
        <ele>1223.0</ele>
        <time>2026-05-17T16:16:59Z</time>
      </trkpt>
      <trkpt lat="44.13086" lon="-73.84511">
        <ele>1222.71</ele>
        <time>2026-05-17T16:17:02Z</time>
      </trkpt>
      <trkpt lat="44.1309" lon="-73.84503">
        <ele>1222.28</ele>
        <time>2026-05-17T16:17:09Z</time>
      </trkpt>
      <trkpt lat="44.13093" lon="-73.84493">
        <ele>1221.87</ele>
        <time>2026-05-17T16:17:17Z</time>
      </trkpt>
      <trkpt lat="44.13097" lon="-73.84485">
        <ele>1220.87</ele>
        <time>2026-05-17T16:17:24Z</time>
      </trkpt>
      <trkpt lat="44.131" lon="-73.84477">
        <ele>1220.4</ele>
        <time>2026-05-17T16:17:32Z</time>
      </trkpt>
      <trkpt lat="44.13103" lon="-73.84468">
        <ele>1220.08</ele>
        <time>2026-05-17T16:17:41Z</time>
      </trkpt>
      <trkpt lat="44.13106" lon="-73.8446">
        <ele>1219.8</ele>
        <time>2026-05-17T16:17:51Z</time>
      </trkpt>
      <trkpt lat="44.13108" lon="-73.8445">
        <ele>1220.07</ele>
        <time>2026-05-17T16:17:59Z</time>
      </trkpt>
      <trkpt lat="44.1311" lon="-73.8444">
        <ele>1220.72</ele>
        <time>2026-05-17T16:18:07Z</time>
      </trkpt>
      <trkpt lat="44.13112" lon="-73.84431">
        <ele>1221.12</ele>
        <time>2026-05-17T16:18:15Z</time>
      </trkpt>
      <trkpt lat="44.13114" lon="-73.84422">
        <ele>1220.88</ele>
        <time>2026-05-17T16:18:24Z</time>
      </trkpt>
      <trkpt lat="44.13117" lon="-73.84413">
        <ele>1220.09</ele>
        <time>2026-05-17T16:18:34Z</time>
      </trkpt>
      <trkpt lat="44.1312" lon="-73.84404">
        <ele>1219.13</ele>
        <time>2026-05-17T16:18:44Z</time>
      </trkpt>
      <trkpt lat="44.13123" lon="-73.84395">
        <ele>1218.29</ele>
        <time>2026-05-17T16:18:54Z</time>
      </trkpt>
      <trkpt lat="44.13125" lon="-73.84386">
        <ele>1217.34</ele>
        <time>2026-05-17T16:19:03Z</time>
      </trkpt>
      <trkpt lat="44.13127" lon="-73.84377">
        <ele>1215.85</ele>
        <time>2026-05-17T16:19:12Z</time>
      </trkpt>
      <trkpt lat="44.13128" lon="-73.84367">
        <ele>1214.34</ele>
        <time>2026-05-17T16:19:21Z</time>
      </trkpt>
      <trkpt lat="44.13127" lon="-73.84363">
        <ele>1214.34</ele>
        <time>2026-05-17T16:19:26Z</time>
      </trkpt>
      <trkpt lat="44.13124" lon="-73.84362">
        <ele>1215.53</ele>
        <time>2026-05-17T16:19:29Z</time>
      </trkpt>
      <trkpt lat="44.13122" lon="-73.84359">
        <ele>1216.03</ele>
        <time>2026-05-17T16:19:39Z</time>
      </trkpt>
      <trkpt lat="44.13123" lon="-73.84355">
        <ele>1215.02</ele>
        <time>2026-05-17T16:19:46Z</time>
      </trkpt>
      <trkpt lat="44.13123" lon="-73.84351">
        <ele>1214.4</ele>
        <time>2026-05-17T16:19:51Z</time>
      </trkpt>
      <trkpt lat="44.13123" lon="-73.84348">
        <ele>1213.75</ele>
        <time>2026-05-17T16:19:56Z</time>
      </trkpt>
      <trkpt lat="44.13123" lon="-73.84345">
        <ele>1213.1</ele>
        <time>2026-05-17T16:20:01Z</time>
      </trkpt>
      <trkpt lat="44.13123" lon="-73.84343">
        <ele>1212.67</ele>
        <time>2026-05-17T16:20:05Z</time>
      </trkpt>
      <trkpt lat="44.13122" lon="-73.84339">
        <ele>1212.34</ele>
        <time>2026-05-17T16:20:10Z</time>
      </trkpt>
      <trkpt lat="44.13121" lon="-73.84335">
        <ele>1212.02</ele>
        <time>2026-05-17T16:20:15Z</time>
      </trkpt>
      <trkpt lat="44.13121" lon="-73.84331">
        <ele>1210.65</ele>
        <time>2026-05-17T16:20:21Z</time>
      </trkpt>
      <trkpt lat="44.1312" lon="-73.84327">
        <ele>1209.5</ele>
        <time>2026-05-17T16:20:26Z</time>
      </trkpt>
      <trkpt lat="44.13119" lon="-73.84323">
        <ele>1208.52</ele>
        <time>2026-05-17T16:20:32Z</time>
      </trkpt>
      <trkpt lat="44.13115" lon="-73.84321">
        <ele>1210.29</ele>
        <time>2026-05-17T16:20:36Z</time>
      </trkpt>
      <trkpt lat="44.13112" lon="-73.84319">
        <ele>1211.28</ele>
        <time>2026-05-17T16:20:39Z</time>
      </trkpt>
      <trkpt lat="44.13113" lon="-73.84315">
        <ele>1209.06</ele>
        <time>2026-05-17T16:20:46Z</time>
      </trkpt>
      <trkpt lat="44.13111" lon="-73.84312">
        <ele>1208.84</ele>
        <time>2026-05-17T16:20:52Z</time>
      </trkpt>
      <trkpt lat="44.13111" lon="-73.84308">
        <ele>1207.11</ele>
        <time>2026-05-17T16:21:14Z</time>
      </trkpt>
      <trkpt lat="44.1311" lon="-73.84305">
        <ele>1206.23</ele>
        <time>2026-05-17T16:21:20Z</time>
      </trkpt>
      <trkpt lat="44.13107" lon="-73.84303">
        <ele>1206.55</ele>
        <time>2026-05-17T16:21:23Z</time>
      </trkpt>
      <trkpt lat="44.13103" lon="-73.84302">
        <ele>1207.63</ele>
        <time>2026-05-17T16:21:26Z</time>
      </trkpt>
      <trkpt lat="44.13102" lon="-73.84299">
        <ele>1206.41</ele>
        <time>2026-05-17T16:21:39Z</time>
      </trkpt>
      <trkpt lat="44.13099" lon="-73.84296">
        <ele>1206.09</ele>
        <time>2026-05-17T16:21:48Z</time>
      </trkpt>
      <trkpt lat="44.13098" lon="-73.84293">
        <ele>1205.09</ele>
        <time>2026-05-17T16:21:56Z</time>
      </trkpt>
      <trkpt lat="44.13097" lon="-73.84289">
        <ele>1203.53</ele>
        <time>2026-05-17T16:22:10Z</time>
      </trkpt>
      <trkpt lat="44.13096" lon="-73.84293">
        <ele>1205.88</ele>
        <time>2026-05-17T16:22:20Z</time>
      </trkpt>
      <trkpt lat="44.13096" lon="-73.84294">
        <ele>1206.38</ele>
        <time>2026-05-17T16:22:32Z</time>
      </trkpt>
      <trkpt lat="44.13095" lon="-73.84291">
        <ele>1205.25</ele>
        <time>2026-05-17T16:22:57Z</time>
      </trkpt>
      <trkpt lat="44.13095" lon="-73.84287">
        <ele>1203.2</ele>
        <time>2026-05-17T16:23:05Z</time>
      </trkpt>
      <trkpt lat="44.13093" lon="-73.84284">
        <ele>1202.23</ele>
        <time>2026-05-17T16:23:11Z</time>
      </trkpt>
      <trkpt lat="44.1309" lon="-73.84283">
        <ele>1202.66</ele>
        <time>2026-05-17T16:23:13Z</time>
      </trkpt>
      <trkpt lat="44.13087" lon="-73.84283">
        <ele>1203.63</ele>
        <time>2026-05-17T16:23:15Z</time>
      </trkpt>
      <trkpt lat="44.13084" lon="-73.84282">
        <ele>1204.06</ele>
        <time>2026-05-17T16:23:18Z</time>
      </trkpt>
      <trkpt lat="44.13082" lon="-73.84281">
        <ele>1204.17</ele>
        <time>2026-05-17T16:23:21Z</time>
      </trkpt>
      <trkpt lat="44.1308" lon="-73.84279">
        <ele>1203.74</ele>
        <time>2026-05-17T16:23:27Z</time>
      </trkpt>
      <trkpt lat="44.13077" lon="-73.84278">
        <ele>1204.17</ele>
        <time>2026-05-17T16:24:02Z</time>
      </trkpt>
      <trkpt lat="44.13073" lon="-73.84277">
        <ele>1204.92</ele>
        <time>2026-05-17T16:24:05Z</time>
      </trkpt>
      <trkpt lat="44.13072" lon="-73.84275">
        <ele>1204.1</ele>
        <time>2026-05-17T16:24:11Z</time>
      </trkpt>
      <trkpt lat="44.13071" lon="-73.84273">
        <ele>1203.24</ele>
        <time>2026-05-17T16:24:15Z</time>
      </trkpt>
      <trkpt lat="44.13068" lon="-73.84271">
        <ele>1202.83</ele>
        <time>2026-05-17T16:24:20Z</time>
      </trkpt>
      <trkpt lat="44.13066" lon="-73.8427">
        <ele>1202.68</ele>
        <time>2026-05-17T16:24:24Z</time>
      </trkpt>
      <trkpt lat="44.13063" lon="-73.84268">
        <ele>1202.3</ele>
        <time>2026-05-17T16:24:28Z</time>
      </trkpt>
      <trkpt lat="44.1306" lon="-73.84267">
        <ele>1202.65</ele>
        <time>2026-05-17T16:24:33Z</time>
      </trkpt>
      <trkpt lat="44.13058" lon="-73.84264">
        <ele>1201.41</ele>
        <time>2026-05-17T16:24:39Z</time>
      </trkpt>
      <trkpt lat="44.13055" lon="-73.84262">
        <ele>1200.9</ele>
        <time>2026-05-17T16:24:44Z</time>
      </trkpt>
      <trkpt lat="44.13053" lon="-73.8426">
        <ele>1200.03</ele>
        <time>2026-05-17T16:24:50Z</time>
      </trkpt>
      <trkpt lat="44.13051" lon="-73.84257">
        <ele>1198.76</ele>
        <time>2026-05-17T16:24:56Z</time>
      </trkpt>
      <trkpt lat="44.13049" lon="-73.84254">
        <ele>1197.58</ele>
        <time>2026-05-17T16:25:01Z</time>
      </trkpt>
      <trkpt lat="44.13047" lon="-73.84252">
        <ele>1196.93</ele>
        <time>2026-05-17T16:25:06Z</time>
      </trkpt>
      <trkpt lat="44.13045" lon="-73.8425">
        <ele>1196.14</ele>
        <time>2026-05-17T16:25:14Z</time>
      </trkpt>
      <trkpt lat="44.13042" lon="-73.84248">
        <ele>1195.48</ele>
        <time>2026-05-17T16:25:22Z</time>
      </trkpt>
      <trkpt lat="44.1304" lon="-73.84246">
        <ele>1194.81</ele>
        <time>2026-05-17T16:25:31Z</time>
      </trkpt>
      <trkpt lat="44.13037" lon="-73.84243">
        <ele>1193.98</ele>
        <time>2026-05-17T16:25:37Z</time>
      </trkpt>
      <trkpt lat="44.13034" lon="-73.84242">
        <ele>1193.92</ele>
        <time>2026-05-17T16:25:40Z</time>
      </trkpt>
      <trkpt lat="44.13031" lon="-73.84245">
        <ele>1195.79</ele>
        <time>2026-05-17T16:25:46Z</time>
      </trkpt>
      <trkpt lat="44.1303" lon="-73.84245">
        <ele>1195.95</ele>
        <time>2026-05-17T16:25:52Z</time>
      </trkpt>
      <trkpt lat="44.13029" lon="-73.84243">
        <ele>1195.06</ele>
        <time>2026-05-17T16:25:55Z</time>
      </trkpt>
      <trkpt lat="44.13027" lon="-73.84241">
        <ele>1194.22</ele>
        <time>2026-05-17T16:26:03Z</time>
      </trkpt>
      <trkpt lat="44.13024" lon="-73.84239">
        <ele>1193.54</ele>
        <time>2026-05-17T16:26:13Z</time>
      </trkpt>
      <trkpt lat="44.13022" lon="-73.84235">
        <ele>1191.91</ele>
        <time>2026-05-17T16:26:22Z</time>
      </trkpt>
      <trkpt lat="44.13021" lon="-73.84232">
        <ele>1190.7</ele>
        <time>2026-05-17T16:26:30Z</time>
      </trkpt>
      <trkpt lat="44.1302" lon="-73.84228">
        <ele>1188.86</ele>
        <time>2026-05-17T16:26:38Z</time>
      </trkpt>
      <trkpt lat="44.1302" lon="-73.84226">
        <ele>1187.81</ele>
        <time>2026-05-17T16:26:42Z</time>
      </trkpt>
      <trkpt lat="44.1302" lon="-73.84224">
        <ele>1186.77</ele>
        <time>2026-05-17T16:26:45Z</time>
      </trkpt>
      <trkpt lat="44.13019" lon="-73.84221">
        <ele>1185.29</ele>
        <time>2026-05-17T16:26:56Z</time>
      </trkpt>
      <trkpt lat="44.13017" lon="-73.84218">
        <ele>1183.88</ele>
        <time>2026-05-17T16:27:06Z</time>
      </trkpt>
      <trkpt lat="44.13015" lon="-73.84215">
        <ele>1182.48</ele>
        <time>2026-05-17T16:27:15Z</time>
      </trkpt>
      <trkpt lat="44.13013" lon="-73.84212">
        <ele>1181.03</ele>
        <time>2026-05-17T16:27:24Z</time>
      </trkpt>
      <trkpt lat="44.13011" lon="-73.8421">
        <ele>1180.15</ele>
        <time>2026-05-17T16:27:31Z</time>
      </trkpt>
      <trkpt lat="44.13011" lon="-73.84209">
        <ele>1179.59</ele>
        <time>2026-05-17T16:27:33Z</time>
      </trkpt>
      <trkpt lat="44.13009" lon="-73.84208">
        <ele>1179.35</ele>
        <time>2026-05-17T16:27:38Z</time>
      </trkpt>
      <trkpt lat="44.13005" lon="-73.84207">
        <ele>1179.24</ele>
        <time>2026-05-17T16:27:41Z</time>
      </trkpt>
      <trkpt lat="44.13003" lon="-73.84205">
        <ele>1178.38</ele>
        <time>2026-05-17T16:27:46Z</time>
      </trkpt>
      <trkpt lat="44.13003" lon="-73.84201">
        <ele>1176.12</ele>
        <time>2026-05-17T16:27:58Z</time>
      </trkpt>
      <trkpt lat="44.13" lon="-73.84199">
        <ele>1175.46</ele>
        <time>2026-05-17T16:28:05Z</time>
      </trkpt>
      <trkpt lat="44.12997" lon="-73.84198">
        <ele>1175.24</ele>
        <time>2026-05-17T16:28:08Z</time>
      </trkpt>
      <trkpt lat="44.12994" lon="-73.84197">
        <ele>1175.03</ele>
        <time>2026-05-17T16:28:11Z</time>
      </trkpt>
      <trkpt lat="44.12991" lon="-73.84196">
        <ele>1174.81</ele>
        <time>2026-05-17T16:28:15Z</time>
      </trkpt>
      <trkpt lat="44.12989" lon="-73.84194">
        <ele>1174.18</ele>
        <time>2026-05-17T16:28:21Z</time>
      </trkpt>
      <trkpt lat="44.12988" lon="-73.84193">
        <ele>1173.97</ele>
        <time>2026-05-17T16:28:24Z</time>
      </trkpt>
      <trkpt lat="44.12987" lon="-73.8419">
        <ele>1172.89</ele>
        <time>2026-05-17T16:28:32Z</time>
      </trkpt>
      <trkpt lat="44.12985" lon="-73.84187">
        <ele>1172.02</ele>
        <time>2026-05-17T16:28:41Z</time>
      </trkpt>
      <trkpt lat="44.12983" lon="-73.84184">
        <ele>1171.03</ele>
        <time>2026-05-17T16:28:54Z</time>
      </trkpt>
      <trkpt lat="44.12982" lon="-73.84181">
        <ele>1169.63</ele>
        <time>2026-05-17T16:29:08Z</time>
      </trkpt>
      <trkpt lat="44.12981" lon="-73.8418">
        <ele>1169.28</ele>
        <time>2026-05-17T16:29:13Z</time>
      </trkpt>
      <trkpt lat="44.1298" lon="-73.84177">
        <ele>1167.88</ele>
        <time>2026-05-17T16:29:23Z</time>
      </trkpt>
      <trkpt lat="44.12978" lon="-73.84174">
        <ele>1166.5</ele>
        <time>2026-05-17T16:29:33Z</time>
      </trkpt>
      <trkpt lat="44.12974" lon="-73.84173">
        <ele>1166.72</ele>
        <time>2026-05-17T16:29:36Z</time>
      </trkpt>
      <trkpt lat="44.12971" lon="-73.84172">
        <ele>1166.72</ele>
        <time>2026-05-17T16:29:40Z</time>
      </trkpt>
      <trkpt lat="44.1297" lon="-73.84169">
        <ele>1164.99</ele>
        <time>2026-05-17T16:29:54Z</time>
      </trkpt>
      <trkpt lat="44.12969" lon="-73.84167">
        <ele>1163.91</ele>
        <time>2026-05-17T16:30:01Z</time>
      </trkpt>
      <trkpt lat="44.12968" lon="-73.84166">
        <ele>1163.48</ele>
        <time>2026-05-17T16:30:03Z</time>
      </trkpt>
      <trkpt lat="44.12967" lon="-73.84164">
        <ele>1162.4</ele>
        <time>2026-05-17T16:30:13Z</time>
      </trkpt>
      <trkpt lat="44.12965" lon="-73.84159">
        <ele>1159.59</ele>
        <time>2026-05-17T16:30:19Z</time>
      </trkpt>
      <trkpt lat="44.12964" lon="-73.84156">
        <ele>1157.86</ele>
        <time>2026-05-17T16:30:25Z</time>
      </trkpt>
      <trkpt lat="44.12962" lon="-73.84153">
        <ele>1156.35</ele>
        <time>2026-05-17T16:30:31Z</time>
      </trkpt>
      <trkpt lat="44.1296" lon="-73.84151">
        <ele>1155.49</ele>
        <time>2026-05-17T16:30:38Z</time>
      </trkpt>
      <trkpt lat="44.12958" lon="-73.84148">
        <ele>1153.98</ele>
        <time>2026-05-17T16:30:46Z</time>
      </trkpt>
      <trkpt lat="44.12956" lon="-73.84151">
        <ele>1156.35</ele>
        <time>2026-05-17T16:30:54Z</time>
      </trkpt>
      <trkpt lat="44.12959" lon="-73.84151">
        <ele>1155.7</ele>
        <time>2026-05-17T16:31:03Z</time>
      </trkpt>
      <trkpt lat="44.12964" lon="-73.84144">
        <ele>1150.54</ele>
        <time>2026-05-17T16:31:47Z</time>
      </trkpt>
      <trkpt lat="44.12964" lon="-73.84139">
        <ele>1147.84</ele>
        <time>2026-05-17T16:32:25Z</time>
      </trkpt>
      <trkpt lat="44.12962" lon="-73.84141">
        <ele>1149.27</ele>
        <time>2026-05-17T16:33:54Z</time>
      </trkpt>
      <trkpt lat="44.12961" lon="-73.84142">
        <ele>1149.96</ele>
        <time>2026-05-17T16:34:40Z</time>
      </trkpt>
      <trkpt lat="44.12961" lon="-73.84137">
        <ele>1147.24</ele>
        <time>2026-05-17T16:34:53Z</time>
      </trkpt>
      <trkpt lat="44.12961" lon="-73.84129">
        <ele>1143.15</ele>
        <time>2026-05-17T16:34:58Z</time>
      </trkpt>
      <trkpt lat="44.1296" lon="-73.84125">
        <ele>1141.64</ele>
        <time>2026-05-17T16:35:01Z</time>
      </trkpt>
      <trkpt lat="44.12958" lon="-73.84124">
        <ele>1141.64</ele>
        <time>2026-05-17T16:35:03Z</time>
      </trkpt>
      <trkpt lat="44.12956" lon="-73.84122">
        <ele>1141.21</ele>
        <time>2026-05-17T16:35:06Z</time>
      </trkpt>
      <trkpt lat="44.12953" lon="-73.8412">
        <ele>1140.95</ele>
        <time>2026-05-17T16:35:10Z</time>
      </trkpt>
      <trkpt lat="44.12951" lon="-73.84123">
        <ele>1142.72</ele>
        <time>2026-05-17T16:35:18Z</time>
      </trkpt>
      <trkpt lat="44.12949" lon="-73.8412">
        <ele>1141.82</ele>
        <time>2026-05-17T16:35:26Z</time>
      </trkpt>
      <trkpt lat="44.12947" lon="-73.84116">
        <ele>1140.09</ele>
        <time>2026-05-17T16:35:31Z</time>
      </trkpt>
      <trkpt lat="44.12944" lon="-73.84114">
        <ele>1139.64</ele>
        <time>2026-05-17T16:35:36Z</time>
      </trkpt>
      <trkpt lat="44.12942" lon="-73.84111">
        <ele>1138.46</ele>
        <time>2026-05-17T16:35:41Z</time>
      </trkpt>
      <trkpt lat="44.1294" lon="-73.84109">
        <ele>1137.7</ele>
        <time>2026-05-17T16:35:47Z</time>
      </trkpt>
      <trkpt lat="44.12939" lon="-73.84107">
        <ele>1136.77</ele>
        <time>2026-05-17T16:35:51Z</time>
      </trkpt>
      <trkpt lat="44.12937" lon="-73.84106">
        <ele>1136.74</ele>
        <time>2026-05-17T16:35:55Z</time>
      </trkpt>
      <trkpt lat="44.12931" lon="-73.84101">
        <ele>1135.3</ele>
        <time>2026-05-17T16:36:06Z</time>
      </trkpt>
      <trkpt lat="44.12925" lon="-73.84096">
        <ele>1133.47</ele>
        <time>2026-05-17T16:36:17Z</time>
      </trkpt>
      <trkpt lat="44.12919" lon="-73.84093">
        <ele>1133.48</ele>
        <time>2026-05-17T16:36:27Z</time>
      </trkpt>
      <trkpt lat="44.12912" lon="-73.8409">
        <ele>1133.75</ele>
        <time>2026-05-17T16:36:38Z</time>
      </trkpt>
      <trkpt lat="44.12905" lon="-73.84084">
        <ele>1133.31</ele>
        <time>2026-05-17T16:36:53Z</time>
      </trkpt>
      <trkpt lat="44.12904" lon="-73.8408">
        <ele>1132.16</ele>
        <time>2026-05-17T16:37:02Z</time>
      </trkpt>
      <trkpt lat="44.1291" lon="-73.84075">
        <ele>1127.31</ele>
        <time>2026-05-17T16:37:18Z</time>
      </trkpt>
      <trkpt lat="44.12916" lon="-73.8407">
        <ele>1122.15</ele>
        <time>2026-05-17T16:37:34Z</time>
      </trkpt>
      <trkpt lat="44.12922" lon="-73.84067">
        <ele>1117.74</ele>
        <time>2026-05-17T16:37:50Z</time>
      </trkpt>
      <trkpt lat="44.12926" lon="-73.84063">
        <ele>1114.39</ele>
        <time>2026-05-17T16:38:04Z</time>
      </trkpt>
      <trkpt lat="44.12929" lon="-73.84054">
        <ele>1110.11</ele>
        <time>2026-05-17T16:38:27Z</time>
      </trkpt>
      <trkpt lat="44.12929" lon="-73.84045">
        <ele>1106.83</ele>
        <time>2026-05-17T16:39:00Z</time>
      </trkpt>
      <trkpt lat="44.1293" lon="-73.84036">
        <ele>1102.42</ele>
        <time>2026-05-17T16:39:25Z</time>
      </trkpt>
      <trkpt lat="44.12923" lon="-73.84034">
        <ele>1106.69</ele>
        <time>2026-05-17T16:39:33Z</time>
      </trkpt>
      <trkpt lat="44.12926" lon="-73.84025">
        <ele>1100.74</ele>
        <time>2026-05-17T16:40:04Z</time>
      </trkpt>
      <trkpt lat="44.12928" lon="-73.84022">
        <ele>1097.71</ele>
        <time>2026-05-17T16:40:15Z</time>
      </trkpt>
      <trkpt lat="44.12932" lon="-73.84014">
        <ele>1091.29</ele>
        <time>2026-05-17T16:40:44Z</time>
      </trkpt>
      <trkpt lat="44.12934" lon="-73.84005">
        <ele>1087.1</ele>
        <time>2026-05-17T16:41:12Z</time>
      </trkpt>
      <trkpt lat="44.12937" lon="-73.84008">
        <ele>1085.75</ele>
        <time>2026-05-17T16:42:24Z</time>
      </trkpt>
      <trkpt lat="44.12939" lon="-73.84001">
        <ele>1083.16</ele>
        <time>2026-05-17T16:42:36Z</time>
      </trkpt>
      <trkpt lat="44.12944" lon="-73.83994">
        <ele>1078.94</ele>
        <time>2026-05-17T16:43:00Z</time>
      </trkpt>
      <trkpt lat="44.12949" lon="-73.83988">
        <ele>1075.14</ele>
        <time>2026-05-17T16:43:23Z</time>
      </trkpt>
      <trkpt lat="44.12951" lon="-73.83986">
        <ele>1073.63</ele>
        <time>2026-05-17T16:43:33Z</time>
      </trkpt>
      <trkpt lat="44.12955" lon="-73.83978">
        <ele>1069.92</ele>
        <time>2026-05-17T16:43:57Z</time>
      </trkpt>
      <trkpt lat="44.12961" lon="-73.83973">
        <ele>1066.87</ele>
        <time>2026-05-17T16:44:19Z</time>
      </trkpt>
      <trkpt lat="44.12965" lon="-73.83967">
        <ele>1064.31</ele>
        <time>2026-05-17T16:44:37Z</time>
      </trkpt>
      <trkpt lat="44.12969" lon="-73.83963">
        <ele>1062.05</ele>
        <time>2026-05-17T16:44:52Z</time>
      </trkpt>
      <trkpt lat="44.12977" lon="-73.83959">
        <ele>1058.89</ele>
        <time>2026-05-17T16:45:05Z</time>
      </trkpt>
      <trkpt lat="44.12985" lon="-73.83958">
        <ele>1056.63</ele>
        <time>2026-05-17T16:45:08Z</time>
      </trkpt>
      <trkpt lat="44.12991" lon="-73.83954">
        <ele>1054.07</ele>
        <time>2026-05-17T16:45:19Z</time>
      </trkpt>
      <trkpt lat="44.12991" lon="-73.83946">
        <ele>1051.48</ele>
        <time>2026-05-17T16:45:39Z</time>
      </trkpt>
      <trkpt lat="44.12993" lon="-73.83942">
        <ele>1049.64</ele>
        <time>2026-05-17T16:45:49Z</time>
      </trkpt>
      <trkpt lat="44.12997" lon="-73.83935">
        <ele>1045.57</ele>
        <time>2026-05-17T16:46:10Z</time>
      </trkpt>
      <trkpt lat="44.13001" lon="-73.83927">
        <ele>1041.25</ele>
        <time>2026-05-17T16:46:36Z</time>
      </trkpt>
      <trkpt lat="44.13005" lon="-73.83921">
        <ele>1037.79</ele>
        <time>2026-05-17T16:47:00Z</time>
      </trkpt>
      <trkpt lat="44.13011" lon="-73.83915">
        <ele>1034.05</ele>
        <time>2026-05-17T16:47:19Z</time>
      </trkpt>
      <trkpt lat="44.13013" lon="-73.83908">
        <ele>1031.01</ele>
        <time>2026-05-17T16:47:37Z</time>
      </trkpt>
      <trkpt lat="44.13014" lon="-73.83902">
        <ele>1026.96</ele>
        <time>2026-05-17T16:47:53Z</time>
      </trkpt>
      <trkpt lat="44.13016" lon="-73.83891">
        <ele>1019.96</ele>
        <time>2026-05-17T16:48:11Z</time>
      </trkpt>
      <trkpt lat="44.13016" lon="-73.83879">
        <ele>1015.72</ele>
        <time>2026-05-17T16:48:14Z</time>
      </trkpt>
      <trkpt lat="44.13018" lon="-73.8387">
        <ele>1013.24</ele>
        <time>2026-05-17T16:48:38Z</time>
      </trkpt>
      <trkpt lat="44.13019" lon="-73.83864">
        <ele>1012.12</ele>
        <time>2026-05-17T16:48:44Z</time>
      </trkpt>
      <trkpt lat="44.1302" lon="-73.83855">
        <ele>1010.7</ele>
        <time>2026-05-17T16:48:53Z</time>
      </trkpt>
      <trkpt lat="44.13024" lon="-73.83851">
        <ele>1008.54</ele>
        <time>2026-05-17T16:49:33Z</time>
      </trkpt>
      <trkpt lat="44.13027" lon="-73.83843">
        <ele>1006.38</ele>
        <time>2026-05-17T16:49:48Z</time>
      </trkpt>
      <trkpt lat="44.1303" lon="-73.83835">
        <ele>1004.02</ele>
        <time>2026-05-17T16:50:05Z</time>
      </trkpt>
      <trkpt lat="44.13034" lon="-73.83828">
        <ele>1001.45</ele>
        <time>2026-05-17T16:50:23Z</time>
      </trkpt>
      <trkpt lat="44.13037" lon="-73.8382">
        <ele>1000.46</ele>
        <time>2026-05-17T16:50:37Z</time>
      </trkpt>
      <trkpt lat="44.1304" lon="-73.83811">
        <ele>1000.73</ele>
        <time>2026-05-17T16:50:52Z</time>
      </trkpt>
      <trkpt lat="44.13043" lon="-73.83803">
        <ele>1000.7</ele>
        <time>2026-05-17T16:51:11Z</time>
      </trkpt>
      <trkpt lat="44.13044" lon="-73.83795">
        <ele>1000.99</ele>
        <time>2026-05-17T16:51:23Z</time>
      </trkpt>
      <trkpt lat="44.13045" lon="-73.83786">
        <ele>1000.56</ele>
        <time>2026-05-17T16:51:37Z</time>
      </trkpt>
      <trkpt lat="44.13047" lon="-73.83776">
        <ele>999.43</ele>
        <time>2026-05-17T16:51:53Z</time>
      </trkpt>
      <trkpt lat="44.13048" lon="-73.8377">
        <ele>998.24</ele>
        <time>2026-05-17T16:52:03Z</time>
      </trkpt>
      <trkpt lat="44.13049" lon="-73.83761">
        <ele>996.97</ele>
        <time>2026-05-17T16:52:19Z</time>
      </trkpt>
      <trkpt lat="44.13052" lon="-73.83753">
        <ele>994.86</ele>
        <time>2026-05-17T16:52:42Z</time>
      </trkpt>
      <trkpt lat="44.13058" lon="-73.83749">
        <ele>991.84</ele>
        <time>2026-05-17T16:52:51Z</time>
      </trkpt>
      <trkpt lat="44.13065" lon="-73.83748">
        <ele>988.68</ele>
        <time>2026-05-17T16:52:54Z</time>
      </trkpt>
      <trkpt lat="44.13071" lon="-73.83742">
        <ele>984.8</ele>
        <time>2026-05-17T16:53:15Z</time>
      </trkpt>
      <trkpt lat="44.13077" lon="-73.83738">
        <ele>981.74</ele>
        <time>2026-05-17T16:53:28Z</time>
      </trkpt>
      <trkpt lat="44.13081" lon="-73.83732">
        <ele>980.01</ele>
        <time>2026-05-17T16:53:42Z</time>
      </trkpt>
      <trkpt lat="44.13084" lon="-73.83726">
        <ele>978.12</ele>
        <time>2026-05-17T16:53:57Z</time>
      </trkpt>
      <trkpt lat="44.13087" lon="-73.83718">
        <ele>976.42</ele>
        <time>2026-05-17T16:54:18Z</time>
      </trkpt>
      <trkpt lat="44.1309" lon="-73.83714">
        <ele>975.12</ele>
        <time>2026-05-17T16:54:34Z</time>
      </trkpt>
      <trkpt lat="44.13093" lon="-73.83723">
        <ele>973.9</ele>
        <time>2026-05-17T16:54:43Z</time>
      </trkpt>
      <trkpt lat="44.13099" lon="-73.83727">
        <ele>971.39</ele>
        <time>2026-05-17T16:55:03Z</time>
      </trkpt>
      <trkpt lat="44.13105" lon="-73.83728">
        <ele>968.3</ele>
        <time>2026-05-17T16:55:20Z</time>
      </trkpt>
      <trkpt lat="44.1311" lon="-73.8373">
        <ele>965.6</ele>
        <time>2026-05-17T16:55:31Z</time>
      </trkpt>
      <trkpt lat="44.13117" lon="-73.83729">
        <ele>961.82</ele>
        <time>2026-05-17T16:55:36Z</time>
      </trkpt>
      <trkpt lat="44.13126" lon="-73.83728">
        <ele>958.56</ele>
        <time>2026-05-17T16:55:39Z</time>
      </trkpt>
      <trkpt lat="44.13132" lon="-73.83721">
        <ele>956.41</ele>
        <time>2026-05-17T16:55:43Z</time>
      </trkpt>
      <trkpt lat="44.13136" lon="-73.83713">
        <ele>952.95</ele>
        <time>2026-05-17T16:55:49Z</time>
      </trkpt>
      <trkpt lat="44.13133" lon="-73.83712">
        <ele>953.77</ele>
        <time>2026-05-17T16:56:03Z</time>
      </trkpt>
      <trkpt lat="44.13133" lon="-73.83709">
        <ele>953.32</ele>
        <time>2026-05-17T16:56:33Z</time>
      </trkpt>
      <trkpt lat="44.13135" lon="-73.83705">
        <ele>951.9</ele>
        <time>2026-05-17T16:56:39Z</time>
      </trkpt>
      <trkpt lat="44.13136" lon="-73.83701">
        <ele>951.05</ele>
        <time>2026-05-17T16:56:44Z</time>
      </trkpt>
      <trkpt lat="44.13136" lon="-73.83697">
        <ele>950.75</ele>
        <time>2026-05-17T16:56:46Z</time>
      </trkpt>
      <trkpt lat="44.13136" lon="-73.83694">
        <ele>950.56</ele>
        <time>2026-05-17T16:56:48Z</time>
      </trkpt>
      <trkpt lat="44.13136" lon="-73.83689">
        <ele>950.56</ele>
        <time>2026-05-17T16:56:51Z</time>
      </trkpt>
      <trkpt lat="44.13134" lon="-73.83688">
        <ele>951.64</ele>
        <time>2026-05-17T16:57:03Z</time>
      </trkpt>
      <trkpt lat="44.13132" lon="-73.83688">
        <ele>952.72</ele>
        <time>2026-05-17T16:57:15Z</time>
      </trkpt>
      <trkpt lat="44.1313" lon="-73.83684">
        <ele>953.81</ele>
        <time>2026-05-17T16:57:22Z</time>
      </trkpt>
      <trkpt lat="44.13128" lon="-73.83681">
        <ele>954.88</ele>
        <time>2026-05-17T16:57:30Z</time>
      </trkpt>
      <trkpt lat="44.13127" lon="-73.83677">
        <ele>955.42</ele>
        <time>2026-05-17T16:57:42Z</time>
      </trkpt>
      <trkpt lat="44.13127" lon="-73.83676">
        <ele>955.42</ele>
        <time>2026-05-17T16:57:45Z</time>
      </trkpt>
      <trkpt lat="44.13128" lon="-73.83673">
        <ele>954.88</ele>
        <time>2026-05-17T16:57:54Z</time>
      </trkpt>
      <trkpt lat="44.13129" lon="-73.83668">
        <ele>954.34</ele>
        <time>2026-05-17T16:57:59Z</time>
      </trkpt>
      <trkpt lat="44.13129" lon="-73.83663">
        <ele>953.94</ele>
        <time>2026-05-17T16:58:02Z</time>
      </trkpt>
      <trkpt lat="44.13128" lon="-73.83659">
        <ele>954.05</ele>
        <time>2026-05-17T16:58:06Z</time>
      </trkpt>
      <trkpt lat="44.13127" lon="-73.83655">
        <ele>954.27</ele>
        <time>2026-05-17T16:58:13Z</time>
      </trkpt>
      <trkpt lat="44.1313" lon="-73.83647">
        <ele>952.72</ele>
        <time>2026-05-17T16:58:33Z</time>
      </trkpt>
      <trkpt lat="44.13134" lon="-73.83639">
        <ele>950.12</ele>
        <time>2026-05-17T16:58:47Z</time>
      </trkpt>
      <trkpt lat="44.13136" lon="-73.8363">
        <ele>948.29</ele>
        <time>2026-05-17T16:58:59Z</time>
      </trkpt>
      <trkpt lat="44.13139" lon="-73.83622">
        <ele>946.14</ele>
        <time>2026-05-17T16:59:16Z</time>
      </trkpt>
      <trkpt lat="44.13143" lon="-73.83615">
        <ele>943.51</ele>
        <time>2026-05-17T16:59:40Z</time>
      </trkpt>
      <trkpt lat="44.13147" lon="-73.83609">
        <ele>941.14</ele>
        <time>2026-05-17T17:00:16Z</time>
      </trkpt>
      <trkpt lat="44.13149" lon="-73.836">
        <ele>939.25</ele>
        <time>2026-05-17T17:00:38Z</time>
      </trkpt>
      <trkpt lat="44.13151" lon="-73.83588">
        <ele>936.43</ele>
        <time>2026-05-17T17:00:49Z</time>
      </trkpt>
      <trkpt lat="44.13151" lon="-73.83578">
        <ele>935.19</ele>
        <time>2026-05-17T17:00:52Z</time>
      </trkpt>
      <trkpt lat="44.13152" lon="-73.83568">
        <ele>934.06</ele>
        <time>2026-05-17T17:01:00Z</time>
      </trkpt>
      <trkpt lat="44.13153" lon="-73.83564">
        <ele>933.38</ele>
        <time>2026-05-17T17:01:05Z</time>
      </trkpt>
      <trkpt lat="44.13159" lon="-73.8356">
        <ele>930.31</ele>
        <time>2026-05-17T17:01:41Z</time>
      </trkpt>
      <trkpt lat="44.13162" lon="-73.83555">
        <ele>929.05</ele>
        <time>2026-05-17T17:01:55Z</time>
      </trkpt>
      <trkpt lat="44.13166" lon="-73.83547">
        <ele>927.35</ele>
        <time>2026-05-17T17:02:09Z</time>
      </trkpt>
      <trkpt lat="44.13168" lon="-73.83539">
        <ele>926.25</ele>
        <time>2026-05-17T17:02:21Z</time>
      </trkpt>
      <trkpt lat="44.13171" lon="-73.8353">
        <ele>924.66</ele>
        <time>2026-05-17T17:02:32Z</time>
      </trkpt>
      <trkpt lat="44.13173" lon="-73.83522">
        <ele>923.58</ele>
        <time>2026-05-17T17:02:43Z</time>
      </trkpt>
      <trkpt lat="44.13176" lon="-73.83513">
        <ele>921.96</ele>
        <time>2026-05-17T17:02:54Z</time>
      </trkpt>
      <trkpt lat="44.13179" lon="-73.83505">
        <ele>920.34</ele>
        <time>2026-05-17T17:03:06Z</time>
      </trkpt>
      <trkpt lat="44.13182" lon="-73.83496">
        <ele>918.72</ele>
        <time>2026-05-17T17:03:17Z</time>
      </trkpt>
      <trkpt lat="44.13184" lon="-73.83487">
        <ele>917.64</ele>
        <time>2026-05-17T17:03:27Z</time>
      </trkpt>
      <trkpt lat="44.13185" lon="-73.83479">
        <ele>917.1</ele>
        <time>2026-05-17T17:03:34Z</time>
      </trkpt>
      <trkpt lat="44.13186" lon="-73.83469">
        <ele>916.21</ele>
        <time>2026-05-17T17:03:37Z</time>
      </trkpt>
      <trkpt lat="44.13187" lon="-73.8346">
        <ele>914.7</ele>
        <time>2026-05-17T17:03:45Z</time>
      </trkpt>
      <trkpt lat="44.1319" lon="-73.83451">
        <ele>912.11</ele>
        <time>2026-05-17T17:03:57Z</time>
      </trkpt>
      <trkpt lat="44.13192" lon="-73.83442">
        <ele>909.79</ele>
        <time>2026-05-17T17:04:09Z</time>
      </trkpt>
      <trkpt lat="44.13196" lon="-73.83439">
        <ele>906.91</ele>
        <time>2026-05-17T17:04:25Z</time>
      </trkpt>
      <trkpt lat="44.13202" lon="-73.83435">
        <ele>902.9</ele>
        <time>2026-05-17T17:04:48Z</time>
      </trkpt>
      <trkpt lat="44.13207" lon="-73.83428">
        <ele>899.44</ele>
        <time>2026-05-17T17:05:05Z</time>
      </trkpt>
      <trkpt lat="44.1321" lon="-73.83423">
        <ele>897.18</ele>
        <time>2026-05-17T17:05:15Z</time>
      </trkpt>
      <trkpt lat="44.13214" lon="-73.83415">
        <ele>894.21</ele>
        <time>2026-05-17T17:05:28Z</time>
      </trkpt>
      <trkpt lat="44.13217" lon="-73.83406">
        <ele>891.47</ele>
        <time>2026-05-17T17:05:41Z</time>
      </trkpt>
      <trkpt lat="44.13221" lon="-73.83398">
        <ele>888.52</ele>
        <time>2026-05-17T17:05:54Z</time>
      </trkpt>
      <trkpt lat="44.13223" lon="-73.83392">
        <ele>887.78</ele>
        <time>2026-05-17T17:06:04Z</time>
      </trkpt>
      <trkpt lat="44.13227" lon="-73.83384">
        <ele>885.92</ele>
        <time>2026-05-17T17:06:18Z</time>
      </trkpt>
      <trkpt lat="44.13231" lon="-73.83376">
        <ele>883.74</ele>
        <time>2026-05-17T17:06:33Z</time>
      </trkpt>
      <trkpt lat="44.13234" lon="-73.83367">
        <ele>882.09</ele>
        <time>2026-05-17T17:06:47Z</time>
      </trkpt>
      <trkpt lat="44.13235" lon="-73.83361">
        <ele>881.23</ele>
        <time>2026-05-17T17:06:55Z</time>
      </trkpt>
      <trkpt lat="44.13234" lon="-73.83351">
        <ele>880.36</ele>
        <time>2026-05-17T17:07:00Z</time>
      </trkpt>
      <trkpt lat="44.1323" lon="-73.83342">
        <ele>880.19</ele>
        <time>2026-05-17T17:07:02Z</time>
      </trkpt>
      <trkpt lat="44.13226" lon="-73.83334">
        <ele>879.33</ele>
        <time>2026-05-17T17:07:05Z</time>
      </trkpt>
      <trkpt lat="44.13221" lon="-73.83326">
        <ele>879.5</ele>
        <time>2026-05-17T17:07:11Z</time>
      </trkpt>
      <trkpt lat="44.13217" lon="-73.83318">
        <ele>878.82</ele>
        <time>2026-05-17T17:07:19Z</time>
      </trkpt>
      <trkpt lat="44.13218" lon="-73.83308">
        <ele>876.78</ele>
        <time>2026-05-17T17:07:33Z</time>
      </trkpt>
      <trkpt lat="44.13219" lon="-73.83301">
        <ele>874.89</ele>
        <time>2026-05-17T17:07:46Z</time>
      </trkpt>
      <trkpt lat="44.13221" lon="-73.83293">
        <ele>872.55</ele>
        <time>2026-05-17T17:08:01Z</time>
      </trkpt>
      <trkpt lat="44.13226" lon="-73.83286">
        <ele>869.85</ele>
        <time>2026-05-17T17:08:15Z</time>
      </trkpt>
      <trkpt lat="44.13229" lon="-73.83277">
        <ele>866.31</ele>
        <time>2026-05-17T17:08:27Z</time>
      </trkpt>
      <trkpt lat="44.13232" lon="-73.8327">
        <ele>863.37</ele>
        <time>2026-05-17T17:08:36Z</time>
      </trkpt>
      <trkpt lat="44.13235" lon="-73.83262">
        <ele>860.56</ele>
        <time>2026-05-17T17:08:48Z</time>
      </trkpt>
      <trkpt lat="44.13238" lon="-73.83253">
        <ele>857.34</ele>
        <time>2026-05-17T17:09:00Z</time>
      </trkpt>
      <trkpt lat="44.1324" lon="-73.83244">
        <ele>854.86</ele>
        <time>2026-05-17T17:09:13Z</time>
      </trkpt>
      <trkpt lat="44.1324" lon="-73.83235">
        <ele>852.3</ele>
        <time>2026-05-17T17:09:24Z</time>
      </trkpt>
      <trkpt lat="44.13233" lon="-73.83231">
        <ele>852.52</ele>
        <time>2026-05-17T17:09:30Z</time>
      </trkpt>
      <trkpt lat="44.13227" lon="-73.83226">
        <ele>852.68</ele>
        <time>2026-05-17T17:09:36Z</time>
      </trkpt>
      <trkpt lat="44.13226" lon="-73.83217">
        <ele>850.65</ele>
        <time>2026-05-17T17:09:50Z</time>
      </trkpt>
      <trkpt lat="44.1323" lon="-73.83208">
        <ele>847.49</ele>
        <time>2026-05-17T17:10:04Z</time>
      </trkpt>
      <trkpt lat="44.13234" lon="-73.83202">
        <ele>845.17</ele>
        <time>2026-05-17T17:10:16Z</time>
      </trkpt>
      <trkpt lat="44.13233" lon="-73.83192">
        <ele>843.86</ele>
        <time>2026-05-17T17:10:32Z</time>
      </trkpt>
      <trkpt lat="44.13231" lon="-73.83183">
        <ele>842.8</ele>
        <time>2026-05-17T17:10:46Z</time>
      </trkpt>
      <trkpt lat="44.1323" lon="-73.83173">
        <ele>841.28</ele>
        <time>2026-05-17T17:11:00Z</time>
      </trkpt>
      <trkpt lat="44.13229" lon="-73.83168">
        <ele>840.67</ele>
        <time>2026-05-17T17:11:07Z</time>
      </trkpt>
      <trkpt lat="44.13229" lon="-73.83159">
        <ele>838.68</ele>
        <time>2026-05-17T17:11:18Z</time>
      </trkpt>
      <trkpt lat="44.13227" lon="-73.83149">
        <ele>837.16</ele>
        <time>2026-05-17T17:11:28Z</time>
      </trkpt>
      <trkpt lat="44.13227" lon="-73.83136">
        <ele>833.64</ele>
        <time>2026-05-17T17:11:31Z</time>
      </trkpt>
      <trkpt lat="44.13226" lon="-73.83124">
        <ele>831.15</ele>
        <time>2026-05-17T17:11:34Z</time>
      </trkpt>
      <trkpt lat="44.13225" lon="-73.83115">
        <ele>829.23</ele>
        <time>2026-05-17T17:11:45Z</time>
      </trkpt>
      <trkpt lat="44.13225" lon="-73.83111">
        <ele>828.08</ele>
        <time>2026-05-17T17:11:56Z</time>
      </trkpt>
      <trkpt lat="44.13223" lon="-73.83101">
        <ele>826.56</ele>
        <time>2026-05-17T17:12:07Z</time>
      </trkpt>
      <trkpt lat="44.13222" lon="-73.83092">
        <ele>824.97</ele>
        <time>2026-05-17T17:12:15Z</time>
      </trkpt>
      <trkpt lat="44.1322" lon="-73.83083">
        <ele>823.89</ele>
        <time>2026-05-17T17:12:25Z</time>
      </trkpt>
      <trkpt lat="44.13219" lon="-73.83073">
        <ele>822.24</ele>
        <time>2026-05-17T17:12:35Z</time>
      </trkpt>
      <trkpt lat="44.13219" lon="-73.83064">
        <ele>820.87</ele>
        <time>2026-05-17T17:12:44Z</time>
      </trkpt>
      <trkpt lat="44.13217" lon="-73.83054">
        <ele>819.43</ele>
        <time>2026-05-17T17:12:53Z</time>
      </trkpt>
      <trkpt lat="44.13216" lon="-73.83044">
        <ele>818.01</ele>
        <time>2026-05-17T17:13:02Z</time>
      </trkpt>
      <trkpt lat="44.13207" lon="-73.83038">
        <ele>819.46</ele>
        <time>2026-05-17T17:13:08Z</time>
      </trkpt>
      <trkpt lat="44.132" lon="-73.83035">
        <ele>820.76</ele>
        <time>2026-05-17T17:13:11Z</time>
      </trkpt>
      <trkpt lat="44.13201" lon="-73.83027">
        <ele>818.77</ele>
        <time>2026-05-17T17:13:21Z</time>
      </trkpt>
      <trkpt lat="44.13202" lon="-73.8303">
        <ele>819.03</ele>
        <time>2026-05-17T17:13:29Z</time>
      </trkpt>
      <trkpt lat="44.13202" lon="-73.83036">
        <ele>820.33</ele>
        <time>2026-05-17T17:13:31Z</time>
      </trkpt>
      <trkpt lat="44.13201" lon="-73.83031">
        <ele>819.57</ele>
        <time>2026-05-17T17:13:51Z</time>
      </trkpt>
      <trkpt lat="44.13201" lon="-73.83027">
        <ele>818.77</ele>
        <time>2026-05-17T17:13:54Z</time>
      </trkpt>
      <trkpt lat="44.132" lon="-73.83023">
        <ele>818.48</ele>
        <time>2026-05-17T17:13:58Z</time>
      </trkpt>
      <trkpt lat="44.132" lon="-73.83019">
        <ele>817.87</ele>
        <time>2026-05-17T17:14:03Z</time>
      </trkpt>
      <trkpt lat="44.13199" lon="-73.83015">
        <ele>817.44</ele>
        <time>2026-05-17T17:14:07Z</time>
      </trkpt>
      <trkpt lat="44.13199" lon="-73.83012">
        <ele>816.95</ele>
        <time>2026-05-17T17:14:09Z</time>
      </trkpt>
      <trkpt lat="44.13198" lon="-73.8301">
        <ele>816.75</ele>
        <time>2026-05-17T17:14:11Z</time>
      </trkpt>
      <trkpt lat="44.13198" lon="-73.83007">
        <ele>816.28</ele>
        <time>2026-05-17T17:14:14Z</time>
      </trkpt>
      <trkpt lat="44.13197" lon="-73.83003">
        <ele>815.86</ele>
        <time>2026-05-17T17:14:18Z</time>
      </trkpt>
      <trkpt lat="44.13197" lon="-73.82998">
        <ele>815.23</ele>
        <time>2026-05-17T17:14:22Z</time>
      </trkpt>
      <trkpt lat="44.13197" lon="-73.82994">
        <ele>814.8</ele>
        <time>2026-05-17T17:14:26Z</time>
      </trkpt>
      <trkpt lat="44.13196" lon="-73.8299">
        <ele>814.58</ele>
        <time>2026-05-17T17:14:29Z</time>
      </trkpt>
      <trkpt lat="44.13193" lon="-73.82986">
        <ele>814.64</ele>
        <time>2026-05-17T17:14:32Z</time>
      </trkpt>
      <trkpt lat="44.13191" lon="-73.82983">
        <ele>814.54</ele>
        <time>2026-05-17T17:14:35Z</time>
      </trkpt>
      <trkpt lat="44.13189" lon="-73.82979">
        <ele>814.32</ele>
        <time>2026-05-17T17:14:38Z</time>
      </trkpt>
      <trkpt lat="44.13185" lon="-73.82971">
        <ele>813.89</ele>
        <time>2026-05-17T17:14:44Z</time>
      </trkpt>
      <trkpt lat="44.13181" lon="-73.82962">
        <ele>813.24</ele>
        <time>2026-05-17T17:14:50Z</time>
      </trkpt>
      <trkpt lat="44.13176" lon="-73.82954">
        <ele>812.06</ele>
        <time>2026-05-17T17:14:56Z</time>
      </trkpt>
      <trkpt lat="44.13171" lon="-73.82948">
        <ele>811.92</ele>
        <time>2026-05-17T17:15:01Z</time>
      </trkpt>
      <trkpt lat="44.13167" lon="-73.8294">
        <ele>811.0</ele>
        <time>2026-05-17T17:15:07Z</time>
      </trkpt>
      <trkpt lat="44.13165" lon="-73.82932">
        <ele>809.77</ele>
        <time>2026-05-17T17:15:14Z</time>
      </trkpt>
      <trkpt lat="44.13164" lon="-73.82922">
        <ele>808.27</ele>
        <time>2026-05-17T17:15:22Z</time>
      </trkpt>
      <trkpt lat="44.13163" lon="-73.82917">
        <ele>807.45</ele>
        <time>2026-05-17T17:15:26Z</time>
      </trkpt>
      <trkpt lat="44.13163" lon="-73.82913">
        <ele>806.6</ele>
        <time>2026-05-17T17:15:30Z</time>
      </trkpt>
      <trkpt lat="44.13162" lon="-73.82908">
        <ele>805.63</ele>
        <time>2026-05-17T17:15:34Z</time>
      </trkpt>
      <trkpt lat="44.13161" lon="-73.82904">
        <ele>804.88</ele>
        <time>2026-05-17T17:15:38Z</time>
      </trkpt>
      <trkpt lat="44.13161" lon="-73.82899">
        <ele>803.8</ele>
        <time>2026-05-17T17:15:42Z</time>
      </trkpt>
      <trkpt lat="44.1316" lon="-73.82895">
        <ele>803.04</ele>
        <time>2026-05-17T17:15:46Z</time>
      </trkpt>
      <trkpt lat="44.1316" lon="-73.82893">
        <ele>802.61</ele>
        <time>2026-05-17T17:15:49Z</time>
      </trkpt>
      <trkpt lat="44.13159" lon="-73.82891">
        <ele>802.28</ele>
        <time>2026-05-17T17:15:51Z</time>
      </trkpt>
      <trkpt lat="44.13159" lon="-73.82888">
        <ele>801.62</ele>
        <time>2026-05-17T17:15:54Z</time>
      </trkpt>
      <trkpt lat="44.13157" lon="-73.82885">
        <ele>801.2</ele>
        <time>2026-05-17T17:16:06Z</time>
      </trkpt>
      <trkpt lat="44.13156" lon="-73.8288">
        <ele>800.23</ele>
        <time>2026-05-17T17:16:10Z</time>
      </trkpt>
      <trkpt lat="44.13155" lon="-73.82876">
        <ele>798.79</ele>
        <time>2026-05-17T17:16:14Z</time>
      </trkpt>
      <trkpt lat="44.13155" lon="-73.82872">
        <ele>797.18</ele>
        <time>2026-05-17T17:16:17Z</time>
      </trkpt>
      <trkpt lat="44.13154" lon="-73.82868">
        <ele>795.71</ele>
        <time>2026-05-17T17:16:20Z</time>
      </trkpt>
      <trkpt lat="44.13153" lon="-73.82863">
        <ele>793.77</ele>
        <time>2026-05-17T17:16:24Z</time>
      </trkpt>
      <trkpt lat="44.13151" lon="-73.82854">
        <ele>790.79</ele>
        <time>2026-05-17T17:16:32Z</time>
      </trkpt>
      <trkpt lat="44.13149" lon="-73.82845">
        <ele>788.52</ele>
        <time>2026-05-17T17:16:41Z</time>
      </trkpt>
      <trkpt lat="44.13147" lon="-73.82836">
        <ele>787.41</ele>
        <time>2026-05-17T17:16:50Z</time>
      </trkpt>
      <trkpt lat="44.13144" lon="-73.82827">
        <ele>786.76</ele>
        <time>2026-05-17T17:16:59Z</time>
      </trkpt>
      <trkpt lat="44.13141" lon="-73.82819">
        <ele>786.22</ele>
        <time>2026-05-17T17:17:08Z</time>
      </trkpt>
      <trkpt lat="44.13137" lon="-73.82811">
        <ele>785.59</ele>
        <time>2026-05-17T17:17:17Z</time>
      </trkpt>
      <trkpt lat="44.1313" lon="-73.82807">
        <ele>785.16</ele>
        <time>2026-05-17T17:17:21Z</time>
      </trkpt>
      <trkpt lat="44.13123" lon="-73.82803">
        <ele>784.72</ele>
        <time>2026-05-17T17:17:26Z</time>
      </trkpt>
      <trkpt lat="44.13119" lon="-73.82797">
        <ele>784.09</ele>
        <time>2026-05-17T17:17:32Z</time>
      </trkpt>
      <trkpt lat="44.13116" lon="-73.82789">
        <ele>783.21</ele>
        <time>2026-05-17T17:17:42Z</time>
      </trkpt>
      <trkpt lat="44.13113" lon="-73.8278">
        <ele>782.24</ele>
        <time>2026-05-17T17:17:52Z</time>
      </trkpt>
      <trkpt lat="44.13111" lon="-73.82771">
        <ele>781.27</ele>
        <time>2026-05-17T17:18:03Z</time>
      </trkpt>
      <trkpt lat="44.13111" lon="-73.82761">
        <ele>780.19</ele>
        <time>2026-05-17T17:18:14Z</time>
      </trkpt>
      <trkpt lat="44.13111" lon="-73.82754">
        <ele>778.87</ele>
        <time>2026-05-17T17:18:21Z</time>
      </trkpt>
      <trkpt lat="44.1311" lon="-73.82747">
        <ele>777.76</ele>
        <time>2026-05-17T17:18:29Z</time>
      </trkpt>
      <trkpt lat="44.1311" lon="-73.82737">
        <ele>776.6</ele>
        <time>2026-05-17T17:18:39Z</time>
      </trkpt>
      <trkpt lat="44.13109" lon="-73.82728">
        <ele>775.62</ele>
        <time>2026-05-17T17:18:49Z</time>
      </trkpt>
      <trkpt lat="44.13107" lon="-73.82718">
        <ele>774.29</ele>
        <time>2026-05-17T17:18:59Z</time>
      </trkpt>
      <trkpt lat="44.13106" lon="-73.82709">
        <ele>772.89</ele>
        <time>2026-05-17T17:19:10Z</time>
      </trkpt>
      <trkpt lat="44.13106" lon="-73.82702">
        <ele>771.82</ele>
        <time>2026-05-17T17:19:18Z</time>
      </trkpt>
      <trkpt lat="44.13106" lon="-73.82692">
        <ele>770.74</ele>
        <time>2026-05-17T17:19:30Z</time>
      </trkpt>
      <trkpt lat="44.13107" lon="-73.82682">
        <ele>769.31</ele>
        <time>2026-05-17T17:19:42Z</time>
      </trkpt>
      <trkpt lat="44.13107" lon="-73.82672">
        <ele>767.58</ele>
        <time>2026-05-17T17:19:52Z</time>
      </trkpt>
      <trkpt lat="44.13106" lon="-73.82663">
        <ele>766.21</ele>
        <time>2026-05-17T17:20:01Z</time>
      </trkpt>
      <trkpt lat="44.13105" lon="-73.82654">
        <ele>764.51</ele>
        <time>2026-05-17T17:20:10Z</time>
      </trkpt>
      <trkpt lat="44.13104" lon="-73.82644">
        <ele>762.98</ele>
        <time>2026-05-17T17:20:20Z</time>
      </trkpt>
      <trkpt lat="44.13102" lon="-73.82634">
        <ele>760.94</ele>
        <time>2026-05-17T17:20:30Z</time>
      </trkpt>
      <trkpt lat="44.13101" lon="-73.82625">
        <ele>759.55</ele>
        <time>2026-05-17T17:20:39Z</time>
      </trkpt>
      <trkpt lat="44.13099" lon="-73.82615">
        <ele>757.84</ele>
        <time>2026-05-17T17:20:49Z</time>
      </trkpt>
      <trkpt lat="44.13097" lon="-73.82608">
        <ele>756.33</ele>
        <time>2026-05-17T17:20:56Z</time>
      </trkpt>
      <trkpt lat="44.13095" lon="-73.82599">
        <ele>754.38</ele>
        <time>2026-05-17T17:21:06Z</time>
      </trkpt>
      <trkpt lat="44.13093" lon="-73.8259">
        <ele>752.44</ele>
        <time>2026-05-17T17:21:17Z</time>
      </trkpt>
      <trkpt lat="44.13091" lon="-73.8258">
        <ele>750.28</ele>
        <time>2026-05-17T17:21:29Z</time>
      </trkpt>
      <trkpt lat="44.13089" lon="-73.82588">
        <ele>752.01</ele>
        <time>2026-05-17T17:21:36Z</time>
      </trkpt>
      <trkpt lat="44.13086" lon="-73.82593">
        <ele>753.09</ele>
        <time>2026-05-17T17:21:38Z</time>
      </trkpt>
      <trkpt lat="44.13084" lon="-73.82592">
        <ele>752.87</ele>
        <time>2026-05-17T17:21:42Z</time>
      </trkpt>
      <trkpt lat="44.13083" lon="-73.82589">
        <ele>752.22</ele>
        <time>2026-05-17T17:21:47Z</time>
      </trkpt>
      <trkpt lat="44.13083" lon="-73.82585">
        <ele>751.36</ele>
        <time>2026-05-17T17:21:53Z</time>
      </trkpt>
      <trkpt lat="44.13083" lon="-73.82581">
        <ele>750.5</ele>
        <time>2026-05-17T17:21:57Z</time>
      </trkpt>
      <trkpt lat="44.13083" lon="-73.82576">
        <ele>749.42</ele>
        <time>2026-05-17T17:22:02Z</time>
      </trkpt>
      <trkpt lat="44.13084" lon="-73.82572">
        <ele>748.78</ele>
        <time>2026-05-17T17:22:06Z</time>
      </trkpt>
      <trkpt lat="44.13086" lon="-73.82568">
        <ele>748.34</ele>
        <time>2026-05-17T17:22:10Z</time>
      </trkpt>
      <trkpt lat="44.13087" lon="-73.82565">
        <ele>748.02</ele>
        <time>2026-05-17T17:22:13Z</time>
      </trkpt>
      <trkpt lat="44.13089" lon="-73.82561">
        <ele>747.34</ele>
        <time>2026-05-17T17:22:17Z</time>
      </trkpt>
      <trkpt lat="44.1309" lon="-73.82556">
        <ele>746.36</ele>
        <time>2026-05-17T17:22:21Z</time>
      </trkpt>
      <trkpt lat="44.13091" lon="-73.82552">
        <ele>745.72</ele>
        <time>2026-05-17T17:22:25Z</time>
      </trkpt>
      <trkpt lat="44.13094" lon="-73.82551">
        <ele>745.43</ele>
        <time>2026-05-17T17:22:41Z</time>
      </trkpt>
      <trkpt lat="44.13094" lon="-73.82546">
        <ele>744.79</ele>
        <time>2026-05-17T17:22:42Z</time>
      </trkpt>
      <trkpt lat="44.13093" lon="-73.82543">
        <ele>744.26</ele>
        <time>2026-05-17T17:22:45Z</time>
      </trkpt>
      <trkpt lat="44.13093" lon="-73.82539">
        <ele>743.41</ele>
        <time>2026-05-17T17:23:16Z</time>
      </trkpt>
      <trkpt lat="44.13093" lon="-73.82534">
        <ele>742.34</ele>
        <time>2026-05-17T17:23:20Z</time>
      </trkpt>
      <trkpt lat="44.13093" lon="-73.8253">
        <ele>741.48</ele>
        <time>2026-05-17T17:23:23Z</time>
      </trkpt>
      <trkpt lat="44.13094" lon="-73.82526">
        <ele>740.78</ele>
        <time>2026-05-17T17:23:27Z</time>
      </trkpt>
      <trkpt lat="44.13094" lon="-73.82523">
        <ele>740.41</ele>
        <time>2026-05-17T17:23:33Z</time>
      </trkpt>
      <trkpt lat="44.13095" lon="-73.82523">
        <ele>740.35</ele>
        <time>2026-05-17T17:23:38Z</time>
      </trkpt>
      <trkpt lat="44.13093" lon="-73.8252">
        <ele>740.12</ele>
        <time>2026-05-17T17:23:47Z</time>
      </trkpt>
      <trkpt lat="44.13092" lon="-73.82516">
        <ele>739.52</ele>
        <time>2026-05-17T17:23:54Z</time>
      </trkpt>
      <trkpt lat="44.13093" lon="-73.82512">
        <ele>738.58</ele>
        <time>2026-05-17T17:24:00Z</time>
      </trkpt>
      <trkpt lat="44.13095" lon="-73.82509">
        <ele>737.96</ele>
        <time>2026-05-17T17:24:04Z</time>
      </trkpt>
      <trkpt lat="44.13096" lon="-73.82506">
        <ele>737.52</ele>
        <time>2026-05-17T17:24:08Z</time>
      </trkpt>
      <trkpt lat="44.13098" lon="-73.82503">
        <ele>736.93</ele>
        <time>2026-05-17T17:24:11Z</time>
      </trkpt>
      <trkpt lat="44.13098" lon="-73.82499">
        <ele>736.24</ele>
        <time>2026-05-17T17:24:13Z</time>
      </trkpt>
      <trkpt lat="44.13099" lon="-73.82493">
        <ele>735.03</ele>
        <time>2026-05-17T17:24:15Z</time>
      </trkpt>
      <trkpt lat="44.131" lon="-73.82485">
        <ele>733.66</ele>
        <time>2026-05-17T17:24:19Z</time>
      </trkpt>
      <trkpt lat="44.13102" lon="-73.82478">
        <ele>732.23</ele>
        <time>2026-05-17T17:24:23Z</time>
      </trkpt>
      <trkpt lat="44.13103" lon="-73.82471">
        <ele>730.73</ele>
        <time>2026-05-17T17:24:27Z</time>
      </trkpt>
      <trkpt lat="44.13104" lon="-73.8246">
        <ele>728.97</ele>
        <time>2026-05-17T17:24:33Z</time>
      </trkpt>
      <trkpt lat="44.13104" lon="-73.82449">
        <ele>727.14</ele>
        <time>2026-05-17T17:24:39Z</time>
      </trkpt>
      <trkpt lat="44.13104" lon="-73.82439">
        <ele>725.95</ele>
        <time>2026-05-17T17:24:45Z</time>
      </trkpt>
      <trkpt lat="44.13104" lon="-73.82429">
        <ele>724.2</ele>
        <time>2026-05-17T17:24:52Z</time>
      </trkpt>
      <trkpt lat="44.13103" lon="-73.82419">
        <ele>723.0</ele>
        <time>2026-05-17T17:24:59Z</time>
      </trkpt>
      <trkpt lat="44.13102" lon="-73.8241">
        <ele>722.24</ele>
        <time>2026-05-17T17:25:06Z</time>
      </trkpt>
      <trkpt lat="44.131" lon="-73.824">
        <ele>720.76</ele>
        <time>2026-05-17T17:25:13Z</time>
      </trkpt>
      <trkpt lat="44.13099" lon="-73.82392">
        <ele>719.49</ele>
        <time>2026-05-17T17:25:19Z</time>
      </trkpt>
      <trkpt lat="44.13098" lon="-73.82383">
        <ele>717.6</ele>
        <time>2026-05-17T17:25:26Z</time>
      </trkpt>
      <trkpt lat="44.13097" lon="-73.82373">
        <ele>715.29</ele>
        <time>2026-05-17T17:25:33Z</time>
      </trkpt>
      <trkpt lat="44.13095" lon="-73.82363">
        <ele>713.04</ele>
        <time>2026-05-17T17:25:41Z</time>
      </trkpt>
      <trkpt lat="44.13094" lon="-73.82354">
        <ele>711.16</ele>
        <time>2026-05-17T17:25:49Z</time>
      </trkpt>
      <trkpt lat="44.13093" lon="-73.82344">
        <ele>709.22</ele>
        <time>2026-05-17T17:25:58Z</time>
      </trkpt>
      <trkpt lat="44.13091" lon="-73.82335">
        <ele>708.55</ele>
        <time>2026-05-17T17:26:06Z</time>
      </trkpt>
      <trkpt lat="44.1309" lon="-73.82325">
        <ele>707.01</ele>
        <time>2026-05-17T17:26:15Z</time>
      </trkpt>
      <trkpt lat="44.13088" lon="-73.82315">
        <ele>706.02</ele>
        <time>2026-05-17T17:26:24Z</time>
      </trkpt>
      <trkpt lat="44.13085" lon="-73.82306">
        <ele>705.69</ele>
        <time>2026-05-17T17:26:33Z</time>
      </trkpt>
      <trkpt lat="44.13083" lon="-73.82297">
        <ele>705.11</ele>
        <time>2026-05-17T17:26:42Z</time>
      </trkpt>
      <trkpt lat="44.13081" lon="-73.82288">
        <ele>703.69</ele>
        <time>2026-05-17T17:26:52Z</time>
      </trkpt>
      <trkpt lat="44.1308" lon="-73.82283">
        <ele>703.28</ele>
        <time>2026-05-17T17:27:11Z</time>
      </trkpt>
      <trkpt lat="44.13087" lon="-73.8228">
        <ele>701.45</ele>
        <time>2026-05-17T17:27:15Z</time>
      </trkpt>
      <trkpt lat="44.13093" lon="-73.82276">
        <ele>699.45</ele>
        <time>2026-05-17T17:27:23Z</time>
      </trkpt>
      <trkpt lat="44.13099" lon="-73.82269">
        <ele>695.99</ele>
        <time>2026-05-17T17:27:36Z</time>
      </trkpt>
      <trkpt lat="44.131" lon="-73.82262">
        <ele>694.33</ele>
        <time>2026-05-17T17:27:45Z</time>
      </trkpt>
      <trkpt lat="44.13103" lon="-73.82254">
        <ele>691.94</ele>
        <time>2026-05-17T17:27:55Z</time>
      </trkpt>
      <trkpt lat="44.13098" lon="-73.82246">
        <ele>692.8</ele>
        <time>2026-05-17T17:28:04Z</time>
      </trkpt>
      <trkpt lat="44.13092" lon="-73.82241">
        <ele>694.31</ele>
        <time>2026-05-17T17:28:10Z</time>
      </trkpt>
      <trkpt lat="44.13094" lon="-73.82231">
        <ele>692.33</ele>
        <time>2026-05-17T17:28:25Z</time>
      </trkpt>
      <trkpt lat="44.13096" lon="-73.82224">
        <ele>690.42</ele>
        <time>2026-05-17T17:28:35Z</time>
      </trkpt>
      <trkpt lat="44.13097" lon="-73.82215">
        <ele>688.43</ele>
        <time>2026-05-17T17:28:46Z</time>
      </trkpt>
      <trkpt lat="44.13097" lon="-73.82205">
        <ele>686.83</ele>
        <time>2026-05-17T17:28:58Z</time>
      </trkpt>
      <trkpt lat="44.13097" lon="-73.82195">
        <ele>685.23</ele>
        <time>2026-05-17T17:29:09Z</time>
      </trkpt>
      <trkpt lat="44.13098" lon="-73.82186">
        <ele>683.2</ele>
        <time>2026-05-17T17:29:18Z</time>
      </trkpt>
      <trkpt lat="44.13098" lon="-73.82179">
        <ele>682.41</ele>
        <time>2026-05-17T17:29:24Z</time>
      </trkpt>
      <trkpt lat="44.13098" lon="-73.82172">
        <ele>681.66</ele>
        <time>2026-05-17T17:29:30Z</time>
      </trkpt>
      <trkpt lat="44.13098" lon="-73.82162">
        <ele>680.87</ele>
        <time>2026-05-17T17:29:39Z</time>
      </trkpt>
      <trkpt lat="44.13097" lon="-73.82152">
        <ele>680.21</ele>
        <time>2026-05-17T17:29:48Z</time>
      </trkpt>
      <trkpt lat="44.13097" lon="-73.82141">
        <ele>679.17</ele>
        <time>2026-05-17T17:29:52Z</time>
      </trkpt>
      <trkpt lat="44.13097" lon="-73.82131">
        <ele>679.05</ele>
        <time>2026-05-17T17:29:54Z</time>
      </trkpt>
      <trkpt lat="44.13096" lon="-73.8212">
        <ele>678.22</ele>
        <time>2026-05-17T17:29:58Z</time>
      </trkpt>
      <trkpt lat="44.13096" lon="-73.8211">
        <ele>677.02</ele>
        <time>2026-05-17T17:30:06Z</time>
      </trkpt>
      <trkpt lat="44.13095" lon="-73.82102">
        <ele>675.51</ele>
        <time>2026-05-17T17:30:14Z</time>
      </trkpt>
      <trkpt lat="44.13094" lon="-73.82093">
        <ele>673.78</ele>
        <time>2026-05-17T17:30:23Z</time>
      </trkpt>
      <trkpt lat="44.13093" lon="-73.82083">
        <ele>671.88</ele>
        <time>2026-05-17T17:30:32Z</time>
      </trkpt>
      <trkpt lat="44.13092" lon="-73.82073">
        <ele>670.0</ele>
        <time>2026-05-17T17:30:40Z</time>
      </trkpt>
      <trkpt lat="44.13091" lon="-73.82064">
        <ele>669.07</ele>
        <time>2026-05-17T17:30:48Z</time>
      </trkpt>
      <trkpt lat="44.13089" lon="-73.82054">
        <ele>667.66</ele>
        <time>2026-05-17T17:30:57Z</time>
      </trkpt>
      <trkpt lat="44.13088" lon="-73.82045">
        <ele>665.86</ele>
        <time>2026-05-17T17:31:05Z</time>
      </trkpt>
      <trkpt lat="44.13084" lon="-73.82043">
        <ele>665.64</ele>
        <time>2026-05-17T17:31:08Z</time>
      </trkpt>
      <trkpt lat="44.1308" lon="-73.82044">
        <ele>666.02</ele>
        <time>2026-05-17T17:31:10Z</time>
      </trkpt>
      <trkpt lat="44.13079" lon="-73.82047">
        <ele>666.66</ele>
        <time>2026-05-17T17:31:14Z</time>
      </trkpt>
      <trkpt lat="44.13077" lon="-73.82044">
        <ele>666.27</ele>
        <time>2026-05-17T17:31:41Z</time>
      </trkpt>
      <trkpt lat="44.13076" lon="-73.8204">
        <ele>665.57</ele>
        <time>2026-05-17T17:31:43Z</time>
      </trkpt>
      <trkpt lat="44.13075" lon="-73.82036">
        <ele>664.68</ele>
        <time>2026-05-17T17:31:46Z</time>
      </trkpt>
      <trkpt lat="44.13073" lon="-73.82031">
        <ele>663.28</ele>
        <time>2026-05-17T17:31:49Z</time>
      </trkpt>
      <trkpt lat="44.13071" lon="-73.82027">
        <ele>662.47</ele>
        <time>2026-05-17T17:31:52Z</time>
      </trkpt>
      <trkpt lat="44.13069" lon="-73.82023">
        <ele>661.78</ele>
        <time>2026-05-17T17:31:55Z</time>
      </trkpt>
      <trkpt lat="44.13066" lon="-73.8202">
        <ele>661.33</ele>
        <time>2026-05-17T17:31:58Z</time>
      </trkpt>
      <trkpt lat="44.13065" lon="-73.82017">
        <ele>660.66</ele>
        <time>2026-05-17T17:32:00Z</time>
      </trkpt>
      <trkpt lat="44.13063" lon="-73.82015">
        <ele>660.75</ele>
        <time>2026-05-17T17:32:02Z</time>
      </trkpt>
      <trkpt lat="44.13063" lon="-73.82011">
        <ele>659.8</ele>
        <time>2026-05-17T17:32:05Z</time>
      </trkpt>
      <trkpt lat="44.13063" lon="-73.82006">
        <ele>659.25</ele>
        <time>2026-05-17T17:32:09Z</time>
      </trkpt>
      <trkpt lat="44.13063" lon="-73.82002">
        <ele>659.08</ele>
        <time>2026-05-17T17:32:12Z</time>
      </trkpt>
      <trkpt lat="44.13062" lon="-73.81998">
        <ele>659.0</ele>
        <time>2026-05-17T17:32:15Z</time>
      </trkpt>
      <trkpt lat="44.13062" lon="-73.81994">
        <ele>659.0</ele>
        <time>2026-05-17T17:32:18Z</time>
      </trkpt>
      <trkpt lat="44.13061" lon="-73.8199">
        <ele>658.97</ele>
        <time>2026-05-17T17:32:21Z</time>
      </trkpt>
      <trkpt lat="44.1306" lon="-73.81986">
        <ele>658.73</ele>
        <time>2026-05-17T17:32:24Z</time>
      </trkpt>
      <trkpt lat="44.13056" lon="-73.81977">
        <ele>658.05</ele>
        <time>2026-05-17T17:32:31Z</time>
      </trkpt>
      <trkpt lat="44.13053" lon="-73.81969">
        <ele>658.0</ele>
        <time>2026-05-17T17:32:37Z</time>
      </trkpt>
      <trkpt lat="44.13049" lon="-73.8196">
        <ele>657.77</ele>
        <time>2026-05-17T17:32:43Z</time>
      </trkpt>
      <trkpt lat="44.13046" lon="-73.81952">
        <ele>657.0</ele>
        <time>2026-05-17T17:32:49Z</time>
      </trkpt>
      <trkpt lat="44.13044" lon="-73.81944">
        <ele>656.95</ele>
        <time>2026-05-17T17:32:55Z</time>
      </trkpt>
      <trkpt lat="44.13042" lon="-73.81934">
        <ele>655.94</ele>
        <time>2026-05-17T17:33:02Z</time>
      </trkpt>
      <trkpt lat="44.13039" lon="-73.81924">
        <ele>655.0</ele>
        <time>2026-05-17T17:33:09Z</time>
      </trkpt>
      <trkpt lat="44.13036" lon="-73.81915">
        <ele>653.66</ele>
        <time>2026-05-17T17:33:16Z</time>
      </trkpt>
      <trkpt lat="44.13033" lon="-73.81906">
        <ele>652.22</ele>
        <time>2026-05-17T17:33:23Z</time>
      </trkpt>
      <trkpt lat="44.13029" lon="-73.81897">
        <ele>650.88</ele>
        <time>2026-05-17T17:33:30Z</time>
      </trkpt>
      <trkpt lat="44.13025" lon="-73.81888">
        <ele>650.57</ele>
        <time>2026-05-17T17:33:37Z</time>
      </trkpt>
      <trkpt lat="44.13022" lon="-73.81884">
        <ele>650.92</ele>
        <time>2026-05-17T17:33:41Z</time>
      </trkpt>
      <trkpt lat="44.13019" lon="-73.81876">
        <ele>650.56</ele>
        <time>2026-05-17T17:33:47Z</time>
      </trkpt>
      <trkpt lat="44.13016" lon="-73.81867">
        <ele>650.17</ele>
        <time>2026-05-17T17:33:55Z</time>
      </trkpt>
      <trkpt lat="44.13014" lon="-73.81857">
        <ele>649.33</ele>
        <time>2026-05-17T17:34:03Z</time>
      </trkpt>
      <trkpt lat="44.13012" lon="-73.81848">
        <ele>647.87</ele>
        <time>2026-05-17T17:34:10Z</time>
      </trkpt>
      <trkpt lat="44.1301" lon="-73.81839">
        <ele>645.76</ele>
        <time>2026-05-17T17:34:17Z</time>
      </trkpt>
      <trkpt lat="44.13008" lon="-73.8183">
        <ele>643.33</ele>
        <time>2026-05-17T17:34:24Z</time>
      </trkpt>
      <trkpt lat="44.13006" lon="-73.81822">
        <ele>641.68</ele>
        <time>2026-05-17T17:34:31Z</time>
      </trkpt>
      <trkpt lat="44.13004" lon="-73.81812">
        <ele>638.52</ele>
        <time>2026-05-17T17:34:39Z</time>
      </trkpt>
      <trkpt lat="44.13002" lon="-73.81803">
        <ele>635.19</ele>
        <time>2026-05-17T17:34:47Z</time>
      </trkpt>
      <trkpt lat="44.13" lon="-73.81794">
        <ele>631.01</ele>
        <time>2026-05-17T17:34:55Z</time>
      </trkpt>
      <trkpt lat="44.12998" lon="-73.81784">
        <ele>627.27</ele>
        <time>2026-05-17T17:35:04Z</time>
      </trkpt>
      <trkpt lat="44.12995" lon="-73.81775">
        <ele>623.72</ele>
        <time>2026-05-17T17:35:13Z</time>
      </trkpt>
      <trkpt lat="44.12993" lon="-73.81766">
        <ele>620.01</ele>
        <time>2026-05-17T17:35:22Z</time>
      </trkpt>
      <trkpt lat="44.12991" lon="-73.81757">
        <ele>617.52</ele>
        <time>2026-05-17T17:35:31Z</time>
      </trkpt>
      <trkpt lat="44.1299" lon="-73.81769">
        <ele>621.58</ele>
        <time>2026-05-17T17:35:38Z</time>
      </trkpt>
      <trkpt lat="44.12987" lon="-73.81778">
        <ele>627.32</ele>
        <time>2026-05-17T17:35:51Z</time>
      </trkpt>
      <trkpt lat="44.12985" lon="-73.81782">
        <ele>629.86</ele>
        <time>2026-05-17T17:36:02Z</time>
      </trkpt>
      <trkpt lat="44.12987" lon="-73.81781">
        <ele>628.81</ele>
        <time>2026-05-17T17:36:04Z</time>
      </trkpt>
      <trkpt lat="44.1299" lon="-73.81779">
        <ele>626.89</ele>
        <time>2026-05-17T17:36:06Z</time>
      </trkpt>
      <trkpt lat="44.12991" lon="-73.81775">
        <ele>624.45</ele>
        <time>2026-05-17T17:36:24Z</time>
      </trkpt>
      <trkpt lat="44.12991" lon="-73.81771">
        <ele>622.3</ele>
        <time>2026-05-17T17:36:29Z</time>
      </trkpt>
      <trkpt lat="44.12991" lon="-73.81767">
        <ele>620.48</ele>
        <time>2026-05-17T17:36:34Z</time>
      </trkpt>
      <trkpt lat="44.1299" lon="-73.81764">
        <ele>619.78</ele>
        <time>2026-05-17T17:36:38Z</time>
      </trkpt>
      <trkpt lat="44.12988" lon="-73.81761">
        <ele>619.27</ele>
        <time>2026-05-17T17:36:41Z</time>
      </trkpt>
      <trkpt lat="44.12985" lon="-73.81758">
        <ele>618.88</ele>
        <time>2026-05-17T17:36:44Z</time>
      </trkpt>
      <trkpt lat="44.12982" lon="-73.81755">
        <ele>618.53</ele>
        <time>2026-05-17T17:36:47Z</time>
      </trkpt>
      <trkpt lat="44.1298" lon="-73.81752">
        <ele>618.0</ele>
        <time>2026-05-17T17:36:51Z</time>
      </trkpt>
      <trkpt lat="44.1298" lon="-73.8175">
        <ele>617.32</ele>
        <time>2026-05-17T17:36:53Z</time>
      </trkpt>
      <trkpt lat="44.12979" lon="-73.81748">
        <ele>616.61</ele>
        <time>2026-05-17T17:36:55Z</time>
      </trkpt>
      <trkpt lat="44.1298" lon="-73.81744">
        <ele>614.62</ele>
        <time>2026-05-17T17:37:00Z</time>
      </trkpt>
      <trkpt lat="44.12978" lon="-73.81741">
        <ele>613.5</ele>
        <time>2026-05-17T17:37:06Z</time>
      </trkpt>
      <trkpt lat="44.12972" lon="-73.8174">
        <ele>613.75</ele>
        <time>2026-05-17T17:37:16Z</time>
      </trkpt>
      <trkpt lat="44.12968" lon="-73.81743">
        <ele>616.37</ele>
        <time>2026-05-17T17:37:20Z</time>
      </trkpt>
      <trkpt lat="44.12964" lon="-73.81743">
        <ele>617.45</ele>
        <time>2026-05-17T17:37:23Z</time>
      </trkpt>
      <trkpt lat="44.12961" lon="-73.8174">
        <ele>616.42</ele>
        <time>2026-05-17T17:37:28Z</time>
      </trkpt>
      <trkpt lat="44.12963" lon="-73.81737">
        <ele>614.97</ele>
        <time>2026-05-17T17:37:32Z</time>
      </trkpt>
      <trkpt lat="44.12964" lon="-73.81733">
        <ele>612.58</ele>
        <time>2026-05-17T17:37:37Z</time>
      </trkpt>
      <trkpt lat="44.12963" lon="-73.81731">
        <ele>611.73</ele>
        <time>2026-05-17T17:37:43Z</time>
      </trkpt>
      <trkpt lat="44.12963" lon="-73.8173">
        <ele>611.19</ele>
        <time>2026-05-17T17:37:47Z</time>
      </trkpt>
      <trkpt lat="44.12962" lon="-73.81726">
        <ele>609.21</ele>
        <time>2026-05-17T17:37:58Z</time>
      </trkpt>
      <trkpt lat="44.1296" lon="-73.81724">
        <ele>608.54</ele>
        <time>2026-05-17T17:38:02Z</time>
      </trkpt>
      <trkpt lat="44.12957" lon="-73.81721">
        <ele>607.63</ele>
        <time>2026-05-17T17:38:09Z</time>
      </trkpt>
      <trkpt lat="44.12955" lon="-73.81718">
        <ele>606.44</ele>
        <time>2026-05-17T17:38:15Z</time>
      </trkpt>
      <trkpt lat="44.12957" lon="-73.81715">
        <ele>604.39</ele>
        <time>2026-05-17T17:38:23Z</time>
      </trkpt>
      <trkpt lat="44.12958" lon="-73.81711">
        <ele>601.9</ele>
        <time>2026-05-17T17:38:37Z</time>
      </trkpt>
      <trkpt lat="44.12956" lon="-73.81702">
        <ele>597.06</ele>
        <time>2026-05-17T17:39:16Z</time>
      </trkpt>
      <trkpt lat="44.12954" lon="-73.81699">
        <ele>595.95</ele>
        <time>2026-05-17T17:39:28Z</time>
      </trkpt>
      <trkpt lat="44.12948" lon="-73.81694">
        <ele>595.12</ele>
        <time>2026-05-17T17:39:56Z</time>
      </trkpt>
      <trkpt lat="44.12945" lon="-73.8169">
        <ele>594.5</ele>
        <time>2026-05-17T17:40:16Z</time>
      </trkpt>
      <trkpt lat="44.12943" lon="-73.81687">
        <ele>593.43</ele>
        <time>2026-05-17T17:40:30Z</time>
      </trkpt>
      <trkpt lat="44.12942" lon="-73.8169">
        <ele>594.3</ele>
        <time>2026-05-17T17:40:50Z</time>
      </trkpt>
      <trkpt lat="44.12942" lon="-73.81695">
        <ele>595.98</ele>
        <time>2026-05-17T17:40:51Z</time>
      </trkpt>
      <trkpt lat="44.12942" lon="-73.81699">
        <ele>597.7</ele>
        <time>2026-05-17T17:40:53Z</time>
      </trkpt>
      <trkpt lat="44.12939" lon="-73.81698">
        <ele>596.95</ele>
        <time>2026-05-17T17:41:12Z</time>
      </trkpt>
      <trkpt lat="44.12939" lon="-73.81699">
        <ele>597.38</ele>
        <time>2026-05-17T17:41:15Z</time>
      </trkpt>
      <trkpt lat="44.12938" lon="-73.81695">
        <ele>595.54</ele>
        <time>2026-05-17T17:41:24Z</time>
      </trkpt>
      <trkpt lat="44.12937" lon="-73.81692">
        <ele>594.4</ele>
        <time>2026-05-17T17:41:34Z</time>
      </trkpt>
      <trkpt lat="44.12933" lon="-73.81686">
        <ele>591.56</ele>
        <time>2026-05-17T17:42:52Z</time>
      </trkpt>
      <trkpt lat="44.12936" lon="-73.81681">
        <ele>591.18</ele>
        <time>2026-05-17T17:43:12Z</time>
      </trkpt>
      <trkpt lat="44.12939" lon="-73.81679">
        <ele>591.08</ele>
        <time>2026-05-17T17:43:14Z</time>
      </trkpt>
      <trkpt lat="44.12941" lon="-73.81677">
        <ele>590.86</ele>
        <time>2026-05-17T17:43:19Z</time>
      </trkpt>
      <trkpt lat="44.12942" lon="-73.81673">
        <ele>589.87</ele>
        <time>2026-05-17T17:43:24Z</time>
      </trkpt>
      <trkpt lat="44.12944" lon="-73.8167">
        <ele>589.06</ele>
        <time>2026-05-17T17:43:28Z</time>
      </trkpt>
      <trkpt lat="44.12945" lon="-73.81667">
        <ele>588.23</ele>
        <time>2026-05-17T17:43:35Z</time>
      </trkpt>
      <trkpt lat="44.12945" lon="-73.81664">
        <ele>587.85</ele>
        <time>2026-05-17T17:44:06Z</time>
      </trkpt>
      <trkpt lat="44.12945" lon="-73.8166">
        <ele>587.44</ele>
        <time>2026-05-17T17:44:21Z</time>
      </trkpt>
      <trkpt lat="44.12946" lon="-73.81656">
        <ele>587.1</ele>
        <time>2026-05-17T17:44:42Z</time>
      </trkpt>
      <trkpt lat="44.12944" lon="-73.81652">
        <ele>585.15</ele>
        <time>2026-05-17T17:44:48Z</time>
      </trkpt>
      <trkpt lat="44.12942" lon="-73.81649">
        <ele>583.75</ele>
        <time>2026-05-17T17:44:50Z</time>
      </trkpt>
      <trkpt lat="44.12939" lon="-73.81646">
        <ele>582.36</ele>
        <time>2026-05-17T17:44:53Z</time>
      </trkpt>
      <trkpt lat="44.12936" lon="-73.81643">
        <ele>581.06</ele>
        <time>2026-05-17T17:44:57Z</time>
      </trkpt>
      <trkpt lat="44.12934" lon="-73.81647">
        <ele>581.77</ele>
        <time>2026-05-17T17:45:06Z</time>
      </trkpt>
      <trkpt lat="44.12935" lon="-73.81651">
        <ele>582.92</ele>
        <time>2026-05-17T17:45:10Z</time>
      </trkpt>
      <trkpt lat="44.12937" lon="-73.81655">
        <ele>584.61</ele>
        <time>2026-05-17T17:45:14Z</time>
      </trkpt>
      <trkpt lat="44.12938" lon="-73.81658">
        <ele>585.76</ele>
        <time>2026-05-17T17:45:18Z</time>
      </trkpt>
      <trkpt lat="44.1294" lon="-73.81662">
        <ele>587.01</ele>
        <time>2026-05-17T17:45:22Z</time>
      </trkpt>
      <trkpt lat="44.12942" lon="-73.81664">
        <ele>587.56</ele>
        <time>2026-05-17T17:45:26Z</time>
      </trkpt>
      <trkpt lat="44.12945" lon="-73.81665">
        <ele>587.95</ele>
        <time>2026-05-17T17:45:30Z</time>
      </trkpt>
      <trkpt lat="44.12947" lon="-73.81662">
        <ele>588.19</ele>
        <time>2026-05-17T17:45:33Z</time>
      </trkpt>
      <trkpt lat="44.1295" lon="-73.8166">
        <ele>588.91</ele>
        <time>2026-05-17T17:45:37Z</time>
      </trkpt>
      <trkpt lat="44.12955" lon="-73.81654">
        <ele>590.24</ele>
        <time>2026-05-17T17:45:49Z</time>
      </trkpt>
      <trkpt lat="44.12961" lon="-73.81648">
        <ele>592.91</ele>
        <time>2026-05-17T17:46:00Z</time>
      </trkpt>
      <trkpt lat="44.12964" lon="-73.81638">
        <ele>592.36</ele>
        <time>2026-05-17T17:46:10Z</time>
      </trkpt>
      <trkpt lat="44.12966" lon="-73.8163">
        <ele>591.41</ele>
        <time>2026-05-17T17:46:20Z</time>
      </trkpt>
      <trkpt lat="44.12966" lon="-73.8162">
        <ele>589.19</ele>
        <time>2026-05-17T17:47:13Z</time>
      </trkpt>
      <trkpt lat="44.12962" lon="-73.81615">
        <ele>585.8</ele>
        <time>2026-05-17T17:47:32Z</time>
      </trkpt>
      <trkpt lat="44.12956" lon="-73.81615">
        <ele>582.94</ele>
        <time>2026-05-17T17:47:34Z</time>
      </trkpt>
      <trkpt lat="44.12953" lon="-73.81615">
        <ele>581.58</ele>
        <time>2026-05-17T17:47:36Z</time>
      </trkpt>
      <trkpt lat="44.12955" lon="-73.81615">
        <ele>582.46</ele>
        <time>2026-05-17T17:47:50Z</time>
      </trkpt>
      <trkpt lat="44.12958" lon="-73.81614">
        <ele>583.62</ele>
        <time>2026-05-17T17:47:58Z</time>
      </trkpt>
      <trkpt lat="44.12961" lon="-73.81615">
        <ele>585.32</ele>
        <time>2026-05-17T17:48:03Z</time>
      </trkpt>
      <trkpt lat="44.12964" lon="-73.81616">
        <ele>587.03</ele>
        <time>2026-05-17T17:48:09Z</time>
      </trkpt>
      <trkpt lat="44.12966" lon="-73.81615">
        <ele>587.57</ele>
        <time>2026-05-17T17:48:18Z</time>
      </trkpt>
      <trkpt lat="44.12969" lon="-73.81612">
        <ele>587.9</ele>
        <time>2026-05-17T17:48:25Z</time>
      </trkpt>
      <trkpt lat="44.1297" lon="-73.81609">
        <ele>587.41</ele>
        <time>2026-05-17T17:48:36Z</time>
      </trkpt>
      <trkpt lat="44.12972" lon="-73.81614">
        <ele>589.84</ele>
        <time>2026-05-17T17:48:58Z</time>
      </trkpt>
      <trkpt lat="44.12974" lon="-73.81616">
        <ele>591.35</ele>
        <time>2026-05-17T17:49:10Z</time>
      </trkpt>
      <trkpt lat="44.12976" lon="-73.81618">
        <ele>592.86</ele>
        <time>2026-05-17T17:49:16Z</time>
      </trkpt>
      <trkpt lat="44.12978" lon="-73.81617">
        <ele>593.4</ele>
        <time>2026-05-17T17:49:23Z</time>
      </trkpt>
      <trkpt lat="44.12981" lon="-73.81614">
        <ele>593.73</ele>
        <time>2026-05-17T17:49:26Z</time>
      </trkpt>
      <trkpt lat="44.12984" lon="-73.8161">
        <ele>594.0</ele>
        <time>2026-05-17T17:49:28Z</time>
      </trkpt>
      <trkpt lat="44.12987" lon="-73.81607">
        <ele>594.65</ele>
        <time>2026-05-17T17:49:30Z</time>
      </trkpt>
      <trkpt lat="44.12989" lon="-73.81603">
        <ele>594.43</ele>
        <time>2026-05-17T17:49:33Z</time>
      </trkpt>
      <trkpt lat="44.1299" lon="-73.81599">
        <ele>593.68</ele>
        <time>2026-05-17T17:49:36Z</time>
      </trkpt>
      <trkpt lat="44.12991" lon="-73.81595">
        <ele>592.89</ele>
        <time>2026-05-17T17:49:40Z</time>
      </trkpt>
      <trkpt lat="44.12994" lon="-73.81591">
        <ele>592.72</ele>
        <time>2026-05-17T17:49:44Z</time>
      </trkpt>
      <trkpt lat="44.12996" lon="-73.81588">
        <ele>592.29</ele>
        <time>2026-05-17T17:49:47Z</time>
      </trkpt>
      <trkpt lat="44.12998" lon="-73.81586">
        <ele>592.29</ele>
        <time>2026-05-17T17:49:50Z</time>
      </trkpt>
      <trkpt lat="44.13001" lon="-73.81583">
        <ele>592.18</ele>
        <time>2026-05-17T17:49:53Z</time>
      </trkpt>
      <trkpt lat="44.13003" lon="-73.81578">
        <ele>590.85</ele>
        <time>2026-05-17T17:49:57Z</time>
      </trkpt>
      <trkpt lat="44.13007" lon="-73.8157">
        <ele>589.26</ele>
        <time>2026-05-17T17:50:03Z</time>
      </trkpt>
      <trkpt lat="44.13012" lon="-73.81562">
        <ele>587.37</ele>
        <time>2026-05-17T17:50:10Z</time>
      </trkpt>
      <trkpt lat="44.13018" lon="-73.81556">
        <ele>586.07</ele>
        <time>2026-05-17T17:50:17Z</time>
      </trkpt>
      <trkpt lat="44.13025" lon="-73.81553">
        <ele>587.0</ele>
        <time>2026-05-17T17:50:26Z</time>
      </trkpt>
      <trkpt lat="44.13031" lon="-73.8155">
        <ele>587.44</ele>
        <time>2026-05-17T17:50:34Z</time>
      </trkpt>
      <trkpt lat="44.13038" lon="-73.81547">
        <ele>587.68</ele>
        <time>2026-05-17T17:50:43Z</time>
      </trkpt>
      <trkpt lat="44.13045" lon="-73.81545">
        <ele>589.02</ele>
        <time>2026-05-17T17:50:52Z</time>
      </trkpt>
      <trkpt lat="44.13054" lon="-73.81537">
        <ele>587.65</ele>
        <time>2026-05-17T17:51:05Z</time>
      </trkpt>
      <trkpt lat="44.13051" lon="-73.81536">
        <ele>586.51</ele>
        <time>2026-05-17T17:51:15Z</time>
      </trkpt>
      <trkpt lat="44.13053" lon="-73.81539">
        <ele>588.3</ele>
        <time>2026-05-17T17:51:21Z</time>
      </trkpt>
      <trkpt lat="44.13055" lon="-73.8154">
        <ele>589.16</ele>
        <time>2026-05-17T17:51:25Z</time>
      </trkpt>
      <trkpt lat="44.13058" lon="-73.81538">
        <ele>589.21</ele>
        <time>2026-05-17T17:51:29Z</time>
      </trkpt>
      <trkpt lat="44.13061" lon="-73.81535">
        <ele>588.88</ele>
        <time>2026-05-17T17:51:33Z</time>
      </trkpt>
      <trkpt lat="44.13063" lon="-73.81532">
        <ele>588.24</ele>
        <time>2026-05-17T17:51:36Z</time>
      </trkpt>
      <trkpt lat="44.13066" lon="-73.81529">
        <ele>588.04</ele>
        <time>2026-05-17T17:51:39Z</time>
      </trkpt>
      <trkpt lat="44.13069" lon="-73.81526">
        <ele>588.23</ele>
        <time>2026-05-17T17:51:42Z</time>
      </trkpt>
      <trkpt lat="44.13071" lon="-73.81523">
        <ele>588.12</ele>
        <time>2026-05-17T17:51:46Z</time>
      </trkpt>
      <trkpt lat="44.13073" lon="-73.81519">
        <ele>587.69</ele>
        <time>2026-05-17T17:51:50Z</time>
      </trkpt>
      <trkpt lat="44.13075" lon="-73.81516">
        <ele>587.31</ele>
        <time>2026-05-17T17:51:55Z</time>
      </trkpt>
      <trkpt lat="44.13076" lon="-73.81515">
        <ele>587.31</ele>
        <time>2026-05-17T17:51:58Z</time>
      </trkpt>
      <trkpt lat="44.13078" lon="-73.81514">
        <ele>587.74</ele>
        <time>2026-05-17T17:52:03Z</time>
      </trkpt>
      <trkpt lat="44.13081" lon="-73.81511">
        <ele>587.74</ele>
        <time>2026-05-17T17:52:07Z</time>
      </trkpt>
      <trkpt lat="44.13082" lon="-73.81507">
        <ele>586.45</ele>
        <time>2026-05-17T17:52:11Z</time>
      </trkpt>
      <trkpt lat="44.13084" lon="-73.81503">
        <ele>585.61</ele>
        <time>2026-05-17T17:52:15Z</time>
      </trkpt>
      <trkpt lat="44.13082" lon="-73.81494">
        <ele>580.18</ele>
        <time>2026-05-17T17:52:24Z</time>
      </trkpt>
      <trkpt lat="44.13087" lon="-73.81488">
        <ele>579.97</ele>
        <time>2026-05-17T17:52:34Z</time>
      </trkpt>
      <trkpt lat="44.13092" lon="-73.81481">
        <ele>579.54</ele>
        <time>2026-05-17T17:52:42Z</time>
      </trkpt>
      <trkpt lat="44.13096" lon="-73.81473">
        <ele>577.81</ele>
        <time>2026-05-17T17:52:49Z</time>
      </trkpt>
      <trkpt lat="44.13099" lon="-73.81463">
        <ele>575.78</ele>
        <time>2026-05-17T17:52:57Z</time>
      </trkpt>
      <trkpt lat="44.13103" lon="-73.81455">
        <ele>574.04</ele>
        <time>2026-05-17T17:53:05Z</time>
      </trkpt>
      <trkpt lat="44.13107" lon="-73.81446">
        <ele>573.1</ele>
        <time>2026-05-17T17:53:13Z</time>
      </trkpt>
      <trkpt lat="44.13111" lon="-73.81437">
        <ele>571.56</ele>
        <time>2026-05-17T17:53:20Z</time>
      </trkpt>
      <trkpt lat="44.13115" lon="-73.81428">
        <ele>570.8</ele>
        <time>2026-05-17T17:53:27Z</time>
      </trkpt>
      <trkpt lat="44.13118" lon="-73.81419">
        <ele>570.12</ele>
        <time>2026-05-17T17:53:34Z</time>
      </trkpt>
      <trkpt lat="44.13122" lon="-73.8141">
        <ele>569.73</ele>
        <time>2026-05-17T17:53:41Z</time>
      </trkpt>
      <trkpt lat="44.13124" lon="-73.81401">
        <ele>569.51</ele>
        <time>2026-05-17T17:53:48Z</time>
      </trkpt>
      <trkpt lat="44.13127" lon="-73.81392">
        <ele>569.24</ele>
        <time>2026-05-17T17:53:55Z</time>
      </trkpt>
      <trkpt lat="44.1313" lon="-73.81382">
        <ele>569.02</ele>
        <time>2026-05-17T17:54:02Z</time>
      </trkpt>
      <trkpt lat="44.13134" lon="-73.81372">
        <ele>569.0</ele>
        <time>2026-05-17T17:54:09Z</time>
      </trkpt>
      <trkpt lat="44.13137" lon="-73.81364">
        <ele>569.0</ele>
        <time>2026-05-17T17:54:15Z</time>
      </trkpt>
      <trkpt lat="44.13139" lon="-73.81355">
        <ele>568.35</ele>
        <time>2026-05-17T17:54:19Z</time>
      </trkpt>
      <trkpt lat="44.13143" lon="-73.81347">
        <ele>568.21</ele>
        <time>2026-05-17T17:54:25Z</time>
      </trkpt>
      <trkpt lat="44.1315" lon="-73.81348">
        <ele>568.78</ele>
        <time>2026-05-17T17:54:37Z</time>
      </trkpt>
      <trkpt lat="44.13152" lon="-73.81345">
        <ele>568.68</ele>
        <time>2026-05-17T17:54:42Z</time>
      </trkpt>
      <trkpt lat="44.13154" lon="-73.81341">
        <ele>568.52</ele>
        <time>2026-05-17T17:54:46Z</time>
      </trkpt>
      <trkpt lat="44.13156" lon="-73.81337">
        <ele>568.34</ele>
        <time>2026-05-17T17:54:50Z</time>
      </trkpt>
      <trkpt lat="44.13158" lon="-73.81334">
        <ele>568.14</ele>
        <time>2026-05-17T17:54:53Z</time>
      </trkpt>
      <trkpt lat="44.13161" lon="-73.81332">
        <ele>568.24</ele>
        <time>2026-05-17T17:54:55Z</time>
      </trkpt>
      <trkpt lat="44.13165" lon="-73.81331">
        <ele>568.57</ele>
        <time>2026-05-17T17:54:57Z</time>
      </trkpt>
      <trkpt lat="44.13168" lon="-73.81328">
        <ele>568.57</ele>
        <time>2026-05-17T17:55:00Z</time>
      </trkpt>
      <trkpt lat="44.13171" lon="-73.81326">
        <ele>568.68</ele>
        <time>2026-05-17T17:55:03Z</time>
      </trkpt>
      <trkpt lat="44.13173" lon="-73.81323">
        <ele>568.49</ele>
        <time>2026-05-17T17:55:06Z</time>
      </trkpt>
      <trkpt lat="44.13175" lon="-73.81321">
        <ele>568.27</ele>
        <time>2026-05-17T17:55:09Z</time>
      </trkpt>
      <trkpt lat="44.13178" lon="-73.81319">
        <ele>568.03</ele>
        <time>2026-05-17T17:55:12Z</time>
      </trkpt>
      <trkpt lat="44.13181" lon="-73.81317">
        <ele>567.89</ele>
        <time>2026-05-17T17:55:15Z</time>
      </trkpt>
      <trkpt lat="44.13184" lon="-73.81315">
        <ele>567.89</ele>
        <time>2026-05-17T17:55:18Z</time>
      </trkpt>
      <trkpt lat="44.13187" lon="-73.81313">
        <ele>567.96</ele>
        <time>2026-05-17T17:55:21Z</time>
      </trkpt>
      <trkpt lat="44.1319" lon="-73.81311">
        <ele>567.89</ele>
        <time>2026-05-17T17:55:24Z</time>
      </trkpt>
      <trkpt lat="44.13192" lon="-73.81308">
        <ele>567.46</ele>
        <time>2026-05-17T17:55:27Z</time>
      </trkpt>
      <trkpt lat="44.13195" lon="-73.81306">
        <ele>567.15</ele>
        <time>2026-05-17T17:55:30Z</time>
      </trkpt>
      <trkpt lat="44.13197" lon="-73.81303">
        <ele>567.0</ele>
        <time>2026-05-17T17:55:33Z</time>
      </trkpt>
      <trkpt lat="44.132" lon="-73.813">
        <ele>567.0</ele>
        <time>2026-05-17T17:55:36Z</time>
      </trkpt>
      <trkpt lat="44.13201" lon="-73.81297">
        <ele>566.78</ele>
        <time>2026-05-17T17:55:38Z</time>
      </trkpt>
      <trkpt lat="44.13203" lon="-73.81292">
        <ele>566.46</ele>
        <time>2026-05-17T17:55:40Z</time>
      </trkpt>
      <trkpt lat="44.13206" lon="-73.81286">
        <ele>566.14</ele>
        <time>2026-05-17T17:55:43Z</time>
      </trkpt>
      <trkpt lat="44.1321" lon="-73.81277">
        <ele>565.54</ele>
        <time>2026-05-17T17:55:48Z</time>
      </trkpt>
      <trkpt lat="44.13216" lon="-73.81271">
        <ele>565.1</ele>
        <time>2026-05-17T17:55:54Z</time>
      </trkpt>
      <trkpt lat="44.13223" lon="-73.81267">
        <ele>565.77</ele>
        <time>2026-05-17T17:56:01Z</time>
      </trkpt>
      <trkpt lat="44.13229" lon="-73.81264">
        <ele>566.11</ele>
        <time>2026-05-17T17:56:08Z</time>
      </trkpt>
      <trkpt lat="44.13232" lon="-73.81263">
        <ele>566.46</ele>
        <time>2026-05-17T17:56:12Z</time>
      </trkpt>
      <trkpt lat="44.13229" lon="-73.81265">
        <ele>566.25</ele>
        <time>2026-05-17T17:56:16Z</time>
      </trkpt>
      <trkpt lat="44.13226" lon="-73.81267">
        <ele>566.15</ele>
        <time>2026-05-17T17:56:19Z</time>
      </trkpt>
      <trkpt lat="44.13226" lon="-73.81264">
        <ele>565.63</ele>
        <time>2026-05-17T17:56:52Z</time>
      </trkpt>
      <trkpt lat="44.13228" lon="-73.81261">
        <ele>565.51</ele>
        <time>2026-05-17T17:56:56Z</time>
      </trkpt>
      <trkpt lat="44.13231" lon="-73.81258">
        <ele>565.63</ele>
        <time>2026-05-17T17:56:58Z</time>
      </trkpt>
      <trkpt lat="44.13234" lon="-73.81256">
        <ele>565.66</ele>
        <time>2026-05-17T17:57:00Z</time>
      </trkpt>
      <trkpt lat="44.13236" lon="-73.81253">
        <ele>565.47</ele>
        <time>2026-05-17T17:57:02Z</time>
      </trkpt>
      <trkpt lat="44.13239" lon="-73.81249">
        <ele>565.43</ele>
        <time>2026-05-17T17:57:05Z</time>
      </trkpt>
      <trkpt lat="44.13242" lon="-73.81247">
        <ele>565.49</ele>
        <time>2026-05-17T17:57:08Z</time>
      </trkpt>
      <trkpt lat="44.13244" lon="-73.81244">
        <ele>565.06</ele>
        <time>2026-05-17T17:57:11Z</time>
      </trkpt>
      <trkpt lat="44.13247" lon="-73.81242">
        <ele>564.95</ele>
        <time>2026-05-17T17:57:14Z</time>
      </trkpt>
      <trkpt lat="44.13249" lon="-73.8124">
        <ele>564.8</ele>
        <time>2026-05-17T17:57:17Z</time>
      </trkpt>
      <trkpt lat="44.13252" lon="-73.81238">
        <ele>564.92</ele>
        <time>2026-05-17T17:57:20Z</time>
      </trkpt>
      <trkpt lat="44.13255" lon="-73.81235">
        <ele>564.92</ele>
        <time>2026-05-17T17:57:23Z</time>
      </trkpt>
      <trkpt lat="44.13256" lon="-73.81233">
        <ele>564.81</ele>
        <time>2026-05-17T17:57:25Z</time>
      </trkpt>
      <trkpt lat="44.13258" lon="-73.81228">
        <ele>564.11</ele>
        <time>2026-05-17T17:57:27Z</time>
      </trkpt>
      <trkpt lat="44.1326" lon="-73.81224">
        <ele>563.53</ele>
        <time>2026-05-17T17:57:29Z</time>
      </trkpt>
      <trkpt lat="44.13262" lon="-73.81219">
        <ele>563.14</ele>
        <time>2026-05-17T17:57:31Z</time>
      </trkpt>
      <trkpt lat="44.13263" lon="-73.81215">
        <ele>562.71</ele>
        <time>2026-05-17T17:57:33Z</time>
      </trkpt>
      <trkpt lat="44.13266" lon="-73.81208">
        <ele>562.05</ele>
        <time>2026-05-17T17:57:37Z</time>
      </trkpt>
      <trkpt lat="44.13271" lon="-73.81199">
        <ele>561.25</ele>
        <time>2026-05-17T17:57:43Z</time>
      </trkpt>
      <trkpt lat="44.13277" lon="-73.81193">
        <ele>560.76</ele>
        <time>2026-05-17T17:57:50Z</time>
      </trkpt>
      <trkpt lat="44.13283" lon="-73.81189">
        <ele>560.98</ele>
        <time>2026-05-17T17:57:57Z</time>
      </trkpt>
      <trkpt lat="44.13289" lon="-73.81183">
        <ele>560.53</ele>
        <time>2026-05-17T17:58:04Z</time>
      </trkpt>
      <trkpt lat="44.13296" lon="-73.81179">
        <ele>559.66</ele>
        <time>2026-05-17T17:58:10Z</time>
      </trkpt>
      <trkpt lat="44.13302" lon="-73.81175">
        <ele>558.84</ele>
        <time>2026-05-17T17:58:16Z</time>
      </trkpt>
      <trkpt lat="44.13308" lon="-73.8117">
        <ele>557.72</ele>
        <time>2026-05-17T17:58:22Z</time>
      </trkpt>
      <trkpt lat="44.13315" lon="-73.81165">
        <ele>556.44</ele>
        <time>2026-05-17T17:58:28Z</time>
      </trkpt>
      <trkpt lat="44.13321" lon="-73.81161">
        <ele>554.9</ele>
        <time>2026-05-17T17:58:34Z</time>
      </trkpt>
      <trkpt lat="44.13327" lon="-73.81157">
        <ele>553.87</ele>
        <time>2026-05-17T17:58:40Z</time>
      </trkpt>
      <trkpt lat="44.13334" lon="-73.81154">
        <ele>552.92</ele>
        <time>2026-05-17T17:58:48Z</time>
      </trkpt>
      <trkpt lat="44.13341" lon="-73.81151">
        <ele>552.5</ele>
        <time>2026-05-17T17:59:00Z</time>
      </trkpt>
      <trkpt lat="44.13348" lon="-73.8115">
        <ele>552.4</ele>
        <time>2026-05-17T17:59:13Z</time>
      </trkpt>
      <trkpt lat="44.13354" lon="-73.81145">
        <ele>551.55</ele>
        <time>2026-05-17T17:59:26Z</time>
      </trkpt>
      <trkpt lat="44.13349" lon="-73.81143">
        <ele>550.89</ele>
        <time>2026-05-17T17:59:32Z</time>
      </trkpt>
      <trkpt lat="44.13354" lon="-73.81137">
        <ele>550.03</ele>
        <time>2026-05-17T17:59:56Z</time>
      </trkpt>
      <trkpt lat="44.13361" lon="-73.81135">
        <ele>550.57</ele>
        <time>2026-05-17T18:00:06Z</time>
      </trkpt>
      <trkpt lat="44.13368" lon="-73.81132">
        <ele>550.45</ele>
        <time>2026-05-17T18:00:16Z</time>
      </trkpt>
      <trkpt lat="44.13374" lon="-73.81129">
        <ele>550.32</ele>
        <time>2026-05-17T18:00:26Z</time>
      </trkpt>
      <trkpt lat="44.13381" lon="-73.81126">
        <ele>550.76</ele>
        <time>2026-05-17T18:00:37Z</time>
      </trkpt>
      <trkpt lat="44.13388" lon="-73.81123">
        <ele>551.19</ele>
        <time>2026-05-17T18:00:48Z</time>
      </trkpt>
      <trkpt lat="44.13395" lon="-73.81121">
        <ele>551.73</ele>
        <time>2026-05-17T18:00:59Z</time>
      </trkpt>
      <trkpt lat="44.13402" lon="-73.81118">
        <ele>551.9</ele>
        <time>2026-05-17T18:01:09Z</time>
      </trkpt>
      <trkpt lat="44.13409" lon="-73.81116">
        <ele>552.4</ele>
        <time>2026-05-17T18:01:18Z</time>
      </trkpt>
      <trkpt lat="44.13416" lon="-73.81112">
        <ele>553.05</ele>
        <time>2026-05-17T18:01:27Z</time>
      </trkpt>
      <trkpt lat="44.13422" lon="-73.81108">
        <ele>553.62</ele>
        <time>2026-05-17T18:01:35Z</time>
      </trkpt>
      <trkpt lat="44.13429" lon="-73.81104">
        <ele>554.05</ele>
        <time>2026-05-17T18:01:43Z</time>
      </trkpt>
      <trkpt lat="44.13435" lon="-73.811">
        <ele>554.76</ele>
        <time>2026-05-17T18:01:51Z</time>
      </trkpt>
      <trkpt lat="44.1344" lon="-73.81091">
        <ele>554.27</ele>
        <time>2026-05-17T18:01:57Z</time>
      </trkpt>
      <trkpt lat="44.13442" lon="-73.81079">
        <ele>552.88</ele>
        <time>2026-05-17T18:02:00Z</time>
      </trkpt>
      <trkpt lat="44.13446" lon="-73.8107">
        <ele>552.36</ele>
        <time>2026-05-17T18:02:05Z</time>
      </trkpt>
      <trkpt lat="44.1345" lon="-73.81062">
        <ele>551.77</ele>
        <time>2026-05-17T18:02:12Z</time>
      </trkpt>
      <trkpt lat="44.13455" lon="-73.81055">
        <ele>552.03</ele>
        <time>2026-05-17T18:02:21Z</time>
      </trkpt>
      <trkpt lat="44.1346" lon="-73.81049">
        <ele>551.75</ele>
        <time>2026-05-17T18:02:32Z</time>
      </trkpt>
      <trkpt lat="44.13455" lon="-73.81044">
        <ele>549.61</ele>
        <time>2026-05-17T18:02:39Z</time>
      </trkpt>
      <trkpt lat="44.13458" lon="-73.81035">
        <ele>548.18</ele>
        <time>2026-05-17T18:02:51Z</time>
      </trkpt>
      <trkpt lat="44.13462" lon="-73.81028">
        <ele>548.43</ele>
        <time>2026-05-17T18:03:02Z</time>
      </trkpt>
      <trkpt lat="44.13467" lon="-73.8102">
        <ele>547.61</ele>
        <time>2026-05-17T18:03:14Z</time>
      </trkpt>
      <trkpt lat="44.13472" lon="-73.81013">
        <ele>548.09</ele>
        <time>2026-05-17T18:03:24Z</time>
      </trkpt>
      <trkpt lat="44.13477" lon="-73.81006">
        <ele>547.5</ele>
        <time>2026-05-17T18:03:32Z</time>
      </trkpt>
      <trkpt lat="44.13482" lon="-73.81">
        <ele>548.17</ele>
        <time>2026-05-17T18:03:39Z</time>
      </trkpt>
      <trkpt lat="44.13488" lon="-73.80994">
        <ele>548.62</ele>
        <time>2026-05-17T18:03:46Z</time>
      </trkpt>
      <trkpt lat="44.13494" lon="-73.80988">
        <ele>549.02</ele>
        <time>2026-05-17T18:03:53Z</time>
      </trkpt>
      <trkpt lat="44.135" lon="-73.80983">
        <ele>550.16</ele>
        <time>2026-05-17T18:04:00Z</time>
      </trkpt>
      <trkpt lat="44.13506" lon="-73.80977">
        <ele>550.14</ele>
        <time>2026-05-17T18:04:07Z</time>
      </trkpt>
      <trkpt lat="44.13512" lon="-73.80971">
        <ele>550.68</ele>
        <time>2026-05-17T18:04:15Z</time>
      </trkpt>
      <trkpt lat="44.13518" lon="-73.80966">
        <ele>550.25</ele>
        <time>2026-05-17T18:04:22Z</time>
      </trkpt>
      <trkpt lat="44.13524" lon="-73.80961">
        <ele>550.0</ele>
        <time>2026-05-17T18:04:30Z</time>
      </trkpt>
      <trkpt lat="44.13528" lon="-73.80956">
        <ele>549.54</ele>
        <time>2026-05-17T18:04:37Z</time>
      </trkpt>
      <trkpt lat="44.13534" lon="-73.80951">
        <ele>549.18</ele>
        <time>2026-05-17T18:04:45Z</time>
      </trkpt>
      <trkpt lat="44.13541" lon="-73.80958">
        <ele>551.46</ele>
        <time>2026-05-17T18:04:55Z</time>
      </trkpt>
      <trkpt lat="44.13544" lon="-73.80966">
        <ele>552.25</ele>
        <time>2026-05-17T18:05:01Z</time>
      </trkpt>
      <trkpt lat="44.13551" lon="-73.80967">
        <ele>552.44</ele>
        <time>2026-05-17T18:05:13Z</time>
      </trkpt>
      <trkpt lat="44.13556" lon="-73.80972">
        <ele>552.98</ele>
        <time>2026-05-17T18:05:23Z</time>
      </trkpt>
      <trkpt lat="44.1356" lon="-73.80979">
        <ele>553.73</ele>
        <time>2026-05-17T18:05:33Z</time>
      </trkpt>
      <trkpt lat="44.13564" lon="-73.80987">
        <ele>554.6</ele>
        <time>2026-05-17T18:05:42Z</time>
      </trkpt>
      <trkpt lat="44.13568" lon="-73.80995">
        <ele>555.46</ele>
        <time>2026-05-17T18:05:50Z</time>
      </trkpt>
      <trkpt lat="44.13571" lon="-73.81004">
        <ele>556.43</ele>
        <time>2026-05-17T18:05:58Z</time>
      </trkpt>
      <trkpt lat="44.13574" lon="-73.81012">
        <ele>557.3</ele>
        <time>2026-05-17T18:06:05Z</time>
      </trkpt>
      <trkpt lat="44.13576" lon="-73.8102">
        <ele>558.16</ele>
        <time>2026-05-17T18:06:11Z</time>
      </trkpt>
      <trkpt lat="44.13579" lon="-73.81029">
        <ele>559.13</ele>
        <time>2026-05-17T18:06:18Z</time>
      </trkpt>
      <trkpt lat="44.13582" lon="-73.81038">
        <ele>560.1</ele>
        <time>2026-05-17T18:06:25Z</time>
      </trkpt>
      <trkpt lat="44.13586" lon="-73.81047">
        <ele>560.5</ele>
        <time>2026-05-17T18:06:33Z</time>
      </trkpt>
      <trkpt lat="44.13589" lon="-73.81056">
        <ele>560.84</ele>
        <time>2026-05-17T18:06:40Z</time>
      </trkpt>
      <trkpt lat="44.13592" lon="-73.81065">
        <ele>561.25</ele>
        <time>2026-05-17T18:06:48Z</time>
      </trkpt>
      <trkpt lat="44.1359" lon="-73.8107">
        <ele>563.36</ele>
        <time>2026-05-17T18:06:52Z</time>
      </trkpt>
      <trkpt lat="44.13588" lon="-73.81073">
        <ele>564.7</ele>
        <time>2026-05-17T18:06:55Z</time>
      </trkpt>
      <trkpt lat="44.1359" lon="-73.8107">
        <ele>563.36</ele>
        <time>2026-05-17T18:07:12Z</time>
      </trkpt>
      <trkpt lat="44.13593" lon="-73.81069">
        <ele>562.25</ele>
        <time>2026-05-17T18:07:20Z</time>
      </trkpt>
      <trkpt lat="44.13596" lon="-73.81069">
        <ele>561.45</ele>
        <time>2026-05-17T18:07:25Z</time>
      </trkpt>
      <trkpt lat="44.13598" lon="-73.81069">
        <ele>560.92</ele>
        <time>2026-05-17T18:07:29Z</time>
      </trkpt>
      <trkpt lat="44.13601" lon="-73.81069">
        <ele>560.13</ele>
        <time>2026-05-17T18:07:35Z</time>
      </trkpt>
      <trkpt lat="44.13604" lon="-73.81068">
        <ele>559.53</ele>
        <time>2026-05-17T18:07:44Z</time>
      </trkpt>
      <trkpt lat="44.13608" lon="-73.81069">
        <ele>559.3</ele>
        <time>2026-05-17T18:07:49Z</time>
      </trkpt>
      <trkpt lat="44.13611" lon="-73.81069">
        <ele>559.01</ele>
        <time>2026-05-17T18:07:53Z</time>
      </trkpt>
      <trkpt lat="44.13613" lon="-73.81067">
        <ele>559.41</ele>
        <time>2026-05-17T18:07:56Z</time>
      </trkpt>
      <trkpt lat="44.13616" lon="-73.81062">
        <ele>559.9</ele>
        <time>2026-05-17T18:07:59Z</time>
      </trkpt>
      <trkpt lat="44.13617" lon="-73.81058">
        <ele>559.8</ele>
        <time>2026-05-17T18:08:01Z</time>
      </trkpt>
      <trkpt lat="44.13618" lon="-73.81055">
        <ele>559.74</ele>
        <time>2026-05-17T18:08:03Z</time>
      </trkpt>
      <trkpt lat="44.13619" lon="-73.81051">
        <ele>559.85</ele>
        <time>2026-05-17T18:08:06Z</time>
      </trkpt>
      <trkpt lat="44.13618" lon="-73.81046">
        <ele>559.71</ele>
        <time>2026-05-17T18:08:10Z</time>
      </trkpt>
      <trkpt lat="44.13619" lon="-73.81042">
        <ele>559.39</ele>
        <time>2026-05-17T18:08:15Z</time>
      </trkpt>
      <trkpt lat="44.1362" lon="-73.81038">
        <ele>559.06</ele>
        <time>2026-05-17T18:08:19Z</time>
      </trkpt>
      <trkpt lat="44.1362" lon="-73.81034">
        <ele>558.95</ele>
        <time>2026-05-17T18:08:23Z</time>
      </trkpt>
      <trkpt lat="44.13619" lon="-73.81029">
        <ele>558.72</ele>
        <time>2026-05-17T18:08:27Z</time>
      </trkpt>
      <trkpt lat="44.13619" lon="-73.81025">
        <ele>558.45</ele>
        <time>2026-05-17T18:08:31Z</time>
      </trkpt>
      <trkpt lat="44.1362" lon="-73.8102">
        <ele>558.11</ele>
        <time>2026-05-17T18:08:35Z</time>
      </trkpt>
      <trkpt lat="44.1362" lon="-73.81015">
        <ele>557.58</ele>
        <time>2026-05-17T18:08:39Z</time>
      </trkpt>
      <trkpt lat="44.13621" lon="-73.81005">
        <ele>556.74</ele>
        <time>2026-05-17T18:08:48Z</time>
      </trkpt>
      <trkpt lat="44.13622" lon="-73.80999">
        <ele>556.51</ele>
        <time>2026-05-17T18:08:54Z</time>
      </trkpt>
      <trkpt lat="44.13626" lon="-73.80991">
        <ele>557.23</ele>
        <time>2026-05-17T18:09:06Z</time>
      </trkpt>
      <trkpt lat="44.13631" lon="-73.80984">
        <ele>557.57</ele>
        <time>2026-05-17T18:09:15Z</time>
      </trkpt>
      <trkpt lat="44.13636" lon="-73.80977">
        <ele>557.56</ele>
        <time>2026-05-17T18:09:24Z</time>
      </trkpt>
      <trkpt lat="44.13642" lon="-73.8097">
        <ele>557.1</ele>
        <time>2026-05-17T18:09:33Z</time>
      </trkpt>
      <trkpt lat="44.13647" lon="-73.80964">
        <ele>556.99</ele>
        <time>2026-05-17T18:09:41Z</time>
      </trkpt>
      <trkpt lat="44.13652" lon="-73.80958">
        <ele>556.34</ele>
        <time>2026-05-17T18:09:49Z</time>
      </trkpt>
      <trkpt lat="44.13657" lon="-73.80952">
        <ele>555.77</ele>
        <time>2026-05-17T18:09:58Z</time>
      </trkpt>
      <trkpt lat="44.13662" lon="-73.80946">
        <ele>555.66</ele>
        <time>2026-05-17T18:10:07Z</time>
      </trkpt>
      <trkpt lat="44.13667" lon="-73.8094">
        <ele>555.08</ele>
        <time>2026-05-17T18:10:16Z</time>
      </trkpt>
      <trkpt lat="44.13673" lon="-73.80934">
        <ele>554.43</ele>
        <time>2026-05-17T18:10:25Z</time>
      </trkpt>
      <trkpt lat="44.13678" lon="-73.80928">
        <ele>553.5</ele>
        <time>2026-05-17T18:10:34Z</time>
      </trkpt>
      <trkpt lat="44.13684" lon="-73.80923">
        <ele>552.33</ele>
        <time>2026-05-17T18:10:42Z</time>
      </trkpt>
      <trkpt lat="44.1369" lon="-73.80918">
        <ele>551.81</ele>
        <time>2026-05-17T18:10:50Z</time>
      </trkpt>
      <trkpt lat="44.13696" lon="-73.80913">
        <ele>550.09</ele>
        <time>2026-05-17T18:10:58Z</time>
      </trkpt>
      <trkpt lat="44.13704" lon="-73.80909">
        <ele>548.72</ele>
        <time>2026-05-17T18:11:05Z</time>
      </trkpt>
      <trkpt lat="44.13712" lon="-73.80908">
        <ele>549.15</ele>
        <time>2026-05-17T18:11:07Z</time>
      </trkpt>
      <trkpt lat="44.13719" lon="-73.80907">
        <ele>549.39</ele>
        <time>2026-05-17T18:11:09Z</time>
      </trkpt>
      <trkpt lat="44.13727" lon="-73.80904">
        <ele>548.31</ele>
        <time>2026-05-17T18:11:14Z</time>
      </trkpt>
      <trkpt lat="44.13733" lon="-73.809">
        <ele>546.04</ele>
        <time>2026-05-17T18:11:22Z</time>
      </trkpt>
      <trkpt lat="44.13739" lon="-73.80895">
        <ele>541.13</ele>
        <time>2026-05-17T18:11:30Z</time>
      </trkpt>
      <trkpt lat="44.13742" lon="-73.80906">
        <ele>548.93</ele>
        <time>2026-05-17T18:11:38Z</time>
      </trkpt>
      <trkpt lat="44.13744" lon="-73.80916">
        <ele>553.69</ele>
        <time>2026-05-17T18:11:41Z</time>
      </trkpt>
      <trkpt lat="44.13749" lon="-73.80923">
        <ele>556.05</ele>
        <time>2026-05-17T18:11:49Z</time>
      </trkpt>
      <trkpt lat="44.13756" lon="-73.80925">
        <ele>556.12</ele>
        <time>2026-05-17T18:11:57Z</time>
      </trkpt>
      <trkpt lat="44.13762" lon="-73.80925">
        <ele>556.1</ele>
        <time>2026-05-17T18:12:04Z</time>
      </trkpt>
      <trkpt lat="44.13769" lon="-73.80923">
        <ele>556.54</ele>
        <time>2026-05-17T18:12:11Z</time>
      </trkpt>
      <trkpt lat="44.13775" lon="-73.80921">
        <ele>558.41</ele>
        <time>2026-05-17T18:12:17Z</time>
      </trkpt>
      <trkpt lat="44.13782" lon="-73.80919">
        <ele>560.62</ele>
        <time>2026-05-17T18:12:24Z</time>
      </trkpt>
      <trkpt lat="44.13789" lon="-73.80915">
        <ele>562.1</ele>
        <time>2026-05-17T18:12:32Z</time>
      </trkpt>
      <trkpt lat="44.13795" lon="-73.8091">
        <ele>562.9</ele>
        <time>2026-05-17T18:12:40Z</time>
      </trkpt>
      <trkpt lat="44.13801" lon="-73.80904">
        <ele>563.28</ele>
        <time>2026-05-17T18:12:49Z</time>
      </trkpt>
      <trkpt lat="44.13806" lon="-73.80896">
        <ele>562.86</ele>
        <time>2026-05-17T18:12:58Z</time>
      </trkpt>
      <trkpt lat="44.13809" lon="-73.80889">
        <ele>562.76</ele>
        <time>2026-05-17T18:13:05Z</time>
      </trkpt>
      <trkpt lat="44.13814" lon="-73.80881">
        <ele>562.12</ele>
        <time>2026-05-17T18:13:14Z</time>
      </trkpt>
      <trkpt lat="44.13818" lon="-73.80874">
        <ele>561.47</ele>
        <time>2026-05-17T18:13:23Z</time>
      </trkpt>
      <trkpt lat="44.13817" lon="-73.80865">
        <ele>558.43</ele>
        <time>2026-05-17T18:13:36Z</time>
      </trkpt>
      <trkpt lat="44.13823" lon="-73.80859">
        <ele>558.6</ele>
        <time>2026-05-17T18:13:48Z</time>
      </trkpt>
      <trkpt lat="44.13829" lon="-73.80856">
        <ele>559.44</ele>
        <time>2026-05-17T18:13:55Z</time>
      </trkpt>
      <trkpt lat="44.13835" lon="-73.8085">
        <ele>559.8</ele>
        <time>2026-05-17T18:14:04Z</time>
      </trkpt>
      <trkpt lat="44.13839" lon="-73.80842">
        <ele>558.62</ele>
        <time>2026-05-17T18:14:14Z</time>
      </trkpt>
      <trkpt lat="44.13841" lon="-73.80832">
        <ele>556.0</ele>
        <time>2026-05-17T18:14:19Z</time>
      </trkpt>
      <trkpt lat="44.13842" lon="-73.80819">
        <ele>553.07</ele>
        <time>2026-05-17T18:14:22Z</time>
      </trkpt>
      <trkpt lat="44.13843" lon="-73.80809">
        <ele>550.29</ele>
        <time>2026-05-17T18:14:26Z</time>
      </trkpt>
      <trkpt lat="44.13843" lon="-73.808">
        <ele>547.38</ele>
        <time>2026-05-17T18:14:32Z</time>
      </trkpt>
      <trkpt lat="44.13849" lon="-73.80793">
        <ele>547.7</ele>
        <time>2026-05-17T18:14:47Z</time>
      </trkpt>
      <trkpt lat="44.13854" lon="-73.80786">
        <ele>547.59</ele>
        <time>2026-05-17T18:14:57Z</time>
      </trkpt>
      <trkpt lat="44.13858" lon="-73.80778">
        <ele>546.73</ele>
        <time>2026-05-17T18:15:06Z</time>
      </trkpt>
      <trkpt lat="44.13864" lon="-73.80772">
        <ele>547.38</ele>
        <time>2026-05-17T18:15:15Z</time>
      </trkpt>
      <trkpt lat="44.13869" lon="-73.80766">
        <ele>547.28</ele>
        <time>2026-05-17T18:15:23Z</time>
      </trkpt>
      <trkpt lat="44.13875" lon="-73.8076">
        <ele>547.28</ele>
        <time>2026-05-17T18:15:31Z</time>
      </trkpt>
      <trkpt lat="44.1388" lon="-73.80755">
        <ele>547.32</ele>
        <time>2026-05-17T18:15:38Z</time>
      </trkpt>
      <trkpt lat="44.13886" lon="-73.80749">
        <ele>547.32</ele>
        <time>2026-05-17T18:15:46Z</time>
      </trkpt>
      <trkpt lat="44.13892" lon="-73.80743">
        <ele>547.32</ele>
        <time>2026-05-17T18:15:54Z</time>
      </trkpt>
      <trkpt lat="44.13896" lon="-73.80735">
        <ele>545.59</ele>
        <time>2026-05-17T18:16:02Z</time>
      </trkpt>
      <trkpt lat="44.13901" lon="-73.80728">
        <ele>544.73</ele>
        <time>2026-05-17T18:16:10Z</time>
      </trkpt>
      <trkpt lat="44.13906" lon="-73.80721">
        <ele>543.71</ele>
        <time>2026-05-17T18:16:18Z</time>
      </trkpt>
      <trkpt lat="44.13911" lon="-73.80716">
        <ele>543.19</ele>
        <time>2026-05-17T18:16:25Z</time>
      </trkpt>
      <trkpt lat="44.13916" lon="-73.8071">
        <ele>542.09</ele>
        <time>2026-05-17T18:16:33Z</time>
      </trkpt>
      <trkpt lat="44.13921" lon="-73.80703">
        <ele>540.45</ele>
        <time>2026-05-17T18:16:41Z</time>
      </trkpt>
      <trkpt lat="44.13926" lon="-73.80696">
        <ele>538.86</ele>
        <time>2026-05-17T18:16:49Z</time>
      </trkpt>
      <trkpt lat="44.13931" lon="-73.80689">
        <ele>536.44</ele>
        <time>2026-05-17T18:16:57Z</time>
      </trkpt>
      <trkpt lat="44.13936" lon="-73.80683">
        <ele>535.1</ele>
        <time>2026-05-17T18:17:05Z</time>
      </trkpt>
      <trkpt lat="44.13941" lon="-73.80677">
        <ele>534.02</ele>
        <time>2026-05-17T18:17:13Z</time>
      </trkpt>
      <trkpt lat="44.13946" lon="-73.80671">
        <ele>533.13</ele>
        <time>2026-05-17T18:17:20Z</time>
      </trkpt>
      <trkpt lat="44.13951" lon="-73.80665">
        <ele>531.82</ele>
        <time>2026-05-17T18:17:28Z</time>
      </trkpt>
      <trkpt lat="44.13956" lon="-73.80658">
        <ele>530.7</ele>
        <time>2026-05-17T18:17:36Z</time>
      </trkpt>
      <trkpt lat="44.13961" lon="-73.80652">
        <ele>529.12</ele>
        <time>2026-05-17T18:17:44Z</time>
      </trkpt>
      <trkpt lat="44.13966" lon="-73.80645">
        <ele>527.74</ele>
        <time>2026-05-17T18:17:53Z</time>
      </trkpt>
      <trkpt lat="44.13971" lon="-73.80638">
        <ele>527.18</ele>
        <time>2026-05-17T18:18:02Z</time>
      </trkpt>
      <trkpt lat="44.13973" lon="-73.80635">
        <ele>527.12</ele>
        <time>2026-05-17T18:18:06Z</time>
      </trkpt>
      <trkpt lat="44.13978" lon="-73.80629">
        <ele>527.29</ele>
        <time>2026-05-17T18:18:15Z</time>
      </trkpt>
      <trkpt lat="44.13983" lon="-73.80622">
        <ele>527.35</ele>
        <time>2026-05-17T18:18:24Z</time>
      </trkpt>
      <trkpt lat="44.1398" lon="-73.80613">
        <ele>523.77</ele>
        <time>2026-05-17T18:18:35Z</time>
      </trkpt>
      <trkpt lat="44.13983" lon="-73.80604">
        <ele>523.12</ele>
        <time>2026-05-17T18:18:47Z</time>
      </trkpt>
      <trkpt lat="44.13983" lon="-73.80596">
        <ele>520.76</ele>
        <time>2026-05-17T18:18:56Z</time>
      </trkpt>
      <trkpt lat="44.13985" lon="-73.80587">
        <ele>519.31</ele>
        <time>2026-05-17T18:19:07Z</time>
      </trkpt>
      <trkpt lat="44.13989" lon="-73.8058">
        <ele>519.17</ele>
        <time>2026-05-17T18:19:16Z</time>
      </trkpt>
      <trkpt lat="44.13995" lon="-73.80573">
        <ele>519.09</ele>
        <time>2026-05-17T18:19:24Z</time>
      </trkpt>
      <trkpt lat="44.14" lon="-73.80567">
        <ele>519.47</ele>
        <time>2026-05-17T18:19:32Z</time>
      </trkpt>
      <trkpt lat="44.14004" lon="-73.8056">
        <ele>518.96</ele>
        <time>2026-05-17T18:19:40Z</time>
      </trkpt>
      <trkpt lat="44.14008" lon="-73.80555">
        <ele>519.28</ele>
        <time>2026-05-17T18:19:46Z</time>
      </trkpt>
      <trkpt lat="44.14013" lon="-73.80549">
        <ele>518.68</ele>
        <time>2026-05-17T18:19:54Z</time>
      </trkpt>
      <trkpt lat="44.14019" lon="-73.80542">
        <ele>517.71</ele>
        <time>2026-05-17T18:20:03Z</time>
      </trkpt>
      <trkpt lat="44.14023" lon="-73.80534">
        <ele>515.81</ele>
        <time>2026-05-17T18:20:13Z</time>
      </trkpt>
      <trkpt lat="44.14027" lon="-73.80526">
        <ele>514.17</ele>
        <time>2026-05-17T18:20:22Z</time>
      </trkpt>
      <trkpt lat="44.1403" lon="-73.80521">
        <ele>513.7</ele>
        <time>2026-05-17T18:20:28Z</time>
      </trkpt>
      <trkpt lat="44.14031" lon="-73.80518">
        <ele>513.34</ele>
        <time>2026-05-17T18:20:32Z</time>
      </trkpt>
      <trkpt lat="44.14029" lon="-73.80522">
        <ele>513.61</ele>
        <time>2026-05-17T18:20:40Z</time>
      </trkpt>
      <trkpt lat="44.14026" lon="-73.80523">
        <ele>512.88</ele>
        <time>2026-05-17T18:21:03Z</time>
      </trkpt>
      <trkpt lat="44.14026" lon="-73.80518">
        <ele>511.36</ele>
        <time>2026-05-17T18:21:30Z</time>
      </trkpt>
      <trkpt lat="44.14027" lon="-73.80512">
        <ele>510.98</ele>
        <time>2026-05-17T18:21:33Z</time>
      </trkpt>
      <trkpt lat="44.14027" lon="-73.80508">
        <ele>510.53</ele>
        <time>2026-05-17T18:21:35Z</time>
      </trkpt>
      <trkpt lat="44.14028" lon="-73.80503">
        <ele>510.42</ele>
        <time>2026-05-17T18:21:38Z</time>
      </trkpt>
      <trkpt lat="44.14028" lon="-73.80499">
        <ele>509.88</ele>
        <time>2026-05-17T18:21:41Z</time>
      </trkpt>
      <trkpt lat="44.14029" lon="-73.80495">
        <ele>509.45</ele>
        <time>2026-05-17T18:21:45Z</time>
      </trkpt>
      <trkpt lat="44.1403" lon="-73.80492">
        <ele>509.23</ele>
        <time>2026-05-17T18:21:49Z</time>
      </trkpt>
      <trkpt lat="44.14032" lon="-73.80489">
        <ele>509.64</ele>
        <time>2026-05-17T18:21:54Z</time>
      </trkpt>
      <trkpt lat="44.14034" lon="-73.80486">
        <ele>510.18</ele>
        <time>2026-05-17T18:21:59Z</time>
      </trkpt>
      <trkpt lat="44.14036" lon="-73.80483">
        <ele>510.72</ele>
        <time>2026-05-17T18:22:02Z</time>
      </trkpt>
      <trkpt lat="44.1404" lon="-73.80481">
        <ele>512.23</ele>
        <time>2026-05-17T18:22:04Z</time>
      </trkpt>
      <trkpt lat="44.14043" lon="-73.80479">
        <ele>513.31</ele>
        <time>2026-05-17T18:22:06Z</time>
      </trkpt>
      <trkpt lat="44.14046" lon="-73.80476">
        <ele>514.28</ele>
        <time>2026-05-17T18:22:08Z</time>
      </trkpt>
      <trkpt lat="44.14049" lon="-73.80473">
        <ele>515.54</ele>
        <time>2026-05-17T18:22:11Z</time>
      </trkpt>
      <trkpt lat="44.14052" lon="-73.80469">
        <ele>516.38</ele>
        <time>2026-05-17T18:22:15Z</time>
      </trkpt>
      <trkpt lat="44.14057" lon="-73.80461">
        <ele>517.04</ele>
        <time>2026-05-17T18:22:22Z</time>
      </trkpt>
      <trkpt lat="44.14061" lon="-73.80454">
        <ele>516.83</ele>
        <time>2026-05-17T18:22:28Z</time>
      </trkpt>
      <trkpt lat="44.14064" lon="-73.80446">
        <ele>516.83</ele>
        <time>2026-05-17T18:22:34Z</time>
      </trkpt>
      <trkpt lat="44.14065" lon="-73.80435">
        <ele>515.02</ele>
        <time>2026-05-17T18:22:41Z</time>
      </trkpt>
      <trkpt lat="44.14065" lon="-73.80427">
        <ele>513.29</ele>
        <time>2026-05-17T18:22:46Z</time>
      </trkpt>
      <trkpt lat="44.14065" lon="-73.80417">
        <ele>512.08</ele>
        <time>2026-05-17T18:22:53Z</time>
      </trkpt>
      <trkpt lat="44.14067" lon="-73.80407">
        <ele>511.39</ele>
        <time>2026-05-17T18:23:01Z</time>
      </trkpt>
      <trkpt lat="44.14067" lon="-73.80397">
        <ele>509.58</ele>
        <time>2026-05-17T18:23:09Z</time>
      </trkpt>
      <trkpt lat="44.14067" lon="-73.80387">
        <ele>508.46</ele>
        <time>2026-05-17T18:23:17Z</time>
      </trkpt>
      <trkpt lat="44.14068" lon="-73.80377">
        <ele>507.4</ele>
        <time>2026-05-17T18:23:25Z</time>
      </trkpt>
      <trkpt lat="44.14068" lon="-73.80368">
        <ele>506.43</ele>
        <time>2026-05-17T18:23:32Z</time>
      </trkpt>
      <trkpt lat="44.14069" lon="-73.80358">
        <ele>505.23</ele>
        <time>2026-05-17T18:23:40Z</time>
      </trkpt>
      <trkpt lat="44.14069" lon="-73.80348">
        <ele>503.49</ele>
        <time>2026-05-17T18:23:48Z</time>
      </trkpt>
      <trkpt lat="44.14071" lon="-73.80339">
        <ele>502.95</ele>
        <time>2026-05-17T18:23:56Z</time>
      </trkpt>
      <trkpt lat="44.14073" lon="-73.8033">
        <ele>502.37</ele>
        <time>2026-05-17T18:24:05Z</time>
      </trkpt>
      <trkpt lat="44.14076" lon="-73.80321">
        <ele>501.88</ele>
        <time>2026-05-17T18:24:13Z</time>
      </trkpt>
      <trkpt lat="44.14078" lon="-73.80312">
        <ele>500.94</ele>
        <time>2026-05-17T18:24:21Z</time>
      </trkpt>
      <trkpt lat="44.1408" lon="-73.80303">
        <ele>499.81</ele>
        <time>2026-05-17T18:24:29Z</time>
      </trkpt>
      <trkpt lat="44.14083" lon="-73.80293">
        <ele>499.13</ele>
        <time>2026-05-17T18:24:37Z</time>
      </trkpt>
      <trkpt lat="44.14086" lon="-73.80283">
        <ele>497.39</ele>
        <time>2026-05-17T18:24:45Z</time>
      </trkpt>
      <trkpt lat="44.14089" lon="-73.80275">
        <ele>495.82</ele>
        <time>2026-05-17T18:24:53Z</time>
      </trkpt>
      <trkpt lat="44.14093" lon="-73.80267">
        <ele>494.63</ele>
        <time>2026-05-17T18:25:01Z</time>
      </trkpt>
      <trkpt lat="44.14097" lon="-73.80259">
        <ele>492.88</ele>
        <time>2026-05-17T18:25:09Z</time>
      </trkpt>
      <trkpt lat="44.14099" lon="-73.80253">
        <ele>491.82</ele>
        <time>2026-05-17T18:25:14Z</time>
      </trkpt>
      <trkpt lat="44.14105" lon="-73.80249">
        <ele>492.05</ele>
        <time>2026-05-17T18:25:18Z</time>
      </trkpt>
      <trkpt lat="44.14114" lon="-73.80245">
        <ele>492.23</ele>
        <time>2026-05-17T18:25:21Z</time>
      </trkpt>
      <trkpt lat="44.1412" lon="-73.8024">
        <ele>491.8</ele>
        <time>2026-05-17T18:25:25Z</time>
      </trkpt>
      <trkpt lat="44.1412" lon="-73.8023">
        <ele>489.64</ele>
        <time>2026-05-17T18:25:33Z</time>
      </trkpt>
      <trkpt lat="44.14122" lon="-73.8022">
        <ele>487.7</ele>
        <time>2026-05-17T18:25:41Z</time>
      </trkpt>
      <trkpt lat="44.14126" lon="-73.80211">
        <ele>485.97</ele>
        <time>2026-05-17T18:25:48Z</time>
      </trkpt>
      <trkpt lat="44.14131" lon="-73.80204">
        <ele>484.38</ele>
        <time>2026-05-17T18:25:54Z</time>
      </trkpt>
      <trkpt lat="44.14136" lon="-73.80196">
        <ele>483.71</ele>
        <time>2026-05-17T18:26:01Z</time>
      </trkpt>
      <trkpt lat="44.14139" lon="-73.8019">
        <ele>483.05</ele>
        <time>2026-05-17T18:26:07Z</time>
      </trkpt>
      <trkpt lat="44.14144" lon="-73.80182">
        <ele>482.05</ele>
        <time>2026-05-17T18:26:15Z</time>
      </trkpt>
      <trkpt lat="44.14146" lon="-73.80173">
        <ele>480.9</ele>
        <time>2026-05-17T18:26:24Z</time>
      </trkpt>
      <trkpt lat="44.14149" lon="-73.80164">
        <ele>479.9</ele>
        <time>2026-05-17T18:26:34Z</time>
      </trkpt>
      <trkpt lat="44.14153" lon="-73.80176">
        <ele>482.54</ele>
        <time>2026-05-17T18:26:46Z</time>
      </trkpt>
      <trkpt lat="44.14155" lon="-73.80181">
        <ele>483.69</ele>
        <time>2026-05-17T18:26:53Z</time>
      </trkpt>
      <trkpt lat="44.14157" lon="-73.80172">
        <ele>482.51</ele>
        <time>2026-05-17T18:27:00Z</time>
      </trkpt>
      <trkpt lat="44.14158" lon="-73.80162">
        <ele>481.56</ele>
        <time>2026-05-17T18:27:08Z</time>
      </trkpt>
      <trkpt lat="44.14161" lon="-73.80153">
        <ele>480.62</ele>
        <time>2026-05-17T18:27:16Z</time>
      </trkpt>
      <trkpt lat="44.14163" lon="-73.80144">
        <ele>479.13</ele>
        <time>2026-05-17T18:27:24Z</time>
      </trkpt>
      <trkpt lat="44.14165" lon="-73.80135">
        <ele>477.28</ele>
        <time>2026-05-17T18:27:32Z</time>
      </trkpt>
      <trkpt lat="44.14168" lon="-73.80126">
        <ele>475.59</ele>
        <time>2026-05-17T18:27:41Z</time>
      </trkpt>
      <trkpt lat="44.14171" lon="-73.80117">
        <ele>474.21</ele>
        <time>2026-05-17T18:27:50Z</time>
      </trkpt>
      <trkpt lat="44.14175" lon="-73.80109">
        <ele>473.3</ele>
        <time>2026-05-17T18:28:00Z</time>
      </trkpt>
      <trkpt lat="44.14179" lon="-73.80101">
        <ele>472.36</ele>
        <time>2026-05-17T18:28:09Z</time>
      </trkpt>
      <trkpt lat="44.14183" lon="-73.80093">
        <ele>471.16</ele>
        <time>2026-05-17T18:28:18Z</time>
      </trkpt>
      <trkpt lat="44.14187" lon="-73.80084">
        <ele>469.04</ele>
        <time>2026-05-17T18:28:27Z</time>
      </trkpt>
      <trkpt lat="44.1419" lon="-73.80077">
        <ele>467.73</ele>
        <time>2026-05-17T18:28:34Z</time>
      </trkpt>
      <trkpt lat="44.14194" lon="-73.80069">
        <ele>467.97</ele>
        <time>2026-05-17T18:28:42Z</time>
      </trkpt>
      <trkpt lat="44.14196" lon="-73.80059">
        <ele>466.0</ele>
        <time>2026-05-17T18:28:50Z</time>
      </trkpt>
      <trkpt lat="44.14199" lon="-73.8005">
        <ele>465.15</ele>
        <time>2026-05-17T18:28:58Z</time>
      </trkpt>
      <trkpt lat="44.14201" lon="-73.80041">
        <ele>464.1</ele>
        <time>2026-05-17T18:29:06Z</time>
      </trkpt>
      <trkpt lat="44.14203" lon="-73.80032">
        <ele>463.5</ele>
        <time>2026-05-17T18:29:14Z</time>
      </trkpt>
      <trkpt lat="44.14205" lon="-73.80023">
        <ele>462.83</ele>
        <time>2026-05-17T18:29:22Z</time>
      </trkpt>
      <trkpt lat="44.14208" lon="-73.80015">
        <ele>462.17</ele>
        <time>2026-05-17T18:29:30Z</time>
      </trkpt>
      <trkpt lat="44.14211" lon="-73.80005">
        <ele>461.02</ele>
        <time>2026-05-17T18:29:39Z</time>
      </trkpt>
      <trkpt lat="44.14215" lon="-73.79997">
        <ele>460.64</ele>
        <time>2026-05-17T18:29:49Z</time>
      </trkpt>
      <trkpt lat="44.14218" lon="-73.79988">
        <ele>459.2</ele>
        <time>2026-05-17T18:29:59Z</time>
      </trkpt>
      <trkpt lat="44.14209" lon="-73.79983">
        <ele>455.57</ele>
        <time>2026-05-17T18:30:04Z</time>
      </trkpt>
      <trkpt lat="44.14202" lon="-73.79981">
        <ele>453.13</ele>
        <time>2026-05-17T18:30:07Z</time>
      </trkpt>
      <trkpt lat="44.14205" lon="-73.79973">
        <ele>451.66</ele>
        <time>2026-05-17T18:30:35Z</time>
      </trkpt>
      <trkpt lat="44.14203" lon="-73.79964">
        <ele>449.14</ele>
        <time>2026-05-17T18:30:50Z</time>
      </trkpt>
      <trkpt lat="44.14199" lon="-73.79957">
        <ele>447.52</ele>
        <time>2026-05-17T18:31:02Z</time>
      </trkpt>
      <trkpt lat="44.14194" lon="-73.79955">
        <ele>446.23</ele>
        <time>2026-05-17T18:31:11Z</time>
      </trkpt>
      <trkpt lat="44.14187" lon="-73.79956">
        <ele>445.49</ele>
        <time>2026-05-17T18:31:22Z</time>
      </trkpt>
      <trkpt lat="44.1418" lon="-73.79958">
        <ele>445.2</ele>
        <time>2026-05-17T18:31:32Z</time>
      </trkpt>
      <trkpt lat="44.14174" lon="-73.79954">
        <ele>445.0</ele>
        <time>2026-05-17T18:31:49Z</time>
      </trkpt>
      <trkpt lat="44.14171" lon="-73.79945">
        <ele>445.5</ele>
        <time>2026-05-17T18:32:05Z</time>
      </trkpt>
      <trkpt lat="44.14169" lon="-73.79936">
        <ele>447.11</ele>
        <time>2026-05-17T18:32:23Z</time>
      </trkpt>
      <trkpt lat="44.14179" lon="-73.79933">
        <ele>445.32</ele>
        <time>2026-05-17T18:32:35Z</time>
      </trkpt>
      <trkpt lat="44.14186" lon="-73.79932">
        <ele>445.0</ele>
        <time>2026-05-17T18:32:37Z</time>
      </trkpt>
      <trkpt lat="44.14193" lon="-73.79931">
        <ele>445.0</ele>
        <time>2026-05-17T18:32:41Z</time>
      </trkpt>
      <trkpt lat="44.14199" lon="-73.79926">
        <ele>445.0</ele>
        <time>2026-05-17T18:32:58Z</time>
      </trkpt>
      <trkpt lat="44.14203" lon="-73.79918">
        <ele>445.0</ele>
        <time>2026-05-17T18:33:12Z</time>
      </trkpt>
      <trkpt lat="44.14206" lon="-73.79909">
        <ele>445.0</ele>
        <time>2026-05-17T18:33:31Z</time>
      </trkpt>
      <trkpt lat="44.14204" lon="-73.79906">
        <ele>445.15</ele>
        <time>2026-05-17T18:33:38Z</time>
      </trkpt>
      <trkpt lat="44.14201" lon="-73.79906">
        <ele>445.53</ele>
        <time>2026-05-17T18:33:40Z</time>
      </trkpt>
      <trkpt lat="44.14199" lon="-73.79903">
        <ele>446.47</ele>
        <time>2026-05-17T18:33:46Z</time>
      </trkpt>
      <trkpt lat="44.14198" lon="-73.799">
        <ele>447.4</ele>
        <time>2026-05-17T18:33:59Z</time>
      </trkpt>
      <trkpt lat="44.14196" lon="-73.79904">
        <ele>446.81</ele>
        <time>2026-05-17T18:34:02Z</time>
      </trkpt>
      <trkpt lat="44.14193" lon="-73.79907">
        <ele>446.61</ele>
        <time>2026-05-17T18:34:04Z</time>
      </trkpt>
      <trkpt lat="44.1419" lon="-73.7991">
        <ele>446.89</ele>
        <time>2026-05-17T18:34:06Z</time>
      </trkpt>
      <trkpt lat="44.14188" lon="-73.79914">
        <ele>446.38</ele>
        <time>2026-05-17T18:34:09Z</time>
      </trkpt>
      <trkpt lat="44.14187" lon="-73.79919">
        <ele>445.6</ele>
        <time>2026-05-17T18:34:12Z</time>
      </trkpt>
      <trkpt lat="44.14186" lon="-73.79924">
        <ele>445.19</ele>
        <time>2026-05-17T18:34:15Z</time>
      </trkpt>
      <trkpt lat="44.14184" lon="-73.79927">
        <ele>445.23</ele>
        <time>2026-05-17T18:34:19Z</time>
      </trkpt>
      <trkpt lat="44.14181" lon="-73.79926">
        <ele>445.9</ele>
        <time>2026-05-17T18:34:25Z</time>
      </trkpt>
      <trkpt lat="44.14178" lon="-73.79928">
        <ele>446.2</ele>
        <time>2026-05-17T18:34:31Z</time>
      </trkpt>
      <trkpt lat="44.14173" lon="-73.79933">
        <ele>446.57</ele>
        <time>2026-05-17T18:34:51Z</time>
      </trkpt>
      <trkpt lat="44.14172" lon="-73.79943">
        <ele>445.56</ele>
        <time>2026-05-17T18:35:14Z</time>
      </trkpt>
      <trkpt lat="44.14174" lon="-73.79953">
        <ele>445.02</ele>
        <time>2026-05-17T18:35:23Z</time>
      </trkpt>
      <trkpt lat="44.14176" lon="-73.79962">
        <ele>445.01</ele>
        <time>2026-05-17T18:35:33Z</time>
      </trkpt>
      <trkpt lat="44.14178" lon="-73.79966">
        <ele>445.55</ele>
        <time>2026-05-17T18:35:39Z</time>
      </trkpt>
      <trkpt lat="44.14187" lon="-73.79969">
        <ele>447.04</ele>
        <time>2026-05-17T18:35:44Z</time>
      </trkpt>
      <trkpt lat="44.14194" lon="-73.7997">
        <ele>448.66</ele>
        <time>2026-05-17T18:35:47Z</time>
      </trkpt>
      <trkpt lat="44.142" lon="-73.79972">
        <ele>450.16</ele>
        <time>2026-05-17T18:35:58Z</time>
      </trkpt>
      <trkpt lat="44.14201" lon="-73.79981">
        <ele>452.71</ele>
        <time>2026-05-17T18:36:27Z</time>
      </trkpt>
      <trkpt lat="44.14206" lon="-73.79989">
        <ele>456.32</ele>
        <time>2026-05-17T18:36:45Z</time>
      </trkpt>
      <trkpt lat="44.14212" lon="-73.79984">
        <ele>456.58</ele>
        <time>2026-05-17T18:36:54Z</time>
      </trkpt>
      <trkpt lat="44.14214" lon="-73.79975">
        <ele>454.82</ele>
        <time>2026-05-17T18:36:57Z</time>
      </trkpt>
      <trkpt lat="44.14218" lon="-73.79967">
        <ele>453.7</ele>
        <time>2026-05-17T18:37:02Z</time>
      </trkpt>
      <trkpt lat="44.14223" lon="-73.79958">
        <ele>452.56</ele>
        <time>2026-05-17T18:37:08Z</time>
      </trkpt>
      <trkpt lat="44.14228" lon="-73.79952">
        <ele>451.88</ele>
        <time>2026-05-17T18:37:13Z</time>
      </trkpt>
      <trkpt lat="44.14235" lon="-73.79947">
        <ele>452.69</ele>
        <time>2026-05-17T18:37:16Z</time>
      </trkpt>
      <trkpt lat="44.14243" lon="-73.79942">
        <ele>453.74</ele>
        <time>2026-05-17T18:37:20Z</time>
      </trkpt>
      <trkpt lat="44.14248" lon="-73.79936">
        <ele>453.42</ele>
        <time>2026-05-17T18:37:27Z</time>
      </trkpt>
      <trkpt lat="44.14254" lon="-73.79929">
        <ele>452.91</ele>
        <time>2026-05-17T18:37:35Z</time>
      </trkpt>
      <trkpt lat="44.14259" lon="-73.79923">
        <ele>452.95</ele>
        <time>2026-05-17T18:37:42Z</time>
      </trkpt>
      <trkpt lat="44.14265" lon="-73.79917">
        <ele>453.59</ele>
        <time>2026-05-17T18:37:50Z</time>
      </trkpt>
      <trkpt lat="44.14271" lon="-73.79912">
        <ele>454.56</ele>
        <time>2026-05-17T18:37:57Z</time>
      </trkpt>
      <trkpt lat="44.14277" lon="-73.79906">
        <ele>455.21</ele>
        <time>2026-05-17T18:38:04Z</time>
      </trkpt>
      <trkpt lat="44.14282" lon="-73.799">
        <ele>455.42</ele>
        <time>2026-05-17T18:38:11Z</time>
      </trkpt>
      <trkpt lat="44.14287" lon="-73.79893">
        <ele>455.87</ele>
        <time>2026-05-17T18:38:18Z</time>
      </trkpt>
      <trkpt lat="44.14291" lon="-73.79885">
        <ele>455.2</ele>
        <time>2026-05-17T18:38:25Z</time>
      </trkpt>
      <trkpt lat="44.14287" lon="-73.79878">
        <ele>451.63</ele>
        <time>2026-05-17T18:38:31Z</time>
      </trkpt>
      <trkpt lat="44.14287" lon="-73.79868">
        <ele>449.47</ele>
        <time>2026-05-17T18:38:40Z</time>
      </trkpt>
      <trkpt lat="44.14291" lon="-73.7986">
        <ele>449.59</ele>
        <time>2026-05-17T18:38:48Z</time>
      </trkpt>
      <trkpt lat="44.14293" lon="-73.79852">
        <ele>449.59</ele>
        <time>2026-05-17T18:38:55Z</time>
      </trkpt>
      <trkpt lat="44.14297" lon="-73.79843">
        <ele>449.32</ele>
        <time>2026-05-17T18:39:04Z</time>
      </trkpt>
      <trkpt lat="44.143" lon="-73.79835">
        <ele>449.38</ele>
        <time>2026-05-17T18:39:12Z</time>
      </trkpt>
      <trkpt lat="44.14303" lon="-73.79826">
        <ele>449.38</ele>
        <time>2026-05-17T18:39:20Z</time>
      </trkpt>
      <trkpt lat="44.14306" lon="-73.79817">
        <ele>448.6</ele>
        <time>2026-05-17T18:39:28Z</time>
      </trkpt>
      <trkpt lat="44.14308" lon="-73.79808">
        <ele>448.06</ele>
        <time>2026-05-17T18:39:36Z</time>
      </trkpt>
      <trkpt lat="44.14308" lon="-73.79797">
        <ele>445.94</ele>
        <time>2026-05-17T18:39:44Z</time>
      </trkpt>
      <trkpt lat="44.14309" lon="-73.79787">
        <ele>444.11</ele>
        <time>2026-05-17T18:39:52Z</time>
      </trkpt>
      <trkpt lat="44.14311" lon="-73.79778">
        <ele>442.81</ele>
        <time>2026-05-17T18:40:00Z</time>
      </trkpt>
      <trkpt lat="44.14312" lon="-73.79769">
        <ele>442.14</ele>
        <time>2026-05-17T18:40:08Z</time>
      </trkpt>
      <trkpt lat="44.14315" lon="-73.7976">
        <ele>442.12</ele>
        <time>2026-05-17T18:40:16Z</time>
      </trkpt>
      <trkpt lat="44.14317" lon="-73.7975">
        <ele>441.47</ele>
        <time>2026-05-17T18:40:24Z</time>
      </trkpt>
      <trkpt lat="44.1432" lon="-73.79741">
        <ele>441.15</ele>
        <time>2026-05-17T18:40:32Z</time>
      </trkpt>
      <trkpt lat="44.14322" lon="-73.79733">
        <ele>441.55</ele>
        <time>2026-05-17T18:40:39Z</time>
      </trkpt>
      <trkpt lat="44.14324" lon="-73.79724">
        <ele>441.18</ele>
        <time>2026-05-17T18:40:46Z</time>
      </trkpt>
      <trkpt lat="44.14327" lon="-73.79715">
        <ele>440.78</ele>
        <time>2026-05-17T18:40:53Z</time>
      </trkpt>
      <trkpt lat="44.1433" lon="-73.79706">
        <ele>440.8</ele>
        <time>2026-05-17T18:41:00Z</time>
      </trkpt>
      <trkpt lat="44.14332" lon="-73.79696">
        <ele>440.74</ele>
        <time>2026-05-17T18:41:07Z</time>
      </trkpt>
      <trkpt lat="44.14336" lon="-73.79687">
        <ele>440.48</ele>
        <time>2026-05-17T18:41:14Z</time>
      </trkpt>
      <trkpt lat="44.14339" lon="-73.79678">
        <ele>439.84</ele>
        <time>2026-05-17T18:41:21Z</time>
      </trkpt>
      <trkpt lat="44.14342" lon="-73.79669">
        <ele>439.19</ele>
        <time>2026-05-17T18:41:28Z</time>
      </trkpt>
      <trkpt lat="44.14345" lon="-73.79661">
        <ele>438.39</ele>
        <time>2026-05-17T18:41:35Z</time>
      </trkpt>
      <trkpt lat="44.14347" lon="-73.79652">
        <ele>437.39</ele>
        <time>2026-05-17T18:41:42Z</time>
      </trkpt>
      <trkpt lat="44.1435" lon="-73.79643">
        <ele>436.6</ele>
        <time>2026-05-17T18:41:49Z</time>
      </trkpt>
      <trkpt lat="44.14353" lon="-73.79634">
        <ele>435.66</ele>
        <time>2026-05-17T18:41:56Z</time>
      </trkpt>
      <trkpt lat="44.14356" lon="-73.79625">
        <ele>435.4</ele>
        <time>2026-05-17T18:42:03Z</time>
      </trkpt>
      <trkpt lat="44.14359" lon="-73.79616">
        <ele>435.07</ele>
        <time>2026-05-17T18:42:10Z</time>
      </trkpt>
      <trkpt lat="44.14362" lon="-73.79608">
        <ele>435.16</ele>
        <time>2026-05-17T18:42:17Z</time>
      </trkpt>
      <trkpt lat="44.14365" lon="-73.79599">
        <ele>435.24</ele>
        <time>2026-05-17T18:42:24Z</time>
      </trkpt>
      <trkpt lat="44.14369" lon="-73.7959">
        <ele>435.66</ele>
        <time>2026-05-17T18:42:31Z</time>
      </trkpt>
      <trkpt lat="44.14372" lon="-73.79581">
        <ele>435.97</ele>
        <time>2026-05-17T18:42:38Z</time>
      </trkpt>
      <trkpt lat="44.14376" lon="-73.79572">
        <ele>435.99</ele>
        <time>2026-05-17T18:42:45Z</time>
      </trkpt>
      <trkpt lat="44.1438" lon="-73.79564">
        <ele>436.08</ele>
        <time>2026-05-17T18:42:52Z</time>
      </trkpt>
      <trkpt lat="44.14384" lon="-73.79555">
        <ele>436.88</ele>
        <time>2026-05-17T18:42:59Z</time>
      </trkpt>
      <trkpt lat="44.14387" lon="-73.79546">
        <ele>436.56</ele>
        <time>2026-05-17T18:43:06Z</time>
      </trkpt>
      <trkpt lat="44.1439" lon="-73.79536">
        <ele>436.13</ele>
        <time>2026-05-17T18:43:13Z</time>
      </trkpt>
      <trkpt lat="44.14394" lon="-73.79527">
        <ele>436.06</ele>
        <time>2026-05-17T18:43:20Z</time>
      </trkpt>
      <trkpt lat="44.14397" lon="-73.79518">
        <ele>435.82</ele>
        <time>2026-05-17T18:43:27Z</time>
      </trkpt>
      <trkpt lat="44.144" lon="-73.79509">
        <ele>435.17</ele>
        <time>2026-05-17T18:43:34Z</time>
      </trkpt>
      <trkpt lat="44.14404" lon="-73.79499">
        <ele>434.52</ele>
        <time>2026-05-17T18:43:41Z</time>
      </trkpt>
      <trkpt lat="44.14408" lon="-73.7949">
        <ele>433.92</ele>
        <time>2026-05-17T18:43:48Z</time>
      </trkpt>
      <trkpt lat="44.14412" lon="-73.79482">
        <ele>433.06</ele>
        <time>2026-05-17T18:43:54Z</time>
      </trkpt>
      <trkpt lat="44.14422" lon="-73.79478">
        <ele>432.21</ele>
        <time>2026-05-17T18:43:57Z</time>
      </trkpt>
      <trkpt lat="44.14428" lon="-73.79474">
        <ele>430.92</ele>
        <time>2026-05-17T18:44:00Z</time>
      </trkpt>
      <trkpt lat="44.14431" lon="-73.79465">
        <ele>430.45</ele>
        <time>2026-05-17T18:44:07Z</time>
      </trkpt>
      <trkpt lat="44.14431" lon="-73.79455">
        <ele>430.45</ele>
        <time>2026-05-17T18:44:15Z</time>
      </trkpt>
      <trkpt lat="44.14428" lon="-73.79446">
        <ele>430.78</ele>
        <time>2026-05-17T18:44:23Z</time>
      </trkpt>
      <trkpt lat="44.14434" lon="-73.7944">
        <ele>430.13</ele>
        <time>2026-05-17T18:44:40Z</time>
      </trkpt>
      <trkpt lat="44.14438" lon="-73.79433">
        <ele>429.76</ele>
        <time>2026-05-17T18:44:51Z</time>
      </trkpt>
      <trkpt lat="44.14443" lon="-73.79426">
        <ele>429.01</ele>
        <time>2026-05-17T18:45:03Z</time>
      </trkpt>
      <trkpt lat="44.1445" lon="-73.79424">
        <ele>429.0</ele>
        <time>2026-05-17T18:45:16Z</time>
      </trkpt>
      <trkpt lat="44.14457" lon="-73.7942">
        <ele>429.48</ele>
        <time>2026-05-17T18:45:27Z</time>
      </trkpt>
      <trkpt lat="44.14462" lon="-73.79414">
        <ele>429.9</ele>
        <time>2026-05-17T18:45:35Z</time>
      </trkpt>
      <trkpt lat="44.14467" lon="-73.79407">
        <ele>430.41</ele>
        <time>2026-05-17T18:45:42Z</time>
      </trkpt>
      <trkpt lat="44.14472" lon="-73.79401">
        <ele>430.96</ele>
        <time>2026-05-17T18:45:49Z</time>
      </trkpt>
      <trkpt lat="44.14478" lon="-73.79394">
        <ele>431.18</ele>
        <time>2026-05-17T18:45:56Z</time>
      </trkpt>
      <trkpt lat="44.14484" lon="-73.79388">
        <ele>431.18</ele>
        <time>2026-05-17T18:46:03Z</time>
      </trkpt>
      <trkpt lat="44.1449" lon="-73.79382">
        <ele>431.18</ele>
        <time>2026-05-17T18:46:10Z</time>
      </trkpt>
      <trkpt lat="44.14496" lon="-73.79376">
        <ele>431.35</ele>
        <time>2026-05-17T18:46:17Z</time>
      </trkpt>
      <trkpt lat="44.14502" lon="-73.7937">
        <ele>431.21</ele>
        <time>2026-05-17T18:46:24Z</time>
      </trkpt>
      <trkpt lat="44.14508" lon="-73.79364">
        <ele>431.27</ele>
        <time>2026-05-17T18:46:31Z</time>
      </trkpt>
      <trkpt lat="44.14514" lon="-73.79358">
        <ele>431.34</ele>
        <time>2026-05-17T18:46:38Z</time>
      </trkpt>
      <trkpt lat="44.14521" lon="-73.79353">
        <ele>431.39</ele>
        <time>2026-05-17T18:46:45Z</time>
      </trkpt>
      <trkpt lat="44.14526" lon="-73.79347">
        <ele>431.28</ele>
        <time>2026-05-17T18:46:52Z</time>
      </trkpt>
      <trkpt lat="44.14532" lon="-73.7934">
        <ele>431.18</ele>
        <time>2026-05-17T18:46:59Z</time>
      </trkpt>
      <trkpt lat="44.14537" lon="-73.79333">
        <ele>430.92</ele>
        <time>2026-05-17T18:47:05Z</time>
      </trkpt>
      <trkpt lat="44.1454" lon="-73.79321">
        <ele>428.75</ele>
        <time>2026-05-17T18:47:09Z</time>
      </trkpt>
      <trkpt lat="44.14541" lon="-73.79311">
        <ele>425.81</ele>
        <time>2026-05-17T18:47:11Z</time>
      </trkpt>
      <trkpt lat="44.14543" lon="-73.79302">
        <ele>423.56</ele>
        <time>2026-05-17T18:47:14Z</time>
      </trkpt>
      <trkpt lat="44.14547" lon="-73.79293">
        <ele>422.31</ele>
        <time>2026-05-17T18:47:20Z</time>
      </trkpt>
      <trkpt lat="44.14551" lon="-73.79284">
        <ele>422.05</ele>
        <time>2026-05-17T18:47:27Z</time>
      </trkpt>
      <trkpt lat="44.14555" lon="-73.79276">
        <ele>422.4</ele>
        <time>2026-05-17T18:47:34Z</time>
      </trkpt>
      <trkpt lat="44.14553" lon="-73.79266">
        <ele>420.25</ele>
        <time>2026-05-17T18:47:43Z</time>
      </trkpt>
      <trkpt lat="44.14552" lon="-73.79257">
        <ele>419.47</ele>
        <time>2026-05-17T18:47:52Z</time>
      </trkpt>
      <trkpt lat="44.14555" lon="-73.79248">
        <ele>419.0</ele>
        <time>2026-05-17T18:48:02Z</time>
      </trkpt>
      <trkpt lat="44.14556" lon="-73.79238">
        <ele>419.13</ele>
        <time>2026-05-17T18:48:12Z</time>
      </trkpt>
      <trkpt lat="44.14555" lon="-73.79228">
        <ele>418.98</ele>
        <time>2026-05-17T18:48:23Z</time>
      </trkpt>
      <trkpt lat="44.14556" lon="-73.79219">
        <ele>419.1</ele>
        <time>2026-05-17T18:48:33Z</time>
      </trkpt>
      <trkpt lat="44.14556" lon="-73.79209">
        <ele>419.1</ele>
        <time>2026-05-17T18:48:43Z</time>
      </trkpt>
      <trkpt lat="44.14556" lon="-73.79199">
        <ele>419.1</ele>
        <time>2026-05-17T18:48:53Z</time>
      </trkpt>
      <trkpt lat="44.14556" lon="-73.7919">
        <ele>419.1</ele>
        <time>2026-05-17T18:49:03Z</time>
      </trkpt>
      <trkpt lat="44.14556" lon="-73.7918">
        <ele>419.1</ele>
        <time>2026-05-17T18:49:13Z</time>
      </trkpt>
      <trkpt lat="44.14556" lon="-73.7917">
        <ele>419.1</ele>
        <time>2026-05-17T18:49:23Z</time>
      </trkpt>
      <trkpt lat="44.14555" lon="-73.7916">
        <ele>419.66</ele>
        <time>2026-05-17T18:49:32Z</time>
      </trkpt>
      <trkpt lat="44.14554" lon="-73.79151">
        <ele>419.26</ele>
        <time>2026-05-17T18:49:40Z</time>
      </trkpt>
      <trkpt lat="44.14553" lon="-73.79141">
        <ele>419.0</ele>
        <time>2026-05-17T18:49:48Z</time>
      </trkpt>
      <trkpt lat="44.14551" lon="-73.79131">
        <ele>419.0</ele>
        <time>2026-05-17T18:49:56Z</time>
      </trkpt>
      <trkpt lat="44.14549" lon="-73.79121">
        <ele>418.34</ele>
        <time>2026-05-17T18:50:04Z</time>
      </trkpt>
      <trkpt lat="44.14548" lon="-73.7911">
        <ele>418.18</ele>
        <time>2026-05-17T18:50:12Z</time>
      </trkpt>
      <trkpt lat="44.14547" lon="-73.79099">
        <ele>418.08</ele>
        <time>2026-05-17T18:50:20Z</time>
      </trkpt>
      <trkpt lat="44.14547" lon="-73.79089">
        <ele>418.05</ele>
        <time>2026-05-17T18:50:28Z</time>
      </trkpt>
      <trkpt lat="44.14547" lon="-73.79079">
        <ele>417.57</ele>
        <time>2026-05-17T18:50:36Z</time>
      </trkpt>
      <trkpt lat="44.14548" lon="-73.79069">
        <ele>417.18</ele>
        <time>2026-05-17T18:50:44Z</time>
      </trkpt>
      <trkpt lat="44.14549" lon="-73.79059">
        <ele>417.11</ele>
        <time>2026-05-17T18:50:52Z</time>
      </trkpt>
      <trkpt lat="44.1455" lon="-73.79049">
        <ele>417.0</ele>
        <time>2026-05-17T18:51:00Z</time>
      </trkpt>
      <trkpt lat="44.14551" lon="-73.79038">
        <ele>416.1</ele>
        <time>2026-05-17T18:51:08Z</time>
      </trkpt>
      <trkpt lat="44.14556" lon="-73.79029">
        <ele>416.01</ele>
        <time>2026-05-17T18:51:15Z</time>
      </trkpt>
      <trkpt lat="44.14564" lon="-73.79026">
        <ele>416.0</ele>
        <time>2026-05-17T18:51:18Z</time>
      </trkpt>
      <trkpt lat="44.14568" lon="-73.79018">
        <ele>416.0</ele>
        <time>2026-05-17T18:51:24Z</time>
      </trkpt>
      <trkpt lat="44.1457" lon="-73.79008">
        <ele>415.86</ele>
        <time>2026-05-17T18:51:32Z</time>
      </trkpt>
      <trkpt lat="44.14573" lon="-73.78999">
        <ele>415.0</ele>
        <time>2026-05-17T18:51:39Z</time>
      </trkpt>
      <trkpt lat="44.14577" lon="-73.78991">
        <ele>415.0</ele>
        <time>2026-05-17T18:51:45Z</time>
      </trkpt>
      <trkpt lat="44.14582" lon="-73.78982">
        <ele>414.06</ele>
        <time>2026-05-17T18:51:52Z</time>
      </trkpt>
      <trkpt lat="44.14585" lon="-73.78973">
        <ele>414.0</ele>
        <time>2026-05-17T18:51:59Z</time>
      </trkpt>
      <trkpt lat="44.14589" lon="-73.78964">
        <ele>413.11</ele>
        <time>2026-05-17T18:52:06Z</time>
      </trkpt>
      <trkpt lat="44.14594" lon="-73.78956">
        <ele>412.89</ele>
        <time>2026-05-17T18:52:13Z</time>
      </trkpt>
      <trkpt lat="44.14598" lon="-73.78949">
        <ele>412.2</ele>
        <time>2026-05-17T18:52:19Z</time>
      </trkpt>
      <trkpt lat="44.14603" lon="-73.78942">
        <ele>411.74</ele>
        <time>2026-05-17T18:52:25Z</time>
      </trkpt>
      <trkpt lat="44.14608" lon="-73.78936">
        <ele>411.09</ele>
        <time>2026-05-17T18:52:31Z</time>
      </trkpt>
      <trkpt lat="44.14613" lon="-73.78929">
        <ele>410.47</ele>
        <time>2026-05-17T18:52:37Z</time>
      </trkpt>
      <trkpt lat="44.14618" lon="-73.78922">
        <ele>410.43</ele>
        <time>2026-05-17T18:52:43Z</time>
      </trkpt>
      <trkpt lat="44.14623" lon="-73.78915">
        <ele>410.23</ele>
        <time>2026-05-17T18:52:49Z</time>
      </trkpt>
      <trkpt lat="44.14628" lon="-73.78908">
        <ele>410.05</ele>
        <time>2026-05-17T18:52:55Z</time>
      </trkpt>
      <trkpt lat="44.14633" lon="-73.78901">
        <ele>410.0</ele>
        <time>2026-05-17T18:53:01Z</time>
      </trkpt>
      <trkpt lat="44.14638" lon="-73.78894">
        <ele>410.0</ele>
        <time>2026-05-17T18:53:07Z</time>
      </trkpt>
      <trkpt lat="44.14636" lon="-73.78885">
        <ele>410.0</ele>
        <time>2026-05-17T18:53:15Z</time>
      </trkpt>
      <trkpt lat="44.14632" lon="-73.78877">
        <ele>410.0</ele>
        <time>2026-05-17T18:53:22Z</time>
      </trkpt>
      <trkpt lat="44.1463" lon="-73.78867">
        <ele>410.0</ele>
        <time>2026-05-17T18:53:30Z</time>
      </trkpt>
      <trkpt lat="44.14629" lon="-73.78857">
        <ele>410.48</ele>
        <time>2026-05-17T18:53:39Z</time>
      </trkpt>
      <trkpt lat="44.1463" lon="-73.78847">
        <ele>410.96</ele>
        <time>2026-05-17T18:53:48Z</time>
      </trkpt>
      <trkpt lat="44.14632" lon="-73.78838">
        <ele>410.87</ele>
        <time>2026-05-17T18:53:56Z</time>
      </trkpt>
      <trkpt lat="44.14638" lon="-73.78845">
        <ele>410.1</ele>
        <time>2026-05-17T18:54:06Z</time>
      </trkpt>
      <trkpt lat="44.14645" lon="-73.78843">
        <ele>410.0</ele>
        <time>2026-05-17T18:54:15Z</time>
      </trkpt>
      <trkpt lat="44.1465" lon="-73.78838">
        <ele>409.9</ele>
        <time>2026-05-17T18:54:22Z</time>
      </trkpt>
      <trkpt lat="44.14656" lon="-73.7883">
        <ele>410.0</ele>
        <time>2026-05-17T18:54:29Z</time>
      </trkpt>
      <trkpt lat="44.14661" lon="-73.78823">
        <ele>410.0</ele>
        <time>2026-05-17T18:54:36Z</time>
      </trkpt>
      <trkpt lat="44.14666" lon="-73.78816">
        <ele>410.0</ele>
        <time>2026-05-17T18:54:43Z</time>
      </trkpt>
      <trkpt lat="44.14672" lon="-73.78809">
        <ele>409.42</ele>
        <time>2026-05-17T18:54:50Z</time>
      </trkpt>
      <trkpt lat="44.14679" lon="-73.78805">
        <ele>409.0</ele>
        <time>2026-05-17T18:54:54Z</time>
      </trkpt>
      <trkpt lat="44.14687" lon="-73.78802">
        <ele>409.0</ele>
        <time>2026-05-17T18:54:58Z</time>
      </trkpt>
      <trkpt lat="44.14693" lon="-73.78796">
        <ele>408.97</ele>
        <time>2026-05-17T18:55:05Z</time>
      </trkpt>
      <trkpt lat="44.14697" lon="-73.78788">
        <ele>408.08</ele>
        <time>2026-05-17T18:55:14Z</time>
      </trkpt>
      <trkpt lat="44.14703" lon="-73.78782">
        <ele>408.0</ele>
        <time>2026-05-17T18:55:23Z</time>
      </trkpt>
      <trkpt lat="44.14707" lon="-73.78774">
        <ele>408.0</ele>
        <time>2026-05-17T18:55:36Z</time>
      </trkpt>
      <trkpt lat="44.1471" lon="-73.78766">
        <ele>408.0</ele>
        <time>2026-05-17T18:55:46Z</time>
      </trkpt>
      <trkpt lat="44.14713" lon="-73.78757">
        <ele>407.76</ele>
        <time>2026-05-17T18:55:55Z</time>
      </trkpt>
      <trkpt lat="44.14717" lon="-73.78748">
        <ele>407.0</ele>
        <time>2026-05-17T18:56:05Z</time>
      </trkpt>
      <trkpt lat="44.1472" lon="-73.78739">
        <ele>407.0</ele>
        <time>2026-05-17T18:56:14Z</time>
      </trkpt>
      <trkpt lat="44.14723" lon="-73.7873">
        <ele>407.0</ele>
        <time>2026-05-17T18:56:22Z</time>
      </trkpt>
      <trkpt lat="44.14725" lon="-73.78719">
        <ele>407.0</ele>
        <time>2026-05-17T18:56:29Z</time>
      </trkpt>
      <trkpt lat="44.14726" lon="-73.78708">
        <ele>407.0</ele>
        <time>2026-05-17T18:56:32Z</time>
      </trkpt>
      <trkpt lat="44.14728" lon="-73.78698">
        <ele>406.38</ele>
        <time>2026-05-17T18:56:38Z</time>
      </trkpt>
      <trkpt lat="44.1473" lon="-73.78688">
        <ele>406.0</ele>
        <time>2026-05-17T18:56:44Z</time>
      </trkpt>
      <trkpt lat="44.14732" lon="-73.78679">
        <ele>406.0</ele>
        <time>2026-05-17T18:56:50Z</time>
      </trkpt>
      <trkpt lat="44.14733" lon="-73.78669">
        <ele>406.0</ele>
        <time>2026-05-17T18:56:56Z</time>
      </trkpt>
      <trkpt lat="44.14736" lon="-73.7866">
        <ele>406.0</ele>
        <time>2026-05-17T18:57:03Z</time>
      </trkpt>
      <trkpt lat="44.14738" lon="-73.78651">
        <ele>405.31</ele>
        <time>2026-05-17T18:57:10Z</time>
      </trkpt>
      <trkpt lat="44.14741" lon="-73.78642">
        <ele>405.0</ele>
        <time>2026-05-17T18:57:17Z</time>
      </trkpt>
      <trkpt lat="44.14743" lon="-73.78633">
        <ele>405.0</ele>
        <time>2026-05-17T18:57:24Z</time>
      </trkpt>
      <trkpt lat="44.14746" lon="-73.78624">
        <ele>405.0</ele>
        <time>2026-05-17T18:57:31Z</time>
      </trkpt>
      <trkpt lat="44.14748" lon="-73.78614">
        <ele>405.0</ele>
        <time>2026-05-17T18:57:39Z</time>
      </trkpt>
      <trkpt lat="44.1475" lon="-73.78605">
        <ele>405.0</ele>
        <time>2026-05-17T18:57:46Z</time>
      </trkpt>
      <trkpt lat="44.14751" lon="-73.78596">
        <ele>404.89</ele>
        <time>2026-05-17T18:57:53Z</time>
      </trkpt>
      <trkpt lat="44.14753" lon="-73.78586">
        <ele>404.68</ele>
        <time>2026-05-17T18:58:00Z</time>
      </trkpt>
      <trkpt lat="44.14754" lon="-73.78576">
        <ele>404.57</ele>
        <time>2026-05-17T18:58:07Z</time>
      </trkpt>
      <trkpt lat="44.14757" lon="-73.78578">
        <ele>404.24</ele>
        <time>2026-05-17T18:58:20Z</time>
      </trkpt>
      <trkpt lat="44.14754" lon="-73.78578">
        <ele>404.57</ele>
        <time>2026-05-17T18:58:29Z</time>
      </trkpt>
      <trkpt lat="44.14753" lon="-73.78576">
        <ele>404.68</ele>
        <time>2026-05-17T18:58:38Z</time>
      </trkpt>
      <trkpt lat="44.14755" lon="-73.78571">
        <ele>404.46</ele>
        <time>2026-05-17T18:58:42Z</time>
      </trkpt>
      <trkpt lat="44.14757" lon="-73.78568">
        <ele>404.24</ele>
        <time>2026-05-17T18:58:44Z</time>
      </trkpt>
      <trkpt lat="44.14758" lon="-73.78565">
        <ele>404.14</ele>
        <time>2026-05-17T18:58:46Z</time>
      </trkpt>
      <trkpt lat="44.14759" lon="-73.78561">
        <ele>404.03</ele>
        <time>2026-05-17T18:58:48Z</time>
      </trkpt>
      <trkpt lat="44.1476" lon="-73.78557">
        <ele>404.0</ele>
        <time>2026-05-17T18:58:50Z</time>
      </trkpt>
      <trkpt lat="44.14761" lon="-73.78553">
        <ele>404.0</ele>
        <time>2026-05-17T18:58:52Z</time>
      </trkpt>
      <trkpt lat="44.14762" lon="-73.78548">
        <ele>404.0</ele>
        <time>2026-05-17T18:58:55Z</time>
      </trkpt>
      <trkpt lat="44.14765" lon="-73.78544">
        <ele>404.0</ele>
        <time>2026-05-17T18:58:58Z</time>
      </trkpt>
      <trkpt lat="44.14767" lon="-73.78542">
        <ele>404.0</ele>
        <time>2026-05-17T18:59:00Z</time>
      </trkpt>
      <trkpt lat="44.1477" lon="-73.7854">
        <ele>404.0</ele>
        <time>2026-05-17T18:59:02Z</time>
      </trkpt>
      <trkpt lat="44.14773" lon="-73.78538">
        <ele>404.0</ele>
        <time>2026-05-17T18:59:04Z</time>
      </trkpt>
      <trkpt lat="44.14776" lon="-73.78536">
        <ele>404.0</ele>
        <time>2026-05-17T18:59:06Z</time>
      </trkpt>
      <trkpt lat="44.1478" lon="-73.78537">
        <ele>403.76</ele>
        <time>2026-05-17T18:59:09Z</time>
      </trkpt>
      <trkpt lat="44.14784" lon="-73.78539">
        <ele>403.33</ele>
        <time>2026-05-17T18:59:12Z</time>
      </trkpt>
      <trkpt lat="44.14786" lon="-73.78543">
        <ele>403.11</ele>
        <time>2026-05-17T18:59:15Z</time>
      </trkpt>
      <trkpt lat="44.1479" lon="-73.78546">
        <ele>403.0</ele>
        <time>2026-05-17T18:59:19Z</time>
      </trkpt>
      <trkpt lat="44.14793" lon="-73.78547">
        <ele>403.03</ele>
        <time>2026-05-17T18:59:22Z</time>
      </trkpt>
      <trkpt lat="44.14796" lon="-73.78547">
        <ele>403.0</ele>
        <time>2026-05-17T18:59:25Z</time>
      </trkpt>
      <trkpt lat="44.14799" lon="-73.78548">
        <ele>403.0</ele>
        <time>2026-05-17T18:59:28Z</time>
      </trkpt>
      <trkpt lat="44.14803" lon="-73.78549">
        <ele>403.0</ele>
        <time>2026-05-17T18:59:32Z</time>
      </trkpt>
      <trkpt lat="44.1481" lon="-73.78547">
        <ele>402.52</ele>
        <time>2026-05-17T18:59:39Z</time>
      </trkpt>
      <trkpt lat="44.14816" lon="-73.78541">
        <ele>402.0</ele>
        <time>2026-05-17T18:59:46Z</time>
      </trkpt>
      <trkpt lat="44.14819" lon="-73.7853">
        <ele>402.0</ele>
        <time>2026-05-17T18:59:50Z</time>
      </trkpt>
      <trkpt lat="44.14821" lon="-73.7852">
        <ele>402.28</ele>
        <time>2026-05-17T18:59:53Z</time>
      </trkpt>
      <trkpt lat="44.14824" lon="-73.7851">
        <ele>402.01</ele>
        <time>2026-05-17T18:59:57Z</time>
      </trkpt>
      <trkpt lat="44.14827" lon="-73.78502">
        <ele>402.0</ele>
        <time>2026-05-17T19:00:02Z</time>
      </trkpt>
      <trkpt lat="44.1483" lon="-73.78493">
        <ele>402.27</ele>
        <time>2026-05-17T19:00:08Z</time>
      </trkpt>
      <trkpt lat="44.14835" lon="-73.78487">
        <ele>402.33</ele>
        <time>2026-05-17T19:00:16Z</time>
      </trkpt>
      <trkpt lat="44.14839" lon="-73.78495">
        <ele>402.0</ele>
        <time>2026-05-17T19:00:22Z</time>
      </trkpt>
      <trkpt lat="44.14846" lon="-73.78494">
        <ele>401.87</ele>
        <time>2026-05-17T19:00:32Z</time>
      </trkpt>
      <trkpt lat="44.1485" lon="-73.78486">
        <ele>402.0</ele>
        <time>2026-05-17T19:00:39Z</time>
      </trkpt>
      <trkpt lat="44.14854" lon="-73.78477">
        <ele>401.88</ele>
        <time>2026-05-17T19:00:45Z</time>
      </trkpt>
      <trkpt lat="44.14858" lon="-73.78469">
        <ele>402.0</ele>
        <time>2026-05-17T19:00:51Z</time>
      </trkpt>
      <trkpt lat="44.14861" lon="-73.7846">
        <ele>402.0</ele>
        <time>2026-05-17T19:00:58Z</time>
      </trkpt>
      <trkpt lat="44.14865" lon="-73.78451">
        <ele>401.58</ele>
        <time>2026-05-17T19:01:05Z</time>
      </trkpt>
      <trkpt lat="44.14869" lon="-73.78442">
        <ele>401.11</ele>
        <time>2026-05-17T19:01:12Z</time>
      </trkpt>
      <trkpt lat="44.14873" lon="-73.78434">
        <ele>401.0</ele>
        <time>2026-05-17T19:01:19Z</time>
      </trkpt>
      <trkpt lat="44.14877" lon="-73.78424">
        <ele>401.0</ele>
        <time>2026-05-17T19:01:26Z</time>
      </trkpt>
      <trkpt lat="44.1488" lon="-73.78415">
        <ele>400.79</ele>
        <time>2026-05-17T19:01:32Z</time>
      </trkpt>
      <trkpt lat="44.14875" lon="-73.78408">
        <ele>400.06</ele>
        <time>2026-05-17T19:01:37Z</time>
      </trkpt>
      <trkpt lat="44.14869" lon="-73.78401">
        <ele>400.0</ele>
        <time>2026-05-17T19:01:41Z</time>
      </trkpt>
      <trkpt lat="44.14867" lon="-73.78392">
        <ele>400.0</ele>
        <time>2026-05-17T19:01:47Z</time>
      </trkpt>
      <trkpt lat="44.14869" lon="-73.78383">
        <ele>400.0</ele>
        <time>2026-05-17T19:01:53Z</time>
      </trkpt>
      <trkpt lat="44.14871" lon="-73.78374">
        <ele>400.0</ele>
        <time>2026-05-17T19:01:59Z</time>
      </trkpt>
      <trkpt lat="44.14875" lon="-73.78366">
        <ele>400.0</ele>
        <time>2026-05-17T19:02:05Z</time>
      </trkpt>
      <trkpt lat="44.14879" lon="-73.78357">
        <ele>400.0</ele>
        <time>2026-05-17T19:02:11Z</time>
      </trkpt>
      <trkpt lat="44.14884" lon="-73.7835">
        <ele>400.0</ele>
        <time>2026-05-17T19:02:17Z</time>
      </trkpt>
      <trkpt lat="44.14887" lon="-73.78344">
        <ele>400.0</ele>
        <time>2026-05-17T19:02:21Z</time>
      </trkpt>
      <trkpt lat="44.14889" lon="-73.78341">
        <ele>400.0</ele>
        <time>2026-05-17T19:02:24Z</time>
      </trkpt>
      <trkpt lat="44.14892" lon="-73.78337">
        <ele>400.0</ele>
        <time>2026-05-17T19:02:27Z</time>
      </trkpt>
      <trkpt lat="44.14894" lon="-73.78332">
        <ele>400.0</ele>
        <time>2026-05-17T19:02:30Z</time>
      </trkpt>
      <trkpt lat="44.14895" lon="-73.78328">
        <ele>400.0</ele>
        <time>2026-05-17T19:02:32Z</time>
      </trkpt>
      <trkpt lat="44.14897" lon="-73.78324">
        <ele>400.0</ele>
        <time>2026-05-17T19:02:34Z</time>
      </trkpt>
      <trkpt lat="44.14898" lon="-73.7832">
        <ele>400.0</ele>
        <time>2026-05-17T19:02:36Z</time>
      </trkpt>
      <trkpt lat="44.14898" lon="-73.78316">
        <ele>400.0</ele>
        <time>2026-05-17T19:02:54Z</time>
      </trkpt>
      <trkpt lat="44.14899" lon="-73.78312">
        <ele>399.72</ele>
        <time>2026-05-17T19:02:57Z</time>
      </trkpt>
      <trkpt lat="44.149" lon="-73.78308">
        <ele>399.41</ele>
        <time>2026-05-17T19:03:00Z</time>
      </trkpt>
      <trkpt lat="44.149" lon="-73.78304">
        <ele>399.17</ele>
        <time>2026-05-17T19:03:03Z</time>
      </trkpt>
      <trkpt lat="44.149" lon="-73.78299">
        <ele>399.06</ele>
        <time>2026-05-17T19:03:07Z</time>
      </trkpt>
      <trkpt lat="44.14899" lon="-73.78295">
        <ele>399.0</ele>
        <time>2026-05-17T19:03:11Z</time>
      </trkpt>
      <trkpt lat="44.14898" lon="-73.78291">
        <ele>399.02</ele>
        <time>2026-05-17T19:03:15Z</time>
      </trkpt>
      <trkpt lat="44.14897" lon="-73.78287">
        <ele>399.13</ele>
        <time>2026-05-17T19:03:19Z</time>
      </trkpt>
      <trkpt lat="44.14896" lon="-73.78281">
        <ele>399.73</ele>
        <time>2026-05-17T19:03:27Z</time>
      </trkpt>
      <trkpt lat="44.14896" lon="-73.78277">
        <ele>400.0</ele>
        <time>2026-05-17T19:03:32Z</time>
      </trkpt>
      <trkpt lat="44.14897" lon="-73.78274">
        <ele>400.0</ele>
        <time>2026-05-17T19:03:35Z</time>
      </trkpt>
      <trkpt lat="44.149" lon="-73.78274">
        <ele>399.88</ele>
        <time>2026-05-17T19:03:40Z</time>
      </trkpt>
      <trkpt lat="44.14902" lon="-73.78276">
        <ele>399.66</ele>
        <time>2026-05-17T19:03:45Z</time>
      </trkpt>
      <trkpt lat="44.14902" lon="-73.7828">
        <ele>399.44</ele>
        <time>2026-05-17T19:03:49Z</time>
      </trkpt>
      <trkpt lat="44.149" lon="-73.78276">
        <ele>399.84</ele>
        <time>2026-05-17T19:03:56Z</time>
      </trkpt>
      <trkpt lat="44.14899" lon="-73.78272">
        <ele>399.97</ele>
        <time>2026-05-17T19:04:00Z</time>
      </trkpt>
      <trkpt lat="44.14898" lon="-73.78268">
        <ele>400.0</ele>
        <time>2026-05-17T19:04:04Z</time>
      </trkpt>
      <trkpt lat="44.14899" lon="-73.78264">
        <ele>400.0</ele>
        <time>2026-05-17T19:04:08Z</time>
      </trkpt>
      <trkpt lat="44.14902" lon="-73.78261">
        <ele>400.0</ele>
        <time>2026-05-17T19:04:11Z</time>
      </trkpt>
      <trkpt lat="44.14904" lon="-73.78259">
        <ele>400.01</ele>
        <time>2026-05-17T19:04:13Z</time>
      </trkpt>
      <trkpt lat="44.14907" lon="-73.78257">
        <ele>400.01</ele>
        <time>2026-05-17T19:04:15Z</time>
      </trkpt>
      <trkpt lat="44.14909" lon="-73.78254">
        <ele>400.0</ele>
        <time>2026-05-17T19:04:18Z</time>
      </trkpt>
      <trkpt lat="44.14912" lon="-73.78251">
        <ele>400.0</ele>
        <time>2026-05-17T19:04:21Z</time>
      </trkpt>
      <trkpt lat="44.14915" lon="-73.78249">
        <ele>400.11</ele>
        <time>2026-05-17T19:04:24Z</time>
      </trkpt>
      <trkpt lat="44.14918" lon="-73.78246">
        <ele>400.43</ele>
        <time>2026-05-17T19:04:27Z</time>
      </trkpt>
      <trkpt lat="44.14921" lon="-73.78244">
        <ele>400.65</ele>
        <time>2026-05-17T19:04:30Z</time>
      </trkpt>
      <trkpt lat="44.14924" lon="-73.78241">
        <ele>400.97</ele>
        <time>2026-05-17T19:04:34Z</time>
      </trkpt>
      <trkpt lat="44.1493" lon="-73.78236">
        <ele>401.0</ele>
        <time>2026-05-17T19:04:40Z</time>
      </trkpt>
      <trkpt lat="44.14936" lon="-73.78228">
        <ele>401.43</ele>
        <time>2026-05-17T19:04:46Z</time>
      </trkpt>
      <trkpt lat="44.14943" lon="-73.78216">
        <ele>402.0</ele>
        <time>2026-05-17T19:04:59Z</time>
      </trkpt>
      <trkpt lat="44.14945" lon="-73.78208">
        <ele>402.03</ele>
        <time>2026-05-17T19:05:00Z</time>
      </trkpt>
      <trkpt lat="44.14946" lon="-73.78203">
        <ele>402.23</ele>
        <time>2026-05-17T19:05:01Z</time>
      </trkpt>
      <trkpt lat="44.14949" lon="-73.78197">
        <ele>402.86</ele>
        <time>2026-05-17T19:05:03Z</time>
      </trkpt>
      <trkpt lat="44.14951" lon="-73.78193">
        <ele>403.0</ele>
        <time>2026-05-17T19:05:05Z</time>
      </trkpt>
      <trkpt lat="44.14953" lon="-73.7819">
        <ele>403.0</ele>
        <time>2026-05-17T19:05:07Z</time>
      </trkpt>
      <trkpt lat="44.14955" lon="-73.78188">
        <ele>403.0</ele>
        <time>2026-05-17T19:05:09Z</time>
      </trkpt>
      <trkpt lat="44.14957" lon="-73.78185">
        <ele>403.0</ele>
        <time>2026-05-17T19:05:11Z</time>
      </trkpt>
      <trkpt lat="44.1496" lon="-73.78182">
        <ele>403.0</ele>
        <time>2026-05-17T19:05:14Z</time>
      </trkpt>
      <trkpt lat="44.14963" lon="-73.78179">
        <ele>403.0</ele>
        <time>2026-05-17T19:05:17Z</time>
      </trkpt>
      <trkpt lat="44.14967" lon="-73.78176">
        <ele>403.0</ele>
        <time>2026-05-17T19:05:20Z</time>
      </trkpt>
      <trkpt lat="44.14969" lon="-73.78173">
        <ele>403.0</ele>
        <time>2026-05-17T19:05:23Z</time>
      </trkpt>
      <trkpt lat="44.14972" lon="-73.7817">
        <ele>403.0</ele>
        <time>2026-05-17T19:05:26Z</time>
      </trkpt>
      <trkpt lat="44.14975" lon="-73.78166">
        <ele>403.35</ele>
        <time>2026-05-17T19:05:29Z</time>
      </trkpt>
      <trkpt lat="44.14977" lon="-73.78162">
        <ele>403.76</ele>
        <time>2026-05-17T19:05:32Z</time>
      </trkpt>
      <trkpt lat="44.14979" lon="-73.78158">
        <ele>403.98</ele>
        <time>2026-05-17T19:05:35Z</time>
      </trkpt>
      <trkpt lat="44.1498" lon="-73.78154">
        <ele>404.0</ele>
        <time>2026-05-17T19:05:38Z</time>
      </trkpt>
      <trkpt lat="44.14982" lon="-73.7815">
        <ele>404.0</ele>
        <time>2026-05-17T19:05:41Z</time>
      </trkpt>
      <trkpt lat="44.14984" lon="-73.78147">
        <ele>404.0</ele>
        <time>2026-05-17T19:05:44Z</time>
      </trkpt>
      <trkpt lat="44.14986" lon="-73.78143">
        <ele>404.0</ele>
        <time>2026-05-17T19:05:47Z</time>
      </trkpt>
      <trkpt lat="44.14989" lon="-73.7814">
        <ele>404.0</ele>
        <time>2026-05-17T19:05:50Z</time>
      </trkpt>
      <trkpt lat="44.14991" lon="-73.78136">
        <ele>404.33</ele>
        <time>2026-05-17T19:05:53Z</time>
      </trkpt>
      <trkpt lat="44.14994" lon="-73.78133">
        <ele>404.76</ele>
        <time>2026-05-17T19:05:56Z</time>
      </trkpt>
      <trkpt lat="44.14996" lon="-73.7813">
        <ele>404.98</ele>
        <time>2026-05-17T19:05:59Z</time>
      </trkpt>
      <trkpt lat="44.14999" lon="-73.78127">
        <ele>405.0</ele>
        <time>2026-05-17T19:06:02Z</time>
      </trkpt>
      <trkpt lat="44.15001" lon="-73.78124">
        <ele>405.11</ele>
        <time>2026-05-17T19:06:05Z</time>
      </trkpt>
      <trkpt lat="44.15003" lon="-73.78121">
        <ele>405.32</ele>
        <time>2026-05-17T19:06:09Z</time>
      </trkpt>
      <trkpt lat="44.15006" lon="-73.78118">
        <ele>405.74</ele>
        <time>2026-05-17T19:06:14Z</time>
      </trkpt>
      <trkpt lat="44.15008" lon="-73.78114">
        <ele>405.96</ele>
        <time>2026-05-17T19:06:18Z</time>
      </trkpt>
      <trkpt lat="44.15011" lon="-73.78112">
        <ele>406.19</ele>
        <time>2026-05-17T19:06:21Z</time>
      </trkpt>
      <trkpt lat="44.15013" lon="-73.78109">
        <ele>406.4</ele>
        <time>2026-05-17T19:06:24Z</time>
      </trkpt>
      <trkpt lat="44.15015" lon="-73.78107">
        <ele>406.62</ele>
        <time>2026-05-17T19:06:28Z</time>
      </trkpt>
      <trkpt lat="44.15018" lon="-73.78108">
        <ele>406.94</ele>
        <time>2026-05-17T19:06:32Z</time>
      </trkpt>
      <trkpt lat="44.15021" lon="-73.78105">
        <ele>407.27</ele>
        <time>2026-05-17T19:06:36Z</time>
      </trkpt>
      <trkpt lat="44.15024" lon="-73.78102">
        <ele>407.59</ele>
        <time>2026-05-17T19:06:39Z</time>
      </trkpt>
      <trkpt lat="44.15026" lon="-73.78099">
        <ele>407.81</ele>
        <time>2026-05-17T19:06:42Z</time>
      </trkpt>
      <trkpt lat="44.15028" lon="-73.78095">
        <ele>408.01</ele>
        <time>2026-05-17T19:06:45Z</time>
      </trkpt>
      <trkpt lat="44.1503" lon="-73.7809">
        <ele>408.0</ele>
        <time>2026-05-17T19:06:47Z</time>
      </trkpt>
      <trkpt lat="44.15031" lon="-73.78085">
        <ele>408.0</ele>
        <time>2026-05-17T19:06:49Z</time>
      </trkpt>
      <trkpt lat="44.15033" lon="-73.78081">
        <ele>408.0</ele>
        <time>2026-05-17T19:06:51Z</time>
      </trkpt>
      <trkpt lat="44.15034" lon="-73.78077">
        <ele>408.0</ele>
        <time>2026-05-17T19:06:53Z</time>
      </trkpt>
      <trkpt lat="44.15036" lon="-73.78074">
        <ele>408.0</ele>
        <time>2026-05-17T19:06:55Z</time>
      </trkpt>
      <trkpt lat="44.15038" lon="-73.78069">
        <ele>408.1</ele>
        <time>2026-05-17T19:06:58Z</time>
      </trkpt>
      <trkpt lat="44.1504" lon="-73.78065">
        <ele>408.32</ele>
        <time>2026-05-17T19:07:01Z</time>
      </trkpt>
      <trkpt lat="44.15042" lon="-73.78061">
        <ele>408.54</ele>
        <time>2026-05-17T19:07:04Z</time>
      </trkpt>
      <trkpt lat="44.15044" lon="-73.78056">
        <ele>408.75</ele>
        <time>2026-05-17T19:07:07Z</time>
      </trkpt>
      <trkpt lat="44.15046" lon="-73.78051">
        <ele>408.97</ele>
        <time>2026-05-17T19:07:10Z</time>
      </trkpt>
      <trkpt lat="44.15049" lon="-73.78045">
        <ele>409.0</ele>
        <time>2026-05-17T19:07:14Z</time>
      </trkpt>
      <trkpt lat="44.15052" lon="-73.78039">
        <ele>409.0</ele>
        <time>2026-05-17T19:07:19Z</time>
      </trkpt>
      <trkpt lat="44.15054" lon="-73.78033">
        <ele>409.0</ele>
        <time>2026-05-17T19:07:23Z</time>
      </trkpt>
      <trkpt lat="44.15056" lon="-73.78028">
        <ele>409.0</ele>
        <time>2026-05-17T19:07:26Z</time>
      </trkpt>
      <trkpt lat="44.15058" lon="-73.78024">
        <ele>409.11</ele>
        <time>2026-05-17T19:07:28Z</time>
      </trkpt>
      <trkpt lat="44.15059" lon="-73.7802">
        <ele>409.31</ele>
        <time>2026-05-17T19:07:30Z</time>
      </trkpt>
      <trkpt lat="44.15061" lon="-73.78017">
        <ele>409.59</ele>
        <time>2026-05-17T19:07:32Z</time>
      </trkpt>
      <trkpt lat="44.15062" lon="-73.78014">
        <ele>409.7</ele>
        <time>2026-05-17T19:07:34Z</time>
      </trkpt>
      <trkpt lat="44.15064" lon="-73.7801">
        <ele>409.91</ele>
        <time>2026-05-17T19:07:36Z</time>
      </trkpt>
      <trkpt lat="44.15065" lon="-73.78007">
        <ele>410.0</ele>
        <time>2026-05-17T19:07:38Z</time>
      </trkpt>
      <trkpt lat="44.15066" lon="-73.78003">
        <ele>410.0</ele>
        <time>2026-05-17T19:07:40Z</time>
      </trkpt>
      <trkpt lat="44.15068" lon="-73.78">
        <ele>410.0</ele>
        <time>2026-05-17T19:07:42Z</time>
      </trkpt>
      <trkpt lat="44.15069" lon="-73.77997">
        <ele>410.0</ele>
        <time>2026-05-17T19:07:44Z</time>
      </trkpt>
      <trkpt lat="44.15071" lon="-73.77994">
        <ele>410.0</ele>
        <time>2026-05-17T19:07:46Z</time>
      </trkpt>
      <trkpt lat="44.15072" lon="-73.7799">
        <ele>410.06</ele>
        <time>2026-05-17T19:07:48Z</time>
      </trkpt>
      <trkpt lat="44.15073" lon="-73.77985">
        <ele>410.55</ele>
        <time>2026-05-17T19:07:51Z</time>
      </trkpt>
      <trkpt lat="44.15074" lon="-73.77981">
        <ele>410.99</ele>
        <time>2026-05-17T19:07:54Z</time>
      </trkpt>
      <trkpt lat="44.15075" lon="-73.77976">
        <ele>411.0</ele>
        <time>2026-05-17T19:07:57Z</time>
      </trkpt>
      <trkpt lat="44.15077" lon="-73.77971">
        <ele>411.04</ele>
        <time>2026-05-17T19:08:00Z</time>
      </trkpt>
      <trkpt lat="44.15079" lon="-73.77966">
        <ele>411.36</ele>
        <time>2026-05-17T19:08:03Z</time>
      </trkpt>
      <trkpt lat="44.15081" lon="-73.77961">
        <ele>411.75</ele>
        <time>2026-05-17T19:08:06Z</time>
      </trkpt>
      <trkpt lat="44.15082" lon="-73.77956">
        <ele>411.86</ele>
        <time>2026-05-17T19:08:09Z</time>
      </trkpt>
      <trkpt lat="44.15084" lon="-73.77951">
        <ele>412.07</ele>
        <time>2026-05-17T19:08:12Z</time>
      </trkpt>
      <trkpt lat="44.15085" lon="-73.77948">
        <ele>412.18</ele>
        <time>2026-05-17T19:08:14Z</time>
      </trkpt>
      <trkpt lat="44.15087" lon="-73.77945">
        <ele>412.4</ele>
        <time>2026-05-17T19:08:16Z</time>
      </trkpt>
      <trkpt lat="44.15089" lon="-73.77942">
        <ele>412.71</ele>
        <time>2026-05-17T19:08:18Z</time>
      </trkpt>
      <trkpt lat="44.1509" lon="-73.77939">
        <ele>412.88</ele>
        <time>2026-05-17T19:08:20Z</time>
      </trkpt>
      <trkpt lat="44.15092" lon="-73.77936">
        <ele>412.99</ele>
        <time>2026-05-17T19:08:22Z</time>
      </trkpt>
      <trkpt lat="44.15094" lon="-73.77933">
        <ele>413.35</ele>
        <time>2026-05-17T19:08:24Z</time>
      </trkpt>
      <trkpt lat="44.15096" lon="-73.7793">
        <ele>413.72</ele>
        <time>2026-05-17T19:08:26Z</time>
      </trkpt>
      <trkpt lat="44.15098" lon="-73.77927">
        <ele>413.95</ele>
        <time>2026-05-17T19:08:28Z</time>
      </trkpt>
      <trkpt lat="44.15101" lon="-73.77924">
        <ele>414.19</ele>
        <time>2026-05-17T19:08:31Z</time>
      </trkpt>
      <trkpt lat="44.15104" lon="-73.77926">
        <ele>414.23</ele>
        <time>2026-05-17T19:08:34Z</time>
      </trkpt>
      <trkpt lat="44.15108" lon="-73.77927">
        <ele>414.59</ele>
        <time>2026-05-17T19:08:37Z</time>
      </trkpt>
      <trkpt lat="44.15111" lon="-73.77928">
        <ele>414.77</ele>
        <time>2026-05-17T19:08:40Z</time>
      </trkpt>
      <trkpt lat="44.15114" lon="-73.77929">
        <ele>414.77</ele>
        <time>2026-05-17T19:08:42Z</time>
      </trkpt>
      <trkpt lat="44.15118" lon="-73.7793">
        <ele>414.89</ele>
        <time>2026-05-17T19:08:44Z</time>
      </trkpt>
      <trkpt lat="44.15122" lon="-73.77931">
        <ele>415.0</ele>
        <time>2026-05-17T19:08:46Z</time>
      </trkpt>
      <trkpt lat="44.15124" lon="-73.77933">
        <ele>415.0</ele>
        <time>2026-05-17T19:08:48Z</time>
      </trkpt>
      <trkpt lat="44.15128" lon="-73.77935">
        <ele>415.0</ele>
        <time>2026-05-17T19:08:51Z</time>
      </trkpt>
      <trkpt lat="44.15131" lon="-73.77936">
        <ele>414.93</ele>
        <time>2026-05-17T19:08:54Z</time>
      </trkpt>
      <trkpt lat="44.15134" lon="-73.77938">
        <ele>414.84</ele>
        <time>2026-05-17T19:08:56Z</time>
      </trkpt>
      <trkpt lat="44.15137" lon="-73.77939">
        <ele>414.92</ele>
        <time>2026-05-17T19:08:58Z</time>
      </trkpt>
      <trkpt lat="44.15143" lon="-73.77941">
        <ele>415.0</ele>
        <time>2026-05-17T19:09:04Z</time>
      </trkpt>
      <trkpt lat="44.15148" lon="-73.77941">
        <ele>415.0</ele>
        <time>2026-05-17T19:09:08Z</time>
      </trkpt>
      <trkpt lat="44.15152" lon="-73.77937">
        <ele>415.0</ele>
        <time>2026-05-17T19:09:11Z</time>
      </trkpt>
      <trkpt lat="44.15158" lon="-73.77928">
        <ele>415.0</ele>
        <time>2026-05-17T19:09:15Z</time>
      </trkpt>
      <trkpt lat="44.15165" lon="-73.77924">
        <ele>415.04</ele>
        <time>2026-05-17T19:09:20Z</time>
      </trkpt>
      <trkpt lat="44.15173" lon="-73.77918">
        <ele>415.0</ele>
        <time>2026-05-17T19:09:26Z</time>
      </trkpt>
      <trkpt lat="44.15181" lon="-73.77911">
        <ele>414.45</ele>
        <time>2026-05-17T19:09:33Z</time>
      </trkpt>
      <trkpt lat="44.15188" lon="-73.77904">
        <ele>413.7</ele>
        <time>2026-05-17T19:09:39Z</time>
      </trkpt>
      <trkpt lat="44.15193" lon="-73.77899">
        <ele>413.16</ele>
        <time>2026-05-17T19:09:44Z</time>
      </trkpt>
      <trkpt lat="44.15199" lon="-73.77893">
        <ele>411.95</ele>
        <time>2026-05-17T19:09:49Z</time>
      </trkpt>
      <trkpt lat="44.15204" lon="-73.77888">
        <ele>410.97</ele>
        <time>2026-05-17T19:09:54Z</time>
      </trkpt>
      <trkpt lat="44.1521" lon="-73.77882">
        <ele>410.32</ele>
        <time>2026-05-17T19:09:59Z</time>
      </trkpt>
      <trkpt lat="44.15215" lon="-73.77876">
        <ele>410.0</ele>
        <time>2026-05-17T19:10:04Z</time>
      </trkpt>
      <trkpt lat="44.15221" lon="-73.77868">
        <ele>409.78</ele>
        <time>2026-05-17T19:10:10Z</time>
      </trkpt>
      <trkpt lat="44.15226" lon="-73.7786">
        <ele>409.0</ele>
        <time>2026-05-17T19:10:16Z</time>
      </trkpt>
      <trkpt lat="44.15233" lon="-73.7785">
        <ele>408.83</ele>
        <time>2026-05-17T19:10:23Z</time>
      </trkpt>
      <trkpt lat="44.15239" lon="-73.7784">
        <ele>408.58</ele>
        <time>2026-05-17T19:10:30Z</time>
      </trkpt>
      <trkpt lat="44.15245" lon="-73.7783">
        <ele>408.46</ele>
        <time>2026-05-17T19:10:37Z</time>
      </trkpt>
      <trkpt lat="44.15249" lon="-73.77823">
        <ele>408.79</ele>
        <time>2026-05-17T19:10:42Z</time>
      </trkpt>
      <trkpt lat="44.1525" lon="-73.77817">
        <ele>408.24</ele>
        <time>2026-05-17T19:10:46Z</time>
      </trkpt>
      <trkpt lat="44.15248" lon="-73.77813">
        <ele>407.96</ele>
        <time>2026-05-17T19:10:48Z</time>
      </trkpt>
      <trkpt lat="44.15248" lon="-73.77809">
        <ele>407.86</ele>
        <time>2026-05-17T19:10:50Z</time>
      </trkpt>
      <trkpt lat="44.1525" lon="-73.77806">
        <ele>408.0</ele>
        <time>2026-05-17T19:10:52Z</time>
      </trkpt>
      <trkpt lat="44.15252" lon="-73.77804">
        <ele>407.83</ele>
        <time>2026-05-17T19:10:54Z</time>
      </trkpt>
      <trkpt lat="44.15254" lon="-73.77801">
        <ele>407.51</ele>
        <time>2026-05-17T19:10:56Z</time>
      </trkpt>
      <trkpt lat="44.15257" lon="-73.77799">
        <ele>407.29</ele>
        <time>2026-05-17T19:10:58Z</time>
      </trkpt>
      <trkpt lat="44.15259" lon="-73.77796">
        <ele>407.0</ele>
        <time>2026-05-17T19:11:00Z</time>
      </trkpt>
      <trkpt lat="44.15261" lon="-73.77794">
        <ele>407.14</ele>
        <time>2026-05-17T19:11:02Z</time>
      </trkpt>
      <trkpt lat="44.15264" lon="-73.77791">
        <ele>407.22</ele>
        <time>2026-05-17T19:11:05Z</time>
      </trkpt>
      <trkpt lat="44.15267" lon="-73.77789">
        <ele>407.18</ele>
        <time>2026-05-17T19:11:07Z</time>
      </trkpt>
      <trkpt lat="44.15269" lon="-73.77787">
        <ele>407.0</ele>
        <time>2026-05-17T19:11:09Z</time>
      </trkpt>
      <trkpt lat="44.15272" lon="-73.77784">
        <ele>406.67</ele>
        <time>2026-05-17T19:11:12Z</time>
      </trkpt>
      <trkpt lat="44.15275" lon="-73.7778">
        <ele>406.24</ele>
        <time>2026-05-17T19:11:15Z</time>
      </trkpt>
      <trkpt lat="44.15278" lon="-73.77777">
        <ele>405.92</ele>
        <time>2026-05-17T19:11:18Z</time>
      </trkpt>
      <trkpt lat="44.15281" lon="-73.77774">
        <ele>405.59</ele>
        <time>2026-05-17T19:11:21Z</time>
      </trkpt>
      <trkpt lat="44.15284" lon="-73.77771">
        <ele>405.27</ele>
        <time>2026-05-17T19:11:24Z</time>
      </trkpt>
      <trkpt lat="44.15287" lon="-73.77768">
        <ele>404.94</ele>
        <time>2026-05-17T19:11:27Z</time>
      </trkpt>
      <trkpt lat="44.15291" lon="-73.77765">
        <ele>404.62</ele>
        <time>2026-05-17T19:11:30Z</time>
      </trkpt>
      <trkpt lat="44.15293" lon="-73.77763">
        <ele>404.4</ele>
        <time>2026-05-17T19:11:32Z</time>
      </trkpt>
      <trkpt lat="44.15297" lon="-73.77761">
        <ele>404.19</ele>
        <time>2026-05-17T19:11:35Z</time>
      </trkpt>
      <trkpt lat="44.153" lon="-73.77761">
        <ele>404.19</ele>
        <time>2026-05-17T19:11:38Z</time>
      </trkpt>
      <trkpt lat="44.15303" lon="-73.77761">
        <ele>404.19</ele>
        <time>2026-05-17T19:11:41Z</time>
      </trkpt>
      <trkpt lat="44.15307" lon="-73.77761">
        <ele>404.03</ele>
        <time>2026-05-17T19:11:44Z</time>
      </trkpt>
      <trkpt lat="44.1531" lon="-73.7776">
        <ele>403.6</ele>
        <time>2026-05-17T19:11:47Z</time>
      </trkpt>
      <trkpt lat="44.15313" lon="-73.77759">
        <ele>403.19</ele>
        <time>2026-05-17T19:11:50Z</time>
      </trkpt>
      <trkpt lat="44.15316" lon="-73.77758">
        <ele>402.98</ele>
        <time>2026-05-17T19:11:52Z</time>
      </trkpt>
      <trkpt lat="44.15318" lon="-73.77757">
        <ele>402.92</ele>
        <time>2026-05-17T19:11:54Z</time>
      </trkpt>
      <trkpt lat="44.15321" lon="-73.77754">
        <ele>402.62</ele>
        <time>2026-05-17T19:11:57Z</time>
      </trkpt>
      <trkpt lat="44.15324" lon="-73.77752">
        <ele>402.22</ele>
        <time>2026-05-17T19:12:00Z</time>
      </trkpt>
      <trkpt lat="44.15328" lon="-73.77749">
        <ele>401.89</ele>
        <time>2026-05-17T19:12:03Z</time>
      </trkpt>
      <trkpt lat="44.15331" lon="-73.77746">
        <ele>401.57</ele>
        <time>2026-05-17T19:12:06Z</time>
      </trkpt>
      <trkpt lat="44.15334" lon="-73.77743">
        <ele>401.17</ele>
        <time>2026-05-17T19:12:09Z</time>
      </trkpt>
      <trkpt lat="44.15338" lon="-73.7774">
        <ele>400.42</ele>
        <time>2026-05-17T19:12:12Z</time>
      </trkpt>
      <trkpt lat="44.15341" lon="-73.77738">
        <ele>399.88</ele>
        <time>2026-05-17T19:12:15Z</time>
      </trkpt>
      <trkpt lat="44.15344" lon="-73.77735">
        <ele>399.38</ele>
        <time>2026-05-17T19:12:18Z</time>
      </trkpt>
      <trkpt lat="44.15347" lon="-73.77732">
        <ele>399.06</ele>
        <time>2026-05-17T19:12:21Z</time>
      </trkpt>
      <trkpt lat="44.15349" lon="-73.77729">
        <ele>398.81</ele>
        <time>2026-05-17T19:12:23Z</time>
      </trkpt>
      <trkpt lat="44.15352" lon="-73.77726">
        <ele>398.41</ele>
        <time>2026-05-17T19:12:25Z</time>
      </trkpt>
      <trkpt lat="44.15354" lon="-73.77722">
        <ele>398.0</ele>
        <time>2026-05-17T19:12:27Z</time>
      </trkpt>
      <trkpt lat="44.15356" lon="-73.77719">
        <ele>398.0</ele>
        <time>2026-05-17T19:12:29Z</time>
      </trkpt>
      <trkpt lat="44.15358" lon="-73.77716">
        <ele>398.0</ele>
        <time>2026-05-17T19:12:31Z</time>
      </trkpt>
      <trkpt lat="44.15363" lon="-73.77713">
        <ele>398.0</ele>
        <time>2026-05-17T19:12:35Z</time>
      </trkpt>
      <trkpt lat="44.1537" lon="-73.77708">
        <ele>397.46</ele>
        <time>2026-05-17T19:12:41Z</time>
      </trkpt>
      <trkpt lat="44.15376" lon="-73.77705">
        <ele>396.53</ele>
        <time>2026-05-17T19:12:46Z</time>
      </trkpt>
      <trkpt lat="44.15383" lon="-73.77701">
        <ele>395.34</ele>
        <time>2026-05-17T19:12:52Z</time>
      </trkpt>
      <trkpt lat="44.15391" lon="-73.77698">
        <ele>394.24</ele>
        <time>2026-05-17T19:12:58Z</time>
      </trkpt>
      <trkpt lat="44.15398" lon="-73.77696">
        <ele>393.35</ele>
        <time>2026-05-17T19:13:04Z</time>
      </trkpt>
      <trkpt lat="44.15405" lon="-73.77693">
        <ele>392.73</ele>
        <time>2026-05-17T19:13:10Z</time>
      </trkpt>
      <trkpt lat="44.1541" lon="-73.77692">
        <ele>392.27</ele>
        <time>2026-05-17T19:13:14Z</time>
      </trkpt>
      <trkpt lat="44.15413" lon="-73.77691">
        <ele>391.88</ele>
        <time>2026-05-17T19:13:17Z</time>
      </trkpt>
      <trkpt lat="44.15417" lon="-73.7769">
        <ele>391.48</ele>
        <time>2026-05-17T19:13:20Z</time>
      </trkpt>
      <trkpt lat="44.1542" lon="-73.77688">
        <ele>390.94</ele>
        <time>2026-05-17T19:13:23Z</time>
      </trkpt>
      <trkpt lat="44.15424" lon="-73.77687">
        <ele>390.4</ele>
        <time>2026-05-17T19:13:26Z</time>
      </trkpt>
      <trkpt lat="44.15427" lon="-73.77686">
        <ele>389.97</ele>
        <time>2026-05-17T19:13:29Z</time>
      </trkpt>
      <trkpt lat="44.15431" lon="-73.77684">
        <ele>389.45</ele>
        <time>2026-05-17T19:13:32Z</time>
      </trkpt>
      <trkpt lat="44.15435" lon="-73.77683">
        <ele>389.02</ele>
        <time>2026-05-17T19:13:35Z</time>
      </trkpt>
      <trkpt lat="44.15438" lon="-73.77682">
        <ele>388.9</ele>
        <time>2026-05-17T19:13:38Z</time>
      </trkpt>
      <trkpt lat="44.15442" lon="-73.7768">
        <ele>388.59</ele>
        <time>2026-05-17T19:13:41Z</time>
      </trkpt>
      <trkpt lat="44.15445" lon="-73.77679">
        <ele>388.31</ele>
        <time>2026-05-17T19:13:44Z</time>
      </trkpt>
      <trkpt lat="44.15449" lon="-73.77678">
        <ele>388.11</ele>
        <time>2026-05-17T19:13:47Z</time>
      </trkpt>
      <trkpt lat="44.15452" lon="-73.77677">
        <ele>388.02</ele>
        <time>2026-05-17T19:13:50Z</time>
      </trkpt>
      <trkpt lat="44.15456" lon="-73.77675">
        <ele>387.75</ele>
        <time>2026-05-17T19:13:53Z</time>
      </trkpt>
      <trkpt lat="44.15459" lon="-73.77673">
        <ele>387.43</ele>
        <time>2026-05-17T19:13:56Z</time>
      </trkpt>
      <trkpt lat="44.15463" lon="-73.77672">
        <ele>387.0</ele>
        <time>2026-05-17T19:13:59Z</time>
      </trkpt>
      <trkpt lat="44.15467" lon="-73.7767">
        <ele>386.72</ele>
        <time>2026-05-17T19:14:02Z</time>
      </trkpt>
      <trkpt lat="44.1547" lon="-73.77668">
        <ele>386.35</ele>
        <time>2026-05-17T19:14:05Z</time>
      </trkpt>
      <trkpt lat="44.15472" lon="-73.77665">
        <ele>386.2</ele>
        <time>2026-05-17T19:14:07Z</time>
      </trkpt>
      <trkpt lat="44.15475" lon="-73.77661">
        <ele>386.01</ele>
        <time>2026-05-17T19:14:09Z</time>
      </trkpt>
      <trkpt lat="44.15477" lon="-73.77657">
        <ele>386.01</ele>
        <time>2026-05-17T19:14:11Z</time>
      </trkpt>
      <trkpt lat="44.15479" lon="-73.77652">
        <ele>386.12</ele>
        <time>2026-05-17T19:14:13Z</time>
      </trkpt>
      <trkpt lat="44.15481" lon="-73.77649">
        <ele>386.01</ele>
        <time>2026-05-17T19:14:15Z</time>
      </trkpt>
      <trkpt lat="44.15484" lon="-73.77645">
        <ele>384.91</ele>
        <time>2026-05-17T19:14:17Z</time>
      </trkpt>
      <trkpt lat="44.15486" lon="-73.77642">
        <ele>384.05</ele>
        <time>2026-05-17T19:14:19Z</time>
      </trkpt>
      <trkpt lat="44.15488" lon="-73.77639">
        <ele>383.18</ele>
        <time>2026-05-17T19:14:21Z</time>
      </trkpt>
      <trkpt lat="44.1549" lon="-73.77636">
        <ele>383.26</ele>
        <time>2026-05-17T19:14:23Z</time>
      </trkpt>
      <trkpt lat="44.15492" lon="-73.77633">
        <ele>383.64</ele>
        <time>2026-05-17T19:14:25Z</time>
      </trkpt>
      <trkpt lat="44.15493" lon="-73.77629">
        <ele>384.84</ele>
        <time>2026-05-17T19:14:28Z</time>
      </trkpt>
      <trkpt lat="44.15492" lon="-73.77625">
        <ele>387.16</ele>
        <time>2026-05-17T19:14:31Z</time>
      </trkpt>
      <trkpt lat="44.15493" lon="-73.7762">
        <ele>389.48</ele>
        <time>2026-05-17T19:14:34Z</time>
      </trkpt>
      <trkpt lat="44.15495" lon="-73.77616">
        <ele>390.8</ele>
        <time>2026-05-17T19:14:37Z</time>
      </trkpt>
      <trkpt lat="44.15498" lon="-73.77612">
        <ele>390.95</ele>
        <time>2026-05-17T19:14:40Z</time>
      </trkpt>
      <trkpt lat="44.15501" lon="-73.77609">
        <ele>390.85</ele>
        <time>2026-05-17T19:14:42Z</time>
      </trkpt>
      <trkpt lat="44.15503" lon="-73.77606">
        <ele>391.58</ele>
        <time>2026-05-17T19:14:44Z</time>
      </trkpt>
      <trkpt lat="44.15506" lon="-73.77604">
        <ele>391.05</ele>
        <time>2026-05-17T19:14:46Z</time>
      </trkpt>
      <trkpt lat="44.15508" lon="-73.77601">
        <ele>390.96</ele>
        <time>2026-05-17T19:14:48Z</time>
      </trkpt>
      <trkpt lat="44.15511" lon="-73.776">
        <ele>390.19</ele>
        <time>2026-05-17T19:14:50Z</time>
      </trkpt>
      <trkpt lat="44.15514" lon="-73.77599">
        <ele>389.74</ele>
        <time>2026-05-17T19:14:53Z</time>
      </trkpt>
      <trkpt lat="44.15518" lon="-73.77597">
        <ele>389.19</ele>
        <time>2026-05-17T19:14:56Z</time>
      </trkpt>
      <trkpt lat="44.15521" lon="-73.77595">
        <ele>389.01</ele>
        <time>2026-05-17T19:14:59Z</time>
      </trkpt>
      <trkpt lat="44.15525" lon="-73.77593">
        <ele>388.54</ele>
        <time>2026-05-17T19:15:02Z</time>
      </trkpt>
      <trkpt lat="44.15527" lon="-73.77591">
        <ele>388.34</ele>
        <time>2026-05-17T19:15:04Z</time>
      </trkpt>
      <trkpt lat="44.15529" lon="-73.7759">
        <ele>388.02</ele>
        <time>2026-05-17T19:15:06Z</time>
      </trkpt>
      <trkpt lat="44.15533" lon="-73.77588">
        <ele>387.37</ele>
        <time>2026-05-17T19:15:09Z</time>
      </trkpt>
      <trkpt lat="44.15536" lon="-73.77587">
        <ele>386.83</ele>
        <time>2026-05-17T19:15:12Z</time>
      </trkpt>
      <trkpt lat="44.15539" lon="-73.77585">
        <ele>386.43</ele>
        <time>2026-05-17T19:15:15Z</time>
      </trkpt>
      <trkpt lat="44.15543" lon="-73.77583">
        <ele>385.75</ele>
        <time>2026-05-17T19:15:18Z</time>
      </trkpt>
      <trkpt lat="44.15546" lon="-73.7758">
        <ele>385.42</ele>
        <time>2026-05-17T19:15:21Z</time>
      </trkpt>
      <trkpt lat="44.15549" lon="-73.77577">
        <ele>385.19</ele>
        <time>2026-05-17T19:15:24Z</time>
      </trkpt>
      <trkpt lat="44.15552" lon="-73.77574">
        <ele>384.77</ele>
        <time>2026-05-17T19:15:27Z</time>
      </trkpt>
      <trkpt lat="44.15553" lon="-73.7757">
        <ele>384.55</ele>
        <time>2026-05-17T19:15:29Z</time>
      </trkpt>
      <trkpt lat="44.15553" lon="-73.77565">
        <ele>384.55</ele>
        <time>2026-05-17T19:15:31Z</time>
      </trkpt>
      <trkpt lat="44.15553" lon="-73.7756">
        <ele>384.18</ele>
        <time>2026-05-17T19:15:33Z</time>
      </trkpt>
      <trkpt lat="44.15553" lon="-73.77556">
        <ele>383.86</ele>
        <time>2026-05-17T19:15:35Z</time>
      </trkpt>
      <trkpt lat="44.15553" lon="-73.77552">
        <ele>383.83</ele>
        <time>2026-05-17T19:15:37Z</time>
      </trkpt>
      <trkpt lat="44.15553" lon="-73.77547">
        <ele>383.83</ele>
        <time>2026-05-17T19:15:40Z</time>
      </trkpt>
      <trkpt lat="44.15553" lon="-73.77542">
        <ele>382.9</ele>
        <time>2026-05-17T19:15:43Z</time>
      </trkpt>
      <trkpt lat="44.15554" lon="-73.77537">
        <ele>381.5</ele>
        <time>2026-05-17T19:15:46Z</time>
      </trkpt>
      <trkpt lat="44.15554" lon="-73.77532">
        <ele>380.42</ele>
        <time>2026-05-17T19:15:49Z</time>
      </trkpt>
      <trkpt lat="44.15554" lon="-73.77527">
        <ele>379.41</ele>
        <time>2026-05-17T19:15:52Z</time>
      </trkpt>
      <trkpt lat="44.15555" lon="-73.77524">
        <ele>378.75</ele>
        <time>2026-05-17T19:15:54Z</time>
      </trkpt>
      <trkpt lat="44.15555" lon="-73.7752">
        <ele>378.29</ele>
        <time>2026-05-17T19:15:57Z</time>
      </trkpt>
      <trkpt lat="44.15556" lon="-73.77515">
        <ele>377.52</ele>
        <time>2026-05-17T19:16:00Z</time>
      </trkpt>
      <trkpt lat="44.15557" lon="-73.7751">
        <ele>376.77</ele>
        <time>2026-05-17T19:16:03Z</time>
      </trkpt>
      <trkpt lat="44.15558" lon="-73.77506">
        <ele>376.38</ele>
        <time>2026-05-17T19:16:06Z</time>
      </trkpt>
      <trkpt lat="44.15558" lon="-73.77501">
        <ele>376.24</ele>
        <time>2026-05-17T19:16:09Z</time>
      </trkpt>
      <trkpt lat="44.15559" lon="-73.77498">
        <ele>375.75</ele>
        <time>2026-05-17T19:16:11Z</time>
      </trkpt>
      <trkpt lat="44.15559" lon="-73.77495">
        <ele>375.54</ele>
        <time>2026-05-17T19:16:13Z</time>
      </trkpt>
      <trkpt lat="44.15559" lon="-73.7749">
        <ele>375.18</ele>
        <time>2026-05-17T19:16:16Z</time>
      </trkpt>
      <trkpt lat="44.1556" lon="-73.77482">
        <ele>374.1</ele>
        <time>2026-05-17T19:16:21Z</time>
      </trkpt>
      <trkpt lat="44.15561" lon="-73.77473">
        <ele>372.53</ele>
        <time>2026-05-17T19:16:27Z</time>
      </trkpt>
      <trkpt lat="44.15562" lon="-73.77467">
        <ele>371.18</ele>
        <time>2026-05-17T19:16:31Z</time>
      </trkpt>
      <trkpt lat="44.15562" lon="-73.77462">
        <ele>370.2</ele>
        <time>2026-05-17T19:16:34Z</time>
      </trkpt>
      <trkpt lat="44.15562" lon="-73.77458">
        <ele>369.77</ele>
        <time>2026-05-17T19:16:37Z</time>
      </trkpt>
      <trkpt lat="44.15563" lon="-73.77453">
        <ele>369.13</ele>
        <time>2026-05-17T19:16:40Z</time>
      </trkpt>
      <trkpt lat="44.15566" lon="-73.77449">
        <ele>368.36</ele>
        <time>2026-05-17T19:16:43Z</time>
      </trkpt>
      <trkpt lat="44.15568" lon="-73.77446">
        <ele>367.82</ele>
        <time>2026-05-17T19:16:45Z</time>
      </trkpt>
      <trkpt lat="44.1557" lon="-73.77443">
        <ele>367.35</ele>
        <time>2026-05-17T19:16:47Z</time>
      </trkpt>
      <trkpt lat="44.15572" lon="-73.77439">
        <ele>366.77</ele>
        <time>2026-05-17T19:16:50Z</time>
      </trkpt>
      <trkpt lat="44.15574" lon="-73.77435">
        <ele>366.02</ele>
        <time>2026-05-17T19:16:53Z</time>
      </trkpt>
      <trkpt lat="44.15575" lon="-73.77431">
        <ele>365.9</ele>
        <time>2026-05-17T19:16:56Z</time>
      </trkpt>
      <trkpt lat="44.15577" lon="-73.77426">
        <ele>365.68</ele>
        <time>2026-05-17T19:16:59Z</time>
      </trkpt>
      <trkpt lat="44.15578" lon="-73.77423">
        <ele>365.76</ele>
        <time>2026-05-17T19:17:01Z</time>
      </trkpt>
      <trkpt lat="44.1558" lon="-73.77419">
        <ele>365.63</ele>
        <time>2026-05-17T19:17:04Z</time>
      </trkpt>
      <trkpt lat="44.15583" lon="-73.77415">
        <ele>365.07</ele>
        <time>2026-05-17T19:17:07Z</time>
      </trkpt>
      <trkpt lat="44.15585" lon="-73.77411">
        <ele>364.64</ele>
        <time>2026-05-17T19:17:10Z</time>
      </trkpt>
      <trkpt lat="44.15587" lon="-73.77407">
        <ele>364.21</ele>
        <time>2026-05-17T19:17:13Z</time>
      </trkpt>
      <trkpt lat="44.1559" lon="-73.77402">
        <ele>363.56</ele>
        <time>2026-05-17T19:17:17Z</time>
      </trkpt>
      <trkpt lat="44.15593" lon="-73.77398">
        <ele>362.9</ele>
        <time>2026-05-17T19:17:20Z</time>
      </trkpt>
      <trkpt lat="44.15595" lon="-73.77394">
        <ele>362.03</ele>
        <time>2026-05-17T19:17:23Z</time>
      </trkpt>
      <trkpt lat="44.15598" lon="-73.7739">
        <ele>360.95</ele>
        <time>2026-05-17T19:17:26Z</time>
      </trkpt>
      <trkpt lat="44.15601" lon="-73.77386">
        <ele>360.18</ele>
        <time>2026-05-17T19:17:29Z</time>
      </trkpt>
      <trkpt lat="44.15604" lon="-73.77383">
        <ele>359.77</ele>
        <time>2026-05-17T19:17:32Z</time>
      </trkpt>
      <trkpt lat="44.15609" lon="-73.77375">
        <ele>359.23</ele>
        <time>2026-05-17T19:17:38Z</time>
      </trkpt>
      <trkpt lat="44.15615" lon="-73.77368">
        <ele>358.58</ele>
        <time>2026-05-17T19:17:44Z</time>
      </trkpt>
      <trkpt lat="44.15621" lon="-73.77361">
        <ele>357.93</ele>
        <time>2026-05-17T19:17:50Z</time>
      </trkpt>
      <trkpt lat="44.15626" lon="-73.77354">
        <ele>357.39</ele>
        <time>2026-05-17T19:17:56Z</time>
      </trkpt>
      <trkpt lat="44.15624" lon="-73.7735">
        <ele>357.61</ele>
        <time>2026-05-17T19:18:03Z</time>
      </trkpt>
      <trkpt lat="44.15619" lon="-73.7735">
        <ele>358.15</ele>
        <time>2026-05-17T19:18:25Z</time>
      </trkpt>
      <trkpt lat="44.15623" lon="-73.7735">
        <ele>357.72</ele>
        <time>2026-05-17T19:18:41Z</time>
      </trkpt>
      <trkpt lat="44.15626" lon="-73.7735">
        <ele>357.39</ele>
        <time>2026-05-17T19:18:44Z</time>
      </trkpt>
      <trkpt lat="44.15629" lon="-73.77348">
        <ele>357.07</ele>
        <time>2026-05-17T19:18:47Z</time>
      </trkpt>
      <trkpt lat="44.15631" lon="-73.77345">
        <ele>356.96</ele>
        <time>2026-05-17T19:18:50Z</time>
      </trkpt>
      <trkpt lat="44.15633" lon="-73.77342">
        <ele>357.04</ele>
        <time>2026-05-17T19:18:52Z</time>
      </trkpt>
      <trkpt lat="44.15635" lon="-73.77339">
        <ele>357.16</ele>
        <time>2026-05-17T19:18:54Z</time>
      </trkpt>
      <trkpt lat="44.15637" lon="-73.77336">
        <ele>357.15</ele>
        <time>2026-05-17T19:18:56Z</time>
      </trkpt>
      <trkpt lat="44.1564" lon="-73.77333">
        <ele>356.88</ele>
        <time>2026-05-17T19:18:59Z</time>
      </trkpt>
      <trkpt lat="44.15643" lon="-73.77329">
        <ele>356.56</ele>
        <time>2026-05-17T19:19:02Z</time>
      </trkpt>
      <trkpt lat="44.15646" lon="-73.77326">
        <ele>356.23</ele>
        <time>2026-05-17T19:19:05Z</time>
      </trkpt>
      <trkpt lat="44.15649" lon="-73.77323">
        <ele>356.01</ele>
        <time>2026-05-17T19:19:08Z</time>
      </trkpt>
      <trkpt lat="44.1565" lon="-73.77321">
        <ele>356.07</ele>
        <time>2026-05-17T19:19:10Z</time>
      </trkpt>
      <trkpt lat="44.15653" lon="-73.77317">
        <ele>355.84</ele>
        <time>2026-05-17T19:19:13Z</time>
      </trkpt>
      <trkpt lat="44.15656" lon="-73.77315">
        <ele>355.3</ele>
        <time>2026-05-17T19:19:16Z</time>
      </trkpt>
      <trkpt lat="44.15659" lon="-73.77311">
        <ele>355.17</ele>
        <time>2026-05-17T19:19:19Z</time>
      </trkpt>
      <trkpt lat="44.15662" lon="-73.77308">
        <ele>354.87</ele>
        <time>2026-05-17T19:19:22Z</time>
      </trkpt>
      <trkpt lat="44.15665" lon="-73.77305">
        <ele>354.41</ele>
        <time>2026-05-17T19:19:25Z</time>
      </trkpt>
      <trkpt lat="44.15668" lon="-73.77302">
        <ele>354.18</ele>
        <time>2026-05-17T19:19:28Z</time>
      </trkpt>
      <trkpt lat="44.15671" lon="-73.77298">
        <ele>353.97</ele>
        <time>2026-05-17T19:19:31Z</time>
      </trkpt>
      <trkpt lat="44.15674" lon="-73.77295">
        <ele>353.42</ele>
        <time>2026-05-17T19:19:34Z</time>
      </trkpt>
      <trkpt lat="44.15677" lon="-73.77292">
        <ele>352.88</ele>
        <time>2026-05-17T19:19:37Z</time>
      </trkpt>
      <trkpt lat="44.1568" lon="-73.77289">
        <ele>352.56</ele>
        <time>2026-05-17T19:19:40Z</time>
      </trkpt>
      <trkpt lat="44.15683" lon="-73.77286">
        <ele>352.24</ele>
        <time>2026-05-17T19:19:43Z</time>
      </trkpt>
      <trkpt lat="44.15686" lon="-73.77283">
        <ele>352.0</ele>
        <time>2026-05-17T19:19:46Z</time>
      </trkpt>
      <trkpt lat="44.15689" lon="-73.77281">
        <ele>352.0</ele>
        <time>2026-05-17T19:19:49Z</time>
      </trkpt>
      <trkpt lat="44.15692" lon="-73.77279">
        <ele>352.0</ele>
        <time>2026-05-17T19:19:52Z</time>
      </trkpt>
      <trkpt lat="44.15695" lon="-73.77277">
        <ele>351.94</ele>
        <time>2026-05-17T19:19:55Z</time>
      </trkpt>
      <trkpt lat="44.15699" lon="-73.7728">
        <ele>351.51</ele>
        <time>2026-05-17T19:19:58Z</time>
      </trkpt>
      <trkpt lat="44.15701" lon="-73.77284">
        <ele>351.29</ele>
        <time>2026-05-17T19:20:00Z</time>
      </trkpt>
      <trkpt lat="44.15703" lon="-73.77288">
        <ele>351.07</ele>
        <time>2026-05-17T19:20:02Z</time>
      </trkpt>
      <trkpt lat="44.15705" lon="-73.7729">
        <ele>351.0</ele>
        <time>2026-05-17T19:20:04Z</time>
      </trkpt>
      <trkpt lat="44.15707" lon="-73.77293">
        <ele>351.0</ele>
        <time>2026-05-17T19:20:06Z</time>
      </trkpt>
      <trkpt lat="44.1571" lon="-73.77295">
        <ele>351.0</ele>
        <time>2026-05-17T19:20:08Z</time>
      </trkpt>
      <trkpt lat="44.15712" lon="-73.77298">
        <ele>350.82</ele>
        <time>2026-05-17T19:20:10Z</time>
      </trkpt>
      <trkpt lat="44.15715" lon="-73.77302">
        <ele>350.3</ele>
        <time>2026-05-17T19:20:13Z</time>
      </trkpt>
      <trkpt lat="44.15718" lon="-73.77306">
        <ele>350.0</ele>
        <time>2026-05-17T19:20:16Z</time>
      </trkpt>
      <trkpt lat="44.15721" lon="-73.7731">
        <ele>350.0</ele>
        <time>2026-05-17T19:20:19Z</time>
      </trkpt>
      <trkpt lat="44.15723" lon="-73.77314">
        <ele>349.92</ele>
        <time>2026-05-17T19:20:22Z</time>
      </trkpt>
      <trkpt lat="44.15726" lon="-73.77318">
        <ele>349.39</ele>
        <time>2026-05-17T19:20:25Z</time>
      </trkpt>
      <trkpt lat="44.15729" lon="-73.77321">
        <ele>349.09</ele>
        <time>2026-05-17T19:20:28Z</time>
      </trkpt>
      <trkpt lat="44.15732" lon="-73.77325">
        <ele>349.0</ele>
        <time>2026-05-17T19:20:31Z</time>
      </trkpt>
      <trkpt lat="44.15735" lon="-73.77329">
        <ele>349.0</ele>
        <time>2026-05-17T19:20:34Z</time>
      </trkpt>
      <trkpt lat="44.15738" lon="-73.77333">
        <ele>349.0</ele>
        <time>2026-05-17T19:20:37Z</time>
      </trkpt>
      <trkpt lat="44.15741" lon="-73.77336">
        <ele>348.69</ele>
        <time>2026-05-17T19:20:40Z</time>
      </trkpt>
      <trkpt lat="44.15744" lon="-73.7734">
        <ele>348.18</ele>
        <time>2026-05-17T19:20:43Z</time>
      </trkpt>
      <trkpt lat="44.15748" lon="-73.77345">
        <ele>348.0</ele>
        <time>2026-05-17T19:20:47Z</time>
      </trkpt>
      <trkpt lat="44.15751" lon="-73.77349">
        <ele>347.89</ele>
        <time>2026-05-17T19:20:50Z</time>
      </trkpt>
      <trkpt lat="44.15753" lon="-73.77351">
        <ele>347.68</ele>
        <time>2026-05-17T19:20:52Z</time>
      </trkpt>
      <trkpt lat="44.15755" lon="-73.77354">
        <ele>347.46</ele>
        <time>2026-05-17T19:20:54Z</time>
      </trkpt>
      <trkpt lat="44.15757" lon="-73.77357">
        <ele>347.24</ele>
        <time>2026-05-17T19:20:56Z</time>
      </trkpt>
      <trkpt lat="44.15759" lon="-73.77359">
        <ele>347.03</ele>
        <time>2026-05-17T19:20:58Z</time>
      </trkpt>
      <trkpt lat="44.15761" lon="-73.77362">
        <ele>347.0</ele>
        <time>2026-05-17T19:21:00Z</time>
      </trkpt>
      <trkpt lat="44.15763" lon="-73.77364">
        <ele>347.0</ele>
        <time>2026-05-17T19:21:02Z</time>
      </trkpt>
      <trkpt lat="44.15765" lon="-73.77367">
        <ele>347.0</ele>
        <time>2026-05-17T19:21:04Z</time>
      </trkpt>
      <trkpt lat="44.15767" lon="-73.7737">
        <ele>347.0</ele>
        <time>2026-05-17T19:21:06Z</time>
      </trkpt>
      <trkpt lat="44.15769" lon="-73.77372">
        <ele>346.78</ele>
        <time>2026-05-17T19:21:08Z</time>
      </trkpt>
      <trkpt lat="44.15771" lon="-73.77375">
        <ele>346.37</ele>
        <time>2026-05-17T19:21:10Z</time>
      </trkpt>
      <trkpt lat="44.15773" lon="-73.77377">
        <ele>346.15</ele>
        <time>2026-05-17T19:21:12Z</time>
      </trkpt>
      <trkpt lat="44.15775" lon="-73.7738">
        <ele>346.0</ele>
        <time>2026-05-17T19:21:14Z</time>
      </trkpt>
      <trkpt lat="44.15778" lon="-73.77382">
        <ele>345.99</ele>
        <time>2026-05-17T19:21:16Z</time>
      </trkpt>
      <trkpt lat="44.15782" lon="-73.77384">
        <ele>345.78</ele>
        <time>2026-05-17T19:21:18Z</time>
      </trkpt>
      <trkpt lat="44.15785" lon="-73.77387">
        <ele>345.38</ele>
        <time>2026-05-17T19:21:20Z</time>
      </trkpt>
      <trkpt lat="44.15788" lon="-73.77389">
        <ele>345.0</ele>
        <time>2026-05-17T19:21:22Z</time>
      </trkpt>
      <trkpt lat="44.15791" lon="-73.77392">
        <ele>345.0</ele>
        <time>2026-05-17T19:21:24Z</time>
      </trkpt>
      <trkpt lat="44.15793" lon="-73.77394">
        <ele>345.0</ele>
        <time>2026-05-17T19:21:26Z</time>
      </trkpt>
      <trkpt lat="44.15796" lon="-73.77396">
        <ele>345.0</ele>
        <time>2026-05-17T19:21:28Z</time>
      </trkpt>
      <trkpt lat="44.15798" lon="-73.77399">
        <ele>344.82</ele>
        <time>2026-05-17T19:21:30Z</time>
      </trkpt>
      <trkpt lat="44.15801" lon="-73.77401">
        <ele>344.49</ele>
        <time>2026-05-17T19:21:32Z</time>
      </trkpt>
      <trkpt lat="44.15803" lon="-73.77403">
        <ele>344.28</ele>
        <time>2026-05-17T19:21:34Z</time>
      </trkpt>
      <trkpt lat="44.15805" lon="-73.77405">
        <ele>344.06</ele>
        <time>2026-05-17T19:21:36Z</time>
      </trkpt>
      <trkpt lat="44.15808" lon="-73.77409">
        <ele>343.74</ele>
        <time>2026-05-17T19:21:39Z</time>
      </trkpt>
      <trkpt lat="44.15811" lon="-73.77412">
        <ele>343.41</ele>
        <time>2026-05-17T19:21:42Z</time>
      </trkpt>
      <trkpt lat="44.15814" lon="-73.77416">
        <ele>343.09</ele>
        <time>2026-05-17T19:21:45Z</time>
      </trkpt>
      <trkpt lat="44.15817" lon="-73.77419">
        <ele>343.0</ele>
        <time>2026-05-17T19:21:48Z</time>
      </trkpt>
      <trkpt lat="44.15821" lon="-73.77423">
        <ele>343.0</ele>
        <time>2026-05-17T19:21:51Z</time>
      </trkpt>
      <trkpt lat="44.15824" lon="-73.77426">
        <ele>343.0</ele>
        <time>2026-05-17T19:21:54Z</time>
      </trkpt>
      <trkpt lat="44.15827" lon="-73.77429">
        <ele>342.79</ele>
        <time>2026-05-17T19:21:57Z</time>
      </trkpt>
      <trkpt lat="44.1583" lon="-73.7743">
        <ele>342.64</ele>
        <time>2026-05-17T19:22:00Z</time>
      </trkpt>
      <trkpt lat="44.15834" lon="-73.77431">
        <ele>342.51</ele>
        <time>2026-05-17T19:22:03Z</time>
      </trkpt>
      <trkpt lat="44.15837" lon="-73.77433">
        <ele>342.46</ele>
        <time>2026-05-17T19:22:06Z</time>
      </trkpt>
      <trkpt lat="44.15843" lon="-73.77437">
        <ele>342.0</ele>
        <time>2026-05-17T19:22:11Z</time>
      </trkpt>
      <trkpt lat="44.15849" lon="-73.77442">
        <ele>342.0</ele>
        <time>2026-05-17T19:22:16Z</time>
      </trkpt>
      <trkpt lat="44.15855" lon="-73.77447">
        <ele>342.0</ele>
        <time>2026-05-17T19:22:21Z</time>
      </trkpt>
      <trkpt lat="44.15861" lon="-73.77452">
        <ele>342.0</ele>
        <time>2026-05-17T19:22:26Z</time>
      </trkpt>
      <trkpt lat="44.15867" lon="-73.77456">
        <ele>341.52</ele>
        <time>2026-05-17T19:22:31Z</time>
      </trkpt>
      <trkpt lat="44.15874" lon="-73.77461">
        <ele>341.48</ele>
        <time>2026-05-17T19:22:36Z</time>
      </trkpt>
      <trkpt lat="44.1588" lon="-73.77465">
        <ele>341.0</ele>
        <time>2026-05-17T19:22:41Z</time>
      </trkpt>
      <trkpt lat="44.15887" lon="-73.77469">
        <ele>341.0</ele>
        <time>2026-05-17T19:22:46Z</time>
      </trkpt>
      <trkpt lat="44.15893" lon="-73.77473">
        <ele>341.0</ele>
        <time>2026-05-17T19:22:51Z</time>
      </trkpt>
      <trkpt lat="44.15899" lon="-73.77477">
        <ele>341.0</ele>
        <time>2026-05-17T19:22:56Z</time>
      </trkpt>
      <trkpt lat="44.15906" lon="-73.77481">
        <ele>341.0</ele>
        <time>2026-05-17T19:23:01Z</time>
      </trkpt>
      <trkpt lat="44.15911" lon="-73.77484">
        <ele>340.89</ele>
        <time>2026-05-17T19:23:05Z</time>
      </trkpt>
      <trkpt lat="44.15914" lon="-73.77485">
        <ele>340.73</ele>
        <time>2026-05-17T19:23:07Z</time>
      </trkpt>
      <trkpt lat="44.15916" lon="-73.77487">
        <ele>340.45</ele>
        <time>2026-05-17T19:23:09Z</time>
      </trkpt>
      <trkpt lat="44.15919" lon="-73.77488">
        <ele>340.3</ele>
        <time>2026-05-17T19:23:11Z</time>
      </trkpt>
      <trkpt lat="44.15921" lon="-73.7749">
        <ele>340.08</ele>
        <time>2026-05-17T19:23:13Z</time>
      </trkpt>
      <trkpt lat="44.15924" lon="-73.77491">
        <ele>340.0</ele>
        <time>2026-05-17T19:23:15Z</time>
      </trkpt>
      <trkpt lat="44.15926" lon="-73.77493">
        <ele>340.0</ele>
        <time>2026-05-17T19:23:17Z</time>
      </trkpt>
      <trkpt lat="44.15929" lon="-73.77495">
        <ele>340.0</ele>
        <time>2026-05-17T19:23:19Z</time>
      </trkpt>
      <trkpt lat="44.15931" lon="-73.77496">
        <ele>340.0</ele>
        <time>2026-05-17T19:23:21Z</time>
      </trkpt>
      <trkpt lat="44.15934" lon="-73.77498">
        <ele>340.0</ele>
        <time>2026-05-17T19:23:23Z</time>
      </trkpt>
      <trkpt lat="44.15937" lon="-73.77499">
        <ele>340.0</ele>
        <time>2026-05-17T19:23:25Z</time>
      </trkpt>
      <trkpt lat="44.15939" lon="-73.77501">
        <ele>340.0</ele>
        <time>2026-05-17T19:23:27Z</time>
      </trkpt>
      <trkpt lat="44.15942" lon="-73.77502">
        <ele>340.0</ele>
        <time>2026-05-17T19:23:29Z</time>
      </trkpt>
      <trkpt lat="44.15944" lon="-73.77504">
        <ele>340.0</ele>
        <time>2026-05-17T19:23:31Z</time>
      </trkpt>
      <trkpt lat="44.15947" lon="-73.77505">
        <ele>340.0</ele>
        <time>2026-05-17T19:23:33Z</time>
      </trkpt>
      <trkpt lat="44.15949" lon="-73.77506">
        <ele>340.0</ele>
        <time>2026-05-17T19:23:35Z</time>
      </trkpt>
      <trkpt lat="44.15952" lon="-73.77508">
        <ele>340.0</ele>
        <time>2026-05-17T19:23:37Z</time>
      </trkpt>
      <trkpt lat="44.15955" lon="-73.77509">
        <ele>340.0</ele>
        <time>2026-05-17T19:23:39Z</time>
      </trkpt>
      <trkpt lat="44.15957" lon="-73.77511">
        <ele>340.0</ele>
        <time>2026-05-17T19:23:41Z</time>
      </trkpt>
      <trkpt lat="44.1596" lon="-73.77512">
        <ele>340.0</ele>
        <time>2026-05-17T19:23:43Z</time>
      </trkpt>
      <trkpt lat="44.15962" lon="-73.77514">
        <ele>340.0</ele>
        <time>2026-05-17T19:23:45Z</time>
      </trkpt>
      <trkpt lat="44.15965" lon="-73.77515">
        <ele>340.0</ele>
        <time>2026-05-17T19:23:47Z</time>
      </trkpt>
      <trkpt lat="44.15967" lon="-73.77516">
        <ele>340.0</ele>
        <time>2026-05-17T19:23:49Z</time>
      </trkpt>
      <trkpt lat="44.1597" lon="-73.77518">
        <ele>340.0</ele>
        <time>2026-05-17T19:23:51Z</time>
      </trkpt>
      <trkpt lat="44.15972" lon="-73.77519">
        <ele>339.95</ele>
        <time>2026-05-17T19:23:53Z</time>
      </trkpt>
      <trkpt lat="44.15975" lon="-73.7752">
        <ele>339.59</ele>
        <time>2026-05-17T19:23:55Z</time>
      </trkpt>
      <trkpt lat="44.15977" lon="-73.77522">
        <ele>339.3</ele>
        <time>2026-05-17T19:23:57Z</time>
      </trkpt>
      <trkpt lat="44.1598" lon="-73.77523">
        <ele>339.08</ele>
        <time>2026-05-17T19:23:59Z</time>
      </trkpt>
      <trkpt lat="44.15983" lon="-73.77524">
        <ele>339.16</ele>
        <time>2026-05-17T19:24:01Z</time>
      </trkpt>
      <trkpt lat="44.15986" lon="-73.77524">
        <ele>339.49</ele>
        <time>2026-05-17T19:24:04Z</time>
      </trkpt>
      <trkpt lat="44.1599" lon="-73.77526">
        <ele>339.92</ele>
        <time>2026-05-17T19:24:07Z</time>
      </trkpt>
      <trkpt lat="44.15993" lon="-73.77528">
        <ele>339.98</ele>
        <time>2026-05-17T19:24:09Z</time>
      </trkpt>
      <trkpt lat="44.15995" lon="-73.77529">
        <ele>339.93</ele>
        <time>2026-05-17T19:24:11Z</time>
      </trkpt>
      <trkpt lat="44.15998" lon="-73.77531">
        <ele>339.92</ele>
        <time>2026-05-17T19:24:13Z</time>
      </trkpt>
      <trkpt lat="44.16" lon="-73.77533">
        <ele>340.0</ele>
        <time>2026-05-17T19:24:15Z</time>
      </trkpt>
      <trkpt lat="44.16003" lon="-73.77535">
        <ele>340.07</ele>
        <time>2026-05-17T19:24:17Z</time>
      </trkpt>
      <trkpt lat="44.16006" lon="-73.77537">
        <ele>340.0</ele>
        <time>2026-05-17T19:24:19Z</time>
      </trkpt>
      <trkpt lat="44.16008" lon="-73.77539">
        <ele>339.97</ele>
        <time>2026-05-17T19:24:21Z</time>
      </trkpt>
      <trkpt lat="44.16011" lon="-73.77541">
        <ele>340.11</ele>
        <time>2026-05-17T19:24:23Z</time>
      </trkpt>
      <trkpt lat="44.16013" lon="-73.77543">
        <ele>340.14</ele>
        <time>2026-05-17T19:24:25Z</time>
      </trkpt>
      <trkpt lat="44.16016" lon="-73.77545">
        <ele>340.1</ele>
        <time>2026-05-17T19:24:27Z</time>
      </trkpt>
      <trkpt lat="44.16018" lon="-73.77546">
        <ele>340.03</ele>
        <time>2026-05-17T19:24:29Z</time>
      </trkpt>
      <trkpt lat="44.16021" lon="-73.77548">
        <ele>340.0</ele>
        <time>2026-05-17T19:24:31Z</time>
      </trkpt>
      <trkpt lat="44.16023" lon="-73.7755">
        <ele>340.0</ele>
        <time>2026-05-17T19:24:33Z</time>
      </trkpt>
      <trkpt lat="44.16026" lon="-73.77552">
        <ele>340.0</ele>
        <time>2026-05-17T19:24:35Z</time>
      </trkpt>
      <trkpt lat="44.16028" lon="-73.77554">
        <ele>340.0</ele>
        <time>2026-05-17T19:24:37Z</time>
      </trkpt>
      <trkpt lat="44.16031" lon="-73.77555">
        <ele>340.0</ele>
        <time>2026-05-17T19:24:39Z</time>
      </trkpt>
      <trkpt lat="44.16033" lon="-73.77557">
        <ele>339.84</ele>
        <time>2026-05-17T19:24:41Z</time>
      </trkpt>
      <trkpt lat="44.16036" lon="-73.77559">
        <ele>339.63</ele>
        <time>2026-05-17T19:24:43Z</time>
      </trkpt>
      <trkpt lat="44.16038" lon="-73.7756">
        <ele>339.47</ele>
        <time>2026-05-17T19:24:45Z</time>
      </trkpt>
      <trkpt lat="44.1604" lon="-73.77562">
        <ele>339.21</ele>
        <time>2026-05-17T19:24:47Z</time>
      </trkpt>
      <trkpt lat="44.16044" lon="-73.77564">
        <ele>339.02</ele>
        <time>2026-05-17T19:24:50Z</time>
      </trkpt>
      <trkpt lat="44.16048" lon="-73.77566">
        <ele>338.82</ele>
        <time>2026-05-17T19:24:53Z</time>
      </trkpt>
      <trkpt lat="44.16051" lon="-73.77568">
        <ele>338.49</ele>
        <time>2026-05-17T19:24:56Z</time>
      </trkpt>
      <trkpt lat="44.16055" lon="-73.77571">
        <ele>338.06</ele>
        <time>2026-05-17T19:24:59Z</time>
      </trkpt>
      <trkpt lat="44.16059" lon="-73.77573">
        <ele>338.0</ele>
        <time>2026-05-17T19:25:02Z</time>
      </trkpt>
      <trkpt lat="44.16062" lon="-73.77575">
        <ele>338.0</ele>
        <time>2026-05-17T19:25:05Z</time>
      </trkpt>
      <trkpt lat="44.16065" lon="-73.77577">
        <ele>337.99</ele>
        <time>2026-05-17T19:25:07Z</time>
      </trkpt>
      <trkpt lat="44.16068" lon="-73.77579">
        <ele>337.82</ele>
        <time>2026-05-17T19:25:10Z</time>
      </trkpt>
      <trkpt lat="44.16071" lon="-73.77581">
        <ele>337.5</ele>
        <time>2026-05-17T19:25:12Z</time>
      </trkpt>
      <trkpt lat="44.16073" lon="-73.77583">
        <ele>337.15</ele>
        <time>2026-05-17T19:25:14Z</time>
      </trkpt>
      <trkpt lat="44.16076" lon="-73.77585">
        <ele>337.0</ele>
        <time>2026-05-17T19:25:16Z</time>
      </trkpt>
      <trkpt lat="44.16078" lon="-73.77586">
        <ele>337.0</ele>
        <time>2026-05-17T19:25:18Z</time>
      </trkpt>
      <trkpt lat="44.16081" lon="-73.77588">
        <ele>337.0</ele>
        <time>2026-05-17T19:25:20Z</time>
      </trkpt>
      <trkpt lat="44.16084" lon="-73.7759">
        <ele>337.0</ele>
        <time>2026-05-17T19:25:23Z</time>
      </trkpt>
      <trkpt lat="44.16089" lon="-73.77594">
        <ele>337.0</ele>
        <time>2026-05-17T19:25:27Z</time>
      </trkpt>
      <trkpt lat="44.16093" lon="-73.77597">
        <ele>336.98</ele>
        <time>2026-05-17T19:25:30Z</time>
      </trkpt>
      <trkpt lat="44.16095" lon="-73.77599">
        <ele>336.82</ele>
        <time>2026-05-17T19:25:32Z</time>
      </trkpt>
      <trkpt lat="44.16098" lon="-73.776">
        <ele>336.53</ele>
        <time>2026-05-17T19:25:34Z</time>
      </trkpt>
      <trkpt lat="44.161" lon="-73.77602">
        <ele>336.2</ele>
        <time>2026-05-17T19:25:36Z</time>
      </trkpt>
      <trkpt lat="44.16103" lon="-73.77604">
        <ele>336.0</ele>
        <time>2026-05-17T19:25:38Z</time>
      </trkpt>
      <trkpt lat="44.16105" lon="-73.77606">
        <ele>336.0</ele>
        <time>2026-05-17T19:25:40Z</time>
      </trkpt>
      <trkpt lat="44.16108" lon="-73.77607">
        <ele>336.0</ele>
        <time>2026-05-17T19:25:42Z</time>
      </trkpt>
      <trkpt lat="44.1611" lon="-73.77609">
        <ele>336.0</ele>
        <time>2026-05-17T19:25:44Z</time>
      </trkpt>
      <trkpt lat="44.16112" lon="-73.77611">
        <ele>336.0</ele>
        <time>2026-05-17T19:25:46Z</time>
      </trkpt>
      <trkpt lat="44.16115" lon="-73.77612">
        <ele>336.0</ele>
        <time>2026-05-17T19:25:48Z</time>
      </trkpt>
      <trkpt lat="44.16117" lon="-73.77614">
        <ele>336.0</ele>
        <time>2026-05-17T19:25:50Z</time>
      </trkpt>
      <trkpt lat="44.1612" lon="-73.77616">
        <ele>336.0</ele>
        <time>2026-05-17T19:25:52Z</time>
      </trkpt>
      <trkpt lat="44.16122" lon="-73.77618">
        <ele>336.0</ele>
        <time>2026-05-17T19:25:54Z</time>
      </trkpt>
      <trkpt lat="44.16124" lon="-73.7762">
        <ele>336.0</ele>
        <time>2026-05-17T19:25:56Z</time>
      </trkpt>
      <trkpt lat="44.16127" lon="-73.77621">
        <ele>335.93</ele>
        <time>2026-05-17T19:25:58Z</time>
      </trkpt>
      <trkpt lat="44.1613" lon="-73.77624">
        <ele>335.61</ele>
        <time>2026-05-17T19:26:01Z</time>
      </trkpt>
      <trkpt lat="44.16134" lon="-73.77627">
        <ele>335.28</ele>
        <time>2026-05-17T19:26:04Z</time>
      </trkpt>
      <trkpt lat="44.16137" lon="-73.7763">
        <ele>335.0</ele>
        <time>2026-05-17T19:26:07Z</time>
      </trkpt>
      <trkpt lat="44.16141" lon="-73.77633">
        <ele>335.0</ele>
        <time>2026-05-17T19:26:10Z</time>
      </trkpt>
      <trkpt lat="44.16145" lon="-73.77635">
        <ele>335.0</ele>
        <time>2026-05-17T19:26:13Z</time>
      </trkpt>
      <trkpt lat="44.16148" lon="-73.77638">
        <ele>335.0</ele>
        <time>2026-05-17T19:26:16Z</time>
      </trkpt>
      <trkpt lat="44.16151" lon="-73.7764">
        <ele>335.0</ele>
        <time>2026-05-17T19:26:18Z</time>
      </trkpt>
      <trkpt lat="44.16154" lon="-73.77643">
        <ele>335.0</ele>
        <time>2026-05-17T19:26:21Z</time>
      </trkpt>
      <trkpt lat="44.16158" lon="-73.77646">
        <ele>335.0</ele>
        <time>2026-05-17T19:26:24Z</time>
      </trkpt>
      <trkpt lat="44.1616" lon="-73.77648">
        <ele>335.0</ele>
        <time>2026-05-17T19:26:26Z</time>
      </trkpt>
      <trkpt lat="44.16162" lon="-73.7765">
        <ele>334.9</ele>
        <time>2026-05-17T19:26:28Z</time>
      </trkpt>
      <trkpt lat="44.16165" lon="-73.77651">
        <ele>334.94</ele>
        <time>2026-05-17T19:26:30Z</time>
      </trkpt>
      <trkpt lat="44.16167" lon="-73.77653">
        <ele>335.0</ele>
        <time>2026-05-17T19:26:32Z</time>
      </trkpt>
      <trkpt lat="44.16169" lon="-73.77655">
        <ele>335.0</ele>
        <time>2026-05-17T19:26:34Z</time>
      </trkpt>
      <trkpt lat="44.16172" lon="-73.77657">
        <ele>335.0</ele>
        <time>2026-05-17T19:26:36Z</time>
      </trkpt>
      <trkpt lat="44.16174" lon="-73.77659">
        <ele>334.96</ele>
        <time>2026-05-17T19:26:38Z</time>
      </trkpt>
      <trkpt lat="44.16177" lon="-73.77662">
        <ele>335.0</ele>
        <time>2026-05-17T19:26:40Z</time>
      </trkpt>
      <trkpt lat="44.1618" lon="-73.77665">
        <ele>335.0</ele>
        <time>2026-05-17T19:26:43Z</time>
      </trkpt>
      <trkpt lat="44.16184" lon="-73.77668">
        <ele>334.86</ele>
        <time>2026-05-17T19:26:46Z</time>
      </trkpt>
      <trkpt lat="44.16186" lon="-73.7767">
        <ele>334.67</ele>
        <time>2026-05-17T19:26:48Z</time>
      </trkpt>
      <trkpt lat="44.16188" lon="-73.77672">
        <ele>334.6</ele>
        <time>2026-05-17T19:26:50Z</time>
      </trkpt>
      <trkpt lat="44.16191" lon="-73.77674">
        <ele>334.71</ele>
        <time>2026-05-17T19:26:52Z</time>
      </trkpt>
      <trkpt lat="44.16193" lon="-73.77676">
        <ele>334.84</ele>
        <time>2026-05-17T19:26:54Z</time>
      </trkpt>
      <trkpt lat="44.16195" lon="-73.77679">
        <ele>334.69</ele>
        <time>2026-05-17T19:26:56Z</time>
      </trkpt>
      <trkpt lat="44.16195" lon="-73.77683">
        <ele>334.28</ele>
        <time>2026-05-17T19:26:58Z</time>
      </trkpt>
      <trkpt lat="44.16194" lon="-73.7769">
        <ele>334.0</ele>
        <time>2026-05-17T19:27:00Z</time>
      </trkpt>
      <trkpt lat="44.16194" lon="-73.77694">
        <ele>334.0</ele>
        <time>2026-05-17T19:27:02Z</time>
      </trkpt>
      <trkpt lat="44.16197" lon="-73.77699">
        <ele>334.0</ele>
        <time>2026-05-17T19:27:05Z</time>
      </trkpt>
      <trkpt lat="44.162" lon="-73.77702">
        <ele>334.0</ele>
        <time>2026-05-17T19:27:08Z</time>
      </trkpt>
      <trkpt lat="44.16202" lon="-73.77704">
        <ele>334.0</ele>
        <time>2026-05-17T19:27:10Z</time>
      </trkpt>
      <trkpt lat="44.16205" lon="-73.77707">
        <ele>334.0</ele>
        <time>2026-05-17T19:27:13Z</time>
      </trkpt>
      <trkpt lat="44.16208" lon="-73.7771">
        <ele>334.0</ele>
        <time>2026-05-17T19:27:16Z</time>
      </trkpt>
      <trkpt lat="44.16212" lon="-73.77713">
        <ele>334.0</ele>
        <time>2026-05-17T19:27:19Z</time>
      </trkpt>
      <trkpt lat="44.16215" lon="-73.77716">
        <ele>334.0</ele>
        <time>2026-05-17T19:27:22Z</time>
      </trkpt>
      <trkpt lat="44.16218" lon="-73.7772">
        <ele>334.0</ele>
        <time>2026-05-17T19:27:25Z</time>
      </trkpt>
      <trkpt lat="44.16221" lon="-73.77723">
        <ele>334.0</ele>
        <time>2026-05-17T19:27:28Z</time>
      </trkpt>
      <trkpt lat="44.16225" lon="-73.77726">
        <ele>334.0</ele>
        <time>2026-05-17T19:27:31Z</time>
      </trkpt>
      <trkpt lat="44.16227" lon="-73.77728">
        <ele>334.0</ele>
        <time>2026-05-17T19:27:33Z</time>
      </trkpt>
      <trkpt lat="44.16229" lon="-73.77731">
        <ele>334.0</ele>
        <time>2026-05-17T19:27:35Z</time>
      </trkpt>
      <trkpt lat="44.16231" lon="-73.77733">
        <ele>334.0</ele>
        <time>2026-05-17T19:27:37Z</time>
      </trkpt>
      <trkpt lat="44.16234" lon="-73.77735">
        <ele>334.17</ele>
        <time>2026-05-17T19:27:39Z</time>
      </trkpt>
      <trkpt lat="44.16236" lon="-73.77738">
        <ele>334.14</ele>
        <time>2026-05-17T19:27:41Z</time>
      </trkpt>
      <trkpt lat="44.16238" lon="-73.7774">
        <ele>334.06</ele>
        <time>2026-05-17T19:27:43Z</time>
      </trkpt>
      <trkpt lat="44.1624" lon="-73.77742">
        <ele>334.0</ele>
        <time>2026-05-17T19:27:45Z</time>
      </trkpt>
      <trkpt lat="44.16242" lon="-73.77745">
        <ele>334.0</ele>
        <time>2026-05-17T19:27:47Z</time>
      </trkpt>
      <trkpt lat="44.16245" lon="-73.77747">
        <ele>334.0</ele>
        <time>2026-05-17T19:27:49Z</time>
      </trkpt>
      <trkpt lat="44.16247" lon="-73.7775">
        <ele>334.0</ele>
        <time>2026-05-17T19:27:51Z</time>
      </trkpt>
      <trkpt lat="44.16251" lon="-73.77754">
        <ele>334.0</ele>
        <time>2026-05-17T19:27:55Z</time>
      </trkpt>
      <trkpt lat="44.16256" lon="-73.7776">
        <ele>334.0</ele>
        <time>2026-05-17T19:28:00Z</time>
      </trkpt>
      <trkpt lat="44.16262" lon="-73.77767">
        <ele>334.0</ele>
        <time>2026-05-17T19:28:06Z</time>
      </trkpt>
      <trkpt lat="44.16269" lon="-73.77774">
        <ele>334.0</ele>
        <time>2026-05-17T19:28:12Z</time>
      </trkpt>
      <trkpt lat="44.16275" lon="-73.7778">
        <ele>333.76</ele>
        <time>2026-05-17T19:28:18Z</time>
      </trkpt>
      <trkpt lat="44.16282" lon="-73.77787">
        <ele>333.46</ele>
        <time>2026-05-17T19:28:24Z</time>
      </trkpt>
      <trkpt lat="44.16285" lon="-73.7779">
        <ele>333.53</ele>
        <time>2026-05-17T19:28:27Z</time>
      </trkpt>
      <trkpt lat="44.16287" lon="-73.77792">
        <ele>333.46</ele>
        <time>2026-05-17T19:28:29Z</time>
      </trkpt>
      <trkpt lat="44.1629" lon="-73.77795">
        <ele>333.14</ele>
        <time>2026-05-17T19:28:31Z</time>
      </trkpt>
      <trkpt lat="44.16292" lon="-73.77797">
        <ele>332.92</ele>
        <time>2026-05-17T19:28:33Z</time>
      </trkpt>
      <trkpt lat="44.16294" lon="-73.77799">
        <ele>332.71</ele>
        <time>2026-05-17T19:28:35Z</time>
      </trkpt>
      <trkpt lat="44.16296" lon="-73.77801">
        <ele>332.49</ele>
        <time>2026-05-17T19:28:37Z</time>
      </trkpt>
      <trkpt lat="44.16298" lon="-73.77804">
        <ele>332.17</ele>
        <time>2026-05-17T19:28:39Z</time>
      </trkpt>
      <trkpt lat="44.16301" lon="-73.77806">
        <ele>332.0</ele>
        <time>2026-05-17T19:28:41Z</time>
      </trkpt>
      <trkpt lat="44.16303" lon="-73.77808">
        <ele>332.0</ele>
        <time>2026-05-17T19:28:43Z</time>
      </trkpt>
      <trkpt lat="44.16306" lon="-73.77811">
        <ele>332.0</ele>
        <time>2026-05-17T19:28:46Z</time>
      </trkpt>
      <trkpt lat="44.16312" lon="-73.77817">
        <ele>331.76</ele>
        <time>2026-05-17T19:28:52Z</time>
      </trkpt>
      <trkpt lat="44.16316" lon="-73.77822">
        <ele>331.22</ele>
        <time>2026-05-17T19:28:56Z</time>
      </trkpt>
      <trkpt lat="44.1632" lon="-73.77825">
        <ele>330.9</ele>
        <time>2026-05-17T19:28:59Z</time>
      </trkpt>
      <trkpt lat="44.16323" lon="-73.77828">
        <ele>330.58</ele>
        <time>2026-05-17T19:29:02Z</time>
      </trkpt>
      <trkpt lat="44.16326" lon="-73.77832">
        <ele>329.97</ele>
        <time>2026-05-17T19:29:05Z</time>
      </trkpt>
      <trkpt lat="44.16329" lon="-73.77835">
        <ele>328.66</ele>
        <time>2026-05-17T19:29:08Z</time>
      </trkpt>
      <trkpt lat="44.16333" lon="-73.77838">
        <ele>327.0</ele>
        <time>2026-05-17T19:29:11Z</time>
      </trkpt>
      <trkpt lat="44.16336" lon="-73.77841">
        <ele>325.11</ele>
        <time>2026-05-17T19:29:14Z</time>
      </trkpt>
      <trkpt lat="44.16339" lon="-73.77844">
        <ele>323.6</ele>
        <time>2026-05-17T19:29:17Z</time>
      </trkpt>
      <trkpt lat="44.16342" lon="-73.77848">
        <ele>323.02</ele>
        <time>2026-05-17T19:29:20Z</time>
      </trkpt>
      <trkpt lat="44.16346" lon="-73.77851">
        <ele>323.63</ele>
        <time>2026-05-17T19:29:23Z</time>
      </trkpt>
      <trkpt lat="44.16349" lon="-73.77854">
        <ele>325.08</ele>
        <time>2026-05-17T19:29:26Z</time>
      </trkpt>
      <trkpt lat="44.16352" lon="-73.77857">
        <ele>326.7</ele>
        <time>2026-05-17T19:29:29Z</time>
      </trkpt>
      <trkpt lat="44.16355" lon="-73.7786">
        <ele>328.32</ele>
        <time>2026-05-17T19:29:32Z</time>
      </trkpt>
      <trkpt lat="44.16359" lon="-73.77863">
        <ele>330.0</ele>
        <time>2026-05-17T19:29:35Z</time>
      </trkpt>
      <trkpt lat="44.16362" lon="-73.77867">
        <ele>331.31</ele>
        <time>2026-05-17T19:29:38Z</time>
      </trkpt>
      <trkpt lat="44.16365" lon="-73.77868">
        <ele>331.6</ele>
        <time>2026-05-17T19:29:41Z</time>
      </trkpt>
      <trkpt lat="44.16369" lon="-73.77867">
        <ele>331.58</ele>
        <time>2026-05-17T19:29:44Z</time>
      </trkpt>
      <trkpt lat="44.16372" lon="-73.77866">
        <ele>331.53</ele>
        <time>2026-05-17T19:29:47Z</time>
      </trkpt>
      <trkpt lat="44.16376" lon="-73.77867">
        <ele>331.64</ele>
        <time>2026-05-17T19:29:50Z</time>
      </trkpt>
      <trkpt lat="44.16379" lon="-73.77869">
        <ele>331.85</ele>
        <time>2026-05-17T19:29:52Z</time>
      </trkpt>
      <trkpt lat="44.16382" lon="-73.77871">
        <ele>332.07</ele>
        <time>2026-05-17T19:29:54Z</time>
      </trkpt>
      <trkpt lat="44.16386" lon="-73.77873">
        <ele>332.28</ele>
        <time>2026-05-17T19:29:57Z</time>
      </trkpt>
      <trkpt lat="44.16389" lon="-73.77877">
        <ele>332.72</ele>
        <time>2026-05-17T19:30:00Z</time>
      </trkpt>
      <trkpt lat="44.16393" lon="-73.7788">
        <ele>333.06</ele>
        <time>2026-05-17T19:30:03Z</time>
      </trkpt>
      <trkpt lat="44.16395" lon="-73.77882">
        <ele>333.34</ele>
        <time>2026-05-17T19:30:05Z</time>
      </trkpt>
      <trkpt lat="44.16398" lon="-73.77885">
        <ele>333.59</ele>
        <time>2026-05-17T19:30:08Z</time>
      </trkpt>
      <trkpt lat="44.164" lon="-73.77888">
        <ele>333.9</ele>
        <time>2026-05-17T19:30:10Z</time>
      </trkpt>
      <trkpt lat="44.16403" lon="-73.7789">
        <ele>334.18</ele>
        <time>2026-05-17T19:30:12Z</time>
      </trkpt>
      <trkpt lat="44.16406" lon="-73.77893">
        <ele>334.51</ele>
        <time>2026-05-17T19:30:15Z</time>
      </trkpt>
      <trkpt lat="44.16409" lon="-73.77896">
        <ele>334.77</ele>
        <time>2026-05-17T19:30:18Z</time>
      </trkpt>
      <trkpt lat="44.16412" lon="-73.77899">
        <ele>335.09</ele>
        <time>2026-05-17T19:30:21Z</time>
      </trkpt>
      <trkpt lat="44.16416" lon="-73.77902">
        <ele>335.42</ele>
        <time>2026-05-17T19:30:24Z</time>
      </trkpt>
      <trkpt lat="44.16419" lon="-73.77905">
        <ele>335.67</ele>
        <time>2026-05-17T19:30:27Z</time>
      </trkpt>
      <trkpt lat="44.16422" lon="-73.77908">
        <ele>336.06</ele>
        <time>2026-05-17T19:30:30Z</time>
      </trkpt>
      <trkpt lat="44.16426" lon="-73.77911">
        <ele>336.38</ele>
        <time>2026-05-17T19:30:33Z</time>
      </trkpt>
      <trkpt lat="44.16433" lon="-73.77916">
        <ele>336.16</ele>
        <time>2026-05-17T19:30:39Z</time>
      </trkpt>
      <trkpt lat="44.16438" lon="-73.77919">
        <ele>336.25</ele>
        <time>2026-05-17T19:30:44Z</time>
      </trkpt>
      <trkpt lat="44.16442" lon="-73.77916">
        <ele>335.93</ele>
        <time>2026-05-17T19:30:47Z</time>
      </trkpt>
      <trkpt lat="44.16444" lon="-73.77913">
        <ele>335.6</ele>
        <time>2026-05-17T19:30:49Z</time>
      </trkpt>
    </trkseg>
  </trk>
</gpx>
